detour_error,direction_error,endpoint_error,eval,feature_loss,feature_rmse,flow_boundness_abs_error,flow_boundness_error,flow_boundness_target,flow_boundness_value,joint_limit_error,joint_preservation_error,log_speed_range,max_dev_error,nearest_path_max_dist,nearest_path_mse,out_of_range_error,path_length_error,path_length_ratio,pointwise_cart_mse,ref_path_length,shape_arcness_abs_error,shape_arcness_error,shape_arcness_target,shape_arcness_value,smoothness_error,space_indirectness_abs_error,space_indirectness_error,space_indirectness_target,space_indirectness_value,spatial_coeff_error,spatial_path_length,spatial_path_length_error,spatial_path_length_ratio,time_abs_error,time_error,time_roughness,time_target,time_value,time_warp_deviation,timing_coeff_error,total_loss,valid_candidate,var_path_length,weight_abs_error,weight_error,weight_target,weight_value,weighted_detour,weighted_direction,weighted_endpoint,weighted_feature_loss,weighted_feature_rmse,weighted_joint_limits,weighted_joint_preservation,weighted_max_deviation,weighted_nearest_path,weighted_out_of_range,weighted_path_length,weighted_smoothness,weighted_spatial_coefficients,weighted_time_roughness,weighted_time_warp,weighted_timing_coefficients,weighted_total_loss
0.01048030100088169,0.0,0.015562393247007044,25,0.9307343132662017,0.930734314196936,0.756143172476006,0.756143172476006,0.20509144471803456,0.9612346171940406,0.0,0.008460699871605155,3.4855326233263533,0.00018475310164421535,0.09359239131441614,0.0019455384946477018,0.48566785396239515,0.2523789740094492,1.5023733412607094,0.014947646813810594,0.71607191035249,0.46475116048173104,-0.46475116048173104,0.5732413737015267,0.10849021321979567,0.6308487306857347,0.449435980089846,0.449435980089846,0.44237110641012023,0.8918070864999662,0.19721059456257112,1.0778194204677423,0.2552100598638891,1.5051831943601144,1.7169778981213883,1.7169778981213883,6.116573168254988e-05,0.8113622064706193,2.5283401045920075,5.310592078170161e-05,0.22613529352753772,2.675926676995428,True,1.075807363562943,0.6273594478688818,0.6273594478688818,0.6768046435483457,1.3041640914172274,0.04192120400352676,0.0,0.003112478649401409,0.9307343132662017,0.9307343132662017,0.0,0.004230349935802577,0.0011085186098652921,0.023346461935772424,0.12141696349059879,1.5142738440566952,0.03154243653428673,0.001972105945625711,6.116573168254988e-06,5.310592078170161e-07,0.0022613529352753774,2.675926676995428
0.0,0.0,0.02199536000084871,50,0.22507255715784721,0.22507255738291979,0.008865233044982407,-0.008865233044982407,0.20509144471803456,0.19622621167305215,0.0,0.014389143954748862,3.708057719302485,0.0,0.039204895264492036,0.00025766036151660056,0.0,0.15472045274780025,0.6066547918840243,0.0031515840848975497,0.71607191035249,0.013061110416028754,-0.013061110416028754,0.5732413737015267,0.560180263285498,0.14928442515103738,0.30442554698569935,-0.30442554698569935,0.44237110641012023,0.1379455594244209,0.26312865764788074,0.4347360639960208,0.15436075198197333,0.6071122908743857,0.14583052340909486,-0.14583052340909486,3.229293809754085e-05,0.8113622064706193,0.6655316830615244,2.5869800460095006e-05,0.5185569111424521,1.1833654068976616,True,0.4344084618154334,0.37295796044176915,-0.37295796044176915,0.6768046435483457,0.30384668310657653,0.0,0.0,0.004399072000169742,0.22507255715784721,0.22507255715784721,0.0,0.007194571977374431,0.0,0.0030919243381992067,0.0,0.9283227164868015,0.007464221257551869,0.0026312865764788074,3.2292938097540855e-06,2.5869800460095004e-07,0.005185569111424521,1.1833654068976616
0.0,0.0,0.0223814043769918,75,0.28758180863232047,0.2875818089199023,0.26066886672397627,0.26066886672397627,0.20509144471803456,0.46576031144201085,0.0,0.014410298889702388,3.0224369226735277,0.0,0.04896785598205621,0.0005254037457997579,0.0013189832800558723,0.051775184651571986,1.2275416108134334,0.010821551917038258,0.71607191035249,0.41181683239253153,-0.41181683239253153,0.5732413737015267,0.16142454130899517,0.2142583806614833,0.3193513199863255,0.3193513199863255,0.44237110641012023,0.7617224263964457,0.24805557848194196,0.8799222183553346,0.05235777511709814,1.2288182141288104,0.26984688415524205,0.26984688415524205,2.011623140381417e-05,0.8113622064706193,1.0812090906258613,2.0067395326226113e-05,0.1953402314643277,0.6316980270612435,True,0.8790080785677641,0.034242022748873335,0.034242022748873335,0.6768046435483457,0.711046666297219,0.0,0.0,0.00447628087539836,0.28758180863232047,0.28758180863232047,0.0,0.007205149444851194,0.0,0.006304844949597095,0.00032974582001396807,0.3106511079094319,0.010712919033074166,0.0024805557848194197,2.011623140381417e-06,2.0067395326226115e-07,0.001953402314643277,0.6316980270612435
0.0,0.0,0.026954041637994103,100,1.5516169620493105,1.5516169636009276,0.9929790697225911,0.9929790697225911,0.20509144471803456,1.1980705144406256,0.0,0.014436529018939246,4.344101292140316,0.0,0.07781593674990127,0.00022176565160299272,1.8786812032115947,0.02922720766571228,0.8290403332194629,0.006516853526846405,0.71607191035249,0.0229126189861093,-0.0229126189861093,0.5732413737015267,0.5503287547154174,1.0211291146169958,0.06143286006523452,0.06143286006523452,0.44237110641012023,0.5038039664753547,0.36125417676256216,0.595620126923391,0.02829523163599936,0.8317881346753465,3.1751367925062266,3.1751367925062266,0.00026990402412660795,0.8113622064706193,3.986498998976846,9.804573069605871e-05,0.3816110736650468,2.2704338485976336,True,0.593652503458129,0.9827389990390845,0.9827389990390845,0.6768046435483457,1.6595436425874301,0.0,0.0,0.005390808327598821,1.5516169620493105,1.5516169620493105,0.0,0.007218264509469623,0.0,0.0026611878192359124,0.4696703008028987,0.17536324599427366,0.0510564557308498,0.003612541767625622,2.6990402412660795e-05,9.804573069605871e-07,0.0038161107366504682,2.2704338485976336
0.0,0.0,0.021182388050117153,125,0.491413666814499,0.4914136673059126,0.3290644141673833,0.3290644141673833,0.20509144471803456,0.5341558588854178,0.0,0.014713149188518893,2.7288578144708735,0.0,0.05823961695649393,0.0005837528679884255,0.0888072169570591,0.08668365466436584,1.2944208801433177,0.012295895456349392,0.71607191035249,0.4196891346944799,-0.4196891346944799,0.5732413737015267,0.15355223900704681,0.2985009816803689,0.02937210725111683,0.02937210725111683,0.44237110641012023,0.47174321366123706,0.2689953275800052,0.9278317106461137,0.08745279792691107,1.2957241923260778,0.8394352133436699,0.8394352133436699,8.429525841422273e-06,0.8113622064706193,1.6507974198142892,2.4803831330223048e-05,0.1530296389715711,1.0714618754005345,True,0.9268984453885858,0.46636938743618517,0.46636938743618517,0.6768046435483457,1.1431740309845309,0.0,0.0,0.004236477610023431,0.491413666814499,0.491413666814499,0.0,0.007356574594259447,0.0,0.007005034415861106,0.022201804239264777,0.520101927986195,0.014925049084018448,0.002689953275800052,8.429525841422274e-07,2.4803831330223047e-07,0.001530296389715711,1.0714618754005345
0.0,0.0,0.025078374305598363,150,0.6472683554473546,0.647268356094623,0.41626791285182607,0.41626791285182607,0.20509144471803456,0.6213593575698606,0.0,0.00424984216175316,4.167409289964569,0.0,0.01909448735765327,6.585307493395177e-05,0.18948410381103228,0.06769648082927068,1.2601854739013512,0.00819130839247439,0.71607191035249,0.5044879598668992,-0.5044879598668992,0.5732413737015267,0.06875341383462753,0.3418962437861963,0.2780549032762425,0.2780549032762425,0.44237110641012023,0.7204260096863627,0.08139809242287041,0.9035050512627649,0.0685140171062067,1.2617518235012064,1.135841474872973,1.135841474872973,3.375782960978504e-05,0.8113622064706193,1.9472036813435922,3.377078312486759e-05,0.4526004937464382,1.1311876107587355,True,0.9023834322968531,0.5473062778818871,0.5473062778818871,0.6768046435483457,1.2241109214302328,0.0,0.0,0.005015674861119673,0.6472683554473546,0.6472683554473546,0.0,0.00212492108087658,0.0,0.0007902368992074211,0.04737102595275807,0.4061788849756241,0.017094812189309815,0.0008139809242287042,3.3757829609785043e-06,3.377078312486759e-07,0.004526004937464382,1.1311876107587355
0.0,0.0,0.01297506998792492,175,0.2535011293852879,0.253501129638789,0.00042913864750884767,-0.00042913864750884767,0.20509144471803456,0.2046623060705257,0.0,0.014561891706232944,2.4809080417469334,0.0,0.036908297885988525,0.00020572099312731097,0.0,0.04442051152308817,0.789238258872517,0.0082917233311359,0.71607191035249,0.13109755976430026,-0.13109755976430026,0.5732413737015267,0.44214381393722646,0.163524423292397,0.02793028912681017,-0.02793028912681017,0.44237110641012023,0.41444081728331006,0.30931946542061445,0.5655306729345287,0.04419750290089272,0.7897679784122011,0.2852112333831832,-0.2852112333831832,7.768494984868134e-06,0.8113622064706193,0.5261509730874361,1.319058638332676e-05,0.19397241612181618,0.5455788590274524,True,0.5651513556464989,0.4711706809701913,-0.4711706809701913,0.6768046435483457,0.20563396257815433,0.0,0.0,0.002595013997584984,0.2535011293852879,0.2535011293852879,0.0,0.007280945853116472,0.0,0.0024686519175277314,0.0,0.266523069138529,0.00817622116461985,0.0030931946542061446,7.768494984868134e-07,1.319058638332676e-07,0.0019397241612181617,0.5455788590274524
0.0,0.0,0.02029026911405052,200,0.8319634993731875,0.831963500205151,0.6368688883404787,0.6368688883404787,0.20509144471803456,0.8419603330585133,0.0,0.014912422502135836,3.7455910536182224,0.0,0.020963747018852744,0.00024247740550610147,0.4090013659354626,0.0026956176307881734,1.0519193377344913,0.005766242013883873,0.71607191035249,0.2757221642363652,-0.2757221642363652,0.5732413737015267,0.2975192094651615,0.6967497165953549,0.4760339198527278,0.4760339198527278,0.44237110641012023,0.918405026262848,0.21751844887294175,0.7556132100566794,0.0030492172860135725,1.0552197182717693,1.618006148240604,1.618006148240604,0.00012511608428541885,0.8113622064706193,2.4293683547112233,6.0893306492773464e-05,0.2541861069909397,1.0043791925116337,True,0.7532499002274567,0.3669324828712497,0.3669324828712497,0.6768046435483457,1.0437371264195954,0.0,0.0,0.004058053822810104,0.8319634993731875,0.8319634993731875,0.0,0.007456211251067918,0.0,0.002909728866073218,0.10225034148386565,0.016173705784729042,0.03483748582976775,0.0021751844887294178,1.2511608428541885e-05,6.089330649277346e-07,0.0025418610699093967,1.0043791925116337
0.0,0.0,0.007284644246252113,225,0.17646528769186048,0.17646528786832577,0.022060964690956752,0.022060964690956752,0.20509144471803456,0.2271524094089913,0.0,0.012503195498393405,1.4993614282173953,0.0,0.03583480893609364,0.00023214007040503717,0.0,0.0027232131065871314,1.0521844144030297,0.007397374098310236,0.71607191035249,0.29843733990991395,-0.29843733990991395,0.5732413737015267,0.2748040337916128,0.15449460556936656,0.09811864294173295,-0.09811864294173295,0.44237110641012023,0.3442524634683873,0.23960564707640053,0.7539490896337999,0.0027979615500198086,1.0528957611725156,0.0906335690098311,-0.0906335690098311,5.7099280585149716e-06,0.8113622064706193,0.7207286374607882,8.391635345958942e-06,0.1269526493899879,0.21468974192698234,True,0.7534397141865375,0.2197879550213504,-0.2197879550213504,0.6768046435483457,0.4570166885269953,0.0,0.0,0.0014569288492504227,0.17646528769186048,0.17646528769186048,0.0,0.006251597749196702,0.0,0.002785680844860446,0.0,0.016339278639522788,0.007724730278468328,0.002396056470764005,5.709928058514972e-07,8.391635345958943e-08,0.001269526493899879,0.21468974192698234
0.0,0.0,0.03685818604432726,250,0.22533700193769507,0.22533700216303207,0.05994512646109726,0.05994512646109726,0.20509144471803456,0.2650365711791318,0.0,0.01660999162946926,2.771872745458488,0.0,0.03572312183353129,0.00037588110866260615,0.0,0.09352771349238732,0.6941769899232771,0.005296412027074005,0.71607191035249,0.10182720994065902,-0.10182720994065902,0.5732413737015267,0.4714141637608677,0.2124302804157764,0.26702349851861795,-0.26702349851861795,0.44237110641012023,0.1753476078915023,0.28031027303512507,0.49750976993635365,0.09316153212211854,0.6947762589146799,0.08896010491656947,0.08896010491656947,2.249244639006956e-05,0.8113622064706193,0.9003223113871888,2.1512797934816545e-05,0.14720651300968998,0.8215896354734256,True,0.49708065023887216,0.40088174667910015,-0.40088174667910015,0.6768046435483457,0.27592289686924554,0.0,0.0,0.007371637208865452,0.22533700193769507,0.22533700193769507,0.0,0.00830499581473463,0.0,0.004510573303951274,0.0,0.561166280954324,0.01062151402078882,0.002803102730351251,2.249244639006956e-06,2.1512797934816545e-07,0.0014720651300968999,0.8215896354734256
0.0,0.0,0.031095046223297076,275,0.2186697217643311,0.21866972198300083,0.0647576512856736,0.0647576512856736,0.20509144471803456,0.26984909600370816,0.0,0.012429883111211324,1.6506559718713054,0.0,0.05693764849522896,0.0006775205009210163,0.0,0.03970263713499512,1.1992552060423896,0.009192132609571142,0.71607191035249,0.43164855133934976,-0.43164855133934976,0.5732413737015267,0.14159282236217696,0.17814294975862513,0.04241746274625963,-0.04241746274625963,0.44237110641012023,0.3999536436638606,0.3229295236562974,0.8592646273802869,0.03998789205298636,1.199969727841457,0.17877042460475323,-0.17877042460475323,1.2280397918288491e-05,0.8113622064706193,0.6325917818658661,8.816270506622864e-06,0.0707460075226821,0.4902949603878371,True,0.858752978383495,0.12169677657203637,-0.12169677657203637,0.6768046435483457,0.5551078669763093,0.0,0.0,0.006219009244659415,0.2186697217643311,0.2186697217643311,0.0,0.006214941555605662,0.0,0.008130246011052195,0.0,0.23821582280997072,0.008907147487931257,0.003229295236562974,1.2280397918288492e-06,8.816270506622864e-08,0.0007074600752268211,0.4902949603878371
0.0,0.0,0.0033518093917380143,300,0.5836505724516062,0.5836505730352569,0.4058304956804084,0.4058304956804084,0.20509144471803456,0.6109219403984429,0.0,0.012759066378284162,2.8538594734476423,0.0,0.05073547999550846,0.0002308460682792167,0.157390027405569,0.03133100134006231,1.1770056534127153,0.006828016185146368,0.71607191035249,0.37554674137344446,-0.37554674137344446,0.5732413737015267,0.19769463232808224,0.37387040155577034,0.22617890556254217,0.22617890556254217,0.44237110641012023,0.6685500119726624,0.22387260709926649,0.8440179324137596,0.031925684694497754,1.1786775998677443,1.0650606167962442,1.0650606167962442,1.0729697739447095e-05,0.8113622064706193,1.8764228232668636,3.485719165183134e-05,0.20086666684319884,0.843746469589116,True,0.8428206985049803,0.46042936056428285,0.46042936056428285,0.6768046435483457,1.1372340041126285,0.0,0.0,0.0006703618783476029,0.5836505724516062,0.5836505724516062,0.0,0.006379533189142081,0.0,0.0027701528193506,0.03934750685139225,0.18798600804037385,0.018693520077788517,0.0022387260709926648,1.0729697739447095e-06,3.4857191651831346e-07,0.0020086666684319887,0.843746469589116
0.0,0.0,0.026697585228787863,325,0.20292509343487697,0.20292509363780206,0.17959263789654076,0.17959263789654076,0.20509144471803456,0.3846840826145753,0.0,0.01396288215759918,2.742105728569629,0.0,0.04699526084495241,0.00026153493842460257,0.0049098064767731054,0.03947433498556472,1.198681491300938,0.007182941430212969,0.71607191035249,0.10775815334546451,-0.10775815334546451,0.5732413737015267,0.4654832203560622,0.25259026288447894,0.19904264757505885,0.19904264757505885,0.44237110641012023,0.6414137539851791,0.3392449249170285,0.8591379101943442,0.03991714946852785,1.1997927663068106,0.34531910187171466,0.34531910187171466,1.0587726715114645e-05,0.8113622064706193,1.156681308342334,1.574852576976711e-05,0.15101394382583783,0.4739912504426928,True,0.8583421573668493,0.056252780102980515,0.056252780102980515,0.6768046435483457,0.7330574236513262,0.0,0.0,0.005339517045757573,0.20292509343487697,0.20292509343487697,0.0,0.00698144107879959,0.0,0.003138419261095231,0.0012274516191932764,0.23684600991338833,0.012629513144223947,0.003392449249170285,1.0587726715114645e-06,1.574852576976711e-07,0.0015101394382583783,0.4739912504426928
0.0,0.0,0.04456360689416036,350,0.3384067517332319,0.3384067520716387,0.03443883337983805,0.03443883337983805,0.20509144471803456,0.2395302780978726,0.0,0.010981400912877077,3.1686520273076937,0.0,0.024075719404081347,0.00011456461566707126,0.004026201126907811,0.3743049894357081,0.388195301231097,0.004308030585457529,0.71607191035249,0.568642401391114,0.568642401391114,0.5732413737015267,1.1418837750926407,0.18350458735988096,0.061813617434705315,-0.061813617434705315,0.44237110641012023,0.3805574889754149,0.28987046371704683,0.27822883052083414,0.3738726636467394,0.3885487234073843,0.05199647531591811,-0.05199647531591811,7.184155637157792e-05,0.8113622064706193,0.7593657311547012,2.3208421976349095e-05,0.2912808125902201,2.6160155942234065,True,0.277975754824365,0.49145791130911454,-0.49145791130911454,0.6768046435483457,0.18534673223923115,0.0,0.0,0.008912721378832074,0.3384067517332319,0.3384067517332319,0.0,0.005490700456438538,0.0,0.0013747753880048552,0.0010065502817269527,2.245829936614249,0.009175229367994048,0.0028987046371704685,7.184155637157793e-06,2.3208421976349096e-07,0.002912808125902201,2.6160155942234065
0.0,0.0,0.009129291606761817,375,0.2116008959350295,0.2116008961466304,0.11662080270839434,0.11662080270839434,0.20509144471803456,0.3217122474264289,0.0,0.011395882907100703,2.5216822572272184,0.0,0.041519293933903606,0.0002972025470448666,0.000651984910469145,0.0061262534445664625,0.9217296132335705,0.007750637108731871,0.71607191035249,0.2704364249542244,-0.2704364249542244,0.5732413737015267,0.30280494874730235,0.23085108072169677,0.1902891183724365,-0.1902891183724365,0.44237110641012023,0.2520819880376837,0.2228154824086872,0.6605933101156553,0.006002578644391225,0.9225236897859015,0.24573354251602353,0.24573354251602353,1.0639279234110517e-05,0.8113622064706193,1.0570957489866428,1.785516932683015e-05,0.14192879832060917,0.27480288249248125,True,0.6600246941939207,0.20135417104068087,-0.20135417104068087,0.6768046435483457,0.4754504725076648,0.0,0.0,0.0018258583213523636,0.2116008959350295,0.2116008959350295,0.0,0.0056979414535503516,0.0,0.0035664305645383993,0.00016299622761728626,0.03675752066739878,0.01154255403608484,0.002228154824086872,1.0639279234110518e-06,1.785516932683015e-07,0.0014192879832060918,0.27480288249248125
0.0,0.0,0.021059418066443302,400,0.15595720862328388,0.1559572087792411,0.01830071612316378,0.01830071612316378,0.20509144471803456,0.22339216084119834,0.0,0.00897165144003055,1.6670179732795258,0.0,0.02688833478069501,7.125303125567553e-05,0.0,0.0010150679128826555,0.9681398695407151,0.002357428807690802,0.71607191035249,0.23454975895035673,-0.23454975895035673,0.5732413737015267,0.33869161475117,0.151254094903169,0.09724808301681576,0.09724808301681576,0.44237110641012023,0.539619189426936,0.15986195356685923,0.6937479243312468,0.000971920147870787,0.9688243661191823,0.11182959080985666,0.11182959080985666,6.739253660953926e-06,0.8113622064706193,0.923191797280476,1.0091426476760306e-05,0.05828890285072852,0.18134534995791707,True,0.693257775551829,0.21047969542362616,-0.21047969542362616,0.6768046435483457,0.46632494812471953,0.0,0.0,0.004211883613288661,0.15595720862328388,0.15595720862328388,0.0,0.004485825720015275,0.0,0.0008550363750681063,0.0,0.006090407477295933,0.00756270474515845,0.0015986195356685923,6.739253660953927e-07,1.0091426476760307e-07,0.0005828890285072852,0.18134534995791707
0.0,0.0,0.014315601872943692,425,0.5571217969221572,0.557121797479279,0.3053672284619092,0.3053672284619092,0.20509144471803456,0.5104586731799438,0.0,0.008222737587079981,2.1613812132335637,0.0,0.028542609485155877,8.632643753063856e-05,0.12711437509830445,0.03534418719092975,1.1880004978475582,0.0038710951455838416,0.71607191035249,0.3260173499190117,-0.3260173499190117,0.5732413737015267,0.247224023782515,0.2952656734427613,0.17079095877984618,0.17079095877984618,0.44237110641012023,0.6131620651899664,0.22655533001579248,0.8520262814038618,0.036047321382744954,1.1898613214500124,0.8308933588318107,0.8308933588318107,1.681447703398485e-05,0.8113622064706193,1.64225556530243,2.398453836171031e-05,0.10166921052944777,0.8270233706314857,True,0.8506937978734153,0.7955084563436416,0.7955084563436416,0.6768046435483457,1.4723130998919873,0.0,0.0,0.0028631203745887387,0.5571217969221572,0.5571217969221572,0.0,0.0041113687935399905,0.0,0.0010359172503676627,0.03177859377457611,0.21206512314557852,0.014763283672138064,0.002265553300157925,1.681447703398485e-06,2.398453836171031e-07,0.0010166921052944778,0.8270233706314857
0.0,0.0,0.0212044546386033,450,1.0841156098326203,1.084115610916736,0.6400466134491863,0.6400466134491863,0.20509144471803456,0.8451380581672209,0.0,0.006813392584835383,4.208798695991474,0.0,0.07556918896945647,0.00026409770795313636,0.728178250298581,0.009844859338847003,1.0992212645497275,0.004136256352952619,0.71607191035249,0.4483317749316807,-0.4483317749316807,0.5732413737015267,0.12490959876984604,0.4516000334227457,0.4765235049748482,0.4765235049748482,0.44237110641012023,0.9188946113849684,0.15260586007683577,0.7889637009333411,0.010362005789935366,1.1017939378840182,1.8161273328650807,1.8161273328650807,5.219216984755728e-05,0.8113622064706193,2.6274895393357,5.078793550103359e-05,0.34698803852652343,1.3636277559094345,True,0.7871214817984158,1.3192721862422967,1.3192721862422967,0.6768046435483457,1.9960768297906424,0.0,0.0,0.0042408909277206605,1.0841156098326203,1.0841156098326203,0.0,0.0034066962924176915,0.0,0.0031691724954376363,0.18204456257464524,0.05906915603308202,0.022580001671137287,0.0015260586007683576,5.2192169847557284e-06,5.078793550103359e-07,0.0034698803852652345,1.3636277559094345
0.0,0.0,0.006255346873224774,475,0.4433333145240649,0.44333331496739825,0.23534762837600073,0.23534762837600073,0.20509144471803456,0.4404390730940353,0.0,0.005091825663477994,2.8232868014690085,0.0,0.010391671980440007,1.9528540173039084e-05,0.1011861415439381,0.06338092588614522,0.7482443131006864,0.005656998830832158,0.71607191035249,0.11812231069150902,-0.11812231069150902,0.5732413737015267,0.4551190630100177,0.36072533437822485,0.24503841055346187,0.24503841055346187,0.44237110641012023,0.6874095169635821,0.08514155870903088,0.5365694393504732,0.06283876244532435,0.749323390709615,0.8999258559342621,0.8999258559342621,7.256881406038502e-05,0.8113622064706193,1.7112880624048814,3.670089949949581e-05,0.39335620695292417,0.875775598181313,True,0.5357967421748383,0.2084955287506685,-0.2084955287506685,0.6768046435483457,0.4683091147976772,0.0,0.0,0.0012510693746449549,0.4433333145240649,0.4433333145240649,0.0,0.002545912831738997,0.0,0.000234342482076469,0.025296535385984524,0.3802855553168713,0.018036266718911242,0.0008514155870903089,7.256881406038502e-06,3.670089949949581e-07,0.0039335620695292416,0.875775598181313
0.0,0.0,0.029990333445967247,500,0.24786613992675374,0.2478661401746199,0.01582767073430555,-0.01582767073430555,0.20509144471803456,0.189263773983729,0.0,0.023830404554558753,2.4684116108813323,0.0,0.05163912436884368,0.0003621755424528804,0.0,0.043812653371425904,0.7906852767447404,0.002830327387244193,0.71607191035249,0.19632682851595057,-0.19632682851595057,0.5732413737015267,0.37691454518557616,0.097537555817626,0.15113372542135384,-0.15113372542135384,0.44237110641012023,0.2912373809887664,0.4117257644398892,0.5666353375778881,0.04355124431555175,0.7913106511688923,0.09735731021640082,-0.09735731021640082,1.6073506729867102e-05,0.8113622064706193,0.7140048962542185,1.2879026484769508e-05,0.1274152111689576,0.5432714593191241,True,0.5661875245130463,0.4858739853676124,-0.4858739853676124,0.6768046435483457,0.19093065818073332,0.0,0.0,0.0059980666891934495,0.24786613992675374,0.24786613992675374,0.0,0.011915202277279376,0.0,0.004346106509434565,0.0,0.26287592022855544,0.0048768777908813005,0.004117257644398892,1.6073506729867102e-06,1.2879026484769507e-07,0.001274152111689576,0.5432714593191241
0.0,0.0,0.025240292001695638,525,0.39361530486249274,0.39361530525610805,0.24251383643753818,0.24251383643753818,0.20509144471803456,0.44760528115557274,0.0,0.02460887042694824,2.1976581815919443,0.0,0.07172180331086195,0.0004045661772910946,0.05284937766917023,0.002033474187583704,0.9549059406619486,0.005926143634963176,0.71607191035249,0.27269380823775724,-0.27269380823775724,0.5732413737015267,0.3005475654637695,0.30007440981180766,0.03995428317258248,-0.03995428317258248,0.44237110641012023,0.40241682323753775,0.46903058384479585,0.6843997482267539,0.001956331330536239,0.9557695655624293,0.6982989011415465,0.6982989011415465,2.2543372907817002e-05,0.8113622064706193,1.5096611076121658,2.3277701106484895e-05,0.09593235704299383,0.4618916191603641,True,0.6837813306858024,0.3902210510276267,0.3902210510276267,0.6768046435483457,1.0670256945759724,0.0,0.0,0.0050480584003391275,0.39361530486249274,0.39361530486249274,0.0,0.01230443521347412,0.0,0.004854794127493135,0.013212344417292557,0.012200845125502225,0.015003720490590384,0.004690305838447958,2.2543372907817e-06,2.3277701106484896e-07,0.0009593235704299383,0.4618916191603641
0.0,0.0,0.03025763927566714,550,0.7768635727942091,0.7768635735710727,0.5271970293446049,0.5271970293446049,0.20509144471803456,0.7322884740626394,0.0,0.00948373780028534,3.90115061876349,0.0,0.05760731372874053,0.0006945637086161916,0.39286072240697706,0.01740886550205408,1.1319426599021487,0.009201431585602405,0.71607191035249,0.42626441799811887,-0.42626441799811887,0.5732413737015267,0.14697695570340788,0.6237351428957879,0.11765221894714628,-0.11765221894714628,0.44237110641012023,0.32471888746297395,0.21061225685165602,0.8119497270997565,0.017927630551977387,1.1338941020059412,1.5901739550446252,1.5901739550446252,0.00013008999449405607,0.8113622064706193,2.4015361615152444,4.832219775134525e-05,0.2505286689693786,1.0344717662913752,True,0.8105523542050371,0.12430505211608989,0.12430505211608989,0.6768046435483457,0.8011096956644356,0.0,0.0,0.006051527855133429,0.7768635727942091,0.7768635727942091,0.0,0.00474186890014267,0.0,0.0083347645033943,0.09821518060174426,0.10445319301232449,0.031186757144789398,0.0021061225685165604,1.3008999449405608e-05,4.832219775134525e-07,0.002505286689693786,1.0344717662913752
0.0,0.0,0.032996693915984025,575,0.37026228938086914,0.3702622897511314,0.21189337095278113,0.21189337095278113,0.20509144471803456,0.4169848156708157,0.0,0.010226680461582375,2.934758489048313,0.0,0.03687869067495115,0.0001678930868123655,0.029003345549857663,0.04972536177569181,1.2229918423971868,0.011246133262466812,0.71607191035249,0.41234372723691187,-0.41234372723691187,0.5732413737015267,0.16089764646461485,0.2410104682584924,0.33098850672040914,0.33098850672040914,0.44237110641012023,0.7733596131305294,0.27030033125285935,0.8764545493229159,0.05016506374418801,1.2239755873844023,0.5694484128000207,0.5694484128000207,6.952425098074917e-06,0.8113622064706193,1.38081061927064,2.2247411296655092e-05,0.18504897669333467,0.7061976266872302,True,0.8757501171607833,0.19162405796747772,0.19162405796747772,0.6768046435483457,0.8684287015158234,0.0,0.0,0.006599338783196806,0.37026228938086914,0.37026228938086914,0.0,0.0051133402307911874,0.0,0.002014717041748386,0.007250836387464416,0.29835217065415087,0.01205052341292462,0.0027030033125285935,6.952425098074917e-07,2.2247411296655093e-07,0.0018504897669333468,0.7061976266872302
0.02904962560869923,0.0,0.0360346737322523,600,1.205512566339307,1.2055125675448195,0.8951785242960033,0.8951785242960033,0.20509144471803456,1.1002699690140378,0.0,0.011017272723196015,3.4945853809148675,0.0007372699570593124,0.10715271546382263,0.0019499305913327815,0.9005503618452149,0.3254012313549004,1.5704395071827515,0.01764984740647821,0.71607191035249,0.533598834594027,-0.533598834594027,0.5732413737015267,0.039642539107499764,0.7074165231873475,0.21063867895131327,0.21063867895131327,0.44237110641012023,0.6530097853614335,0.3254093211003738,1.1272330053660502,0.32969375367243264,1.5741896495692278,1.78627975251191,1.78627975251191,9.093140288057965e-05,0.8113622064706193,2.5976419589825293,6.0836140670980254e-05,0.24348426092091663,3.5808638687924828,True,1.124547633705771,1.7161195874988653,1.7161195874988653,0.6768046435483457,2.392924231047211,0.11619850243479692,0.0,0.0072069347464504595,1.205512566339307,1.205512566339307,0.0,0.0055086363615980075,0.004423619742355874,0.02339916709599338,0.22513759046130372,1.9524073881294024,0.035370826159367375,0.003254093211003738,9.093140288057966e-06,6.083614067098025e-07,0.002434842609209166,3.5808638687924828
0.0,0.0,0.025750215572417804,625,0.2480685950465396,0.2480685952946082,0.10930854383692787,0.10930854383692787,0.20509144471803456,0.31439998855496243,0.0,0.015161550538188984,2.851059856519835,0.0,0.037881027483632,0.00014549253093657354,8.033053213120252e-05,0.05695049699566439,0.7613569674269446,0.005113210260664604,0.71607191035249,0.23602208746369624,-0.23602208746369624,0.5732413737015267,0.3372192862378305,0.19566261871328966,0.4013298097156604,-0.4013298097156604,0.44237110641012023,0.04104129669445985,0.25997605625128395,0.5456296286568518,0.05665541721372467,0.7619760154654059,0.20867906745735276,0.20867906745735276,3.3651711758839306e-05,0.8113622064706193,1.020041273927972,2.2245235437503807e-05,0.1383190321115345,0.6180380578511987,True,0.5451863457391604,0.18820942316858574,-0.18820942316858574,0.6768046435483457,0.48859522037975994,0.0,0.0,0.0051500431144835615,0.2480685950465396,0.2480685950465396,0.0,0.007580775269094492,0.0,0.0017459103712388823,2.008263303280063e-05,0.3417029819739863,0.009783130935664484,0.0025997605625128397,3.3651711758839307e-06,2.2245235437503808e-07,0.001383190321115345,0.6180380578511987
0.10752163332961732,0.0,0.048978833140482576,650,0.5191967297497633,0.5191967302689601,0.03409088986671621,0.03409088986671621,0.20509144471803456,0.23918233458475077,0.0,0.022078781402104484,0.5458703578076594,0.014712951850880496,0.20129695730264835,0.00545230066104725,0.09497716278077889,0.5298455653887321,1.7279049150738934,0.01013772564263744,0.71607191035249,0.5301099102500315,-0.5301099102500315,0.5732413737015267,0.04313146345149522,0.08431004401712527,0.20138958491175474,0.20138958491175474,0.44237110641012023,0.643760691321875,0.37721754338466085,1.2379838557846514,0.5312282591634108,1.7288540726122141,0.017555496040220553,0.017555496040220553,2.2068458692573115e-07,0.8113622064706193,0.8289177025108398,1.0498534866801634e-06,0.03667857685955369,4.33499591843311,True,1.237304190723469,1.0123149497762778,1.0123149497762778,0.6768046435483457,1.6891195933246235,0.4300865333184693,0.0,0.009795766628096517,0.5191967297497633,0.5191967297497633,0.0,0.011039390701052242,0.08827771110528299,0.065427607932567,0.023744290695194722,3.179073392332392,0.004215502200856264,0.0037721754338466084,2.2068458692573118e-08,1.0498534866801633e-08,0.0003667857685955369,4.33499591843311
0.0,0.0,0.010848978760896424,675,0.3234960318853681,0.3234960322088641,0.1328558100205606,0.1328558100205606,0.20509144471803456,0.33794725473859516,0.0,0.019843814532679156,2.029899557530031,0.0,0.023280182474721977,7.571233885509151e-05,0.023833910052399286,0.002717864090583759,1.0521331381233066,0.004708743653955694,0.71607191035249,0.41393361753227653,-0.41393361753227653,0.5732413737015267,0.15930775616925022,0.14878068205918374,0.22112824749367288,0.22112824749367288,0.44237110641012023,0.6634993539037931,0.30570868299176146,0.7542564407886228,0.0028435534331365097,1.0533249794480646,0.5338472230964139,0.5338472230964139,6.580574070532325e-06,0.8113622064706193,1.3452094295670332,1.9407360507042945e-05,0.11228459627598127,0.3703817640533992,True,0.7534029966824477,0.01913501626444325,-0.01913501626444325,0.6768046435483457,0.6576696272839024,0.0,0.0,0.002169795752179285,0.3234960318853681,0.3234960318853681,0.0,0.009921907266339578,0.0,0.0009085480662610981,0.0059584775130998215,0.016307184543502554,0.007439034102959187,0.0030570868299176148,6.580574070532325e-07,1.9407360507042946e-07,0.0011228459627598128,0.3703817640533992
0.0,0.0,0.009948424498579462,700,1.01797690819297,1.017976909210947,0.6057020273051352,0.6057020273051352,0.20509144471803456,0.8107934720231698,0.0,0.004889091560482385,3.3762014039364017,0.0,0.036145515309283345,9.851783777309584e-05,0.6595253710294442,0.0002658787579076804,1.0163057890918434,0.007823687759979044,0.71607191035249,0.2757383156942077,-0.2757383156942077,0.5732413737015267,0.297503058007319,0.5326247541005813,0.3509995651168716,0.3509995651168716,0.44237110641012023,0.7933706715269918,0.0896598419046683,0.7294135141864634,0.0003471379882667822,1.0186316394411974,1.7647811469334553,1.7647811469334553,0.00013504575664049183,0.8113622064706193,2.5761433534040745,4.9344106335298836e-05,0.3785041179857386,1.2213968435516718,True,0.727748038060349,1.225081704428704,1.225081704428704,0.6768046435483457,1.9018863479770496,0.0,0.0,0.0019896848997158923,1.01797690819297,1.01797690819297,0.0,0.0024445457802411926,0.0,0.00118221405327715,0.16488134275736105,0.0015952725474460824,0.026631237705029065,0.0008965984190466831,1.3504575664049183e-05,4.934410633529884e-07,0.0037850411798573858,1.2213968435516718
0.0,0.0,0.02449891487594871,725,0.5163789578001735,0.5163789583165526,0.27845232066005254,0.27845232066005254,0.20509144471803456,0.48354376537808713,0.0,0.013437322820391192,2.671366642658959,0.0,0.04770022200413212,0.00019923842381092626,0.084240585602904,0.02636083000177001,1.1623601860117498,0.00830637056599607,0.71607191035249,0.40793463061196916,-0.40793463061196916,0.5732413737015267,0.16530674308955756,0.27603959495937214,0.27541521889220344,0.27541521889220344,0.44237110641012023,0.7177863253023237,0.23539487735536252,0.8331864541651195,0.02674904616156328,1.1635513563427808,0.6978752090963195,0.6978752090963195,1.2307217661589247e-05,0.8113622064706193,1.5092374155669388,2.5129915931571974e-05,0.1376955640349694,0.7271477558654336,True,0.8323334905387112,0.725538720509302,0.725538720509302,0.6768046435483457,1.4023433640576477,0.0,0.0,0.004899782975189742,0.5163789578001735,0.5163789578001735,0.0,0.006718661410195596,0.0,0.002390861085731115,0.021060146400726,0.15816498001062007,0.013801979747968608,0.002353948773553625,1.2307217661589249e-06,2.512991593157197e-07,0.001376955640349694,0.7271477558654336
0.0,0.0,0.005022330591898974,750,1.040589815069942,1.0405898161105318,0.5405942980318882,0.5405942980318882,0.20509144471803456,0.7456857427499227,0.0,0.01304309728964619,2.830221260097503,0.0,0.032928773558306465,0.00015723818760637285,0.724960539139013,0.05936148227750818,1.2436421192600084,0.005299028400814254,0.71607191035249,0.4723156866238773,-0.4723156866238773,0.5732413737015267,0.10092568707764941,0.25572231298137793,0.09448927030610466,0.09448927030610466,0.44237110641012023,0.5368603767162249,0.2288285013865951,0.8917352408309145,0.060179543324142826,1.2453151917924017,1.9554915040591352,1.9554915040591352,5.98753186492674e-05,0.8113622064706193,2.7668537105297544,2.82521684416113e-05,0.19930183803430895,1.6044854056310514,True,0.8905372005697547,1.0324419012316088,1.0324419012316088,0.6768046435483457,1.7092465447799545,0.0,0.0,0.0010044661183797948,1.040589815069942,1.040589815069942,0.0,0.006521548644823095,0.0,0.0018868582512764742,0.18124013478475326,0.3561688936650491,0.012786115649068897,0.002288285013865951,5.98753186492674e-06,2.82521684416113e-07,0.0019930183803430895,1.6044854056310514
0.0,0.0,0.02482525545444719,775,0.2662370283332468,0.26623702859948384,0.06646372312887835,0.06646372312887835,0.20509144471803456,0.2715551678469129,0.0,0.012089457796678485,1.9327174483386518,0.0,0.036241259256614984,0.000334267146889375,0.002662437111427985,0.022614781559353935,0.8496178815172697,0.011284880559889257,0.71607191035249,0.23647129606851464,-0.23647129606851464,0.5732413737015267,0.3367700776330121,0.20560014742780702,0.31996597061149057,-0.31996597061149057,0.44237110641012023,0.12240513579862963,0.25349799022407005,0.6088354894811175,0.022427011940375396,0.850243491158563,0.3040162384709725,0.3040162384709725,1.175458028166763e-05,0.8113622064706193,1.1153784449415918,1.7498603944726573e-05,0.1235788383700499,0.43166443882052774,True,0.6083875079838856,0.3150723425303213,-0.3150723425303213,0.6768046435483457,0.3617323010180244,0.0,0.0,0.004965051090889438,0.2662370283332468,0.2662370283332468,0.0,0.0060447288983392425,0.0,0.0040112057626725,0.0006656092778569963,0.1356886893561236,0.010280007371390351,0.0025349799022407007,1.175458028166763e-06,1.7498603944726573e-07,0.0012357883837004991,0.43166443882052774
0.0,0.0,0.0315337611018091,800,0.7416900044851906,0.7416900052268807,0.3698538787491199,0.3698538787491199,0.20509144471803456,0.5749453234671544,0.0,0.02130928251589797,3.257987614380203,0.0,0.0707908091516272,0.0009500371405188728,0.33820658597741404,0.024099264691784986,1.1552393786762398,0.007779076588132079,0.71607191035249,0.3524661558948643,-0.3524661558948643,0.5732413737015267,0.2207752178066624,0.23171175597131233,0.1158727511577139,0.1158727511577139,0.44237110641012023,0.5582438575678341,0.34650913758198776,0.8281949353513458,0.024517503568236117,1.1565806615397831,1.4641074265410396,1.4641074265410396,1.785327631672408e-05,0.8113622064706193,2.275469633011659,3.022818444461559e-05,0.1988976392013317,1.0162408214706664,True,0.8272344803555124,0.5765925647081276,0.5765925647081276,0.6768046435483457,1.2533972082564733,0.0,0.0,0.006306752220361821,0.7416900044851906,0.7416900044851906,0.0,0.010654641257948985,0.0,0.011400445686226474,0.08455164649435351,0.14459558815070991,0.011585587798565618,0.003465091375819878,1.785327631672408e-06,3.022818444461559e-07,0.0019889763920133167,1.0162408214706664
0.0,0.0,0.010543656885889922,825,0.2153726748774069,0.21537267509277958,0.02353836497302844,-0.02353836497302844,0.20509144471803456,0.18155307974500612,0.0,0.013018132308385541,1.3600979675024794,0.0,0.026816436683294143,0.0001636385699335995,0.0,0.022037054766400443,0.8515511712191691,0.001958472488079456,0.71607191035249,0.2128636796062422,-0.2128636796062422,0.5732413737015267,0.36037769409528453,0.1537717230769356,0.2645782310176966,-0.2645782310176966,0.44237110641012023,0.17779287539242358,0.22336496497752342,0.6101458594535771,0.02188226922278244,0.852073433005486,0.1069704145339343,-0.1069704145339343,6.207754738869115e-06,0.8113622064706193,0.704391791936685,6.501332361021282e-06,0.02813159511509529,0.368380701389954,True,0.6097718824533225,0.3234464951857914,-0.3234464951857914,0.6768046435483457,0.3533581483625543,0.0,0.0,0.0021087313771779846,0.2153726748774069,0.2153726748774069,0.0,0.0065090661541927705,0.0,0.001963662839203194,0.0,0.13222232859840266,0.00768858615384678,0.0022336496497752344,6.207754738869116e-07,6.501332361021281e-08,0.0002813159511509529,0.368380701389954
0.0,0.0,0.014763563070358445,850,1.6050567535533982,1.6050567551584551,0.8956067798030904,0.8956067798030904,0.20509144471803456,1.100698224521125,0.0,0.01661917978359994,5.138844912269857,0.0,0.07057737317193417,0.002434490250745524,1.8591781100975588,0.04166607863278676,1.2041227048438923,0.018551384536979826,0.71607191035249,0.018297271525869685,0.018297271525869685,0.5732413737015267,0.5915386452273964,0.6966124153111585,0.9412906514448526,0.9412906514448526,0.44237110641012023,1.3836617578549728,0.3591016972198887,0.8646215315308288,0.04303578716583491,1.2074506861059633,2.8700161612984525,2.8700161612984525,0.00025417725979110455,0.8113622064706193,3.6813783677690717,9.039735285793431e-05,0.5081263786867379,2.403853161613459,True,0.8622384575976005,1.7191767755564318,1.7191767755564318,0.6768046435483457,2.3959814191047775,0.0,0.0,0.002952712614071689,1.6050567535533982,1.6050567535533982,0.0,0.00830958989179997,0.0,0.029213883008946284,0.4647945275243897,0.24999647179672058,0.03483062076555792,0.003591016972198887,2.5417725979110457e-05,9.039735285793432e-07,0.005081263786867379,2.403853161613459
0.0,0.0,0.009971997665133854,875,0.3325640821431911,0.3325640824757552,0.15301927499524734,0.15301927499524734,0.20509144471803456,0.3581107197132819,0.0,0.00867970849140919,2.2747193472097,0.0,0.06816318322166884,0.0008714742495370967,0.005499150987785117,0.011958166306437031,1.109353400982489,0.0058769084465902744,0.71607191035249,0.4413419229685427,-0.4413419229685427,0.5732413737015267,0.13189945073298404,0.23558262806229496,0.45608459263883083,-0.45608459263883083,0.44237110641012023,-0.013713486228710601,0.1868000248995965,0.7948901831173002,0.012115474529786644,1.1100703162972954,0.35388819514577785,0.35388819514577785,2.2139832767365533e-05,0.8113622064706193,1.1652504016163971,1.3799659495158021e-05,0.09057064441145292,0.437035002578033,True,0.7943768201910968,0.039328653282282744,-0.039328653282282744,0.6768046435483457,0.6374759902660629,0.0,0.0,0.0019943995330267707,0.3325640821431911,0.3325640821431911,0.0,0.004339854245704595,0.0,0.01045769099444516,0.0013747877469462793,0.07174899783862218,0.011779131403114748,0.001868000248995965,2.2139832767365534e-06,1.379965949515802e-07,0.0009057064441145292,0.437035002578033
0.0,0.0,0.023853755620285164,900,0.9634438720753961,0.9634438730388399,0.6021207626598948,0.6021207626598948,0.20509144471803456,0.8072122073779293,0.0,0.00537418885741677,4.504456460050045,0.0,0.02439010366627464,0.00011281224641684377,0.551583468412748,0.015664241260501845,1.1251568666134697,0.008508485024318266,0.71607191035249,0.4868791734213341,-0.4868791734213341,0.5732413737015267,0.08636220028019266,0.5496192112335846,0.3144043002316662,0.3144043002316662,0.44237110641012023,0.7567754066417864,0.12278552891655199,0.8073766557522506,0.016258232007247714,1.127507772340543,1.6693148766781856,1.6693148766781856,0.00013441468173525556,0.8113622064706193,2.4806770831488048,5.000389810128923e-05,0.4992931288873328,1.2378524678982346,True,0.8056932381736976,1.075201152640545,1.075201152640545,0.6768046435483457,1.7520057961888906,0.0,0.0,0.004770751124057033,0.9634438720753961,0.9634438720753961,0.0,0.002687094428708385,0.0,0.0013537469570021254,0.137895867103187,0.09398544756301107,0.02748096056167923,0.00122785528916552,1.3441468173525557e-05,5.000389810128923e-07,0.004992931288873328,1.2378524678982346
0.0,0.0,0.017509881619367347,925,0.2128603379691884,0.21286033818204875,0.14324296737336104,0.14324296737336104,0.20509144471803456,0.3483344120913956,0.0,0.013124412403693674,2.4330368343332074,0.0,0.022694974860184396,8.299683484046456e-05,0.0005326060675794625,0.01992137274770843,1.1411430931633157,0.007650539550165121,0.71607191035249,0.21055681138128696,-0.21055681138128696,0.5732413737015267,0.36268456232023977,0.17370845477617622,0.31689908064053895,0.31689908064053895,0.44237110641012023,0.7592701870506592,0.22907021298139316,0.817826902898948,0.020192871449600358,1.1421016236698243,0.2402423508658923,0.2402423508658923,1.9130494790698988e-05,0.8113622064706193,1.0516045573365116,1.4783157231043529e-05,0.26894711766091184,0.35724952744242294,True,0.8171405261184359,0.05961111367447236,0.05961111367447236,0.6768046435483457,0.736415757222818,0.0,0.0,0.0035019763238734697,0.2128603379691884,0.2128603379691884,0.0,0.006562206201846837,0.0,0.0009959620180855747,0.00013315151689486561,0.11952823648625058,0.008685422738808811,0.0022907021298139317,1.913049479069899e-06,1.4783157231043528e-07,0.0026894711766091185,0.35724952744242294
0.0,0.0,0.010840745854452853,950,0.8618789675721865,0.8618789684340654,0.5727222991286134,0.5727222991286134,0.20509144471803456,0.7778137438466479,0.0,0.010018961421422532,4.1080516261854205,0.0,0.055665903532481124,0.0005057877402849591,0.4465020227647066,0.07974007186917054,1.2823828462728757,0.0058586859817848945,0.71607191035249,0.24825127996280666,-0.24825127996280666,0.5732413737015267,0.32499009373872007,0.5384250427198648,0.34292741464969934,0.34292741464969934,0.44237110641012023,0.7852985210598196,0.19877038934334798,0.9199693505512548,0.08107934222031417,1.2847443453702183,1.6097805830126322,1.6097805830126322,8.680537864356563e-05,0.8113622064706193,2.4211427894832513,4.7335917606224e-05,0.34947955694092864,1.4976048927392842,True,0.9182783473577101,0.7845664497413145,0.7845664497413145,0.6768046435483457,1.4613710932896602,0.0,0.0,0.0021681491708905706,0.8618789675721865,0.8618789675721865,0.0,0.005009480710711266,0.0,0.00606945288341951,0.11162550569117664,0.4784404312150232,0.02692125213599324,0.00198770389343348,8.680537864356564e-06,4.7335917606224006e-07,0.0034947955694092864,1.4976048927392842
0.0,0.0,0.01296255019125651,975,0.22276905275679312,0.22276905297956218,0.12662091727124128,0.12662091727124128,0.20509144471803456,0.33171236198927584,0.0,0.008527104776890894,3.073724637580141,0.0,0.01455958013336995,4.696842983376635e-05,0.003737662280626341,0.0941537865507453,0.6931551099484541,0.004698440160257912,0.71607191035249,0.17536211455409711,0.17536211455409711,0.5732413737015267,0.7486034882556238,0.2611335843050903,0.18764367237132362,0.18764367237132362,0.44237110641012023,0.6300147787814439,0.1585542000237063,0.49684002140048666,0.09373336396976557,0.6938409498810045,0.3253429924178345,0.3253429924178345,1.9776238152583566e-05,0.8113622064706193,1.1367051988884538,2.7240389640481728e-05,0.21302479422018222,0.8128205904015287,True,0.49634891068293086,0.24553475603093822,-0.24553475603093822,0.6768046435483457,0.43126988751740747,0.0,0.0,0.0025925100382513024,0.22276905275679312,0.22276905275679312,0.0,0.004263552388445447,0.0,0.0005636211580051962,0.0009344155701565852,0.5649227193044718,0.013056679215254517,0.0015855420002370629,1.9776238152583565e-06,2.724038964048173e-07,0.0021302479422018222,0.8128205904015287
0.0,0.0,0.01749429438538774,1000,1.1082784125432856,1.108278413651564,0.6088173758956303,0.6088173758956303,0.20509144471803456,0.8139088206136649,0.0,0.014248368841738867,2.799317818853173,0.0,0.032426549638382755,9.793037186766082e-05,0.8462971203988753,0.023202636412895564,1.152324116320744,0.009101434870669597,0.71607191035249,0.3226303079229675,-0.3226303079229675,0.5732413737015267,0.25061106577855924,0.40061569225634175,0.4021527248995177,0.4021527248995177,0.44237110641012023,0.8445238313096379,0.27978203988085026,0.8267667951088906,0.023896909491625852,1.1545862525958432,2.154375374552847,2.154375374552847,5.0709548380969254e-05,0.8113622064706193,2.965737581023466,4.7619383307262964e-05,0.34331567771559585,1.4971340278181893,True,0.8251469428422813,0.9292987837199616,0.9292987837199616,0.6768046435483457,1.6061034272683072,0.0,0.0,0.0034988588770775483,1.1082784125432856,1.1082784125432856,0.0,0.0071241844208694335,0.0,0.0011751644624119297,0.21157428009971882,0.13921581847737338,0.020030784612817088,0.0027978203988085026,5.070954838096926e-06,4.7619383307262965e-07,0.0034331567771559587,1.4971340278181893
0.0,0.0,0.026654866595031173,1025,0.23451903260979043,0.23451903284430944,0.03756322062602477,0.03756322062602477,0.20509144471803456,0.24265466534405933,0.0,0.012606530144657176,1.907765589224292,0.0,0.03422457388598144,0.000294036859569814,0.0,0.0026187331994444616,0.9488264404262859,0.008333560048871888,0.71607191035249,0.2556585470180349,-0.2556585470180349,0.5732413737015267,0.3175828266834918,0.16899883211743963,0.013261418881472475,0.013261418881472475,0.44237110641012023,0.4556325252915927,0.23153459645066593,0.6799247479980537,0.0025482109171432697,0.9495201929763666,0.2545118389128974,-0.2545118389128974,1.0123100693007287e-05,0.8113622064706193,0.5568503675577219,1.1284859701295318e-05,0.1551351713866445,0.2777118769555412,True,0.6794279712772681,0.3785121586506896,-0.3785121586506896,0.6768046435483457,0.2982924848976561,0.0,0.0,0.005330973319006235,0.23451903260979043,0.23451903260979043,0.0,0.006303265072328588,0.0,0.003528442314837768,0.0,0.015712399196666768,0.008449941605871982,0.0023153459645066593,1.0123100693007287e-06,1.1284859701295319e-07,0.0015513517138664452,0.2777118769555412
0.0,0.0,0.020891098355235886,1050,0.2813710529410521,0.2813710532224231,0.13220173472377936,0.13220173472377936,0.20509144471803456,0.3372931794418139,0.0,0.01176543210425062,3.8267835768279577,0.0,0.012578082241881748,7.326964273292204e-05,0.004210204319593822,0.0034207063114268634,0.9415131954076232,0.006719319217093842,0.71607191035249,0.2787149003088403,-0.2787149003088403,0.5732413737015267,0.29452647339268645,0.2800070598398082,0.24538536542064704,0.24538536542064704,0.44237110641012023,0.6877564718307673,0.23018360503995403,0.6748256531438652,0.003317844396383688,0.9423992673971616,0.3337274954312356,0.3337274954312356,5.8873112885221024e-05,0.8113622064706193,1.1450897019018549,3.2559321057335155e-05,0.30709590019148764,0.3332673742742832,True,0.674191161872746,0.3593063245615156,-0.3593063245615156,0.6768046435483457,0.31749831898683006,0.0,0.0,0.004178219671047177,0.2813710529410521,0.2813710529410521,0.0,0.00588271605212531,0.0,0.0008792357127950644,0.0010525510798984556,0.020524237868561182,0.014000352991990412,0.0023018360503995403,5.8873112885221024e-06,3.2559321057335156e-07,0.0030709590019148765,0.3332673742742832
0.0,0.0,0.005785916256514104,1075,0.4753608617750266,0.4753608622503875,0.33428975475480505,0.33428975475480505,0.20509144471803456,0.5393811994728396,0.0,0.008480824072580639,2.829622337235589,0.0,0.042877719091474954,0.00042908454008653565,0.11161567216594706,0.0014699896914241717,1.0383404445908517,0.009800733226149102,0.71607191035249,0.3432117171959887,-0.3432117171959887,0.5732413737015267,0.23002965650553803,0.3904106449126631,0.1149799960563258,0.1149799960563258,0.44237110641012023,0.557351102466446,0.1896306064995236,0.7446767657038864,0.0015957539221522876,1.039946888766865,0.9356842183449575,0.9356842183449575,7.68727375781827e-05,0.8113622064706193,1.7470464248155768,3.600845538282558e-05,0.3092693571327056,0.547148906973957,True,0.7435264361378294,0.10756610939132027,0.10756610939132027,0.6768046435483457,0.784370752939666,0.0,0.0,0.0011571832513028208,0.4753608617750266,0.4753608617750266,0.0,0.0042404120362903195,0.0,0.005149014481038428,0.027903918041486765,0.00881993814854503,0.019520532245633156,0.001896306064995236,7.68727375781827e-06,3.6008455382825585e-07,0.003092693571327056,0.547148906973957
0.0,0.0,0.029578084826087266,1100,0.9033357937070305,0.9033357946103663,0.5255849814759846,0.5255849814759846,0.20509144471803456,0.7306764261940192,0.0,0.014732361034744465,3.232705278319203,0.0,0.028010258538597385,0.00023663630932522806,0.5302989931311528,0.001660898293199323,0.9592458800463153,0.008186069744407682,0.71607191035249,0.3419204383305047,-0.3419204383305047,0.5732413737015267,0.23132093537102205,0.4193807907041408,0.002325323213881292,0.002325323213881292,0.44237110641012023,0.4446964296240015,0.2821018570437694,0.6885216834823404,0.0014802578966512565,0.9615258801705451,1.7457333859521724,1.7457333859521724,9.26563635247861e-05,0.8113622064706193,2.5570955924227916,4.689441900028974e-05,0.3276188126944717,1.0890733457566388,True,0.6868890394149793,0.7995862481711327,0.7995862481711327,0.6768046435483457,1.4763908917194783,0.0,0.0,0.005915616965217453,0.9033357937070305,0.9033357937070305,0.0,0.007366180517372233,0.0,0.0028396357119027365,0.1325747482827882,0.009965389759195937,0.02096903953520704,0.002821018570437694,9.26563635247861e-06,4.689441900028974e-07,0.003276188126944717,1.0890733457566388
0.0,0.0,0.01957020992154635,1125,0.22832848053180357,0.22832848076013204,0.04297282905019209,-0.04297282905019209,0.20509144471803456,0.16211861566784247,0.0,0.01329122365163458,3.3924074406747744,0.0,0.01128371463164488,4.354161408465793e-05,0.0,0.13664251268512648,0.6303481195974698,0.007209489185638981,0.71607191035249,0.1972210256011836,-0.1972210256011836,0.5732413737015267,0.3760203481003431,0.13036089380771196,0.12361383277539129,-0.12361383277539129,0.44237110641012023,0.31875727363472894,0.2650556375940326,0.4519499240762145,0.13604915677979662,0.6311515802124176,0.11214266920857807,-0.11214266920857807,1.2082477080472759e-05,0.8113622064706193,0.6992195372620412,1.910586343314069e-05,0.28314075443785003,1.0712671177387516,True,0.4513745884907413,0.43825828086271595,-0.43825828086271595,0.6768046435483457,0.23854636268562973,0.0,0.0,0.00391404198430927,0.22832848053180357,0.22832848053180357,0.0,0.00664561182581729,0.0,0.0005224993690158952,0.0,0.8198550761107588,0.006518044690385598,0.0026505563759403263,1.2082477080472759e-06,1.9105863433140692e-07,0.0028314075443785004,1.0712671177387516
0.0,0.0,0.012563603733027402,1150,0.16542502775193202,0.16542502791735705,0.004619713060034142,-0.004619713060034142,0.20509144471803456,0.20047173165800042,0.0,0.014369358007168372,1.9871385654661164,0.0,0.03107546977633071,6.238307427463172e-05,0.0,0.054046938323492714,0.7675200259732191,0.006582241854115334,0.71607191035249,0.12906165364843747,-0.12906165364843747,0.5732413737015267,0.44417972005308926,0.14227345833204977,0.1940257897659824,0.1940257897659824,0.44237110641012023,0.6363968961761026,0.31998694698265123,0.5499669650897585,0.053808624374345956,0.7680331394911205,0.11978619658164325,-0.11978619658164325,2.499230072044177e-05,0.8113622064706193,0.691576009888976,1.4171443594883662e-05,0.23276088604780643,0.5127964465257886,True,0.549599538907636,0.2610636074412829,-0.2610636074412829,0.6768046435483457,0.4157410361070628,0.0,0.0,0.0025127207466054805,0.16542502775193202,0.16542502775193202,0.0,0.007184679003584186,0.0,0.0007485968912955807,0.0,0.3242816299409563,0.007113672916602489,0.0031998694698265125,2.4992300720441774e-06,1.4171443594883663e-07,0.0023276088604780643,0.5127964465257886
0.0,0.0,0.020108447050440393,1175,0.16550253671703252,0.16550253688253505,0.08469962650752763,0.08469962650752763,0.20509144471803456,0.2897910712255622,0.0,0.007812970949496676,3.038488863929725,0.0,0.04260234863345419,0.000165295692466785,0.0010768995488991367,0.09292321480928588,0.6951669066369501,0.003276168252584978,0.71607191035249,0.09161461091708306,-0.09161461091708306,0.5732413737015267,0.48162676278444366,0.17470825782817467,0.07250248540980847,-0.07250248540980847,0.44237110641012023,0.36986862100031176,0.21420273318555644,0.49825498669669294,0.09252732187830308,0.6958169599101504,0.26201693051323793,0.26201693051323793,2.4603830408810452e-05,0.8113622064706193,1.0733791369838572,2.4488623362871453e-05,0.17211229181094037,0.7458240420650586,True,0.497789501801021,0.2178960822102884,-0.2178960822102884,0.6768046435483457,0.4589085613380573,0.0,0.0,0.004021689410088079,0.16550253671703252,0.16550253671703252,0.0,0.003906485474748338,0.0,0.00198354830960142,0.0002692248872247842,0.5575392888557152,0.008735412891408735,0.0021420273318555646,2.4603830408810452e-06,2.4488623362871456e-07,0.0017211229181094037,0.7458240420650586
0.0,0.0,0.026589000160287476,1200,0.20010879015350155,0.20010879035361034,0.10885166536901922,0.10885166536901922,0.20509144471803456,0.3139431100870538,0.0,0.011562951116077708,2.182427645446093,0.0,0.04815981953853394,0.00043213581486501346,0.0,1.7019091901512416e-05,1.0041254202090832,0.00621503500772615,0.71607191035249,0.3427038088938203,-0.3427038088938203,0.5732413737015267,0.23053756480770643,0.19514669889869052,0.2420873846749644,-0.2420873846749644,0.44237110641012023,0.20028372173515582,0.24440036664848547,0.7196141667431466,2.447057898857403e-05,1.0049467746045857,0.06484012934397643,0.06484012934397643,3.8614742764213104e-06,0.8113622064706193,0.8762023358145957,1.7113973271986083e-05,0.184950761124518,0.2305472135832121,True,0.7190260179238692,0.09006947322970782,-0.09006947322970782,0.6768046435483457,0.5867351703186379,0.0,0.0,0.005317800032057496,0.20010879015350155,0.20010879015350155,0.0,0.005781475558038854,0.0,0.005185629778380161,0.0,0.00010211455140907449,0.009757334944934526,0.002444003666484855,3.8614742764213106e-07,1.7113973271986084e-07,0.00184950761124518,0.2305472135832121
0.0,0.0,0.022300843710294276,1225,0.25369110949610074,0.25369110974979187,0.05446937437905622,0.05446937437905622,0.20509144471803456,0.2595608190970908,0.0,0.009535730944060909,2.118442361693119,0.0,0.06891283500569197,0.0008069523197263622,0.0,0.0011288548347787363,0.9664015649950963,0.008987952099683125,0.71607191035249,0.3241526066369377,-0.3241526066369377,0.5732413737015267,0.24908876706458905,0.15374919555536404,0.24438038627415992,-0.24438038627415992,0.44237110641012023,0.1979907201359603,0.24850048304187408,0.6924176412012499,0.0010912044985905889,0.9669666153930514,0.26399464310502463,-0.26399464310502463,2.1542037722959913e-05,0.8113622064706193,0.5473675633655947,1.5093773048568544e-05,0.12491402960061081,0.2907996106012746,True,0.6920130244776903,0.2904119934024431,-0.2904119934024431,0.6768046435483457,0.38639265014590257,0.0,0.0,0.004460168742058855,0.25369110949610074,0.25369110949610074,0.0,0.004767865472030454,0.0,0.009683427836716347,0.0,0.006773129008672418,0.007687459777768202,0.002485004830418741,2.154203772295991e-06,1.5093773048568546e-07,0.001249140296006108,0.2907996106012746
0.0,0.0,0.038837007371371725,1250,0.22923694993887306,0.22923695016811,0.16330239987520093,0.16330239987520093,0.20509144471803456,0.3683938445932355,0.0,0.009042177430359266,3.5035489845776757,0.0,0.018126385480732074,0.0001675660957198284,0.0,0.0015187734098395821,0.9610285564824758,0.006248280831285438,0.71607191035249,0.3363123467692698,-0.3363123467692698,0.5732413737015267,0.23692902693225695,0.17187583670328618,0.2982411225937327,0.2982411225937327,0.44237110641012023,0.7406122290038529,0.29360171615025293,0.6888647854505334,0.0014436181454094716,0.9620050247347169,0.0850505060293466,0.0850505060293466,2.4052979795799784e-05,0.8113622064706193,0.8964127124999659,2.34303825665559e-05,0.30044516739750887,0.2671857740084496,True,0.6881655639539879,0.16368528472532684,-0.16368528472532684,0.6768046435483457,0.5131193588230188,0.0,0.0,0.007767401474274346,0.22923694993887306,0.22923694993887306,0.0,0.004521088715179633,0.0,0.002010793148637941,0.0,0.009112640459037494,0.00859379183516431,0.002936017161502529,2.4052979795799788e-06,2.34303825665559e-07,0.003004451673975089,0.2671857740084496
0.0,0.0,0.013322850796826113,1275,0.21413307486219735,0.21413307507633042,0.1099031934575864,0.1099031934575864,0.20509144471803456,0.31499463817562096,0.0,0.007917973296588193,2.081601736294546,0.0,0.04074957901628768,0.00022504969828308257,0.004474569439688837,0.013517568710064633,0.8837349205046303,0.005068822986573603,0.71607191035249,0.2380480722129923,-0.2380480722129923,0.5732413737015267,0.33519330148853443,0.2336717747207154,0.064309754238975,0.064309754238975,0.44237110641012023,0.5066808606490952,0.14827852958806043,0.633440551394343,0.013316086506362327,0.8846046512793417,0.3382133503508219,0.3382133503508219,1.088433736191187e-05,0.8113622064706193,1.1495755568214412,1.7644139296598784e-05,0.24981822471784798,0.32134710382378756,True,0.6328177616083057,0.20492744507733462,-0.20492744507733462,0.6768046435483457,0.47187719847101106,0.0,0.0,0.0026645701593652226,0.21413307486219735,0.21413307486219735,0.0,0.003958986648294097,0.0,0.002700596379396991,0.0011186423599222092,0.0811054122603878,0.01168358873603577,0.0014827852958806042,1.088433736191187e-06,1.7644139296598785e-07,0.0024981822471784798,0.32134710382378756
0.026497751162847253,0.0,0.015516793554080154,1300,0.736870359342505,0.7368703600793753,0.5785774080147517,0.5785774080147517,0.20509144471803456,0.7836688527327862,0.0,0.005639662581928215,2.8399185850129207,9.302091882296005e-05,0.08964473529045562,0.0028839056530690797,0.266379901842167,0.3167227900156816,1.562781298566043,0.018347480260020133,0.71607191035249,0.5262954668027789,-0.5262954668027789,0.5732413737015267,0.04694590689874777,0.3499477167442594,0.19288882167046306,0.19288882167046306,0.44237110641012023,0.6352599280805833,0.11606036730692895,1.119927365125612,0.31808163645297816,1.5639872662152738,1.3123272662414043,1.3123272662414043,1.4842104368024071e-05,0.8113622064706193,2.1236894727120235,3.272383003353518e-05,0.20157713491433543,2.871556835208235,True,1.1190638055551445,0.5862951058377179,0.5862951058377179,0.6768046435483457,1.2630997493860636,0.10599100465138901,0.0,0.003103358710816031,0.736870359342505,0.736870359342505,0.0,0.0028198312909641075,0.0005581255129377602,0.03460686783682895,0.06659497546054174,1.9003367400940896,0.01749738583721297,0.0011606036730692896,1.4842104368024073e-06,3.272383003353518e-07,0.0020157713491433544,2.871556835208235
0.0,0.0,0.007239689617455492,1325,0.2165135205523374,0.21651352076885091,0.08806106436581315,0.08806106436581315,0.20509144471803456,0.2931525090838477,0.0,0.009518978156405145,1.6831094615428235,0.0,0.028382601124551834,9.749430309677885e-05,0.0006748332456411053,0.04068132229246516,1.201696113726728,0.0059101102577510025,0.71607191035249,0.35740522764441807,-0.35740522764441807,0.5732413737015267,0.21583614605710863,0.15178398788718978,0.1866737269449017,0.1866737269449017,0.44237110641012023,0.6290448333550219,0.1898473105307267,0.8612300506430595,0.04109315095415067,1.2027144566974706,0.24672536731418881,0.24672536731418881,3.960744922614547e-06,0.8113622064706193,1.058087573784808,1.051826704865762e-05,0.07130280105847575,0.4783487230248079,True,0.8605008438364222,0.056363005296017565,0.056363005296017565,0.6768046435483457,0.7331676488443633,0.0,0.0,0.0014479379234910985,0.2165135205523374,0.2165135205523374,0.0,0.0047594890782025724,0.0,0.0011699316371613462,0.00016870831141027633,0.244087933754791,0.007589199394359489,0.0018984731053072672,3.9607449226145473e-07,1.051826704865762e-07,0.0007130280105847576,0.4783487230248079
0.0,0.0,0.013298801949636995,1350,0.33653535043706584,0.3365353507736012,0.2315027825762361,0.2315027825762361,0.20509144471803456,0.43659422729427066,0.0,0.007785214779239618,3.0451856029703146,0.0,0.04575676913630017,0.00017690510106375382,0.02062658171172529,0.016043004110828197,1.1266609810116288,0.0064421909947425995,0.71607191035249,0.42311840230460973,-0.42311840230460973,0.5732413737015267,0.15012297139691702,0.2439951371783205,0.26888542692485606,0.26888542692485606,0.44237110641012023,0.7112565333349763,0.13595224475072926,0.8076318272755023,0.016349233529941026,1.1278641213552145,0.5097809213690193,0.5097809213690193,6.937679179684769e-06,0.8113622064706193,1.3211431278396386,3.035039371820845e-05,0.25022723176556816,0.4626877984182128,True,0.8067702922592173,0.038490651953429156,0.038490651953429156,0.6768046435483457,0.7152952955017748,0.0,0.0,0.002659760389927399,0.33653535043706584,0.33653535043706584,0.0,0.003892607389619809,0.0,0.002122861212765046,0.005156645427931323,0.09625802466496919,0.012199756858916026,0.0013595224475072927,6.937679179684769e-07,3.035039371820845e-07,0.0025022723176556815,0.4626877984182128
0.0,0.0,0.007383172450156027,1375,0.19136213902924012,0.19136213922060225,0.0694362634249979,0.0694362634249979,0.20509144471803456,0.27452770814303246,0.0,0.008868434013629082,2.254665544668176,0.0,0.0402811721182489,0.0002682553901444332,0.0,0.00685233111334722,0.9172211916409325,0.0021955899067284588,0.71607191035249,0.2784475770023064,-0.2784475770023064,0.5732413737015267,0.29479379669922035,0.20187777213012242,0.055324044144422435,-0.055324044144422435,0.44237110641012023,0.3870470622656978,0.16383449400236533,0.6572703319850006,0.006743181158135846,0.9178831250099235,0.11666494931853288,-0.11666494931853288,1.143769375764018e-05,0.8113622064706193,0.6946972571520864,1.341169761755761e-05,0.1409816141402277,0.2547493694621864,True,0.6567963400863218,0.28995074333161297,-0.28995074333161297,0.6768046435483457,0.3868539002167327,0.0,0.0,0.0014766344900312056,0.19136213902924012,0.19136213902924012,0.0,0.004434217006814541,0.0,0.0032190646817331983,0.0,0.04111398668008332,0.010093888606506122,0.0016383449400236532,1.143769375764018e-06,1.341169761755761e-07,0.001409816141402277,0.2547493694621864
0.0,0.0,0.004485467510969266,1400,0.22424261626886158,0.2242426164931042,0.17700530599277955,0.17700530599277955,0.20509144471803456,0.3820967507108141,0.0,0.009410869602222793,3.1440869235691933,6.745255619749981e-07,0.0808212950517171,0.0003854726228861568,0.007921798741634513,0.0009767103597408326,1.0312523656663113,0.0026279611694711865,0.71607191035249,0.17121447078207103,-0.17121447078207103,0.5732413737015267,0.4020269029194557,0.22387136677923405,0.08325445138823934,-0.08325445138823934,0.44237110641012023,0.3591166550218809,0.1845223598262951,0.7391089752978351,0.0010350006642661442,1.0321714262081454,0.3876578772098288,0.3876578772098288,3.93503144932391e-05,0.8113622064706193,1.199020083680448,1.997229968051126e-05,0.19487172281487497,0.25730721896384573,True,0.7384508618507238,0.18321721661677276,-0.18321721661677276,0.6768046435483457,0.4935874269315729,0.0,0.0,0.0008970935021938532,0.22424261626886158,0.22424261626886158,0.0,0.0047054348011113965,4.047153371849989e-06,0.004625671474633882,0.0019804496854086283,0.005860262158444996,0.011193568338961703,0.0018452235982629511,3.93503144932391e-06,1.997229968051126e-07,0.0019487172281487497,0.25730721896384573
0.0,0.0,0.03304028010549253,1425,0.4394721838493135,0.4394721842887857,0.2960022157915554,0.2960022157915554,0.20509144471803456,0.5010936605095899,0.0,0.017577401523493814,2.8857896179312954,0.0,0.0760672364835098,0.00043181756517081426,0.05294520655478245,0.013100563414505332,1.1144576926838268,0.005179029539016061,0.71607191035249,0.3542878003799776,-0.3542878003799776,0.5732413737015267,0.21895357332154913,0.2965337111995151,0.05790732953829192,0.05790732953829192,0.44237110641012023,0.5002784359484121,0.2749778280825199,0.7989453177412321,0.01339420675239676,1.115733343304325,0.6193492374637585,0.6193492374637585,1.3118360663627692e-05,0.8113622064706193,1.4307114439343778,2.609106564459139e-05,0.1568043176729068,0.5710365133041891,True,0.798031860151713,0.6046446144678652,0.6046446144678652,0.6768046435483457,1.281449258016211,0.0,0.0,0.006608056021098506,0.4394721838493135,0.4394721838493135,0.0,0.008788700761746907,0.0,0.005181810782049771,0.013236301638695613,0.078603380487032,0.014826685559975756,0.002749778280825199,1.3118360663627692e-06,2.609106564459139e-07,0.001568043176729068,0.5710365133041891
0.0,0.0,0.009407055967123625,1450,0.14445271360507966,0.1444527137495324,0.01699334399450808,-0.01699334399450808,0.20509144471803456,0.18809810072352648,0.0,0.013844550860466301,2.0020058331024218,0.0,0.03355211230290106,0.00013865245368290796,0.0,0.03290992244830518,0.818589078475674,0.003920425051783967,0.71607191035249,0.15359451111464528,-0.15359451111464528,0.5732413737015267,0.41964686258688144,0.11834348783206038,0.0404356328951031,0.0404356328951031,0.44237110641012023,0.48280673930522333,0.2921766737575586,0.5865705055658723,0.032706625513023,0.8191502681422419,0.27720802669375677,-0.27720802669375677,1.567410214133188e-05,0.8113622064706193,0.5341541797768625,1.1800018861811505e-05,0.2332110181021327,0.3635525010833662,True,0.586168653403651,0.044424705877304405,-0.044424705877304405,0.6768046435483457,0.6323799376710413,0.0,0.0,0.0018814111934247252,0.14445271360507966,0.14445271360507966,0.0,0.006922275430233151,0.0,0.0016638294441948956,0.0,0.19745953468983107,0.005917174391603019,0.0029217667375755862,1.5674102141331881e-06,1.1800018861811506e-07,0.0023321101810213274,0.3635525010833662
0.0,0.0,0.014426481540028673,1475,0.615189542780652,0.6151895433958414,0.29303339511182747,0.29303339511182747,0.20509144471803456,0.49812483982986205,0.0,0.005044735720883724,2.5410369382358247,0.0,0.03702611033571732,0.00042388898223998074,0.2449139846001484,0.0026459733333411453,0.9485609746073942,0.009173650667882087,0.71607191035249,0.3427079064472416,-0.3427079064472416,0.5732413737015267,0.23053346725428517,0.3773671651941475,0.0966188307418076,-0.0966188307418076,0.44237110641012023,0.3457522756683126,0.22827879011216914,0.6798788260210102,0.0025546896100530074,0.9494560625786533,1.2952406685485731,1.2952406685485731,3.8433829484296065e-05,0.8113622064706193,2.1066028750191923,2.9359882873792474e-05,0.1603787743146226,0.7255472817718156,True,0.6792378786585462,0.04460945874626865,-0.04460945874626865,0.6768046435483457,0.632195184802077,0.0,0.0,0.0028852963080057345,0.615189542780652,0.615189542780652,0.0,0.002522367860441862,0.0,0.005086667786879769,0.0612284961500371,0.01587584000004687,0.018868358259707375,0.0022827879011216917,3.8433829484296065e-06,2.9359882873792475e-07,0.0016037877431462262,0.7255472817718156
0.0,0.0,0.016849289556278204,1500,0.14686509611435672,0.14686509626122182,0.09386869486149749,0.09386869486149749,0.20509144471803456,0.29896013957953205,0.0,0.011875862947679275,2.9086830960226187,0.0,0.02534298988257123,0.00017759551770902356,0.0,0.018825244870741473,0.8627948803041903,0.007559913812302449,0.71607191035249,0.19621792851835362,-0.19621792851835362,0.5732413737015267,0.3770234451831731,0.22385595121432522,0.03268598873002121,0.03268598873002121,0.44237110641012023,0.47505709514014144,0.18004492535373448,0.6184599544012647,0.018582016088637226,0.86368413119289,0.09858604064764942,0.09858604064764942,1.789357869267807e-05,0.8113622064706193,0.9099482471182687,1.9049434503839247e-05,0.16730692894884985,0.2859237968923656,True,0.6178231868097183,0.22303899632623903,-0.22303899632623903,0.6768046435483457,0.45376564722210666,0.0,0.0,0.003369857911255641,0.14686509611435672,0.14686509611435672,0.0,0.005937931473839637,0.0,0.0021311462125082827,0.0,0.11295146922444885,0.011192797560716262,0.0018004492535373447,1.789357869267807e-06,1.9049434503839248e-07,0.0016730692894884986,0.2859237968923656
0.0,0.0,0.0383714888492809,1525,0.34687217628079026,0.34687217662766245,0.11320305804776379,-0.11320305804776379,0.20509144471803456,0.09188838667027077,0.0,0.014372677069080278,1.3869038831488232,0.0,0.037652898551398556,0.00037114620669865416,0.0,0.12106708340791045,0.6520530451233831,0.010930754453716371,0.71607191035249,0.23544537449881825,-0.23544537449881825,0.5732413737015267,0.3377959992027085,0.09141911275195941,0.1799920830910911,-0.1799920830910911,0.44237110641012023,0.2623790233190291,0.27378959789417034,0.4671868701927776,0.12080483966708733,0.6524300938414154,0.3614910948774103,-0.3614910948774103,2.1241534367152084e-06,0.8113622064706193,0.44987111159320897,9.919182811246416e-06,0.09635079411702537,1.100861738677915,True,0.4669168761931898,0.6085056418938677,-0.6085056418938677,0.6768046435483457,0.06829900165447796,0.0,0.0,0.00767429776985618,0.34687217628079026,0.34687217628079026,0.0,0.007186338534540139,0.0,0.00445375448038385,0.0,0.7264025004474627,0.004570955637597971,0.0027378959789417035,2.1241534367152085e-07,9.919182811246415e-08,0.0009635079411702537,1.100861738677915
0.0,0.0,0.047381552231671016,1550,0.2976758124739594,0.29767581277163524,0.07523549038019892,-0.07523549038019892,0.20509144471803456,0.12985595433783564,0.0,0.009266059181772464,0.9808602264355577,0.0,0.04358901086026148,0.0004898074712562317,0.0,0.02051442516521058,1.1432285766361259,0.007470972388483241,0.71607191035249,0.4062996019075595,-0.4062996019075595,0.5732413737015267,0.16694177179396724,0.08307416860532081,0.02288439509696305,0.02288439509696305,0.44237110641012023,0.4652555015070833,0.2647141507949757,0.819174618083331,0.020731311162947696,1.143983718395337,0.4252681384184674,-0.4252681384184674,3.064058703605564e-07,0.8113622064706193,0.3860940680521519,4.910154571189874e-06,0.07376359482031701,0.4482879587860698,True,0.8186338822736745,0.3015593091423561,-0.3015593091423561,0.6768046435483457,0.37524533440598956,0.0,0.0,0.009476310446334204,0.2976758124739594,0.2976758124739594,0.0,0.004633029590886232,0.0,0.005877689655074781,0.0,0.12308655099126348,0.0041537084302660406,0.002647141507949757,3.0640587036055645e-08,4.910154571189874e-08,0.0007376359482031701,0.4482879587860698
0.0,0.0,0.05016199390917432,1575,0.7680296480882041,0.7680296488562337,0.7074970492705752,0.7074970492705752,0.20509144471803456,0.9125884939886098,0.0,0.0067545079656426855,4.430206647040233,0.0,0.052127621719499875,0.00017307324676158023,0.32147845835427324,1.0686480286659186e-05,1.003269018245079,0.008584903716890793,0.71607191035249,0.3400982032828281,-0.3400982032828281,0.5732413737015267,0.23314317041869864,0.8219461535071177,0.020137638529514335,0.020137638529514335,0.44237110641012023,0.46250874493963456,0.32977895010083397,0.7205338438195997,3.882674163870976e-05,1.006231110786907,1.4446970091333,1.4446970091333,0.00016191138122928378,0.8113622064706193,2.256059215603919,8.757631056020452e-05,0.4115663972418947,0.912477741334299,True,0.718412772524911,0.4955541063538085,0.4955541063538085,0.6768046435483457,1.1723587499021542,0.0,0.0,0.010032398781834866,0.7680296480882041,0.7680296480882041,0.0,0.0033772539828213427,0.0,0.0020768789611389626,0.08036961458856831,6.411888171995512e-05,0.04109730767535589,0.0032977895010083396,1.619113812292838e-05,8.757631056020452e-07,0.004115663972418947,0.912477741334299
0.0,0.0,0.028964679121057296,1600,0.5962441078817993,0.5962441084780434,0.41085135349479895,0.41085135349479895,0.20509144471803456,0.6159427982128335,0.0,0.01656992141896805,3.558221585765178,0.0,0.040901726552783464,0.0002730451700460214,0.184337229363836,0.0005060876788373403,1.0224963925738626,0.007612495864158732,0.71607191035249,0.15718108761305732,-0.15718108761305732,0.5732413737015267,0.4160602860884694,0.35635349594186355,0.14981928126130933,-0.14981928126130933,0.44237110641012023,0.2925518251488109,0.3169949159620469,0.7336010943669331,0.0005992521721795151,1.024479627696914,1.1209314638680778,1.1209314638680778,6.719746391790196e-05,0.8113622064706193,1.932293670338697,3.6477439516919384e-05,0.2611430022077167,0.6863255183696079,True,0.7321809553838593,0.5523561276704232,0.5523561276704232,0.6768046435483457,1.2291607712187689,0.0,0.0,0.005792935824211459,0.5962441078817993,0.5962441078817993,0.0,0.008284960709484025,0.0,0.0032765420405522568,0.046084307340959,0.003036526073024042,0.01781767479709318,0.0031699491596204688,6.719746391790197e-06,3.6477439516919384e-07,0.002611430022077167,0.6863255183696079
0.0,0.0,0.005431945151462226,1625,0.1390416972273688,0.1390416973664105,0.13342610776922811,0.13342610776922811,0.20509144471803456,0.3385175524872627,0.0,0.004794685486095551,2.911845101036864,0.0,0.016378265393438982,6.914893068995025e-05,0.0,0.0008987917792986842,0.9700201437745495,0.005058777940752784,0.71607191035249,0.0966533253170021,0.0966533253170021,0.5732413737015267,0.6698946990185288,0.23707735141905142,0.14166322788160968,0.14166322788160968,0.44237110641012023,0.5840343342917299,0.08562339834306605,0.6950840638011863,0.0008590587913866527,0.9706902952695416,0.10573972671480014,0.10573972671480014,2.857459911951082e-05,0.8113622064706193,0.9171019331854194,1.888822365712561e-05,0.21763082934050207,0.16363742303471737,True,0.6946041871332401,0.1956251940927472,-0.1956251940927472,0.6768046435483457,0.4811794494555985,0.0,0.0,0.0010863890302924453,0.1390416972273688,0.1390416972273688,0.0,0.0023973427430477754,0.0,0.000829787168279403,0.0,0.005392750675792105,0.011853867570952572,0.0008562339834306606,2.857459911951082e-06,1.8888223657125609e-07,0.002176308293405021,0.16363742303471737
0.0,0.0,0.02700607657040783,1650,0.34164439699623256,0.34164439733787694,0.20360149401620567,0.20360149401620567,0.20509144471803456,0.40869293873424023,0.0,0.007732220722787059,3.6794632009953667,0.0,0.018927549099597697,8.341210396291588e-05,0.005140100057488714,0.003155943473679085,1.0561777845209215,0.007312576054856061,0.71607191035249,0.43603992521156704,-0.43603992521156704,0.5732413737015267,0.1372014484899597,0.2942268754415122,0.4363521255213393,0.4363521255213393,0.44237110641012023,0.8787232319314595,0.148029789619529,0.7569046589283631,0.0032516495185504575,1.0570232366544592,0.34895154929426686,0.34895154929426686,5.6411176121470183e-05,0.8113622064706193,1.1603137557648862,2.595551818143875e-05,0.24298391520937176,0.39076073526886784,True,0.7562992543955347,0.19962395952341466,-0.19962395952341466,0.6768046435483457,0.477180684024931,0.0,0.0,0.005401215314081566,0.34164439699623256,0.34164439699623256,0.0,0.0038661103613935295,0.0,0.0010009452475549904,0.0012850250143721785,0.01893566084207451,0.014711343772075612,0.00148029789619529,5.641117612147019e-06,2.5955518181438747e-07,0.002429839152093718,0.39076073526886784
0.0,0.0,0.027135891104560984,1675,0.1675862192679314,0.16758621943551763,0.1801322973019017,0.1801322973019017,0.20509144471803456,0.38522374201993625,0.0,0.01040387087219201,2.578575962292347,0.0,0.041027331211619715,0.0006530634693308791,0.0,9.264564354248626e-05,1.0096252606999752,0.0034066944027821055,0.71607191035249,0.3031117682091039,-0.3031117682091039,0.5732413737015267,0.2701296054924228,0.27477593584707066,0.033359761912475805,-0.033359761912475805,0.44237110641012023,0.4090113444976444,0.27124503464497574,0.7235205037793591,0.00010820170020486096,1.0104020046243434,0.10486675235607656,0.10486675235607656,1.6465821070545818e-05,0.8113622064706193,0.9162289588266959,1.6984682704576633e-05,0.18415005005103025,0.2049025324864128,True,0.7229642992658146,0.0631775806815148,-0.0631775806815148,0.6768046435483457,0.6136270628668309,0.0,0.0,0.005427178220912197,0.1675862192679314,0.1675862192679314,0.0,0.005201935436096005,0.0,0.00783676163197055,0.0,0.0005558738612549176,0.013738796792353535,0.0027124503464497573,1.646582107054582e-06,1.6984682704576633e-07,0.0018415005005103025,0.2049025324864128
0.0,0.0,0.012946631910199216,1700,0.23281926817739237,0.23281926841021164,0.13742686373677035,0.13742686373677035,0.20509144471803456,0.3425183084548049,2.7581884519518365e-05,0.023302173232236163,1.9863341575743527,0.0,0.07385191545252345,0.0006412287392778595,2.750158811332969e-05,0.008277204554499826,1.0909791435137737,0.0048799615035131135,0.71607191035249,0.3623594107958792,-0.3623594107958792,0.5732413737015267,0.21088196290564756,0.20933639373198148,0.24052930736032838,-0.24052930736032838,0.44237110641012023,0.20184179904979185,0.4093175460704185,0.78185831629576,0.008440319784569784,1.0918712130352581,0.20036417151095065,0.20036417151095065,2.7613236237208144e-06,0.8113622064706193,1.01172637798157,1.3512114536862485e-05,0.10725620932899979,0.32019540668761054,True,0.7812195303604227,0.15110732716172426,0.15110732716172426,0.6768046435483457,0.8279119707100699,0.0,0.0,0.0025893263820398436,0.23281926817739237,0.23281926817739237,0.00013790942259759182,0.011651086616118082,0.0,0.007694744871334314,6.875397028332422e-06,0.04966322732699896,0.010466819686599075,0.004093175460704185,2.7613236237208147e-07,1.3512114536862485e-07,0.001072562093289998,0.32019540668761054
0.0,0.0,0.0022196719504104117,1725,0.32938583849835046,0.3293858388277363,0.07228703795145955,-0.07228703795145955,0.20509144471803456,0.132804406766575,0.0,0.007477374559625831,1.8511999292504786,0.0,0.02033885927345801,7.168395077344016e-05,0.0,0.05439579676322571,0.7667709349947445,0.006129277765728981,0.71607191035249,0.1005946412155912,-0.1005946412155912,0.5732413737015267,0.47264673248593553,0.11294403095358328,0.030911012235050384,0.030911012235050384,0.44237110641012023,0.4732821186451706,0.12673851512503606,0.549456250522795,0.054140018404644795,0.7673199226305681,0.47891901986976915,-0.47891901986976915,2.9505300188196393e-06,0.8113622064706193,0.33244318660085015,9.020915280491775e-06,0.11045655514582933,0.6688229856694236,True,0.5490631358921609,0.544804128227524,-0.544804128227524,0.6768046435483457,0.13200051532082163,0.0,0.0,0.00044393439008208235,0.32938583849835046,0.32938583849835046,0.0,0.0037386872798129155,0.0,0.0008602074092812819,0.0,0.32637478057935426,0.005647201547679164,0.0012673851512503605,2.9505300188196397e-07,9.020915280491776e-08,0.0011045655514582934,0.6688229856694236
0.0,0.0,0.038861603340068024,1750,0.24570578845910204,0.24570578870480783,0.07941696186475458,0.07941696186475458,0.20509144471803456,0.28450840658278914,0.0,0.016159884867922823,1.5183419126936637,0.0,0.038878000181246264,0.00020625260593806925,0.0,0.06014116500762884,1.2452369568552604,0.006117870651702909,0.71607191035249,0.48457562463139414,-0.48457562463139414,0.5732413737015267,0.08866574907013261,0.1714440953731557,0.2433581350595042,0.2433581350595042,0.44237110641012023,0.6857292414696244,0.3322979521636045,0.8921780644172679,0.06048333480774811,1.2459335983710809,0.036053442812007064,-0.036053442812007064,9.022068206339708e-06,0.8113622064706193,0.7753087636586122,7.263296977482513e-06,0.08355109050770372,0.6376117429132682,True,0.8916792189892371,0.01459625151489774,0.01459625151489774,0.6768046435483457,0.6914008950632434,0.0,0.0,0.0077723206680136055,0.24570578845910204,0.24570578845910204,0.0,0.008079942433961412,0.0,0.002475031271256831,0.0,0.36084699004577303,0.008572204768657785,0.0033229795216360453,9.022068206339709e-07,7.263296977482513e-08,0.0008355109050770372,0.6376117429132682
0.0,0.0,0.027548072182474938,1775,0.24719576340929644,0.2471957636564922,0.17731410837039782,0.17731410837039782,0.20509144471803456,0.3824055530884324,0.0,0.009110471660194531,2.3628217398297444,0.0,0.03651857820101391,0.00010350399716373211,0.0025736846012752008,0.08393792283105828,1.289720421839846,0.006251597681528762,0.71607191035249,0.3595179213111007,-0.3595179213111007,0.5732413737015267,0.21372345239042603,0.21486904180884994,0.13125506930765563,0.13125506930765563,0.44237110641012023,0.5736261757177759,0.31532140516799434,0.9243061702798769,0.08456507492940556,1.290800747814385,0.3020768653096805,0.3020768653096805,1.0270304621848569e-05,0.8113622064706193,1.1134390717802998,1.4315167104262564e-05,0.12636503822308962,0.7779351064850085,True,0.923532579184682,0.19067504635703503,0.19067504635703503,0.6768046435483457,0.8674796899053807,0.0,0.0,0.005509614436494988,0.24719576340929644,0.24719576340929644,0.0,0.004555235830097266,0.0,0.0012420479659647852,0.0006434211503188002,0.5036275369863497,0.010743452090442498,0.0031532140516799434,1.027030462184857e-06,1.4315167104262564e-07,0.001263650382230896,0.7779351064850085
0.0,0.0,0.0564230948199542,1800,0.1646334506537665,0.16463345081839995,0.013204808357940911,0.013204808357940911,0.20509144471803456,0.21829625307597547,0.0,0.020666636496324543,1.7153680894197514,0.0,0.056188510723899875,0.0003067383552474503,0.0,0.02227497978956979,0.8507519521415111,0.006390609806053249,0.71607191035249,0.21640383828883636,-0.21640383828883636,0.5732413737015267,0.35683753541269037,0.16709363629104101,0.10733311828851033,-0.10733311828851033,0.44237110641012023,0.3350379881216099,0.4979607808354903,0.6096040291110165,0.022106705047296234,0.8513167627225711,0.1409475893129546,0.1409475893129546,3.5665703806733493e-06,0.8113622064706193,0.9523097957835739,9.040441580310247e-06,0.06261709796941621,0.3375430345303627,True,0.6091995841136015,0.2390172718388634,-0.2390172718388634,0.6768046435483457,0.4377873717094823,0.0,0.0,0.011284618963990842,0.1646334506537665,0.1646334506537665,0.0,0.010333318248162271,0.0,0.0036808602629694034,0.0,0.13364987873741874,0.008354681814552052,0.004979607808354903,3.5665703806733496e-07,9.040441580310247e-08,0.0006261709796941622,0.3375430345303627
0.0,0.0,0.030436735008756217,1825,0.17134963711512402,0.17134963728647365,0.022703673304552197,0.022703673304552197,0.20509144471803456,0.22779511802258676,0.0,0.008659960074598225,1.8186188820261242,0.0,0.025664085956115325,0.00013139007599434873,0.0,0.0008336134295833078,1.028872364461251,0.009742787980829108,0.71607191035249,0.31438068150924015,-0.31438068150924015,0.5732413737015267,0.2588606921922866,0.14440767331050725,0.1875275782056895,-0.1875275782056895,0.44237110641012023,0.25484352820443074,0.20007779560423886,0.7371986297259685,0.0008704632258071148,1.0295036137753855,0.012731220353448647,-0.012731220353448647,1.8655124878881209e-06,0.8113622064706193,0.7986309861171706,1.2690909017499759e-05,0.1701690948944188,0.1992684916744573,True,0.7367466098173749,0.11010969414142069,-0.11010969414142069,0.6768046435483457,0.566694949406925,0.0,0.0,0.006087347001751244,0.17134963711512402,0.17134963711512402,0.0,0.004329980037299112,0.0,0.0015766809119321847,0.0,0.005001680577499847,0.007220383665525363,0.0020007779560423885,1.865512487888121e-07,1.2690909017499759e-07,0.001701690948944188,0.1992684916744573
0.0,0.0,0.040795243631276956,1850,0.22569495173225945,0.2256949519579544,0.018178382128087034,0.018178382128087034,0.20509144471803456,0.2232698268461216,0.0,0.009741228292615511,1.1956331624662573,0.0,0.028193397969981642,0.00018913496328589366,0.0,0.07513390573233658,1.2741056470274492,0.007352111348796117,0.71607191035249,0.3760862400411916,-0.3760862400411916,0.5732413737015267,0.19715513366033507,0.1369032445430421,0.2667973788663872,0.2667973788663872,0.44237110641012023,0.7091684852765074,0.24027146165345886,0.9129872523851189,0.07562158510871142,1.2749937910366549,0.11627240725233434,-0.11627240725233434,8.262435857518116e-07,0.8113622064706193,0.695089799218285,7.228058997495082e-06,0.041740620317935524,0.7014631065100875,True,0.9123512773988973,0.16798699090457536,-0.16798699090457536,0.6768046435483457,0.5088176526437703,0.0,0.0,0.008159048726255391,0.22569495173225945,0.22569495173225945,0.0,0.0048706141463077555,0.0,0.002269619559430724,0.0,0.4508034343940195,0.0068451622271521045,0.002402714616534589,8.262435857518116e-08,7.228058997495082e-08,0.0004174062031793552,0.7014631065100875
0.0,0.0,0.042262278961648914,1875,0.3215360201555016,0.32153602047703755,0.21058850751674665,0.21058850751674665,0.20509144471803456,0.4156799522347812,0.0,0.013676824434507342,3.237052660289395,0.0,0.024135034390556906,0.00011358232235103489,0.02099571443383321,0.00017084125905901198,0.9869293741902305,0.010559497805700134,0.71607191035249,0.3816333288639433,-0.3816333288639433,0.5732413737015267,0.1916080448375834,0.26961925864258013,0.07091132002483869,0.07091132002483869,0.44237110641012023,0.5132824264349589,0.2569711247506369,0.7071235496053248,0.00015616174419408172,0.9875035307308792,0.5126417629019272,0.5126417629019272,2.603744161532467e-05,0.8113622064706193,1.3240039693725465,2.40530237021552e-05,0.2709335116575882,0.3632267057667197,True,0.7067124122286795,0.24311633582357917,0.24311633582357917,0.6768046435483457,0.9199209793719249,0.0,0.0,0.008452455792329783,0.3215360201555016,0.3215360201555016,0.0,0.006838412217253671,0.0,0.0013629878682124186,0.005248928608458303,0.0010250475543540718,0.013480962932129007,0.002569711247506369,2.603744161532467e-06,2.40530237021552e-07,0.0027093351165758824,0.3632267057667197
0.0,0.0,0.009170143682766363,1900,0.17888983699767994,0.17888983717656978,0.005607366612480763,0.005607366612480763,0.20509144471803456,0.21069881133051532,0.0,0.01115533562484763,2.002076952251185,0.0,0.060301154670059524,0.00025161495516420835,0.0,2.1259038177487755e-06,1.0014580479476851,0.009724398434620921,0.71607191035249,0.33358909428681954,-0.33358909428681954,0.5732413737015267,0.23965227941470718,0.13195068371925237,0.11690689959309986,0.11690689959309986,0.44237110641012023,0.5592780060032201,0.241103868995322,0.7177074053507166,5.21650756962834e-06,1.002283967506255,0.018794485765901814,-0.018794485765901814,1.1388764850601036e-05,0.8113622064706193,0.7925677207047175,1.1319680824039623e-05,0.16669363117603747,0.20001042969250352,True,0.7171159875463549,0.1862103299234365,-0.1862103299234365,0.6768046435483457,0.4905943136249092,0.0,0.0,0.0018340287365532727,0.17888983699767994,0.17888983699767994,0.0,0.005577667812423815,0.0,0.0030193794619705,0.0,1.2755422906492653e-05,0.006597534185962619,0.00241103868995322,1.1388764850601037e-06,1.1319680824039623e-07,0.0016669363117603748,0.20001042969250352
0.0,0.0,0.052842812127057305,1925,0.2153409354617497,0.21534093567709064,0.027930190185355946,0.027930190185355946,0.20509144471803456,0.2330216349033905,0.0,0.021475033996415496,1.7205359544803935,0.0,0.05199787154068423,0.0006511294537242865,0.0,0.0020640063090939117,0.9545686637980577,0.015543903758051907,0.71607191035249,0.31897176659426935,-0.31897176659426935,0.5732413737015267,0.2542696071072574,0.16473071033950118,0.2178131737049065,-0.2178131737049065,0.44237110641012023,0.22455793270521374,0.3606888737277518,0.6840669794825616,0.0019976563060649676,0.9553048514258542,0.013950868847404041,0.013950868847404041,1.364791030492875e-05,0.8113622064706193,0.8253130753180233,1.7822435899738742e-05,0.125399716091621,0.26994357061518204,True,0.6835398161941856,0.28582915194634023,-0.28582915194634023,0.6768046435483457,0.39097549160200545,0.0,0.0,0.010568562425411461,0.2153409354617497,0.2153409354617497,0.0,0.010737516998207748,0.0,0.007813553444691437,0.0,0.012384037854563469,0.00823653551697506,0.0036068887372775185,1.364791030492875e-06,1.7822435899738743e-07,0.0012539971609162102,0.26994357061518204
0.0,0.0,0.025854576947983418,1950,0.4243122809130777,0.42431228133739,0.30843489486976927,0.30843489486976927,0.20509144471803456,0.5135263395878038,0.0,0.016677726641169895,3.6844198186943045,9.009535283337064e-06,0.08300158879317888,0.002620729240945148,0.06066743996316899,0.010517318874273825,1.102553980294642,0.019943289908006485,0.71607191035249,0.496777835305887,-0.496777835305887,0.5732413737015267,0.07646353839563975,0.33620129882688693,0.035809928097623456,0.035809928097623456,0.44237110641012023,0.4781810345077437,0.3672168294966035,0.7909620269927066,0.01093794185180498,1.1045846157510988,0.7393983583993112,0.7393983583993112,6.212262999697943e-05,0.8113622064706193,1.5507605648699305,3.082893649854768e-05,0.249548174759391,0.5705798764990053,True,0.7895079459618658,0.10144937205434079,0.10144937205434079,0.6768046435483457,0.7782540156026865,0.0,0.0,0.005170915389596684,0.4243122809130777,0.4243122809130777,0.0,0.008338863320584948,5.405721170002238e-05,0.031448750891341776,0.015166859990792248,0.06310391324564295,0.016810064941344346,0.003672168294966035,6.212262999697943e-06,3.082893649854768e-07,0.0024954817475939103,0.5705798764990053
0.0,0.0,0.04102463292395283,1975,0.24421907996401213,0.24421908020823122,0.18479595287698816,0.18479595287698816,0.20509144471803456,0.3898873975950227,0.0,0.013208448516580765,3.114152400504144,0.0,0.040572077673383285,0.000596311664895368,0.0016718538458541088,3.560838524669073e-06,0.998112981578079,0.009297419912298559,0.71607191035249,0.20423100349015094,-0.20423100349015094,0.5732413737015267,0.3690103702113758,0.2097199874344263,0.20620479615867193,0.20620479615867193,0.44237110641012023,0.6485759025687922,0.2509500692300306,0.715390726502231,9.049574284396056e-07,0.9990487074958565,0.2800668328400425,0.2800668328400425,2.954116479221798e-05,0.8113622064706193,1.0914290393106618,2.4570911525412866e-05,0.25387614613392795,0.28216076062940443,True,0.7147206794473645,0.31842911281252617,-0.31842911281252617,0.6768046435483457,0.3583755307358195,0.0,0.0,0.008204926584790566,0.24421907996401213,0.24421907996401213,0.0,0.006604224258290383,0.0,0.007155739978744417,0.0004179634614635272,2.1365031148014438e-05,0.010485999371721316,0.002509500692300306,2.954116479221798e-06,2.4570911525412864e-07,0.0025387614613392793,0.28216076062940443
0.0,0.0,0.024124670336489365,2000,0.752244963600972,0.7522449643532171,0.3933431093470864,0.3933431093470864,0.20509144471803456,0.5984345540651209,0.0,0.009507325251216281,3.241901892823047,0.0,0.04836727514721138,0.00045258628479674727,0.3092125761860391,0.013312658294959041,1.1153804935635094,0.003215953231234564,0.71607191035249,0.39014981233542195,-0.39014981233542195,0.5732413737015267,0.18309156136610477,0.33364415634253036,0.020058167559383,0.020058167559383,0.44237110641012023,0.46242927396950323,0.253212396956875,0.7996733688941446,0.013630579404392535,1.116750072395663,1.223597642962401,1.223597642962401,5.618785217198592e-05,0.8113622064706193,2.03495984943302,2.9791592214178684e-05,0.18124346960394044,0.945466372711577,True,0.7986926519497303,1.0123404725134137,1.0123404725134137,0.6768046435483457,1.6891451160617594,0.0,0.0,0.004824934067297873,0.752244963600972,0.752244963600972,0.0,0.0047536626256081405,0.0,0.005431035417560967,0.07730314404650977,0.07987594976975425,0.01668220781712652,0.0025321239695687498,5.618785217198592e-06,2.9791592214178684e-07,0.0018124346960394044,0.945466372711577
0.0,0.0,0.040936405940357384,2025,0.47695781032319734,0.47695781080015515,0.22975456736691532,0.22975456736691532,0.20509144471803456,0.4348460120849499,0.0,0.01209802915929296,2.9892021787004825,0.0,0.014779985087234049,3.87031463545159e-05,0.12095177657045138,0.009097608047576788,0.90461861791955,0.006256778781406932,0.71607191035249,0.18784618452343066,-0.18784618452343066,0.5732413737015267,0.38539518917809606,0.2425070346126758,0.31040594440019953,0.31040594440019953,0.44237110641012023,0.7527770508103198,0.33068481452297777,0.6485409929849679,0.008893897902413718,0.9056925352773508,0.9663002414155165,0.9663002414155165,3.2013966243706086e-05,0.8113622064706193,1.7776624478861358,3.460813931216453e-05,0.17082478016997432,0.5936261314308238,True,0.6477719909202676,0.1388611150457485,0.1388611150457485,0.6768046435483457,0.8156657585940942,0.0,0.0,0.008187281188071478,0.47695781032319734,0.47695781032319734,0.0,0.00604901457964648,0.0,0.00046443775625419083,0.030237944142612844,0.054585648285460725,0.01212535173063379,0.0033068481452297777,3.2013966243706087e-06,3.460813931216453e-07,0.0017082478016997432,0.5936261314308238
0.000864658183731924,0.0,0.007894361361910247,2050,0.8815008650705346,0.8815008659520355,0.4942917632844849,0.4942917632844849,0.20509144471803456,0.6993832080025194,0.0,0.0095275101000757,2.8850525726334673,0.0,0.06359671928978396,0.00041394848309569184,0.41807449546778513,0.1843887147554295,1.429405070714622,0.004202905013353988,0.71607191035249,0.507577057193237,-0.507577057193237,0.5732413737015267,0.0656643165082898,0.30613837556334783,0.3837736740142651,0.3837736740142651,0.44237110641012023,0.8261447804243853,0.1618610365006864,1.0245461277937404,0.1855771182224485,1.4307866272558243,1.3271570473767542,1.3271570473767542,2.6589487425731104e-05,0.8113622064706193,2.1385192538473734,2.487524470964694e-05,0.39343647194611053,2.1279832208883787,True,1.0235568339482062,1.214344269909863,1.214344269909863,0.6768046435483457,1.8911489134582087,0.003458632734927696,0.0,0.0015788722723820495,0.8815008650705346,0.8815008650705346,0.0,0.00476375505003785,0.0,0.004967381797148302,0.10451862386694628,1.106332288532577,0.015306918778167393,0.001618610365006864,2.6589487425731106e-06,2.487524470964694e-07,0.003934364719461105,2.1279832208883787
0.0,0.0,0.021720290987511364,2075,0.36162511333946457,0.3616251137010897,0.09579927210888542,-0.09579927210888542,0.20509144471803456,0.10929217260914914,0.0,0.013553327978869583,0.4455843655815137,0.0,0.07637065169151475,0.0011554664049260512,0.0,0.004336745582273974,1.0658539716514803,0.00284019241575394,0.71607191035249,0.3410344036138745,-0.3410344036138745,0.5732413737015267,0.2322069700876522,0.08523784724644091,0.2801528699200909,-0.2801528699200909,0.44237110641012023,0.1622182364900293,0.2948680356222574,0.7634667970207453,0.004380760466006559,1.0661873134823174,0.5002328688829407,-0.5002328688829407,4.320868194483414e-07,0.8113622064706193,0.31112933758767863,6.878496487734088e-07,0.011794093735706657,0.4199604696222382,True,0.7632281002958039,0.44683676625412794,-0.44683676625412794,0.6768046435483457,0.22996787729421772,0.0,0.0,0.004344058197502273,0.36162511333946457,0.36162511333946457,0.0,0.0067766639894347915,0.0,0.013865596859112615,0.0,0.026020473493643843,0.004261892362322046,0.002948680356222574,4.3208681944834145e-08,6.8784964877340885e-09,0.00011794093735706657,0.4199604696222382
0.0,0.0,0.00616646289555103,2100,0.39848280034560946,0.39848280074409226,0.06550354043247289,0.06550354043247289,0.20509144471803456,0.27059498515050745,0.0,0.013903777316740936,1.3344535218416385,0.0,0.07303972762774262,0.0009398125926779695,0.02147196102232728,0.014510080627407905,1.1204577960424642,0.004608110949142605,0.71607191035249,0.4162386085832878,-0.4162386085832878,0.5732413737015267,0.1570027651182389,0.1587828793754853,0.41185939745614514,-0.41185939745614514,0.44237110641012023,0.03051170895397508,0.26598804898340067,0.8027882731296963,0.014665224619337213,1.1211000603605845,0.1521810919068166,0.1521810919068166,7.733724801927976e-06,0.8113622064706193,0.9635432983774359,8.621395356756648e-06,0.1602164361219597,0.5225762551215166,True,0.8023283656860459,0.6508534177161933,0.6508534177161933,0.6768046435483457,1.327658061264539,0.0,0.0,0.0012332925791102062,0.39848280034560946,0.39848280034560946,0.0,0.006951888658370468,0.0,0.011277751112135633,0.00536799025558182,0.08706048376444743,0.007939143968774265,0.0026598804898340066,7.733724801927976e-07,8.621395356756649e-08,0.001602164361219597,0.5225762551215166
0.0,0.0,0.003241057049749484,2125,1.1191042323873568,1.119104233506461,0.6712226533227404,0.6712226533227404,0.20509144471803456,0.876314098040775,0.0,0.010920743009875316,3.8127398648461863,0.0,0.04331117826498004,0.00017408483837410402,0.8402906786015298,0.007344648416915615,1.0857009242477327,0.007930890888341546,0.71607191035249,0.38894256293590634,-0.38894256293590634,0.5732413737015267,0.18429881076562038,0.5886156326612016,0.3544519510183055,0.3544519510183055,0.44237110641012023,0.7968230574284257,0.20833053637187587,0.7796741015608467,0.007889159415984923,1.088820940188589,2.1050829239282893,2.1050829239282893,8.984661002896704e-05,0.8113622064706193,2.9164451303989085,6.0649053136481606e-05,0.31976067483291515,1.4161636784112526,True,0.7774399457545472,1.0503070777008443,1.0503070777008443,0.6768046435483457,1.72711172124919,0.0,0.0,0.0006482114099498968,1.1191042323873568,1.1191042323873568,0.0,0.005460371504937658,0.0,0.0020890180604892484,0.21007266965038246,0.04406789050149369,0.029430781633060083,0.002083305363718759,8.984661002896704e-06,6.06490531364816e-07,0.0031976067483291517,1.4161636784112526
0.0,0.0,0.025642036534117535,2150,0.13770225662953658,0.13770225676723885,0.0312629899122463,0.0312629899122463,0.20509144471803456,0.23635443463028086,0.0,0.007467049373215448,2.231661072715489,0.0,0.03611112203754237,0.00015223904339223997,0.0,0.00022646417061373061,0.9849512734554139,0.006870049687984546,0.71607191035249,0.2596361572673817,-0.2596361572673817,0.5732413737015267,0.313605216434145,0.1368973496060001,0.07877030079441516,0.07877030079441516,0.44237110641012023,0.5211414072045354,0.23269302822405907,0.7058802759192466,0.00020257005190108614,0.9857672893691649,0.10489098098998706,0.10489098098998706,4.572771981412546e-06,0.8113622064706193,0.9162531874606064,1.6509207211366925e-05,0.20441789620206524,0.16096644126118861,True,0.7052959498368487,0.09599151376472104,-0.09599151376472104,0.6768046435483457,0.5808131297836246,0.0,0.0,0.005128407306823507,0.13770225662953658,0.13770225662953658,0.0,0.003733524686607724,0.0,0.0018268685207068797,0.0,0.0013587850236823837,0.006844867480300006,0.0023269302822405908,4.5727719814125463e-07,1.6509207211366926e-07,0.0020441789620206526,0.16096644126118861
0.0,0.0,0.020234170187718607,2175,0.18466725133385434,0.1846672515185216,0.044493217320662415,0.044493217320662415,0.20509144471803456,0.24958466203869697,0.0,0.004828777125769993,1.910450723820884,0.0,0.020595358517768836,3.572854214429821e-05,0.0,0.0053001377585661456,1.072802045016374,0.005159118005481958,0.71607191035249,0.2752221503748239,-0.2752221503748239,0.5732413737015267,0.29801922332670283,0.1174077870645331,0.2536514726487853,0.2536514726487853,0.44237110641012023,0.6960225790589055,0.10387654520804253,0.7687738767837621,0.0054167674056079754,1.0735986916025548,0.15233299406075052,0.15233299406075052,2.9566615261270744e-06,0.8113622064706193,0.9636952005313698,1.1891151276638585e-05,0.12231109118252008,0.23149072328620918,True,0.7682034205329533,0.0723787248860368,0.0723787248860368,0.6768046435483457,0.7491833684343825,0.0,0.0,0.004046834037543722,0.18466725133385434,0.18466725133385434,0.0,0.0024143885628849964,0.0,0.00042874250573157855,0.0,0.03180082655139688,0.0058703893532266556,0.0010387654520804253,2.9566615261270744e-07,1.1891151276638586e-07,0.0012231109118252008,0.23149072328620918
0.0,0.0,0.01472983489030181,2200,0.3166640628065197,0.3166640631231838,0.06300488197080531,-0.06300488197080531,0.20509144471803456,0.14208656274722925,0.0,0.009456144724641088,0.7897879647838109,0.0,0.053054495512808476,0.0004307789467321435,0.0,0.06366776236970811,1.252324716129253,0.0025757540085831155,0.71607191035249,0.45868901179362165,-0.45868901179362165,0.5732413737015267,0.11455236190790505,0.07645278915630267,0.18855404872671888,0.18855404872671888,0.44237110641012023,0.6309251551368391,0.19425582272692793,0.8972536595436557,0.06401998390847505,1.2530217063978406,0.41109158820878783,-0.41109158820878783,1.6717593661765441e-06,0.8113622064706193,0.40027061826183147,1.9345575331657627e-06,0.01430592451191075,0.7174224671776506,True,0.896754564383561,0.2871698042775266,-0.2871698042775266,0.6768046435483457,0.3896348392708191,0.0,0.0,0.0029459669780603622,0.3166640628065197,0.3166640628065197,0.0,0.004728072362320544,0.0,0.005169347360785722,0.0,0.3820065742182487,0.003822639457815134,0.0019425582272692794,1.6717593661765443e-07,1.9345575331657627e-08,0.0001430592451191075,0.7174224671776506
0.0,0.0,0.05814599081751593,2225,0.17954954832246955,0.1795495485020191,0.17152634386890617,0.17152634386890617,0.20509144471803456,0.3766177885869407,0.0,0.0037159818879642244,2.9436423535338636,0.0,0.048012622621360974,0.00022085013943998143,0.0,0.0769476530017876,1.2773943997303976,0.008504301793471211,0.71607191035249,0.31671055348963206,-0.31671055348963206,0.5732413737015267,0.25653082021189466,0.21186906028217156,0.014411008092151234,0.014411008092151234,0.44237110641012023,0.45678211450227146,0.26276998697166076,0.9153873411315063,0.07747623608480651,1.2783455336174923,0.1753576733392137,0.1753576733392137,8.266027485793896e-06,0.8113622064706193,0.986719879809833,2.0626442356408162e-05,0.30461606344440245,0.6736412034994016,True,0.9147062608624621,0.022479985553305437,-0.022479985553305437,0.6768046435483457,0.6543246579950402,0.0,0.0,0.011629198163503187,0.17954954832246955,0.17954954832246955,0.0,0.0018579909439821122,0.0,0.002650201673279777,0.0,0.4616859180107256,0.010593453014108578,0.0026276998697166076,8.266027485793897e-07,2.0626442356408162e-07,0.0030461606344440247,0.6736412034994016
0.0,0.0,0.01918087961007934,2250,0.27931291062668007,0.279312910905993,0.147265382458971,0.147265382458971,0.20509144471803456,0.35235682717700556,0.0,0.005242795071309319,2.746420995792268,0.0,0.0501918840594073,0.00024883139530199885,0.022290800177783173,0.006455156025519223,1.0803439856213222,0.004230893941718295,0.71607191035249,0.27776892411464726,-0.27776892411464726,0.5732413737015267,0.29547244958687946,0.20017773977531456,0.13503991615575606,0.13503991615575606,0.44237110641012023,0.5774110225658763,0.11316128271069592,0.7744486807243292,0.006646097258092032,1.0815235993936236,0.5224850653302985,0.5224850653302985,2.1655840646264024e-05,0.8113622064706193,1.3338472718009178,2.2626375510425397e-05,0.13603898371282305,0.3455633785263563,True,0.773603992425123,0.0030692785374279996,-0.0030692785374279996,0.6768046435483457,0.6737353650109177,0.0,0.0,0.003836175922015868,0.27931291062668007,0.27931291062668007,0.0,0.0026213975356546597,0.0,0.002985976743623986,0.005572700044445793,0.03873093615311534,0.010008886988765729,0.0011316128271069593,2.1655840646264023e-06,2.2626375510425398e-07,0.0013603898371282305,0.3455633785263563
0.0,0.0,0.04743843870345029,2275,0.2900656086248057,0.2900656089148713,0.07248928461681794,-0.07248928461681794,0.20509144471803456,0.13260216010121662,0.0,0.02013085772244187,1.9433511339213017,0.0,0.0318722674508706,0.00029383523031710967,0.006040634979871852,0.09629223103022208,0.689690104846426,0.00658752211375558,0.71607191035249,0.1558835700422352,-0.1558835700422352,0.5732413737015267,0.41735780365929154,0.09927063660176821,0.6161617128863025,-0.6161617128863025,0.44237110641012023,-0.1737906064761823,0.35757149125945625,0.4941463655100582,0.09605087840702665,0.690079238502764,0.1037580353489872,-0.1037580353489872,3.308254675118093e-05,0.8113622064706193,0.7076041711216321,1.0319787481382724e-05,0.3005835593203851,0.9039567867052591,True,0.49386771782549044,0.026737936643296156,-0.026737936643296156,0.6768046435483457,0.6500667069050495,0.0,0.0,0.00948768774069006,0.2900656086248057,0.2900656086248057,0.0,0.010065428861220934,0.0,0.003526022763805316,0.001510158744967963,0.5777533861813324,0.004963531830088411,0.0035757149125945627,3.308254675118093e-06,1.0319787481382725e-07,0.003005835593203851,0.9039567867052591
0.0,0.0,0.017203819144084278,2300,0.21642001828981974,0.21642001850623976,0.09787857236940042,0.09787857236940042,0.20509144471803456,0.302970017087435,0.0,0.00961734377508019,1.539630610444877,0.0001331831646192652,0.09154050105581492,0.0009260021396619876,0.0,0.08978838986952009,1.2996471088956476,0.0024471767877358728,0.71607191035249,0.4384823273804819,-0.4384823273804819,0.5732413737015267,0.13475904632104482,0.14788552303500951,0.03033631621438576,-0.03033631621438576,0.44237110641012023,0.41203479019573447,0.20736480615427316,0.9312275114888525,0.09028009033102864,1.3004664545852476,0.052846424071813725,-0.052846424071813725,7.1298258948234795e-06,0.8113622064706193,0.7585157823988056,8.414011177971058e-06,0.15029789180787623,0.7862826181410298,True,0.930640801047468,0.16919846062684085,0.16919846062684085,0.6768046435483457,0.8460031041751865,0.0,0.0,0.0034407638288168558,0.21642001828981974,0.21642001828981974,0.0,0.004808671887540095,0.0007990989877155912,0.01111202567594385,0.0,0.5387303392171205,0.007394276151750476,0.002073648061542732,7.12982589482348e-07,8.414011177971057e-08,0.0015029789180787624,0.7862826181410298
0.0,0.0,0.044568894237782916,2325,0.5056661865214986,0.5056661870271648,0.07916517651525626,0.07916517651525626,0.20509144471803456,0.2842566212332908,0.0,0.015087511282611094,2.1432660070012712,0.0001804974776541502,0.09343493497022409,0.0012523874517631763,0.06434302944283429,0.06021070839707214,1.2453787040414717,0.005680841128516169,0.71607191035249,0.480691072107271,-0.480691072107271,0.5732413737015267,0.09255030159425572,0.16073319084262516,0.5039331113071169,-0.5039331113071169,0.44237110641012023,-0.061562004896996675,0.3301523396705031,0.8922828726685801,0.06055534863711176,1.2460799639083031,0.019100626503805063,0.019100626503805063,1.1457339401653057e-05,0.8113622064706193,0.8304628329744244,1.0711451298341743e-05,0.24590895836591042,0.929383888411534,True,0.891780720169072,0.8870439768873468,0.8870439768873468,0.6768046435483457,1.5638486204356925,0.0,0.0,0.008913778847556583,0.5056661865214986,0.5056661865214986,0.0,0.007543755641305547,0.0010829848659249012,0.015028649421158117,0.016085757360708573,0.3612642503824328,0.008036659542131258,0.003301523396705031,1.1457339401653059e-06,1.0711451298341743e-07,0.0024590895836591044,0.929383888411534
0.0,0.0,0.03674192595886293,2350,0.6502058946278936,0.6502058952780994,0.434823785251208,0.434823785251208,0.20509144471803456,0.6399152299692425,0.0,0.00586223235699442,2.8502799140292265,0.0,0.04543548801807684,0.000298958303279477,0.22778094527186504,0.00038299273860256336,1.0195702002698634,0.008467159031788662,0.71607191035249,0.3417571314107129,-0.3417571314107129,0.5732413737015267,0.23148424229081382,0.41014123591733154,0.06828512478149185,0.06828512478149185,0.44237110641012023,0.5106562311916121,0.18517555416109888,0.7315579762121562,0.0004677010610683449,1.0216263973205975,1.2370600058962729,1.2370600058962729,0.00010219103579783903,0.8113622064706193,2.048422212366892,5.0996495287595656e-05,0.32706593414446916,0.7489562941345534,True,0.7300855912414139,0.5224830654932229,0.5224830654932229,0.6768046435483457,1.1992877090415686,0.0,0.0,0.007348385191772586,0.6502058946278936,0.6502058946278936,0.0,0.00293111617849721,0.0,0.0035874996393537237,0.05694523631796626,0.00229795643161538,0.020507061795866578,0.0018517555416109888,1.0219103579783903e-05,5.099649528759566e-07,0.0032706593414446915,0.7489562941345534
0.0,0.0,0.022131850154292056,2375,0.2894683169495419,0.2894683172390102,0.1754813284549717,0.1754813284549717,0.20509144471803456,0.38057277317300625,0.0,0.0051947042030252456,3.461687295399927,0.0,0.02053417828710653,9.66376512321613e-05,0.017617485713974528,0.0025774129969810366,0.9492317717762276,0.006102079899246627,0.71607191035249,0.04114299376780417,-0.04114299376780417,0.5732413737015267,0.5320983799337226,0.2812201528768119,0.35825031680151087,0.35825031680151087,0.44237110641012023,0.8006214232116311,0.10594696441330789,0.6808586761960441,0.0024182365903455323,0.9508244309606332,0.485433057254853,0.485433057254853,2.1290477955433885e-05,0.8113622064706193,1.2967952637254723,2.699338306455756e-05,0.2614670574478847,0.3352580871511574,True,0.6797182176753999,0.14994848545165673,-0.14994848545165673,0.6768046435483457,0.526856158096689,0.0,0.0,0.004426370030858411,0.2894683169495419,0.2894683169495419,0.0,0.0025973521015126228,0.0,0.0011596518147859356,0.004404371428493632,0.015464477981886219,0.014061007643840596,0.0010594696441330789,2.1290477955433887e-06,2.699338306455756e-07,0.002614670574478847,0.3352580871511574
0.0,0.0,0.020586807707932635,2400,0.2246156016751696,0.22461560189978522,0.14140967762010384,0.14140967762010384,0.20509144471803456,0.3465011223381384,0.0,0.022201606542722,2.351857347672452,0.0009053999145972177,0.11008986398435888,0.0017521504346471011,0.0012906450600510464,0.006606287314905056,1.081279070583423,0.009044832119172789,0.71607191035249,0.39960602187021127,-0.39960602187021127,0.5732413737015267,0.17363535183131545,0.13367280093151926,0.007320588107130044,-0.007320588107130044,0.44237110641012023,0.4350505183029902,0.39941688234453177,0.7747562687568319,0.006716318544259453,1.081953148470693,0.2689697628831519,0.2689697628831519,1.746102240356135e-05,0.8113622064706193,1.0803319693537712,1.4449569873719347e-05,0.167524559563127,0.3186073014095004,True,0.7742735805096272,0.013448014307076095,0.013448014307076095,0.6768046435483457,0.6902526578554218,0.0,0.0,0.004117361541586527,0.2246156016751696,0.2246156016751696,0.0,0.011100803271361,0.005432399487583306,0.021025805215765213,0.0003226612650127616,0.039637723889430335,0.006683640046575963,0.003994168823445317,1.7461022403561352e-06,1.4449569873719346e-07,0.0016752455956312701,0.3186073014095004
0.0,0.0,0.020606055559159352,2425,0.45274095685624915,0.4527409573089901,0.27346205551476244,0.27346205551476244,0.20509144471803456,0.478553500232797,0.0,0.005978906761252445,3.679392828102335,0.0,0.03652528556541651,0.00022835546179654143,0.08406442243743431,7.276457888011402e-05,1.0085302156408917,0.004134418470812971,0.71607191035249,0.33334992402546315,-0.33334992402546315,0.5732413737015267,0.23989144967606357,0.31464670949861123,0.23473353651249262,0.23473353651249262,0.44237110641012023,0.6771046429226129,0.10314274543701336,0.7233709269770149,0.0001038996842808586,1.010193119457794,0.8369603306875236,0.8369603306875236,6.212088425989737e-05,0.8113622064706193,1.648322537158143,3.575852970827188e-05,0.23040132146615253,0.5031189257905904,True,0.7221801682474842,0.2887313217559403,0.2887313217559403,0.6768046435483457,0.965535965304286,0.0,0.0,0.004121211111831871,0.45274095685624915,0.45274095685624915,0.0,0.0029894533806262224,0.0,0.0027402655415584972,0.021016105609358578,0.0004365874732806841,0.015732335474930564,0.0010314274543701337,6.212088425989737e-06,3.575852970827188e-07,0.0023040132146615253,0.5031189257905904
0.0,0.0,0.012838133923899934,2450,0.28972037092289155,0.2897203712126119,0.14747858775263942,0.14747858775263942,0.20509144471803456,0.352570032470674,0.0,0.010949033939763353,1.8865030574097583,0.0,0.054590224120280154,0.00043409922976451397,0.013113233702449064,0.003884884490605915,1.0623288415631633,0.009527027556030816,0.71607191035249,0.31318771773411047,-0.31318771773411047,0.5732413737015267,0.26005365596741625,0.14134940355638212,0.2933761623790634,0.2933761623790634,0.44237110641012023,0.7357472687891836,0.2142117412720478,0.7613973752944048,0.004006554512459714,1.0632973499639575,0.44469670962535524,0.44469670962535524,1.761608478069118e-05,0.8113622064706193,1.2560589160959745,1.7175827466242597e-05,0.08442946430373932,0.33961513640430485,True,0.7607038536239705,0.1266027286000202,0.1266027286000202,0.6768046435483457,0.8034073721483659,0.0,0.0,0.002567626784779987,0.28972037092289155,0.28972037092289155,0.0,0.005474516969881676,0.0,0.005209190757174168,0.003278308425612266,0.02330930694363549,0.007067470177819106,0.0021421174127204783,1.7616084780691181e-06,1.7175827466242596e-07,0.0008442946430373932,0.33961513640430485
0.12288676818828663,0.0,0.015127957245264105,2475,0.27574180994225594,0.27574181021799776,0.08212243669263,0.08212243669263,0.20509144471803456,0.28721388141066456,0.0,0.009629190945151323,1.0878512882100886,6.330390461844329e-05,0.08795637509287008,0.0009212718940726355,0.0,0.5633284406275005,1.7505520905490175,0.0037872742986523704,0.71607191035249,0.5393812876060807,-0.5393812876060807,0.5732413737015267,0.03386008609544603,0.10328463687407351,0.22293895460262103,0.22293895460262103,0.44237110641012023,0.6653100610127413,0.24063717703266357,1.2543012608284838,0.5649648776672387,1.751641455527327,0.18066187598869432,-0.18066187598869432,8.508652016420314e-07,0.8113622064706193,0.630700330481925,3.5093796965416008e-06,0.11626061112237476,4.175268129444187,True,1.253521197156501,0.01228700811829142,-0.01228700811829142,0.6768046435483457,0.6645176354300543,0.4915470727531465,0.0,0.003025591449052821,0.27574180994225594,0.27574180994225594,0.0,0.004814595472575661,0.00037982342771065975,0.011055262728871626,0.0,3.3799706437650032,0.0051642318437036755,0.002406371770326636,8.508652016420315e-08,3.509379696541601e-08,0.0011626061112237477,4.175268129444187
0.0,0.0,0.0383409852901176,2500,0.2770996618202919,0.2770996620973915,0.0823175689690491,-0.0823175689690491,0.20509144471803456,0.12277387574898546,0.0,0.00861616139376207,0.8278154617775257,0.0,0.0609193436403083,0.0005205560183991046,0.0,0.04233819539868098,1.2057624732517593,0.0022933907966280107,0.71607191035249,0.4007089941161289,-0.4007089941161289,0.5732413737015267,0.1725323795853978,0.07409698775865961,0.003661134495253515,0.003661134495253515,0.44237110641012023,0.44603224090537374,0.20748997675057326,0.8638812326341896,0.0426079171798653,1.2064168529453574,0.41393500659966753,-0.41393500659966753,7.587728740126463e-07,0.8113622064706193,0.39742719987095176,2.3937032141301543e-06,0.021066012642004042,0.5553422932842499,True,0.8634126497103551,0.21265380304958054,-0.21265380304958054,0.6768046435483457,0.46415084049876515,0.0,0.0,0.00766819705802352,0.2770996618202919,0.2770996618202919,0.0,0.004308080696881035,0.0,0.006246672220789256,0.0,0.2540291723920859,0.0037048493879329805,0.002074899767505733,7.587728740126463e-08,2.3937032141301545e-08,0.00021066012642004042,0.5553422932842499
0.0,0.0,0.0322381325112428,2525,0.3195187816702796,0.31951878198979833,0.1980389219809732,0.1980389219809732,0.20509144471803456,0.40313036669900776,0.0,0.00497662993278678,2.2336133045245434,0.0,0.02921290808997138,0.00010534488332615013,0.034803835265259396,0.0012750159886837694,1.0357073660283669,0.00695962591530688,0.71607191035249,0.27515349451029175,-0.27515349451029175,0.5732413737015267,0.298087879191235,0.2785808583224529,0.16792691930620385,0.16792691930620385,0.44237110641012023,0.6102980257163241,0.0988382782887464,0.7426442754307576,0.00137704079524534,1.0371085003098393,0.6057938510501807,0.6057938510501807,2.8920203104853615e-05,0.8113622064706193,1.4171560575208,2.2110754028145603e-05,0.25326501374915134,0.3635231054516052,True,0.741640962515152,0.01862148927259799,0.01862148927259799,0.6768046435483457,0.6954261328209437,0.0,0.0,0.00644762650224856,0.3195187816702796,0.3195187816702796,0.0,0.00248831496639339,0.0,0.0012641385999138015,0.008700958816314849,0.007650095932102616,0.013929042916122646,0.000988382782887464,2.8920203104853615e-06,2.2110754028145605e-07,0.0025326501374915134,0.3635231054516052
0.0,0.0,0.02960774986233505,2550,0.14818938915187976,0.14818938930006914,0.0056707545011343286,0.0056707545011343286,0.20509144471803456,0.2107621992191689,0.0,0.01410924362425984,1.4290312387703665,0.0,0.03793560790764661,0.00029894236440459825,0.0,0.0010234465506369051,1.0319913511849204,0.0024483237658927174,0.71607191035249,0.28515827025386775,-0.28515827025386775,0.5732413737015267,0.288083103447659,0.09455738477779281,0.05839170101093738,0.05839170101093738,0.44237110641012023,0.5007628074210576,0.3120948787210066,0.7394755951943157,0.001068205533823164,1.0326834137418839,0.044260655861569353,-0.044260655861569353,1.0116312543879262e-05,0.8113622064706193,0.7671015506090499,7.038679012160315e-06,0.16180425863409437,0.18036149124363846,True,0.7389800286301469,0.151935784299158,0.151935784299158,0.6768046435483457,0.8287404278475037,0.0,0.0,0.0059215499724670105,0.14818938915187976,0.14818938915187976,0.0,0.00705462181212992,0.0,0.003587308372855179,0.0,0.006140679303821431,0.004727869238889641,0.0031209487872100664,1.0116312543879263e-06,7.038679012160315e-08,0.0016180425863409438,0.18036149124363846
0.0,0.0,0.018526530009564134,2575,0.5364982554096812,0.5364982559461794,0.3842189471346401,0.3842189471346401,0.20509144471803456,0.5893103918526746,0.0,0.01445673428558506,2.44016095650386,0.0,0.0478345778172272,0.00020706100362814856,0.13110916315312582,0.0005282137678347736,1.022982901640889,0.00804383448926213,0.71607191035249,0.3436060940639386,-0.3436060940639386,0.5732413737015267,0.2296352796375881,0.34665049170786866,0.2628214239099239,0.2628214239099239,0.44237110641012023,0.7051925303200441,0.30909841268705046,0.7338040737151862,0.0006132106230652246,1.0247630899337143,0.9982791017131286,0.9982791017131286,4.860624096511888e-05,0.8113622064706193,1.809641308183748,3.4521202378230816e-05,0.2039846124015289,0.608331794665614,True,0.7325293308657538,0.32836912182500155,0.32836912182500155,0.6768046435483457,1.0051737653733472,0.0,0.0,0.003705306001912827,0.5364982554096812,0.5364982554096812,0.0,0.00722836714279253,0.0,0.0024847320435377827,0.032777290788281455,0.003169282607008641,0.017332524585393434,0.0030909841268705047,4.860624096511888e-06,3.452120237823082e-07,0.002039846124015289,0.608331794665614
0.0,0.0,0.035620879120581345,2600,0.32948234538417764,0.32948234571366,0.2558471043314451,0.2558471043314451,0.20509144471803456,0.4609385490494796,0.0,0.018656343159821027,3.7821204945783977,0.0,0.028765326153994814,0.0001234238398996357,0.014517423307881227,0.039968710658330124,1.1999217613426065,0.013061024229348517,0.71607191035249,0.4615774832587425,-0.4615774832587425,0.5732413737015267,0.11166389044278427,0.23161465971413242,0.20688474252784905,0.20688474252784905,0.44237110641012023,0.6492558489379693,0.32955190353582564,0.8597929818002203,0.040283532225381884,1.2007075788937276,0.4580577566713241,0.4580577566713241,1.9479710298978317e-05,0.8113622064706193,1.2694199631419434,2.4960196320184107e-05,0.36747325627194044,0.6094105808007286,True,0.8592302799173425,0.10799704487178485,-0.10799704487178485,0.6768046435483457,0.5688075986765608,0.0,0.0,0.007124175824116269,0.32948234538417764,0.32948234538417764,0.0,0.009328171579910513,0.0,0.0014810860787956284,0.003629355826970307,0.23981226394998073,0.011580732985706622,0.0032955190353582565,1.9479710298978317e-06,2.4960196320184105e-07,0.0036747325627194045,0.6094105808007286
0.03578105735228281,0.0,0.009905965511189297,2625,1.1696236547484469,1.1696236559180706,0.6554068228082024,0.6554068228082024,0.20509144471803456,0.8604982675262369,0.0,0.014921647755262252,2.3140200553938395,0.0011568232839846795,0.11401210496256707,0.003518753778939107,0.8637280926753583,0.3471081094793264,1.5891588151588045,0.020114699545541896,0.71607191035249,0.6353206626864699,-0.6353206626864699,0.5732413737015267,-0.06207928898494316,0.3932234784340801,0.2885635022319455,0.2885635022319455,0.44237110641012023,0.7309346086420657,0.2485006651731417,1.1391115461731625,0.34901879190545193,1.5907781240918217,1.765798891408378,1.765798891408378,3.812696025377297e-05,0.8113622064706193,2.577161097878997,3.37357398267413e-05,0.22604056077922335,3.6943473024680737,True,1.1379520045158529,1.674990273069198,1.674990273069198,0.6768046435483457,2.3517949166175436,0.14312422940913125,0.0,0.0019811931022378593,1.1696236547484469,1.1696236547484469,0.0,0.007460823877631126,0.006940939703908077,0.042225045347269285,0.21593202316883958,2.0826486568759583,0.01966117392170401,0.002485006651731417,3.812696025377297e-06,3.37357398267413e-07,0.0022604056077922337,3.6943473024680737
0.0,0.0,0.015030024593130005,2650,0.2959903076602524,0.29599030795624276,0.06835023588846648,-0.06835023588846648,0.20509144471803456,0.13674120882956808,0.0,0.014646096403217995,1.7511373639394967,0.0,0.017623625727946044,6.023067340988743e-05,0.0,0.15027337242232228,0.6123489037519405,0.004892638849647754,0.71607191035249,0.07541692896372765,0.07541692896372765,0.5732413737015267,0.6486583026652544,0.1187408950602345,0.20246021826503185,-0.20246021826503185,0.44237110641012023,0.23991088814508837,0.25531960660730474,0.438726306511216,0.15001314506320093,0.612684695547412,0.3582528210018573,-0.3582528210018573,6.847032169745022e-06,0.8113622064706193,0.453109385468762,7.363534468272683e-06,0.24280529718488938,1.2196014155248351,True,0.43848585543539415,0.5082879305709659,-0.5082879305709659,0.6768046435483457,0.16851671297737977,0.0,0.0,0.0030060049186260013,0.2959903076602524,0.2959903076602524,0.0,0.007323048201608997,0.0,0.0007227680809186491,0.0,0.9016402345339336,0.005937044753011725,0.0025531960660730474,6.847032169745023e-07,7.363534468272683e-08,0.002428052971848894,1.2196014155248351
0.0,0.0,0.032503605344215536,2675,0.23278306189591635,0.2327830621286994,0.051872140672934525,0.051872140672934525,0.20509144471803456,0.2569635853909691,0.0,0.011289287650620958,2.2061340599779813,0.0,0.037702533215531985,0.0002355266771160206,0.0,0.015637667513846314,1.125050659789728,0.006871052344094601,0.71607191035249,0.39201612749283954,-0.39201612749283954,0.5732413737015267,0.1812252462086872,0.15194330347437807,0.21652083814981127,0.21652083814981127,0.44237110641012023,0.6588919445599315,0.23240159813245492,0.8063213788855088,0.015884586800158966,1.1260340699975961,0.11323501535567138,-0.11323501535567138,8.025194777565494e-06,0.8113622064706193,0.6981271911149479,1.2009292723043162e-05,0.10374711024733047,0.3525403268684618,True,0.8056171864494666,0.23424125345869118,-0.23424125345869118,0.6768046435483457,0.4425633900896545,0.0,0.0,0.0065007210688431075,0.23278306189591635,0.23278306189591635,0.0,0.005644643825310479,0.0,0.002826320125392247,0.0,0.09382600508307788,0.007597165173718903,0.0023240159813245494,8.025194777565495e-07,1.2009292723043162e-07,0.0010374711024733047,0.3525403268684618
0.0,0.0,0.03136398976286282,2700,0.1359975051184118,0.13599750525440932,0.056982954515255174,0.056982954515255174,0.20509144471803456,0.26207439923328973,0.0,0.0073163827025011065,2.0773755832630454,0.0,0.01977763725739269,3.8563213460994936e-05,0.0,0.003219978231450065,0.9432551479740227,0.0031080006852908853,0.71607191035249,0.21841039242032456,-0.21841039242032456,0.5732413737015267,0.35483098128120216,0.16824700319082075,0.05374091328952957,0.05374091328952957,0.44237110641012023,0.4961120196996498,0.1482624972487916,0.6759435413059895,0.003140435994752727,0.9439604069005428,0.15912698558288096,-0.15912698558288096,3.347755365119073e-05,0.8113622064706193,0.6522352208877383,1.2500499470281577e-05,0.22295547517976866,0.17783912501665372,True,0.6754385251921305,0.11539916487020385,-0.11539916487020385,0.6768046435483457,0.5614054786781418,0.0,0.0,0.006272797952572565,0.1359975051184118,0.1359975051184118,0.0,0.0036581913512505533,0.0,0.00046275856153193924,0.0,0.019319869388700388,0.008412350159541037,0.001482624972487916,3.347755365119073e-06,1.2500499470281577e-07,0.0022295547517976865,0.17783912501665372
0.08749989950371438,0.0,0.014017798242370226,2725,2.590966122790137,2.590966125381103,1.2596356572503133,1.2596356572503133,0.20509144471803456,1.4647271019683479,0.0,0.016374939034975146,4.794566802483672,0.00019097390595401625,0.09381933087938835,0.0010710251744330333,5.554889684167883,0.4841429549318785,1.6958038192852052,0.009661327598136897,0.71607191035249,0.5262730474625972,-0.5262730474625972,0.5732413737015267,0.0469683262389295,0.6565635860207876,0.4461412581836214,0.4461412581836214,0.44237110641012023,0.8885123645937416,0.3166458540127566,1.217169044322279,0.489700483154568,1.6997860266928513,3.884024605184808,3.884024605184808,0.00012473421753278512,0.8113622064706193,4.695386811655427,5.282030392391801e-05,0.3874193658857772,7.299416879257936,True,1.2143174974166437,4.051813525931958,4.051813525931958,0.6768046435483457,4.728618169480304,0.3499995980148575,0.0,0.0028035596484740455,2.590966122790137,2.590966122790137,0.0,0.008187469517487573,0.0011458434357240975,0.0128523020931964,1.3887224210419709,2.9048577295912708,0.03282817930103938,0.003166458540127566,1.2473421753278513e-05,5.282030392391801e-07,0.003874193658857772,7.299416879257936
0.0,0.0,0.008112255565531974,2750,0.26163848199678635,0.26163848225842484,0.030702206100399282,0.030702206100399282,0.20509144471803456,0.23579365081843384,0.0,0.01281795658334096,1.5848973165810225,0.0,0.06253283785379125,0.0008107068393168953,0.0008632877270229959,0.0006729690005506497,0.9740583539352136,0.006432897800911809,0.71607191035249,0.4504771641305462,-0.4504771641305462,0.5732413737015267,0.1227642095709805,0.16608606338789217,0.17920983392700468,-0.17920983392700468,0.44237110641012023,0.26316127248311555,0.21106293145022273,0.6980832740666735,0.0006310789245582982,0.9748787157064314,0.25433740262346116,0.25433740262346116,5.33654984584305e-06,0.8113622064706193,1.0656996090940805,1.0053221550541803e-05,0.06786841178636989,0.29474628019738625,True,0.6974958360377738,0.20395464491042303,-0.20395464491042303,0.6768046435483457,0.47284999863792265,0.0,0.0,0.001622451113106395,0.26163848199678635,0.26163848199678635,0.0,0.00640897829167048,0.0,0.009728482071802744,0.00021582193175574896,0.004037814003303899,0.008304303169394608,0.0021106293145022274,5.336549845843051e-07,1.0053221550541804e-07,0.0006786841178636989,0.29474628019738625
0.0,0.0,0.027117063876666247,2775,0.24240285102558481,0.24240285126798763,0.020617637253271426,-0.020617637253271426,0.20509144471803456,0.18447380746476313,0.0,0.004050667818734432,1.6336956486845668,0.0,0.033179145789510284,7.315238982219746e-05,0.0,0.0074802966057239285,1.0864887079665544,0.002324144565208814,0.71607191035249,0.30260379778871455,-0.30260379778871455,0.5732413737015267,0.2706375759128122,0.12871368468222363,0.23899532096472542,0.23899532096472542,0.44237110641012023,0.6813664273748457,0.14662644387261223,0.7784891873737295,0.007597946129661645,1.087166198320574,0.17800752528113517,-0.17800752528113517,4.0909686264780635e-06,0.8113622064706193,0.6333546811894841,6.856854887691892e-06,0.05206879459074576,0.30403432030665156,True,0.7780040555549064,0.33614896045123194,-0.33614896045123194,0.6768046435483457,0.34065568309711375,0.0,0.0,0.00542341277533325,0.24240285102558481,0.24240285102558481,0.0,0.002025333909367216,0.0,0.0008778286778663696,0.0,0.044881779634343574,0.006435684234111182,0.0014662644387261224,4.090968626478064e-07,6.856854887691891e-08,0.0005206879459074577,0.30403432030665156
0.0,0.0,0.014125501885182707,2800,0.25286218902978685,0.25286218928264903,0.10915469185972601,0.10915469185972601,0.20509144471803456,0.31424613657776057,0.0,0.024000574521336596,2.9966137175393293,0.0003292086819460733,0.09814410873936974,0.0011336220840114828,0.0,0.08262895290884084,1.28745252287785,0.006600825758711763,0.71607191035249,0.5088251823060826,-0.5088251823060826,0.5732413737015267,0.06441619139544412,0.19313794171448181,0.1576944975269564,0.1576944975269564,0.44237110641012023,0.6000656039370766,0.3746163019027609,0.9226099864673594,0.08319302666686788,1.2884320139423984,0.11771130052552203,-0.11771130052552203,1.6610347660422303e-05,0.8113622064706193,0.6936509059450973,1.3380782751349893e-05,0.20386689156402943,0.7944835350833366,True,0.9219086004198002,0.10077259606942812,-0.10077259606942812,0.6768046435483457,0.5760320474789176,0.0,0.0,0.0028251003770365414,0.25286218902978685,0.25286218902978685,0.0,0.012000287260668298,0.0019752520916764397,0.013603465008137795,0.0,0.49577371745304505,0.009656897085724092,0.003746163019027609,1.6610347660422305e-06,1.3380782751349894e-07,0.0020386689156402945,0.7944835350833366
0.0,0.0,0.03910066851878668,2825,0.15384695160758693,0.1538469517614339,0.10565562532142311,0.10565562532142311,0.20509144471803456,0.3107470700394577,0.0,0.011443282055217921,3.386019663796127,3.2427405377755764e-05,0.08569450659651526,0.0007454180874668075,0.0,0.0005670379350009768,1.0238125583464057,0.006060161127702839,0.71607191035249,0.321795419070727,-0.321795419070727,0.5732413737015267,0.2514459546307997,0.19187284592388432,0.021859432530325684,0.021859432530325684,0.44237110641012023,0.4642305389404459,0.29550733375358124,0.7337572774709473,0.0006099782926983399,1.0246977386150704,0.03763429923756456,-0.03763429923756456,1.7475690698275986e-05,0.8113622064706193,0.7737279072330547,2.543035848491387e-05,0.331754893240955,0.19579880186962156,True,0.7331234247361065,0.041651466538510484,-0.041651466538510484,0.6768046435483457,0.6351531770098352,0.0,0.0,0.007820133703757335,0.15384695160758693,0.15384695160758693,0.0,0.005721641027608961,0.00019456443226653457,0.00894501704960169,0.0,0.003402227610005861,0.009593642296194216,0.0029550733375358126,1.7475690698275988e-06,2.543035848491387e-07,0.0033175489324095498,0.19579880186962156
0.0,0.0,0.02192876649466157,2850,1.9117392376018223,1.9117392395135615,0.9526143791714161,0.9526143791714161,0.20509144471803456,1.1577058238894506,0.0,0.01785837476484111,4.276999864850482,2.462446399950938e-05,0.0849623043033967,0.0004108869052899894,2.880787773443737,0.09300014575471878,1.3049592526137201,0.009821667977838153,0.71607191035249,0.41061796317020105,-0.41061796317020105,0.5732413737015267,0.16262341053132565,0.34151286764639116,0.26955980712062444,0.26955980712062444,0.44237110641012023,0.7119309135307447,0.4038643768933679,0.9367504008537556,0.09497442701167373,1.3081792124911635,3.241054661221254,3.241054661221254,3.206555872059989e-05,0.8113622064706193,4.052416867691873,5.3253146922117145e-05,0.4296141330767735,3.2337445533892604,True,0.9344446780008567,2.573044019397713,2.573044019397713,0.6768046435483457,3.249848662946059,0.0,0.0,0.004385753298932315,1.9117392376018223,1.9117392376018223,0.0,0.008929187382420555,0.00014774678399705627,0.004930642863479873,0.7201969433609342,0.5580008745283127,0.01707564338231956,0.0040386437689336795,3.206555872059989e-06,5.325314692211714e-07,0.004296141330767735,3.2337445533892604
0.0,0.0,0.010506426095303303,2875,0.1893748944963906,0.18937489468576552,0.08936775546981277,0.08936775546981277,0.20509144471803456,0.2944592001878473,0.0,0.008667977987701216,2.214938812994558,0.0,0.05105163764449667,0.00014804523957805075,1.5255063361517082e-05,0.0005266909218071497,1.0229497477504035,0.006099783145259261,0.71607191035249,0.3351265666922767,-0.3351265666922767,0.5732413737015267,0.23811480700925,0.20683264132225523,0.13261078932068543,-0.13261078932068543,0.44237110641012023,0.3097603170894348,0.15894382852687278,0.7331249085070167,0.0005671366231847414,1.0238146304440094,0.19737136764354413,0.19737136764354413,1.7150469672191123e-05,0.8113622064706193,1.0087335741141634,1.3998009940493357e-05,0.11576442890206697,0.21384124054839057,True,0.7325055902957267,0.04976709812537161,-0.04976709812537161,0.6768046435483457,0.6270375454229741,0.0,0.0,0.0021012852190606607,0.1893748944963906,0.1893748944963906,0.0,0.004333988993850608,0.0,0.0017765428749366092,3.8137658403792704e-06,0.0031601455308428983,0.010341632066112763,0.0015894382852687278,1.7150469672191125e-06,1.3998009940493358e-07,0.0011576442890206696,0.21384124054839057
0.0,0.0,0.05134409600205014,2900,0.5314580400539078,0.5314580405853658,0.03435414080111582,0.03435414080111582,0.20509144471803456,0.23944558551915038,0.0,0.019782266800552947,3.42598549182222,0.0,0.0294821220819267,0.000333412614002194,0.09109967406702148,0.04944958166685469,0.7776273810316237,0.00909174442832505,0.71607191035249,1.1016648200284667,1.1016648200284667,0.5732413737015267,1.6749061937299934,0.19325835404455574,0.22249322767333857,0.22249322767333857,0.44237110641012023,0.6648643340834588,0.3899720761791033,0.5575090781848638,0.04903312307670744,0.7785657590237963,0.05163475313282384,-0.05163475313282384,2.9672444296126402e-05,0.8113622064706193,0.7597274533377955,2.1756690267074496e-05,0.24131326502488307,0.8910703084661041,True,0.5568371320539922,0.3810817205588026,-0.3810817205588026,0.6768046435483457,0.2957229229895431,0.0,0.0,0.010268819200410027,0.5314580400539078,0.5314580400539078,0.0,0.009891133400276473,0.0,0.004000951368026327,0.02277491851675537,0.2966974900011281,0.009662917702227788,0.0038997207617910328,2.9672444296126406e-06,2.1756690267074498e-07,0.0024131326502488306,0.8910703084661041
0.0,0.0,0.0081669536257231,2925,0.6138328187389503,0.6138328193527831,0.32079944961047224,0.32079944961047224,0.20509144471803456,0.5258908943285068,0.0,0.012410398652173518,3.179625482483454,0.0,0.07299740066513058,0.0003389623964016591,0.18495782725162138,0.0016451167534301985,1.0405600388736278,0.004225103330938314,0.71607191035249,0.3240063611080256,-0.3240063611080256,0.5732413737015267,0.24923501259350112,0.21279347347320815,0.24449453992715964,0.24449453992715964,0.44237110641012023,0.6868656463372799,0.29645864455075394,0.7461117260893277,0.0017598714743180925,1.0419508220934715,1.0937746031903974,1.0937746031903974,1.6547118576071457e-05,0.8113622064706193,1.9051368096610168,3.1790713287550334e-05,0.23965493612740515,0.6978518969799206,True,0.7451158252783003,0.6480283782563703,0.6480283782563703,0.6768046435483457,1.324833021804716,0.0,0.0,0.0016333907251446199,0.6138328187389503,0.6138328187389503,0.0,0.006205199326086759,0.0,0.0040675487568199095,0.046239456812905345,0.00987070052058119,0.010639673673660408,0.0029645864455075392,1.6547118576071457e-06,3.1790713287550336e-07,0.0023965493612740515,0.6978518969799206
0.0,0.0,0.005610313908658589,2950,0.18876941837964864,0.18876941856841806,0.11090214481700814,0.11090214481700814,0.20509144471803456,0.3159935895350427,0.0,0.006678561372433607,2.1472137476194044,0.0,0.06896716621674723,0.000802497431772601,0.0017970430838156633,0.03127375872165794,1.1768438823416234,0.008634799729758202,0.71607191035249,0.26007183435418446,-0.26007183435418446,0.5732413737015267,0.31316953934734226,0.19646774840744188,0.05939295929776678,0.05939295929776678,0.44237110641012023,0.501764065707887,0.1394718004937051,0.8439055879895747,0.03186964390124494,1.1785207100065562,0.2834281697237936,0.2834281697237936,2.05739889546418e-05,0.8113622064706193,1.0947903761944129,1.7525080253715053e-05,0.07199749467459204,0.402892857151523,True,0.8427048587834461,0.11989066342632504,-0.11989066342632504,0.6768046435483457,0.5569139801220206,0.0,0.0,0.0011220627817317178,0.18876941837964864,0.18876941837964864,0.0,0.0033392806862168035,0.0,0.009629969181271212,0.0004492607709539158,0.18764255232994764,0.009823387420372094,0.001394718004937051,2.05739889546418e-06,1.7525080253715053e-07,0.0007199749467459204,0.402892857151523
0.0,0.0,0.03561069722474957,2975,0.26863835056328406,0.2686383508319224,0.04029817386447873,-0.04029817386447873,0.20509144471803456,0.16479327085355583,0.0,0.011078580444272543,1.6220079541072585,0.0,0.030670932789518445,0.00014175655779883548,0.0,0.01308996132720176,0.8855886311278387,0.006451447338687952,0.71607191035249,0.20992478383288737,-0.20992478383288737,0.5732413737015267,0.36331658986863935,0.12516189401785927,0.25428668871300947,-0.25428668871300947,0.44237110641012023,0.18808441769711076,0.2572946166400456,0.6344358299692201,0.012997239086056019,0.8859945655415672,0.21121003555780138,-0.21121003555780138,5.755564746398558e-06,0.8113622064706193,0.6001521709128179,7.602876892624257e-06,0.056740600484525366,0.3709397253445491,True,0.6341451517340444,0.45372795905412766,-0.45372795905412766,0.6768046435483457,0.22307668449421802,0.0,0.0,0.007122139444949914,0.26863835056328406,0.26863835056328406,0.0,0.005539290222136272,0.0,0.0017010786935860258,0.0,0.07853976796321055,0.006258094700892964,0.002572946166400456,5.755564746398558e-07,7.602876892624256e-08,0.0005674060048452537,0.3709397253445491
0.0,0.0,0.03955767752401506,3000,0.27230696102312907,0.272306961295436,0.0822843875337037,-0.0822843875337037,0.20509144471803456,0.12280705718433085,0.0,0.00736563105389647,0.989181865923531,0.0,0.025086719930116155,6.812594628320054e-05,0.0,4.78821302135153e-05,1.0069196914825385,0.0032269430628734572,0.71607191035249,0.26625587171757703,-0.26625587171757703,0.5732413737015267,0.3069855019839497,0.07912105526946595,0.016220983179947246,0.016220983179947246,0.44237110641012023,0.4585920895900675,0.23127829537588146,0.7213568440547197,5.4470850446999985e-05,1.0073804370092156,0.35191180075254797,-0.35191180075254797,2.8453383665662997e-06,0.8113622064706193,0.45945040571807133,3.1762574180522165e-06,0.021762619516147913,0.2914928944003642,True,0.7210269171206382,0.4110808441044922,-0.4110808441044922,0.6768046435483457,0.2657237994438535,0.0,0.0,0.007911535504803013,0.27230696102312907,0.27230696102312907,0.0,0.003682815526948235,0.0,0.0008175113553984064,0.0,0.00028729278128109177,0.0039560527634732974,0.0023127829537588148,2.8453383665662996e-07,3.1762574180522164e-08,0.00021762619516147913,0.2914928944003642
0.0,0.0,0.013816214025999968,3025,0.2697136203948779,0.26971362066459154,0.04103798466436606,-0.04103798466436606,0.20509144471803456,0.1640534600536685,0.0,0.009964113273919393,1.816847285875734,0.0,0.03047537204178895,0.00026883331168942937,0.0,0.000697810447168797,0.9735838979565721,0.008127431502039996,0.71607191035249,0.11861971864468401,-0.11861971864468401,0.5732413737015267,0.4546216550568427,0.09594988469864611,0.1744844284318694,0.1744844284318694,0.44237110641012023,0.6168555348419896,0.1781831466145424,0.6975319889277196,0.0006703520767228159,0.974108841726898,0.34413529552116684,-0.34413529552116684,3.1653713120838282e-06,0.8113622064706193,0.46722691094945246,9.457179643111877e-06,0.0897239041108848,0.2923487581114378,True,0.6971560914340252,0.44620456590528323,-0.44620456590528323,0.6768046435483457,0.23060007764306242,0.0,0.0,0.002763242805199994,0.2697136203948779,0.2697136203948779,0.0,0.004982056636959696,0.0,0.0032259997402731525,0.0,0.004186862683012782,0.004797494234932306,0.0017818314661454241,3.1653713120838283e-07,9.457179643111878e-08,0.000897239041108848,0.2923487581114378
0.0,0.0,0.01851022964876885,3050,0.04015411416383304,0.04015411420398715,0.0044767361802646455,0.0044767361802646455,0.20509144471803456,0.2095681808982992,0.0,0.006463878742089752,1.5309458002334508,0.0,0.02351325963064182,0.0001826955743127217,0.0,0.0019931840334881513,1.044645089690672,0.006322738156337398,0.71607191035249,0.005507195945880006,-0.005507195945880006,0.5732413737015267,0.5677341777556467,0.11148904804406622,0.07081356044600307,0.07081356044600307,0.44237110641012023,0.5131846668561233,0.16554582918452454,0.7484683827672675,0.002046830551947678,1.0452419114532938,0.036134127843694186,0.036134127843694186,3.2940377257447356e-06,0.8113622064706193,0.8474963343143135,1.3217874761144582e-05,0.15332759859783882,0.07000319881986038,True,0.7480410154615986,0.0411236978572701,0.0411236978572701,0.6768046435483457,0.7179283414056158,0.0,0.0,0.0037020459297537702,0.04015411416383304,0.04015411416383304,0.0,0.003231939371044876,0.0,0.0021923468917526604,0.0,0.011959104200928907,0.005574452402203311,0.0016554582918452455,3.2940377257447357e-07,1.321787476114458e-07,0.001533275985978388,0.07000319881986038
0.0,0.0,0.008081650481146424,3075,0.2699235678283525,0.269923568098276,0.002760230857091428,0.002760230857091428,0.20509144471803456,0.207851675575126,0.0,0.006234603615452422,3.5963328440158,0.0,0.024070570003043714,9.920886324763288e-05,0.0,0.11514585017737952,0.660668524629118,0.002995741462846559,0.71607191035249,0.050530166132369825,-0.050530166132369825,0.5732413737015267,0.5227112075691569,0.1834352869044842,0.2662359381497016,-0.2662359381497016,0.44237110641012023,0.1761351682604186,0.150518479016961,0.4735101002943875,0.11474442595870886,0.6612605338040622,0.05067450156425035,-0.05067450156425035,4.850773930641143e-05,0.8113622064706193,0.7606877049063689,2.6528220055356164e-05,0.23746225088541684,0.9797794948559359,True,0.47308617914761886,0.5369201678457767,-0.5369201678457767,0.6768046435483457,0.13988447570256896,0.0,0.0,0.001616330096229285,0.2699235678283525,0.2699235678283525,0.0,0.003117301807726211,0.0,0.0011905063589715947,0.0,0.6908751010642771,0.009171764345224211,0.00150518479016961,4.850773930641143e-06,2.6528220055356164e-07,0.0023746225088541683,0.9797794948559359
0.0,0.0,0.013460136867149721,3100,0.8980809376648712,0.8980809385629521,0.5761910490438141,0.5761910490438141,0.20509144471803456,0.7812824937618487,0.0,0.013645174658762246,3.3421074998424083,0.0,0.03035742077589903,5.827358019544638e-05,0.4889939508780876,0.006734907833127007,1.082066484225456,0.0075054444209591235,0.71607191035249,0.3134336765734593,-0.3134336765734593,0.5732413737015267,0.25980769712806745,0.3242836065113744,0.46312332886244545,0.46312332886244545,0.44237110641012023,0.9054944352725657,0.2306998046416379,0.7759010907700454,0.006980920211909713,1.083551901306372,1.7118494522510939,1.7118494522510939,4.610347964541794e-05,0.8113622064706193,2.523211658721713,5.1722480250711456e-05,0.22708772931618454,1.0917499532862254,True,0.7748374253083895,0.6764601256046023,0.6764601256046023,0.6768046435483457,1.353264769152948,0.0,0.0,0.0026920273734299446,0.8980809376648712,0.8980809376648712,0.0,0.006822587329381123,0.0,0.0006992829623453565,0.1222484877195219,0.04040944699876204,0.01621418032556872,0.0023069980464163788,4.610347964541795e-06,5.172248025071146e-07,0.0022708772931618456,1.0917499532862254
0.0,0.0,0.008423072814567369,3125,0.25821542823149174,0.2582154284897072,0.059150558232873046,0.059150558232873046,0.20509144471803456,0.2642420029509076,0.0,0.019711286443750656,1.2460743425779883,0.0,0.07993239382133303,0.0007184916889207358,0.0057867501570294825,0.05113268315798627,1.226125370443005,0.0036368621110356597,0.71607191035249,0.42122274660272185,-0.42122274660272185,0.5732413737015267,0.1520186270988049,0.08463119592962098,0.06531975710551197,0.06531975710551197,0.44237110641012023,0.5076908635156322,0.37525999505608076,0.8785655659892219,0.05149433773711834,1.2269236385595788,0.35873703157925385,0.35873703157925385,5.2323602642443605e-06,0.8113622064706193,1.1700992380498731,5.733837499822849e-06,0.027757398410700608,0.5948826870760546,True,0.8779939486060309,0.13960558105318155,0.13960558105318155,0.6768046435483457,0.8164102246015272,0.0,0.0,0.0016846145629134737,0.25821542823149174,0.25821542823149174,0.0,0.009855643221875328,0.0,0.00862190026704883,0.0014466875392573706,0.3067960989479176,0.00423155979648105,0.0037525999505608077,5.232360264244361e-07,5.7338374998228494e-08,0.0002775739841070061,0.5948826870760546
0.11444644681350721,0.0,0.021014640711128654,3150,0.35472792727072716,0.3547279276254551,0.20171324095514417,0.20171324095514417,0.20509144471803456,0.40680468567317873,0.0,0.01341784038003226,1.447940316906924,0.0011750969034371346,0.11427968645476698,0.0021936838122864955,0.009492102606448649,0.5450859227970462,1.7382993449794237,0.010570755284208201,0.71607191035249,0.5134604614364352,-0.5134604614364352,0.5732413737015267,0.05978091226509157,0.17895008228783682,0.3701133016976572,0.3701133016976572,0.44237110641012023,0.8124844081077774,0.27746964247700295,1.246094686679116,0.5478677809645499,1.7401809109701154,0.4064921325548939,0.4064921325548939,4.218983366005399e-06,0.8113622064706193,1.2178543390255132,8.737881449006393e-06,0.11903130669687059,4.14260193534223,True,1.2447473501068915,0.15036597430781695,0.15036597430781695,0.6768046435483457,0.8271706178561626,0.45778578725402885,0.0,0.004202928142225731,0.35472792727072716,0.35472792727072716,0.0,0.00670892019001613,0.007050581420622808,0.026324205747437948,0.002373025651612162,3.270515536782277,0.008947504114391842,0.0027746964247700296,4.218983366005399e-07,8.737881449006394e-08,0.0011903130669687059,4.14260193534223
0.0,0.0,0.016923324842397437,3175,0.35040929602082765,0.3504092963712369,0.2387769097647656,0.2387769097647656,0.20509144471803456,0.44386835448280015,0.0,0.00492926442139621,2.78976479178435,0.0,0.028189273545540666,0.00016662693984495117,0.03564653343679143,0.05374464514664404,0.7681710864740033,0.0026568090727985363,0.71607191035249,0.2796507536783055,-0.2796507536783055,0.5732413737015267,0.2935906200232212,0.36882103154338597,0.2733654372443307,0.2733654372443307,0.44237110641012023,0.7157365436544509,0.15958054850324346,0.5506210221202155,0.05338570358888425,0.7689465352155821,0.6108139027349552,0.6108139027349552,6.275615175462636e-05,0.8113622064706193,1.4221761092055745,2.979542735252278e-05,0.15411349656638007,0.7112221863145213,True,0.5500657450506983,0.17576157769313572,-0.17576157769313572,0.6768046435483457,0.50104306585521,0.0,0.0,0.0033846649684794875,0.35040929602082765,0.35040929602082765,0.0,0.002464632210698105,0.0,0.001999523278139414,0.008911633359197858,0.3224678708798642,0.0184410515771693,0.0015958054850324346,6.275615175462636e-06,2.979542735252278e-07,0.0015411349656638007,0.7112221863145213
0.19913485061902936,0.0,0.020297815790834183,3200,0.4798317796746578,0.4798317801544896,0.30332098462485546,0.30332098462485546,0.20509144471803456,0.50841242934289,0.0,0.01890570325053999,1.4871576602228445,0.0026326700085147112,0.13130955085083781,0.002538117139330318,0.05923769983015794,0.7161310752435744,1.8462452807806815,0.013020168194873106,0.71607191035249,0.560799638063521,-0.560799638063521,0.5732413737015267,0.012441735638005805,0.18903983988649767,0.3036676282405377,0.3036676282405377,0.44237110641012023,0.746038734650658,0.40669510019183075,1.3230333658836895,0.7184704702782341,1.847626374222885,0.7326024213133361,0.7326024213133361,1.1437041738658674e-05,0.8113622064706193,1.5439646277839554,8.984385508599695e-06,0.04211288741952247,5.661674204494719,True,1.3220444036503447,0.3402535764834336,0.3402535764834336,0.6768046435483457,1.0170582200317793,0.7965394024761174,0.0,0.004059563158166837,0.4798317796746578,0.4798317796746578,0.0,0.009452851625269995,0.015796020051088266,0.030457405671963818,0.014809424957539485,4.296786451461447,0.009451991994324884,0.004066951001918308,1.1437041738658675e-06,8.984385508599695e-08,0.00042112887419522467,5.661674204494719
0.0,0.0,0.021254251709392394,3225,0.3482764202287651,0.3482764205770415,0.10495698234430755,-0.10495698234430755,0.20509144471803456,0.10013446237372702,0.0,0.013169231722604887,1.277003077461347,0.0,0.02468517424487488,9.330720957136088e-05,0.0,0.08924548906494106,0.7012601649177983,0.003845403010029177,0.71607191035249,0.0855684209989942,-0.0855684209989942,0.5732413737015267,0.4876729527025325,0.08717171994172569,0.3306902862713606,-0.3306902862713606,0.44237110641012023,0.11168082013875964,0.21575101082943932,0.5024043612927753,0.08903564097221253,0.7016115937704474,0.3844251645069683,-0.3844251645069683,3.416831519411778e-06,0.8113622064706193,0.426937041963651,4.898443295771713e-06,0.11528806130065782,0.9033738747224208,True,0.5021527129593917,0.5753308876587916,-0.5753308876587916,0.6768046435483457,0.10147375588955405,0.0,0.0,0.004250850341878479,0.3482764202287651,0.3482764202287651,0.0,0.006584615861302444,0.0,0.0011196865148563307,0.0,0.5354729343896464,0.004358585997086285,0.002157510108294393,3.416831519411778e-07,4.898443295771713e-08,0.0011528806130065782,0.9033738747224208
0.0,0.0,0.039065134104528415,3250,0.19340640570092973,0.19340640589433614,0.08431761809604557,0.08431761809604557,0.20509144471803456,0.28940906281408013,0.0,0.004804021521880845,1.9200623345120462,0.0,0.02762812575300066,0.00017120923428301163,0.0018818514833398828,0.0006269630638369585,1.0250392304961027,0.0074736530137118114,0.71607191035249,0.28588662061225606,-0.28588662061225606,0.5732413737015267,0.28735475308927066,0.1507511787271995,0.08898087864391474,-0.08898087864391474,0.44237110641012023,0.3533902277662055,0.1289925437901709,0.7345661263780672,0.0006670495491517389,1.0258273023978839,0.28563912041050854,0.28563912041050854,2.232783230537523e-05,0.8113622064706193,1.0970013268811278,1.5552426290292135e-05,0.2952508565827114,0.22169057659561092,True,0.7340018102179828,0.09317867119252565,0.09317867119252565,0.6768046435483457,0.7699833147408713,0.0,0.0,0.007813026820905683,0.19340640570092973,0.19340640570092973,0.0,0.0024020107609404226,0.0,0.0020545108113961394,0.0004704628708349707,0.003761778383021751,0.007537558936359975,0.001289925437901709,2.232783230537523e-06,1.5552426290292135e-07,0.002952508565827114,0.22169057659561092
0.0,0.0,0.008439177658919831,3275,0.27255452389075246,0.27255452416330694,0.08606117753094526,-0.08606117753094526,0.20509144471803456,0.1190302671870893,0.0,0.004816866875825091,1.0442871742784385,0.0,0.031946339971371564,9.590293823754658e-05,0.0,0.000827379329340463,1.0287642022197812,0.002028955370982021,0.71607191035249,0.2730955736877938,-0.2730955736877938,0.5732413737015267,0.3001458000137329,0.07268140069565959,0.09250984413359542,0.09250984413359542,0.44237110641012023,0.5348809505437156,0.09761558358416943,0.737073550000257,0.0008601866609108619,1.0293289389666735,0.3444710014929503,-0.3444710014929503,1.1481473155784205e-06,0.8113622064706193,0.466891204977669,3.830044912869281e-06,0.025132553455299775,0.2876276086157007,True,0.736669157873416,0.40277013597382944,-0.40277013597382944,0.6768046435483457,0.27403450757451625,0.0,0.0,0.0016878355317839662,0.27255452389075246,0.27255452389075246,0.0,0.0024084334379125454,0.0,0.0011508352588505588,0.0,0.0049642759760427785,0.00363407003478298,0.0009761558358416943,1.1481473155784205e-07,3.830044912869281e-08,0.0002513255345529978,0.2876276086157007
0.0,0.0,0.028541096908565072,3300,0.26841757791712245,0.26841757818554,0.08482411113789401,-0.08482411113789401,0.20509144471803456,0.12026733358014055,0.0,0.01884941354292553,0.672541835040702,2.346972814050952e-05,0.0848445565473539,0.0007436734815875745,0.0,0.0036117064442658933,1.0600974745248575,0.004645378305956148,0.71607191035249,0.40279164496009173,-0.40279164496009173,0.5732413737015267,0.170449728741435,0.048734417469879006,0.18875942847102145,0.18875942847102145,0.44237110641012023,0.6311305348811417,0.3328489904454448,0.7593064941504333,0.0036454326287580557,1.0603774182021561,0.32084746500198874,-0.32084746500198874,1.6550027925145342e-06,0.8113622064706193,0.49051474146863056,1.7643085287899878e-06,0.015355750481760532,0.3202045943099181,True,0.7591060343438396,0.22853998486053384,-0.22853998486053384,0.6768046435483457,0.44826465868781185,0.0,0.0,0.005708219381713015,0.26841757791712245,0.26841757791712245,0.0,0.009424706771462765,0.00014081836884305714,0.008924081779050894,0.0,0.021670238665595358,0.0024367208734939506,0.003328489904454448,1.6550027925145343e-07,1.764308528789988e-08,0.00015355750481760533,0.3202045943099181
0.0,0.0,0.05226183390701559,3325,0.3504279858950865,0.3504279862455145,0.16426480964536574,0.16426480964536574,0.20509144471803456,0.3693562543634003,0.0,0.007419518841511994,2.4483504122409974,0.0,0.024014163173204227,8.215807478128565e-05,0.0009721111275489559,0.12349241814281942,1.351414880366241,0.006297195865505157,0.71607191035249,0.5438723738579773,-0.5438723738579773,0.5732413737015267,0.029368999843549484,0.18675390191832908,0.3540259934250086,0.3540259934250086,0.44237110641012023,0.7963970998351289,0.2539539762336889,0.9688295293154539,0.12459344350274996,1.352977964613586,0.10725538970388748,0.10725538970388748,1.8690380986550732e-06,0.8113622064706193,0.9186175961745068,1.7023147753965468e-05,0.26539075390077865,1.1213050451659732,True,0.9677102485767847,0.39291304170973484,0.39291304170973484,0.6768046435483457,1.0697176852580805,0.0,0.0,0.010452366781403119,0.3504279858950865,0.3504279858950865,0.0,0.003709759420755997,0.0,0.0009858968973754279,0.00024302778188723897,0.7409545088569165,0.009337695095916454,0.0025395397623368893,1.8690380986550733e-07,1.702314775396547e-07,0.0026539075390077864,1.1213050451659732
0.08781341349107274,0.0,0.021906432059695034,3350,0.9881907790339607,0.9881907800221514,0.47381570797276285,0.47381570797276285,0.20509144471803456,0.6789071526907974,0.0,0.008186970901683233,2.3103546706363156,1.1177267608675403e-05,0.08334324208047748,0.0012257961799100683,0.5502475791056258,0.48488003837590654,1.6963332811060423,0.016810140769021174,0.71607191035249,0.6516697767410381,-0.6516697767410381,0.5732413737015267,-0.07842840303951133,0.27330550943552523,0.3931492119321577,0.3931492119321577,0.44237110641012023,0.8355203183422779,0.18795651397822324,1.21615215366726,0.4877149735714426,1.6983659309928016,1.3799808435503125,1.3799808435503125,1.7455475330423508e-05,0.8113622064706193,2.1913430500209317,1.7403281299112658e-05,0.09315603969165646,4.426016268246273,True,1.214696630159444,1.4746243027143515,1.4746243027143515,0.6768046435483457,2.151428946262697,0.351253653964291,0.0,0.004381286411939007,0.9881907790339607,0.9881907790339607,0.0,0.004093485450841617,6.706360565205241e-05,0.01470955415892082,0.13756189477640646,2.9092802302554395,0.013665275471776261,0.0018795651397822326,1.7455475330423508e-06,1.7403281299112658e-07,0.0009315603969165646,4.426016268246273
0.02030758441942311,0.0,0.016717630883975806,3375,0.23068787135243216,0.23068787158312,0.022170203302418257,0.022170203302418257,0.20509144471803456,0.22726164802045282,0.0,0.01242393896984861,0.9424468401963487,9.784355516416711e-05,0.0898915901231383,0.0015656893092424503,0.0,0.29431133009661903,1.542504682096495,0.005910844117408454,0.71607191035249,0.43942446046916206,-0.43942446046916206,0.5732413737015267,0.13381691323236466,0.10155228163143484,0.24280150617737672,0.24280150617737672,0.44237110641012023,0.685172612587497,0.3571561324542622,1.1052209987858488,0.29533758878454885,1.5434497113666994,0.10185015918609552,-0.10185015918609552,1.930285351833674e-06,0.8113622064706193,0.7095120472845238,2.8300913797316836e-06,0.028807609116401893,2.1156544911401802,True,1.1045442898615443,0.05633000777942354,0.05633000777942354,0.6768046435483457,0.7331346513277692,0.08123033767769244,0.0,0.0033435261767951613,0.23068787135243216,0.23068787135243216,0.0,0.006211969484924305,0.0005870613309850027,0.018788271710909403,0.0,1.7658679805797142,0.005077614081571743,0.003571561324542622,1.930285351833674e-07,2.8300913797316837e-08,0.00028807609116401894,2.1156544911401802
0.002291109227251122,0.0,0.0423090373858449,3400,0.3240263547246538,0.32402635504868016,0.06904177157406524,0.06904177157406524,0.20509144471803456,0.2741332162920998,0.0,0.006901540606501435,1.3030585327661892,5.2914235595209145e-06,0.08230030944864401,0.0009952115372710867,0.007152066302601898,0.20058353544237506,1.447865532768905,0.0026327541775404946,0.71607191035249,0.48928788423312825,-0.48928788423312825,0.5732413737015267,0.08395348946839848,0.13011844514286083,0.06936993962941462,0.06936993962941462,0.44237110641012023,0.5117410460395349,0.18268288333291355,1.0374269720108296,0.2013988447003439,1.4487748262774371,0.11633207315835237,-0.11633207315835237,5.053460049367018e-06,0.8113622064706193,0.6950301333122669,5.512030218590825e-06,0.09854159065186235,1.571685613095887,True,1.0367758524620108,0.512299379446961,0.512299379446961,0.6768046435483457,1.1891040229953067,0.009164436909004488,0.0,0.00846180747716898,0.3240263547246538,0.3240263547246538,0.0,0.0034507703032507176,3.174854135712549e-05,0.011942538447253041,0.0017880165756504745,1.2035012126542504,0.006505922257143042,0.0018268288333291355,5.053460049367018e-07,5.512030218590825e-08,0.0009854159065186235,1.571685613095887
0.0,0.0,0.009821427088983379,3425,0.1576235507151036,0.15762355087272714,0.011920220345357196,-0.011920220345357196,0.20509144471803456,0.19317122437267736,0.0,0.012031711970827776,1.6678273376043893,0.0,0.024703751039780664,0.00012460059177669229,0.0,0.0007836332814876404,0.9720065493108184,0.006541660954655225,0.71607191035249,0.2642729162160256,-0.2642729162160256,0.5732413737015267,0.3089684574855011,0.11186935437376687,0.12825514943198324,0.12825514943198324,0.44237110641012023,0.5706262558421035,0.2308893012762699,0.6964960933154041,0.0007473550105117871,0.9726622054563323,0.08710261125994578,-0.08710261125994578,5.016852736544672e-06,0.8113622064706193,0.7242595952106735,1.1742660134982438e-05,0.19503382979164643,0.1816540170498028,True,0.696026596360195,0.17380277559955726,-0.17380277559955726,0.6768046435483457,0.5030018679487884,0.0,0.0,0.001964285417796676,0.1576235507151036,0.1576235507151036,0.0,0.006015855985413888,0.0,0.0014952071013203073,0.0,0.004701799688925843,0.005593467718688344,0.002308893012762699,5.016852736544671e-07,1.1742660134982437e-07,0.0019503382979164643,0.1816540170498028
0.0,0.0,0.012308733403452229,3450,0.30417689640686496,0.30417689671104187,0.3124031913388289,0.3124031913388289,0.20509144471803456,0.5174946360568634,0.0,0.01640737626465242,2.805433418332015,0.000263624038698456,0.09623650327806009,0.001035389630556133,0.008045531901852837,0.049721192431941945,1.2229824935548572,0.007786199596558964,0.71607191035249,0.4593942836250905,-0.4593942836250905,0.5732413737015267,0.1138470900764362,0.2815571184893287,0.04847705614263098,0.04847705614263098,0.44237110641012023,0.4908481625527512,0.30832163958973335,0.8767516412023333,0.05035108684242045,1.2243904785021424,0.38920613477311783,0.38920613477311783,5.724411512721523e-05,0.8113622064706193,1.2005683412437371,2.7146405858271548e-05,0.18876159632221462,0.648241972745018,True,0.8757434227173033,0.012149911951038428,-0.012149911951038428,0.6768046435483457,0.6646547315973073,0.0,0.0,0.0024617466806904457,0.30417689640686496,0.30417689640686496,0.0,0.00820368813232621,0.0015817442321907362,0.012424675566673597,0.0020113829754632093,0.29832715459165166,0.014077855924466434,0.0030832163958973337,5.724411512721524e-06,2.714640585827155e-07,0.0018876159632221462,0.648241972745018
0.0,0.0,0.012559626220105424,3475,0.37969097728278645,0.37969097766247745,0.21026189180524749,0.21026189180524749,0.20509144471803456,0.41535333652328205,0.0,0.014967856454313047,2.7565633995867587,0.0,0.0392158448768849,0.00030531647642868234,0.051727855954229796,0.0003576840751365019,1.0189125375118333,0.002913419703837211,0.71607191035249,0.3553697521320204,-0.3553697521320204,0.5732413737015267,0.21787162156950637,0.28273116971710294,0.10456396295098697,-0.10456396295098697,0.44237110641012023,0.33780714345913326,0.2645531765675663,0.7303284594273872,0.0003963829173734412,1.01990936757844,0.6972036985713418,0.6972036985713418,2.838436196482523e-05,0.8113622064706193,1.508565905041961,1.8636297609357845e-05,0.2262195493194955,0.42747600745438313,True,0.729614657407327,0.23087193217446472,-0.23087193217446472,0.6768046435483457,0.44593271137388096,0.0,0.0,0.002511925244021085,0.37969097728278645,0.37969097728278645,0.0,0.0074839282271565236,0.0,0.003663797717144188,0.012931963988557449,0.0021461044508190113,0.014136558485855148,0.0026455317656756626,2.838436196482523e-06,1.8636297609357846e-07,0.002262195493194955,0.42747600745438313
0.0,0.0,0.007625661544437967,3500,0.23137838208559308,0.23137838231697147,0.12643054822942698,0.12643054822942698,0.20509144471803456,0.33152199294746154,0.0,0.005739401995472555,2.264065391676593,0.0,0.01938186961999178,4.488363546262078e-05,0.0031005190992264677,0.0035503619592690216,0.9404150861436469,0.005531756967874467,0.71607191035249,0.2077427646946846,-0.2077427646946846,0.5732413737015267,0.3654986090068421,0.22839335036195235,0.3013018850423369,0.3013018850423369,0.44237110641012023,0.7436729914524571,0.17199122184233365,0.6741914829083594,0.003420653868998404,0.9415136437363516,0.31314721283624414,0.31314721283624414,6.46767287100959e-06,0.8113622064706193,1.1245094193068634,2.2965500478986153e-05,0.18406589165856307,0.27337023562358764,True,0.6734048366633335,0.14033544232422168,-0.14033544232422168,0.6768046435483457,0.536469201224124,0.0,0.0,0.0015251323088875935,0.23137838208559308,0.23137838208559308,0.0,0.0028697009977362775,0.0,0.0005386036255514493,0.0007751297748066169,0.02130217175561413,0.011419667518097618,0.0017199122184233366,6.46767287100959e-07,2.2965500478986155e-07,0.0018406589165856308,0.27337023562358764
0.0,0.0,0.011640841883343784,3525,0.16189727279416036,0.1618972729560576,0.0681145807758913,0.0681145807758913,0.20509144471803456,0.27320602549392586,0.0,0.009732629450851593,2.8542588342571316,3.19998187330126e-06,0.08178884931542633,0.0010876303749230143,0.0,0.0009716805503251428,1.031171790938686,0.005460189130906458,0.71607191035249,0.29654040203609816,-0.29654040203609816,0.5732413737015267,0.27670097166542856,0.19233514128344392,0.16739240271597844,-0.16739240271597844,0.44237110641012023,0.2749787036941418,0.19119351815535848,0.7389259467159667,0.0010186199091505004,1.0319158253716005,0.07365885724667098,0.07365885724667098,1.6339874703289536e-05,0.8113622064706193,0.8850210637172903,2.063476366804134e-05,0.22292299022977827,0.2017523660716523,True,0.7383931645507812,0.07093648610638392,-0.07093648610638392,0.6768046435483457,0.6058681574419618,0.0,0.0,0.0023281683766687568,0.16189727279416036,0.16189727279416036,0.0,0.004866314725425797,1.919989123980756e-05,0.013051564499076171,0.0,0.0058300833019508565,0.009616757064172197,0.001911935181553585,1.6339874703289537e-06,2.063476366804134e-07,0.0022292299022977826,0.2017523660716523
0.10340065196394709,0.0,0.011164086331716025,3550,0.817814177172235,0.8178141779900492,0.3389171124934989,0.3389171124934989,0.20509144471803456,0.5440085572115334,0.0,0.008039681299360588,2.5224882101030395,0.00036183219642869625,0.09902188729933747,0.0011636743025243157,0.35246212330283616,0.5206484260202566,1.721559717570387,0.006769743831790217,0.71607191035249,0.5760438447367081,-0.5760438447367081,0.5732413737015267,-0.002802471035181343,0.19340213764589242,0.08930637725662527,0.08930637725662527,0.44237110641012023,0.5316774836667455,0.15816957412993246,1.2337236487720804,0.5225911480587248,1.7229046604212237,0.722808864875976,0.722808864875976,1.08655668614252e-05,0.8113622064706193,1.5341710713465952,1.3152426555854366e-05,0.2698044075959965,4.4797616794806645,True,1.2327605729621174,1.538499445643618,1.538499445643618,0.6768046435483457,2.2153040891919638,0.41360260785578834,0.0,0.002232817266343205,0.817814177172235,0.817814177172235,0.0,0.004019840649680294,0.0021709931785721774,0.013964091630291789,0.08811553082570904,3.1238905561215398,0.009670106882294622,0.0015816957412993246,1.08655668614252e-06,1.3152426555854365e-07,0.002698044075959965,4.4797616794806645
0.0,0.0,0.02485109997579986,3575,0.3451795838344354,0.34517958417961503,0.17958320229554028,0.17958320229554028,0.20509144471803456,0.38467464701357484,0.0,0.006204153430579373,2.043604770814375,0.0,0.06436575308761698,0.0008922639683774826,0.013703037921123906,0.15540328805861095,1.3942122373273196,0.011030001603555831,0.71607191035249,0.38603808095073855,-0.38603808095073855,0.5732413737015267,0.1872032927507882,0.15708753730662967,0.10263405180817775,0.10263405180817775,0.44237110641012023,0.545005158218298,0.18482019719225928,0.9988823991182801,0.15598315711933672,1.3949470307767065,0.33677854148634656,0.33677854148634656,4.165726489669089e-06,0.8113622064706193,1.1481407479569659,1.4910815258371687e-05,0.2798087290618785,1.312305767806036,True,0.9983562341619153,0.5389950515403412,0.5389950515403412,0.6768046435483457,1.215799695088687,0.0,0.0,0.004970219995159972,0.3451795838344354,0.3451795838344354,0.0,0.0031020767152896865,0.0,0.01070716762052979,0.0034257594802809765,0.9324197283516658,0.007854376865331483,0.0018482019719225928,4.165726489669089e-07,1.4910815258371688e-07,0.002798087290618785,1.312305767806036
0.0,0.0,0.01765779458515238,3600,0.21338562585221751,0.21338562606560313,0.051288515382059835,0.051288515382059835,0.20509144471803456,0.2563799601000944,0.0,0.0071679493041417715,2.3629012092877044,0.0,0.05102623959068943,0.00047056442883350286,0.0,8.401850548868328e-05,1.0091661608914901,0.007518617168634517,0.71607191035249,0.3633599216952085,-0.3633599216952085,0.5732413737015267,0.20988145200631822,0.14377962027742663,0.21467666375478778,0.21467666375478778,0.44237110641012023,0.657047770164908,0.13284606759921272,0.7232791805721834,0.00010130412214902835,1.0100649948906608,0.06845376204664255,0.06845376204664255,5.819694512816705e-06,0.8113622064706193,0.8798159685172618,1.686662343970924e-05,0.11026616510091775,0.2362728975768113,True,0.7226355507843193,0.2055095984458601,-0.2055095984458601,0.6768046435483457,0.4712950451024856,0.0,0.0,0.003531558917030476,0.21338562585221751,0.21338562585221751,0.0,0.0035839746520708858,0.0,0.005646773146002034,0.0,0.0005041110329320997,0.007188981013871332,0.0013284606759921271,5.819694512816706e-07,1.6866623439709242e-07,0.0011026616510091776,0.2362728975768113
0.0,0.0,0.006294211656584402,3625,0.3100753440199697,0.3100753443300451,0.17114458205140434,0.17114458205140434,0.20509144471803456,0.3762360267694389,0.0,0.00656263520220349,1.8970859723525841,0.0,0.04019048006907111,0.00021208463722390382,0.022294359418933117,0.005719731032920119,1.0756289034227002,0.006398358072454919,0.71607191035249,0.3913126175963376,-0.3913126175963376,0.5732413737015267,0.18192875610518908,0.18527822782249023,0.15778929526335506,0.15778929526335506,0.44237110641012023,0.6001604016734753,0.12385717218015388,0.7709629426104367,0.005876102327240726,1.076655739036557,0.5225117174807213,0.5225117174807213,1.9506807422132984e-05,0.8113622064706193,1.3338739239513406,2.138067564830929e-05,0.1527144888070101,0.369084288139824,True,0.770227654460536,0.020040123427095713,0.020040123427095713,0.6768046435483457,0.6968447669754414,0.0,0.0,0.0012588423313168806,0.3100753440199697,0.3100753440199697,0.0,0.003281317601101745,0.0,0.002545015646686846,0.005573589854733279,0.034318386197520714,0.009263911391124513,0.0012385717218015388,1.9506807422132986e-06,2.138067564830929e-07,0.0015271448880701012,0.369084288139824
0.0,0.0,0.02446320763723451,3650,0.3950463467880143,0.39504634718306064,0.13077097567709775,-0.13077097567709775,0.20509144471803456,0.07432046904093681,0.0,0.015039617912351578,1.6103122855116667,0.0,0.02957599578326634,0.00014320059541449975,0.0,0.12754851073367823,0.642860656418705,0.00803358482257134,0.71607191035249,0.008138674708531912,-0.008138674708531912,0.5732413737015267,0.5651026989929948,0.0774678645433384,0.2699020465832096,-0.2699020465832096,0.44237110641012023,0.17246905982691063,0.27282837358339385,0.460555637486028,0.12732798728369046,0.6431695258477907,0.5686725007197062,-0.5686725007197062,2.5405681503874957e-06,0.8113622064706193,0.24268970575091306,6.8313678134992975e-06,0.05580567266781112,1.1816283248788524,True,0.4603344647608044,0.6057270574963908,-0.6057270574963908,0.6768046435483457,0.07107758605195494,0.0,0.0,0.004892641527446902,0.3950463467880143,0.3950463467880143,0.0,0.007519808956175789,0.0,0.0017184071449739971,0.0,0.7652910644020694,0.00387339322716692,0.0027282837358339387,2.5405681503874956e-07,6.831367813499297e-08,0.0005580567266781112,1.1816283248788524
0.0,0.0,0.034150347843760635,3675,0.21676355562605304,0.2167635558428166,0.015505997859200982,0.015505997859200982,0.20509144471803456,0.22059744257723554,0.0,0.00873430751690061,1.6777109820446838,0.0,0.02122768013114273,9.091258795060187e-05,0.0,0.007831660379629611,1.0884966687487705,0.007346559232214574,0.71607191035249,0.42066429743519845,-0.42066429743519845,0.5732413737015267,0.15257707626632827,0.11534974414382332,0.12398215464904405,0.12398215464904405,0.44237110641012023,0.5663532610591643,0.284968665284267,0.7800177826997619,0.007974649592252967,1.0893008935691741,0.05114195271570976,0.05114195271570976,3.813310052414273e-06,0.8113622064706193,0.8625041591863291,1.0651548904369217e-05,0.1973163425924027,0.2866325174188925,True,0.7794418998882202,0.19936457710148847,0.19936457710148847,0.6768046435483457,0.8761692206498342,0.0,0.0,0.006830069568752127,0.21676355562605304,0.21676355562605304,0.0,0.004367153758450305,0.0,0.0010909510554072224,0.0,0.04698996227777767,0.005767487207191166,0.0028496866528426703,3.813310052414273e-07,1.0651548904369217e-07,0.001973163425924027,0.2866325174188925
0.0,0.0,0.023372349139890423,3700,0.20409557022446612,0.2040955704285617,0.03931375410634222,0.03931375410634222,0.20509144471803456,0.24440519882437678,0.0,0.009751191011647963,1.9725299604176465,4.920848102991208e-06,0.08221829847022244,0.0009152817618026602,0.0,0.010800963295330895,1.103927683007613,0.00675994985896323,0.71607191035249,0.4084451363247442,-0.4084451363247442,0.5732413737015267,0.1647962373767825,0.14421081410349892,0.12939282435190358,-0.12939282435190358,0.44237110641012023,0.31297828205821665,0.23947369708240437,0.7910648000115299,0.010967983113136164,1.1047281390703385,0.009047849308840727,0.009047849308840727,1.1372416573107983e-05,0.8113622064706193,0.82041005577946,1.5225882655792422e-05,0.11038790807798449,0.3001747678177661,True,0.7904916159015363,0.15191327171333335,-0.15191327171333335,0.6768046435483457,0.5248913718350123,0.0,0.0,0.004674469827978085,0.20409557022446612,0.20409557022446612,0.0,0.004875595505823982,2.952508861794725e-05,0.010983381141631922,0.0,0.06480577977198537,0.007210540705174947,0.0023947369708240437,1.1372416573107983e-06,1.522588265579242e-07,0.001103879080779845,0.3001747678177661
0.0,0.0,0.01551239920763578,3725,0.48050598340797407,0.48050598388848004,0.2803268678232558,0.2803268678232558,0.20509144471803456,0.48541831254129036,0.0,0.01851453929958985,2.2391203110521873,0.0,0.057618034485935644,0.0004831062100248113,0.10374616144727795,0.00597753412612711,1.0773145143302802,0.007261447019533127,0.71607191035249,0.42578554577169914,-0.42578554577169914,0.5732413737015267,0.1474558279298276,0.17943506352435143,0.2617502831943608,0.2617502831943608,0.44237110641012023,0.704121389604481,0.36468007082049664,0.7724478763880358,0.006198327965352813,1.0787294605935593,0.9088674841395289,0.9088674841395289,2.1453963649412287e-05,0.8113622064706193,1.7202296906101482,2.9700584057190063e-05,0.2029626049154597,0.5751153748739587,True,0.7714346731000938,0.00045218694762494405,0.00045218694762494405,0.6768046435483457,0.6772568304959706,0.0,0.0,0.003102479841527156,0.48050598340797407,0.48050598340797407,0.0,0.009257269649794925,0.0,0.005797274520297735,0.02593654036181949,0.035865204756762664,0.008971753176217572,0.0036468007082049664,2.1453963649412287e-06,2.9700584057190064e-07,0.002029626049154597,0.5751153748739587
0.0,0.0,0.0507167354191515,3750,0.18241241327837657,0.18241241346078896,0.04709505291572094,0.04709505291572094,0.20509144471803456,0.2521864976337555,0.0,0.005489666769849922,2.1498013641672484,0.0,0.01873489574532664,4.956496906732685e-05,0.0,0.000354389412514335,1.0188252333986683,0.004041322496082479,0.71607191035249,0.28514730024902724,-0.28514730024902724,0.5732413737015267,0.2880940734524995,0.099573484256431,0.16812146422513952,0.16812146422513952,0.44237110641012023,0.6104925706352597,0.266587951094016,0.7300559668734592,0.0003813751859309498,1.0195288296098601,0.042379255052494624,0.042379255052494624,1.50067021835555e-06,0.8113622064706193,0.8537414615231139,1.2980802387269056e-05,0.2846078402030432,0.20851262185186362,True,0.7295521413833582,0.22974700886517851,0.22974700886517851,0.6768046435483457,0.9065516524135242,0.0,0.0,0.0101433470838303,0.18241241327837657,0.18241241327837657,0.0,0.002744833384924961,0.0,0.0005947796288079221,0.0,0.00212633647508601,0.004978674212821551,0.0026658795109401603,1.50067021835555e-07,1.2980802387269055e-07,0.002846078402030432,0.20851262185186362
0.0,0.0,0.014128440202629313,3775,0.29579009077229707,0.2957900910680872,0.053187632380153255,0.053187632380153255,0.20509144471803456,0.2582790770981878,0.0,0.014250180638658608,1.3772861415869844,0.0,0.03216457228445937,0.0001717604939002008,0.0,0.1117876408795469,1.3343465879585836,0.002974632922033527,0.71607191035249,0.5183345153570218,-0.5183345153570218,0.5732413737015267,0.05490685834450488,0.07832171462492472,0.31581878143264974,0.31581878143264974,0.44237110641012023,0.75818988784277,0.2328063288219966,0.9563303956965066,0.1125755677117395,1.3355228274078226,0.19306299604624033,-0.19306299604624033,3.7027537715757817e-06,0.8113622064706193,0.618299210424379,4.052177324147557e-06,0.18598807798431322,0.9866322809326958,True,0.9554881236552957,0.17013075169932423,-0.17013075169932423,0.6768046435483457,0.5066738918490215,0.0,0.0,0.002825688040525863,0.29579009077229707,0.29579009077229707,0.0,0.007125090319329304,0.0,0.0020611259268024096,0.0,0.6707258452772814,0.003916085731246236,0.002328063288219966,3.702753771575782e-07,4.052177324147557e-08,0.0018598807798431323,0.9866322809326958
0.005558641601518078,0.0,0.03305226368685609,3800,0.7581089298607314,0.7581089306188402,0.6156647757658618,0.6156647757658618,0.20509144471803456,0.8207562204838963,0.0,0.00848511902935566,3.080804506174885,4.2811603865948565e-05,0.08654305768474867,0.0009052680120906036,0.2596386735823484,0.22520368016275602,1.4745562982015474,0.011075732386059542,0.71607191035249,0.47176456035992,-0.47176456035992,0.5732413737015267,0.10147681334160676,0.4367109395680981,0.43815718180007646,0.43815718180007646,0.44237110641012023,0.8805282882101967,0.26458306033698437,1.0574034344342091,0.22721630164413936,1.4766721112506367,1.268827058602,1.268827058602,2.0335980573474e-05,0.8113622064706193,2.0801892650726193,4.1720419647164024e-05,0.2198030077797291,2.2451302021210853,True,1.055888360121041,0.6856653821553205,0.6856653821553205,0.6768046435483457,1.3624700257036662,0.022234566406072312,0.0,0.006610452737371219,0.7581089298607314,0.7581089298607314,0.0,0.00424255951467783,0.0002568696231956914,0.010863216145087243,0.0649096683955871,1.351222080976536,0.021835546978404907,0.0026458306033698437,2.0335980573474e-06,4.1720419647164026e-07,0.0021980300777972913,2.2451302021210853
0.0,0.0,0.019104841942770956,3825,0.27344429976293827,0.2734443000363826,0.16751493608926168,0.16751493608926168,0.20509144471803456,0.37260638080729624,0.0,0.010479441992744289,2.6611792092888864,0.0,0.07914916896915156,0.0011037693588076697,0.006303816897697471,0.005381774431828274,1.0733605781863003,0.007590232890923242,0.71607191035249,0.40204874150729064,-0.40204874150729064,0.5732413737015267,0.17119263219423606,0.20014754257247905,0.2216607626925321,-0.2216607626925321,0.44237110641012023,0.22071034371758813,0.27318499884530784,0.7693749285559143,0.005541025531661986,1.0744380650719911,0.36617394333692654,0.36617394333692654,3.746331407729435e-05,0.8113622064706193,1.1775361498075458,2.165891069936588e-05,0.210226357361547,0.3444622758801578,True,0.768603370452523,0.03062076509495959,-0.03062076509495959,0.6768046435483457,0.6461838784533861,0.0,0.0,0.0038209683885541915,0.27344429976293827,0.27344429976293827,0.0,0.005239720996372144,0.0,0.013245232305692037,0.0015759542244243678,0.03229064659096965,0.010007377128623953,0.0027318499884530782,3.746331407729435e-06,2.165891069936588e-07,0.00210226357361547,0.3444622758801578
0.0,0.0,0.007432786687556518,3850,0.22352353756788748,0.22352353779141101,0.06718123315421734,0.06718123315421734,0.20509144471803456,0.2722726778722519,0.0,0.008849878124776481,2.070844864477886,0.0,0.05100293111677034,0.00033980966770132717,0.0,0.023644606179792214,1.1537680271701247,0.004367933437505904,0.71607191035249,0.4046516684129766,-0.4046516684129766,0.5732413737015267,0.1685897052885501,0.11604201653103369,0.06376524800452094,-0.06376524800452094,0.44237110641012023,0.3786058584055993,0.16604072004589948,0.8267633256849856,0.023895411550371365,1.1545814075184055,0.08426058094554645,0.08426058094554645,1.6470747788838984e-06,0.8113622064706193,0.8956227874161657,1.3861652708623498e-05,0.23502998146313125,0.38519349822460325,True,0.8261808868570151,0.2653143730408434,0.2653143730408434,0.6768046435483457,0.9421190165891891,0.0,0.0,0.0014865573375113037,0.22352353756788748,0.22352353756788748,0.0,0.0044249390623882405,0.0,0.004077716012415926,0.0,0.14186763707875327,0.005802100826551685,0.001660407200458995,1.6470747788838986e-07,1.3861652708623498e-07,0.0023502998146313126,0.38519349822460325
0.0,0.0,0.003958053299089165,3875,0.20821609473921,0.2082160949474261,0.022117067137025853,0.022117067137025853,0.20509144471803456,0.2272085118550604,0.0,0.0076914501033368814,2.168588243052145,1.4309684165645643e-06,0.08119623092108696,0.0006539110543583995,0.0,0.0053767315204605965,1.0733261994137198,0.004835092449283454,0.71607191035249,0.39302639265356876,-0.39302639265356876,0.5732413737015267,0.180214981047958,0.1383042979160423,0.1748866347675082,-0.1748866347675082,0.44237110641012023,0.267484471642612,0.12889889914520666,0.7691523761654145,0.005494851998965451,1.0741272689296284,0.0693235095315975,0.0693235095315975,2.2417017187541847e-06,0.8113622064706193,0.8806857160022168,1.55505742909031e-05,0.19612505617139123,0.2631351721611429,True,0.7685787527788219,0.16254143164336776,0.16254143164336776,0.6768046435483457,0.8393460751917134,0.0,0.0,0.0007916106598178331,0.20821609473921,0.20821609473921,0.0,0.0038457250516684407,8.585810499387386e-06,0.007846932652300794,0.0,0.03226038912276358,0.006915214895802115,0.0012889889914520667,2.241701718754185e-07,1.55505742909031e-07,0.0019612505617139122,0.2631351721611429
0.0,0.0,0.02063801542456501,3900,0.3203008229144067,0.32030082323470754,0.16717579589271966,0.16717579589271966,0.20509144471803456,0.3722672406107542,0.0,0.0026179523255196986,2.4326602125309993,0.0,0.015515265281029627,5.042649224127668e-05,0.02911945243850505,0.007814186348555376,1.088397886561588,0.006273363992971448,0.71607191035249,0.3402477682004522,-0.3402477682004522,0.5732413737015267,0.23299360550107454,0.2248420676883063,0.20364362835081806,0.20364362835081806,0.44237110641012023,0.6460147347609383,0.11840822116569101,0.780190323381625,0.008017742538219295,1.0895418479718801,0.5702098865767172,0.5702098865767172,2.1153830162714903e-05,0.8113622064706193,1.3815720930473365,2.4323551434958935e-05,0.13892982345254237,0.39432534371906164,True,0.7793711647377478,0.051349335036444455,-0.051349335036444455,0.6768046435483457,0.6254553085119012,0.0,0.0,0.0041276030849130025,0.3203008229144067,0.3203008229144067,0.0,0.0013089761627598493,0.0,0.0006051179068953202,0.007279863109626262,0.04688511809133226,0.011242103384415315,0.00118408221165691,2.1153830162714905e-06,2.432355143495894e-07,0.0013892982345254238,0.39432534371906164
0.0,0.0,0.01123275989825574,3925,0.19985759243139564,0.19985759263125322,0.0027468776237814796,-0.0027468776237814796,0.20509144471803456,0.20234456709425308,0.0,0.011991169855180093,1.558592202107856,0.0,0.05367181356826337,0.000446545942999281,0.0,0.004969157150232382,1.0704922488663284,0.006471485862617743,0.71607191035249,0.36775175113409375,-0.36775175113409375,0.5732413737015267,0.20548962256743294,0.08512866223752041,0.18339593895694672,0.18339593895694672,0.44237110641012023,0.625767045367067,0.25532584442903117,0.767013252838758,0.00506089484570201,1.0711399665849093,0.10762572881545596,-0.10762572881545596,6.772915943832717e-06,0.8113622064706193,0.7037364776551633,6.392680836462914e-06,0.06657886119296536,0.2507494449425212,True,0.7665494403681674,0.13874084810887233,-0.13874084810887233,0.6768046435483457,0.5380637954394734,0.0,0.0,0.0022465519796511482,0.19985759243139564,0.19985759243139564,0.0,0.005995584927590046,0.0,0.0053585513159913715,0.0,0.029814942901394293,0.004256433111876021,0.0025532584442903117,6.772915943832718e-07,6.392680836462913e-08,0.0006657886119296536,0.2507494449425212
0.0,0.0,0.016693797035092245,3950,0.19329319134852962,0.1932931915418228,0.028530622353335006,-0.028530622353335006,0.20509144471803456,0.17656082236469955,0.0,0.0030244754212567894,1.8782607238241662,0.0,0.02489335464461769,7.896341924807547e-05,0.0,0.0002278003958815875,0.9849069421295223,0.003405977920914267,0.71607191035249,0.2847176812729991,-0.2847176812729991,0.5732413737015267,0.2885236924285276,0.11990100673434188,0.0224307277289027,0.0224307277289027,0.44237110641012023,0.46480183413902293,0.053650210987142136,0.7057915117811756,0.0002061139861017492,0.9856433295607321,0.13250936860729312,-0.13250936860729312,4.37391184271641e-06,0.8113622064706193,0.6788528378633262,1.0181271037657204e-05,0.13915786849092793,0.2083822222078353,True,0.7052642054191858,0.2947393165589308,-0.2947393165589308,0.6768046435483457,0.38206532698941487,0.0,0.0,0.003338759407018449,0.19329319134852962,0.19329319134852962,0.0,0.0015122377106283947,0.0,0.0009475610309769057,0.0,0.001366802375289525,0.005995050336717094,0.0005365021098714213,4.3739118427164096e-07,1.0181271037657204e-07,0.0013915786849092793,0.2083822222078353
0.3376883851373072,0.0,0.0198830780408407,3975,1.5133080141117008,1.5133080156250087,0.9945088278439997,0.9945088278439997,0.20509144471803456,1.1996002725620343,0.0,0.01104274519101221,2.6913728120148424,0.002225233713023507,0.1271723829483259,0.005231844851989633,1.5834539934094725,0.9625760774758724,1.9811096154232066,0.022288632979125422,0.71607191035249,0.6842726034993883,-0.6842726034993883,0.5732413737015267,-0.11103122979786159,0.4324521923822261,0.3223159358613594,0.3223159358613594,0.44237110641012023,0.7646870422714797,0.28478038728760785,1.4211146168070492,0.9694324401080445,1.984597603139498,2.524990544725157,2.524990544725157,3.236039305972284e-05,0.8113622064706193,3.336352751195776,3.341552671039493e-05,0.21991955072260408,9.14768622576801,True,1.4186169667448785,1.8745037030513971,1.8745037030513971,0.6768046435483457,2.551308346599743,1.3507535405492288,0.0,0.00397661560816814,1.5133080141117008,1.5133080141117008,0.0,0.005521372595506105,0.013351402278141043,0.0627821382238756,0.3958634983523681,5.7754564648552345,0.021622609619111305,0.0028478038728760786,3.2360393059722843e-06,3.3415526710394927e-07,0.002199195507226041,9.14768622576801
0.0,0.0,0.029261809785193764,4000,0.6775778786932566,0.6775778793708345,0.5098528356332147,0.5098528356332147,0.20509144471803456,0.7149442803512492,0.0,0.010879518636669833,3.2640412540526156,0.0,0.04917433574495042,0.00032557874918288834,0.26026662431200787,0.0001480494816843791,1.012167558575342,0.009438623053350987,0.71607191035249,0.015151732917428218,-0.015151732917428218,0.5732413737015267,0.5580896407840985,0.30383905778920667,0.4813320038700871,0.4813320038700871,0.44237110641012023,0.9237031102802074,0.22836578922903833,0.7270916675767916,0.00023682632590330674,1.0153891626121536,1.3293976813059625,1.3293976813059625,5.753245111445119e-05,0.8113622064706193,2.1407598877765817,5.084061162318438e-05,0.25014196167402314,0.7787151899766517,True,0.7247847673875365,0.19078975611518556,0.19078975611518556,0.6768046435483457,0.8675943996635312,0.0,0.0,0.005852361957038753,0.6775778786932566,0.6775778786932566,0.0,0.005439759318334916,0.0,0.00390694499019466,0.06506665607800197,0.0008882968901062746,0.015191952889460333,0.002283657892290383,5.753245111445119e-06,5.084061162318437e-07,0.0025014196167402313,0.7787151899766517
0.0,0.0,0.013906511468550676,4025,0.25875289255303263,0.25875289281178554,0.07138790612798218,-0.07138790612798218,0.20509144471803456,0.13370353859005238,0.0,0.007778375286660884,1.1903459407040133,0.0,0.025382317851445898,0.00019019052419908905,0.0,0.00787014612454689,0.9112861559589097,0.0029336004976158398,0.71607191035249,0.22716502025007035,-0.22716502025007035,0.5732413737015267,0.3460763534514564,0.10697221549994268,0.017851415352266864,-0.017851415352266864,0.44237110641012023,0.42451969105785337,0.17901267670192966,0.6529840309060357,0.007762090636552405,0.911897272252487,0.2853209902457696,-0.2853209902457696,1.1438840202399448e-06,0.8113622064706193,0.5260412162248497,6.486703616859262e-06,0.03568149734729495,0.3224222772986713,True,0.6525464276881352,0.4431008661928778,-0.4431008661928778,0.6768046435483457,0.2337037773554679,0.0,0.0,0.0027813022937101355,0.25875289255303263,0.25875289255303263,0.0,0.003889187643330442,0.0,0.0022822862903890684,0.0,0.04722087674728134,0.005348610774997134,0.0017901267670192966,1.1438840202399448e-07,6.486703616859262e-08,0.0003568149734729495,0.3224222772986713
0.0,0.0,0.05558874994545858,4050,0.23379058891275645,0.23379058914654705,0.2762938111005986,0.2762938111005986,0.20509144471803456,0.4813852558186332,0.0,0.01184958363055909,4.3014925025686805,0.0,0.05967546110496285,0.0004085402894792963,0.0034323955987393094,0.00233478251689856,1.048319587300582,0.009628873557544335,0.71607191035249,0.2594970362878961,-0.2594970362878961,0.5732413737015267,0.3137443374136306,0.22807357459891653,0.04792467495810537,0.04792467495810537,0.44237110641012023,0.4902957813682256,0.3578011898626443,0.751630752740589,0.0024659354060003603,1.0496581856897769,0.3196415262765683,0.3196415262765683,0.0001252044202980315,0.8113622064706193,1.1310037327471876,2.5313445069097187e-05,0.5776637609974985,0.29137351000698325,True,0.7506722200214575,0.158574071595891,0.158574071595891,0.6768046435483457,0.8353787151442367,0.0,0.0,0.011117749989091716,0.23379058891275645,0.23379058891275645,0.0,0.005924791815279545,0.0,0.004902483473751556,0.0008580988996848274,0.01400869510139136,0.011403678729945826,0.003578011898626443,1.252044202980315e-05,2.531344506909719e-07,0.005776637609974985,0.29137351000698325
0.017108182792549904,0.0,0.0320022138727998,4075,0.7449895876988825,0.744989588443872,0.4380798972540536,0.4380798972540536,0.20509144471803456,0.6431713419720881,0.0,0.009992060587264682,2.952969640147578,0.0,0.04755212098596244,0.00028570282599671285,0.25139816021213746,0.2817467845952877,1.5307982522534223,0.011961083419695113,0.71607191035249,0.5512194304180384,-0.5512194304180384,0.5732413737015267,0.022021943283488294,0.1991908054289913,0.38017566520820134,0.38017566520820134,0.44237110641012023,0.8225467716183216,0.2201153023895424,1.097147100766349,0.2832096452920028,1.5321744500556211,1.146902530227282,1.146902530227282,3.927349971557859e-06,0.8113622064706193,1.9582647366979014,2.3973862790932336e-05,0.2200242307056544,2.5959390415500216,True,1.0961616441633435,0.905191486560772,0.905191486560772,0.6768046435483457,1.5819961301091177,0.06843273117019961,0.0,0.0064004427745599606,0.7449895876988825,0.7449895876988825,0.0,0.004996030293632341,0.0,0.003428433911960554,0.06284954005303436,1.690480707571726,0.009959540271449567,0.0022011530238954242,3.9273499715578595e-07,2.397386279093234e-07,0.002200242307056544,2.5959390415500216
0.0,0.0,0.036666495500081275,4100,0.20829905128658238,0.20829905149488143,0.11757417376688198,0.11757417376688198,0.20509144471803456,0.32266561848491654,0.0,0.004729219894790727,2.3787916757550596,0.0,0.048243257599921194,0.00036987084850444065,0.0013687016131806564,1.1631567977833806e-05,1.0034105084632403,0.008545876989622572,0.71607191035249,0.3386312184956213,-0.3386312184956213,0.5732413737015267,0.23461015520590547,0.22245783570628147,0.024183573949566772,-0.024183573949566772,0.44237110641012023,0.41818753246055346,0.17909051769329712,0.7191972011012004,1.9048675598611873e-05,1.0043644788461639,0.2713632918107648,0.2713632918107648,1.2249256757581131e-05,0.8113622064706193,1.082725498281384,2.438438299298705e-05,0.3328428316335576,0.23909106937529778,True,0.7185140896971409,0.11926778441890207,-0.11926778441890207,0.6768046435483457,0.5575368591294436,0.0,0.0,0.007333299100016255,0.20829905128658238,0.20829905128658238,0.0,0.0023646099473953637,0.0,0.004438450182053287,0.0003421754032951641,6.978940786700285e-05,0.011122891785314074,0.0017909051769329713,1.224925675758113e-06,2.438438299298705e-07,0.0033284283163355763,0.23909106937529778
0.0,0.0,0.01165365022334553,4125,0.5038594584340823,0.5038594589379417,0.3977516987495757,0.3977516987495757,0.20509144471803456,0.6028431434676103,0.0,0.010316861893404078,3.854741734567843,0.0,0.06850307048956492,0.0018518016368778284,0.08697121915402758,0.004005761193601745,1.063291083049682,0.014469746255310398,0.71607191035249,0.36984482231408955,-0.36984482231408955,0.5732413737015267,0.2033965513874372,0.4187298881174105,0.016392374770614337,-0.016392374770614337,0.44237110641012023,0.4259787316395059,0.1964456091320176,0.7625079787256592,0.004205304124880514,1.0648483162840834,0.7923882006921757,0.7923882006921757,4.5208400314544085e-05,0.8113622064706193,1.603750407162795,5.435535360144717e-05,0.29987622219672116,0.60525238813083,True,0.7613928877330648,0.588415155148692,0.588415155148692,0.6768046435483457,1.2652197986970377,0.0,0.0,0.002330730044669106,0.5038594584340823,0.5038594584340823,0.0,0.005158430946702039,0.0,0.02222161964253394,0.021742804788506896,0.024034567161610468,0.020936494405870528,0.001964456091320176,4.520840031454409e-06,5.435535360144718e-07,0.002998762221967212,0.60525238813083
0.0,0.0,0.01841537911446281,4150,0.3652830880912309,0.365283088456514,0.03896941390866501,0.03896941390866501,0.20509144471803456,0.24406085862669957,0.0,0.01115980783299039,1.5316831205858585,0.0,0.05932181878539709,0.0014309860508186355,0.014353134316168853,0.013443005977542156,1.1159439777545266,0.004166458798374377,0.71607191035249,0.4443386316987469,-0.4443386316987469,0.5732413737015267,0.12890274200277985,0.11238536161675472,0.29808249482753263,-0.29808249482753263,0.44237110641012023,0.1442886115825876,0.22987408732904266,0.799450878702573,0.013558125282530597,1.1164393631145868,0.17310921274300006,0.17310921274300006,8.327339580232679e-06,0.8113622064706193,0.9844714192136194,9.23836165716149e-06,0.22869429174392053,0.4861700968738794,True,0.7990961471564803,0.5910865126715719,0.5910865126715719,0.6768046435483457,1.2678911562199175,0.0,0.0,0.0036830758228925623,0.3652830880912309,0.3652830880912309,0.0,0.005579903916495195,0.0,0.017171832609823627,0.0035882835790422133,0.08065803586525294,0.005619268080837736,0.0022987408732904266,8.327339580232679e-07,9.238361657161492e-08,0.0022869429174392055,0.4861700968738794
0.0,0.0,0.016955548818820717,4175,0.27558631511759973,0.27558631539318607,0.013668923481884032,0.013668923481884032,0.20509144471803456,0.2187603681999186,0.0,0.00743182391032147,2.127592773190868,0.0,0.028539116674666968,0.00022569013125951602,0.0,0.0008022813758555967,1.0283245719447902,0.009518443535504944,0.71607191035249,0.31672163569223527,-0.31672163569223527,0.5732413737015267,0.25651973800929145,0.10823410287478476,0.2443874393617841,0.2443874393617841,0.44237110641012023,0.6867585457719043,0.163487952750698,0.7369408408540904,0.0008493499812762661,1.0291436096130226,0.21012673325641607,-0.21012673325641607,3.831900940668608e-06,0.8113622064706193,0.6012354732142032,1.2864357429971696e-05,0.13887175077006636,0.2986511206793876,True,0.7363543509781583,0.4187614925329474,-0.4187614925329474,0.6768046435483457,0.25804315101539826,0.0,0.0,0.0033911097637641437,0.27558631511759973,0.27558631511759973,0.0,0.003715911955160735,0.0,0.0027082815751141923,0.0,0.00481368825513358,0.0054117051437392386,0.00163487952750698,3.831900940668608e-07,1.2864357429971696e-07,0.0013887175077006637,0.2986511206793876
0.0,0.0,0.04840570937395395,4200,0.7363926867134694,0.7363926874498621,0.5229054486356354,0.5229054486356354,0.20509144471803456,0.7279968933536699,0.0,0.010590768184322443,2.9863367432241716,0.0,0.03752723895039487,0.00039815910868267054,0.3428478640359839,0.006044276925301482,1.0777449479085393,0.008960547472902135,0.71607191035249,0.3349458836983781,-0.3349458836983781,0.5732413737015267,0.23829549000314867,0.5421680493865668,0.20750963239672737,0.20750963239672737,0.44237110641012023,0.6498807388068476,0.2977500388369801,0.773251071886354,0.006376202858000847,1.0798511293470596,1.497927417783663,1.497927417783663,7.215951970152762e-05,0.8113622064706193,2.309289624254282,4.8501795197231917e-05,0.29602203057957227,0.9111785736788343,True,0.771742894499062,0.19724426720026944,0.19724426720026944,0.6768046435483457,0.8740489107486151,0.0,0.0,0.009681141874790791,0.7363926867134694,0.7363926867134694,0.0,0.0052953840921612216,0.0,0.004777909304192047,0.08571196600899597,0.03626566155180889,0.027108402469328344,0.002977500388369801,7.2159519701527625e-06,4.850179519723192e-07,0.002960220305795723,0.9111785736788343
0.0,0.0,0.020665702554951565,4225,0.7292362030060857,0.7292362037353219,0.3748624249726894,0.3748624249726894,0.20509144471803456,0.5799538696907239,0.0,0.005566918411267795,2.680177203130298,0.0,0.04703325191876059,8.884169704155779e-05,0.30105398382287674,0.005316986509499643,1.0729176693915792,0.005156670081459885,0.71607191035249,0.38632546728631295,-0.38632546728631295,0.5732413737015267,0.18691590641521377,0.26440735661247083,0.3167040920524482,0.3167040920524482,0.44237110641012023,0.7590751984625684,0.13437181452114566,0.7691172185848656,0.005487575432817042,1.0740781710952494,1.3864523790038032,1.3864523790038032,2.5692933190635877e-05,0.8113622064706193,2.1978145854744224,3.52715508355098e-05,0.29060047519170157,0.8618573308365054,True,0.768286215901346,0.5887328075562419,0.5887328075562419,0.6768046435483457,1.2655374511045876,0.0,0.0,0.004133140510990313,0.7292362030060857,0.7292362030060857,0.0,0.0027834592056338973,0.0,0.0010661003644986933,0.07526349595571918,0.03190191905699786,0.013220367830623542,0.0013437181452114566,2.5692933190635877e-06,3.5271550835509803e-07,0.002906004751917016,0.8618573308365054
0.0,0.0,0.015482585161899027,4250,0.3388783123463659,0.3388783126852442,0.19996351046350688,0.19996351046350688,0.20509144471803456,0.40505495518154144,0.0,0.00874727119166291,3.0141528363498624,0.0,0.05182373148193372,0.0010310632858277532,0.023513039159329736,0.025550747757626086,1.1598460126422492,0.012541257942627133,0.71607191035249,0.38240338077397074,-0.38240338077397074,0.5732413737015267,0.19083799292755602,0.2041757716248359,0.207779773306547,-0.207779773306547,0.44237110641012023,0.23459133310357322,0.17646089099427378,0.8311015533832448,0.025805137698585046,1.1606397762031093,0.5315156082048839,0.5315156082048839,2.5826033462972373e-05,0.8113622064706193,1.3428778146755032,1.7823113900217056e-05,0.353895287942822,0.5334190819451972,True,0.8305331615859138,0.2495867122605121,0.2495867122605121,0.6768046435483457,0.9263913558088578,0.0,0.0,0.0030965170323798055,0.3388783123463659,0.3388783123463659,0.0,0.004373635595831455,0.0,0.012372759429933038,0.005878259789832434,0.1533044865457565,0.010208788581241796,0.0017646089099427379,2.5826033462972375e-06,1.7823113900217055e-07,0.00353895287942822,0.5334190819451972
0.0,0.0,0.009418179272714914,4275,0.2362012864025657,0.236201286638767,0.07544128944550713,0.07544128944550713,0.20509144471803456,0.2805327341635417,0.0,0.010234450786660129,3.1369602946346324,0.0,0.040668366904333765,0.00020064470576362475,0.0,0.005356045280408124,1.073185007210549,0.005675920042763443,0.71607191035249,0.3925598858109417,-0.3925598858109417,0.5732413737015267,0.180681487890585,0.14046758620365063,0.20504714941267332,0.20504714941267332,0.44237110641012023,0.6474182558227936,0.18748182436581232,0.7693450032510625,0.005534805607591392,1.0743962741512731,0.05281847032246345,-0.05281847032246345,1.490988382169186e-05,0.8113622064706193,0.7585437361481558,1.6963283577663054e-05,0.28905928078789234,0.28953660678498855,True,0.7684776490067587,0.27262880012661234,-0.27262880012661234,0.6768046435483457,0.40417584342173335,0.0,0.0,0.0018836358545429829,0.2362012864025657,0.2362012864025657,0.0,0.005117225393330064,0.0,0.002407736469163497,0.0,0.032136271682448744,0.007023379310182532,0.0018748182436581233,1.4909883821691861e-06,1.6963283577663054e-07,0.0028905928078789235,0.28953660678498855
0.0,0.0,0.008055225297905637,4300,0.3256159675442243,0.32561596786984026,0.08329290761521843,-0.08329290761521843,0.20509144471803456,0.12179853710281613,0.0,0.010823342197271213,1.3850737574843468,0.0,0.039552064072336156,0.0004294749642467121,0.0,0.00019674701452874596,1.0140266537181448,0.006207084052785834,0.71607191035249,0.2825592860565172,-0.2825592860565172,0.5732413737015267,0.2906820876450095,0.07963107490357248,0.05765623545329429,-0.05765623545329429,0.44237110641012023,0.38471487095682594,0.1872695293799387,0.7264919355934283,0.00021175000079042547,1.0145516322380146,0.4349846508909278,-0.4349846508909278,1.2377905371231121e-06,0.8113622064706193,0.3763775555796915,7.205698559722974e-06,0.04615017290300021,0.3452888119646214,True,0.7261160132165614,0.5008147821959232,-0.5008147821959232,0.6768046435483457,0.1759898613524225,0.0,0.0,0.0016110450595811275,0.3256159675442243,0.3256159675442243,0.0,0.0054116710986356065,0.0,0.005153699570960546,0.0,0.0011804820871724757,0.003981553745178624,0.0018726952937993871,1.237790537123112e-07,7.205698559722974e-08,0.0004615017290300021,0.3452888119646214
0.0,0.0,0.012068623069427652,4325,0.1879890037270687,0.1879890039150577,0.09866506720492149,0.09866506720492149,0.20509144471803456,0.30375651192295605,0.0,0.013427642357858238,2.6236258049632104,0.0,0.04719747590448879,0.0008203004719983942,0.0,0.005425936960850832,1.0736609595433757,0.01191353910552316,0.71607191035249,0.37635085886507114,-0.37635085886507114,0.5732413737015267,0.1968905148364556,0.10486773720130023,0.1508729418981275,0.1508729418981275,0.44237110641012023,0.5932440483082477,0.23339038686946822,0.7693638139392611,0.005538714969620424,1.0744225434234844,0.04012277955045074,-0.04012277955045074,1.598049080715931e-05,0.8113622064706193,0.7712394269201686,1.6445138226356182e-05,0.358444836723862,0.25067927854543043,True,0.7688184651077221,0.03085581750658606,-0.03085581750658606,0.6768046435483457,0.6459488260417596,0.0,0.0,0.0024137246138855304,0.1879890037270687,0.1879890037270687,0.0,0.006713821178929119,0.0,0.00984360566398073,0.0,0.03255562176510499,0.0052433868600650115,0.002333903868694682,1.5980490807159312e-06,1.6445138226356182e-07,0.0035844483672386202,0.25067927854543043
0.0,0.0,0.01768860251971078,4350,0.7130190672692913,0.7130190679823104,0.31059691544763945,0.31059691544763945,0.20509144471803456,0.515688360165674,0.0,0.011227792017895748,2.4127323297163077,0.0,0.04116794119827543,0.00023460006794910607,0.26374903084597656,0.0020635953620931615,1.045426813250471,0.00629553071446437,0.71607191035249,0.402333376615719,-0.402333376615719,0.5732413737015267,0.17090799708580773,0.22270552201087987,0.15455389535334618,0.15455389535334618,0.44237110641012023,0.5969250017634664,0.23275097516171145,0.7496183096570006,0.002194715736020071,1.0468477932886926,1.0877877392296127,1.0877877392296127,1.9477980781901996e-05,0.8113622064706193,1.899149945700232,2.7044340569053123e-05,0.13832921876645868,0.8181530107629333,True,0.7486007857522486,1.0375303824563664,1.0375303824563664,0.6768046435483457,1.714335026004712,0.0,0.0,0.003537720503942156,0.7130190672692913,0.7130190672692913,0.0,0.005613896008947874,0.0,0.002815200815389273,0.06593725771149414,0.01238157217255897,0.011135276100543995,0.0023275097516171146,1.9477980781902e-06,2.704434056905312e-07,0.0013832921876645867,0.8181530107629333
0.0,0.0,0.017805086318402368,4375,0.38359255056442715,0.3835925509480197,0.1970852616800736,0.1970852616800736,0.20509144471803456,0.40217670639810815,0.0,0.011232501215946007,2.680708910933191,0.0,0.04256053317870931,0.0004926242582750182,0.053385882600845,9.705243229658376e-05,1.0098515192887485,0.009781676715005152,0.71607191035249,0.31577902560392596,-0.31577902560392596,0.5732413737015267,0.25746234809760077,0.16676617722909956,0.3092133731826884,0.3092133731826884,0.44237110641012023,0.7515844795928086,0.19973500184160026,0.7239139118342642,0.00011993320641045427,1.0109514020294414,0.7052899134362142,0.7052899134362142,1.3388818838075086e-05,0.8113622064706193,1.5166521199068335,2.757040236791013e-05,0.145372146020755,0.4244010897053576,True,0.7231263166879737,0.06411287063685756,0.06411287063685756,0.6768046435483457,0.7409175141852032,0.0,0.0,0.003561017263680474,0.38359255056442715,0.38359255056442715,0.0,0.005616250607973003,0.0,0.005911491099300219,0.01334647065021125,0.0005823145937795026,0.008338308861454978,0.0019973500184160024,1.3388818838075087e-06,2.757040236791013e-07,0.0014537214602075499,0.4244010897053576
0.0,0.0,0.05203804368415449,4400,0.3111458039687456,0.31114580427989136,0.10660392055656512,-0.10660392055656512,0.20509144471803456,0.09848752416146944,0.0,0.016027131206251682,0.7443304766640159,0.0,0.03453267394405948,0.0002878702379545819,0.0,3.602267338576881e-05,0.9939981108485937,0.005256715231300742,0.71607191035249,0.305609511664646,-0.305609511664646,0.5732413737015267,0.2676318620368807,0.053898967689267704,0.1073831972308315,-0.1073831972308315,0.44237110641012023,0.3349879091792887,0.324349116448263,0.7121490863355617,3.0011422268368304e-05,0.9945217318185061,0.4521658505516857,-0.4521658505516857,9.453542269032875e-07,0.8113622064706193,0.3591963559189336,1.811912137301483e-06,0.020025582007458822,0.3393763652280366,True,0.7117741360620997,0.40411864675404846,-0.40411864675404846,0.6768046435483457,0.2726859967942972,0.0,0.0,0.010407608736830899,0.3111458039687456,0.3111458039687456,0.0,0.008013565603125841,0.0,0.0034544428554549827,0.0,0.0002161360403146129,0.0026949483844633856,0.00324349116448263,9.453542269032876e-08,1.811912137301483e-08,0.00020025582007458822,0.3393763652280366
0.0,0.0,0.034277360910689364,4425,0.2779759766129655,0.2779759768909415,0.016904813406872804,0.016904813406872804,0.20509144471803456,0.22199625812490736,0.0,0.014593176539808798,1.3963734903817757,0.0,0.0332172177443048,0.00026809569599444376,0.0006230837268647876,0.009694680254346288,1.0984615673973672,0.0059543750598324615,0.71607191035249,0.43310166043913156,-0.43310166043913156,0.5732413737015267,0.1401397132623952,0.10044792323378579,0.11751880394522879,-0.11751880394522879,0.44237110641012023,0.32485230246489144,0.29216707029330435,0.7871196976226018,0.009844364902596495,1.099218772934342,0.2113410833346797,0.2113410833346797,7.760836317786782e-06,0.8113622064706193,1.022703289805299,7.0065020344656396e-06,0.1499165109640496,0.36311311599765006,True,0.7865774839996389,0.37418534827691885,0.37418534827691885,0.6768046435483457,1.0509899918252645,0.0,0.0,0.006855472182137873,0.2779759766129655,0.2779759766129655,0.0,0.007296588269904399,0.0,0.003217148351933325,0.0001557709317161969,0.058168081526077726,0.00502239616168929,0.0029216707029330437,7.760836317786783e-07,7.00650203446564e-08,0.001499165109640496,0.36311311599765006
0.0,0.0,0.006690298841382162,4450,0.33903255277254984,0.3390325531115824,0.277462823023087,0.277462823023087,0.20509144471803456,0.48255426774112153,0.0,0.011143981065348432,4.24081316661645,0.0,0.01119926693527354,3.9255994263888116e-05,0.044843593845679035,0.14454299158416192,0.6198118997336162,0.005064690926003186,0.71607191035249,0.08320757938362072,-0.08320757938362072,0.5732413737015267,0.490033794317906,0.4132212494488341,0.16517577876524847,0.16517577876524847,0.44237110641012023,0.6075468851753687,0.1914474978093919,0.44487296278277555,0.14343751213974157,0.6212685487845754,0.662154392212463,0.662154392212463,0.00011719246009165035,0.8113622064706193,1.4735165986830823,6.891229697248022e-05,0.42886225494635516,1.2517590913400367,True,0.44382989729957556,0.15835013073251547,-0.15835013073251547,0.6768046435483457,0.5184545128158302,0.0,0.0,0.0013380597682764324,0.33903255277254984,0.33903255277254984,0.0,0.005571990532674216,0.0,0.0004710719311666574,0.011210898461419759,0.8672579495049715,0.020661062472441705,0.0019144749780939192,1.1719246009165036e-05,6.891229697248023e-07,0.004288622549463552,1.2517590913400367
0.0,0.0,0.01704598580147507,4475,0.30710118534275394,0.3071011856498551,0.07732701359911526,-0.07732701359911526,0.20509144471803456,0.1277644311189193,0.0,0.005556064705733096,0.8104307425664685,0.0,0.04025064362310167,0.00015531510659098474,0.0,0.009380818250009585,1.0968546243088557,0.0011127066669555127,0.71607191035249,0.28184081322710974,-0.28184081322710974,0.5732413737015267,0.291400560474417,0.09459216323519791,0.24094907557321676,0.24094907557321676,0.44237110641012023,0.683320181983337,0.2159991127206437,0.7858001116242489,0.009482077748667713,1.0973759608356586,0.4242361708311166,-0.4242361708311166,1.0371205486917275e-06,0.8113622064706193,0.3871260356395027,2.878924083766123e-06,0.014191470043317396,0.37846875212576003,True,0.7854267971763513,0.3848495737869817,-0.3848495737869817,0.6768046435483457,0.291955069761364,0.0,0.0,0.0034091971602950143,0.30710118534275394,0.30710118534275394,0.0,0.002778032352866548,0.0,0.0018637812790918168,0.0,0.05628490950005751,0.004729608161759896,0.0021599911272064372,1.0371205486917275e-07,2.878924083766123e-08,0.00014191470043317396,0.37846875212576003
0.0,0.0,0.006524970425046737,4500,0.4266976810514811,0.42669768147817877,0.25138716558663854,0.25138716558663854,0.20509144471803456,0.45647861030467307,0.0,0.006846428740433795,2.648207042139596,0.0,0.06807204839093456,0.0003313072950725374,0.045256180426190555,0.11050020905241874,1.3324157172162874,0.006633359635341551,0.71607191035249,0.42094970674272947,-0.42094970674272947,0.5732413737015267,0.15229166695879728,0.17775962302505757,0.33132384202331355,0.33132384202331355,0.44237110641012023,0.7736949484334338,0.15985925834055537,0.9551006601782809,0.1114261066246824,1.3338054922026934,0.6637911113619154,0.6637911113619154,1.247572176041502e-05,0.8113622064706193,1.4751533178325347,1.8987197728037847e-05,0.1226816755112656,1.121431704402562,True,0.9541054813349072,0.3457835543365475,0.3457835543365475,0.6768046435483457,1.0225881978848932,0.0,0.0,0.0013049940850093475,0.4266976810514811,0.4266976810514811,0.0,0.0034232143702168974,0.0,0.003975687540870449,0.011314045106547639,0.6630012543145124,0.00888798115125288,0.0015985925834055537,1.247572176041502e-06,1.8987197728037848e-07,0.0012268167551126561,1.121431704402562
0.0,0.0,0.038372802094141185,4525,0.3033436904772776,0.3033436907806213,0.11998563898442213,0.11998563898442213,0.20509144471803456,0.3250770837024567,0.0,0.003811652551967671,2.3753693227701573,0.0,0.021929302221518454,8.933725716046975e-05,0.01139325016326787,0.03053849888581376,1.1747526791949519,0.006954666904090238,0.71607191035249,0.48955094082256756,-0.48955094082256756,0.5732413737015267,0.08369043287895918,0.19488481069376526,0.0003160545592863495,0.0003160545592863495,0.44237110641012023,0.4426871609694066,0.22099274940375704,0.8417645485768278,0.03081103781773227,1.1755307318327257,0.42731383090292885,0.42731383090292885,1.394705612432769e-05,0.8113622064706193,1.2386760373735481,1.805329920498004e-05,0.1701775487432996,0.5137329488684782,True,0.8412074069303619,0.1530786937750107,0.1530786937750107,0.6768046435483457,0.8298833373233564,0.0,0.0,0.007674560418828237,0.3033436904772776,0.3033436904772776,0.0,0.0019058262759838354,0.0,0.0010720470859256368,0.0028483125408169676,0.18323099331488257,0.009744240534688264,0.0022099274940375704,1.394705612432769e-06,1.8053299204980042e-07,0.001701775487432996,0.5137329488684782
0.0,0.0,0.011054672236466544,4550,0.32903639415701913,0.3290363944860555,0.05807921414788772,-0.05807921414788772,0.20509144471803456,0.14701223057014684,0.0,0.013162918871634505,1.50326539746471,0.0,0.03634467776759588,0.00016528970909362762,0.0,0.00034949147927946974,0.98130530879422,0.007018430520665936,0.71607191035249,0.39626903637327254,-0.39626903637327254,0.5732413737015267,0.17697233732825418,0.07869469846414502,0.20751037784783544,0.20751037784783544,0.44237110641012023,0.6498814842579557,0.2722326461162158,0.7030955891463009,0.0003283904781313437,0.9818784526562618,0.372700058089677,-0.372700058089677,7.819782837816584e-07,0.8113622064706193,0.4386621483809423,9.302428332520513e-06,0.09457778991184441,0.3495122239305295,True,0.7026851769203702,0.44604541244482887,-0.44604541244482887,0.6768046435483457,0.23075923110351682,0.0,0.0,0.002210934447293309,0.32903639415701913,0.32903639415701913,0.0,0.0065814594358172525,0.0,0.001983476509123531,0.0,0.0020969488756768183,0.003934734923207252,0.0027223264611621577,7.819782837816585e-08,9.302428332520513e-08,0.0009457778991184442,0.3495122239305295
0.0,0.0,0.014969685566666327,4575,0.24072428395459067,0.24072428419531497,0.03341969070606232,-0.03341969070606232,0.20509144471803456,0.17167175401197224,0.0,0.012073799766211141,1.4174374140140993,0.0,0.015703985617806792,3.385452131110403e-05,0.0,0.002045951538681454,0.954767804180192,0.0033697677226986284,0.71607191035249,0.30159255583088834,-0.30159255583088834,0.5732413737015267,0.2716488178706384,0.07573788402322316,0.20430976124666878,0.20430976124666878,0.44237110641012023,0.646680867656789,0.24846895009729203,0.6842211876795962,0.0019784522191913416,0.9555202043710704,0.1617452755061296,-0.1617452755061296,7.16720179413807e-06,0.8113622064706193,0.6496169309644897,6.830115505524178e-06,0.0664198786481725,0.26937365194880175,True,0.6836824150300402,0.36022485596917503,-0.36022485596917503,0.6768046435483457,0.31657978757917066,0.0,0.0,0.0029939371133332654,0.24072428395459067,0.24072428395459067,0.0,0.0060368998831055705,0.0,0.00040625425573324837,0.0,0.012275709232088722,0.0037868942011611583,0.0024846895009729203,7.16720179413807e-07,6.830115505524179e-08,0.0006641987864817251,0.26937365194880175
0.0,0.0,0.0185993333460736,4600,0.44147674471083614,0.44147674515231283,0.31436009275313426,0.31436009275313426,0.20509144471803456,0.5194515374711688,0.0,0.010822315612403014,2.423463057096604,0.0,0.05406380032554555,0.0010256536508962398,0.08921067678197794,0.0014221767780585384,1.0377117591482887,0.011507095670776929,0.71607191035249,0.27908924580331695,-0.27908924580331695,0.5732413737015267,0.29415212789820977,0.21614101798622604,0.25174837407552886,0.25174837407552886,0.44237110641012023,0.6941194804856491,0.24054422247444435,0.7437024352887837,0.0014888970508846885,1.0385862287725127,0.8565100746654447,0.8565100746654447,2.6672298959627007e-05,0.8113622064706193,1.667872281136064,3.650003215099114e-05,0.1339843955396523,0.5083067121705228,True,0.7430762521456757,0.02843862970502431,0.02843862970502431,0.6768046435483457,0.70524327325337,0.0,0.0,0.00371986666921472,0.44147674471083614,0.44147674471083614,0.0,0.005411157806201507,0.0,0.012307843810754877,0.022302669195494486,0.00853306066835123,0.010807050899311303,0.0024054422247444434,2.667229895962701e-06,3.650003215099114e-07,0.001339843955396523,0.5083067121705228
0.0,0.0,0.04079639728801606,4625,0.2790800106801181,0.27908001095919815,0.12964003835222618,0.12964003835222618,0.20509144471803456,0.33473148307026074,0.0,0.006862626335516807,2.510357128418545,0.0,0.009911345101857467,3.051875261083893e-05,0.0019083265720238295,0.002611674365162997,1.0511045434884512,0.005007181877696928,0.71607191035249,0.4467747293122977,-0.4467747293122977,0.5732413737015267,0.126466644389229,0.1350199985886828,0.28290585076132624,0.28290585076132624,0.44237110641012023,0.7252769571714465,0.21409255969047952,0.7533801186442677,0.0027145338707518477,1.0521011887652465,0.28631907556498437,0.28631907556498437,1.2467223002501847e-05,0.8113622064706193,1.0976812820356037,1.5713138497625085e-05,0.12412279328366488,0.31731851348365453,True,0.7526664489470025,0.10487960174175992,0.10487960174175992,0.6768046435483457,0.7816842452901056,0.0,0.0,0.008159279457603212,0.2790800106801181,0.2790800106801181,0.0,0.0034313131677584036,0.0,0.0003662250313300672,0.00047708164300595737,0.015670046190977983,0.0067509999294341405,0.0021409255969047952,1.2467223002501848e-06,1.5713138497625084e-07,0.0012412279328366488,0.31731851348365453
0.039701601962764115,0.0,0.010892451829643409,4650,0.34367526533729004,0.3436752656809653,0.18126978505184285,0.18126978505184285,0.20509144471803456,0.3863612297698774,0.0,0.013572515007475628,1.9613247464783605,0.0008983009251061283,0.1099716687073998,0.0013490850999335374,0.005245485213960205,0.35910368869994896,1.599252608421481,0.00958745619468278,0.71607191035249,0.5142173064567352,-0.5142173064567352,0.5732413737015267,0.0590240672447915,0.13441901210502094,0.21445736365497203,0.21445736365497203,0.44237110641012023,0.6568284700650923,0.2200870586793552,1.1460202282895413,0.36051156441564614,1.6004261523415233,0.3472333194792082,0.3472333194792082,1.7757434901148856e-06,0.8113622064706193,1.1585955259498275,1.1804566182636784e-05,0.13078104510082705,2.6991886785740995,True,1.1451798864410987,0.35598079862495147,0.35598079862495147,0.6768046435483457,1.0327854421732972,0.15880640785105646,0.0,0.002178490365928682,0.34367526533729004,0.34367526533729004,0.0,0.006786257503737814,0.00538980555063677,0.01618902119920245,0.0013113713034900512,2.1546221321996937,0.006720950605251047,0.0022008705867935523,1.7757434901148857e-07,1.1804566182636784e-07,0.0013078104510082706,2.6991886785740995
0.002057880358134771,0.0,0.034593955293137836,4675,1.497617014625201,1.4976170161228182,0.6782759408446944,0.6782759408446944,0.20509144471803456,0.883367385562729,0.0,0.0083123415922365,2.3433749953306378,0.0,0.07914455134832976,0.000252554188769597,1.6604948746429558,0.19834897333156626,1.4453638662167894,0.009373439850947315,0.71607191035249,0.39602146821483797,-0.39602146821483797,0.5732413737015267,0.17721990548668876,0.3574694858202861,0.3103005765030351,0.3103005765030351,0.44237110641012023,0.7526716829131553,0.21816980417997484,1.0361121839187637,0.19975421451190387,1.4469387144921593,2.3166219589213854,2.3166219589213854,2.556062204783517e-05,0.8113622064706193,3.1279841653920046,3.1318064226053574e-05,0.10924312604333851,3.146322179663952,True,1.0349844792899558,2.2659145242820617,2.2659145242820617,0.6768046435483457,2.9427191678304077,0.008231521432539085,0.0,0.006918791058627568,1.497617014625201,1.497617014625201,0.0,0.00415617079611825,0.0,0.003030650265235164,0.41512371866073894,1.1900938399893977,0.017873474291014307,0.0021816980417997483,2.556062204783517e-06,3.1318064226053574e-07,0.0010924312604333852,3.146322179663952
0.0,0.0,0.016074969199449573,4700,0.37916732829010896,0.37916732866927627,0.20229370064737381,0.20229370064737381,0.20509144471803456,0.4073851453654084,0.0,0.010157029414191356,3.302869711987382,0.0,0.0504135514326133,0.000946554419483393,0.048751615755245184,0.038576662413775185,0.8035905745291861,0.012783796299642214,0.71607191035249,0.22245344336835965,-0.22245344336835965,0.5732413737015267,0.3507879303331671,0.34281132606296616,0.23921285901145886,-0.23921285901145886,0.44237110641012023,0.20315824739866137,0.19093705097592817,0.5762053812121856,0.03815174176829604,0.8046752914547265,0.6823564166095982,0.6823564166095982,6.460383268651011e-05,0.8113622064706193,1.4937186230802175,4.782988120690768e-05,0.21851124132036306,0.6637093562005497,True,0.5754286458802751,0.3249584106592685,-0.3249584106592685,0.6768046435483457,0.3518462328890772,0.0,0.0,0.0032149938398899148,0.37916732829010896,0.37916732829010896,0.0,0.005078514707095678,0.0,0.011358653033800716,0.012187903938811296,0.2314599744826511,0.017140566303148308,0.0019093705097592817,6.460383268651011e-06,4.782988120690768e-07,0.0021851124132036305,0.6637093562005497
0.0,0.0,0.008600599946633314,4725,0.25405094908143816,0.2540509493354891,0.035923147291228225,-0.035923147291228225,0.20509144471803456,0.16916829742680634,0.0,0.011338607132013073,1.5158379471439098,0.0,0.04069360775550055,0.0003875948925298486,0.0,0.0030982367597232816,1.0556618070109414,0.003232955054523716,0.71607191035249,0.32521333884903847,-0.32521333884903847,0.5732413737015267,0.24802803485248825,0.11131550889312007,0.13928998359269917,-0.13928998359269917,0.44237110641012023,0.30308112281742106,0.20046002095134446,0.7564062856952758,0.0031727596065538534,1.056327254562546,0.37484645286143037,-0.37484645286143037,5.26237011225732e-06,0.8113622064706193,0.43651575360918893,6.215448104800481e-06,0.05986097705046571,0.29285050572163557,True,0.7559297773891045,0.2361009810708512,-0.2361009810708512,0.6768046435483457,0.4407036624774945,0.0,0.0,0.001720119989326663,0.25405094908143816,0.25405094908143816,0.0,0.0056693035660065364,0.0,0.004651138710358183,0.0,0.01858942055833969,0.005565775444656004,0.002004600209513445,5.26237011225732e-07,6.215448104800481e-08,0.0005986097705046571,0.29285050572163557
0.0,0.0,0.012516681611040172,4750,0.3649092471849151,0.36490924754982434,0.1833145607108688,0.1833145607108688,0.20509144471803456,0.38840600542890336,0.0,0.009926156071941427,2.2294171449376132,0.0,0.05617760797183788,0.0009985428872063482,0.036977579558560396,0.004630194430325028,1.0680455320379305,0.008557288884767894,0.71607191035249,0.365477645211515,-0.365477645211515,0.5732413737015267,0.20776372849001173,0.1999119218036457,0.04718590796344452,-0.04718590796344452,0.44237110641012023,0.3951851984466757,0.20691672204843609,0.7655375218193595,0.004771921607965953,1.0690790967512311,0.6183813872760034,0.6183813872760034,2.165443489164487e-05,0.8113622064706193,1.4297435937466227,2.466153525082614e-05,0.09114606564903927,0.434362373687159,True,0.7647974151502979,0.33762939353556387,0.33762939353556387,0.6768046435483457,1.0144340370839096,0.0,0.0,0.0025033363222080347,0.3649092471849151,0.3649092471849151,0.0,0.0049630780359707135,0.0,0.011982514646476178,0.009244394889640099,0.027781166581950168,0.009995596090182286,0.002069167220484361,2.1654434891644868e-06,2.4661535250826143e-07,0.0009114606564903927,0.434362373687159
0.0,0.0,0.005219578378268687,4775,0.3588907103708367,0.3588907107297274,0.1165841572848572,-0.1165841572848572,0.20509144471803456,0.08850728743317736,0.0,0.009147088309544128,0.264022738949297,0.0,0.07880716220959079,0.0013165520879910922,0.0,0.027530149745873814,1.1659221195195921,0.0033070337000772796,0.71607191035249,0.41717558435825697,-0.41717558435825697,0.5732413737015267,0.15606578934326978,0.051998184356491325,0.2311728418400584,-0.2311728418400584,0.44237110641012023,0.21119826457006183,0.15662647053616355,0.8352126554234709,0.027682624563234403,1.16638096214181,0.5739830893098844,-0.5739830893098844,1.5771814967748916e-07,0.8113622064706193,0.23737911716073487,2.4764890367900783e-07,0.0031284760870722217,0.5496851706647594,True,0.8348840911058397,0.2710865317713945,-0.2710865317713945,0.6768046435483457,0.40571811177695116,0.0,0.0,0.0010439156756537375,0.3588907103708367,0.3588907103708367,0.0,0.004573544154772064,0.0,0.015798625055893106,0.0,0.1651808984752429,0.0025999092178245666,0.0015662647053616356,1.5771814967748917e-08,2.4764890367900783e-09,3.1284760870722215e-05,0.5496851706647594
0.0,0.0,0.03990011863139587,4800,0.34201495234850376,0.3420149526905187,0.16179118600569317,0.16179118600569317,0.20509144471803456,0.36688263072372773,0.0,0.011435108751928534,2.924563909092863,0.0,0.04937195537894186,0.00011915569144476774,0.031046707503711923,0.004765625219645024,1.0690335079482784,0.007482025277798801,0.71607191035249,0.40321231001606095,-0.40321231001606095,0.5732413737015267,0.17002906368546578,0.19921698622473324,0.23801535094344906,0.23801535094344906,0.44237110641012023,0.6803864573535693,0.27638824450395205,0.7662470635443208,0.004909801716388795,1.0700699772826336,0.5826346685405407,0.5826346685405407,1.578649598948891e-05,0.8113622064706193,1.39399687501116,2.197851573973267e-05,0.23337242004184403,0.40855808133333343,True,0.7655048769576827,0.0003467445644977918,0.0003467445644977918,0.6768046435483457,0.6771513881128435,0.0,0.0,0.007980023726279175,0.34201495234850376,0.34201495234850376,0.0,0.005717554375964267,0.0,0.001429868297337213,0.007761676875927981,0.028593751317870147,0.009960849311236662,0.0027638824450395205,1.578649598948891e-06,2.197851573973267e-07,0.0023337242004184402,0.40855808133333343
0.0,0.0,0.012789814568311237,4825,0.27067381143192953,0.27067381170260335,0.07632160425606418,0.07632160425606418,0.20509144471803456,0.28141304897409875,0.0,0.014105568509457742,1.76949984454777,0.0,0.042899264415785794,9.366329250981703e-05,0.0,0.0059222051342934625,1.0769558648466344,0.0024723990737452414,0.71607191035249,0.4636109314787717,-0.4636109314787717,0.5732413737015267,0.10963044222275505,0.13077696153020432,0.33797284848313425,0.33797284848313425,0.44237110641012023,0.7803439548932545,0.25467491915086105,0.7719490016754238,0.006089114470737842,1.078032778181594,0.11460470587579707,0.11460470587579707,7.430236707583445e-06,0.8113622064706193,0.9259669123464164,9.818507171383907e-06,0.09429517929561744,0.3269711391859167,True,0.7711778542756063,0.13491328223924692,0.13491328223924692,0.6768046435483457,0.8117179257875926,0.0,0.0,0.0025579629136622474,0.27067381143192953,0.27067381143192953,0.0,0.007052784254728871,0.0,0.0011239595101178042,0.0,0.035533230805760777,0.0065388480765102164,0.0025467491915086107,7.430236707583445e-07,9.818507171383906e-08,0.0009429517929561744,0.3269711391859167
0.0,0.0,0.007563848864525058,4850,0.21613942129920127,0.21613942151534069,0.012716217945382552,0.012716217945382552,0.20509144471803456,0.2178076626634171,0.0,0.01217029479099346,1.7575733150587949,0.0,0.02651305790946231,0.00021919766846215097,0.0,0.019121460282345237,0.8617196316090197,0.0038158398253670843,0.71607191035249,0.23084094312179243,-0.23084094312179243,0.5732413737015267,0.3424004305797343,0.11814585837286067,0.2637737506320582,-0.2637737506320582,0.44237110641012023,0.17859735577806204,0.23028842925211715,0.6174516654130155,0.01896788701308291,0.8622760477873115,0.12012047486651312,-0.12012047486651312,1.0598046767200803e-05,0.8113622064706193,0.6912417316041062,9.860462401218353e-06,0.15692519374638805,0.35087705974114913,True,0.617053231411711,0.31004271389613025,-0.31004271389613025,0.6768046435483457,0.36676192965221543,0.0,0.0,0.0015127697729050117,0.21613942129920127,0.21613942129920127,0.0,0.00608514739549673,0.0,0.0026303720215458118,0.0,0.11472876169407142,0.005907292918643034,0.0023028842925211716,1.0598046767200803e-06,9.860462401218352e-08,0.0015692519374638806,0.35087705974114913
0.0,0.0,0.015107068648269634,4875,0.4622049340439144,0.4622049345061193,0.36272452834836344,0.36272452834836344,0.20509144471803456,0.567815973066398,0.0,0.0024371973415506136,2.919594440342259,0.0,0.01636968706482037,8.703506126255111e-05,0.10845897141985195,0.00011578102326867572,1.0107601590726474,0.00875035609004889,0.71607191035249,0.038381360158165956,0.038381360158165956,0.5732413737015267,0.6116227338596927,0.40821895342648584,0.27718537040879454,0.27718537040879454,0.44237110641012023,0.7195564768189148,0.16726380652124667,0.7255868499264406,0.00017656225567828414,1.0132876730723737,0.9250445134194559,0.9250445134194559,3.7672852169690866e-05,0.8113622064706193,1.7364067198900752,4.725775752149011e-05,0.25621824477662075,0.5199488042211643,True,0.7237769681229389,0.05084991405890371,0.05084991405890371,0.6768046435483457,0.7276545576072494,0.0,0.0,0.003021413729653927,0.4622049340439144,0.4622049340439144,0.0,0.0012185986707753068,0.0,0.0010444207351506135,0.027114742854962987,0.0006946861396120543,0.020410947671324293,0.0016726380652124667,3.7672852169690867e-06,4.725775752149011e-07,0.0025621824477662074,0.5199488042211643
0.0022825916721010797,0.0,0.013497886616501717,4900,1.0977395290979566,1.097739530195696,0.4828123791064921,0.4828123791064921,0.20509144471803456,0.6879038238245266,0.0,0.007449618127811317,1.985971190826795,0.0,0.07420637157126232,0.0003226716591019736,0.7666889494592264,0.2005037725819668,1.4477764761373322,0.009497399916284543,0.71607191035249,0.5958003770381918,-0.5958003770381918,0.5732413737015267,-0.022559003336665096,0.28830108852630987,0.12937770984844044,0.12937770984844044,0.44237110641012023,0.5717488162585607,0.16725467914277825,1.0377011856253076,0.20174270030361424,1.4491577677204461,1.4270949641835435,1.4270949641835435,1.6149921640548446e-05,0.8113622064706193,2.2384571706541627,2.1720414182525908e-05,0.15439300429535602,2.5294945783964007,True,1.0367120815088204,1.8394933730433383,1.8394933730433383,0.6768046435483457,2.516298016591684,0.009130366688404319,0.0,0.0026995773233003434,1.0977395290979566,1.0977395290979566,0.0,0.0037248090639056585,0.0,0.003872059909223683,0.1916722373648066,1.2030226354918008,0.014415054426315493,0.0016725467914277825,1.6149921640548447e-06,2.172041418252591e-07,0.0015439300429535602,2.5294945783964007
0.0,0.0,0.019078854394941763,4925,0.190703749212467,0.19070374940317075,0.03043926914541592,-0.03043926914541592,0.20509144471803456,0.17465217557261864,0.0,0.021458390243678394,1.7112142013815363,0.0,0.04740062596142547,0.00033471916287376285,0.0,0.0001765750287742155,0.9867118462992703,0.004417042453909276,0.71607191035249,0.36757749633189085,-0.36757749633189085,0.5732413737015267,0.20566387736963587,0.07023129804522596,0.012208098431068293,-0.012208098431068293,0.44237110641012023,0.43016300797905194,0.36077375399961004,0.7069853727549187,0.00016102174321494018,0.9873105656857786,0.06053308909658006,-0.06053308909658006,2.237968049145498e-06,0.8113622064706193,0.7508291173740392,7.66031752432911e-06,0.15109568382686403,0.2189553550209312,True,0.7065566466140695,0.20490618029608398,0.20490618029608398,0.6768046435483457,0.8817108238444297,0.0,0.0,0.0038157708789883526,0.190703749212467,0.190703749212467,0.0,0.010729195121839197,0.0,0.004016629954485154,0.0,0.001059450172645293,0.0035115649022612982,0.0036077375399961005,2.237968049145498e-07,7.66031752432911e-08,0.0015109568382686404,0.2189553550209312
0.0,0.0,0.019818883160771596,4950,0.2593572164679388,0.259357216727296,0.14631743265640532,0.14631743265640532,0.20509144471803456,0.3514088773744399,0.0,0.004334556274605182,1.8820718267184173,0.0,0.02882919634383843,0.0001366232187653722,0.005008880062198142,0.04991350983932516,1.2234133161638427,0.005473612965099588,0.71607191035249,0.3464013884334538,-0.3464013884334538,0.5732413737015267,0.22683998526807292,0.17315820930258075,0.25778712544318017,0.25778712544318017,0.44237110641012023,0.7001582318533004,0.17238179960754635,0.8768267321529007,0.05039815929718335,1.2244953435979984,0.34689202036389755,0.34689202036389755,1.709586769410543e-05,0.8113622064706193,1.1582542268345168,1.2778201423601634e-05,0.09657332163263276,0.579210327960395,True,0.8760519226902509,0.09022106460498569,-0.09022106460498569,0.6768046435483457,0.58658357894336,0.0,0.0,0.00396377663215432,0.2593572164679388,0.2593572164679388,0.0,0.002167278137302591,0.0,0.0016394786251844662,0.0012522200155495355,0.29948105903595096,0.008657910465129037,0.0017238179960754635,1.7095867694105432e-06,1.2778201423601636e-07,0.0009657332163263276,0.579210327960395
0.0,0.0,0.025406412136162113,4975,0.2694215709212702,0.26942157119069177,0.14619282515135176,0.14619282515135176,0.20509144471803456,0.3512842698693863,0.0,0.013014259987465106,2.227193673494077,0.0,0.041834513901323284,0.0007939578663260537,0.0018115341423556054,0.01636576694390061,1.1279287572983518,0.004225163145005725,0.71607191035249,0.38239144800196695,-0.38239144800196695,0.5732413737015267,0.19084992569955977,0.20760134790279458,0.13749422460925115,-0.13749422460925115,0.44237110641012023,0.3048768818008691,0.30906149565887914,0.8081296165395218,0.016527490513014047,1.1285592879297877,0.037531554952316526,-0.037531554952316526,2.6793899642870893e-05,0.8113622064706193,0.7738306515183028,1.4786208424668123e-05,0.2589122317442962,0.4052475948583605,True,0.8076781112594285,0.41836715223054055,0.41836715223054055,0.6768046435483457,1.0951717957788862,0.0,0.0,0.0050812824272324225,0.2694215709212702,0.2694215709212702,0.0,0.006507129993732553,0.0,0.009527494395912644,0.00045288353558890136,0.09819460166340366,0.01038006739513973,0.0030906149565887915,2.6793899642870897e-06,1.4786208424668124e-07,0.002589122317442962,0.4052475948583605
0.0,0.0,0.03308661620528064,5000,0.2190900443102044,0.21909004452929445,0.012521893795490902,0.012521893795490902,0.20509144471803456,0.21761333851352546,0.0,0.008948668071566763,1.3325611373962694,0.0,0.03761760943790603,0.00014145305296289084,0.0,0.006153910786030942,1.0784468660051563,0.002633502582130495,0.71607191035249,0.4247312282077059,-0.4247312282077059,0.5732413737015267,0.14851014549382083,0.14390131853897392,0.05063299842611085,0.05063299842611085,0.44237110641012023,0.4930041048362311,0.19402131932475883,0.7727749690090467,0.0062704618691521745,1.0791862479800134,0.20595991739877906,-0.20595991739877906,5.595754056285292e-06,0.8113622064706193,0.6054022890718402,6.56533608982967e-06,0.12545743031871165,0.27919308159093414,True,0.7722455183384368,0.12027317205286792,-0.12027317205286792,0.6768046435483457,0.5565314714954778,0.0,0.0,0.006617323241056128,0.2190900443102044,0.2190900443102044,0.0,0.004474334035783381,0.0,0.0016974366355546901,0.0,0.036923464716185656,0.007195065926948696,0.0019402131932475884,5.595754056285292e-07,6.56533608982967e-08,0.0012545743031871165,0.27919308159093414
0.0,0.0,0.01065439376443352,5025,0.44028145072635455,0.44028145116663603,0.15783161559833633,0.15783161559833633,0.20509144471803456,0.3629230603163709,0.0,0.015995663654255084,2.739679568670012,0.0003378090275608574,0.0983795818113704,0.0005612782444058539,0.08871369848831387,0.010978244536801811,1.1047771183837474,0.008047738026024525,0.71607191035249,0.3693267973553762,-0.3693267973553762,0.5732413737015267,0.20391457634615048,0.1662481365080112,0.12150018546975949,0.12150018546975949,0.44237110641012023,0.5638712918798797,0.3561992761323853,0.7918302092205587,0.01119301345636029,1.1057970389772809,0.8546471721732324,0.8546471721732324,1.4228612283647355e-05,0.8113622064706193,1.6660093786438517,1.8186150245472898e-05,0.1726788557136323,0.5608230391140852,True,0.7910998727225402,0.25048272416864525,0.25048272416864525,0.6768046435483457,0.9272873677169909,0.0,0.0,0.002130878752886704,0.44028145072635455,0.44028145072635455,0.0,0.007997831827127542,0.0020268541653651446,0.006735338932870247,0.022178424622078467,0.06586946722081087,0.00831240682540056,0.003561992761323853,1.4228612283647357e-06,1.81861502454729e-07,0.0017267885571363231,0.5608230391140852
0.0,0.0,0.04188500780394699,5050,0.20399276299696925,0.20399276320096202,0.011203296452123646,-0.011203296452123646,0.20509144471803456,0.19388814826591091,0.0,0.008817573008834964,2.134119470132699,0.0,0.037442023148363084,0.00013803525691502967,0.0,0.00028246090473128696,0.9831934267403707,0.007237143093331349,0.71607191035249,0.3967628713145317,-0.3967628713145317,0.5732413737015267,0.17647850238699506,0.09844979906292937,0.00360527808835992,0.00360527808835992,0.44237110641012023,0.44597638449848015,0.19205347699792585,0.7046010131870879,0.0002566151202616575,0.983980789024997,0.21703584010629884,-0.21703584010629884,1.9873808118198806e-06,0.8113622064706193,0.5943263663643205,1.2181628689705372e-05,0.23113311266130976,0.22928441597765115,True,0.7040372051639224,0.05832146573888308,-0.05832146573888308,0.6768046435483457,0.6184831778094626,0.0,0.0,0.008377001560789398,0.20399276299696925,0.20399276299696925,0.0,0.004408786504417482,0.0,0.001656423082980356,0.0,0.0016947654283877218,0.004922489953146469,0.0019205347699792585,1.9873808118198806e-07,1.2181628689705373e-07,0.002311331126613098,0.22928441597765115
0.0,0.0,0.020858077161903563,5075,0.2808290104495881,0.2808290107304171,0.0010966777907586711,-0.0010966777907586711,0.20509144471803456,0.2039947669272759,0.0,0.006083241784921651,2.2857343977941684,0.0,0.04160498999785248,0.0002767912788331236,0.0,0.0031590502168121056,1.0562054287129998,0.008360497978082014,0.71607191035249,0.3577865527280402,-0.3577865527280402,0.5732413737015267,0.2154548209734865,0.12012811391557644,0.06078589320370653,0.06078589320370653,0.44237110641012023,0.5031569996138268,0.15545905633322848,0.7568695281008541,0.0032460567514931635,1.0569741761809082,0.4196125368120383,-0.4196125368120383,8.51215136373827e-06,0.8113622064706193,0.391749669658581,1.1017658540435438e-05,0.17016036881698013,0.3195816047603024,True,0.7563190496252428,0.29418130542494636,-0.29418130542494636,0.6768046435483457,0.3826233381233993,0.0,0.0,0.004171615432380713,0.2808290104495881,0.2808290104495881,0.0,0.0030416208924608254,0.0,0.003321495345997483,0.0,0.018954301300872632,0.006006405695778823,0.001554590563332285,8.512151363738271e-07,1.1017658540435438e-07,0.0017016036881698014,0.3195816047603024
0.0,0.0,0.011517871020040335,5100,0.2151503865007289,0.2151503867158793,0.0006859930320522178,-0.0006859930320522178,0.20509144471803456,0.20440545168598234,0.0,0.006174958131653524,1.5970132508546397,0.0,0.04165461697575639,0.0003281647774324251,0.0,0.0031492465773400847,1.056118148377687,0.003907016275138989,0.71607191035249,0.3518883015315197,-0.3518883015315197,0.5732413737015267,0.22135307217000705,0.10785843821269543,0.12450801197302613,-0.12450801197302613,0.44237110641012023,0.3178630944370941,0.19866853420905667,0.7567881114155708,0.003233113861427315,1.0568604771473764,0.07626729902466955,-0.07626729902466955,9.792794768661485e-07,0.8113622064706193,0.7350949074459497,8.568331340439742e-06,0.19392137061298126,0.2526939011339096,True,0.7562565506279262,0.29377483083611966,0.29377483083611966,0.6768046435483457,0.9705794743844653,0.0,0.0,0.002303574204008067,0.2151503865007289,0.2151503865007289,0.0,0.003087479065826762,0.0,0.003937977329189102,0.0,0.018895479464040507,0.005392921910634772,0.0019866853420905666,9.792794768661485e-08,8.568331340439742e-08,0.0019392137061298126,0.2526939011339096
0.0,0.0,0.022941910769364145,5125,0.6292490970829188,0.6292490977121677,0.10284352319625231,0.10284352319625231,0.20509144471803456,0.3079349679142869,0.0,0.012040173677324078,2.012407027823653,0.0009954635277627023,0.11155096714464871,0.001877177769495314,0.1934544970890642,0.0905072701282788,1.3008442622492222,0.007218946801228826,0.71607191035249,0.4459775421502118,-0.4459775421502118,0.5732413737015267,0.1272638315513149,0.12595258941330273,0.06390028054400065,0.06390028054400065,0.44237110641012023,0.5062713869541209,0.22017320433138782,0.9320157257924829,0.09094277731244413,1.301567201983976,0.2537749320190489,0.2537749320190489,7.210942710063722e-07,0.8113622064706193,1.0651371384896682,1.2174126553441358e-05,0.23976655579344722,1.2706609464405185,True,0.9314980489483187,1.3045360916882482,1.3045360916882482,0.6768046435483457,1.981340735236594,0.0,0.0,0.004588382153872829,0.6292490970829188,0.6292490970829188,0.0,0.006020086838662039,0.005972781166576214,0.02252613323394377,0.04836362427226605,0.5430436207696728,0.006297629470665137,0.002201732043313878,7.210942710063722e-08,1.217412655344136e-07,0.0023976655579344723,1.2706609464405185
0.0,0.0,0.010939352818455102,5150,0.46805799813761745,0.46805799860567543,0.21037989860555037,0.21037989860555037,0.20509144471803456,0.41547134332358493,0.0,0.010057775354472826,2.5264474557310064,0.0,0.021891732597237274,8.58354955294546e-05,0.052895898600342696,0.007797537535341613,1.088303666601912,0.006036926853260572,0.71607191035249,0.8092923950805304,0.8092923950805304,0.5732413737015267,1.3825337687820571,0.13551518457817147,0.3247208156231871,0.3247208156231871,0.44237110641012023,0.7670919220333073,0.19278888360278526,0.7796173380766208,0.007875083913077929,1.088741669541867,0.5323635690294283,0.5323635690294283,3.779108072716144e-06,0.8113622064706193,1.3437257755000476,2.390317976378895e-05,0.31030673363499206,0.548121314530925,True,0.7793036964702871,0.08557447103284122,0.08557447103284122,0.6768046435483457,0.7623791145811869,0.0,0.0,0.0021878705636910203,0.46805799813761745,0.46805799813761745,0.0,0.005028887677236413,0.0,0.0010300259463534552,0.013223974650085674,0.04678522521204968,0.006775759228908574,0.0019278888360278526,3.779108072716144e-07,2.390317976378895e-07,0.0031030673363499207,0.548121314530925
0.0,0.0,0.023328587997697874,5175,0.16117142737395992,0.16117142753513136,0.02787195282920263,-0.02787195282920263,0.20509144471803456,0.17721949188883193,0.0,0.008230268962210071,1.5109822828022694,0.0,0.03213844900911236,0.0004461448278546904,0.0,0.0014719995046455997,1.038366645730968,0.004804059601392506,0.71607191035249,0.3180163657873523,-0.3180163657873523,0.5732413737015267,0.2552250079141744,0.09048876074307134,0.07216780352506869,0.07216780352506869,0.44237110641012023,0.5145389099351889,0.14528807816239603,0.7440251854316087,0.0015238836100860923,1.039036951854443,0.017522956395248257,0.017522956395248257,1.557822846763077e-06,0.8113622064706193,0.8288851628658676,7.84941700203922e-06,0.1914521538804052,0.1920300890507707,True,0.7435451980385479,0.1498487395308663,0.1498487395308663,0.6768046435483457,0.826653383079212,0.0,0.0,0.004665717599539575,0.16117142737395992,0.16117142737395992,0.0,0.0041151344811050355,0.0,0.005353737934256284,0.0,0.008831997027873599,0.004524438037153567,0.0014528807816239604,1.557822846763077e-07,7.84941700203922e-08,0.0019145215388040521,0.1920300890507707
0.0,0.0,0.016059421898787327,5200,0.29440713368639454,0.2944071339808017,0.07942562607176712,-0.07942562607176712,0.20509144471803456,0.12566581864626744,0.0,0.014135195745125357,1.0140953082837942,0.0,0.04024625584803429,0.0001890755107345574,0.0,0.0028202051266337774,0.9468943964667214,0.0025917899568640755,0.71607191035249,0.26495529835316234,-0.26495529835316234,0.5732413737015267,0.3082860753483644,0.09738357747290477,0.20709040164586745,0.20709040164586745,0.44237110641012023,0.6494615080559877,0.35222081121912047,0.6785813171153983,0.0027411422217166357,0.9476440813115018,0.3170191489834309,-0.3170191489834309,5.263154539440317e-07,0.8113622064706193,0.4943430574871884,5.187054241797838e-06,0.06718302878599444,0.33294007460311625,True,0.6780444888489372,0.46203948664115024,-0.46203948664115024,0.6768046435483457,0.21476515690719547,0.0,0.0,0.0032118843797574654,0.29440713368639454,0.29440713368639454,0.0,0.0070675978725626785,0.0,0.0022689061288146887,0.0,0.016921230759802664,0.004869178873645239,0.003522208112191205,5.2631545394403165e-08,5.187054241797838e-08,0.0006718302878599444,0.33294007460311625
0.0,0.0,0.03307429627377117,5225,0.25145790576025817,0.2514579060117161,0.2060129972841779,0.2060129972841779,0.20509144471803456,0.41110444200221247,0.0,0.007336496468902426,3.1806620496039133,0.0,0.03932783169471426,0.0005249121391828904,0.00025420049181671235,0.0906190619575506,1.3010300017565535,0.011293169643711123,0.71607191035249,0.46579478211533815,-0.46579478211533815,0.5732413737015267,0.10744659158618856,0.21319732057937965,0.06057089180677977,0.06057089180677977,0.44237110641012023,0.5029419982169,0.24789416311792864,0.9325736692018165,0.09141333004620196,1.3023463742898234,0.2242889149575148,0.2242889149575148,1.9954601159171504e-05,0.8113622064706193,1.035651121428134,1.7833259900233232e-05,0.22009449567199937,0.8271598071974992,True,0.9316310517940187,0.05267739625314827,-0.05267739625314827,0.6768046435483457,0.6241272472951974,0.0,0.0,0.006614859254754234,0.25145790576025817,0.25145790576025817,0.0,0.003668248234451213,0.0,0.006298945670194685,6.355012295417809e-05,0.5437143717453036,0.010659866028968984,0.0024789416311792865,1.9954601159171504e-06,1.7833259900233232e-07,0.002200944956719994,0.8271598071974992
0.02283220929543217,0.0,0.018002414976302207,5250,0.5954555981105978,0.5954555987060534,0.3136664534150355,0.3136664534150355,0.20509144471803456,0.51875789813307,0.0,0.013293311614283829,2.4673597017735176,0.0003168278650561878,0.09779965912752792,0.001909220608970627,0.12959897226303893,0.3037148546547912,1.5511033066991988,0.012731985952928048,0.71607191035249,0.5057302128057377,-0.5057302128057377,0.5732413737015267,0.067511160895789,0.2257640130542124,0.3212612814479957,0.3212612814479957,0.44237110641012023,0.7636323878581159,0.2131855408822357,1.1115899184777283,0.3050838470521786,1.5523439571971243,0.8798783419679216,0.8798783419679216,7.499550897902971e-06,0.8113622064706193,1.6912405484385409,1.9111555045559838e-05,0.12110971700180971,2.591164153889411,True,1.1107015234931925,0.7357257983702841,0.7357257983702841,0.6768046435483457,1.4125304419186298,0.09132883718172868,0.0,0.0036004829952604417,0.5954555981105978,0.5954555981105978,0.0,0.0066466558071419145,0.0019009671903371269,0.022910647307647525,0.03239974306575973,1.8222891279287472,0.01128820065271062,0.0021318554088223573,7.499550897902971e-07,1.911155504555984e-07,0.0012110971700180972,2.591164153889411
0.0,0.0,0.023448076839872236,5275,0.2768188326157186,0.2768188328925374,0.07143079450680084,-0.07143079450680084,0.20509144471803456,0.13366065021123372,0.0,0.0044342421927027215,1.126525394677115,0.0,0.018591888573340848,8.56437815678146e-05,0.0,3.9384838045892315e-06,0.9980154386367287,0.0021921078471098627,0.71607191035249,0.2976421251951185,-0.2976421251951185,0.5732413737015267,0.2755992485064082,0.08975999411510761,0.08788243632565162,0.08788243632565162,0.44237110641012023,0.5302535427357719,0.13452368876478973,0.7150237452833855,2.14266543532948e-06,0.9985362153726284,0.4313883337631479,-0.4313883337631479,3.4179038425787167e-06,0.8113622064706193,0.3799738727074714,3.8078496213498586e-06,0.10078784494740455,0.2916184202734435,True,0.7146508316860349,0.30924249546903493,-0.30924249546903493,0.6768046435483457,0.36756214807931076,0.0,0.0,0.004689615367974447,0.2768188326157186,0.2768188326157186,0.0,0.0022171210963513608,0.0,0.0010277253788137752,0.0,2.363090282753539e-05,0.004487999705755381,0.0013452368876478973,3.4179038425787167e-07,3.807849621349859e-08,0.0010078784494740455,0.2916184202734435
0.0,0.0,0.018484161509798418,5300,0.2431265861014204,0.24312658634454698,0.10872025904215157,0.10872025904215157,0.20509144471803456,0.31381170376018613,0.0,0.009548040591522502,1.789728646208197,0.0,0.04909309807965742,0.0004007898857341886,0.00875404268867709,0.00855533043392028,1.0924950292389828,0.006709875667636015,0.71607191035249,0.2312510362795887,-0.2312510362795887,0.5732413737015267,0.341990337421938,0.12105562371817105,0.2438118601575161,0.2438118601575161,0.44237110641012023,0.6861829665676363,0.1833624198243539,0.782868218977997,0.008701447566116707,1.0932815499770276,0.3978511139546955,0.3978511139546955,6.861596734023323e-06,0.8113622064706193,1.2092133204253148,1.8279997303395096e-05,0.14271270884246007,0.3192418120358657,True,0.7823050135627081,0.1119187937869498,-0.1119187937869498,0.6768046435483457,0.5648858497613959,0.0,0.0,0.0036968323019596835,0.2431265861014204,0.2431265861014204,0.0,0.004774020295761251,0.0,0.004809478628810263,0.0021885106721692723,0.051331982603521675,0.006052781185908553,0.0018336241982435388,6.861596734023323e-07,1.8279997303395096e-07,0.0014271270884246008,0.3192418120358657
0.0,0.0,0.002388923681426599,5325,0.26727308823468054,0.26727308850195364,0.03527170102652727,-0.03527170102652727,0.20509144471803456,0.1698197436915073,0.0,0.010537060861999839,1.5907583098252494,0.0,0.05215431454791411,0.0004893913323876368,0.0,0.00044597209531320085,0.9788819485909992,0.0035065010616425474,0.71607191035249,0.2655436868363805,-0.2655436868363805,0.5732413737015267,0.3076976868651462,0.124911635310043,0.004055827440996751,-0.004055827440996751,0.44237110641012023,0.4383152789691235,0.17321217298173164,0.7013617404489597,0.0004220099400591175,0.979457119479997,0.32399349248278786,-0.32399349248278786,5.290034628227229e-06,0.8113622064706193,0.48736871398783144,7.4886459329376425e-06,0.053386193240492534,0.2900801012801431,True,0.7009498767259442,0.4247690475628818,-0.4247690475628818,0.6768046435483457,0.2520355959854639,0.0,0.0,0.0004777847362853198,0.26727308823468054,0.26727308823468054,0.0,0.005268530430999919,0.0,0.005872695988651641,0.0,0.002675832571879205,0.00624558176550215,0.0017321217298173165,5.29003462822723e-07,7.488645932937642e-08,0.0005338619324049254,0.2900801012801431
0.0,0.0,0.03818758800354457,5350,0.2694583118755324,0.2694583121449907,0.05306712885968354,0.05306712885968354,0.20509144471803456,0.2581585735777181,0.0,0.01949383831022346,2.110672288543215,0.0,0.025010995602584032,0.00017027813612109985,0.0,0.0029003663719492975,1.0538550496420651,0.011163695647789521,0.71607191035249,0.3527812815201488,-0.3527812815201488,0.5732413737015267,0.2204600921813779,0.112347415952539,0.21279096252537777,0.21279096252537777,0.44237110641012023,0.655162068935498,0.43966385953125886,0.7553115760222788,0.003002873848622279,1.0547984839993068,0.02564215875487308,0.02564215875487308,1.3012197763163093e-05,0.8113622064706193,0.8370043652254924,1.3794492181125339e-05,0.08345225508962446,0.31713825560503595,True,0.7546360091703623,0.4356955853869082,-0.4356955853869082,0.6768046435483457,0.24110905816143746,0.0,0.0,0.007637517600708914,0.2694583118755324,0.2694583118755324,0.0,0.00974691915511173,0.0,0.002043337633453198,0.0,0.017402198231695785,0.005617370797626951,0.004396638595312589,1.3012197763163093e-06,1.379449218112534e-07,0.0008345225508962446,0.31713825560503595
0.0,0.0,0.007312033726554949,5375,0.5759650500035379,0.575965050579503,0.4850806798531426,0.4850806798531426,0.20509144471803456,0.6901721245711772,0.0,0.010403489917043445,5.058012980479898,0.0,0.061439431815484065,0.00032042269014383965,0.16934157759683965,0.010916491900942779,1.1044820171175058,0.005412970046077582,0.71607191035249,0.3044925995326436,-0.3044925995326436,0.5732413737015267,0.2687487741688831,0.5841279773089015,0.31813588751710875,0.31813588751710875,0.44237110641012023,0.760506993927229,0.21329050999110394,0.7930847680477494,0.011566796032074294,1.107549040126234,1.1088051087412385,1.1088051087412385,0.0002708860639387529,0.8113622064706193,1.9201673152118577,7.315297586514884e-05,0.39554572463057885,0.7296312011417776,True,0.7908885589921241,0.00069008067996712,-0.00069008067996712,0.6768046435483457,0.6761145628683786,0.0,0.0,0.0014624067453109899,0.5759650500035379,0.5759650500035379,0.0,0.005201744958521722,0.0,0.003845072281726076,0.042335394399209914,0.06549895140565667,0.029206398865445078,0.0021329050999110396,2.7088606393875294e-05,7.315297586514885e-07,0.003955457246305789,0.7296312011417776
0.0,0.0,0.04181812308725535,5400,0.49902384703794966,0.4990238475369735,0.3015187386242404,0.3015187386242404,0.20509144471803456,0.5066101833422749,0.0,0.012499316613979619,3.1252168453081577,0.0,0.030779818193912973,0.00011034512998552594,0.08464943380995163,0.010805840887648875,1.1039511466394136,0.008315477241145936,0.71607191035249,0.40455088170699094,-0.40455088170699094,0.5732413737015267,0.1686904919945358,0.29009448059985526,0.33989226690830243,0.33989226690830243,0.44237110641012023,0.7822633733184227,0.23771588589954956,0.7914642982611254,0.011085150530451806,1.1052860414796368,0.8302183775759501,0.8302183775759501,4.75941337085413e-05,0.8113622064706193,1.6415805840465694,3.286931522362373e-05,0.2160997121203234,0.6200066434173126,True,0.7905084175494181,0.4309985253485893,0.4309985253485893,0.6768046435483457,1.107803168896935,0.0,0.0,0.00836362461745107,0.49902384703794966,0.49902384703794966,0.0,0.006249658306989809,0.0,0.0013241415598263112,0.021162358452487907,0.06483504532589325,0.014504724029992764,0.0023771588589954957,4.759413370854131e-06,3.286931522362373e-07,0.002160997121203234,0.6200066434173126
0.0,0.0,0.01857941022892795,5425,0.19751522840448085,0.19751522860199605,0.035645468262135216,0.035645468262135216,0.20509144471803456,0.24073691298016978,0.0,0.004977194051535118,1.9921969415540515,0.0,0.024495246986375892,0.00022568475367676794,0.0,0.005760101070327586,1.0758953297003682,0.0024967928152383307,0.71607191035249,0.3588051364058922,-0.3588051364058922,0.5732413737015267,0.21443623729563452,0.1557907565478437,0.04155140547599789,0.04155140547599789,0.44237110641012023,0.4839225118861181,0.12313860825028929,0.7708860876699389,0.005859659152381979,1.076548410515059,0.20159390264654375,-0.20159390264654375,9.766307723366033e-06,0.8113622064706193,0.6097683038240755,1.029391115291026e-05,0.08985659491194861,0.2509091003710191,True,0.7704184348368179,0.1506087030962059,-0.1506087030962059,0.6768046435483457,0.5261959404521398,0.0,0.0,0.0037158820457855904,0.19751522840448085,0.19751522840448085,0.0,0.002488597025767559,0.0,0.002708217044121215,0.0,0.03456060642196551,0.007789537827392185,0.0012313860825028929,9.766307723366034e-07,1.0293911152910261e-07,0.0008985659491194862,0.2509091003710191
0.0,0.0,0.006822869385213561,5450,0.3136580834928892,0.3136580838065473,0.07619969279478192,-0.07619969279478192,0.20509144471803456,0.12889175192325264,0.0,0.0038379594053560132,1.5930031625982584,0.0,0.017101272183748985,5.3812336855817504e-05,0.0,0.09163046495365187,0.6972947556555191,0.004351085636780315,0.71607191035249,0.09506737965484297,-0.09506737965484297,0.5732413737015267,0.47817399404668376,0.11369807279961583,0.3476531322970902,-0.3476531322970902,0.44237110641012023,0.09471797411303001,0.08891788150104532,0.4996319564767451,0.09136116266827626,0.6977399089057964,0.2921852211407697,-0.2921852211407697,3.542609987715033e-06,0.8113622064706193,0.5191769853298496,1.0670652151387749e-05,0.04892487588799896,0.8744339670181824,True,0.49931319473396785,0.5204112450557342,-0.5204112450557342,0.6768046435483457,0.15639339849261147,0.0,0.0,0.0013645738770427123,0.3136580834928892,0.3136580834928892,0.0,0.0019189797026780066,0.0,0.0006457480422698101,0.0,0.5497827897219112,0.005684903639980792,0.0008891788150104532,3.5426099877150335e-07,1.0670652151387749e-07,0.0004892487588799896,0.8744339670181824
0.0,0.0,0.007940084370549199,5475,0.6748622482533454,0.6748622489282077,0.5043006379654407,0.5043006379654407,0.20509144471803456,0.7093920826834752,0.0,0.008320966004964254,3.400105959401536,0.0,0.04132195649140665,0.00013518482709920583,0.24276667720034656,0.021917468342586798,0.8519545058349063,0.006663156863434602,0.71607191035249,0.20459516438636194,-0.20459516438636194,0.5732413737015267,0.3686462093151648,0.5121881070465109,0.028610656772521337,-0.028610656772521337,0.44237110641012023,0.4137604496375989,0.22426483932572389,0.6111970935733819,0.021450095262457124,0.8535414896209267,1.2293782448145074,1.2293782448145074,8.248304402023582e-05,0.8113622064706193,2.0407404512851266,4.722031987916277e-05,0.182689320803196,0.904117112871951,True,0.610060699046158,0.684709808528696,0.684709808528696,0.6768046435483457,1.3615144520770417,0.0,0.0,0.0015880168741098399,0.6748622482533454,0.6748622482533454,0.0,0.004160483002482127,0.0,0.0016222179251904698,0.06069166930008664,0.13150481005552078,0.025609405352325545,0.0022426483932572387,8.248304402023583e-06,4.722031987916277e-07,0.00182689320803196,0.904117112871951
0.0,0.0,0.010362849699373858,5500,0.2833601556874051,0.28336015597076525,0.07187083065077338,-0.07187083065077338,0.20509144471803456,0.13322061406726118,0.0,0.005555721201692552,1.6504927294356324,0.0,0.03791619807572024,0.0001835411287444378,0.0,0.011262504963713319,0.8938750502298667,0.0018156967310839274,0.71607191035249,0.2812055876894451,-0.2812055876894451,0.5732413737015267,0.29203578601208163,0.0879029734367221,0.09085009173270481,-0.09085009173270481,0.44237110641012023,0.3515210146774154,0.10939389567241065,0.640395489412386,0.011168838098144337,0.8943172762550835,0.2915826073731471,-0.2915826073731471,4.691385966069315e-06,0.8113622064706193,0.5197795990974722,7.0637295076936855e-06,0.06005795283856336,0.3640783164881768,True,0.6400788237732791,0.4732322210314086,-0.4732322210314086,0.6768046435483457,0.2035724225169371,0.0,0.0,0.0020725699398747716,0.2833601556874051,0.2833601556874051,0.0,0.002777860600846276,0.0,0.0022024935449332537,0.0,0.06757502978227992,0.004395148671836105,0.0010939389567241064,4.691385966069315e-07,7.063729507693686e-08,0.0006005795283856336,0.3640783164881768
0.0,0.0,0.012781481680091947,5525,0.26666356846153,0.2666635687281936,0.11544125223288262,0.11544125223288262,0.20509144471803456,0.3205326969509172,0.0,0.0063918066760654275,1.9410412019474372,0.0,0.03972281649504354,0.0001752695511209685,0.01432088435569157,0.00024979201079702325,0.9841951902638145,0.005989361211326233,0.71607191035249,0.3151732350693434,-0.3151732350693434,0.5732413737015267,0.2580681386321833,0.22317798703963498,0.04620050986856783,0.04620050986856783,0.44237110641012023,0.48857161627868806,0.14594302442595172,0.7055580800227172,0.00021558049596900506,0.9853173402964924,0.45622781908799126,0.45622781908799126,1.520948507228765e-05,0.8113622064706193,1.2675900255586106,2.26122388498762e-05,0.08587929406685807,0.29307684551054336,True,0.7047545398938939,0.18057722334560355,-0.18057722334560355,0.6768046435483457,0.49622742020274213,0.0,0.0,0.0025562963360183898,0.26666356846153,0.26666356846153,0.0,0.0031959033380327137,0.0,0.002103234613451622,0.0035802210889228927,0.0014987520647821396,0.01115889935198175,0.0014594302442595172,1.520948507228765e-06,2.26122388498762e-07,0.0008587929406685807,0.29307684551054336
0.0,0.0,0.04315926606590968,5550,0.2111282833339095,0.2111282835450378,0.08174471772150596,0.08174471772150596,0.20509144471803456,0.2868361624395405,0.0,0.009161434479264518,1.8944707203146358,0.0,0.05550191701647849,0.0004433498746386069,0.0,0.048344986395805624,1.219874933532237,0.010603773414793401,0.71607191035249,0.3083373601494002,-0.3083373601494002,0.5732413737015267,0.2649040135521265,0.1897677962845266,0.2934936386109579,0.2934936386109579,0.44237110641012023,0.7358647450210781,0.2385084522498564,0.8741401218870646,0.04872768020512052,1.2207434714892391,0.06966591773893616,0.06966591773893616,1.3268992816104318e-05,0.8113622064706193,0.8810281242095555,1.2865545423103236e-05,0.06964090638518888,0.5323023096125332,True,0.873518186244295,0.17357931335442023,-0.17357931335442023,0.6768046435483457,0.5032253301939255,0.0,0.0,0.008631853213181937,0.2111282833339095,0.2111282833339095,0.0,0.004580717239632259,0.0,0.005320198495663283,0.0,0.29006991837483376,0.009488389814226332,0.002385084522498564,1.3268992816104319e-06,1.2865545423103235e-07,0.0006964090638518889,0.5323023096125332
0.0,0.0,0.00962519143880861,5575,0.20717999984183724,0.20718000004901724,0.014772339086380315,0.014772339086380315,0.20509144471803456,0.21986378380441488,0.0,0.008074719383182466,1.7437142417697973,0.0,0.06821855674532394,0.00047887092089381807,0.0,0.01040566380465955,1.1020081555791474,0.0058714295820738015,0.71607191035249,0.3715351042004489,-0.3715351042004489,0.5732413737015267,0.20170626950107784,0.14698514296201706,0.015402681574437582,-0.015402681574437582,0.44237110641012023,0.42696842483568265,0.1305333345756624,0.7896449316191494,0.010556592938180776,1.1027452818292927,0.10114848632617868,0.10114848632617868,4.833537196214095e-06,0.8113622064706193,0.912510692796798,1.3876301067877716e-05,0.07720408384298073,0.2907500851488909,True,0.7891170962096656,0.2566962164903718,-0.2566962164903718,0.6768046435483457,0.4201084270579739,0.0,0.0,0.001925038287761722,0.20717999984183724,0.20717999984183724,0.0,0.004037359691591233,0.0,0.005746451050725817,0.0,0.0624339828279573,0.007349257148100853,0.0013053333457566242,4.833537196214096e-07,1.3876301067877715e-07,0.0007720408384298073,0.2907500851488909
0.0,0.0,0.02640843736551861,5600,0.21465529748193202,0.2146552976965873,0.12482390590977097,0.12482390590977097,0.20509144471803456,0.3299153506278055,0.0,0.0037942063777284436,2.4396977465451037,0.0,0.014482530489260364,4.0139738634238445e-05,0.0,0.00018970644956854967,0.9862266035572721,0.004123775215352637,0.71607191035249,0.3116690181970338,-0.3116690181970338,0.5732413737015267,0.2615723555044929,0.20308063332791132,0.22847169506804876,0.22847169506804876,0.44237110641012023,0.670842801478169,0.08735948436925337,0.7070782918561049,0.0001577453624435908,0.987440327932482,0.02894775080052492,-0.02894775080052492,3.47687892563242e-05,0.8113622064706193,0.7824144556700944,1.814192662816046e-05,0.13386159398033154,0.23582390445300544,True,0.7062091779119697,0.2542215805786392,-0.2542215805786392,0.6768046435483457,0.4225830629697065,0.0,0.0,0.005281687473103722,0.21465529748193202,0.21465529748193202,0.0,0.0018971031888642218,0.0,0.0004816768636108613,0.0,0.001138238697411298,0.010154031666395566,0.0008735948436925337,3.47687892563242e-06,1.8141926628160463e-07,0.0013386159398033155,0.23582390445300544
0.0,0.0,0.03609585154707611,5625,0.2445512111743129,0.2445512114188641,0.07571985864279476,0.07571985864279476,0.20509144471803456,0.2808113033608293,0.0,0.014261539990704435,2.1058736395810707,7.062680497340064e-05,0.08840397554574028,0.000671915727855882,0.00026428986358990306,0.004878295328397684,1.069844794569085,0.007283798796384719,0.71607191035249,0.4045616601379184,-0.4045616601379184,0.5732413737015267,0.1686797135636083,0.12617600680645605,0.20381462537657613,0.20381462537657613,0.44237110641012023,0.6461857317866964,0.2715678780619259,0.7667893840407215,0.005016510968039924,1.0708273320691943,0.22498953788848286,0.22498953788848286,2.0178057360970548e-06,0.8113622064706193,1.0363517443591022,1.7414553788860682e-05,0.2196703903867796,0.3079453044303962,True,0.7660858165261999,0.1935514079232422,0.1935514079232422,0.6768046435483457,0.8703560514715879,0.0,0.0,0.007219170309415223,0.2445512111743129,0.2445512111743129,0.0,0.007130769995352218,0.0004237608298404038,0.008062988734270585,6.607246589747576e-05,0.029269771970386105,0.006308800340322803,0.002715678780619259,2.017805736097055e-07,1.7414553788860682e-07,0.002196703903867796,0.3079453044303962
0.0,0.0,0.025523815841399237,5650,0.6747734253501034,0.6747734260248768,0.25106829786492624,0.25106829786492624,0.20509144471803456,0.4561597425829608,0.0,0.011413636090848236,2.1401730651654036,0.00019935853055787355,0.09411943803973351,0.0008240681072831067,0.22714392272829126,0.05168100498773663,1.2273345661964687,0.008656573440576859,0.71607191035249,0.41189735596144034,-0.41189735596144034,0.5732413737015267,0.1613440177400864,0.24200925390663514,0.015543013594291999,-0.015543013594291999,0.44237110641012023,0.42682809281582823,0.33060869305829976,0.879687555392832,0.052207911093846836,1.2284905054785578,0.9546958942307687,0.9546958942307687,2.3645278672235002e-05,0.8113622064706193,1.766058100701388,2.583804693153483e-05,0.22404004839314187,1.0811915586612273,True,0.8788598197312957,1.064056072100175,1.064056072100175,0.6768046435483457,1.7408607156485207,0.0,0.0,0.0051047631682798475,0.6747734253501034,0.6747734253501034,0.0,0.005706818045424118,0.0011961511833472414,0.00988881728739728,0.056785980682072815,0.31008602992641976,0.012100462695331757,0.0033060869305829976,2.3645278672235e-06,2.583804693153483e-07,0.002240400483931419,1.0811915586612273
0.0,0.0,0.006188630601340298,5675,0.29275475851630756,0.2927547588090623,0.23617332268356703,0.23617332268356703,0.20509144471803456,0.4412647674016016,0.0,0.00604770930992339,3.1472031132789784,0.0,0.051907625687639326,0.00034889544352760304,0.01773600997935851,0.012683783042524639,1.1126223025982183,0.00930551481277377,0.71607191035249,0.3320722025099944,-0.3320722025099944,0.5732413737015267,0.2411691711915323,0.3005952197184203,0.16012000867972764,0.16012000867972764,0.44237110641012023,0.6024911150898479,0.13860613938467142,0.7976111839070226,0.012966425873220482,1.1138702150398447,0.4864297509372203,0.4864297509372203,7.133429841879723e-06,0.8113622064706193,1.2977919574078396,3.0813341699199024e-05,0.23471201018696766,0.4005037493218946,True,0.7967175888485154,0.014987935918066797,-0.014987935918066797,0.6768046435483457,0.6618167076302789,0.0,0.0,0.0012377261202680598,0.29275475851630756,0.29275475851630756,0.0,0.003023854654961695,0.0,0.004186745322331237,0.004434002494839628,0.07610269825514783,0.015029760985921015,0.0013860613938467142,7.133429841879724e-07,3.0813341699199025e-07,0.0023471201018696766,0.4005037493218946
0.0,0.0,0.013352894480129088,5700,0.2024086125460638,0.2024086127484724,0.006241637725080185,-0.006241637725080185,0.20509144471803456,0.19884980699295438,0.0,0.00879755639261605,2.159896663904045,0.0,0.05057698110420299,0.0005705371486283743,0.0,0.0015060514707128582,0.9611921210227503,0.0042716232686695905,0.71607191035249,0.3078258867401301,-0.3078258867401301,0.5732413737015267,0.2654154869613966,0.1345653050960267,0.215655398926681,-0.215655398926681,0.44237110641012023,0.22671570748343922,0.18556196600508826,0.6887086080465568,0.0014602393472995018,0.9617869217767071,0.22811406843764936,-0.22811406843764936,3.5656511866733774e-06,0.8113622064706193,0.5832481380329699,1.2931984622143288e-05,0.1841132277285808,0.23578622732331816,True,0.6882826879284438,0.10727170493454574,-0.10727170493454574,0.6768046435483457,0.5695329386137999,0.0,0.0,0.0026705788960258176,0.2024086125460638,0.2024086125460638,0.0,0.004398778196308025,0.0,0.0068464457835404925,0.0,0.00903630882427715,0.006728265254801336,0.0018556196600508826,3.5656511866733776e-07,1.2931984622143288e-07,0.001841132277285808,0.23578622732331816
0.0,0.0,0.017031508754052124,5725,0.4408115807697335,0.4408115812105451,0.25637410030848906,0.25637410030848906,0.20509144471803456,0.4614655450265236,0.0,0.0055653722221176176,1.898326456206577,0.0,0.04479297441260105,0.0003907221801832405,0.0644676082189409,0.08210143045127113,1.2865334717816945,0.010141129347704813,0.71607191035249,0.4370727084763486,-0.4370727084763486,0.5732413737015267,0.13616866522517812,0.22527050897630607,0.32380006803226236,0.32380006803226236,0.44237110641012023,0.7661711744423826,0.0998167822818401,0.9220752473443241,0.08276280111282336,1.2876852466026427,0.7563860133369856,0.7563860133369856,2.0556163545293405e-05,0.8113622064706193,1.567748219807605,2.2140579314735656e-05,0.08025529548189635,0.973481242804764,True,0.9212504937364739,0.19454493982972187,0.19454493982972187,0.6768046435483457,0.8713495833780676,0.0,0.0,0.0034063017508104247,0.4408115807697335,0.4408115807697335,0.0,0.0027826861110588088,0.0,0.004688666162198886,0.016116902054735226,0.4926085827076268,0.011263525448815304,0.000998167822818401,2.0556163545293406e-06,2.2140579314735656e-07,0.0008025529548189635,0.973481242804764
0.0,0.0,0.005384030389267401,5750,0.18557255435279651,0.18557255453836907,0.015403633336200429,-0.015403633336200429,0.20509144471803456,0.18968781138183413,0.0,0.0049656306613104885,1.4745036815248767,0.0,0.021597495875354727,0.00015578014931839264,0.0,0.0015248232312272192,0.960951014978271,0.0014432470727305496,0.71607191035249,0.29736668009090084,-0.29736668009090084,0.5732413737015267,0.2758746936106259,0.11579894025916251,0.24809384193334694,-0.24809384193334694,0.44237110641012023,0.1942772644767733,0.07677176956555463,0.6884900657816164,0.001483657446896243,0.9614817258058432,0.08098225800886627,-0.08098225800886627,3.6186119719321643e-06,0.8113622064706193,0.730379948461753,7.468091984939372e-06,0.2050219932140435,0.2087587981233604,True,0.6881100386601648,0.12414898357931248,0.12414898357931248,0.6768046435483457,0.8009536271276582,0.0,0.0,0.0010768060778534802,0.18557255435279651,0.18557255435279651,0.0,0.0024828153306552443,0.0,0.0018693617918207118,0.0,0.009148939387363315,0.005789947012958126,0.0007677176956555464,3.6186119719321646e-07,7.468091984939372e-08,0.002050219932140435,0.2087587981233604
0.0,0.0,0.013846556808103571,5775,0.20895172670361908,0.20895172691257083,0.061169785481407585,0.061169785481407585,0.20509144471803456,0.26626123019944214,0.0,0.010342130608280268,2.0666578069918153,0.0,0.025644228722188172,8.807788046912028e-05,0.0,0.005433533733595953,1.0737125073077558,0.005431949802505789,0.71607191035249,0.41457972924055475,-0.41457972924055475,0.5732413737015267,0.15866164446097197,0.10921515572270792,0.15149877121365818,0.15149877121365818,0.44237110641012023,0.5938698776237784,0.17898579886578997,0.7695194188186348,0.005571106737259752,1.0746398468464382,0.13415708630686363,0.13415708630686363,6.6581683812944604e-06,0.8113622064706193,0.9455192927774829,1.2658682333432663e-05,0.10150811934599831,0.25881672970849984,True,0.7688553770143517,0.04166563164190806,-0.04166563164190806,0.6768046435483457,0.6351390119064376,0.0,0.0,0.0027693113616207143,0.20895172670361908,0.20895172670361908,0.0,0.005171065304140134,0.0,0.0010569345656294433,0.0,0.03260120240157572,0.0054607577861353965,0.0017898579886578996,6.65816838129446e-07,1.2658682333432664e-07,0.001015081193459983,0.25881672970849984
0.0,0.0,0.04076731348858203,5800,0.18970225140681113,0.1897022515965134,0.09194461739990686,0.09194461739990686,0.20509144471803456,0.2970360621179414,0.0,0.012885519900896997,2.2736516405139757,0.0,0.011068809229181239,1.8658921426107997e-05,0.0006822667440998001,3.6862142801486585e-05,0.993928579836522,0.005841643797193453,0.71607191035249,0.24527115054155868,-0.24527115054155868,0.5732413737015267,0.32797022315996804,0.12795556905010305,0.1843650230159607,0.1843650230159607,0.44237110641012023,0.6267361294260809,0.31330912884793616,0.712599257972198,2.351862009702291e-05,0.995150400006493,0.24704441747306538,0.24704441747306538,4.879199916329834e-06,0.8113622064706193,1.0584066239436847,1.870389103551398e-05,0.1111193788000193,0.21555685914280992,True,0.7117243468567616,0.12767758390123618,-0.12767758390123618,0.6768046435483457,0.5491270596471095,0.0,0.0,0.008153462697716406,0.18970225140681113,0.18970225140681113,0.0,0.006442759950448499,0.0,0.00022390705711329597,0.00017056668602495002,0.0002211728568089195,0.006397778452505153,0.0031330912884793617,4.879199916329834e-07,1.8703891035513982e-07,0.001111193788000193,0.21555685914280992
0.003198045995614741,0.0,0.04040247848893727,5825,1.5214152410869515,1.5214152426083665,0.700935169982681,0.700935169982681,0.20509144471803456,0.9060266147007155,0.0,0.013414486023887524,2.943302271159069,0.0009538613260282582,0.11088464547357244,0.0005140121060224581,1.7320289729952034,0.20843906098415613,1.4565512687356768,0.011610354476400353,0.71607191035249,0.37671914244995774,-0.37671914244995774,0.5732413737015267,0.19652223125156898,0.31774955369547614,0.33063657985780326,0.33063657985780326,0.44237110641012023,0.7730076862679235,0.33647162812915743,1.0441920401158484,0.20996767295889338,1.4582222964445242,2.540271232014799,2.540271232014799,2.062134639090232e-05,0.8113622064706193,3.3516334384854183,3.3564440199170896e-05,0.17040995688608676,3.2654867774752856,True,1.0429954640954118,2.0923660763012863,2.0923660763012863,0.6768046435483457,2.7691707198496323,0.012792183982458964,0.0,0.008080495697787455,1.5214152410869515,1.5214152410869515,0.0,0.006707243011943762,0.005723167956169549,0.006168145272269497,0.43300724324880085,1.2506343659049368,0.015887477684773808,0.0033647162812915745,2.0621346390902324e-06,3.3564440199170896e-07,0.0017040995688608676,3.2654867774752856
0.0,0.0,0.04272068816333087,5850,0.2906854242582429,0.2906854245489283,0.024956824298438707,-0.024956824298438707,0.20509144471803456,0.18013462041959585,0.0,0.013630485215993535,1.4476541247331975,0.0,0.06282308406148888,0.001032467623485046,0.0,0.059402895958948876,1.243727093198415,0.005506935356897616,0.71607191035249,0.3831365476208028,-0.3831365476208028,0.5732413737015267,0.19010482608072393,0.08008677468322511,0.12312659754070987,0.12312659754070987,0.44237110641012023,0.5654977039508301,0.24424483321394486,0.8911592860908777,0.05978556384797286,1.2445108665232956,0.3089920521500319,-0.3089920521500319,1.4329099281632807e-06,0.8113622064706193,0.5023701543205874,4.311817435418621e-06,0.1837836313443934,0.6831366015233316,True,0.8905980480210093,0.40550878623065956,-0.40550878623065956,0.6768046435483457,0.27129585731768613,0.0,0.0,0.008544137632666175,0.2906854242582429,0.2906854242582429,0.0,0.0068152426079967675,0.0,0.01238961148182055,0.0,0.35641737575369326,0.004004338734161256,0.0024424483321394486,1.432909928163281e-07,4.311817435418621e-08,0.001837836313443934,0.6831366015233316
0.0,0.0,0.01851022964876885,5875,0.04015411416383304,0.04015411420398715,0.0044767361802646455,0.0044767361802646455,0.20509144471803456,0.2095681808982992,0.0,0.006463878742089752,1.5309458002334508,0.0,0.02351325963064182,0.0001826955743127217,0.0,0.0019931840334881513,1.044645089690672,0.006322738156337398,0.71607191035249,0.005507195945880006,-0.005507195945880006,0.5732413737015267,0.5677341777556467,0.11148904804406622,0.07081356044600307,0.07081356044600307,0.44237110641012023,0.5131846668561233,0.16554582918452454,0.7484683827672675,0.002046830551947678,1.0452419114532938,0.036134127843694186,0.036134127843694186,3.2940377257447356e-06,0.8113622064706193,0.8474963343143135,1.3217874761144582e-05,0.15332759859783882,0.07000319881986038,True,0.7480410154615986,0.0411236978572701,0.0411236978572701,0.6768046435483457,0.7179283414056158,0.0,0.0,0.0037020459297537702,0.04015411416383304,0.04015411416383304,0.0,0.003231939371044876,0.0,0.0021923468917526604,0.0,0.011959104200928907,0.005574452402203311,0.0016554582918452455,3.2940377257447357e-07,1.321787476114458e-07,0.001533275985978388,0.07000319881986038
0.0,0.0,0.023126760104241022,5900,0.37423987039242346,0.3742398707666633,0.11867370780722519,-0.11867370780722519,0.20509144471803456,0.08641773691080937,0.0,0.004455034949232897,1.2080171761138718,0.0,0.015813917383164074,7.363568474921326e-05,0.0,0.019377681943468162,0.8607962574372795,0.005628625727182103,0.71607191035249,0.23678214811990994,-0.23678214811990994,0.5732413737015267,0.3364592255816168,0.0717381704108556,0.17600788203585505,-0.17600788203585505,0.44237110641012023,0.2663632243742652,0.11906596891135487,0.6167202993775194,0.01925026120330881,0.8612546894366919,0.5052611256446524,-0.5052611256446524,9.553514163422809e-07,0.8113622064706193,0.3061010808259668,6.406724907786944e-06,0.05781662520473791,0.5035983538297822,True,0.6163920290953491,0.5863962739801489,-0.5863962739801489,0.6768046435483457,0.09040836956819678,0.0,0.0,0.004625352020848204,0.37423987039242346,0.37423987039242346,0.0,0.0022275174746164486,0.0,0.0008836282169905591,0.0,0.11626609166080898,0.0035869085205427805,0.0011906596891135487,9.553514163422809e-08,6.406724907786945e-08,0.0005781662520473791,0.5035983538297822
0.0,0.0,0.007190083515031093,5925,0.47319383374853224,0.47319383422172606,0.3307207268963823,0.3307207268963823,0.20509144471803456,0.5358121716144169,0.0,0.013762072213460038,2.7000631171552034,0.0,0.07454845852051412,0.0005367374694942456,0.060629670481748596,0.03973933073163851,1.1993472616607475,0.006150715663287708,0.71607191035249,0.4134389437256659,-0.4134389437256659,0.5732413737015267,0.15980242997586083,0.2651101562074281,0.08953021681410867,0.08953021681410867,0.44237110641012023,0.5319013232242289,0.2222042604159901,0.8595904995957576,0.040170104833156625,1.2004248109220927,0.6100065822039956,0.6100065822039956,4.2400597960014315e-05,0.8113622064706193,1.421368788674615,2.0358949812539038e-05,0.13922046731293675,0.7584213369394226,True,0.8588188968269117,0.6775915984458813,0.6775915984458813,0.6768046435483457,1.354396241994227,0.0,0.0,0.0014380167030062186,0.47319383374853224,0.47319383374853224,0.0,0.006881036106730019,0.0,0.006440849633930947,0.015157417620437149,0.23843598438983105,0.013255507810371407,0.002222042604159901,4.240059796001432e-06,2.0358949812539038e-07,0.0013922046731293675,0.7584213369394226
0.0,0.0,0.014481769565991167,5950,0.2891135598285783,0.28911356011769185,0.038461709881141226,-0.038461709881141226,0.20509144471803456,0.16662973483689333,0.0,0.01545499835772381,1.3832622213536765,0.0,0.04314926965429671,0.00022920289524474739,0.0,9.47528665598649e-05,1.009734108411142,0.0029111306337758214,0.71607191035249,0.2083103327134032,-0.2083103327134032,0.5732413737015267,0.3649310409881235,0.0715829467504262,0.1723063365153974,0.1723063365153974,0.44237110641012023,0.6146774429255176,0.2702516487522896,0.7234803558447659,0.00010703842734276763,1.0103459377217712,0.30387754299738956,-0.30387754299738956,2.993533550050012e-06,0.8113622064706193,0.5074846634732297,6.418288135949715e-06,0.049978114974691096,0.309838173373962,True,0.7230422420553757,0.5010286624894762,-0.5010286624894762,0.6768046435483457,0.1757759810588695,0.0,0.0,0.0028963539131982336,0.2891135598285783,0.2891135598285783,0.0,0.007727499178861905,0.0,0.0027504347429369684,0.0,0.0005685171993591894,0.0035791473375213104,0.0027025164875228956,2.9935335500500124e-07,6.418288135949716e-08,0.000499781149746911,0.309838173373962
0.017631174467809325,0.0,0.00927206646746763,5975,0.274494683180833,0.2744946834553276,0.053321641824879945,0.053321641824879945,0.20509144471803456,0.2584130865429145,0.0,0.013903094105642366,1.0553833115938513,0.0,0.06906426426901832,0.0007914183285807286,0.0,0.2838571207304713,1.5327824328283275,0.008076408946995262,0.71607191035249,0.5124257405239799,-0.5124257405239799,0.5732413737015267,0.06081563317754683,0.13620802701547094,0.31637831213229284,0.31637831213229284,0.44237110641012023,0.7587494185424131,0.24192445447464223,1.0982918567318807,0.2849137336585276,1.5337731106551993,0.10589121704704874,0.10589121704704874,3.0151528982903705e-06,0.8113622064706193,0.917253423517668,4.710353641249204e-06,0.025071696405904276,2.075945797202587,True,1.097582460157942,0.002265601988205024,-0.002265601988205024,0.6768046435483457,0.6745390415601407,0.0705246978712373,0.0,0.001854413293493526,0.274494683180833,0.274494683180833,0.0,0.006951547052821183,0.0,0.009497019942968744,0.0,1.7031427243828279,0.006810401350773547,0.002419244544746422,3.0151528982903707e-07,4.710353641249204e-08,0.0002507169640590428,2.075945797202587
0.0,0.0,0.009302245730113373,6000,0.1589207909555694,0.1589207911144902,0.06042824394550109,-0.06042824394550109,0.20509144471803456,0.14466320077253347,0.0,0.009940945259889868,1.0687363562471799,0.0,0.0489021264721821,0.00028126275871355943,0.0,0.0017527462200633416,1.0418658120674058,0.0032347871991530554,0.71607191035249,0.3303715973536461,-0.3303715973536461,0.5732413737015267,0.24286977634788065,0.07122452456814077,0.01527467569270613,-0.01527467569270613,0.44237110641012023,0.4270964307174141,0.1776646747270688,0.7464424380000936,0.0017988340545296412,1.0424126638461868,0.08221235354659762,-0.08221235354659762,1.4192560498476896e-06,0.8113622064706193,0.7291498529240217,5.327445558430662e-06,0.06740015836158861,0.18565541291583398,True,0.7460508527967137,0.08056014799361044,-0.08056014799361044,0.6768046435483457,0.5962444955547352,0.0,0.0,0.0018604491460226748,0.1589207909555694,0.1589207909555694,0.0,0.004970472629944934,0.0,0.003375153104562713,0.0,0.010516477320380049,0.0035612262284070387,0.0017766467472706878,1.4192560498476896e-07,5.327445558430663e-08,0.0006740015836158861,0.18565541291583398
0.0,0.0,0.018196182444716907,6025,0.2627623968788135,0.2627623971415759,0.044131273792496595,-0.044131273792496595,0.20509144471803456,0.16096017092553797,0.0,0.008094409705465563,1.5289398153088885,0.0,0.012735386202668876,2.6574279167740723e-05,0.0,0.002068370962790434,1.0454793465519288,0.009106901468449531,0.71607191035249,0.041672229030449426,-0.041672229030449426,0.5732413737015267,0.5315691446710773,0.09176515286313298,0.22758468028189893,0.22758468028189893,0.44237110641012023,0.6699557866920192,0.13820287965910272,0.7489660680021113,0.0021102017905069593,1.045936932750315,0.29496455690574475,-0.29496455690574475,3.731013921685089e-06,0.8113622064706193,0.5163976495648746,8.575866035573286e-06,0.08258483442876477,0.289974548991333,True,0.7486384033743061,0.4502636630124679,-0.4502636630124679,0.6768046435483457,0.22654098053587782,0.0,0.0,0.0036392364889433816,0.2627623968788135,0.2627623968788135,0.0,0.0040472048527327815,0.0,0.00031889135001288865,0.0,0.012410225776742605,0.0045882576431566496,0.0013820287965910273,3.7310139216850894e-07,8.575866035573285e-08,0.0008258483442876477,0.289974548991333
0.0,0.0,0.007284644246252113,6050,0.3593847954581859,0.3593847958175707,0.06661540794269818,0.06661540794269818,0.20509144471803456,0.27170685266073274,0.0,0.016847915832777016,2.7488837579615883,0.0,0.07279926904621796,0.0022562971719448425,0.008724120161746746,0.03303751510791795,0.8182377511475005,0.013113674602218883,0.71607191035249,0.29551925386614847,-0.29551925386614847,0.5732413737015267,0.27772211983537826,0.17189411817610248,0.6339759934407704,-0.6339759934407704,0.44237110641012023,-0.19160488703065018,0.3372787218780139,0.586334718289522,0.03282583388961676,0.818820989378966,0.2717531836488135,0.2717531836488135,2.463294787072952e-06,0.8113622064706193,1.0831153901194328,1.9745837727886367e-05,0.32733149656072,0.6119886208561558,True,0.5859170777690935,0.2797187198968461,-0.2797187198968461,0.6768046435483457,0.3970859236514996,0.0,0.0,0.0014569288492504227,0.3593847954581859,0.3593847954581859,0.0,0.008423957916388508,0.0,0.027075566063338108,0.0021810300404366866,0.1982250906475077,0.008594705908805124,0.003372787218780139,2.463294787072952e-07,1.9745837727886367e-07,0.0032733149656072004,0.6119886208561558
0.0,0.0,0.029317919556907573,6075,0.25302313763895073,0.2530231378919739,0.08889891056709878,0.08889891056709878,0.20509144471803456,0.29399035528513334,0.0,0.0037251561525282256,1.6874453673313061,0.0,0.02224787160818991,0.00011231274655382267,0.0008706896061516277,0.07394486163804538,1.2719280449641879,0.007950489875342795,0.71607191035249,0.3915200007746247,-0.3915200007746247,0.5732413737015267,0.18172137292690205,0.13051911294970847,0.12085329468107897,0.12085329468107897,0.44237110641012023,0.5632244010911992,0.15248088026014323,0.9116244790332526,0.07457851265553095,1.2730906674632638,0.25461845759665225,0.25461845759665225,1.5387834132816027e-06,0.8113622064706193,1.0659806640672715,1.232315212491203e-05,0.1906260057198705,0.7159411964322006,True,0.9107919577076943,0.2819158322137214,0.2819158322137214,0.6768046435483457,0.9587204757620671,0.0,0.0,0.005863583911381515,0.25302313763895073,0.25302313763895073,0.0,0.0018625780762641128,0.0,0.0013477529586458721,0.00021767240153790693,0.4436691698282723,0.006525955647485424,0.0015248088026014323,1.5387834132816027e-07,1.232315212491203e-07,0.001906260057198705,0.7159411964322006
0.0,0.0,0.018045557516315616,6100,0.6262633259823982,0.6262633266086615,0.4191522106007971,0.4191522106007971,0.20509144471803456,0.6242436553188316,0.0,0.010927432411605365,3.595003114679308,0.0010238616716199268,0.11199783854606318,0.0014783081755919026,0.15491829186123718,0.15902231506819273,1.3987760211800513,0.011553577624077094,0.71607191035249,0.4539247337755093,-0.4539247337755093,0.5732413737015267,0.11931663992601743,0.22663444021874343,0.3105378445707885,0.3105378445707885,0.44237110641012023,0.7529089509809087,0.21907641907851558,1.0027932857850104,0.16032705847838338,1.4004086143908288,0.9558225751929385,0.9558225751929385,4.374736332304307e-06,0.8113622064706193,1.7671847816635577,3.142938896503077e-05,0.34467971575943956,1.6690525203295918,True,1.0016242316294146,0.7544945218693782,0.7544945218693782,0.6768046435483457,1.4312991654177238,0.0,0.0,0.0036091115032631234,0.6262633259823982,0.6262633259823982,0.0,0.005463716205802683,0.006143170029719561,0.017739698107102832,0.038729572965309295,0.9541338904091563,0.011331722010937172,0.002190764190785156,4.3747363323043066e-07,3.142938896503077e-07,0.0034467971575943956,1.6690525203295918
0.0,0.0,0.04432288085934968,6125,0.28201846007862835,0.2820184603606468,0.11144486419900404,0.11144486419900404,0.20509144471803456,0.3165363089170386,0.0,0.01516259692894229,2.6756139668186245,0.0005097201350813212,0.10257698241752695,0.0007750843108286562,0.003538871613994035,0.03604085920644373,1.1898443025388008,0.009882842746087894,0.71607191035249,0.4249233119999378,-0.4249233119999378,0.5732413737015267,0.14831806170158893,0.14040483906516363,0.20668277434857896,0.20668277434857896,0.44237110641012023,0.6490538807586992,0.3661805575821674,0.8528185211902017,0.03646865880215436,1.1909676904666189,0.3216579351244421,0.3216579351244421,8.486331221483409e-06,0.8113622064706193,1.1330201415950614,1.5561041989423473e-05,0.18157517189989128,0.540452343889183,True,0.8520140946394281,0.24188981922080188,0.24188981922080188,0.6768046435483457,0.9186944627691476,0.0,0.0,0.008864576171869936,0.28201846007862835,0.28201846007862835,0.0,0.007581298464471145,0.0030583208104879274,0.009301011729943874,0.0008847179034985088,0.2162451552386624,0.007020241953258182,0.003661805575821674,8.486331221483409e-07,1.5561041989423472e-07,0.001815751718998913,0.540452343889183
0.0,0.0,0.002929893007832347,6150,0.26047400483050015,0.2604740050909742,0.18426968478736808,0.18426968478736808,0.20509144471803456,0.38936112950540264,0.0,0.009850465550535845,2.912610754060102,0.0,0.04414562906006135,0.00019316949118069484,0.0011815933133728991,0.07339041900394348,1.2709066610549535,0.005039713719228359,0.71607191035249,0.35850100065148105,-0.35850100065148105,0.5732413737015267,0.21474037305004567,0.24146604967179958,0.2858102926521483,0.2858102926521483,0.44237110641012023,0.7281813990622685,0.15990524664084096,0.9110904816031884,0.07417176411228403,1.2723449359035046,0.26550109144759715,0.26550109144759715,2.078336098606259e-05,0.8113622064706193,1.0768632979182164,1.6003544663902317e-05,0.16647517356958327,0.7242805075107464,True,0.9100605733703917,0.15677021239745426,0.15677021239745426,0.6768046435483457,0.8335748559457999,0.0,0.0,0.0005859786015664694,0.26047400483050015,0.26047400483050015,0.0,0.004925232775267923,0.0,0.002318033894168338,0.0002953983283432248,0.44034251402366087,0.01207330248358998,0.0015990524664084096,2.078336098606259e-06,1.6003544663902317e-07,0.0016647517356958327,0.7242805075107464
0.0,0.0,0.014406120947908906,6175,0.31443004269075053,0.31443004300518057,0.27542404205053606,0.27542404205053606,0.20509144471803456,0.4805154867685706,0.0,0.009496473143642149,2.6493795095076624,0.0,0.05338634760132599,0.00038494181185686003,0.014281227213012523,0.0030900232476677803,1.0555879775461185,0.0038481309420616825,0.71607191035249,0.3421651321958187,-0.3421651321958187,0.5732413737015267,0.23107624150570802,0.23043609211251526,0.008467757448606894,-0.008467757448606894,0.44237110641012023,0.43390334896151334,0.21443603829863767,0.7566899547664402,0.0032175441783822973,1.0567234006242776,0.4558570594236321,0.4558570594236321,5.565331190993018e-05,0.8113622064706193,1.2672192658942514,2.4286892684266677e-05,0.1519509943165903,0.3639807346155914,True,0.7558769101824503,0.30580797495911016,0.30580797495911016,0.6768046435483457,0.9826126185074558,0.0,0.0,0.002881224189581781,0.31443004269075053,0.31443004269075053,0.0,0.004748236571821074,0.0,0.00461930174228232,0.0035703068032531308,0.018540139486006683,0.011521804605625763,0.0021443603829863767,5.565331190993018e-06,2.428689268426668e-07,0.0015195099431659029,0.3639807346155914
0.0,0.0,0.0021686722376367045,6200,0.3713737224036236,0.3713737227749973,0.2180946933805111,0.2180946933805111,0.20509144471803456,0.42318613809854566,0.0,0.016149599458923726,2.1735760866920795,0.0,0.04238573630092597,0.000381742058565691,0.044722101177404806,0.02162831700237946,1.1470656894125189,0.008983414377863616,0.71607191035249,0.2916951048437969,-0.2916951048437969,0.5732413737015267,0.2815462688577298,0.1596651423981046,0.3414096955725058,0.3414096955725058,0.44237110641012023,0.783780801982626,0.29439668034752653,0.8221348415412069,0.021938851113690316,1.1481176934525053,0.6615125188922658,0.6615125188922658,1.1713991707127183e-05,0.8113622064706193,1.472874725362885,2.4192719805148765e-05,0.1374307597010731,0.537716533438789,True,0.8213815309880752,0.05273980931069622,-0.05273980931069622,0.6768046435483457,0.6240648342376495,0.0,0.0,0.00043373444752734094,0.3713737224036236,0.3713737224036236,0.0,0.008074799729461863,0.0,0.004580904702788292,0.011180525294351202,0.12976990201427674,0.00798325711990523,0.002943966803475265,1.1713991707127184e-06,2.4192719805148764e-07,0.001374307597010731,0.537716533438789
0.0,0.0,0.03588951599093757,6225,0.27134343806059924,0.2713434383319427,0.09572684047551658,0.09572684047551658,0.20509144471803456,0.30081828519355114,0.0,0.01038774329329216,2.1132929195678734,0.0,0.07437198814927888,0.0015465759470947632,0.00013165124254333523,0.043611553472626456,1.2088337938951128,0.013771283647683841,0.71607191035249,0.45360773288177114,-0.45360773288177114,0.5732413737015267,0.11963364081975557,0.13517124008600376,0.0440847783255478,-0.0440847783255478,0.44237110641012023,0.3982863280845724,0.31033204665726455,0.8661986734683749,0.0439544546575177,1.2096531770747052,0.21425594771557044,0.21425594771557044,1.8198412761448126e-05,0.8113622064706193,1.0256181541861897,1.4402995232328661e-05,0.21146209204935268,0.5759548251795593,True,0.8656119361814595,0.32459763631291083,0.32459763631291083,0.6768046435483457,1.0014022798612565,0.0,0.0,0.007177903198187514,0.27134343806059924,0.27134343806059924,0.0,0.00519387164664608,0.0,0.018558911365137157,3.291281063583381e-05,0.2616693208357587,0.006758562004300188,0.0031033204665726457,1.8198412761448127e-06,1.4402995232328663e-07,0.0021146209204935267,0.5759548251795593
0.0,0.0,0.02235576035996951,6250,0.6958536827059241,0.6958536834017778,0.3982686198030012,0.3982686198030012,0.20509144471803456,0.6033600645210357,0.0,0.0111432885158391,2.8351573254839137,0.0,0.04345427349359225,0.0003380939233416546,0.28427137844471606,0.019574640007462767,1.1399093992820453,0.008766356115117837,0.71607191035249,0.3889891698680056,-0.3889891698680056,0.5732413737015267,0.18425220383352114,0.2855850253973034,0.1864251180867884,0.1864251180867884,0.44237110641012023,0.6287962244969086,0.2665132078946856,0.8173907251483691,0.020020127005118706,1.1414924980524364,1.3763452851381115,1.3763452851381115,5.489786843616757e-05,0.8113622064706193,2.1877074916087307,3.249798187192401e-05,0.12230355363484664,0.9166425244237159,True,0.8162571125717475,0.42667388852510957,0.42667388852510957,0.6768046435483457,1.1034785320734553,0.0,0.0,0.004471152071993902,0.6958536827059241,0.6958536827059241,0.0,0.00557164425791955,0.0,0.0040571270800998545,0.07106784461117902,0.1174478400447766,0.014279251269865172,0.0026651320789468557,5.489786843616757e-06,3.249798187192401e-07,0.0012230355363484664,0.9166425244237159
0.0,0.0,0.020367164132037506,6275,0.21156844092522362,0.21156844113679205,0.06458051325742256,0.06458051325742256,0.20509144471803456,0.2696719579754571,0.0,0.012989727135286983,3.004325286851353,0.0,0.024656486100137535,0.00024487683598270493,0.0,0.020489899400211613,0.856857066537633,0.00897322333936863,0.71607191035249,0.07861272666153979,-0.07861272666153979,0.5732413737015267,0.49462864703998694,0.18890930644632414,0.06527868902020961,0.06527868902020961,0.44237110641012023,0.5076497954303298,0.2769991732033348,0.6140821852176925,0.020286150358974242,0.8575705425167454,0.07895234772849569,-0.07895234772849569,1.6207112279244403e-05,0.8113622064706193,0.7324098587421236,2.095064179744496e-05,0.1826733360833991,0.36205867638516626,True,0.6135712851032042,0.4505115342446502,-0.4505115342446502,0.6768046435483457,0.22629310930369553,0.0,0.0,0.0040734328264075016,0.21156844092522362,0.21156844092522362,0.0,0.006494863567643491,0.0,0.002938522031792459,0.0,0.12293939640126968,0.009445465322316209,0.002769991732033348,1.6207112279244405e-06,2.095064179744496e-07,0.0018267333608339912,0.36205867638516626
0.0,0.0,0.00836719148703989,6300,0.27765051334081053,0.27765051361846105,0.0725344332652508,0.0725344332652508,0.20509144471803456,0.27762587798328536,0.0,0.007475172583316943,2.0070940634670826,0.0,0.03624075219532413,0.00019870088322814427,0.001965079266288248,6.160481913769603e-06,1.002482031811595,0.00560024104293365,0.71607191035249,0.42564098313373516,-0.42564098313373516,0.5732413737015267,0.14760039056779156,0.14057566393413556,0.1975011285753162,0.1975011285753162,0.44237110641012023,0.6398722349854364,0.14309669082488607,0.7186779453678827,1.3244753276924876e-05,1.0036393341804408,0.28776093074487263,0.28776093074487263,9.140227746148128e-06,0.8113622064706193,1.099123137215492,1.2729003190792272e-05,0.06901730255544897,0.29512514567998605,True,0.7178492336381949,0.27785697576115187,0.27785697576115187,0.6768046435483457,0.9546616193094976,0.0,0.0,0.0016734382974079782,0.27765051334081053,0.27765051334081053,0.0,0.0037375862916584715,0.0,0.0023844105987377313,0.000491269816572062,3.6962891482617615e-05,0.007028783196706779,0.0014309669082488608,9.140227746148128e-07,1.272900319079227e-07,0.0006901730255544897,0.29512514567998605
0.0,0.0,0.004035906437535849,6325,0.2681224993802914,0.26812249964841395,0.1313796627825536,0.1313796627825536,0.20509144471803456,0.3364711075005882,0.0,0.0023485833423601533,2.1864087059272626,0.0,0.013145454349431509,6.536630732220448e-05,0.011170685777885509,9.065859502652157e-05,1.0095214807160715,0.006262920739800735,0.71607191035249,0.2832153949447588,-0.2832153949447588,0.5732413737015267,0.29002597875676794,0.18101200704817916,0.21562260960026602,0.21562260960026602,0.44237110641012023,0.6579937160103863,0.046550818587040195,0.7236828583103849,0.0001129699861933639,1.010628733988268,0.4249710939536492,0.4249710939536492,8.668992603095982e-06,0.8113622064706193,1.2363333004242685,2.1357100396333407e-05,0.11452935340785611,0.2848874735840978,True,0.7228899853334465,0.18677060233078813,0.18677060233078813,0.6768046435483457,0.8635752458791338,0.0,0.0,0.0008071812875071699,0.2681224993802914,0.2681224993802914,0.0,0.0011742916711800766,0.0,0.0007843956878664537,0.0027926714444713773,0.0005439515701591294,0.009050600352408959,0.00046550818587040197,8.668992603095982e-07,2.1357100396333408e-07,0.001145293534078561,0.2848874735840978
0.0,0.0,0.006898190465692777,6350,0.2904580405827331,0.2904580408731911,0.0228108106488929,0.0228108106488929,0.20509144471803456,0.22790225536692746,0.0,0.010874999338391242,2.414938953718271,0.0,0.026015521413415236,0.00035322853189965683,0.0,0.13680676574732684,0.6301260136920591,0.00942696754572887,0.71607191035249,0.17577414247364942,-0.17577414247364942,0.5732413737015267,0.3974672312278773,0.18081763135501355,0.4215953353346505,-0.4215953353346505,0.44237110641012023,0.02077577107546974,0.216335529072092,0.45148505450106613,0.13652848657499264,0.6305023862391089,0.1435006038997878,0.1435006038997878,1.0570700540834047e-05,0.8113622064706193,0.9548628103704071,2.8950614215104622e-05,0.2673701371785046,1.1362338000182772,True,0.4512155446885322,0.43826639752451385,-0.43826639752451385,0.6768046435483457,0.23853824602383183,0.0,0.0,0.0013796380931385556,0.2904580405827331,0.2904580405827331,0.0,0.005437499669195621,0.0,0.004238742382795882,0.0,0.820840594483961,0.009040881567750679,0.00216335529072092,1.0570700540834048e-06,2.8950614215104623e-07,0.002673701371785046,1.1362338000182772
0.0,0.0,0.02074241789204641,6375,0.3648878472961534,0.36488784766104126,0.09579478892942103,-0.09579478892942103,0.20509144471803456,0.10929665578861353,0.0,0.01181371416468029,1.4692594703505275,0.0,0.046670204604722876,0.0003076227238151545,0.0,0.02027471505734405,0.8576106919135287,0.004563811840550447,0.71607191035249,0.2555509926903289,-0.2555509926903289,0.5732413737015267,0.31769038101119784,0.08616681670304362,0.24137928196038855,-0.24137928196038855,0.44237110641012023,0.20099182444973168,0.27007337751020954,0.614411026211795,0.02015554577471878,0.858029771519805,0.4100302564440937,-0.4100302564440937,5.616542276647967e-06,0.8113622064706193,0.4013319500265256,8.744570490376703e-06,0.11954731494402514,0.5084881478463761,True,0.6141109350733481,0.6040231671411035,-0.6040231671411035,0.6768046435483457,0.07278147640724222,0.0,0.0,0.004148483578409283,0.3648878472961534,0.3648878472961534,0.0,0.005906857082340145,0.0,0.0036914726857818535,0.0,0.1216482903440643,0.004308340835152181,0.0027007337751020957,5.616542276647967e-07,8.744570490376703e-08,0.0011954731494402515,0.5084881478463761
0.0007638069177812434,0.0,0.03422200334513971,6400,0.48275981648969507,0.48275981697245485,0.2848712489940658,0.2848712489940658,0.20509144471803456,0.48996269371210033,0.0,0.0031633392320482186,2.1657521855075395,0.0,0.07011515796368534,0.000600254906721282,0.0789609860682119,0.18287345249115017,1.4276370569667112,0.00806515675155154,0.71607191035249,0.5327754315941093,-0.5327754315941093,0.5732413737015267,0.04046594210741735,0.22824255825012943,0.21358817082875314,0.21358817082875314,0.44237110641012023,0.6559592772388734,0.15538123221066275,1.0230200727838434,0.18374552017262513,1.4286554795784432,0.8169728397754575,0.8169728397754575,2.2326257569453948e-05,0.8113622064706193,1.6283350462460768,1.8193544612151028e-05,0.10392925829439346,1.6324327821692415,True,1.02229080894853,0.29532928698981753,0.29532928698981753,0.6768046435483457,0.9721339305381632,0.0030552276711249735,0.0,0.006844400669027942,0.48275981648969507,0.48275981648969507,0.0,0.0015816696160241093,0.0,0.007203058880655384,0.019740246517052976,1.097240714946901,0.011412127912506473,0.0015538123221066275,2.232625756945395e-06,1.819354461215103e-07,0.0010392925829439347,1.6324327821692415
0.0,0.0,0.009860488968890862,6425,0.25309422664638026,0.25309422689947453,0.03207857709278358,0.03207857709278358,0.20509144471803456,0.23717002181081814,0.0,0.005106226510655723,1.7741267347591096,0.0,0.06868173311761065,0.00030823251629407365,0.0006299647623231949,0.004838053643035969,1.0695561186599423,0.00342347247479518,0.71607191035249,0.3489375604650763,-0.3489375604650763,0.5732413737015267,0.22430381323645043,0.1094398483282008,0.12133909571342327,0.12133909571342327,0.44237110641012023,0.5637102021235435,0.11142113840126541,0.7664902516730976,0.004957510560244828,1.070409591393821,0.19908320421380032,0.19908320421380032,1.6176078405942557e-06,0.8113622064706193,1.0104454106844196,1.1354749043562105e-05,0.1557214106741594,0.2986477341552505,True,0.7658791038135806,0.37833805503677786,0.37833805503677786,0.6768046435483457,1.0551426985851236,0.0,0.0,0.0019720977937781724,0.25309422664638026,0.25309422664638026,0.0,0.0025531132553278614,0.0,0.003698790195528884,0.00015749119058079873,0.029028321858215814,0.00547199241641004,0.001114211384012654,1.6176078405942558e-07,1.1354749043562106e-07,0.001557214106741594,0.2986477341552505
0.0,0.0,0.019042953475661088,6450,0.33429190017714366,0.33429190051143554,0.16994006501004813,0.16994006501004813,0.20509144471803456,0.3750315097280827,0.0,0.009044867718644257,3.2833113347940936,0.0,0.040798614597120066,0.00030911244557076237,0.034100723579787634,0.007267114544599075,1.0852473726551093,0.008291696460003373,0.71607191035249,0.28944074420735816,-0.28944074420735816,0.5732413737015267,0.28380062949416857,0.28770204470508254,0.01738311792274244,0.01738311792274244,0.44237110641012023,0.45975422433286267,0.19337308661910735,0.7779454757770317,0.0074661525147852875,1.0864069008516408,0.6015586308565107,0.6015586308565107,2.8945956743924873e-05,0.8113622064706193,1.41292083732713,2.6996714809603005e-05,0.24975143504435043,0.41727965425569963,True,0.7771151701946385,0.28969785033398726,-0.28969785033398726,0.6768046435483457,0.3871067932143584,0.0,0.0,0.003808590695132218,0.33429190017714366,0.33429190017714366,0.0,0.004522433859322128,0.0,0.003709349346849148,0.008525180894946909,0.04360268726759445,0.014385102235254127,0.0019337308661910736,2.8945956743924875e-06,2.6996714809603004e-07,0.0024975143504435042,0.41727965425569963
0.0,0.0,0.021903667092708665,6475,0.2872526552209346,0.2872526555081873,0.207750637416777,0.207750637416777,0.20509144471803456,0.41284208213481155,0.0,0.009676111501093997,3.3804702545540413,0.0,0.03923476637726733,0.0004431138188593124,0.01858316357837853,0.0024193241090763504,1.049186625306849,0.01226772981880746,0.71607191035249,0.13706368179274697,-0.13706368179274697,0.5732413737015267,0.43617769190877975,0.18810313368985865,0.1428240388972819,0.1428240388972819,0.44237110641012023,0.5851951453074021,0.21030341016729165,0.7518989157171616,0.0025032688048047943,1.0500326773699429,0.4934587539174299,0.4934587539174299,3.247709022479154e-05,0.8113622064706193,1.3048209603880492,2.0174704267568532e-05,0.2317047526755947,0.33477923353437483,True,0.7512930815916237,0.29448839088186674,0.29448839088186674,0.6768046435483457,0.9712930344302124,0.0,0.0,0.004380733418541733,0.2872526552209346,0.2872526552209346,0.0,0.004838055750546999,0.0,0.005317365826311749,0.004645790894594632,0.014515944654458102,0.009405156684492932,0.0021030341016729163,3.247709022479154e-06,2.0174704267568534e-07,0.002317047526755947,0.33477923353437483
0.0,0.0,0.04738516801238705,6500,0.661089161746009,0.661089162407098,0.33485617544300683,0.33485617544300683,0.20509144471803456,0.5399476201610414,0.0,0.009457313724455279,2.7205646320300527,0.0,0.042390523048886325,9.02742546147191e-05,0.219391841186088,0.010630202349298835,1.1031028726529908,0.004897801059598637,0.71607191035249,0.3320609478478299,-0.3320609478478299,0.5732413737015267,0.24118042585369678,0.2224497592510758,0.2731109769503536,0.2731109769503536,0.44237110641012023,0.7154820833604738,0.27819707208398237,0.7904929537395711,0.010801351635253129,1.1039295513088223,1.1307515298626072,1.1307515298626072,1.5543902524870743e-05,0.8113622064706193,1.9421137363332266,2.7474734737222193e-05,0.1458565436151656,0.8103721709155509,True,0.7899009923669754,0.7807769488946716,0.7807769488946716,0.6768046435483457,1.4575815924430173,0.0,0.0,0.009477033602477411,0.661089161746009,0.661089161746009,0.0,0.0047286568622276395,0.0,0.0010832910553766292,0.054847960296522,0.06378121409579302,0.01112248796255379,0.0027819707208398235,1.5543902524870743e-06,2.747473473722219e-07,0.001458565436151656,0.8103721709155509
0.0,0.0,0.023372349139890468,6525,0.22489197764461208,0.22489197786950407,0.09713789490007277,0.09713789490007277,0.20509144471803456,0.30222933961810733,0.0,0.010672013714363642,2.931656392665232,0.0,0.03834632247183008,0.00020871703535205047,0.0,0.017939329161464602,1.1339377809337776,0.005016890817692872,0.71607191035249,0.3614077307033312,-0.3614077307033312,0.5732413737015267,0.21183364299819551,0.10738102293748182,0.2639420437560064,0.2639420437560064,0.44237110641012023,0.7063131501661266,0.23832600236185608,0.8126622995298529,0.01819510030729427,1.1348892149406107,0.005923907575531295,0.005923907575531295,6.355318972916412e-06,0.8113622064706193,0.8172861140461506,1.717885302840642e-05,0.2777961281644824,0.35557411349534923,True,0.8119810043534913,0.2076781042129318,-0.2076781042129318,0.6768046435483457,0.4691265393354139,0.0,0.0,0.004674469827978094,0.22489197764461208,0.22489197764461208,0.0,0.005336006857181821,0.0,0.0025046044242246056,0.0,0.10763597496878761,0.005369051146874092,0.002383260023618561,6.355318972916413e-07,1.717885302840642e-07,0.002777961281644824,0.35557411349534923
0.0,0.0,0.0192261168360499,6550,0.21853038303187428,0.21853038325040466,0.05857777278461987,0.05857777278461987,0.20509144471803456,0.26366921750265443,0.0,0.009647017958430993,2.9721140404819915,0.0,0.042440924556561864,0.000324513740808933,0.0,0.0036538965698290995,0.9395525304927568,0.004481902213739604,0.71607191035249,0.29270468063625055,-0.29270468063625055,0.5732413737015267,0.2805366930652762,0.20696666506178765,0.16524963003484255,-0.16524963003484255,0.44237110641012023,0.2771214763752777,0.1972197272200999,0.6733814366758373,0.0035542572902687542,0.9403824078793117,0.07554881473429254,0.07554881473429254,2.3553343798610413e-05,0.8113622064706193,0.8869110212049118,2.3472270066378936e-05,0.2198945457987387,0.26753872572733983,True,0.6727871847819897,0.34154822917511796,-0.34154822917511796,0.6768046435483457,0.33525641437322773,0.0,0.0,0.0038452233672099803,0.21853038303187428,0.21853038303187428,0.0,0.004823508979215497,0.0,0.003894164889707196,0.0,0.021923379418974598,0.010348333253089384,0.001972197272200999,2.3553343798610416e-06,2.3472270066378936e-07,0.002198945457987387,0.26753872572733983
0.020969750635079228,0.0,0.012403601204706988,6575,1.0265222969747185,1.026522298001241,0.6382169932815557,0.6382169932815557,0.20509144471803456,0.8433084379995902,0.0,0.008312542107661405,2.568229662445443,0.0,0.050800933950016065,0.0005427201040641849,0.658576732941634,0.29681723833529083,1.5448093596252646,0.00875586164086228,0.71607191035249,0.4897841375121217,-0.4897841375121217,0.5732413737015267,0.08345723618940505,0.3850849675244715,0.27665124751015024,0.27665124751015024,0.44237110641012023,0.7190223539202705,0.21520619206262753,1.1077237874083652,0.2991486964226966,1.5469448751224355,1.8372918787476347,1.8372918787476347,2.872461465821121e-05,0.8113622064706193,2.648654085218254,2.8209518838994026e-05,0.20273807126342366,3.09253539087187,True,1.1061946047253635,1.0813664268581509,1.0813664268581509,0.6768046435483457,1.7581710704064966,0.08387900254031691,0.0,0.0024807202409413975,1.0265222969747185,1.0265222969747185,0.0,0.0041562710538307025,0.0,0.006512641248770219,0.1646441832354085,1.780903430011745,0.019254248376223578,0.0021520619206262756,2.872461465821121e-06,2.820951883899403e-07,0.002027380712634237,3.09253539087187
0.0,0.0,0.03574758699305269,6600,0.311961355689605,0.3119613560015663,0.1394542431088109,0.1394542431088109,0.20509144471803456,0.34454568782684547,0.0,0.006549969699106234,2.820833663314671,0.0,0.015177408643802301,3.4342684439331475e-05,0.0386084137625959,0.016433094174280075,0.8718083693282589,0.004734752473316272,0.71607191035249,0.13544492179983847,-0.13544492179983847,0.5732413737015267,0.43779645190168825,0.20708467840826084,0.23304174904973673,0.23304174904973673,0.44237110641012023,0.675412855459857,0.18132701478135602,0.6249787399762448,0.016182977948852654,0.8727876658933865,0.6280033233709689,0.6280033233709689,1.4927161369191578e-05,0.8113622064706193,1.4393655298415882,2.7748792196272583e-05,0.2752093069736408,0.44597000597939196,True,0.6242774932042592,0.010487824565761361,0.010487824565761361,0.6768046435483457,0.687292468114107,0.0,0.0,0.007149517398610538,0.311961355689605,0.311961355689605,0.0,0.003274984849553117,0.0,0.00041211221327197773,0.009652103440648974,0.09859856504568046,0.010354233920413042,0.0018132701478135603,1.492716136919158e-06,2.7748792196272585e-07,0.002752093069736408,0.44597000597939196
0.0,0.0,0.022300706921541638,6625,0.7965058441869113,0.7965058449834171,0.42792578397725356,0.42792578397725356,0.20509144471803456,0.6330172286952881,0.0,0.007197926247219743,3.4813645913248203,0.0,0.040869516512971195,0.00015841051149376298,0.4231291283474369,0.010724562627746384,1.1035594642113717,0.005301263128963602,0.71607191035249,0.3540275745396992,-0.3540275745396992,0.5732413737015267,0.21921379916182754,0.4575718114015534,0.2105495636180913,0.2105495636180913,0.44237110641012023,0.6529206700282115,0.14639202835644663,0.7915703751998788,0.011116366048418555,1.1054341787487272,1.6429798691730118,1.6429798691730118,3.3874643222610084e-05,0.8113622064706193,2.454342075643631,3.8343985062134274e-05,0.29004360632702786,1.0038422505071773,True,0.7902279447610019,0.3463204240139348,0.3463204240139348,0.6768046435483457,1.0231250675622805,0.0,0.0,0.004460141384308328,0.7965058441869113,0.7965058441869113,0.0,0.0035989631236098716,0.0,0.0019009261379251557,0.10578228208685922,0.06434737576647831,0.02287859057007767,0.0014639202835644662,3.3874643222610087e-06,3.8343985062134275e-07,0.0029004360632702785,1.0038422505071773
0.0,0.0,0.013909987847973988,6650,0.34534279992543365,0.34534280027077646,0.16441105843067186,0.16441105843067186,0.20509144471803456,0.3695025031487064,0.0,0.015236894918687034,2.327555070277731,0.0,0.07633873240914073,0.0011365685513911599,0.010315307736884369,0.09118790413413827,1.3019733500395991,0.013043888579913574,0.71607191035249,0.5668552866986984,-0.5668552866986984,0.5732413737015267,0.006386087002828236,0.1337797691614046,0.26802441539884925,0.26802441539884925,0.44237110641012023,0.7103955218089695,0.3496531393803234,0.9330453915344953,0.09181211377091236,1.303005138192263,0.4157424801486177,0.4157424801486177,6.7833922992525245e-06,0.8113622064706193,1.227104686619237,1.4361363416139904e-05,0.14239614351498583,0.9306986225500041,True,0.9323065570106205,0.05721397776532322,0.05721397776532322,0.6768046435483457,0.7340186213136689,0.0,0.0,0.002781997569594798,0.34534279992543365,0.34534279992543365,0.0,0.007618447459343517,0.0,0.013638822616693918,0.002578826934221092,0.5471274248048297,0.006688988458070231,0.0034965313938032337,6.783392299252525e-07,1.4361363416139903e-07,0.0014239614351498583,0.9306986225500041
0.0,0.0,0.01908672938575215,6675,0.20984000595598035,0.20984000616582035,0.05339854696850466,-0.05339854696850466,0.20509144471803456,0.1516928977495299,0.0,0.011656209580386165,1.338870001038472,0.0,0.027412489619028632,0.00013486139538072066,0.0,0.004328568249016758,1.0657918554915178,0.00430203998320684,0.71607191035249,0.25770366721365295,-0.25770366721365295,0.5732413737015267,0.31553770648787377,0.07489764730502772,0.1372891488980824,0.1372891488980824,0.44237110641012023,0.5796602553082026,0.29780521950274397,0.7636455127363043,0.0044138605345841915,1.0664368913675542,0.3049334005016725,-0.3049334005016725,1.0151191085280324e-06,0.8113622064706193,0.5064288059689468,6.377079460173478e-06,0.09991679580894268,0.25479747066306674,True,0.7631836206578546,0.1976584601730258,-0.1976584601730258,0.6768046435483457,0.4791461833753199,0.0,0.0,0.00381734587715043,0.20984000595598035,0.20984000595598035,0.0,0.005828104790193083,0.0,0.0016183367445686478,0.0,0.02597140949410055,0.003744882365251386,0.0029780521950274396,1.0151191085280325e-07,6.377079460173479e-08,0.0009991679580894268,0.25479747066306674
0.0,0.0,0.013263194331757735,6700,0.4742720417692643,0.4742720422435363,0.03165715619936804,0.03165715619936804,0.20509144471803456,0.2367486009174026,0.0,0.016858851103898377,1.5995345542246595,0.0002961758481571278,0.09720976025856048,0.0007170324231569591,0.08115830439816399,0.0020011808337242485,1.0447345597242697,0.004672920697927859,0.71607191035249,0.3469490781525773,-0.3469490781525773,0.5732413737015267,0.22629229554894942,0.08733670140099556,0.09857773197089426,-0.09857773197089426,0.44237110641012023,0.343793374439226,0.3000456378777992,0.7485799403729254,0.0020609513937581425,1.0453977025162964,0.30118277165611673,0.30118277165611673,7.896097113068356e-07,0.8113622064706193,1.112544978126736,1.0502872602714746e-05,0.2086903488060209,0.537486590382863,True,0.7481050824403709,0.9501922861803991,0.9501922861803991,0.6768046435483457,1.6269969297287448,0.0,0.0,0.002652638866351547,0.4742720417692643,0.4742720417692643,0.0,0.008429425551949189,0.0017770550889427668,0.00860438907788351,0.020289576099540997,0.01200708500234549,0.004366835070049778,0.003000456378777992,7.896097113068357e-08,1.0502872602714746e-07,0.0020869034880602088,0.537486590382863
0.0,0.0,0.012296503477804085,6725,0.3869420701806679,0.38694207056761,0.30643796498600573,0.30643796498600573,0.20509144471803456,0.5115294097040403,0.0,0.006637821349250614,3.5085502185715067,0.0,0.037222411072294674,0.0002836734510779558,0.051421800945771826,1.1056366380211718e-05,0.9966748885161228,0.008889394293643698,0.71607191035249,0.2156500984704935,-0.2156500984704935,0.5732413737015267,0.35759127523103323,0.30414794913231424,0.352026040718907,0.352026040718907,0.44237110641012023,0.7943971471290272,0.17997367910430048,0.7153209674307387,1.0997959978406256e-06,0.9989512884105529,0.6956969663375049,0.6956969663375049,5.356400085817163e-05,0.8113622064706193,1.5070591728081242,4.200421804755505e-05,0.3158584957897713,0.42921764704633647,True,0.713690901386844,0.017176617979432263,0.017176617979432263,0.6768046435483457,0.693981261527778,0.0,0.0,0.002459300695560817,0.3869420701806679,0.3869420701806679,0.0,0.003318910674625307,0.0,0.00340408141293547,0.012855450236442956,6.633819828127031e-05,0.015207397456615713,0.0017997367910430049,5.3564000858171635e-06,4.2004218047555046e-07,0.0031585849578977133,0.42921764704633647
0.0,0.0,0.0045357938149279235,6750,0.2904552555130419,0.2904552558034971,0.06564437055786568,-0.06564437055786568,0.20509144471803456,0.13944707416016888,0.0,0.012247845299358994,0.850132922015535,0.0,0.04835245988977052,0.0005499623265749183,0.0,0.009304701420724468,1.096460880260987,0.0034436493046747737,0.71607191035249,0.48804237105315534,-0.48804237105315534,0.5732413737015267,0.0851990026483714,0.09070111184059863,0.20377277017733414,-0.20377277017733414,0.44237110641012023,0.2385983362327861,0.20516750455836424,0.7855815842678394,0.009422737433439863,1.0970707856846738,0.35534338178825897,-0.35534338178825897,5.648336325445137e-07,0.8113622064706193,0.4560188246823603,2.2449986208027918e-06,0.06782471037844949,0.3671791500437003,True,0.7851448481198666,0.10739868688112353,-0.10739868688112353,0.6768046435483457,0.5694059566672222,0.0,0.0,0.0009071587629855848,0.2904552555130419,0.2904552555130419,0.0,0.006123922649679497,0.0,0.00659954791889902,0.0,0.055828208524346806,0.004535055592029932,0.0020516750455836425,5.648336325445137e-08,2.2449986208027918e-08,0.0006782471037844949,0.3671791500437003
0.0,0.0,0.020649807372911073,6775,0.2263599858983181,0.2263599861246781,0.09993762742719645,0.09993762742719645,0.20509144471803456,0.305029072145231,0.0,0.008185988035329805,2.2839587103194128,0.0,0.034956087747138855,0.00021569079442786314,0.0014802820320378549,0.0032434148858866006,1.056950986698095,0.008912677954240205,0.71607191035249,0.33786694512400584,-0.33786694512400584,0.5732413737015267,0.23537442857752086,0.20431658790720797,0.06477251951548885,-0.06477251951548885,0.44237110641012023,0.3775985868946314,0.2026682288641696,0.7575675660607549,0.0033580856291988144,1.05794899161503,0.27466924219897637,0.27466924219897637,1.9833019623267686e-05,0.8113622064706193,1.0860314486695957,1.8939115096454726e-05,0.1948420051106181,0.2711948951752503,True,0.756852922763364,0.22894091533422523,0.22894091533422523,0.6768046435483457,0.9057455588825709,0.0,0.0,0.004129961474582214,0.2263599858983181,0.2263599858983181,0.0,0.0040929940176649025,0.0,0.0025882895331343575,0.0003700705080094637,0.019460489315319605,0.0102158293953604,0.002026682288641696,1.9833019623267686e-06,1.8939115096454725e-07,0.001948420051106181,0.2711948951752503
0.0,0.0,0.03293747266607459,6800,0.3124739483864907,0.3124739486989646,0.13025015814883967,-0.13025015814883967,0.20509144471803456,0.07484128656919489,0.0,0.014561002988797155,1.2070209496151836,0.0,0.06446133489652178,0.0012300741379135702,0.0009030765589170403,0.07131003776367688,0.7329606063449123,0.005806258145278766,0.71607191035249,0.18593741989805623,-0.18593741989805623,0.5732413737015267,0.3873039538034705,0.048740887051160975,0.5095677044980086,-0.5095677044980086,0.44237110641012023,-0.06719659808788836,0.2785059710998935,0.5250274822149552,0.07117959448948682,0.7332049578993515,0.3870961715626432,-0.3870961715626432,2.478989806840006e-06,0.8113622064706193,0.4242660349079761,3.5669601740674167e-06,0.10230996795073535,0.7754343171025043,True,0.5248525089281268,0.1648008609068743,-0.1648008609068743,0.6768046435483457,0.5120037826414714,0.0,0.0,0.006587494533214918,0.3124739483864907,0.3124739483864907,0.0,0.007280501494398578,0.0,0.014760889654962842,0.00022576913972926008,0.42786022658206124,0.002437044352558049,0.002785059710998935,2.478989806840006e-07,3.5669601740674166e-08,0.0010230996795073536,0.7754343171025043
0.0,0.0,0.016713287857945684,6825,0.21348703478716655,0.21348703500065358,0.019217421198201273,0.019217421198201273,0.20509144471803456,0.22430886591623583,0.0,0.009744061222262002,1.8463093222613762,0.0,0.05321584713690985,0.00038457742015114997,0.0,0.002115988853118509,1.045999878838085,0.010447230550065335,0.71607191035249,0.3155823553351342,-0.3155823553351342,0.5732413737015267,0.25765901836639254,0.09933412002745749,0.15710618124575826,0.15710618124575826,0.44237110641012023,0.5994772876558785,0.26533940558224034,0.7494851129356905,0.00217732199577824,1.0466617830325657,0.08460872824144006,-0.08460872824144006,1.5994891085531483e-05,0.8113622064706193,0.7267534782291792,1.1636015164732114e-05,0.19282477873711226,0.24856264882423815,True,0.7490111419280594,0.30996943270298855,-0.30996943270298855,0.6768046435483457,0.36683521084535714,0.0,0.0,0.003342657571589137,0.21348703478716655,0.21348703478716655,0.0,0.004872030611131001,0.0,0.004614929041813799,0.0,0.012695933118711054,0.004966706001372875,0.0026533940558224034,1.5994891085531485e-06,1.1636015164732114e-07,0.0019282477873711226,0.24856264882423815
0.04628675913805036,0.0,0.002809037398266589,6850,0.49289155648502514,0.49289155697791665,0.26159612740090565,0.26159612740090565,0.20509144471803456,0.46668757211894024,0.0,0.00900774243764821,2.064275623011582,0.0016257000096391182,0.12031997035761706,0.001542000045472081,0.06661494499766238,0.3784016215072025,1.6151435779614403,0.010122692868262801,0.71607191035249,0.503884785436994,-0.503884785436994,0.5732413737015267,0.0693565882645327,0.17619384880164488,0.23611929235985807,0.23611929235985807,0.44237110641012023,0.6784903987699783,0.15776296377098945,1.157482707718417,0.37999037570941824,1.6164335939169914,0.7026960578675651,0.7026960578675651,2.698962805438877e-06,0.8113622064706193,1.5140582643381844,1.5066349833959738e-05,0.1047269720157526,3.0098609499895628,True,1.1565589635158402,0.5855287814167649,0.5855287814167649,0.6768046435483457,1.2623334249651106,0.18514703655220144,0.0,0.0005618074796533178,0.49289155648502514,0.49289155648502514,0.0,0.004503871218824105,0.009754200057834709,0.01850400054566497,0.016653736249415595,2.270409729043215,0.008809692440082244,0.0015776296377098945,2.698962805438877e-07,1.5066349833959738e-07,0.001047269720157526,3.0098609499895628
0.0,0.0,0.008224581102201929,6875,0.22350238091241673,0.2235023811359191,0.10496636794088834,0.10496636794088834,0.20509144471803456,0.3100578126589229,0.0,0.007614299694784643,2.4877474147799554,0.0,0.036532661867449925,0.00014870539438506682,0.0,0.0029779305139913397,1.0545704179385804,0.005412135764537215,0.71607191035249,0.32573258666565236,-0.32573258666565236,0.5732413737015267,0.24750878703587437,0.16948891392309148,0.19461407019659915,0.19461407019659915,0.44237110641012023,0.6369851766067194,0.1323607845471198,0.7557843627772323,0.00307567121855694,1.0554587343757225,0.08616015422329315,-0.08616015422329315,2.3815467305423983e-05,0.8113622064706193,0.7252020522473261,1.5542188124109428e-05,0.11765859830551195,0.259583671290111,True,0.7551482643202072,0.29554814659926576,-0.29554814659926576,0.6768046435483457,0.3812564969490799,0.0,0.0,0.001644916220440386,0.22350238091241673,0.22350238091241673,0.0,0.0038071498473923214,0.0,0.0017844647326208018,0.0,0.01786758308394804,0.008474445696154574,0.0013236078454711981,2.3815467305423983e-06,1.554218812410943e-07,0.0011765859830551195,0.259583671290111
0.0,0.0,0.02070306596969974,6900,0.2910864686977844,0.29108646898887086,0.14169979193225277,0.14169979193225277,0.20509144471803456,0.3467912366502873,0.0,0.006043629041251975,3.160503629454608,0.0,0.015686544516311667,2.8042887278414475e-05,0.008873800134772349,0.026986322225867356,0.8357248581620842,0.004113679869686945,0.71607191035249,0.3667888367880544,-0.3667888367880544,0.5732413737015267,0.2064525369134723,0.265398203422969,0.30406857997734427,0.30406857997734427,0.44237110641012023,0.7464396863874645,0.1379160850528144,0.5989512810401738,0.026751835235552735,0.8364401172794724,0.3992772975970217,0.3992772975970217,5.498949318829061e-05,0.8113622064706193,1.210639504067641,3.5577910536884486e-05,0.1748252643547315,0.4791249728422366,True,0.598439104070436,0.13101037596407172,-0.13101037596407172,0.6768046435483457,0.545794267584274,0.0,0.0,0.004140613193939948,0.2910864686977844,0.2910864686977844,0.0,0.0030218145206259875,0.0,0.0003365146473409737,0.0022184500336930872,0.16191793335520413,0.01326991017114845,0.0013791608505281442,5.498949318829062e-06,3.5577910536884485e-07,0.001748252643547315,0.4791249728422366
0.0,0.0,0.040790269387194766,6925,0.21449030780872427,0.21449030802321456,0.09736229494432189,0.09736229494432189,0.20509144471803456,0.30245373966235645,0.0,0.007466845536965856,3.181271300327272,0.0,0.041050204530350076,0.00025962589803723066,0.0008003173001046189,0.008507400063959343,0.9077644316764983,0.0047914607161917075,0.71607191035249,0.26512775208972544,-0.26512775208972544,0.5732413737015267,0.3081136216118013,0.23904641594327608,0.07050388521590134,0.07050388521590134,0.44237110641012023,0.5128749916260216,0.24595333002516268,0.6507723669014641,0.008315859344267412,0.9088086662874842,0.2518958878772434,0.2518958878772434,2.8872330736603836e-05,0.8113622064706193,1.0632580943478627,3.4557808299300174e-05,0.3100586495159355,0.29825744834360657,True,0.6500246198182769,0.2860698928836964,-0.2860698928836964,0.6768046435483457,0.3907347506646493,0.0,0.0,0.008158053877438953,0.21449030780872427,0.21449030780872427,0.0,0.003733422768482928,0.0,0.003115510776446768,0.00020007932502615473,0.05104440038375606,0.011952320797163804,0.002459533300251627,2.887233073660384e-06,3.4557808299300174e-07,0.0031005864951593547,0.29825744834360657
0.0,0.0,0.006480367981858462,6950,0.31561582762782125,0.31561582794343707,0.04354346338697862,-0.04354346338697862,0.20509144471803456,0.16154798133105594,0.0,0.015274245692713084,1.648525623065505,0.00021894587766572713,0.09479681984974228,0.0020011769890382644,0.0,0.00023823329253996767,1.0154348078232276,0.016930935726915636,0.71607191035249,0.39854332693254746,-0.39854332693254746,0.5732413737015267,0.17469804676897924,0.12221702992515085,0.1122330046769342,0.1122330046769342,0.44237110641012023,0.5546041110870544,0.2777334052670798,0.7276715617821445,0.0002624072567771854,1.0161989893751797,0.4106895304818217,-0.4106895304818217,2.7424726961473613e-06,0.8113622064706193,0.4006726759887976,8.539218697822839e-06,0.07198705379865235,0.3609146386866143,True,0.7271243528307403,0.3950592358238417,-0.3950592358238417,0.6768046435483457,0.28174540772450396,0.0,0.0,0.0012960735963716925,0.31561582762782125,0.31561582762782125,0.0,0.007637122846356542,0.0013136752659943629,0.02401412386845917,0.0,0.001429399755239806,0.0061108514962575425,0.002777334052670798,2.742472696147361e-07,8.539218697822839e-08,0.0007198705379865234,0.3609146386866143
0.0,0.0,0.014540881240144313,6975,0.22680460319776063,0.22680460342456524,0.058251091216988266,0.058251091216988266,0.20509144471803456,0.2633425359350228,0.0,0.024337681286834098,1.8408590009397154,0.0007863508351627716,0.10804194777762008,0.0011423432425597365,0.0,0.025508422056967378,1.1597135625329527,0.007648247934014427,0.71607191035249,0.39230307956108945,-0.39230307956108945,0.5732413737015267,0.1809382941404373,0.08776275910187217,0.18657553363984547,0.18657553363984547,0.44237110641012023,0.6289466400499657,0.508280904849994,0.831122432812084,0.025814506509412024,1.1606689344876975,0.06196449361526646,-0.06196449361526646,5.761388643789967e-06,0.8113622064706193,0.7493977128553528,8.962693827618893e-06,0.25607729278710456,0.42539076204997156,True,0.830438317781799,0.24750094260385697,-0.24750094260385697,0.6768046435483457,0.4293037009444887,0.0,0.0,0.002908176248028863,0.22680460319776063,0.22680460319776063,0.0,0.012168840643417049,0.0047181050109766295,0.013708118910716837,0.0,0.15305053234180427,0.004388137955093609,0.00508280904849994,5.761388643789967e-07,8.962693827618894e-08,0.002560772927871046,0.42539076204997156
0.0,0.0,0.019467409594443943,7000,0.34910442077022835,0.34910442111933276,0.0932376188429326,-0.0932376188429326,0.20509144471803456,0.11185382587510195,0.0,0.012432906249382949,1.0287299238833754,0.0,0.03418779310410383,0.00026495449467192264,0.0,5.48199608446657e-05,1.0074040502999821,0.0066090497357073705,0.71607191035249,0.2756601931224722,-0.2756601931224722,0.5732413737015267,0.2975811805790545,0.0550658741986086,0.12387304416313571,0.12387304416313571,0.44237110641012023,0.5662441505732559,0.26174297311711164,0.7217236632787272,6.229475915281331e-05,1.007892702905394,0.4619668887963764,-0.4619668887963764,7.173301002198043e-07,0.8113622064706193,0.3493953176742429,5.134674429033284e-06,0.04132409862177507,0.3685068170220133,True,0.7213737528691846,0.5439942565607268,-0.5439942565607268,0.6768046435483457,0.13281038698761896,0.0,0.0,0.0038934819188887887,0.34910442077022835,0.34910442077022835,0.0,0.006216453124691474,0.0,0.0031794539360630717,0.0,0.0003289197650679942,0.0027532937099304304,0.0026174297311711164,7.173301002198043e-08,5.134674429033284e-08,0.00041324098621775074,0.3685068170220133
0.0,0.0,0.023546072576722088,7025,0.7463253247752276,0.746325325521553,0.4559573239271896,0.4559573239271896,0.20509144471803456,0.6610487686452241,0.0,0.01172138509382056,4.450307601339584,0.0,0.028239047123835778,4.40006241865176e-05,0.2859913428134321,0.001203785970244287,1.0346956188912129,0.004375794179543765,0.71607191035249,0.477576887491035,-0.477576887491035,0.5732413737015267,0.09566448621049174,0.3463798649282332,0.47030425357981775,0.47030425357981775,0.44237110641012023,0.912675359989938,0.22209277488067453,0.7417303247816094,0.0012839437710842033,1.0358321611277383,1.371959258347446,1.371959258347446,0.0001246120508216748,0.8113622064706193,2.183321464818065,4.1437760378832384e-05,0.39913028779523874,0.8596878903084009,True,0.7409164787997389,0.4955526161420678,0.4955526161420678,0.6768046435483457,1.1723572596904135,0.0,0.0,0.004709214515344418,0.7463253247752276,0.7463253247752276,0.0,0.00586069254691028,0.0,0.0005280074902382112,0.07149783570335802,0.007222715821465722,0.01731899324641166,0.0022209277488067455,1.246120508216748e-05,4.1437760378832385e-07,0.003991302877952387,0.8596878903084009
0.0,0.0,0.03650302866851238,7050,0.6352537071262857,0.6352537077615393,0.46562000123527925,0.46562000123527925,0.20509144471803456,0.6707114459533138,0.0,0.004799142062318527,3.056666904049331,0.0,0.040559746940557986,0.0005459521072499338,0.2035749363655645,0.0461776039839386,1.214889748438446,0.011445382630597854,0.71607191035249,0.4084799100270154,-0.4084799100270154,0.5732413737015267,0.16476146367451133,0.4633269751685281,0.22576047521238896,0.22576047521238896,0.44237110641012023,0.6681315816225092,0.15920625898172064,0.871275818539017,0.04697772294912782,1.216743449610658,1.1950779041474786,1.1950779041474786,3.4538893072696694e-05,0.8113622064706193,2.006440110618098,4.7938818278150175e-05,0.3545610931047297,1.0077726227299502,True,0.8699484351808715,0.39357280715039544,0.39357280715039544,0.6768046435483457,1.0703774506987411,0.0,0.0,0.0073006057337024755,0.6352537071262857,0.6352537071262857,0.0,0.0023995710311592636,0.0,0.006551425286999205,0.05089373409139113,0.2770656239036316,0.02316634875842641,0.0015920625898172064,3.4538893072696694e-06,4.793881827815017e-07,0.0035456109310472972,1.0077726227299502
0.0,0.0,0.01831575246857648,7075,0.16069366773563648,0.16069366789633016,0.010876527466509134,0.010876527466509134,0.20509144471803456,0.2159679721845437,0.0,0.009732987392572608,1.6078059195761032,0.0,0.024619290655909246,0.00014134463087169978,0.0,0.01302333936830145,1.1141198465136606,0.0037576205826805194,0.71607191035249,0.3454823039476741,-0.3454823039476741,0.5732413737015267,0.2277590697538526,0.09086398145234845,0.008350907558913323,0.008350907558913323,0.44237110641012023,0.45072201396903355,0.19966169447456888,0.798226942197861,0.013163001875509405,1.1147301262768825,0.052384889625038844,0.052384889625038844,3.83214944279985e-06,0.8113622064706193,0.8637470960956581,6.709640473147101e-06,0.18156497502377608,0.257415399784857,True,0.7977899379958584,0.0825956354844033,0.0825956354844033,0.6768046435483457,0.759400279032749,0.0,0.0,0.0036631504937152965,0.16069366773563648,0.16069366773563648,0.0,0.004866493696286304,0.0,0.0016961355704603973,0.0,0.0781400362098087,0.004543199072617423,0.001996616944745689,3.8321494427998504e-07,6.7096404731471e-08,0.001815649750237761,0.257415399784857
0.0,0.0,0.020952769193020106,7100,0.43467883506572963,0.4346788355004085,0.24897115144794793,0.24897115144794793,0.20509144471803456,0.4540625961659825,0.0,0.009807355415744656,2.5679102228042936,0.0,0.054136853064574345,0.00038634417528638073,0.08615759848467229,0.008382155621621914,1.0915541130786701,0.00680519038087338,0.71607191035249,0.38042622546428545,-0.38042622546428545,0.5732413737015267,0.19281514823724127,0.3275122652992528,0.046963394371496936,0.046963394371496936,0.44237110641012023,0.48933450078161717,0.29336085801217876,0.7826432079724599,0.008642922654856425,1.0929673203596642,0.8449822095362219,0.8449822095362219,3.259839329911764e-05,0.8113622064706193,1.6563444160068412,3.32626484751288e-05,0.11839560113928513,0.5407383003888341,True,0.7816312499209024,0.14770649289055315,-0.14770649289055315,0.6768046435483457,0.5290981506577925,0.0,0.0,0.004190553838604022,0.43467883506572963,0.43467883506572963,0.0,0.004903677707872328,0.0,0.004636130103436569,0.021539399621168073,0.05029293372973148,0.016375613264962643,0.0029336085801217877,3.2598393299117644e-06,3.3262648475128803e-07,0.0011839560113928514,0.5407383003888341
0.0,0.0,0.02396962624758365,7125,0.2631821190305365,0.26318211929371865,0.06776315418454346,0.06776315418454346,0.20509144471803456,0.272854598902578,0.0,0.0024991596798748326,2.2515823773744454,0.0,0.03481037594006324,0.00016689995690525913,0.0,0.008830735173892287,1.093971991433045,0.0063825900994362375,0.71607191035249,0.46618776067855183,-0.46618776067855183,0.5732413737015267,0.10705361302297488,0.17148370586693143,0.23154312692711454,0.23154312692711454,0.44237110641012023,0.6739142333372348,0.14541888473606449,0.7842714341429929,0.009070876816499242,1.0952411508566504,0.06258704159699768,0.06258704159699768,5.553891955282283e-06,0.8113622064706193,0.873949248067617,1.9007214048287944e-05,0.11395291458238883,0.33538148339407453,True,0.7833626247172983,0.25859603420217914,-0.25859603420217914,0.6768046435483457,0.41820860934616655,0.0,0.0,0.00479392524951673,0.2631821190305365,0.2631821190305365,0.0,0.0012495798399374163,0.0,0.0020027994828631097,0.0,0.05298441104335372,0.008574185293346573,0.001454188847360645,5.553891955282284e-07,1.9007214048287944e-07,0.0011395291458238884,0.33538148339407453
0.0,0.0,0.007409753828314481,7150,0.2120048478678056,0.21200484807981043,0.11700587469180199,0.11700587469180199,0.20509144471803456,0.32209731940983655,0.0,0.0013971074370280581,2.161548281286077,0.0,0.018443746513847854,8.092419641096994e-05,0.0006727676670088727,0.002870736149057559,1.0535792511057924,0.006116637878763742,0.71607191035249,0.3175860079166953,-0.3175860079166953,0.5732413737015267,0.25565536578483145,0.209915334146422,0.04742291178939939,0.04742291178939939,0.44237110641012023,0.4897940181995196,0.038058467877449306,0.7551809486707222,0.0029829142161540948,1.0546160618880023,0.2466363998492257,0.2466363998492257,1.0552448693864712e-05,0.8113622064706193,1.057998606319845,2.1761471088516822e-05,0.0928485802824059,0.24435516156851164,True,0.7544385175828631,0.21702669102368105,-0.21702669102368105,0.6768046435483457,0.45977795252466463,0.0,0.0,0.0014819507656628963,0.2120048478678056,0.2120048478678056,0.0,0.0006985537185140291,0.0,0.0009710903569316393,0.00016819191675221818,0.017224416894345354,0.010495766707321101,0.00038058467877449305,1.0552448693864712e-06,2.1761471088516824e-07,0.000928485802824059,0.24435516156851164
0.0,0.0,0.03985807987300556,7175,0.31359828616594854,0.3135982864795468,0.06373194964611026,-0.06373194964611026,0.20509144471803456,0.1413594950719243,0.0,0.009535823105426972,2.002439123655353,0.0,0.039272293835538805,0.00016018859348442915,0.0,0.07353463293124736,0.7288273005421686,0.0026850580839482105,0.71607191035249,0.14967481535563287,-0.14967481535563287,0.5732413737015267,0.42356655834589385,0.11348429742897288,0.3847421438788,-0.3847421438788,0.44237110641012023,0.0576289625313202,0.2250507039187286,0.5222094306448963,0.07329498901726564,0.7292695269880658,0.3956057808274282,-0.3956057808274282,1.1452540142036912e-05,0.8113622064706193,0.4157564256431911,1.0345215211969692e-05,0.15593683697637023,0.7789532133891263,True,0.521892764704552,0.4009048061031049,-0.4009048061031049,0.6768046435483457,0.27589983744524077,0.0,0.0,0.007971615974601113,0.31359828616594854,0.31359828616594854,0.0,0.004767911552713486,0.0,0.0019222631218131499,0.0,0.4412077975874842,0.0056742148714486445,0.0022505070391872863,1.1452540142036912e-06,1.0345215211969691e-07,0.0015593683697637023,0.7789532133891263
0.0,0.0,0.023597115912812768,7200,0.17199758286122818,0.17199758303322576,0.03578926543701477,-0.03578926543701477,0.20509144471803456,0.1693021792810198,0.0,0.00837138059769984,0.9372658062213387,0.0,0.03725756982787146,0.00021160268746295597,0.0,0.03362227379677874,1.1833637744942516,0.0022318304370280095,0.71607191035249,0.3069989881504015,-0.3069989881504015,0.5732413737015267,0.2662423855511252,0.07138596520227165,0.1270470584955865,0.1270470584955865,0.44237110641012023,0.5694181649057067,0.16890231590349383,0.8478989461516633,0.03389187687888399,1.184097465704675,0.14782366116367485,-0.14782366116367485,2.456575586728279e-07,0.8113622064706193,0.6635385453069444,4.331328627725749e-06,0.07132200290651065,0.3911471807001244,True,0.8473735704776696,0.11997417525555898,0.11997417525555898,0.6768046435483457,0.7967788188039047,0.0,0.0,0.004719423182562554,0.17199758286122818,0.17199758286122818,0.0,0.00418569029884992,0.0,0.0025392322495554715,0.0,0.20173364278067246,0.003569298260113583,0.0016890231590349384,2.456575586728279e-08,4.331328627725749e-08,0.0007132200290651065,0.3911471807001244
0.0,0.0,0.005689912904858146,7225,0.22914505335868454,0.2291450535878296,0.044369826063925505,0.044369826063925505,0.20509144471803456,0.24946127078196006,0.0,0.010623174342574097,1.8584014048854773,0.0,0.047286309170555825,0.0007062140521732106,0.0,0.002661767727335013,1.0515923223681103,0.005210551058683462,0.71607191035249,0.35961807461283646,-0.35961807461283646,0.5732413737015267,0.2136232990886903,0.15103594163263787,0.22194683637807525,-0.22194683637807525,0.44237110641012023,0.22042427003204498,0.20408147528509185,0.7535044023971174,0.002732649695790906,1.0522747519916729,0.04194170286228116,-0.04194170286228116,1.2410218777329933e-05,0.8113622064706193,0.7694205036083381,1.2164979455022334e-05,0.11251968240951796,0.2707589694312821,True,0.7530157337060674,0.28323829587193167,-0.28323829587193167,0.6768046435483457,0.393566347676414,0.0,0.0,0.0011379825809716292,0.22914505335868454,0.22914505335868454,0.0,0.005311587171287048,0.0,0.008474568626078528,0.0,0.015970606364010077,0.007551797081631894,0.0020408147528509185,1.2410218777329934e-06,1.2164979455022334e-07,0.0011251968240951796,0.2707589694312821
0.0,0.0,0.007495863558061931,7250,0.94800146652625,0.9480014674742514,0.4678027087217266,0.4678027087217266,0.20509144471803456,0.6728941534397611,0.0,0.0074850047432344705,2.7256435003753894,4.308993383628396e-06,0.08207581150002316,0.00027974020902468325,0.540916320088609,0.014733110852139016,1.1213800265782596,0.00667719005808195,0.71607191035249,0.4108126843355136,-0.4108126843355136,0.5732413737015267,0.16242868936601312,0.37316300991807005,0.3732526843012345,0.3732526843012345,0.44237110641012023,0.8156237907113547,0.15709921926919607,0.8044929562730652,0.015247474286587714,1.1234806636141372,1.5283227492729035,1.5283227492729035,3.8492509491223574e-05,0.8113622064706193,2.3396849557435226,3.8641884658838486e-05,0.16301510748782516,1.2021171526463335,True,0.8029887490768207,1.2770432582669913,1.2770432582669913,0.6768046435483457,1.953847901815337,0.0,0.0,0.0014991727116123862,0.94800146652625,0.94800146652625,0.0,0.0037425023716172352,2.5853960301770376e-05,0.003356882508296199,0.13522908002215225,0.08839866511283409,0.018658150495903504,0.0015709921926919607,3.849250949122358e-06,3.8641884658838486e-07,0.0016301510748782516,1.2021171526463335
0.0,0.0,0.025764340602162022,7275,0.19746109294668887,0.19746109314414995,0.11618047772697185,0.11618047772697185,0.20509144471803456,0.3212719224450064,0.0,0.003606790192019098,3.024544339416038,0.0,0.02276922639889302,0.00013905702683949367,0.0,0.0164741399723606,1.128351626294179,0.0025177624292091532,0.71607191035249,0.32428769727087536,-0.32428769727087536,0.5732413737015267,0.24895367643065133,0.20182266209770824,0.2012430699962554,0.2012430699962554,0.44237110641012023,0.6436141764063756,0.12012314150818817,0.8087063647006806,0.01673523109572153,1.1293647212176547,0.1869084905829672,0.1869084905829672,1.6304479937400015e-05,0.8113622064706193,0.9982706970535865,1.7258082112303454e-05,0.18255864122947377,0.3180506342804452,True,0.807980915873328,0.029333350452652174,0.029333350452652174,0.6768046435483457,0.7061379940009979,0.0,0.0,0.005152868120432405,0.19746109294668887,0.19746109294668887,0.0,0.001803395096009549,0.0,0.001668684322073924,0.0,0.0988448398341636,0.010091133104885413,0.0012012314150818817,1.6304479937400015e-06,1.7258082112303454e-07,0.0018255864122947378,0.3180506342804452
0.0,0.0,0.015461971829150907,7300,0.2063383969831675,0.2063383971895059,0.006675659732430478,-0.006675659732430478,0.20509144471803456,0.19841578498560408,0.0,0.01796062563258888,2.1513747911549626,0.0,0.05397487997852641,0.000259474225298911,0.0,0.01926402992347991,0.8612050796193178,0.0022815135168311644,0.71607191035249,0.25367435841468133,-0.25367435841468133,0.5732413737015267,0.3195670152868454,0.09542686927850239,0.23483278906781457,-0.23483278906781457,0.44237110641012023,0.20753831734230566,0.32269525936671145,0.617111310269516,0.01909903568976695,0.8618007391851644,0.1645234645217013,0.1645234645217013,1.0699914821461669e-05,0.8113622064706193,0.9758856709923206,1.1496864948693269e-05,0.08100482409282457,0.3459185036684106,True,0.6166847751803239,0.25742575050704597,-0.25742575050704597,0.6768046435483457,0.4193788930412997,0.0,0.0,0.0030923943658301817,0.2063383969831675,0.2063383969831675,0.0,0.00898031281629444,0.0,0.0031136907035869315,0.0,0.11558417954087946,0.00477134346392512,0.0032269525936671145,1.069991482146167e-06,1.1496864948693269e-07,0.0008100482409282457,0.3459185036684106
0.0,0.0,0.037645354088053876,7325,0.28117496409063536,0.28117496437181033,0.08588621679780241,-0.08588621679780241,0.20509144471803456,0.11920522792023215,0.0,0.012960108997641601,1.5184910715683277,0.0,0.0334318874882507,0.0002490934497862447,0.0,0.03183137084730934,0.8215865171930402,0.0090145691578016,0.71607191035249,0.17187352837373032,-0.17187352837373032,0.5732413737015267,0.4013678453277964,0.09757867001824028,0.0008053975970100935,-0.0008053975970100935,0.44237110641012023,0.44156570881311014,0.27070365178280154,0.5886798944703833,0.031649816800648684,0.8220960461354254,0.4022367316331242,-0.4022367316331242,6.698706335586858e-06,0.8113622064706193,0.4091254748374951,6.274634384121637e-06,0.040639567730383505,0.4971545342013792,True,0.5883150351021343,0.4433788605874013,-0.4433788605874013,0.6768046435483457,0.2334257829609444,0.0,0.0,0.007529070817610776,0.28117496409063536,0.28117496409063536,0.0,0.0064800544988208005,0.0,0.0029891213974349365,0.0,0.19098822508385604,0.004878933500912014,0.0027070365178280156,6.698706335586858e-07,6.274634384121637e-08,0.0004063956773038351,0.4971545342013792
0.0,0.0,0.053323649934126346,7350,0.2660366125426143,0.2660366128086509,0.05401886652223137,-0.05401886652223137,0.20509144471803456,0.1510725781958032,0.0,0.006889690869872668,0.7149410056884864,0.0,0.06428807182704685,0.0006142693416931011,0.0,0.13941052259401657,1.3733771854224848,0.005800817175940096,0.71607191035249,0.43842279177858623,-0.43842279177858623,0.5732413737015267,0.1348185819229405,0.08223928587115903,0.12477393594827946,0.12477393594827946,0.44237110641012023,0.5671450423583997,0.30908853010710435,0.9838724463653977,0.13986516553723932,1.3739855151436207,0.3698467873326139,-0.3698467873326139,8.201994087229008e-08,0.8113622064706193,0.4415154191380054,1.883170031980127e-06,0.04223783941895358,1.1316058106513054,True,0.9834368385337764,0.07993518180340176,-0.07993518180340176,0.6768046435483457,0.5968694617449439,0.0,0.0,0.01066472998682527,0.2660366125426143,0.2660366125426143,0.0,0.003444845434936334,0.0,0.007371232100317213,0.0,0.8364631355640995,0.0041119642935579515,0.0030908853010710438,8.201994087229007e-09,1.8831700319801273e-08,0.0004223783941895358,1.1316058106513054
0.0,0.0,0.006230988229658805,7375,0.20880974066035063,0.20880974086916038,0.060192635337200706,-0.060192635337200706,0.20509144471803456,0.14489880938083385,0.0,0.012584339868348953,1.3804060467481336,0.0,0.02012805599467394,4.100919519619012e-05,0.0,0.029496975096250478,0.8282531656878344,0.0018650900668812013,0.71607191035249,0.17651939707678405,-0.17651939707678405,0.5732413737015267,0.3967219766247427,0.09139672622219522,0.06645456404043909,-0.06645456404043909,0.44237110641012023,0.37591654236968114,0.22178582797337185,0.5935082983403202,0.02929610515619631,0.8288389496521001,0.13922398291642601,-0.13922398291642601,4.750567332517019e-06,0.8113622064706193,0.6721382235541933,8.220201330485923e-06,0.033073433693328935,0.4009410553468373,True,0.5930888348921166,0.3992815573190463,-0.3992815573190463,0.6768046435483457,0.2775230862292994,0.0,0.0,0.001246197645931761,0.20880974066035063,0.20880974066035063,0.0,0.006292169934174477,0.0,0.0004921103423542815,0.0,0.17698185057750287,0.004569836311109761,0.0022178582797337185,4.7505673325170196e-07,8.220201330485923e-08,0.0003307343369332894,0.4009410553468373
0.0,0.0,0.0428521710428309,7400,0.19888237551849836,0.19888237571738074,0.051619625605431846,0.051619625605431846,0.20509144471803456,0.2567110703234664,0.0,0.006505017404988646,1.3979984826301202,0.0,0.04978692837574691,0.0003973877012510521,0.0,0.009134357439806253,1.0955738324009572,0.004368477256578095,0.71607191035249,0.28853821313787964,-0.28853821313787964,0.5732413737015267,0.2847031605636471,0.09690178011828214,0.177434672445834,0.177434672445834,0.44237110641012023,0.6198057788559542,0.16965144966336512,0.7848786377272036,0.009233118094399553,1.0960891153794203,0.11261822023285573,0.11261822023285573,1.0993810015034242e-05,0.8113622064706193,0.923980426703475,7.150861402483851e-06,0.1785042741796042,0.2786079326173684,True,0.7845096580552904,0.26016568596209066,0.26016568596209066,0.6768046435483457,0.9369703295104364,0.0,0.0,0.00857043420856618,0.19888237551849836,0.19888237551849836,0.0,0.003252508702494323,0.0,0.004768652415012625,0.0,0.05480614463883752,0.004845089005914107,0.0016965144966336512,1.0993810015034243e-06,7.150861402483851e-08,0.001785042741796042,0.2786079326173684
0.0,0.0,0.00901242068404263,7425,0.22635061327035433,0.22635061349670493,0.06991002281698913,0.06991002281698913,0.20509144471803456,0.2750014675350237,0.0,0.007489773894723832,2.273400606441431,0.0,0.04240555466343576,0.00041815353067839006,0.0,0.010236338477193699,1.1011747917081804,0.007565092108867362,0.71607191035249,0.360155236731725,-0.360155236731725,0.5732413737015267,0.2130861369698017,0.17143989063326143,0.07327641270199464,-0.07327641270199464,0.44237110641012023,0.3690946937081256,0.14780120194776675,0.7892602045086565,0.01044647678291511,1.1022080074305096,0.12694176531008494,0.12694176531008494,1.4239750645195948e-05,0.8113622064706193,0.9383039717807042,1.4789090402591046e-05,0.08851931460135748,0.30927062914895054,True,0.78852034774223,0.3163702749589521,-0.3163702749589521,0.6768046435483457,0.3604343685893936,0.0,0.0,0.0018024841368085261,0.22635061327035433,0.22635061327035433,0.0,0.003744886947361916,0.0,0.005017842368140681,0.0,0.06141803086316219,0.008571994531663072,0.0014780120194776674,1.423975064519595e-06,1.4789090402591045e-07,0.0008851931460135748,0.30927062914895054
0.0,0.0,0.007684215990714011,7450,0.2806537098219592,0.2806537101026129,0.12098012823446849,0.12098012823446849,0.20509144471803456,0.32607157295250305,3.1946425421762617e-07,0.014090041382881946,1.9066918896609675,0.0,0.0596886427083694,0.001040899937177104,0.012191953430533588,2.5779183071051968e-06,1.001605589706963,0.007814651672246996,0.71607191035249,0.3336907871010898,-0.3336907871010898,0.5732413737015267,0.23955058660043693,0.2128975768759203,0.2734420993523371,-0.2734420993523371,0.44237110641012023,0.16892900705778313,0.2634285567458199,0.7177656389082093,5.594602090464416e-06,1.0023652911217151,0.435538111780832,0.435538111780832,2.5809784426762778e-06,0.8113622064706193,1.2469003182514513,1.6456950329094508e-05,0.24106048843453745,0.32048161810936243,True,0.7172216380572531,0.058161530552490404,-0.058161530552490404,0.6768046435483457,0.6186431129958553,0.0,0.0,0.0015368431981428023,0.2806537098219592,0.2806537098219592,1.597321271088131e-06,0.007045020691440973,0.0,0.012490799246125249,0.003047988357633397,1.546750984263118e-05,0.010644878843796016,0.002634285567458199,2.5809784426762776e-07,1.645695032909451e-07,0.0024106048843453745,0.32048161810936243
0.0,0.0,0.008787900940806875,7475,0.24690247259958337,0.24690247284648584,0.21940473759586418,0.21940473759586418,0.20509144471803456,0.42449618231389874,0.0,0.015868498116078093,2.486999011359556,0.0,0.04262434877367307,0.0003203217032054074,0.00022316072183604525,0.007486545638525074,1.086524826717683,0.004251685118532168,0.71607191035249,0.38316370369173547,-0.38316370369173547,0.5732413737015267,0.19007767000979128,0.304516408766746,0.16384334476239582,-0.16384334476239582,0.44237110641012023,0.2785277616477244,0.2875483425549507,0.7786792562935705,0.0076442901069782646,1.0874316310437948,0.22204144017432392,0.22204144017432392,3.242713914593905e-05,0.8113622064706193,1.0334036466449432,1.8061581365749214e-05,0.18131117609840097,0.32533106525045724,True,0.7780299191783877,0.18358717276719833,-0.18358717276719833,0.6768046435483457,0.49321747078114736,0.0,0.0,0.001757580188161375,0.24690247259958337,0.24690247259958337,0.0,0.007934249058039047,0.0,0.0038438604384648887,5.579018045901131e-05,0.04491927383115044,0.015225820438337302,0.002875483425549507,3.242713914593905e-06,1.8061581365749214e-07,0.0018131117609840098,0.32533106525045724
0.0017913135667782304,0.0,0.014066400995278922,7500,0.155295894537796,0.15529589469309188,0.07846855571592451,0.07846855571592451,0.20509144471803456,0.28356000043395907,0.0,0.009793935338647789,1.1837451339963077,0.0012202339256015282,0.11493184686788731,0.002331172774680549,0.0,0.19565044354287275,1.4423239124701182,0.009937347374636212,0.71607191035249,0.29651926282876667,-0.29651926282876667,0.5732413737015267,0.27672211087276005,0.12412941332721696,0.020990472912638114,0.020990472912638114,0.44237110641012023,0.46336157932275834,0.24933286614406844,1.0333320300559463,0.19629880346813366,1.443056208023467,0.009523195567838094,0.009523195567838094,6.092517931829968e-06,0.8113622064706193,0.8208854020384574,5.280545786271418e-06,0.029633743024296458,1.3883663335955965,True,1.0328076537727942,0.161157673944065,-0.161157673944065,0.6768046435483457,0.5156469696042807,0.007165254267112921,0.0,0.0028132801990557845,0.155295894537796,0.155295894537796,0.0,0.004896967669323894,0.0073214035536091696,0.02797407329616659,0.0,1.1739026612572365,0.006206470666360848,0.0024933286614406843,6.092517931829969e-07,5.280545786271418e-08,0.0002963374302429646,1.3883663335955965
0.0,0.0,0.03378806979690105,7525,0.20301968856739164,0.20301968877041132,0.054148288774178405,-0.054148288774178405,0.20509144471803456,0.15094315594385616,0.0,0.02069848800047845,1.0389230706830235,0.0,0.0579589679386851,0.00039262853546403353,0.0,0.0078082528470467755,1.0883643188569163,0.0037464096843288926,0.71607191035249,0.24993179481778083,-0.24993179481778083,0.5732413737015267,0.3233095788837459,0.05836922130109664,0.11395135972214832,0.11395135972214832,0.44237110641012023,0.5563224661322685,0.36396132255885105,0.7797112915797666,0.00789838814875714,1.0888728763389435,0.29948797793465487,-0.29948797793465487,1.7963956184839362e-06,0.8113622064706193,0.5118742285359644,3.579851464354554e-06,0.023239387910374516,0.27847828964268373,True,0.7793471278470019,0.19495914852668372,-0.19495914852668372,0.6768046435483457,0.48184549502166196,0.0,0.0,0.00675761395938021,0.20301968856739164,0.20301968856739164,0.0,0.010349244000239226,0.0,0.0047115424255684026,0.0,0.046849517082280655,0.002918461065054832,0.0036396132255885104,1.7963956184839363e-07,3.579851464354554e-08,0.00023239387910374516,0.27847828964268373
0.0,0.0,0.022194615306303907,7550,0.2455474992144342,0.24554749945998167,0.0037318430080726384,0.0037318430080726384,0.20509144471803456,0.2088232877261072,0.0,0.01878430014274478,1.5094655352258806,0.0,0.03816462628384266,0.00023259419021064344,0.0,0.020240967117927673,1.1422707528549971,0.003910488604382435,0.71607191035249,0.3557944502572847,-0.3557944502572847,0.5732413737015267,0.21744692344424205,0.07515342361100795,0.16266660590545945,0.16266660590545945,0.44237110641012023,0.6050377123155797,0.384550617004236,0.8184643863893128,0.02044667612062751,1.142991874316786,0.010620016818641331,-0.010620016818641331,4.206060155717563e-06,0.8113622064706193,0.800742189651978,6.790504953859382e-06,0.14975199604040323,0.392716691159223,True,0.8179480115593623,0.3850857638696839,-0.3850857638696839,0.6768046435483457,0.2917188796786618,0.0,0.0,0.004438923061260781,0.2455474992144342,0.2455474992144342,0.0,0.00939215007137239,0.0,0.002791130282527721,0.0,0.12144580270756604,0.0037576711805503977,0.00384550617004236,4.206060155717563e-07,6.790504953859382e-08,0.0014975199604040325,0.392716691159223
0.0,0.0,0.02112103172168208,7575,0.1930047388569709,0.19300473904997564,0.07697552980648717,0.07697552980648717,0.20509144471803456,0.28206697452452173,0.0,0.006857120236084205,1.743500033878019,0.0,0.028575944432345273,0.0001660862287037694,0.0,0.003310920114384391,1.0575405953600099,0.0059896184288673006,0.71607191035249,0.3722257625237952,-0.3722257625237952,0.5732413737015267,0.20101561117773153,0.11857798196707911,0.11625155994382341,0.11625155994382341,0.44237110641012023,0.5586226663539436,0.15635489765345303,0.7579658151819704,0.003422852530518841,1.058505149606841,0.13414980530729614,0.13414980530729614,1.941196567067962e-05,0.8113622064706193,0.9455120117779154,1.1436459316916895e-05,0.18355092072098927,0.2318460735933596,True,0.7572751249701579,0.10132275435447835,0.10132275435447835,0.6768046435483457,0.778127397902824,0.0,0.0,0.0042242063443364165,0.1930047388569709,0.1930047388569709,0.0,0.0034285601180421023,0.0,0.0019930347444452328,0.0,0.019865520686306346,0.005928899098353956,0.0015635489765345304,1.941196567067962e-06,1.1436459316916896e-07,0.0018355092072098928,0.2318460735933596
0.0,0.0,0.011502834079030702,7600,0.16712927961772936,0.16712927978485864,0.006455799669360274,-0.006455799669360274,0.20509144471803456,0.1986356450486743,0.0,0.008117575962419594,1.7709246747528749,0.0,0.03763698582461653,0.0003567744364604038,0.0,0.002325375799084584,1.0482221505024878,0.0074742470341851676,0.71607191035249,0.35197080465354746,-0.35197080465354746,0.5732413737015267,0.22127056904797926,0.10996456922978587,0.08580594696213295,-0.08580594696213295,0.44237110641012023,0.3565651594479873,0.1576903455514435,0.7510867053308554,0.0023910554056700392,1.0488984192553301,0.06658822959596433,-0.06658822959596433,5.285105039553532e-06,0.8113622064706193,0.744773976874655,1.1746332742680101e-05,0.16371665027363266,0.20043512684034906,True,0.7506024482663333,0.06276307253790214,0.06276307253790214,0.6768046435483457,0.7395677160862478,0.0,0.0,0.0023005668158061405,0.16712927961772936,0.16712927961772936,0.0,0.004058787981209797,0.0,0.0042812932375248455,0.0,0.013952254794507502,0.005498228461489294,0.0015769034555144351,5.285105039553533e-07,1.1746332742680102e-07,0.0016371665027363268,0.20043512684034906
0.0,0.0,0.04151178601292632,7625,0.26050073681539815,0.26050073707589894,0.06111263146737128,-0.06111263146737128,0.20509144471803456,0.14397881325066328,0.0,0.010795971181403487,1.422786488922775,0.0,0.048251516180549944,0.0005285487931210081,0.0,0.0003085816099060649,0.9824335088903314,0.008669676632356498,0.71607191035249,0.28510841368789464,-0.28510841368789464,0.5732413737015267,0.2881329600136321,0.06180422653956788,0.02036160941511106,0.02036160941511106,0.44237110641012023,0.4627327158252313,0.23692448131245863,0.7039065647569156,0.00028862658320195266,0.9830109863970284,0.2630540686126256,-0.2630540686126256,1.5194854084259003e-06,0.8113622064706193,0.5483081378579937,6.113633875584932e-06,0.041283275177303055,0.28826765676232924,True,0.7034930493297347,0.4297319753675646,-0.4297319753675646,0.6768046435483457,0.2470726681807811,0.0,0.0,0.008302357202585264,0.26050073681539815,0.26050073681539815,0.0,0.005397985590701744,0.0,0.006342585517452097,0.0,0.0018514896594363892,0.0030902113269783943,0.0023692448131245863,1.5194854084259003e-07,6.113633875584932e-08,0.00041283275177303057,0.28826765676232924
0.0,0.0,0.020059839704084977,7650,0.18095688735242274,0.18095688753337963,0.05835390726344783,0.05835390726344783,0.20509144471803456,0.2634453519814824,0.0,0.0045127180849332035,2.866149098108898,0.0,0.03534728252766899,0.00010465611999023068,0.0,0.0038142626670014538,1.0617597171868642,0.0044827350168482145,0.71607191035249,0.32939902013125444,-0.32939902013125444,0.5732413737015267,0.2438423535702723,0.16095122951998486,0.1145475597034119,0.1145475597034119,0.44237110641012023,0.5569186661135321,0.18199200190333792,0.7608515228102237,0.003910634070522631,1.0625350627290213,0.009205706821261317,0.009205706821261317,9.46625978517353e-06,0.8113622064706193,0.8205679132918806,1.8233732941540698e-05,0.27392033506519897,0.22397447758659036,True,0.7602963196389145,0.19649985827072153,-0.19649985827072153,0.6768046435483457,0.48030478527762416,0.0,0.0,0.0040119679408169955,0.18095688735242274,0.18095688735242274,0.0,0.0022563590424666017,0.0,0.001255873439882768,0.0,0.022885576002008724,0.008047561475999243,0.0018199200190333793,9.466259785173531e-07,1.8233732941540698e-07,0.0027392033506519896,0.22397447758659036
0.0,0.0,0.022414300611862753,7675,0.3276111572481783,0.32761115757578946,0.1538565744385734,0.1538565744385734,0.20509144471803456,0.35894801915660796,0.0,0.01038998703324041,1.7988906736033905,0.0,0.03028031946848181,0.0005582008116480333,0.02719217593032696,0.0005019959908678137,1.0224052670340662,0.008146980383544448,0.71607191035249,0.325262086090255,-0.325262086090255,0.5732413737015267,0.24797928761127175,0.15752887521108364,0.0559826010235277,0.0559826010235277,0.44237110641012023,0.49835370743364793,0.22439295592199135,0.7328904269352272,0.0005516473945208177,1.0234871751072967,0.5573665280370602,0.5573665280370602,9.256844942137045e-06,0.8113622064706193,1.3687287345076795,2.0471552280979e-05,0.15934423503259376,0.36551238662485314,True,0.7321157029435842,0.3055921865845729,0.3055921865845729,0.6768046435483457,0.9823968301329186,0.0,0.0,0.00448286012237255,0.3276111572481783,0.3276111572481783,0.0,0.005194993516620205,0.0,0.0066984097397764,0.00679804398258174,0.003011975945206882,0.007876443760554182,0.0022439295592199134,9.256844942137046e-07,2.0471552280979e-07,0.0015934423503259376,0.36551238662485314
0.0,0.0,0.013075266437257413,7700,0.20291283941719332,0.20291283962010614,0.052361463482970744,0.052361463482970744,0.20509144471803456,0.2574529082010053,0.0,0.006091395182775003,2.358645290760741,0.0,0.05335181289014702,0.0008591266081919427,0.0,0.0001167555757542968,1.0108053494045448,0.00558755468551375,0.71607191035249,0.3715339462526539,-0.3715339462526539,0.5732413737015267,0.20170742744887282,0.18129368843598304,0.06349729926213954,0.06349729926213954,0.44237110641012023,0.5058684056722598,0.15576279161115408,0.7244432651231354,0.0001366712508924002,1.0116906480099437,0.1373061593444861,-0.1373061593444861,5.413279994041268e-06,0.8113622064706193,0.6740560471261332,1.4989185827994387e-05,0.1833480353709202,0.232040126960339,True,0.7238093276506821,0.2054361650971101,-0.2054361650971101,0.6768046435483457,0.4713684784512356,0.0,0.0,0.0026150532874514828,0.20291283941719332,0.20291283941719332,0.0,0.0030456975913875015,0.0,0.010309519298303312,0.0,0.0007005334545257808,0.009064684421799153,0.0015576279161115408,5.413279994041268e-07,1.4989185827994388e-07,0.001833480353709202,0.232040126960339
0.0,0.0,0.012760693852231856,7725,0.22728849198924186,0.22728849221653036,0.027841125598311395,0.027841125598311395,0.20509144471803456,0.23293257031634595,0.0,0.009595482151365999,1.3011644501251174,0.0,0.05931219102887011,0.0005179446565853552,0.0,0.03808124194045694,1.1951441568186374,0.004909845469607031,0.71607191035249,0.41007827489330406,-0.41007827489330406,0.5732413737015267,0.1631630988082227,0.1508446256264379,0.14078190496085818,-0.14078190496085818,0.44237110641012023,0.30158920144926205,0.16928195562889148,0.8562947123350211,0.038346341221918545,1.1958222184072036,0.025854126705832536,0.025854126705832536,7.69508669711971e-06,0.8113622064706193,0.8372163331764518,7.268480179583068e-06,0.03141622574203118,0.47889121464563983,True,0.8558091714711791,0.262436645734052,-0.262436645734052,0.6768046435483457,0.4143679978142937,0.0,0.0,0.0025521387704463714,0.22728849198924186,0.22728849198924186,0.0,0.004797741075682999,0.0,0.006215335879024262,0.0,0.22848745164274165,0.007542231281321896,0.0016928195562889148,7.69508669711971e-07,7.268480179583068e-08,0.0003141622574203118,0.47889121464563983
0.0,0.0,0.004485502349722837,7750,0.23647015915748937,0.23647015939395952,0.008431851423960218,-0.008431851423960218,0.20509144471803456,0.19665959329407434,0.0,0.012024840740406842,1.6209915185630541,1.0886062691517922e-05,0.08329940338417689,0.0008937908157464189,0.0,0.020092908386286516,1.1417494563879753,0.0047995813028137106,0.71607191035249,0.35739895613314854,-0.35739895613314854,0.5732413737015267,0.2158424175683782,0.09513417772548853,0.20385382246082917,0.20385382246082917,0.44237110641012023,0.6462249288709494,0.23495765707898197,0.8181707946114423,0.020329589971523836,1.1425818711180487,0.32746217966481905,-0.32746217966481905,5.486830175309204e-06,0.8113622064706193,0.48390002680580024,7.408575049858443e-06,0.10448024622704274,0.3828796471685652,True,0.817574725797149,0.05475135991733593,0.05475135991733593,0.6768046435483457,0.7315560034656816,0.0,0.0,0.0008971004699445675,0.23647015915748937,0.23647015915748937,0.0,0.006012420370203421,6.531637614910753e-05,0.010725489788957026,0.0,0.1205574503177191,0.004756708886274427,0.00234957657078982,5.486830175309204e-07,7.408575049858442e-08,0.0010448024622704275,0.3828796471685652
0.0,0.0,0.014175951939295344,7775,0.22272334904104454,0.22272334926376788,0.09855888489228895,0.09855888489228895,0.20509144471803456,0.3036503296103235,0.0,0.0067710699899455554,2.1504914055764073,0.0,0.05430619649786074,0.0006171017023649729,0.00020236197849334779,0.00017590617056352823,0.9867370376399717,0.009754194190750647,0.71607191035249,0.3492921142349198,-0.3492921142349198,0.5732413737015267,0.2239492594666069,0.1482375174043031,0.07343889135442128,-0.07343889135442128,0.44237110641012023,0.36893221505569895,0.12448244473016834,0.7071655803610704,0.00015469819700503722,0.9875622270078186,0.22044675284066184,0.22044675284066184,2.3061899478257222e-05,0.8113622064706193,1.0318089593112811,1.7907199316768493e-05,0.16684199279817583,0.24778292787770015,True,0.7065746854257817,0.2496388893523635,-0.2496388893523635,0.6768046435483457,0.4271657541959822,0.0,0.0,0.002835190387859069,0.22272334904104454,0.22272334904104454,0.0,0.0033855349949727777,0.0,0.007405220428379675,5.0590494623336946e-05,0.0010554370233811694,0.007411875870215155,0.0012448244473016834,2.3061899478257226e-06,1.7907199316768495e-07,0.0016684199279817583,0.24778292787770015
0.0,0.0,0.036151350993683246,7800,0.3343107530078493,0.33431075334216004,0.06821331408359974,-0.06821331408359974,0.20509144471803456,0.13687813063443482,0.0,0.005261466316232352,1.6249029613715071,0.0,0.046324811053213386,0.0003348258061008442,0.0,1.0594915487460592e-05,0.9967450168222461,0.0046985733160295985,0.71607191035249,0.3134633692714992,-0.3134633692714992,0.5732413737015267,0.2597780044300275,0.09771227626150829,0.050548262891019935,-0.050548262891019935,0.44237110641012023,0.3918228435191003,0.19725787232708333,0.7141958265552142,6.864292912836622e-06,0.9973800204365613,0.4024664722413546,-0.4024664722413546,3.358531799045447e-06,0.8113622064706193,0.4088957342292647,6.988683235513432e-06,0.19207677957909125,0.3570326016029864,True,0.7137411182976807,0.5397885426238723,-0.5397885426238723,0.6768046435483457,0.1370161009244734,0.0,0.0,0.007230270198736649,0.3343107530078493,0.3343107530078493,0.0,0.002630733158116176,0.0,0.00401790967321013,0.0,6.356949292476355e-05,0.004885613813075415,0.0019725787232708334,3.358531799045447e-07,6.988683235513432e-08,0.0019207677957909126,0.3570326016029864
0.0,0.0,0.02100837541817448,7825,0.19597788592871968,0.19597788612469758,0.0757554863632138,0.0757554863632138,0.20509144471803456,0.28084693108124836,0.0,0.008275920381010899,2.103652700022748,0.0,0.019958141794277604,0.00012012248523156233,0.0,0.00040157948019849273,1.0200394481011452,0.006667226996870897,0.71607191035249,0.32569214283755044,-0.32569214283755044,0.5732413737015267,0.24754923086397632,0.175372422576091,0.05799727297583951,-0.05799727297583951,0.44237110641012023,0.3843738334342807,0.1940130253365009,0.7309576931130769,0.0004321449897317487,1.0207880973090793,0.019236731586065425,-0.019236731586065425,1.644636943577364e-05,0.8113622064706193,0.7921254748845539,1.4455551215667748e-05,0.17777416390320233,0.220656750120487,True,0.7304216064370812,0.2765658296220519,-0.2765658296220519,0.6768046435483457,0.4002388139262938,0.0,0.0,0.004201675083634896,0.19597788592871968,0.19597788592871968,0.0,0.0041379601905054495,0.0,0.0014414698227787478,0.0,0.0024094768811909564,0.008768621128804551,0.0019401302533650089,1.644636943577364e-06,1.4455551215667748e-07,0.0017777416390320233,0.220656750120487
0.0,0.0,0.03966462222398916,7850,0.24973867360222102,0.2497386738519597,0.03184648337017815,-0.03184648337017815,0.20509144471803456,0.1732449613478564,0.0,0.02323006957229259,1.5544068067823846,0.0,0.07875604543268597,0.0010619350442658358,0.0,1.1247146117487322e-05,0.996646323492421,0.011310780640773893,0.71607191035249,0.3560902442012249,-0.3560902442012249,0.5732413737015267,0.21715112950030183,0.08232153486724281,0.12352788333822462,0.12352788333822462,0.44237110641012023,0.5658989897483448,0.3719575297456739,0.7143063185930751,6.079560968278573e-06,0.9975343234258568,0.08483002464875566,-0.08483002464875566,1.3920172000615474e-05,0.8113622064706193,0.7265321818218636,6.984761640001895e-06,0.22093782330029313,0.2921438283796984,True,0.7136704467754669,0.4019667828619821,-0.4019667828619821,0.6768046435483457,0.27483786068636357,0.0,0.0,0.007932924444797831,0.24973867360222102,0.24973867360222102,0.0,0.011615034786146295,0.0,0.012743220531190029,0.0,6.748287670492394e-05,0.004116076743362141,0.003719575297456739,1.3920172000615474e-06,6.984761640001895e-08,0.0022093782330029313,0.2921438283796984
0.0,0.0,0.018981648929529922,7875,0.2120907423112858,0.21209074252337656,0.12198125116307898,0.12198125116307898,0.20509144471803456,0.32707269588111354,0.0,0.004941504740990571,1.9286787835231547,0.0,0.04445835357151756,0.0004147439045052262,0.0004393017693268155,4.068669005441744e-05,1.0063786119222302,0.006655909117309493,0.71607191035249,0.31503002770152305,-0.31503002770152305,0.5732413737015267,0.25821134600000367,0.19981388525750732,0.01642443364799734,-0.01642443364799734,0.44237110641012023,0.4259466727621229,0.08743035982973098,0.7212598718095542,5.249023532916661e-05,1.007245014515456,0.23550472053162907,0.23550472053162907,1.2468389044141747e-05,0.8113622064706193,1.0468669270022484,1.4672680340998598e-05,0.20795227593726034,0.23663461109066108,True,0.7206394652408247,0.23464193128747324,0.23464193128747324,0.6768046435483457,0.9114465748358189,0.0,0.0,0.0037963297859059846,0.2120907423112858,0.2120907423112858,0.0,0.0024707523704952856,0.0,0.004976926854062714,0.00010982544233170387,0.00024412014032650463,0.009990694262875367,0.0008743035982973098,1.2468389044141747e-06,1.4672680340998598e-07,0.0020795227593726033,0.23663461109066108
0.0,0.0,0.009607165932143162,7900,0.7438148639951017,0.7438148647389166,0.350452902638575,0.350452902638575,0.20509144471803456,0.5555443473566095,0.0,0.011506462124279748,2.467545135511933,0.0005103584634798634,0.10259111470202087,0.001408972023951164,0.2906638689034581,0.09728714092591291,1.3119088663791283,0.012565980687434858,0.71607191035249,0.34329521149075404,-0.34329521149075404,0.5732413737015267,0.2299461622107727,0.20832406729598962,0.34461523432865704,0.34461523432865704,0.44237110641012023,0.7869863407387773,0.22940624291964135,0.9405917043488359,0.09830960331419206,1.3135436226654786,1.1868594633986818,1.1868594633986818,1.6287924728809336e-05,0.8113622064706193,1.998221669869301,2.6602555703576922e-05,0.14872909741431292,1.4420476076794744,True,0.9394211012755607,0.9991190520864757,0.9991190520864757,0.6768046435483457,1.6759236956348214,0.0,0.0,0.0019214331864286325,0.7438148639951017,0.7438148639951017,0.0,0.005753231062139874,0.0030621507808791804,0.01690766428741397,0.07266596722586452,0.5837228455554775,0.010416203364799481,0.0022940624291964136,1.6287924728809337e-06,2.6602555703576923e-07,0.0014872909741431293,1.4420476076794744
0.0,0.0,0.02936944071398047,7925,0.20560965431508346,0.2056096545206931,0.023975211091641607,0.023975211091641607,0.20509144471803456,0.22906665580967617,0.0,0.004632298105749208,1.9900032663245988,0.0,0.020965200897021207,9.49113373159446e-05,0.0,0.0012891029005015692,0.9640959208375766,0.008731980459549904,0.71607191035249,0.2925824702140298,-0.2925824702140298,0.5732413737015267,0.28065890348749695,0.17158778029586624,0.2257240747939866,0.2257240747939866,0.44237110641012023,0.6680951812041068,0.15699137756004106,0.6908349957890123,0.0012421086075281099,0.9647564387791456,0.015292985382303392,0.015292985382303392,1.1696171758228818e-05,0.8113622064706193,0.8266551918529227,1.430196676645975e-05,0.10381812741923359,0.23386204166298447,True,0.6903620174381656,0.27205165721542096,-0.27205165721542096,0.6768046435483457,0.4047529863329247,0.0,0.0,0.005873888142796094,0.20560965431508346,0.20560965431508346,0.0,0.002316149052874604,0.0,0.0011389360477913352,0.0,0.007734617403009415,0.008579389014793312,0.0015699137756004105,1.1696171758228819e-06,1.430196676645975e-07,0.001038181274192336,0.23386204166298447
0.0,0.0,0.03381558786420072,7950,0.18287952670360533,0.18287952688648484,0.07117447396573365,0.07117447396573365,0.20509144471803456,0.2762659186837682,0.0,0.004821997660258693,2.5965326135566427,0.0,0.03415763488625585,0.00048633385446922496,0.0,0.00042568824161174897,1.020632213686654,0.004875987728419402,0.71607191035249,0.37338611553787415,-0.37338611553787415,0.5732413737015267,0.1998552581636526,0.18364413481221914,0.15053542996815095,0.15053542996815095,0.44237110641012023,0.5929065363782712,0.1567473288010603,0.7314496070219051,0.0004611781549509565,1.0214750589044816,0.007644697099387199,0.007644697099387199,8.57459830845964e-06,0.8113622064706193,0.8190069035700065,1.6380475257208414e-05,0.15975768606751112,0.21279205696375608,True,0.7308460692282153,0.004717274734803101,0.004717274734803101,0.6768046435483457,0.6815219182831488,0.0,0.0,0.006763117572840144,0.18287952670360533,0.18287952670360533,0.0,0.0024109988301293465,0.0,0.005836006253630699,0.0,0.002554129449670494,0.009182206740610958,0.001567473288010603,8.57459830845964e-07,1.6380475257208415e-07,0.0015975768606751111,0.21279205696375608
0.0,0.0,0.024967469455902495,7975,0.20169650514853138,0.20169650535022787,0.006759789983026621,0.006759789983026621,0.20509144471803456,0.21185123470106118,0.0,0.010371038038392363,1.3468159846910328,0.0,0.04478552588845173,0.0006488838435973277,0.0,0.0034643326709631185,1.058858581965276,0.004371941333038596,0.71607191035249,0.42210496369198497,-0.42210496369198497,0.5732413737015267,0.15113641000954176,0.12498615242977619,0.1213228860982028,-0.1213228860982028,0.44237110641012023,0.32104822031191743,0.2558138324945528,0.7586127934988558,0.0035293888655062544,1.0594086598528047,0.0769660558460985,-0.0769660558460985,5.259779317167939e-06,0.8113622064706193,0.7343961506245208,6.178819824834809e-06,0.07533970245904614,0.25000955094500943,True,0.7582188981695897,0.06742469706823817,-0.06742469706823817,0.6768046435483457,0.6093799464801075,0.0,0.0,0.004993493891180499,0.20169650514853138,0.20169650514853138,0.0,0.0051855190191961815,0.0,0.007786606123167932,0.0,0.02078599602577871,0.00624930762148881,0.002558138324945528,5.259779317167939e-07,6.178819824834809e-08,0.0007533970245904614,0.25000955094500943
0.0,0.0,0.03992465522691652,8000,0.2422667410954354,0.24226674133770212,0.016663013152995676,-0.016663013152995676,0.20509144471803456,0.18842843156503888,0.0,0.0075637978814657655,2.6031634460722843,0.0,0.03571103376835218,0.00019708769791241653,0.0,0.023525990368345212,0.8466181550236626,0.0036122219563351787,0.71607191035249,0.233026019254928,-0.233026019254928,0.5732413737015267,0.34021535444659873,0.15082549163686895,0.34929937037521996,-0.34929937037521996,0.44237110641012023,0.09307173603490027,0.24867783977851543,0.6066438467103992,0.023353082861626795,0.8471828450021831,0.1558350040608013,-0.1558350040608013,7.960944330936398e-06,0.8113622064706193,0.655527202409818,1.676598675958974e-05,0.24327849298666065,0.4100163673303677,True,0.6062394880730761,0.30429014032606333,-0.30429014032606333,0.6768046435483457,0.37251450322228236,0.0,0.0,0.007984931045383304,0.2422667410954354,0.2422667410954354,0.0,0.0037818989407328828,0.0,0.0023650523749489984,0.0,0.14115594221007127,0.007541274581843448,0.0024867783977851545,7.960944330936398e-07,1.6765986759589742e-07,0.002432784929866607,0.4100163673303677
0.0,0.0,0.024977024867380675,8025,0.2959318323263525,0.29593183262228434,0.2100395466605767,0.2100395466605767,0.20509144471803456,0.41513099137861126,0.0,0.009933731106322837,2.3983219023907973,0.0,0.049202311109197115,0.0002866415007623947,0.03686709594923891,0.00023178346967369439,1.015224436596265,0.009811995261806133,0.71607191035249,0.06713459675776845,-0.06713459675776845,0.5732413737015267,0.5061067769437583,0.2883477907976074,0.06904708343974464,0.06904708343974464,0.44237110641012023,0.5114181898498649,0.1761416288169413,0.7277825061144205,0.00026745083010422345,1.0163539239971398,0.6179808728333268,0.6179808728333268,1.2083437960104503e-05,0.8113622064706193,1.429343079303946,2.891989454572163e-05,0.32265311188732193,0.3393481101571551,True,0.7269737119022622,0.05085984303293123,-0.05085984303293123,0.6768046435483457,0.6259448005154145,0.0,0.0,0.004995404973476135,0.2959318323263525,0.2959318323263525,0.0,0.004966865553161419,0.0,0.003439698009148736,0.009216773987309728,0.0013907008180421663,0.014417389539880372,0.0017614162881694128,1.2083437960104505e-06,2.891989454572163e-07,0.0032265311188732194,0.3393481101571551
0.0,0.0,0.025303765990133467,8050,0.49553701403017,0.495537014525707,0.2551189963022956,0.2551189963022956,0.20509144471803456,0.46021044102033015,0.0,0.011069457929535759,3.1556724107425254,0.0,0.032176672424730116,7.63648968562907e-05,0.10452978884186699,0.026247143892015067,0.8379902969201688,0.0066561897244288475,0.71607191035249,0.22478019446749048,-0.22478019446749048,0.5732413737015267,0.34846117923403624,0.26233511181341124,0.16368524300529885,-0.16368524300529885,0.44237110641012023,0.2786858634048214,0.2160025510129809,0.6009624143034745,0.025840986718949917,0.8392486805063488,0.8631108622171225,0.8631108622171225,3.2117027503875646e-05,0.8113622064706193,1.6744730686877418,3.265738822875142e-05,0.22515075956129563,0.7081960124908433,True,0.6000613211523785,0.5834548881200943,0.5834548881200943,0.6768046435483457,1.26025953166844,0.0,0.0,0.005060753198026693,0.49553701403017,0.49553701403017,0.0,0.005534728964767879,0.0,0.0009163787622754884,0.026132447210466748,0.15748286335209039,0.013116755590670562,0.002160025510129809,3.2117027503875647e-06,3.265738822875142e-07,0.0022515075956129563,0.7081960124908433
0.0,0.0,0.019257320609303893,8075,0.24211849963933785,0.24211849988145634,0.027346597246550586,0.027346597246550586,0.20509144471803456,0.23243804196458515,0.0,0.020698287714391674,1.7295331039137238,2.153154475605839e-05,0.08464020955949819,0.0009649082392116728,0.0018734264462171913,0.0015814527122588542,1.0397674831018868,0.004167974491234768,0.71607191035249,0.35202444891776397,-0.35202444891776397,0.5732413737015267,0.22121692478376273,0.09659768127639484,0.07642989290314761,-0.07642989290314761,0.44237110641012023,0.3659412135069726,0.31965982607973414,0.7449141269772224,0.0016223467377563053,1.04027836562916,0.2854217396727673,0.2854217396727673,1.0391621115020164e-05,0.8113622064706193,1.0967839461433866,9.600051266771706e-06,0.04665164682840234,0.2864784025981036,True,0.7445482983448433,0.2848345008955162,-0.2848345008955162,0.6768046435483457,0.3919701426528295,0.0,0.0,0.003851464121860779,0.24211849963933785,0.24211849963933785,0.0,0.010349143857195837,0.00012918926853635034,0.011578898870540075,0.00046835661155429783,0.009488716273553126,0.0048298840638197425,0.0031965982607973413,1.0391621115020163e-06,9.600051266771707e-08,0.00046651646828402336,0.2864784025981036
0.0,0.0,0.02965158321904955,8100,0.20888601793097664,0.20888601813986266,0.1487703139410507,0.1487703139410507,0.20509144471803456,0.35386175865908526,0.0,0.007172122344960762,2.7974296320003447,0.0,0.03667437791531736,0.0002791409520581628,0.004258521820294487,0.00029312388094060926,1.0171208609871294,0.006154357131834507,0.71607191035249,0.11505291237401555,-0.11505291237401555,0.5732413737015267,0.4581884613275112,0.22161404845529464,0.1936800537768596,0.1936800537768596,0.44237110641012023,0.6360511601869798,0.14298389133019612,0.729158400313729,0.0003339891828455027,1.018275370935921,0.3345576657246113,0.3345576657246113,2.386636873734573e-05,0.8113622064706193,1.1459198721952306,1.9710420579837876e-05,0.14736079000997557,0.23856219388992816,True,0.7283316881576318,0.18263698691575447,0.18263698691575447,0.6768046435483457,0.8594416304641002,0.0,0.0,0.0059303166438099105,0.20888601793097664,0.20888601793097664,0.0,0.003586061172480381,0.0,0.003349691424697954,0.0010646304550736218,0.0017587432856436555,0.011080702422764733,0.0014298389133019613,2.386636873734573e-06,1.9710420579837876e-07,0.0014736079000997556,0.23856219388992816
0.0,0.0,0.01607741420939839,8125,0.39768219628454354,0.39768219668222576,0.2572979637792612,0.2572979637792612,0.20509144471803456,0.46238940849729576,0.0,0.008861546542906315,3.4359079388795775,0.0,0.07131128292727154,0.0007641947259460445,0.05153789832468729,0.014935945678874948,1.122212706699733,0.0028549091942969623,0.71607191035249,0.2867583145958327,-0.2867583145958327,0.5732413737015267,0.28648305910569405,0.23272157986674866,0.08410392424858837,0.08410392424858837,0.44237110641012023,0.5264750306587086,0.21012195622643293,0.8043792540700407,0.01520828549583788,1.123321877604251,0.6907922122503348,0.6907922122503348,3.990849146217485e-05,0.8113622064706193,1.5021544187209541,2.3419452857791106e-05,0.3253454923711804,0.5339939162866386,True,0.8035850079304434,0.39756222664569374,0.39756222664569374,0.6768046435483457,1.0743668701940394,0.0,0.0,0.003215482841879678,0.39768219628454354,0.39768219628454354,0.0,0.0044307732714531575,0.0,0.009170336711352534,0.012884474581171822,0.08961567407324969,0.011636078993337434,0.0021012195622643294,3.990849146217485e-06,2.3419452857791107e-07,0.003253454923711804,0.5339939162866386
0.0,0.0,0.012115597227057816,8150,0.686526534568553,0.6865265352550796,0.3857383983740674,0.3857383983740674,0.20509144471803456,0.590829843092102,0.0,0.00878864649934876,3.1219777078724027,0.0,0.06103903628217404,0.0009804375951277095,0.2606474248569062,0.004295857998717423,1.065542795170159,0.012797684709236779,0.71607191035249,0.16292334957289667,0.16292334957289667,0.5732413737015267,0.7361647232744234,0.34292842349648894,0.19974587068568506,0.19974587068568506,0.44237110641012023,0.6421169770958053,0.17958806606247493,0.7640074816636006,0.004481282747044888,1.066942383786693,1.2272949916946962,1.2272949916946962,6.36581136800841e-05,0.8113622064706193,2.0386571981653154,4.112815583999124e-05,0.2583892199753224,0.8175792037398312,True,0.7630052755552558,0.7969340491757209,0.7969340491757209,0.6768046435483457,1.4737386927240665,0.0,0.0,0.002423119445411563,0.686526534568553,0.686526534568553,0.0,0.00439432324967438,0.0,0.011765251141532514,0.06516185621422654,0.02577514799230454,0.01714642117482445,0.0017958806606247493,6.36581136800841e-06,4.1128155839991237e-07,0.002583892199753224,0.8175792037398312
0.0,0.0,0.016771227651299955,8175,0.8351196853900943,0.8351196862252139,0.5124101128744718,0.5124101128744718,0.20509144471803456,0.7175015575925063,0.0,0.009797738954226979,3.5166056059408595,0.0,0.023546155284803198,2.5736539573569228e-05,0.4070669215715501,0.0026240129907721156,1.0512251207004153,0.006269632441880014,0.71607191035249,0.4889746435400614,-0.4889746435400614,0.5732413737015267,0.0842667301614653,0.3990608939584085,0.5009796823016849,0.5009796823016849,0.44237110641012023,0.9433507887118051,0.2342318817786042,0.7544765141963716,0.0028764250697856522,1.0536323136717562,1.6149190757838916,1.6149190757838916,6.915816450019625e-05,0.8113622064706193,2.426281282254511,5.5850117492328586e-05,0.2820167332717436,0.9863154523759198,True,0.7527527909027244,0.35569630640975847,0.35569630640975847,0.6768046435483457,1.0325009499581042,0.0,0.0,0.003354245530259991,0.8351196853900943,0.8351196853900943,0.0,0.0048988694771134895,0.0,0.00030883847488283073,0.10176673039288753,0.015744077944632694,0.019953044697920426,0.0023423188177860424,6.915816450019626e-06,5.585011749232859e-07,0.002820167332717436,0.9863154523759198
0.0,0.0,0.017818001294232902,8200,0.2569400791662612,0.2569400794232013,0.03362575295312498,-0.03362575295312498,0.20509144471803456,0.17146569176490958,0.0,0.009133848036130456,1.8349560137526328,0.0,0.039803446924039886,0.00033316534561223454,0.0,0.0012934220272920475,0.9640358229999344,0.011979948398683075,0.71607191035249,0.25671397435185345,-0.25671397435185345,0.5732413737015267,0.3165273993496733,0.1128692972218532,0.22735328127492815,0.22735328127492815,0.44237110641012023,0.6697243876850484,0.16345188153401563,0.69090005914487,0.0012357122989343845,0.964847300261084,0.18097282576665863,-0.18097282576665863,4.516628976869801e-06,0.8113622064706193,0.6303893807039607,1.1319899940437271e-05,0.08246065164437216,0.28493227480904576,True,0.6903189830641562,0.42263174041755347,-0.42263174041755347,0.6768046435483457,0.2541729031307922,0.0,0.0,0.0035636002588465806,0.2569400791662612,0.2569400791662612,0.0,0.004566924018065228,0.0,0.003997984147346815,0.0,0.007760532163752285,0.00564346486109266,0.0016345188153401562,4.516628976869802e-07,1.1319899940437271e-07,0.0008246065164437216,0.28493227480904576
0.0,0.0,0.008456419219410632,8225,0.5292163816905663,0.5292163822197826,0.2651527021179555,0.2651527021179555,0.20509144471803456,0.47024414683599003,0.0,0.008902534047546753,2.380622645408063,6.449697841746586e-09,0.0800803100108439,0.0009784751975922715,0.11019488358789808,0.09807269928631397,1.3131656099994282,0.00701954678532776,0.71607191035249,0.476298804733418,-0.476298804733418,0.5732413737015267,0.09694256896810868,0.20786358291536272,0.07096801444221468,0.07096801444221468,0.44237110641012023,0.5133391208523349,0.22522999183672346,0.9413317749809653,0.09895877515641371,1.3145771370529233,0.8990261903705458,0.8990261903705458,9.461685739877403e-06,0.8113622064706193,1.710388396841165,2.4946365080633e-05,0.2435932758890611,1.1781681976976253,True,0.9403210200931396,0.5384225470501698,0.5384225470501698,0.6768046435483457,1.2152271905985155,0.0,0.0,0.0016912838438821265,0.5292163816905663,0.5292163816905663,0.0,0.004451267023773377,3.8698187050479514e-08,0.011741702371107257,0.02754872089697452,0.5884361957178839,0.010393179145768136,0.002252299918367235,9.461685739877403e-07,2.4946365080633e-07,0.002435932758890611,1.1781681976976253
0.0,0.0,0.029883592414440073,8250,0.18367844850273196,0.18367844868641042,0.0032765095269296496,0.0032765095269296496,0.20509144471803456,0.2083679542449642,0.0,0.0032398362965147436,1.8617518605817933,0.0,0.03491312170853604,0.0002544439592015458,0.0,0.009103971509913308,1.095414734239075,0.0025316926884100454,0.71607191035249,0.3574510823188326,-0.3574510823188326,0.5732413737015267,0.21579029138269415,0.10739967855875428,0.018323200419952168,-0.018323200419952168,0.44237110641012023,0.42404790599016806,0.12312662742674796,0.7848955795547269,0.009237665474599904,1.0961127747731794,0.14889815728910993,-0.14889815728910993,3.0465748864724974e-06,0.8113622064706193,0.6624640491815094,8.94940507946349e-06,0.19497426629595815,0.25750362872048,True,0.784395732328987,0.1356482579170274,0.1356482579170274,0.6768046435483457,0.8124529014653731,0.0,0.0,0.005976718482888015,0.18367844850273196,0.18367844850273196,0.0,0.0016199181482573718,0.0,0.0030533275104185497,0.0,0.05462382905947985,0.0053699839279377146,0.0012312662742674796,3.0465748864724977e-07,8.94940507946349e-08,0.0019497426629595815,0.25750362872048
0.0,0.0,0.01746278119803845,8275,0.29795600203843614,0.29795600233639213,0.06689260968125008,-0.06689260968125008,0.20509144471803456,0.13819883503678448,0.0,0.005145272684433754,0.8276609312020593,0.0,0.03477927275868257,0.0004022745322407593,0.0,0.06362279360324209,1.25223559146806,0.003796709706554738,0.71607191035249,0.4867710882493529,-0.4867710882493529,0.5732413737015267,0.0864702854521738,0.08357761424970983,0.1254758960330672,0.1254758960330672,0.44237110641012023,0.5678470024431874,0.12654778379084797,0.8971981303569072,0.0639807478034766,1.252944159457135,0.3855031311784881,-0.3855031311784881,5.043392636158921e-07,0.8113622064706193,0.4258590752921312,2.5965694887748375e-06,0.034150938142335684,0.6963711949580411,True,0.89669074471627,0.19522120382344094,-0.19522120382344094,0.6768046435483457,0.48158343972490475,0.0,0.0,0.0034925562396076904,0.29795600203843614,0.29795600203843614,0.0,0.002572636342216877,0.0,0.004827294386889112,0.0,0.3817367616194526,0.004178880712485492,0.0012654778379084797,5.043392636158921e-08,2.5965694887748376e-08,0.00034150938142335686,0.6963711949580411
0.0,0.0,0.028055242851232016,8300,0.3360562163832044,0.3360562167192606,0.004811686725280373,-0.004811686725280373,0.20509144471803456,0.2002797579927542,0.0,0.0037279027431961374,1.5270867780454653,0.0,0.05680561536693008,0.0003387397624450502,0.020640099360353624,0.005339493460940506,1.0730718376732138,0.0027451588482052948,0.71607191035249,0.35367963158605975,-0.35367963158605975,0.5732413737015267,0.21956174211546697,0.10247833978709173,0.08180657930890756,-0.08180657930890756,0.44237110641012023,0.3605645271012127,0.10323438595902593,0.7687884363841082,0.005419760723799887,1.073619024197553,0.1325008446488275,0.1325008446488275,3.9063629225215745e-06,0.8113622064706193,0.9438630511194468,7.294011837733903e-06,0.19675449752106483,0.3929173484806871,True,0.7683966114788336,0.6444436977730814,0.6444436977730814,0.6768046435483457,1.321248341321427,0.0,0.0,0.0056110485702464035,0.3360562163832044,0.3360562163832044,0.0,0.0018639513715980687,0.0,0.004064877149340602,0.005160024840088406,0.03203696076564304,0.005123916989354587,0.0010323438595902592,3.906362922521575e-07,7.294011837733902e-08,0.0019675449752106482,0.3929173484806871
0.0,0.0,0.02260868908551468,8325,0.3371223606051605,0.3371223609422828,0.13407700314284812,0.13407700314284812,0.20509144471803456,0.3391684478608827,0.0,0.00792782039256206,2.222404493380754,0.0,0.054821247409958106,0.000822081517061633,0.016673679684064448,0.018702815208020685,1.1367582363443631,0.01038132124282365,0.71607191035249,0.37239828864910485,-0.37239828864910485,0.5732413737015267,0.20084308505242188,0.1952808802607725,0.046223031658989666,-0.046223031658989666,0.44237110641012023,0.39614807475113056,0.2824334531083059,0.8147470530013572,0.018989002428019968,1.1378005893602054,0.4407924144553218,0.4407924144553218,1.4793926821369362e-05,0.8113622064706193,1.252154620925941,2.2939950361003068e-05,0.2322488542102056,0.4867708738708337,True,0.8140006532756179,0.46385965741681456,0.46385965741681456,0.6768046435483457,1.1406643009651602,0.0,0.0,0.004521737817102936,0.3371223606051605,0.3371223606051605,0.0,0.00396391019628103,0.0,0.009864978204739597,0.004168419921016112,0.11221689124812412,0.009764044013038625,0.0028243345310830594,1.4793926821369363e-06,2.293995036100307e-07,0.002322488542102056,0.4867708738708337
0.0,0.0,0.005520023816663454,8350,0.22163673898831998,0.22163673920995672,0.11771477177480108,0.11771477177480108,0.20509144471803456,0.32280621649283564,0.0,0.0066059304551896,2.328268285822916,0.0,0.013362441201259878,3.232577986400776e-05,0.0,0.002140159119646707,0.9537381461715302,0.004582272042433911,0.71607191035249,0.34286333123275603,-0.34286333123275603,0.5732413737015267,0.23037804246877072,0.221847318441589,0.11246046568849999,0.11246046568849999,0.44237110641012023,0.5548315720986202,0.09854219125925721,0.683654591451073,0.0020494681187645295,0.9547289483360003,0.11473949563896857,0.11473949563896857,2.9979565227166275e-05,0.8113622064706193,0.9261017021095879,1.9633842294113265e-05,0.2463072695851649,0.2538166278809652,True,0.6829451058424715,0.2973040215633428,-0.2973040215633428,0.6768046435483457,0.3795006219850029,0.0,0.0,0.0011040047633326907,0.22163673898831998,0.22163673898831998,0.0,0.0033029652275948,0.0,0.00038790935836809315,0.0,0.012840954717880243,0.01109236592207945,0.0009854219125925723,2.9979565227166275e-06,1.9633842294113266e-07,0.002463072695851649,0.2538166278809652
0.0,0.0,0.03922847010151473,8375,0.3585998145935663,0.35859981495216614,0.28715121773562824,0.28715121773562824,0.20509144471803456,0.4922426624536628,0.0,0.0055357789364767086,3.098989099169424,0.0,0.03753801453575795,0.0004885889419804816,0.031651992495735456,0.0012386416440770358,1.0351943410803077,0.0026130189950961938,0.71607191035249,0.4063157458860518,-0.4063157458860518,0.5732413737015267,0.1669256278154749,0.3518086719194361,0.12166995784808565,0.12166995784808565,0.44237110641012023,0.5640410642582059,0.21137073559241668,0.7420785010304902,0.001319025594873497,1.0363183919643133,0.5864568007156604,0.5864568007156604,6.328622293861083e-05,0.8113622064706193,1.3978190071862797,2.6725219598329788e-05,0.19722875207188706,0.41210433772137417,True,0.7412735997554065,0.191535039792314,0.191535039792314,0.6768046435483457,0.8683396833406597,0.0,0.0,0.007845694020302945,0.3585998145935663,0.3585998145935663,0.0,0.0027678894682383543,0.0,0.005863067303765779,0.007912998123933864,0.007431849864462214,0.017590433595971806,0.0021137073559241667,6.328622293861083e-06,2.6725219598329787e-07,0.0019722875207188705,0.41210433772137417
0.0,0.0,0.04216054211194743,8400,0.14326215597980177,0.14326215612306392,0.05200463744735376,0.05200463744735376,0.20509144471803456,0.2570960821653883,0.0,0.012432082330044553,2.350432422232166,0.0,0.015734753059655545,4.73638650592282e-05,0.0,0.026973644206055063,0.8357634504561939,0.005806142034125147,0.71607191035249,0.11695217120380719,-0.11695217120380719,0.5732413737015267,0.45628920249771954,0.19127829580074432,0.046890621474763805,0.046890621474763805,0.44237110641012023,0.48926172788488403,0.32121276283315053,0.5991461507804877,0.026662887867773714,0.8367122543857816,0.12618702633722567,0.12618702633722567,2.6233991119895923e-05,0.8113622064706193,0.937549232807845,1.8538486421285044e-05,0.11662929759975899,0.33426568136259716,True,0.5984667389285899,0.26099049450451084,-0.26099049450451084,0.6768046435483457,0.41581414904383485,0.0,0.0,0.008432108422389487,0.14326215597980177,0.14326215597980177,0.0,0.0062160411650222765,0.0,0.0005683663807107384,0.0,0.16184186523633037,0.009563914790037216,0.0032121276283315053,2.6233991119895924e-06,1.8538486421285043e-07,0.0011662929759975898,0.33426568136259716
0.0,0.0,0.014386016478938975,8425,0.21216305582204775,0.2121630560342108,0.06424514385948873,0.06424514385948873,0.20509144471803456,0.2693365885775233,0.0,0.011097771710235972,1.9917308993947398,0.0,0.05430935262776121,0.00025734372872382856,4.3224683225530274e-05,0.0002809243051921638,1.0167607966753422,0.006216398721576121,0.71607191035249,0.3520955868196938,-0.3520955868196938,0.5732413737015267,0.22114578688183292,0.15541874899264208,0.21673279357084396,0.21673279357084396,0.44237110641012023,0.6591038999809642,0.24787448377989874,0.7286344582548867,0.0003077807704047167,1.0175436817801942,0.2033389300884244,0.2033389300884244,6.633893384382472e-06,0.8113622064706193,1.0147011365590437,1.6906082042852418e-05,0.08245017460532698,0.23644863820324208,True,0.72807385621444,0.09299057297877156,-0.09299057297877156,0.6768046435483457,0.5838140705695741,0.0,0.0,0.0028772032957877954,0.21216305582204775,0.21216305582204775,0.0,0.005548885855117986,0.0,0.0030881247446859425,1.0806170806382569e-05,0.001685545831152983,0.0077709374496321044,0.0024787448377989875,6.633893384382472e-07,1.6906082042852418e-07,0.0008245017460532699,0.23644863820324208
0.0,0.0,0.014537689045980608,8450,0.17892491539921118,0.17892491557813608,0.1595085309790055,0.1595085309790055,0.20509144471803456,0.36459997569704006,0.0,0.003259489240732045,2.7618636366939797,0.0,0.04554218877748226,0.00025476068173430874,0.0,0.001046610914269209,1.0323513664977109,0.007354086930453868,0.71607191035249,0.29813878133206795,-0.29813878133206795,0.5732413737015267,0.2751025923694588,0.20060001454575577,0.04855082871742805,0.04855082871742805,0.44237110641012023,0.4909219351275483,0.13232411627519441,0.7398787324664902,0.0011053229849271522,1.0332463980744855,0.15785806257861812,0.15785806257861812,4.8301475620480673e-05,0.8113622064706193,0.9692202690492374,1.882793779262465e-05,0.24058036570873312,0.20656305546926737,True,0.739237825486533,0.13588440599914586,-0.13588440599914586,0.6768046435483457,0.5409202375491998,0.0,0.0,0.0029075378091961215,0.17892491539921118,0.17892491539921118,0.0,0.0016297446203660225,0.0,0.003057128180811705,0.0,0.006279665485615255,0.01003000072728779,0.0013232411627519443,4.8301475620480675e-06,1.8827937792624652e-07,0.0024058036570873314,0.20656305546926737
0.0,0.0,0.018510229648768906,8475,0.1676863090001807,0.167686309167867,0.004995901794634577,0.004995901794634577,0.20509144471803456,0.21008734651266914,0.0,0.007807992565466264,1.5086449690414259,0.0,0.04829742867699502,0.0004562963265451675,0.0,0.0011179176624153777,1.033435275719147,0.006462242005302168,0.71607191035249,0.34309340674624605,-0.34309340674624605,0.5732413737015267,0.23014796695528067,0.10483907174944235,0.08541365148308122,-0.08541365148308122,0.44237110641012023,0.356957454927039,0.1367584196427915,0.7404557334128016,0.0011595512609665793,1.0340521843787822,0.03856121290877479,0.03856121290877479,4.193665531312174e-06,0.8113622064706193,0.8499234193793941,1.3134893789803208e-05,0.13010776580096528,0.1953865792631026,True,0.7400139824442146,0.11862962371832597,-0.11862962371832597,0.6768046435483457,0.5581750198300197,0.0,0.0,0.0037020459297537815,0.1676863090001807,0.1676863090001807,0.0,0.003903996282733132,0.0,0.00547555591854201,0.0,0.006707505974492266,0.0052419535874721175,0.0013675841964279152,4.193665531312174e-07,1.313489378980321e-07,0.001301077658009653,0.1953865792631026
0.0,0.0,0.012210051738749306,8500,0.2040022971528261,0.20400229735682843,0.02049391501070827,-0.02049391501070827,0.20509144471803456,0.1845975297073263,0.0,0.005408946699760557,1.303264650087197,0.0,0.04244378678417959,0.0002497961961755865,0.0,0.0030381246340878466,1.0551191857168432,0.006384237765736447,0.71607191035249,0.31518146724861257,-0.31518146724861257,0.5732413737015267,0.25805990645291416,0.12751673052225337,0.07979177573390261,0.07979177573390261,0.44237110641012023,0.5221628821440228,0.15140562941506625,0.7560502500332396,0.0031169942590613528,1.055830047994439,0.026059856195671194,-0.026059856195671194,4.099521888279745e-06,0.8113622064706193,0.7853023502749481,1.0300850989972274e-05,0.048698574408763885,0.23875247453414006,True,0.7555412215170154,0.3182443796913881,-0.3182443796913881,0.6768046435483457,0.3585602638569576,0.0,0.0,0.0024420103477498616,0.2040022971528261,0.2040022971528261,0.0,0.0027044733498802786,0.0,0.0029975543541070383,0.0,0.01822874780452708,0.006375836526112669,0.0015140562941506625,4.099521888279746e-07,1.0300850989972275e-07,0.0004869857440876389,0.23875247453414006
0.0,0.0,0.029836006274678892,8525,0.234341560902935,0.23434156113727658,0.20637132238436803,0.20637132238436803,0.20509144471803456,0.4114627671024026,0.0,0.0059035598452035695,3.67427414147704,0.0,0.056659328141638814,0.00015847557851286762,0.009734640741436694,0.004334888979259099,1.0658398737791857,0.006601179535650944,0.71607191035249,0.23857723796336694,-0.23857723796336694,0.5732413737015267,0.3346641357381598,0.2816196890142828,0.021463432101352875,0.021463432101352875,0.44237110641012023,0.4638345385114731,0.1585076617050553,0.7643849042887031,0.004552127683858182,1.067469457414879,0.4092578372860246,0.4092578372860246,2.9221687657876114e-05,0.8113622064706193,1.220620043756644,2.7694379803196525e-05,0.3142171180339451,0.29241667444420866,True,0.763218005205317,0.08437392314438363,0.08437392314438363,0.6768046435483457,0.7611785666927293,0.0,0.0,0.005967201254935779,0.234341560902935,0.234341560902935,0.0,0.0029517799226017848,0.0,0.0019017069421544113,0.0024336601853591736,0.02600933387555459,0.014080984450714141,0.0015850766170505532,2.9221687657876117e-06,2.769437980319653e-07,0.003142171180339451,0.29241667444420866
0.0,0.0,0.015099143188655543,8550,0.1903433877748659,0.19034338796520928,0.07764727231895355,0.07764727231895355,0.20509144471803456,0.2827387170369881,0.0,0.006805605615428902,2.2624243187622906,1.0141689575719475e-05,0.08318460194933676,0.0008577144531177383,0.0,0.004935785152491288,1.0702551432458243,0.009590332435615148,0.71607191035249,0.3648347754488467,-0.3648347754488467,0.5732413737015267,0.20840659825268007,0.15153702124773613,0.14166918000433248,-0.14166918000433248,0.44237110641012023,0.30070192640578775,0.11056277948010892,0.7670401430867533,0.005066239214575245,1.0711775190251476,0.10056658476045088,0.10056658476045088,3.666190988194338e-06,0.8113622064706193,0.9119287912310702,2.1332848317060778e-05,0.12162552150902245,0.2466334677299865,True,0.7663796556911666,0.10879209484841179,-0.10879209484841179,0.6768046435483457,0.5680125486999339,0.0,0.0,0.003019828637731109,0.1903433877748659,0.1903433877748659,0.0,0.003402802807714451,6.085013745431685e-05,0.010292573437412859,0.0,0.029614710914947724,0.0075768510623868066,0.0011056277948010892,3.666190988194338e-07,2.1332848317060778e-07,0.0012162552150902246,0.2466334677299865
0.0,0.0,0.016105984675831523,8575,0.2775919711068724,0.27759197138446434,0.1303509299974133,0.1303509299974133,0.20509144471803456,0.33544237471544786,0.0,0.005854540603407292,1.9347166045791337,0.0,0.04555808850502687,0.0001803519817551947,0.007701779316575913,0.006725522576698019,1.0820092834787503,0.007113911520119534,0.71607191035249,0.3984092463719601,-0.3984092463719601,0.5732413737015267,0.1748321273295666,0.22214655575930828,0.2072562287020877,0.2072562287020877,0.44237110641012023,0.6496273351122079,0.1676889005169007,0.7755619606857165,0.006902004513912589,1.083078303508874,0.3848746315157271,0.3848746315157271,1.3267224781212942e-05,0.8113622064706193,1.1962368379863464,2.316573993426414e-05,0.17043939859815638,0.34267341157313014,True,0.7747964654598504,0.135947026519611,0.135947026519611,0.6768046435483457,0.8127516700679567,0.0,0.0,0.0032211969351663046,0.2775919711068724,0.2775919711068724,0.0,0.002927270301703646,0.0,0.002164223781062336,0.0019254448291439782,0.04035313546018811,0.011107327787965415,0.001676889005169007,1.3267224781212942e-06,2.316573993426414e-07,0.0017043939859815638,0.34267341157313014
0.0,0.0,0.019744112803677785,8600,0.28228727277709703,0.2822872730593843,0.03416828135187483,-0.03416828135187483,0.20509144471803456,0.17092316336615973,0.0,0.010849262808890607,1.665026702663085,0.0,0.07049188225807275,0.0008258126429438867,0.0,0.0018465348200494831,0.9570286744438866,0.008235937593946488,0.71607191035249,0.24739819318229678,-0.24739819318229678,0.5732413737015267,0.32584318051922995,0.10569905393217349,0.17989981865093474,0.17989981865093474,0.44237110641012023,0.622270925061055,0.25827820425915954,0.6858417647474704,0.001782245297704893,0.9577833528367672,0.23036161446440373,-0.23036161446440373,7.2673537966810685e-06,0.8113622064706193,0.5810005920062156,1.3201520933891128e-05,0.130579207722408,0.3218240729449148,True,0.6853013607414319,0.5006263747015586,-0.5006263747015586,0.6768046435483457,0.1761782688467871,0.0,0.0,0.003948822560735557,0.28228727277709703,0.28228727277709703,0.0,0.005424631404445304,0.0,0.00990975171532664,0.0,0.011079208920296898,0.005284952696608675,0.0025827820425915952,7.267353796681068e-07,1.3201520933891127e-07,0.00130579207722408,0.3218240729449148
0.026790381617048768,0.0,0.057185920430310344,8625,0.49945823010594204,0.49945823060540023,0.3111077019682199,0.3111077019682199,0.20509144471803456,0.5161991466862544,0.0,0.01102477208440326,3.101637486659459,0.00023389213597915331,0.09529353248857678,0.0027476274660615876,0.048635339922571755,0.31773252240797667,1.56367767598866,0.015454002100190689,0.71607191035249,0.5940231657569216,-0.5940231657569216,0.5732413737015267,-0.020781792055394894,0.17673069600206814,0.22204821290239152,0.22204821290239152,0.44237110641012023,0.6644193193125117,0.3998821554464148,1.12093924238106,0.3196775678388378,1.5654003606638731,0.3789321551621264,0.3789321551621264,8.163473521340638e-06,0.8113622064706193,1.1902943616327457,1.963224015405745e-05,0.36822466840766405,2.5930167942479154,True,1.1197056762575184,0.7776542354083877,0.7776542354083877,0.6768046435483457,1.4544588789567334,0.10716152646819507,0.0,0.01143718408606207,0.49945823010594204,0.49945823010594204,0.0,0.00551238604220163,0.0014033528158749198,0.03297152959273905,0.012158834980642939,1.90639513444786,0.008836534800103407,0.003998821554464148,8.163473521340638e-07,1.963224015405745e-07,0.0036822466840766405,2.5930167942479154
0.0,0.0,0.02023825454262168,8650,0.18655702394705423,0.18655702413361128,0.0029659461284553545,0.0029659461284553545,0.20509144471803456,0.20805739084648991,0.0,0.009506436758857411,1.349799153075688,0.0,0.07131561324386045,0.001097405972499621,0.0,0.012200581598743857,1.1104562429143046,0.008270503423811307,0.71607191035249,0.30296329066946615,-0.30296329066946615,0.5732413737015267,0.2702780830320606,0.08885927086547682,0.08819972332581338,0.08819972332581338,0.44237110641012023,0.5305708297359336,0.26046763453154603,0.7955287421246274,0.012312580737242647,1.1109620689120505,0.05949244985263402,-0.05949244985263402,7.71699340041439e-06,0.8113622064706193,0.7518697566179853,5.33985398035985e-06,0.11199113195694735,0.2898986308035045,True,0.7951665343310572,0.26627715101753957,0.26627715101753957,0.6768046435483457,0.9430817945658853,0.0,0.0,0.004047650908524336,0.18655702394705423,0.18655702394705423,0.0,0.0047532183794287055,0.0,0.013168871669995454,0.0,0.07320348959246314,0.004442963543273841,0.0026046763453154605,7.716993400414391e-07,5.33985398035985e-08,0.0011199113195694734,0.2898986308035045
0.0,0.0,0.015631658961017376,8675,0.2352225326251846,0.23522253286040715,0.15437821881193178,0.15437821881193178,0.20509144471803456,0.35946966352996634,0.0,0.01618494978854275,2.4750797551189065,0.0004675864165477985,0.10162374658905803,0.002085112964389533,0.0019445658036431504,0.01609597937301019,1.126869930925378,0.015017543253504934,0.71607191035249,0.37671864927696364,-0.37671864927696364,0.5732413737015267,0.1965227244245631,0.1982794559565115,0.06796079135619981,-0.06796079135619981,0.44237110641012023,0.3744103150539204,0.3315381702715562,0.8075653944127059,0.016325517202662353,1.1277713473461963,0.28724220021699154,0.28724220021699154,1.6072623522106872e-05,0.8113622064706193,1.0986044066876108,2.8584499388068868e-05,0.18088266964864844,0.3863703053769662,True,0.8069199154252131,0.15418130211690007,0.15418130211690007,0.6768046435483457,0.8309859456652458,0.0,0.0,0.0031263317922034756,0.2352225326251846,0.2352225326251846,0.0,0.008092474894271375,0.002805518499286791,0.025021355572674396,0.0004861414509107876,0.09657587623806113,0.009913972797825576,0.003315381702715562,1.6072623522106872e-06,2.8584499388068867e-07,0.0018088266964864843,0.3863703053769662
0.0,0.0,0.01851022964876885,8700,0.04015411416383304,0.04015411420398715,0.0044767361802646455,0.0044767361802646455,0.20509144471803456,0.2095681808982992,0.0,0.006463878742089752,1.5309458002334508,0.0,0.02351325963064182,0.0001826955743127217,0.0,0.0019931840334881513,1.044645089690672,0.006322738156337398,0.71607191035249,0.005507195945880006,-0.005507195945880006,0.5732413737015267,0.5677341777556467,0.11148904804406622,0.07081356044600307,0.07081356044600307,0.44237110641012023,0.5131846668561233,0.16554582918452454,0.7484683827672675,0.002046830551947678,1.0452419114532938,0.036134127843694186,0.036134127843694186,3.2940377257447356e-06,0.8113622064706193,0.8474963343143135,1.3217874761144582e-05,0.15332759859783882,0.07000319881986038,True,0.7480410154615986,0.0411236978572701,0.0411236978572701,0.6768046435483457,0.7179283414056158,0.0,0.0,0.0037020459297537702,0.04015411416383304,0.04015411416383304,0.0,0.003231939371044876,0.0,0.0021923468917526604,0.0,0.011959104200928907,0.005574452402203311,0.0016554582918452455,3.2940377257447357e-07,1.321787476114458e-07,0.001533275985978388,0.07000319881986038
0.0,0.0,0.014340233525157122,8725,0.21680976005374827,0.216809760270558,0.038019352638854836,0.038019352638854836,0.20509144471803456,0.2431107973568894,0.0,0.006396758287196437,1.930678594886353,0.0,0.062461979118431044,0.0007222524425959586,0.0,1.422310999597514e-07,1.0003771353867774,0.005956087332215374,0.71607191035249,0.41345022203815207,-0.41345022203815207,0.5732413737015267,0.15979115166337465,0.14260800428543602,0.028994765822450974,0.028994765822450974,0.44237110641012023,0.4713658722325712,0.10054205255529587,0.7167054968876522,7.828614021999073e-07,1.0008847945536676,0.13878891691637396,-0.13878891691637396,1.529964938909784e-05,0.8113622064706193,0.6725732895542453,1.0725227585891128e-05,0.21594048677988217,0.24184093142496754,True,0.7163419764131326,0.20625892358996356,0.20625892358996356,0.6768046435483457,0.8830635671383092,0.0,0.0,0.0028680467050314247,0.21680976005374827,0.21680976005374827,0.0,0.0031983791435982187,0.0,0.008667029311151504,0.0,8.533865997585084e-07,0.007130400214271801,0.0010054205255529587,1.5299649389097842e-06,1.0725227585891129e-07,0.0021594048677988217,0.24184093142496754
0.0,0.0,0.006218910991673622,8750,0.43914887925245505,0.43914887969160393,0.06792259046508556,-0.06792259046508556,0.20509144471803456,0.137168854252949,0.0,0.012954598092837935,2.0525132356090183,0.0,0.052748001829228834,0.0008823876501341749,0.008526600921758056,0.013978387509929736,0.8817697690523708,0.009962175088092308,0.71607191035249,0.36872386215696756,-0.36872386215696756,0.5732413737015267,0.20451751154455916,0.09843915203881447,0.6488487192614661,-0.6488487192614661,0.44237110641012023,-0.2064776128513459,0.2469819325947428,0.631662217955586,0.013895412711587707,0.8821211948160836,0.3836321394085732,-0.3836321394085732,1.954850916954657e-06,0.8113622064706193,0.4277300670620461,1.5334148527684583e-05,0.10904038452302361,0.5519431171885321,True,0.6314105718341028,0.5054796227129954,-0.5054796227129954,0.6768046435483457,0.17132502083535028,0.0,0.0,0.0012437821983347244,0.43914887925245505,0.43914887925245505,0.0,0.006477299046418967,0.0,0.010588651801610099,0.002131650230439514,0.08387032505957842,0.004921957601940724,0.002469819325947428,1.954850916954657e-07,1.5334148527684582e-07,0.0010904038452302363,0.5519431171885321
0.0,0.0,0.010485405955144798,8775,0.19958817134436357,0.19958817154395175,0.14476586903215868,0.14476586903215868,0.20509144471803456,0.34985731375019324,0.0,0.003947608731274295,3.3862872724013124,0.0,0.029100935947464372,0.00013516407077511709,0.0011457445342700867,0.0013585118078544252,1.0368579951686798,0.007443276320812875,0.71607191035249,0.12583053912694048,-0.12583053912694048,0.5732413737015267,0.44741083457458625,0.20223866733141604,0.23946287020312218,0.23946287020312218,0.44237110641012023,0.6818339766132424,0.07368017928248893,0.7430811379413487,0.0014226914431709303,1.0377185821999042,0.26432611938846173,0.26432611938846173,5.468739815766783e-06,0.8113622064706193,1.075688325859081,2.446750075113574e-05,0.2863744055238383,0.2274318034946483,True,0.7424648957332693,0.18755251555443408,0.18755251555443408,0.6768046435483457,0.8643571591027798,0.0,0.0,0.00209708119102896,0.19958817134436357,0.19958817134436357,0.0,0.0019738043656371473,0.0,0.001621968849301405,0.0002864361335675217,0.008151070847126551,0.010111933366570803,0.0007368017928248893,5.468739815766783e-07,2.446750075113574e-07,0.002863744055238383,0.2274318034946483
0.0,0.0,0.017628936766280426,8800,0.5545543059873249,0.5545543065418792,0.28558628331796265,0.28558628331796265,0.20509144471803456,0.4906777280359972,0.0,0.009207748632122875,2.9284572974605423,0.0,0.03317936764847828,0.00019983695829940977,0.15946601877578795,0.002248211336297098,0.9525846930169476,0.0083112204436824,0.71607191035249,0.3862041595818121,-0.3862041595818121,0.5732413737015267,0.18703721411971466,0.22193734779579205,0.264206376083412,0.264206376083412,0.44237110641012023,0.7065774824935322,0.18253901002079123,0.6830499970274225,0.0021266275783951437,0.9538846275262235,1.0815712142719014,1.0815712142719014,2.237233536714547e-05,0.8113622064706193,1.8929334207425208,3.644009291672442e-05,0.18486937032556433,0.6332113366956842,True,0.6821191504270329,0.25949550230849305,0.25949550230849305,0.6768046435483457,0.9363001458568387,0.0,0.0,0.0035257873532560853,0.5545543059873249,0.5545543059873249,0.0,0.004603874316061437,0.0,0.0023980434995929173,0.03986650469394699,0.01348926801778259,0.011096867389789603,0.0018253901002079124,2.2372335367145473e-06,3.644009291672442e-07,0.0018486937032556434,0.6332113366956842
0.0,0.0,0.025874973211689033,8825,0.2550371793224641,0.25503717957750127,0.14225767479134085,0.14225767479134085,0.20509144471803456,0.3473491195093754,0.0,0.0208277026608715,3.5855036059287233,0.0,0.061565641312943876,0.0004669354098582396,7.62538514621495e-06,0.0002812252406066983,1.0167697716325148,0.005759261029546253,0.71607191035249,0.40283276127493894,-0.40283276127493894,0.5732413737015267,0.1704086124265878,0.14570897542541622,0.27402115609481836,0.27402115609481836,0.44237110641012023,0.7163922625049386,0.3272338436531114,0.7287466099129366,0.0003133007065374672,1.0177003024419773,0.19481249398617007,0.19481249398617007,7.064980006318262e-06,0.8113622064706193,1.0061747004567894,2.5741965001730816e-05,0.41908202729863037,0.2926680794019022,True,0.7280802829292575,0.17224643230020753,-0.17224643230020753,0.6768046435483457,0.5045582112481382,0.0,0.0,0.005174994642337807,0.2550371793224641,0.2550371793224641,0.0,0.01041385133043575,0.0,0.005603224918298875,1.9063462865537375e-06,0.0016873514436401898,0.007285448771270811,0.0032723384365311143,7.064980006318263e-07,2.5741965001730815e-07,0.004190820272986304,0.2926680794019022
0.0,0.0,0.03101274450727848,8850,0.30911657620864624,0.3091165765177628,0.2538941558882778,0.2538941558882778,0.20509144471803456,0.4589856006063123,0.0,0.020187512186282543,2.692765125920343,0.001454772923753216,0.11814148559971434,0.005268298950127867,0.020765437091312483,0.048430615249058,1.2200695691118106,0.020687015303491877,0.71607191035249,0.32483436565183055,-0.32483436565183055,0.5732413737015267,0.24840700804969615,0.21653468824008945,0.1933675890029961,0.1933675890029961,0.44237110641012023,0.6357386954131163,0.36564056355839447,0.8744764426909424,0.04893525600956646,1.2212131461047613,0.5108600544868794,0.5108600544868794,1.2689369910108864e-05,0.8113622064706193,1.3222222609574987,3.0496893600625025e-05,0.23320299562400582,0.7099529008242285,True,0.8736575593175293,0.09703948753209846,0.09703948753209846,0.6768046435483457,0.7738441310804441,0.0,0.0,0.006202548901455697,0.30911657620864624,0.30911657620864624,0.0,0.010093756093141271,0.008728637542519296,0.06321958740153441,0.005191359272828121,0.290583691494348,0.010826734412004473,0.0036564056355839446,1.2689369910108866e-06,3.0496893600625027e-07,0.0023320299562400583,0.7099529008242285
0.0,0.0,0.06191356442915775,8875,0.22062316603897308,0.22062316625959624,0.015408803523384501,0.015408803523384501,0.20509144471803456,0.22050024824141906,0.0,0.004489387462304538,1.9469546928327357,0.0,0.02699144268789285,0.00015499642825351345,0.0,0.004357069855898233,1.0660081044713317,0.004037681003590781,0.71607191035249,0.3286915581597716,-0.3286915581597716,0.5732413737015267,0.24454981554175517,0.15352142445548297,0.019065895743277717,-0.019065895743277717,0.44237110641012023,0.4233052106668425,0.28507581679231736,0.7639792245269332,0.004476001035803527,1.0669029224758046,0.16168927437221847,-0.16168927437221847,6.2388320752305e-06,0.8113622064706193,0.6496729320984008,8.767264098045351e-06,0.09921336819491142,0.27477262355888343,True,0.7633384704801043,0.32953058430594634,-0.32953058430594634,0.6768046435483457,0.34727405924239935,0.0,0.0,0.012382712885831551,0.22062316603897308,0.22062316603897308,0.0,0.002244693731152269,0.0,0.0018599571390421614,0.0,0.0261424191353894,0.007676071222774149,0.0028507581679231737,6.238832075230501e-07,8.767264098045351e-08,0.0009921336819491142,0.27477262355888343
0.0,0.0,0.008110979753346292,8900,0.305133311750015,0.3051333120551483,0.08149758989067467,-0.08149758989067467,0.20509144471803456,0.12359385482735989,0.0,0.003868063282849116,1.0827182767874173,0.0,0.02864101523200352,0.00012126366195475251,0.0,0.001078267935626531,1.0328369903557943,0.002876500177177027,0.71607191035249,0.31231908914928763,-0.31231908914928763,0.5732413737015267,0.2609222845522391,0.08387747190346773,0.0199485523860089,-0.0199485523860089,0.44237110641012023,0.42242255402411133,0.07925154746034328,0.7399877922254344,0.0011154732201475051,1.0333987008751464,0.5020034200708519,-0.5020034200708519,1.3075524996703463e-06,0.8113622064706193,0.3093587863997675,3.8428820618803045e-06,0.06517538331218309,0.32225262298629426,True,0.7395855670951599,0.3300624812343321,-0.3300624812343321,0.6768046435483457,0.3467421623140136,0.0,0.0,0.0016221959506692585,0.305133311750015,0.305133311750015,0.0,0.001934031641424558,0.0,0.0014551639434570302,0.0,0.006469607613759186,0.004193873595173386,0.0007925154746034329,1.3075524996703463e-07,3.8428820618803045e-08,0.0006517538331218309,0.32225262298629426
0.0,0.0,0.00495673188492248,8925,0.2569521361691079,0.2569521364260601,0.17542562538610054,0.17542562538610054,0.20509144471803456,0.3805170701041351,0.0,0.011749573555544925,3.9922785655827617,0.0,0.034547288424871196,0.0005217474589742921,0.004335209941017978,0.014844458927323487,0.8781621613482762,0.015185474247237398,0.71607191035249,0.3147575883634115,-0.3147575883634115,0.5732413737015267,0.2584837853381152,0.2796112164716211,0.03930906068015799,0.03930906068015799,0.44237110641012023,0.4816801670902782,0.20544036079862876,0.6295573592250083,0.01459705116507706,0.8791817432459934,0.3358656771149634,0.3358656771149634,3.0691593929882924e-05,0.8113622064706193,1.1472278835855827,2.8371885910125884e-05,0.38389894031513827,0.38010710159372263,True,0.6288272652575533,0.2931289089797838,-0.2931289089797838,0.6768046435483457,0.3836757345685619,0.0,0.0,0.000991346376984496,0.2569521361691079,0.2569521361691079,0.0,0.005874786777772463,0.0,0.006260969507691505,0.0010838024852544946,0.08906675356394092,0.013980560823581057,0.002054403607986288,3.0691593929882925e-06,2.8371885910125886e-07,0.0038389894031513826,0.38010710159372263
0.12455954264775115,0.0,0.019958226368818797,8950,1.175537936434766,1.175537937610304,0.5543509067490254,0.5543509067490254,0.20509144471803456,0.75944235146706,0.0,0.011109571781201723,3.731060922060844,0.0006517166340230724,0.105528741332527,0.0021892842207755516,0.9012136118155339,0.5669034947603485,1.7529299401407468,0.014869376274738522,0.71607191035249,0.5624231378653511,-0.5624231378653511,0.5732413737015267,0.010818235836175544,0.24443208533813915,0.30233169965438456,0.30233169965438456,0.44237110641012023,0.7447028060645048,0.2387051292060487,1.256408064088391,0.5693964435681765,1.7545836226477332,1.6424292976199975,1.6424292976199975,2.5755867283449928e-05,0.8113622064706193,2.4537915040906166,2.0838289380233967e-05,0.37416218989697525,5.358581681587115,True,1.25522390847996,1.8699850388944912,1.8699850388944912,0.6768046435483457,2.546789682442837,0.4982381705910046,0.0,0.003991645273763759,1.175537936434766,1.175537936434766,0.0,0.005554785890600862,0.0039102998041384346,0.026271410649306617,0.22530340295388349,3.401420968562091,0.012221604266906959,0.002387051292060487,2.575586728344993e-06,2.0838289380233968e-07,0.0037416218989697525,5.358581681587115
0.0,0.0,0.019000550959424486,8975,0.20320083217149876,0.20320083237469957,0.056732294849958786,-0.056732294849958786,0.20509144471803456,0.14835914986807577,0.0,0.02168509194896439,1.3183863767319153,0.0,0.05359343835508309,0.0006408913468859582,0.0,0.00014361937016555272,1.0119841299294339,0.005972189781051403,0.71607191035249,0.3347999447976318,-0.3347999447976318,0.5732413737015267,0.23844142890389491,0.06590580911574336,0.0050748314695357455,-0.0050748314695357455,0.44237110641012023,0.4372962749405845,0.3653677821061616,0.7250875962452544,0.00015851971896617385,1.0125904614278498,0.1831784615148665,-0.1831784615148665,8.062889413443579e-07,0.8113622064706193,0.6281837449557528,7.960212564309404e-06,0.05704491727177012,0.23391547840207694,True,0.7246534192848135,0.23992338859731077,-0.23992338859731077,0.6768046435483457,0.4368812549510349,0.0,0.0,0.0038001101918848975,0.20320083217149876,0.20320083217149876,0.0,0.010842545974482195,0.0,0.007690696162631499,0.0,0.0008617162209933163,0.0032952904557871678,0.003653677821061616,8.062889413443579e-08,7.960212564309405e-08,0.0005704491727177013,0.23391547840207694
0.0,0.0,0.010226383126732538,9000,0.2926646275925498,0.2926646278852144,0.06255131961126228,-0.06255131961126228,0.20509144471803456,0.14254012510677228,0.0,0.0098064202075205,1.5514483654678437,0.0,0.042567703126501655,0.00039572014350697064,0.0,0.004726832567259266,0.9312480359025339,0.005321130830913963,0.71607191035249,0.26547522681410474,-0.26547522681410474,0.5732413737015267,0.307766146887422,0.07237070304648814,0.012939459042565937,0.012939459042565937,0.44237110641012023,0.45531056545268617,0.1803756705116571,0.6672371867570606,0.004650978779594098,0.9318019151325047,0.45292047950618947,-0.45292047950618947,3.49718407404182e-06,0.8113622064706193,0.35844172696442983,6.162698172640431e-06,0.06074020109374588,0.33875285666106336,True,0.666840569393212,0.3854461934984099,-0.3854461934984099,0.6768046435483457,0.29135845004993577,0.0,0.0,0.0020452766253465076,0.2926646275925498,0.2926646275925498,0.0,0.00490321010376025,0.0,0.004748641722083648,0.0,0.028360995403555595,0.0036185351523244074,0.001803756705116571,3.49718407404182e-07,6.162698172640431e-08,0.0006074020109374588,0.33875285666106336
0.0,0.0,0.01079408097478544,9025,0.38786738503198365,0.38786738541985105,0.18990737439660596,0.18990737439660596,0.20509144471803456,0.3949988191146405,0.0,0.015235640639225612,2.8693454979414765,0.0,0.04182310499324985,0.0007552353263566963,0.061107062496799994,0.004002859508479636,1.0632681555640722,0.011777797533495808,0.71607191035249,0.24862224923505383,-0.24862224923505383,0.5732413737015267,0.3246191244664729,0.16577305565778025,0.2264851783174675,0.2264851783174675,0.44237110641012023,0.6688562847275877,0.26565036439459966,0.7621330890503482,0.004137677314324223,1.0643247799399596,0.7413902810714993,0.7413902810714993,1.628037447981561e-05,0.8113622064706193,1.5527524875421186,2.399420054338114e-05,0.19132190510644353,0.4588610115952646,True,0.7613764700044152,0.23102516060480238,0.23102516060480238,0.6768046435483457,0.9078298041531481,0.0,0.0,0.002158816194957088,0.38786738503198365,0.38786738503198365,0.0,0.007617820319612806,0.0,0.009062823916280355,0.015276765624199998,0.024017157050877817,0.008288652782889013,0.0026565036439459965,1.628037447981561e-06,2.399420054338114e-07,0.0019132190510644353,0.4588610115952646
0.0,0.0,0.007138329449780743,9050,0.1654079073720866,0.1654079075374945,0.06171492942449444,0.06171492942449444,0.20509144471803456,0.266806374142529,0.0,0.009147190534832792,2.8972106935952073,0.0,0.012379069317673816,2.860198546857344e-05,0.0,0.0027568823208181333,0.9474939782423184,0.0048976120705630875,0.71607191035249,0.17102281513414191,-0.17102281513414191,0.5732413737015267,0.4022185585673848,0.14059823829121865,0.20808278436519967,0.20808278436519967,0.44237110641012023,0.6504538907753199,0.17956989259031206,0.6790049318426439,0.002679546629649561,0.9482356625692016,0.03059425648526093,-0.03059425648526093,4.296342822665136e-05,0.8113622064706193,0.7807679499853584,1.5684765150766596e-05,0.34559204589073667,0.20057967076983643,True,0.6784738325223973,0.243940340842437,-0.243940340842437,0.6768046435483457,0.4328643027059087,0.0,0.0,0.0014276658899561485,0.1654079073720866,0.1654079073720866,0.0,0.004573595267416396,0.0,0.0003432238256228813,0.0,0.0165412939249088,0.007029911914560933,0.0017956989259031205,4.296342822665136e-06,1.5684765150766597e-07,0.003455920458907367,0.20057967076983643
0.0,0.0,0.015025777226832075,9075,0.5528801843736469,0.5528801849265271,0.31277208031480697,0.31277208031480697,0.20509144471803456,0.5178635250328415,0.0,0.010056569589181044,3.3194815977827172,0.0,0.02127002882470501,6.50258846013691e-05,0.15249381176245935,0.004543735104352786,1.0674072333236782,0.005377265787608088,0.71607191035249,0.27567763107362747,-0.27567763107362747,0.5732413737015267,0.29756374262789925,0.34230317284363215,0.4096849613631147,0.4096849613631147,0.44237110641012023,0.852056067773235,0.21947029471125007,0.7656527666554559,0.004794182732096115,1.0692400370601873,1.061832536305754,1.061832536305754,5.049972031161104e-05,0.8113622064706193,1.8731947427763733,3.491225340183099e-05,0.21259779755385724,0.6485210374549497,True,0.7643403473642245,0.24336774888741564,0.24336774888741564,0.6768046435483457,0.9201723924357613,0.0,0.0,0.003005155445366415,0.5528801843736469,0.5528801843736469,0.0,0.005028284794590522,0.0,0.0007803106152164292,0.03812345294061484,0.027262410626116715,0.01711515864218161,0.0021947029471125006,5.049972031161105e-06,3.491225340183099e-07,0.0021259779755385725,0.6485210374549497
0.0,0.0,0.02499664663644999,9100,0.32572148213952795,0.3257214824652494,0.1847525637959869,0.1847525637959869,0.20509144471803456,0.38984400851402146,0.0,0.006214664503172554,2.6396787432514515,0.0,0.02274326149190311,5.2524853227882655e-05,0.02660097756596171,0.002559635579638957,1.0505928411896284,0.006545302563478109,0.71607191035249,0.29350013593602803,-0.29350013593602803,0.5732413737015267,0.2797412377654987,0.18020161726032488,0.19087035012608933,0.19087035012608933,0.44237110641012023,0.6332414565362096,0.10522062931278073,0.7530210906558736,0.0026625397099004078,1.0515998033901333,0.5533361453625204,0.5533361453625204,2.8582266160262573e-05,0.8113622064706193,1.3646983518331397,1.708609930229677e-05,0.12115387088705032,0.36774335477908665,True,0.7523000332992358,0.2599696150538241,0.2599696150538241,0.6768046435483457,0.9367742586021698,0.0,0.0,0.004999329327289998,0.32572148213952795,0.32572148213952795,0.0,0.003107332251586277,0.0,0.0006302982387345918,0.006650244391490427,0.015357813477833741,0.009010080863016244,0.0010522062931278074,2.8582266160262576e-06,1.708609930229677e-07,0.0012115387088705032,0.36774335477908665
0.0,0.0,0.008627150749330709,9125,0.11974016376317982,0.11974016388291997,0.001917845019967529,-0.001917845019967529,0.20509144471803456,0.20317359969806703,0.0,0.007127682631255149,1.7600178690302664,0.0,0.016410160324165514,3.774170726298238e-05,0.0,0.009801177457982597,0.9009991037516195,0.0072849862388178425,0.71607191035249,0.16731808331336068,-0.16731808331336068,0.5732413737015267,0.40592329038816605,0.12953472726651194,0.13568939777277622,0.13568939777277622,0.44237110641012023,0.5780605041828965,0.1242178381504739,0.6457729108724974,0.009637960096121823,0.9018268871018046,0.009091306856321313,0.009091306856321313,7.825039611513338e-06,0.8113622064706193,0.8204535133269406,1.2938744337103655e-05,0.10305124685251826,0.19303973956848497,True,0.6451801584592946,0.15873011866709752,-0.15873011866709752,0.6768046435483457,0.5180745248812482,0.0,0.0,0.0017254301498661419,0.11974016376317982,0.11974016376317982,0.0,0.0035638413156275743,0.0,0.0004529004871557886,0.0,0.058807064747895585,0.006476736363325597,0.001242178381504739,7.825039611513339e-07,1.2938744337103655e-07,0.0010305124685251825,0.19303973956848497
0.0,0.0,0.008486226078123717,9150,0.15569280493923127,0.15569280509492409,0.00021152141366959087,0.00021152141366959087,0.20509144471803456,0.20530296613170415,0.0,0.007131508024124685,1.953926577183925,0.0,0.01214771583143131,2.8324440517874892e-05,0.0,4.7316490119723865e-05,0.9931213017132801,0.008083575148918092,0.71607191035249,0.17904128777458073,-0.17904128777458073,0.5732413737015267,0.394200085926946,0.12305557280716392,0.06859651193944127,0.06859651193944127,0.44237110641012023,0.5109676183495615,0.2155618924075286,0.7115730597324494,3.9472241484368056e-05,0.9937173061920568,0.19696083388079333,-0.19696083388079333,7.3541938726097405e-06,0.8113622064706193,0.614401372589826,1.4152708628257547e-05,0.18443773183995632,0.1717332482231578,True,0.7111462776607931,0.21365010832916992,-0.21365010832916992,0.6768046435483457,0.46315453521917577,0.0,0.0,0.0016972452156247435,0.15569280493923127,0.15569280493923127,0.0,0.0035657540120623424,0.0,0.0003398932862144987,0.0,0.00028389894071834316,0.006152778640358196,0.002155618924075286,7.354193872609741e-07,1.4152708628257547e-07,0.0018443773183995631,0.1717332482231578
0.0,0.0,0.004873763332960539,9175,0.26329292369223445,0.2632929239555274,0.008653496832864926,0.008653496832864926,0.20509144471803456,0.2137449415508995,0.0,0.00433383930069879,2.311944646260556,0.0,0.02889536458008634,9.829255241497733e-05,0.0,0.00044800001257197096,0.9788339892144984,0.004754339632782394,0.71607191035249,0.4128760923276719,-0.4128760923276719,0.5732413737015267,0.1603652813738548,0.1265327289876354,0.11378410357888069,0.11378410357888069,0.44237110641012023,0.5561552099890009,0.08097071115843592,0.7015740673154587,0.0004099152714722738,0.9797536355986495,0.14528437579666398,-0.14528437579666398,9.329826687520376e-06,0.8113622064706193,0.6660778306739553,1.409447611361493e-05,0.11792329463116172,0.2786187571482951,True,0.7009155343631144,0.3768552723847382,-0.3768552723847382,0.6768046435483457,0.2999493711636075,0.0,0.0,0.0009747526665921079,0.26329292369223445,0.26329292369223445,0.0,0.002166919650349395,0.0,0.001179510628979728,0.0,0.002688000075431826,0.006326636449381771,0.0008097071115843592,9.329826687520377e-07,1.409447611361493e-07,0.0011792329463116173,0.2786187571482951
0.0,0.0,0.029065539344296887,9200,0.2952857665666098,0.29528576686189556,0.10108138295023192,0.10108138295023192,0.20509144471803456,0.3061728276682665,0.0,0.013336849763953825,2.0282024525302593,0.0,0.0703859480939636,0.0017865876137382376,0.005316977155172197,0.08594071997632212,1.2931564769475887,0.012909401743127973,0.71607191035249,0.43429774194810966,-0.43429774194810966,0.5732413737015267,0.13894363175341706,0.10838071909689502,0.011043509707602817,-0.011043509707602817,0.44237110641012023,0.4313275967025174,0.3728770435304579,0.9264173916327538,0.08628852484195702,1.293749084835948,0.024107735070332703,0.024107735070332703,1.3539828285510378e-05,0.8113622064706193,0.835469941540952,8.967008992860705e-06,0.20173356636606285,0.857346500535759,True,0.9259930417641203,0.4862440785437363,0.4862440785437363,0.6768046435483457,1.163048722092082,0.0,0.0,0.005813107868859378,0.2952857665666098,0.2952857665666098,0.0,0.0066684248819769126,0.0,0.021439051364858852,0.0013292442887930492,0.5156443198579327,0.005419035954844751,0.0037287704353045794,1.353982828551038e-06,8.967008992860705e-08,0.0020173356636606285,0.857346500535759
0.0315176098512228,0.0,0.021466765577816932,9225,0.31896519549510277,0.31896519581406796,0.15908799534387189,0.15908799534387189,0.20509144471803456,0.36417944006190645,0.0,0.013907438069383748,1.3709980924734528,0.003399152593179942,0.13830225204209476,0.002138337547919829,0.0010402293033201962,0.33354320720882086,1.5775319966969976,0.0054342070179236885,0.71607191035249,0.6453603484349558,-0.6453603484349558,0.5732413737015267,-0.07211897473342907,0.1329839573631551,0.24045012126316978,0.24045012126316978,0.44237110641012023,0.68282122767329,0.3292858652734471,1.1305187958064868,0.33498429907462907,1.5787782814469018,0.07933550058387828,0.07933550058387828,4.563937394544866e-06,0.8113622064706193,0.8906977070544976,6.243374614984412e-06,0.06629655986827936,2.5144625147101825,True,1.129626366292317,0.05276958063644743,0.05276958063644743,0.6768046435483457,0.7295742241847931,0.1260704394048912,0.0,0.004293353115563387,0.31896519549510277,0.31896519549510277,0.0,0.006953719034691874,0.020394915559079654,0.025660050575037948,0.00026005732583004904,2.001259243252925,0.006649197868157756,0.003292858652734471,4.5639373945448663e-07,6.243374614984412e-08,0.0006629655986827936,2.5144625147101825
0.0,0.0,0.011448536130153652,9250,0.1462443603136643,0.14624436045990868,0.039341537359798395,-0.039341537359798395,0.20509144471803456,0.16574990735823616,0.0,0.006115712840095695,1.0851780058629827,0.0,0.02902449666562951,0.00012009535086537264,0.0,0.0007367990706439486,1.0271440430047543,0.003377604101248065,0.71607191035249,0.25146974279027573,-0.25146974279027573,0.5732413737015267,0.321771630911251,0.07591419876975163,0.08247168516819625,0.08247168516819625,0.44237110641012023,0.5248427915783165,0.20405298378874875,0.7359565992173717,0.0007711233880334343,1.0277691085206824,0.12058711456203752,-0.12058711456203752,1.1196754438958475e-06,0.8113622064706193,0.6907750919085818,5.001491588952837e-06,0.1350524809436147,0.16464078916226257,True,0.7355090073530349,0.14425479429786248,0.14425479429786248,0.6768046435483457,0.8210594378462082,0.0,0.0,0.0022897072260307304,0.1462443603136643,0.1462443603136643,0.0,0.0030578564200478475,0.0,0.0014411442103844717,0.0,0.004420794423863691,0.0037957099384875815,0.0020405298378874874,1.1196754438958476e-07,5.0014915889528376e-08,0.0013505248094361469,0.16464078916226257
0.011027637434177465,0.0,0.01583655738311743,9275,0.6058902652546593,0.6058902658605495,0.26765634675105976,0.26765634675105976,0.20509144471803456,0.4727477914690943,0.0,0.008370275539714669,2.539969861609032,0.0,0.061658834041933404,0.0005759308357229725,0.1378358693665392,0.2550376842016538,1.5050125584593455,0.008886695161419862,0.71607191035249,0.5105216215005746,-0.5105216215005746,0.5732413737015267,0.06271975220095213,0.1986695765782775,0.2949498584236715,0.2949498584236715,0.44237110641012023,0.7373209648337917,0.20269051569721624,1.0787288230826295,0.25649482573724575,1.5064531821770357,0.8189363132194826,0.8189363132194826,1.1040462384908361e-05,0.8113622064706193,1.6302985196901019,1.4078073420605527e-05,0.18344815117546617,2.2427456171426967,True,1.0776972328905976,0.8634759529097931,0.8634759529097931,0.6768046435483457,1.5402805964581388,0.04411054973670986,0.0,0.0031673114766234862,0.6058902652546593,0.6058902652546593,0.0,0.004185137769857334,0.0,0.00691117002867567,0.0344589673416348,1.5302261052099229,0.009933478828913876,0.0020269051569721626,1.104046238490836e-06,1.4078073420605528e-07,0.0018344815117546619,2.2427456171426967
0.0,0.0,0.02552551612874756,9300,0.6173078714224176,0.6173078720397255,0.4171678065939902,0.4171678065939902,0.20509144471803456,0.6222592513120248,0.0,0.008421414039214979,2.8820364173465176,0.0,0.04032953319482037,7.358039109735694e-05,0.18554224167673214,0.005881104493432083,1.076688359569312,0.005503171316722179,0.71607191035249,0.4381322232900362,-0.4381322232900362,0.5732413737015267,0.13510915041149055,0.489839853453596,0.45835843229801687,0.45835843229801687,0.44237110641012023,0.9007295387081371,0.20518253021573107,0.771989373986332,0.006097916663904804,1.0780891584274335,1.1518154554296456,1.1518154554296456,7.064035603667422e-05,0.8113622064706193,1.9631776619002648,5.0399107869562305e-05,0.16472208558487136,0.7373774405980865,True,0.7709863012579694,0.05084215418588778,0.05084215418588778,0.6768046435483457,0.7276467977342335,0.0,0.0,0.0051051032257495126,0.6173078714224176,0.6173078714224176,0.0,0.004210707019607489,0.0,0.0008829646931682834,0.046385560419183035,0.035286626960592496,0.0244919926726798,0.0020518253021573106,7.064035603667423e-06,5.03991078695623e-07,0.0016472208558487138,0.7373774405980865
0.0,0.0,0.022948464022299966,9325,0.23384962085118513,0.23384962108503476,0.03326810674701178,-0.03326810674701178,0.20509144471803456,0.17182333797102278,0.0,0.012454845843260403,1.6757978816696046,0.0,0.023283281283511262,0.00010412008483650429,0.0,0.0004522264361058562,1.021265616287939,0.01027930233900279,0.71607191035249,0.2875437003224742,-0.2875437003224742,0.5732413737015267,0.2856976733790525,0.12008817683456702,0.02778290983935605,0.02778290983935605,0.44237110641012023,0.4701540162494763,0.19862004998563007,0.731707293296846,0.0004767637222106128,1.0218349197894248,0.29423922120632606,-0.29423922120632606,3.111275004302309e-06,0.8113622064706193,0.5171229852642932,1.1124359189186843e-05,0.15942050006062497,0.25821477292523176,True,0.7312996310452737,0.31983037771786654,-0.31983037771786654,0.6768046435483457,0.35697426583047914,0.0,0.0,0.004589692804459994,0.23384962085118513,0.23384962085118513,0.0,0.006227422921630202,0.0,0.0012494410180380515,0.0,0.002713358616635137,0.006004408841728351,0.001986200499856301,3.1112750043023095e-07,1.1124359189186842e-07,0.0015942050006062497,0.25821477292523176
0.0,0.0,0.01319762266795981,9350,0.479480615248946,0.4794806157284266,0.27096871175141857,0.27096871175141857,0.20509144471803456,0.4760601564694531,0.0,0.005727227908909222,3.054110329742155,0.0,0.01199615801428978,2.221662488582979e-05,0.1135609852765546,0.016447752848246747,0.8717512072249928,0.00654935866897193,0.71607191035249,0.10526545465373849,-0.10526545465373849,0.5732413737015267,0.46797591904778824,0.286522850728601,0.283924736666914,0.283924736666914,0.44237110641012023,0.7262958430770342,0.11888413612979735,0.6252595374840897,0.0160833626728485,0.8731798017946333,0.9421661117648489,0.9421661117648489,5.879718508420357e-05,0.8113622064706193,1.7535283182354682,3.903162000573216e-05,0.16471026125920465,0.62949547318927,True,0.624236561027202,0.3109874713801244,0.3109874713801244,0.6768046435483457,0.9877921149284701,0.0,0.0,0.002639524533591962,0.479480615248946,0.479480615248946,0.0,0.002863613954454611,0.0,0.0002665994986299575,0.02839024631913865,0.09868651708948048,0.014326142536430051,0.0011888413612979735,5.8797185084203575e-06,3.903162000573216e-07,0.0016471026125920466,0.62949547318927
0.0,0.0,0.0436088672839908,9375,0.21732010048389963,0.21732010070121974,0.03509273038966068,-0.03509273038966068,0.20509144471803456,0.16999871432837388,0.0,0.011459941948304663,1.340341188860637,2.9769763269191295e-05,0.08545616745245152,0.0012428090173366697,0.0001025333593070581,0.006992282405191376,0.9163801315165386,0.004259223670127221,0.71607191035249,0.27989551374255955,-0.27989551374255955,0.5732413737015267,0.29334585995896717,0.09124657197689734,0.18988301551852677,-0.18988301551852677,0.44237110641012023,0.25248809089159346,0.20606035684637686,0.6565348587497973,0.006912919593876496,0.9168560309230038,0.030132947061365156,0.030132947061365156,8.708373541554239e-06,0.8113622064706193,0.8414951535319845,5.748403366150043e-06,0.19256183059889287,0.29739297826816574,True,0.6561940805479152,0.34583750291649484,0.34583750291649484,0.6768046435483457,1.0226421464648405,0.0,0.0,0.00872177345679816,0.21732010048389963,0.21732010048389963,0.0,0.005729970974152332,0.00017861857961514778,0.014913708208040038,2.5633339826764524e-05,0.041953694431148256,0.004562328598844867,0.0020606035684637685,8.708373541554239e-07,5.748403366150043e-08,0.0019256183059889287,0.29739297826816574
0.0,0.0,0.010701009570850194,9400,0.2685584639361498,0.26855846420470825,0.05759923986889845,-0.05759923986889845,0.20509144471803456,0.1474922048491361,0.0,0.007870265707683542,1.0235336029545545,0.0,0.02577180552746508,0.00035114879528980604,0.0,0.005191543467972997,1.0720523661511057,0.00485391529228644,0.71607191035249,0.3479247061604045,-0.3479247061604045,0.5732413737015267,0.22531666754112223,0.07502115673286346,0.0429755643649965,0.0429755643649965,0.44237110641012023,0.48534667077511673,0.14353594296237243,0.7681442590215202,0.0052881148459265215,1.0727194255060264,0.23217411520802222,-0.23217411520802222,3.4517756415202474e-06,0.8113622064706193,0.5791880912625971,4.565683536627809e-06,0.024516759383603575,0.3154288207499797,True,0.767666596548253,0.4248496804571721,-0.4248496804571721,0.6768046435483457,0.2519549630911736,0.0,0.0,0.002140201914170039,0.2685584639361498,0.2685584639361498,0.0,0.003935132853841771,0.0,0.004213785543477672,0.0,0.031149260807837982,0.003751057836643173,0.0014353594296237244,3.4517756415202476e-07,4.565683536627809e-08,0.00024516759383603576,0.3154288207499797
0.0,0.0,0.006370742810030575,9425,0.2471640054994895,0.24716400574665348,0.0026718332078909113,-0.0026718332078909113,0.20509144471803456,0.20241961151014365,0.0,0.010304422196252347,1.2841470637757844,0.0,0.053006154633856266,0.00037436026769563125,0.0003997629066681812,0.0030120702070699436,1.0548823305542863,0.005399649800659002,0.71607191035249,0.4072638797575924,-0.4072638797575924,0.5732413737015267,0.16597749394393438,0.09479019945945599,0.03781545045590773,0.03781545045590773,0.44237110641012023,0.48018655686602796,0.2003199040428528,0.7559283213567518,0.0030980104028191856,1.0556597736504487,0.052879655602155795,0.052879655602155795,2.3670606763920723e-06,0.8113622064706193,0.8642418620727751,9.287323207001845e-06,0.16309933674633664,0.2846290823012204,True,0.7553716161859179,0.3679034601168838,0.3679034601168838,0.6768046435483457,1.0447081036652295,0.0,0.0,0.0012741485620061152,0.2471640054994895,0.2471640054994895,0.0,0.005152211098126173,0.0,0.004492323212347575,9.99407266670453e-05,0.018072421242419662,0.0047395099729728,0.002003199040428528,2.3670606763920725e-07,9.287323207001845e-08,0.0016309933674633664,0.2846290823012204
0.0,0.0,0.03443042332322698,9450,0.26979254546127607,0.26979254573106864,0.13374496525051519,0.13374496525051519,0.20509144471803456,0.33883640996854975,0.0,0.008853131763256129,2.2113201989637723,0.0,0.048870605766038244,0.00020371693522818466,0.013874017024382259,0.004205273568229693,1.0648480806826979,0.007713767409002604,0.71607191035249,0.24790069798512482,-0.24790069798512482,0.5732413737015267,0.3253406757164019,0.18141131844382685,0.2251116469259401,0.2251116469259401,0.44237110641012023,0.6674827533360603,0.3186555871146911,0.7632849029573716,0.004347199654564655,1.0659332970096647,0.4520198071937752,0.4520198071937752,2.0312980667972336e-05,0.8113622064706193,1.2633820136643945,2.0658220087234842e-05,0.21353265951484623,0.32664463116451586,True,0.7625078100181226,0.17204783402203405,-0.17204783402203405,0.6768046435483457,0.5047568095263116,0.0,0.0,0.006886084664645397,0.26979254546127607,0.26979254546127607,0.0,0.004426565881628064,0.0,0.002444603222738216,0.0034685042560955648,0.02523164140937816,0.009070565922191343,0.0031865558711469113,2.0312980667972337e-06,2.0658220087234843e-07,0.0021353265951484625,0.32664463116451586
0.0,0.0,0.007889079582416738,9475,0.22359764351794204,0.22359764374153968,0.030563701626654505,-0.030563701626654505,0.20509144471803456,0.17452774309138006,0.0,0.013100817834968925,1.5154883315696008,0.0,0.06662269136937855,0.0007897058139450773,0.0,0.0014978067229819369,1.0387015080194808,0.004103169853337638,0.71607191035249,0.37666512704124777,-0.37666512704124777,0.5732413737015267,0.19657624666027892,0.0740570662628801,0.07890373499489656,-0.07890373499489656,0.44237110641012023,0.3634673714152237,0.21604035855552833,0.7442337364541638,0.0015467069202034299,1.039328194977693,0.04004798079027572,-0.04004798079027572,5.571468810131854e-06,0.8113622064706193,0.7713142256803436,5.9778555705503024e-06,0.03907758325396693,0.2564438281138181,True,0.7437849835205369,0.31518111219772804,-0.31518111219772804,0.6768046435483457,0.36162353135061764,0.0,0.0,0.0015778159164833478,0.22359764351794204,0.22359764351794204,0.0,0.006550408917484462,0.0,0.009476469767340928,0.0,0.00898684033789162,0.003702853313144005,0.0021604035855552835,5.571468810131855e-07,5.977855570550303e-08,0.0003907758325396693,0.2564438281138181
0.0,0.0,0.009997299907199893,9500,0.1866657873208204,0.1866657875074862,0.016928505376740427,-0.016928505376740427,0.20509144471803456,0.18816293934129413,0.0,0.011002830156704719,2.2261465288311104,0.0,0.029500161321020294,0.0001523969589518326,0.0,0.09190496304119974,0.6968416865048894,0.005299899430408159,0.71607191035249,0.0911593789377863,-0.0911593789377863,0.5732413737015267,0.4820819947637404,0.14681361111464875,0.15977226194714783,-0.15977226194714783,0.44237110641012023,0.2825988444629724,0.24934559478304846,0.4994288039413094,0.09153274800690979,0.69745620481175,0.21247323864695178,-0.21247323864695178,8.3212038575687e-06,0.8113622064706193,0.5988889678236675,1.4366537219571499e-05,0.11155406611657831,0.7583758570857198,True,0.49898876463722397,0.308142696875172,-0.308142696875172,0.6768046435483457,0.3686619466731737,0.0,0.0,0.0019994599814399786,0.1866657873208204,0.1866657873208204,0.0,0.005501415078352359,0.0,0.0018287635074219913,0.0,0.5514297782471984,0.007340680555732438,0.0024934559478304846,8.3212038575687e-07,1.43665372195715e-07,0.001115540661165783,0.7583758570857198
0.0,0.0,0.005252446349647979,9525,0.3408962080452186,0.3408962083861148,0.12477785213443501,0.12477785213443501,0.20509144471803456,0.3298692968524696,0.0,0.013855583071366261,2.2796044003180014,0.0,0.05219945865423475,0.0008105900064554247,0.0227471609449749,0.015409734422925085,1.1241359513715712,0.008607739736585325,0.71607191035249,0.3648173879184252,-0.3648173879184252,0.5732413737015267,0.20842398578310153,0.11884057735415227,0.18605010244027675,0.18605010244027675,0.44237110641012023,0.628421208850397,0.25645202665068845,0.8055213018659314,0.015604195985497591,1.1249167562238853,0.5248387371541202,0.5248387371541202,1.2652138759350832e-05,0.8113622064706193,1.3362009436247395,1.579687464472978e-05,0.22280536724646904,0.4674827916913923,True,0.8049621894359142,0.349742112010653,0.349742112010653,0.6768046435483457,1.0265467555589987,0.0,0.0,0.0010504892699295958,0.3408962080452186,0.3408962080452186,0.0,0.006927791535683131,0.0,0.009727080077465096,0.005686790236243725,0.09245840653755051,0.0059420288677076135,0.0025645202665068845,1.2652138759350833e-06,1.579687464472978e-07,0.0022280536724646905,0.4674827916913923
0.0,0.0,0.04115819915533519,9550,0.27462953505223914,0.2746295353268687,0.0483704255483314,-0.0483704255483314,0.20509144471803456,0.15672101916970316,0.0,0.008009673180532532,1.6886827559926205,0.0,0.041709950986800276,0.00022043960096402286,0.0,0.0005329070521871795,0.9769152203348791,0.00353204433042833,0.71607191035249,0.29648366989274444,-0.29648366989274444,0.5732413737015267,0.2767577038087823,0.08806888939640531,0.023052303481889302,0.023052303481889302,0.44237110641012023,0.46542340989200953,0.18215083997146791,0.6999796645186807,0.000505033944380692,0.977527039705889,0.3362417305879492,-0.3362417305879492,3.3021713319022e-06,0.8113622064706193,0.4751204758826701,7.852943145233179e-06,0.05739355649486782,0.2995080261793121,True,0.6995415578467727,0.4162628180655371,-0.4162628180655371,0.6768046435483457,0.2605418254828086,0.0,0.0,0.008231639831067039,0.27462953505223914,0.27462953505223914,0.0,0.004004836590266266,0.0,0.002645275211568274,0.0,0.003197442313123077,0.0044034444698202654,0.0018215083997146792,3.3021713319022e-07,7.852943145233178e-08,0.0005739355649486783,0.2995080261793121
0.0,0.0,0.0244064260519229,9575,0.45699198234577243,0.45699198280276443,0.3365697709444625,0.3365697709444625,0.20509144471803456,0.541661215662497,0.0,0.012815479829170284,2.9635978617466847,0.0,0.05016684428504183,0.0002573397251088605,0.08110227765743491,0.0002211353931784829,0.9851293781845384,0.009509716524612587,0.71607191035249,0.2820032821108424,-0.2820032821108424,0.5732413737015267,0.2912380915906843,0.3639742724259053,0.2923138171641726,0.2923138171641726,0.44237110641012023,0.7346849235742928,0.27411615296732517,0.7064091357081299,0.00018209218750403697,0.9865058461731001,0.8254355544293187,0.8254355544293187,1.3681384982314596e-05,0.8113622064706193,1.636797760899938,3.5972438827464404e-05,0.2065047199135814,0.515978116158469,True,0.7054234856322568,0.29088155265329096,0.29088155265329096,0.6768046435483457,0.9676861962016367,0.0,0.0,0.00488128521038458,0.45699198234577243,0.45699198234577243,0.0,0.006407739914585142,0.0,0.0030880767013063263,0.020275569414358728,0.0013268123590708973,0.018198713621295267,0.0027411615296732516,1.3681384982314596e-06,3.5972438827464406e-07,0.002065047199135814,0.515978116158469
0.00858176755275976,0.0,0.028254870004318325,9600,0.8766921848577897,0.8766921857344818,0.6302381656770425,0.6302381656770425,0.20509144471803456,0.835329610395077,0.0,0.011697292606363967,2.6492067372720505,3.1413851441456164e-05,0.08560480610203923,0.0022992658460943157,0.45790479271759,0.24269203157715946,1.4926378300304997,0.012506293567234695,0.71607191035249,0.32761685820916564,-0.32761685820916564,0.5732413737015267,0.24562451549236108,0.3120055261328572,0.22361430682227346,0.22361430682227346,0.44237110641012023,0.6659854132323937,0.2781683413384893,1.070651785417014,0.24519683107736348,1.4951735363257648,1.6188784548830886,1.6188784548830886,5.54301469955184e-05,0.8113622064706193,2.4302406613537078,2.836645305753852e-05,0.3259021443572992,2.54257374411984,True,1.0688360373407135,0.8170937409382393,0.8170937409382393,0.6768046435483457,1.493898384486585,0.03432707021103904,0.0,0.0056509740008636655,0.8766921848577897,0.8766921848577897,0.0,0.005848646303181984,0.00018848310864873698,0.027591190153131787,0.1144761981793975,1.4561521894629568,0.01560027630664286,0.002781683413384893,5.5430146995518405e-06,2.836645305753852e-07,0.003259021443572992,2.54257374411984
0.0,0.0,0.03037348169932155,9625,0.24470387866013296,0.24470387890483686,0.0073728094352839,-0.0073728094352839,0.20509144471803456,0.19771863528275066,0.0,0.005640515665995095,2.1729132743609645,0.0,0.023955057805247745,7.27368529961408e-05,0.0,0.0005794162006289237,0.9759289343686466,0.006305275409171812,0.71607191035249,0.35008833431161923,-0.35008833431161923,0.5732413737015267,0.22315303938990746,0.13363673162748982,0.12294369829750784,0.12294369829750784,0.44237110641012023,0.5653148047076281,0.10774461249723011,0.6992751768746559,0.0005502206575539848,0.9765432172377799,0.3118662580808476,-0.3118662580808476,3.93612602543294e-06,0.8113622064706193,0.4994959483897717,1.3627487620501989e-05,0.17936895684770582,0.2675016744350247,True,0.6988353061609159,0.25378736322932566,-0.25378736322932566,0.6768046435483457,0.42301728031902003,0.0,0.0,0.00607469633986431,0.24470387866013296,0.24470387866013296,0.0,0.0028202578329975473,0.0,0.0008728422359536897,0.0,0.0034764972037735417,0.006681836581374491,0.001077446124972301,3.9361260254329403e-07,1.362748762050199e-07,0.0017936895684770582,0.2675016744350247
0.0,0.0,0.035252526646339814,9650,0.18974613943409366,0.18974613962383982,0.038694137152789965,0.038694137152789965,0.20509144471803456,0.24378558187082452,0.0,0.01276170260883849,2.499712452122697,0.0,0.046147296364848885,0.0004766014455091316,0.0,0.00524184111361315,1.0724005601747193,0.002100994188092671,0.71607191035249,0.38805752934802207,-0.38805752934802207,0.5732413737015267,0.18518384435350463,0.1010689962568327,0.09447390357125973,-0.09447390357125973,0.44237110641012023,0.3478972028388605,0.336910648084485,0.7683911252553763,0.0053383738320261,1.0730641761195328,0.0916833180191764,0.0916833180191764,1.0184441761344693e-05,0.8113622064706193,0.9030455244897957,1.2417875282336652e-05,0.19449836924357278,0.2507164427046205,True,0.7679159285113972,0.10296094365370545,0.10296094365370545,0.6768046435483457,0.7797655872020511,0.0,0.0,0.007050505329267963,0.18974613943409366,0.18974613943409366,0.0,0.006380851304419245,0.0,0.005719217346109579,0.0,0.0314510466816789,0.005053449812841636,0.0033691064808448502,1.0184441761344692e-06,1.2417875282336652e-07,0.0019449836924357279,0.2507164427046205
0.043609743207111286,0.0,0.034755253569076626,9675,1.025609528911123,1.0256095299367325,0.2631549616333688,0.2631549616333688,0.20509144471803456,0.46824640635140335,0.0,0.008277454458271577,2.076562858568093,0.0010064710007438346,0.11172492711959847,0.001408347308145284,0.6762805252957916,0.3706733109068081,1.608829459624621,0.00846315783829824,0.71607191035249,0.5472924914848627,-0.5472924914848627,0.5732413737015267,0.02594888221666408,0.15006835627279833,0.16521133955896472,0.16521133955896472,0.44237110641012023,0.607582445969085,0.26910545926891605,1.1529343279265036,0.3721997370474281,1.6100817462008088,0.7394831084278394,0.7394831084278394,2.2371442092481263e-06,0.8113622064706193,1.5508453148984587,1.1915544709161994e-05,0.2770887801916811,3.640152973227636,True,1.1520376006730613,2.077610377344196,2.077610377344196,0.6768046435483457,2.7544150208925413,0.17443897282844514,0.0,0.006951050713815326,1.025609528911123,1.025609528911123,0.0,0.0041387272291357885,0.006038826004463007,0.016900167697743405,0.1690701313239479,2.2240398654408486,0.007503417813639917,0.0026910545926891604,2.2371442092481265e-07,1.1915544709161994e-07,0.002770887801916811,3.640152973227636
0.0,0.0,0.02061358869995435,9700,0.6838431856693205,0.6838431863531635,0.46416887850871635,0.46416887850871635,0.20509144471803456,0.6692603232267509,0.0,0.011673669314960602,3.3547592959660157,0.0,0.0462667187352023,0.0007933513444158288,0.26877081819970317,0.013719836143520773,1.1171317042628544,0.010187353670470458,0.71607191035249,0.3754412833069346,-0.3754412833069346,0.5732413737015267,0.1978000903945921,0.32224188224690226,0.369716794771038,0.369716794771038,0.44237110641012023,0.8120879011811583,0.2507546140341388,0.8015260455056554,0.014241403027990363,1.1193373496772505,1.3478850022810414,1.3478850022810414,4.8785123602275036e-05,0.8113622064706193,2.1592472087516605,4.9888574202829226e-05,0.2895807202790659,0.8743555004644115,True,0.799946644758152,0.1682680151160887,0.1682680151160887,0.6768046435483457,0.8450726586644344,0.0,0.0,0.00412271773999087,0.6838431856693205,0.6838431856693205,0.0,0.005836834657480301,0.0,0.009520216132989947,0.06719270454992579,0.08231901686112464,0.016112094112345113,0.002507546140341388,4.878512360227504e-06,4.988857420282922e-07,0.002895807202790659,0.8743555004644115
0.0,0.0,0.019721132319977804,9725,0.21310448198708629,0.21310448220019076,0.015459452349318725,-0.015459452349318725,0.20509144471803456,0.18963199236871583,0.0,0.00895221085962609,1.3332200106194398,0.0,0.04750373235864593,0.00014165725904378626,1.1248008386816423e-05,0.000198550520519909,1.014090795595704,0.004972263357711027,0.71607191035249,0.2854782424340207,-0.2854782424340207,0.5732413737015267,0.287763131267506,0.08155448745320543,0.18577566795603517,0.18577566795603517,0.44237110641012023,0.6281467743661554,0.16081148219075964,0.7266213199344783,0.00021704120766324935,1.0147323184754895,0.03819949754707752,0.03819949754707752,1.4744863037976884e-06,0.8113622064706193,0.8495617040176968,7.838234763833331e-06,0.14055675503925155,0.23151044869057488,True,0.7261619434140002,0.33069469255120887,0.33069469255120887,0.6768046435483457,1.0074993360995546,0.0,0.0,0.003944226463995561,0.21310448198708629,0.21310448198708629,0.0,0.004476105429813045,0.0,0.0016998871085254351,2.8120020967041058e-06,0.001191303123119454,0.004077724372660271,0.0016081148219075964,1.4744863037976886e-07,7.838234763833331e-08,0.0014055675503925156,0.23151044869057488
0.0,0.0,0.024030720540563117,9750,0.5729554511233276,0.572955451696283,0.21445487677150563,0.21445487677150563,0.20509144471803456,0.4195463214895402,0.0,0.009419258920508215,2.3289902023112825,8.590948961939216e-05,0.08926873721816474,0.0009199462655860163,0.12530972778088212,0.1419037662207147,1.376701163020125,0.00908370587944355,0.71607191035249,0.4528555611383419,-0.4528555611383419,0.5732413737015267,0.12038581256318479,0.16316763968815368,0.18032045431900967,0.18032045431900967,0.44237110641012023,0.6226915607291299,0.2844288321626932,0.9866424523960136,0.14277353202466522,1.377853850085804,0.5432196486329223,0.5432196486329223,2.183353088687694e-06,0.8113622064706193,1.3545818551035416,1.981823905136387e-05,0.3034607884415769,1.4908137607941014,True,0.9858170455553272,1.0308819727838707,1.0308819727838707,0.6768046435483457,1.7076866163322164,0.0,0.0,0.004806144108112624,0.5729554511233276,0.5729554511233276,0.0,0.004709629460254107,0.000515456937716353,0.011039355187032196,0.03132743194522053,0.8514225973242883,0.008158381984407685,0.002844288321626932,2.183353088687694e-07,1.9818239051363872e-07,0.0030346078844157693,1.4908137607941014
0.0,0.0,0.034992034780359886,9775,0.33860047933466275,0.33860047967326323,0.05302348976591806,-0.05302348976591806,0.20509144471803456,0.1520679549521165,0.0,0.008182727865901667,1.6181980558515352,0.0,0.05967304453509438,0.00039606608337384346,0.0,0.021216612673611038,1.1456592347694132,0.005853207765517995,0.71607191035249,0.40023606654045846,-0.40023606654045846,0.5732413737015267,0.17300530716106827,0.08703630275802585,0.1459079686695357,0.1459079686695357,0.44237110641012023,0.5882790750796559,0.34645896973525875,0.8209077138702359,0.02143413125298986,1.146404000126328,0.4083432506723369,-0.4083432506723369,6.65739032653142e-07,0.8113622064706193,0.4030189557982824,6.22416112764621e-06,0.2498653672567583,0.49205790658917387,True,0.8203744083108979,0.4713997020121713,-0.4713997020121713,0.6768046435483457,0.20540494153617442,0.0,0.0,0.006998406956071977,0.33860047933466275,0.33860047933466275,0.0,0.0040913639329508335,0.0,0.0047527930004861215,0.0,0.12729967604166623,0.004351815137901292,0.0034645896973525877,6.65739032653142e-08,6.224161127646209e-08,0.0024986536725675828,0.49205790658917387
0.0,0.0,0.008281624033309133,9800,0.3851182972729729,0.38511829765809125,0.14916872572069392,0.14916872572069392,0.20509144471803456,0.3542601704387285,0.0,0.012016455778266544,1.6264300605131936,0.0,0.06644123093921747,0.0007532687381748199,0.019136835447416876,0.12972799694981937,1.3601777296694222,0.010444906934957445,0.71607191035249,0.4941697886851043,-0.4941697886851043,0.5732413737015267,0.07907158501642243,0.18368446239330746,0.20365236965030376,0.20365236965030376,0.44237110641012023,0.646023476060424,0.22357515455425378,0.9749211646272251,0.13067139123765809,1.3614849806529423,0.46052878913349027,0.46052878913349027,8.593088605410929e-06,0.8113622064706193,1.2718909956041096,1.4260559879750238e-05,0.13840769441659742,1.1977793189114694,True,0.9739850789050732,0.4707062501052772,0.4707062501052772,0.6768046435483457,1.147510893653623,0.0,0.0,0.0016563248066618266,0.3851182972729729,0.3851182972729729,0.0,0.006008227889133272,0.0,0.009039224858097838,0.004784208861854219,0.7783679816989162,0.009184223119665373,0.002235751545542538,8.593088605410929e-07,1.4260559879750238e-07,0.0013840769441659743,1.1977793189114694
0.0,0.0,0.012005096708146052,9825,0.2589059359852351,0.25890593624414104,0.02946809206150544,0.02946809206150544,0.20509144471803456,0.23455953677954,0.0,0.005368820936701954,2.333249911548156,0.0,0.01963409024543196,0.00010517074772191371,0.0,0.0005802188464103768,1.0240877322803617,0.008229549133810935,0.71607191035249,0.4312463916259491,-0.4312463916259491,0.5732413737015267,0.14199498207557765,0.15642075380122492,0.06774463631887018,0.06774463631887018,0.44237110641012023,0.5101157427289904,0.14637741443884966,0.7337121246733537,0.0006068675760834338,1.0246346823824346,0.0733038046093677,-0.0733038046093677,1.451238524778032e-05,0.8113622064706193,0.7380584018612516,1.656416808490579e-05,0.13905419577116224,0.27941169851870756,True,0.7333204690634253,0.3719634617162618,-0.3719634617162618,0.6768046435483457,0.30484118183208386,0.0,0.0,0.0024010193416292105,0.2589059359852351,0.2589059359852351,0.0,0.002684410468350977,0.0,0.0012620489726629645,0.0,0.0034813130784622608,0.007821037690061245,0.0014637741443884968,1.4512385247780321e-06,1.6564168084905788e-07,0.0013905419577116224,0.27941169851870756
0.0,0.0,0.03784913068930487,9850,0.5257358782787884,0.5257358788045243,0.17247158380215974,0.17247158380215974,0.20509144471803456,0.3775630285201943,0.0,0.006879273204138267,1.6855064037362282,0.0,0.0751046215740149,0.0007678997489994405,0.10005767198880815,0.1282235997360671,1.3580832301798942,0.002731711073701906,0.71607191035249,0.45756492058129117,-0.45756492058129117,0.5732413737015267,0.11567645312023553,0.1718885474027876,0.015193839141588728,0.015193839141588728,0.44237110641012023,0.45756494555170896,0.21203618701602062,0.9730405467999108,0.12877955454134532,1.3588586832464074,0.3341612531188708,0.3341612531188708,1.9882138477430264e-05,0.8113622064706193,1.14552345958949,8.267790817517485e-06,0.23392329547770976,1.353372247507149,True,0.9724852666334296,1.0153740058284946,1.0153740058284946,0.6768046435483457,1.6921786493768403,0.0,0.0,0.007569826137860974,0.5257358782787884,0.5257358782787884,0.0,0.0034396366020691335,0.0,0.009214796987993287,0.025014417997202037,0.7693415984164025,0.008594427370139381,0.0021203618701602063,1.9882138477430264e-06,8.267790817517485e-08,0.0023392329547770978,1.353372247507149
0.0,0.0,0.019282754101942832,9875,0.5551354428992147,0.5551354434543502,0.35397629168479594,0.35397629168479594,0.20509144471803456,0.5590677364028305,0.0,0.011392061967708766,2.8581387328348904,0.0,0.03288022531488671,0.00024831766592422696,0.1184596676263949,0.004329477639697547,1.0657987662475334,0.006974548845439764,0.71607191035249,0.553711350308988,-0.553711350308988,0.5732413737015267,0.019530023392538762,0.23754360677923356,0.4364737802890567,0.4364737802890567,0.44237110641012023,0.8788448866991769,0.25501031588869016,0.764419595121234,0.004558667283856226,1.0675179034320248,0.9582470048385844,0.9582470048385844,2.586692093827024e-05,0.8113622064706193,1.7696092113092037,3.902860214084413e-05,0.31155560918464453,0.6408054360071427,True,0.7631885692561858,0.015318132994251554,0.015318132994251554,0.6768046435483457,0.6921227765425972,0.0,0.0,0.0038565508203885664,0.5551354428992147,0.5551354428992147,0.0,0.005696030983854383,0.0,0.0029798119910907236,0.029614916906598725,0.02597686583818528,0.01187718033896168,0.0025501031588869016,2.586692093827024e-06,3.902860214084413e-07,0.0031155560918464456,0.6408054360071427
0.0,0.0,0.030335868203623693,9900,0.4135585991580099,0.41355859957156854,0.09511833653571508,0.09511833653571508,0.20509144471803456,0.30020978125374964,0.0,0.008017470046719849,1.9208464975415582,0.00012764641652966404,0.09129807136327542,0.0009911987879412962,0.038602979079714425,0.055891181991129746,1.2364131595134453,0.010351879635177816,0.71607191035249,0.42899584197969276,-0.42899584197969276,0.5732413737015267,0.14424553172183394,0.11915069879158435,0.021054927779088628,-0.021054927779088628,0.44237110641012023,0.4213161786310316,0.19726247355993437,0.8858440645877925,0.05621077588635703,1.2370881183997988,0.39534348731204394,0.39534348731204394,1.3205551648146706e-05,0.8113622064706193,1.2067056937826632,1.063967004145086e-05,0.21473892755555118,0.7913715843958744,True,0.8853607454818824,0.7108648697698929,0.7108648697698929,0.6768046435483457,1.3876695133182386,0.0,0.0,0.006067173640724739,0.4135585991580099,0.4135585991580099,0.0,0.0040087350233599245,0.0007658784991779842,0.011894385455295555,0.009650744769928606,0.3353470919467785,0.005957534939579218,0.0019726247355993437,1.3205551648146707e-06,1.063967004145086e-07,0.002147389275555512,0.7913715843958744
0.0,0.0,0.009696138461334826,9925,0.1393846963179783,0.13938469645736298,0.023003810615314563,-0.023003810615314563,0.20509144471803456,0.18208763410272,0.0,0.005508937838480133,1.7459292160073563,0.0,0.026943555986808348,0.0002494121298693054,0.0,0.0008449660543945745,1.0290682998194696,0.006836613729496749,0.71607191035249,0.21975069573022393,-0.21975069573022393,0.5732413737015267,0.3534906779713028,0.11653604610011101,0.07155346633650206,0.07155346633650206,0.44237110641012023,0.5139245727466223,0.1264779641387054,0.7372938437417205,0.0008783269267374506,1.0296365808881094,0.09046345612064322,-0.09046345612064322,4.098143343898746e-06,0.8113622064706193,0.7208987503499761,8.049432203965864e-06,0.0741376517783,0.15997458358711644,True,0.7368869136255995,0.18712933767251172,-0.18712933767251172,0.6768046435483457,0.48967530587583397,0.0,0.0,0.0019392276922669653,0.1393846963179783,0.1393846963179783,0.0,0.0027544689192400664,0.0,0.0029929455584316645,0.0,0.005069796326367447,0.005826802305005551,0.001264779641387054,4.0981433438987464e-07,8.049432203965865e-08,0.000741376517783,0.15997458358711644
0.0,0.0,0.04747924020466533,9950,0.25746501832825236,0.25746501858571735,0.02221139122719268,0.02221139122719268,0.20509144471803456,0.22730283594522724,0.0,0.009785257201030264,1.5817991301909524,2.7947783302860747e-05,0.08528656630553905,0.001778504119609078,0.0,0.009026790040025521,1.0950094207961796,0.00953919509779542,0.71607191035249,0.40195554716925164,-0.40195554716925164,0.5732413737015267,0.17128582653227506,0.14837256111613173,0.3617355011851982,-0.3617355011851982,0.44237110641012023,0.08063560522492204,0.29123457227016314,0.7846060983272449,0.009160119267338968,1.0957085119899947,0.07578433227979176,0.07578433227979176,1.0392685646635376e-05,0.8113622064706193,0.887146538750411,1.1238069617940417e-05,0.06426246554062294,0.358498721428155,True,0.7841054987535881,0.18106278838993572,-0.18106278838993572,0.6768046435483457,0.49574185515840996,0.0,0.0,0.009495848040933067,0.25746501832825236,0.25746501832825236,0.0,0.004892628600515132,0.00016768669981716448,0.021342049435308937,0.0,0.054160740240153125,0.007418628055806587,0.0029123457227016314,1.0392685646635377e-06,1.1238069617940417e-07,0.0006426246554062295,0.358498721428155
0.0,0.0,0.01082608338959688,9975,0.17812197460053492,0.17812197477865688,0.0027734314351413047,-0.0027734314351413047,0.20509144471803456,0.20231801328289326,0.0,0.01279650218508116,1.9327336505379575,0.0,0.05720696115621113,0.00038513605308740774,0.0,0.00025259776091163635,0.9841066755865352,0.006508289426110888,0.71607191035249,0.2802232508362354,-0.2802232508362354,0.5732413737015267,0.29301812286529133,0.10305494648136478,0.23297018350737309,0.23297018350737309,0.44237110641012023,0.6753412899174933,0.22394359094760646,0.705275773689656,0.00022731299475060006,0.9849230973091089,0.1333770049071088,-0.1333770049071088,6.6449127593330744e-06,0.8113622064706193,0.6779852015635105,1.0536582002120783e-05,0.12901994392498914,0.2015058141034037,True,0.7046911570189551,0.08966546393477948,-0.08966546393477948,0.6768046435483457,0.5871391796135662,0.0,0.0,0.0021652166779193758,0.17812197460053492,0.17812197460053492,0.0,0.00639825109254058,0.0,0.004621632637048893,0.0,0.001515586565469818,0.005152747324068239,0.002239435909476065,6.644912759333074e-07,1.0536582002120784e-07,0.0012901994392498914,0.2015058141034037
0.0,0.0,0.02106355260954676,10000,0.2870597828791918,0.2870597831662516,0.08358655996330112,-0.08358655996330112,0.20509144471803456,0.12150488475473344,0.0,0.0069548458806897116,1.5322684516707827,0.0,0.0382999264662205,0.00036910074979127955,0.0,0.031743746746189086,0.8218322511053443,0.006513425741501494,0.71607191035249,0.2076324174579196,-0.2076324174579196,0.5732413737015267,0.3656089562436071,0.08834016594234338,0.2197045393295394,-0.2197045393295394,0.44237110641012023,0.22266656708058083,0.13175747630249998,0.5888687038290155,0.031556069124084964,0.8223597198716323,0.3542167636376449,-0.3542167636376449,5.31328040334184e-06,0.8113622064706193,0.45714544283297437,8.349206381495163e-06,0.07371189607024166,0.49611392265702464,True,0.5884909982566137,0.433796105938523,-0.433796105938523,0.6768046435483457,0.24300853760982266,0.0,0.0,0.004212710521909352,0.2870597828791918,0.2870597828791918,0.0,0.0034774229403448558,0.0,0.004429208997495354,0.0,0.19046248047713452,0.0044170082971171695,0.001317574763025,5.31328040334184e-07,8.349206381495163e-08,0.0007371189607024166,0.49611392265702464
0.0,0.0,0.031458373638364574,10025,0.6603347857908065,0.6603347864511413,0.40031463491178787,0.40031463491178787,0.20509144471803456,0.6054060796298224,0.0,0.010289248808413446,3.1158097975084447,0.0,0.05735608954137808,0.0008202645041307103,0.20676203121815112,0.005068465577856317,1.0711931568190112,0.009843044415976946,0.71607191035249,0.44202714606164994,-0.44202714606164994,0.5732413737015267,0.1312142276398768,0.2609574853904333,0.4384454501841265,0.4384454501841265,0.44237110641012023,0.8808165565942467,0.21853576354662105,0.7686520079260842,0.0053917447291477886,1.0734285007959974,1.1982962373298425,1.1982962373298425,5.3610163158947334e-05,0.8113622064706193,2.0096584438004617,4.212784734149846e-05,0.19124924416725628,0.7808670668853801,True,0.7670513408718354,0.44319528542323994,0.44319528542323994,0.6768046435483457,1.1199999289715856,0.0,0.0,0.0062916747276729156,0.6603347857908065,0.6603347857908065,0.0,0.005144624404206723,0.0,0.009843174049568523,0.05169050780453778,0.030410793467137903,0.013047874269521665,0.0021853576354662107,5.361016315894734e-06,4.2127847341498457e-07,0.001912492441672563,0.7808670668853801
0.0,0.0,0.006311870444664478,10050,0.1790939744140469,0.17909397459314086,0.009433199053248076,-0.009433199053248076,0.20509144471803456,0.19565824566478648,0.0,0.01236660127053122,1.4971204220901186,0.0,0.0586384080857495,0.0004511414537779772,0.0,0.002443000463584318,1.0494267181146424,0.003018971252677382,0.71607191035249,0.3376575336339229,-0.3376575336339229,0.5732413737015267,0.23558384006760377,0.07226375684752065,0.10253911795144771,-0.10253911795144771,0.44237110641012023,0.3398319884586725,0.22838972486880532,0.7518538948747531,0.002496981453087868,1.0499698054137483,0.05662548019420566,-0.05662548019420566,1.006351456461326e-06,0.8113622064706193,0.7547367262764136,9.045460031043038e-06,0.13825497388089822,0.21389117528470605,True,0.7514650053095632,0.18041881192446552,0.18041881192446552,0.6768046435483457,0.8572234554728112,0.0,0.0,0.0012623740889328957,0.1790939744140469,0.1790939744140469,0.0,0.00618330063526561,0.0,0.005413697445335727,0.0,0.014658002781505908,0.0036131878423760326,0.0022838972486880532,1.0063514564613261e-07,9.045460031043038e-08,0.0013825497388089822,0.21389117528470605
0.0,0.0,0.015237081093217216,10075,0.31940899918308874,0.31940899950249774,0.11554734037549588,-0.11554734037549588,0.20509144471803456,0.08954410434253868,0.0,0.010824186928468755,0.8834843031248872,0.0,0.030840403035912105,0.0002127079556573758,0.0,0.0016087216992384213,0.9598911269263468,0.000878736522883061,0.71607191035249,0.27878237455624005,-0.27878237455624005,0.5732413737015267,0.29445899914528667,0.05365099994550922,0.00765934263452861,-0.00765934263452861,0.44237110641012023,0.4347117637755916,0.19911740996730481,0.6876813022423194,0.001571941602883347,0.9603522812398576,0.5071280624068477,-0.5071280624068477,1.8582525318631602e-06,0.8113622064706193,0.3042341440637715,2.4023388193578297e-06,0.01936863004505146,0.344940954775326,True,0.6873510825874649,0.4022464510405901,-0.4022464510405901,0.6768046435483457,0.2745581925077556,0.0,0.0,0.0030474162186434435,0.31940899918308874,0.31940899918308874,0.0,0.005412093464234377,0.0,0.0025524954678885093,0.0,0.009652330195430528,0.002682549997275461,0.001991174099673048,1.8582525318631602e-07,2.4023388193578297e-08,0.0001936863004505146,0.344940954775326
0.0,0.0,0.0054319451514623016,10100,0.29221863131832965,0.29221863161054823,0.07570149602048382,-0.07570149602048382,0.20509144471803456,0.12938994869755074,0.0,0.009603306676893034,1.614867865543284,0.0,0.027558079124570752,7.850104390788824e-05,0.0,0.009674470930179747,0.9016411115852779,0.005176712850181853,0.71607191035249,0.26089888740408,-0.26089888740408,0.5732413737015267,0.3123424862974467,0.0744048150386137,0.17275152870704102,0.17275152870704102,0.44237110641012023,0.6151226351171613,0.17380848942771787,0.6460827924070052,0.009553178154288328,0.9022596390722424,0.3423955868959598,-0.3423955868959598,2.4681683369955977e-06,0.8113622064706193,0.4689666195746595,8.089934699483052e-06,0.05063780216719207,0.36306054317910225,True,0.6456398822416237,0.45396240896888373,-0.45396240896888373,0.6768046435483457,0.22284223457946198,0.0,0.0,0.0010863890302924603,0.29221863131832965,0.29221863131832965,0.0,0.004801653338446517,0.0,0.0009420125268946589,0.0,0.05804682558107848,0.003720240751930685,0.0017380848942771788,2.468168336995598e-07,8.089934699483052e-08,0.0005063780216719207,0.36306054317910225
0.0,0.0,0.020403298037927616,10125,0.20020351973644715,0.20020351993665067,0.07217387870347924,-0.07217387870347924,0.20509144471803456,0.13291756601455532,0.0,0.010425536130157334,0.9909393980628095,0.0,0.05312120315210534,0.0003441601350780194,0.0,0.002026157827732535,1.0450128629141997,0.0030746169061362663,0.71607191035249,0.3239519255702033,-0.3239519255702033,0.5732413737015267,0.24928944813132342,0.056102647311314084,0.0014090588750291233,-0.0014090588750291233,0.44237110641012023,0.4409620475350911,0.20207306976173572,0.7485846597540499,0.002061549838149437,1.045404293168702,0.3004063329560286,-0.3004063329560286,3.154763516056089e-07,0.8113622064706193,0.5109558735145907,4.40103651844665e-06,0.0670892468785923,0.23128064708641213,True,0.7483043675400244,0.002716210664831964,-0.002716210664831964,0.6768046435483457,0.6740884328835137,0.0,0.0,0.004080659607585523,0.20020351973644715,0.20020351973644715,0.0,0.005212768065078667,0.0,0.004129921620936233,0.0,0.01215694696639521,0.0028051323655657046,0.002020730697617357,3.154763516056089e-08,4.40103651844665e-08,0.000670892468785923,0.23128064708641213
0.0,0.0,0.001439398178479678,10150,0.2501606074769758,0.25016060772713644,0.04753761021236477,-0.04753761021236477,0.20509144471803456,0.1575538345056698,0.0,0.008959612968840989,1.3860043260283204,0.0,0.027224037901066856,0.00010875330529868941,0.0,1.3957624052223393e-06,1.0011814238888825,0.006164020344011162,0.71607191035249,0.28966027221030777,-0.28966027221030777,0.5732413737015267,0.28358110149121896,0.08844218914232072,0.10354392465918094,0.10354392465918094,0.44237110641012023,0.5459150310693012,0.1562497257048693,0.7172849850159961,2.8698197240025644e-06,1.0016940542269959,0.30506126554545243,-0.30506126554545243,2.6804722478145274e-06,0.8113622064706193,0.5063009409251669,6.839403829835431e-06,0.09330154436520553,0.2631596664341877,True,0.7169179048253524,0.350649441095205,-0.350649441095205,0.6768046435483457,0.32615520245314067,0.0,0.0,0.0002878796356959356,0.2501606074769758,0.2501606074769758,0.0,0.004479806484420494,0.0,0.001305039663584273,0.0,8.374574431334035e-06,0.004422109457116036,0.001562497257048693,2.6804722478145275e-07,6.839403829835431e-08,0.0009330154436520553,0.2631596664341877
0.0,0.0,0.029663574154613175,10175,0.2215059511900418,0.22150595141154775,0.03444026000545242,-0.03444026000545242,0.20509144471803456,0.17065118471258214,0.0,0.010137617817606193,1.3418065973636206,0.0,0.05014192910688944,0.0005280977606086643,0.0007970081606194926,5.205207308685648e-05,0.992785287733606,0.006725577421270607,0.71607191035249,0.30763568758038706,-0.30763568758038706,0.5732413737015267,0.26560568612113966,0.09999814600210404,0.0075120751163321176,-0.0075120751163321176,0.44237110641012023,0.4348590312937881,0.16918326834013162,0.7113257048797783,4.393206463058583e-05,0.9933718732185793,0.01403750848605878,0.01403750848605878,8.591103006636095e-06,0.8113622064706193,0.8253997149566781,5.9880142287690725e-06,0.18894070477690336,0.247938278557466,True,0.7109056674851025,0.3863225360425204,0.3863225360425204,0.6768046435483457,1.0631271795908661,0.0,0.0,0.005932714830922635,0.2215059511900418,0.2215059511900418,0.0,0.005068808908803096,0.0,0.006337173127303972,0.00019925204015487316,0.0003123124385211389,0.0049999073001052025,0.001691832683401316,8.591103006636095e-07,5.988014228769072e-08,0.0018894070477690336,0.247938278557466
0.0719315170171537,0.0,0.006569036101781972,10200,0.3141402532131768,0.31414025352731706,0.19647434361664626,0.19647434361664626,0.20509144471803456,0.4015657883346808,0.0,0.013942139302333076,1.5272753939209853,0.0,0.05573004081092683,0.0004308069351407172,0.0,0.44649193016687316,1.6682005164371494,0.005062895926314071,0.71607191035249,0.532545175014319,-0.532545175014319,0.5732413737015267,0.04069619868720778,0.15072723205271193,0.35995515229438935,0.35995515229438935,0.44237110641012023,0.8023262587045096,0.23180473101444043,1.1956614851388985,0.4485658035104751,1.669750553199081,0.15040255926797574,0.15040255926797574,5.5617605252526425e-06,0.8113622064706193,0.961764765738595,7.076370729015343e-06,0.06670445646684105,3.30479454279345,True,1.1945515473381652,0.13793230877056184,0.13793230877056184,0.6768046435483457,0.8147369523189075,0.2877260680686148,0.0,0.0013138072203563945,0.3141402532131768,0.3141402532131768,0.0,0.006971069651166538,0.0,0.005169683221688606,0.0,2.6789515810012388,0.007536361602635597,0.0023180473101444042,5.561760525252643e-07,7.076370729015343e-08,0.0006670445646684104,3.30479454279345
0.0,0.0,0.020635707997688966,10225,0.28998044127719425,0.2899804415671747,0.12295302779588861,-0.12295302779588861,0.20509144471803456,0.08213841692214595,0.0,0.0086074518871589,1.556419707472641,0.0,0.014318234214406254,4.411620166080849e-05,0.0,0.1631470459593524,0.5960853481744536,0.0025612868386392855,0.71607191035249,0.05528468787426766,0.05528468787426766,0.5732413737015267,0.6285260615757944,0.0874833008036978,0.031737473798819416,0.031737473798819416,0.44237110641012023,0.47410858020893965,0.21368701415923744,0.42709481097765123,0.16285968756829636,0.5964412216686442,0.3587053686146916,-0.3587053686146916,5.568891925640794e-06,0.8113622064706193,0.4526568378559277,7.089091892550726e-06,0.04909276841456888,1.28482556964239,True,0.4268399799612636,0.5221040413402329,-0.5221040413402329,0.6768046435483457,0.15470060220811277,0.0,0.0,0.0041271415995377935,0.28998044127719425,0.28998044127719425,0.0,0.00430372594357945,0.0,0.0005293944199297019,0.0,0.9788822757561144,0.00437416504018489,0.0021368701415923745,5.568891925640795e-07,7.089091892550726e-08,0.0004909276841456888,1.28482556964239
0.0,0.0,0.015189479835910024,10250,0.3345506372700042,0.3345506376045549,0.11835188562155685,-0.11835188562155685,0.20509144471803456,0.08673955909647771,0.0,0.005358141770564299,1.003474697034533,0.0,0.02647051898534552,0.00019452703142765638,0.0,0.022246941480283066,0.8508459136319656,0.0023305382881780036,0.71607191035249,0.22404150144690765,-0.22404150144690765,0.5732413737015267,0.34919987225461907,0.0728911220936247,0.18690235067496708,-0.18690235067496708,0.44237110641012023,0.25546875573515315,0.11882016677432124,0.6095855956419474,0.022114360661318198,0.8512910202398046,0.5067842376669107,-0.5067842376669107,9.864124261622447e-07,0.8113622064706193,0.30457796880370863,3.4086870723091054e-06,0.020519537623101314,0.48112166325806743,True,0.6092668672985104,0.4512827607740496,-0.4512827607740496,0.6768046435483457,0.22552188277429608,0.0,0.0,0.003037895967182005,0.3345506372700042,0.3345506372700042,0.0,0.0026790708852821496,0.0,0.0023343243771318765,0.0,0.1334816488816984,0.003644556104681235,0.0011882016677432123,9.864124261622447e-08,3.4086870723091054e-08,0.00020519537623101314,0.48112166325806743
0.0,0.0,0.00784825898603626,10275,0.2917538737962878,0.29175387408804165,0.0258075047231682,0.0258075047231682,0.20509144471803456,0.23089894944120276,0.0,0.003300578546382036,2.5060710666850334,0.0,0.020380854777535595,5.562638770221357e-05,0.0,0.01450117161823202,1.120420810569569,0.009474986960451029,0.71607191035249,0.40120178977766896,-0.40120178977766896,0.5732413737015267,0.17203958392385774,0.14103683981657075,0.2171209271567731,0.2171209271567731,0.44237110641012023,0.6594920335668933,0.06736304464615767,0.8028883492162726,0.014699093321485251,1.1212398173929887,0.3350784867024001,-0.3350784867024001,1.095376347292997e-05,0.8113622064706193,0.4762837197682192,1.1454374591884947e-05,0.16677936005498234,0.39204283718643784,True,0.8023018814274446,0.3233475259622004,-0.3233475259622004,0.6768046435483457,0.3534571175861453,0.0,0.0,0.001569651797207252,0.2917538737962878,0.2917538737962878,0.0,0.001650289273191018,0.0,0.0006675166524265628,0.0,0.08700702970939211,0.007051841990828538,0.0006736304464615766,1.0953763472929972e-06,1.1454374591884947e-07,0.0016677936005498235,0.39204283718643784
0.0,0.0,0.01508503843746198,10300,0.49704489744430014,0.49704489794134504,0.31713471614709277,0.31713471614709277,0.20509144471803456,0.5222261608651273,0.0,0.010680697491786724,7.130395697577736,0.0,0.056125224017094286,0.00013909568522378507,0.13111035914599964,0.1420871952440583,0.6230554480509656,0.006646682564372219,0.71607191035249,0.025550614964920282,0.025550614964920282,0.5732413737015267,0.598791988666447,0.42318569231344566,0.37072804246948493,-0.37072804246948493,0.44237110641012023,0.07164306394063528,0.23000380851781643,0.4468144283090975,0.14139117540963275,0.6239798204755059,0.998299325115264,0.998299325115264,0.00017415313996788822,0.8113622064706193,1.8096615315858833,5.9725449150318366e-05,1.0,1.4258494986205594,True,0.446152511171936,0.0002583369505250177,-0.0002583369505250177,0.6768046435483457,0.6765463065978207,0.0,0.0,0.0030170076874923963,0.49704489744430014,0.49704489744430014,0.0,0.005340348745893362,0.0,0.001669148222685421,0.03277758978649991,0.8525231714643497,0.021159284615672284,0.0023000380851781643,1.741531399678882e-05,5.972544915031837e-07,0.01,1.4258494986205594
0.0,0.0,0.01748171349204321,10325,0.34809366454991764,0.3480936648980113,0.11766084369666187,-0.11766084369666187,0.20509144471803456,0.08743060102137269,0.0,0.00622069166439243,1.1105962899944082,0.0,0.033162657669586926,0.0002310980646125219,0.0,0.023194433318941964,0.8477028125048202,0.0037888954693950524,0.71607191035249,0.22053470728665592,-0.22053470728665592,0.5732413737015267,0.3527066664148708,0.06660679308555992,0.19604423018112732,-0.19604423018112732,0.44237110641012023,0.2463268762289929,0.15771345699353823,0.6072556122927124,0.023092698543594692,0.8480371803907459,0.550614654944263,-0.550614654944263,3.6321474236557468e-06,0.8113622064706193,0.26074755152635637,3.4353127090443475e-06,0.037801199722175584,0.5019260135588292,True,0.6070161808385334,0.4491731604031155,-0.4491731604031155,0.6768046435483457,0.22763148314523018,0.0,0.0,0.0034963426984086425,0.34809366454991764,0.34809366454991764,0.0,0.003110345832196215,0.0,0.0027731767753502628,0.0,0.13916659991365177,0.0033303396542779962,0.0015771345699353823,3.632147423655747e-07,3.435312709044347e-08,0.00037801199722175584,0.5019260135588292
0.0,0.0,0.018404934461316694,10350,0.22475767244704328,0.22475767267180097,0.03610105204994371,-0.03610105204994371,0.20509144471803456,0.16899039266809085,0.0,0.006381496305449612,1.2935695325365508,0.0,0.02443232885732063,0.00019240741094973574,0.0007438485506908748,0.0005336389454432469,1.0231006265162494,0.005613886042256817,0.71607191035249,0.4877442209373253,0.4877442209373253,0.5732413737015267,1.060985594638852,0.09122994335962879,0.03660996640145148,0.03660996640145148,0.44237110641012023,0.4789810728115717,0.1637082117896928,0.7330091012914375,0.0005594599039516023,1.0236529047677363,0.10972576244560628,-0.10972576244560628,1.7732438419949748e-06,0.8113622064706193,0.701636444025013,9.636108924488895e-06,0.12741272736691792,0.24479907247878144,True,0.7326136303433264,0.0015210270102627987,0.0015210270102627987,0.6768046435483457,0.6783256705586085,0.0,0.0,0.003680986892263339,0.22475767244704328,0.22475767244704328,0.0,0.003190748152724806,0.0,0.002308888931396829,0.0001859621376727187,0.0032018336726594814,0.00456149716798144,0.001637082117896928,1.7732438419949748e-07,9.636108924488895e-08,0.0012741272736691792,0.24479907247878144
0.0,0.0,0.018506709598700384,10375,0.04830247276293493,0.048302472811237396,0.0028314069275509335,0.0028314069275509335,0.20509144471803456,0.2079228516455855,0.0,0.006460565480220395,1.5228126974650233,0.0,0.023572139034154567,0.00018305219584792672,0.0,0.001902276411146639,1.0436150938454412,0.006303040032004109,0.71607191035249,0.06666226162065614,0.06666226162065614,0.5732413737015267,0.6399036353221829,0.11059116007857683,0.06882630801818623,0.06882630801818623,0.44237110641012023,0.5111974144283065,0.1654683754840902,0.747738812490731,0.0019556791148355878,1.044223060894013,0.030563077280335693,0.030563077280335693,3.233381307687929e-06,0.8113622064706193,0.841925283750955,1.3086997445071882e-05,0.15236460286742526,0.07755272423538938,True,0.7473034643587491,0.039276049197614515,0.039276049197614515,0.6768046435483457,0.7160806927459602,0.0,0.0,0.003701341919740077,0.04830247276293493,0.04830247276293493,0.0,0.0032302827401101976,0.0,0.002196626350175121,0.0,0.011413658466879834,0.005529558003928842,0.0016546837548409021,3.233381307687929e-07,1.3086997445071882e-07,0.0015236460286742527,0.07755272423538938
0.0,0.0,0.018506276223068382,10400,0.038059765430788026,0.038059765468847796,0.0027708066960692446,0.0027708066960692446,0.20509144471803456,0.2078622514141038,0.0,0.006460541029453287,1.5217833089563777,0.0,0.023567093895878053,0.00018325982640239076,0.0,0.001918978536183674,1.043806147241953,0.006302589767937504,0.71607191035249,0.0002537997602202191,0.0002537997602202191,0.5732413737015267,0.5734951734617469,0.11046313479964033,0.06878941069437716,0.06878941069437716,0.44237110641012023,0.5111605171044974,0.16547226268810614,0.7478783389951094,0.001972950794628433,1.0444179107413714,0.030409673657656233,0.030409673657656233,3.224165909817618e-06,0.8113622064706193,0.8417718801282755,1.307098079647348e-05,0.1522957714522928,0.06740557053184404,True,0.7474402723312793,0.03972726617838662,0.03972726617838662,0.6768046435483457,0.7165319097267323,0.0,0.0,0.0037012552446136766,0.038059765430788026,0.038059765430788026,0.0,0.0032302705147266436,0.0,0.002199117916828689,0.0,0.011513871217102045,0.005523156739982017,0.0016547226268810613,3.224165909817618e-07,1.3070980796473482e-07,0.0015229577145229282,0.06740557053184404
0.0,0.0,0.01850605510591915,10425,0.03585282318226797,0.0358528232181208,0.0016576810777733098,0.0016576810777733098,0.20509144471803456,0.20674912579580787,0.0,0.006457662479544874,1.5214519212195103,0.0,0.02366097372370848,0.00018220149702081724,0.0,0.0017191891399853392,1.0414631057686872,0.00628699951620737,0.71607191035249,0.0009006354230317593,0.0009006354230317593,0.5732413737015267,0.5741420091245585,0.11036610413079984,0.06727343337670555,0.06727343337670555,0.44237110641012023,0.5096445397868258,0.16537281063721027,0.7461969311393202,0.0017698690487117099,1.0420698116077516,0.026236843281731703,0.026236843281731703,3.233101087423611e-06,0.8113622064706193,0.837599049752351,1.3062134575121325e-05,0.151880819604282,0.0639757136877955,True,0.7457624861240522,0.03477756215073291,0.03477756215073291,0.6768046435483457,0.7115822056990786,0.0,0.0,0.00370121102118383,0.03585282318226797,0.03585282318226797,0.0,0.003228831239772437,0.0,0.002186417964249807,0.0,0.010315134839912036,0.005518305206539992,0.0016537281063721027,3.2331010874236114e-07,1.3062134575121327e-07,0.0015188081960428202,0.0639757136877955
0.0,0.0,0.018500391951536008,10450,0.033536947058505316,0.03353694709204227,0.014907212298870626,-0.014907212298870626,0.20509144471803456,0.19018423241916393,0.0,0.0064279475836134204,1.5160281540356826,0.0,0.02539477050095256,0.00016961107628830032,0.0,3.372424412031766e-05,1.0058072578830561,0.006053474645295833,0.71607191035249,0.03202591313843628,-0.03202591313843628,0.5732413737015267,0.5412154605630904,0.10853185291936197,0.041676653630841776,0.041676653630841776,0.44237110641012023,0.484047760040962,0.16411424186278303,0.7206644250186068,4.1132577505499224e-05,1.0064134684458177,0.036609325382802704,-0.036609325382802704,3.382653458171405e-06,0.8113622064706193,0.7747528810878166,1.2916580747629441e-05,0.14579096301633895,0.05121478974671335,True,0.7202303346567921,0.03603559140001544,-0.03603559140001544,0.6768046435483457,0.6407690521483302,0.0,0.0,0.003700078390307202,0.033536947058505316,0.033536947058505316,0.0,0.0032139737918067102,0.0,0.002035332915459604,0.0,0.00020234546472190596,0.005426592645968099,0.0016411424186278303,3.382653458171405e-07,1.291658074762944e-07,0.0014579096301633896,0.05121478974671335
0.0,0.0,0.018502080334085454,10475,0.025118432897840683,0.02511843292295911,0.009597149005313305,-0.009597149005313305,0.20509144471803456,0.19549429571272126,0.0,0.00643431205516586,1.517737950384342,0.0,0.024905698688332884,0.00017310047428535798,0.0,0.00030029629449605745,1.0173290592501745,0.006127760006810061,0.71607191035249,0.009122087449836558,-0.009122087449836558,0.5732413737015267,0.5641192862516902,0.10920091560148444,0.05032770525633301,0.05032770525633301,0.44237110641012023,0.49269881166645324,0.1644630429083978,0.7288939764971076,0.00032062845379848625,1.0179061010216766,0.01614887652046859,-0.01614887652046859,3.33413410614225e-06,0.8113622064706193,0.7952133299501507,1.2966913806804056e-05,0.1477647513899422,0.04449777525624765,True,0.7284807730876646,0.013627049747163111,-0.013627049747163111,0.6768046435483457,0.6631775938011826,0.0,0.0,0.003700416066817091,0.025118432897840683,0.025118432897840683,0.0,0.00321715602758293,0.0,0.002077205691424296,0.0,0.0018017777669763447,0.005460045780074222,0.001644630429083978,3.3341341061422504e-07,1.2966913806804056e-07,0.0014776475138994218,0.04449777525624765
0.0,0.0,0.018501725225432045,10500,0.024686939070278687,0.024686939094965624,0.009585371566354223,-0.009585371566354223,0.20509144471803456,0.19550607315168034,0.0,0.006434097190215683,1.517920912440534,0.0,0.02491246423980322,0.00017308755548805474,0.0,0.00029769616746621946,1.0172538739843033,0.006127204338972852,0.71607191035249,0.0003291057639540629,0.0003291057639540629,0.5732413737015267,0.5735704794654808,0.10920856369997844,0.050178084798268185,0.050178084798268185,0.44237110641012023,0.4925491912083884,0.16445828203226914,0.7288399918805002,0.00031793425780291055,1.017830711085173,0.016001897626862993,-0.016001897626862993,3.3372101572205164e-06,0.8113622064706193,0.7953603088437563,1.2969154391979025e-05,0.1478030882540105,0.044051065681548277,True,0.7284269350299499,0.013466114103221294,-0.013466114103221294,0.6768046435483457,0.6633385294451244,0.0,0.0,0.0037003450450864093,0.024686939070278687,0.024686939070278687,0.0,0.0032170485951078416,0.0,0.0020770506658566567,0.0,0.0017861770047973167,0.005460428184998922,0.0016445828203226914,3.337210157220517e-07,1.2969154391979025e-07,0.0014780308825401052,0.044051065681548277
0.0,0.0,0.018500949688735228,10525,0.024846821654851872,0.024846821679698695,0.010277048783360165,-0.010277048783360165,0.20509144471803456,0.1948143959346744,0.0,0.006432835257770529,1.5176727308324045,0.0,0.02500505542833866,0.00017265877579662511,0.0,0.00024617471782159886,1.0156899559534627,0.006116612682262561,0.71607191035249,0.0024540491581819257,0.0024540491581819257,0.5732413737015267,0.5756954228597086,0.1091051927824091,0.04876578479661953,0.04876578479661953,0.44237110641012023,0.49113689120673976,0.16440548361573043,0.7277186792068623,0.0002645433685290414,1.0162647892248575,0.018455478768148792,-0.018455478768148792,3.346465975443551e-06,0.8113622064706193,0.7929067277024705,1.2961523522031717e-05,0.14758989258894137,0.043888060500973214,True,0.727307057242332,0.016014873885097813,-0.016014873885097813,0.6768046435483457,0.6607897696632479,0.0,0.0,0.003700189937747046,0.024846821654851872,0.024846821654851872,0.0,0.0032164176288852647,0.0,0.0020719053095595015,0.0,0.0014770483069295932,0.005455259639120455,0.0016440548361573042,3.3464659754435513e-07,1.2961523522031718e-07,0.0014758989258894138,0.043888060500973214
0.0,0.0,0.018499487355223478,10550,0.024829018675328836,0.024829018700157857,0.010929331214533877,-0.010929331214533877,0.20509144471803456,0.19416211350350068,0.0,0.00643139445321466,1.5171735960537458,0.0,0.025083106126749247,0.0001723811957819865,0.0,0.00020093002311225754,1.014174978769376,0.006105556547096318,0.71607191035249,0.004543335686025829,0.004543335686025829,0.5732413737015267,0.5777847093875526,0.10901939320057609,0.046978421706747486,0.046978421706747486,0.44237110641012023,0.4893495281168677,0.16435314197538672,0.7266310226187975,0.00021744063338144994,1.0147458683495225,0.02049208652091017,-0.02049208652091017,3.3576733770988826e-06,0.8113622064706193,0.7908701199497091,1.294951193870079e-05,0.14743978525570076,0.04358813205583501,True,0.7262222246208327,0.017759812838922917,-0.017759812838922917,0.6768046435483457,0.6590448307094228,0.0,0.0,0.0036998974710446956,0.024829018675328836,0.024829018675328836,0.0,0.00321569722660733,0.0,0.002068574349383838,0.0,0.0012055801386735452,0.005450969660028805,0.0016435314197538672,3.357673377098883e-07,1.294951193870079e-07,0.0014743978525570075,0.04358813205583501
0.0,0.0,0.018491806513889646,10575,0.023718413867580706,0.02371841389129912,0.012649044239513685,-0.012649044239513685,0.20509144471803456,0.19244240047852088,0.0,0.006426382054844593,1.5144202501084256,0.0,0.025291601800031854,0.00017245851176375858,0.0,0.00010033849357710988,1.0100169103808065,0.006070213657215083,0.71607191035249,0.007337655521646447,0.007337655521646447,0.5732413737015267,0.5805790292231732,0.1088906442262635,0.040608970194248584,0.040608970194248584,0.44237110641012023,0.4829800766043688,0.1642046548928316,0.7236426387499971,0.00011177917423221737,1.0105725670597172,0.02437221450581395,-0.02437221450581395,3.399901088471652e-06,0.8113622064706193,0.7869899919648053,1.2892425161616692e-05,0.14731994490900127,0.041861746424100656,True,0.723244748604873,0.018864860951317786,-0.018864860951317786,0.6768046435483457,0.6579397825970279,0.0,0.0,0.0036983613027779293,0.023718413867580706,0.023718413867580706,0.0,0.0032131910274222964,0.0,0.002069502141165103,0.0,0.0006020309614626592,0.0054445322113131755,0.0016420465489283159,3.3999010884716523e-07,1.2892425161616693e-07,0.0014731994490900127,0.041861746424100656
0.0,0.0,0.018484166060895528,10600,0.021717234075730306,0.02171723409744754,0.013746098086526132,-0.013746098086526132,0.20509144471803456,0.19134534663150843,0.0,0.006422438885838345,1.5121094263304438,0.0,0.025454353589096604,0.00017313676778343124,0.0,5.216035646311657e-05,1.0072222127123975,0.006043002269564349,0.71607191035249,0.0012676124823528534,0.0012676124823528534,0.5732413737015267,0.5745089861838796,0.10855004644583854,0.034684664275972665,0.034684664275972665,0.44237110641012023,0.4770557706860929,0.16410378111879478,0.7216255993598932,6.0151749283726516e-05,1.007755755880875,0.025876647722638868,-0.025876647722638868,3.4366720130248236e-06,0.8113622064706193,0.7854855587479804,1.2838796611303826e-05,0.1474470982864429,0.03955937325452017,True,0.7212435440786507,0.017175633813876878,-0.017175633813876878,0.6768046435483457,0.6596290097344688,0.0,0.0,0.003696833212179106,0.021717234075730306,0.021717234075730306,0.0,0.0032112194429191727,0.0,0.002077641213401175,0.0,0.00031296213877869943,0.005427502322291927,0.001641037811187948,3.4366720130248236e-07,1.2838796611303827e-07,0.001474470982864429,0.03955937325452017
0.0,0.0,0.01847898456306016,10625,0.02105708421958993,0.021057084240647016,0.014457967310393893,-0.014457967310393893,0.20509144471803456,0.19063347740764067,0.0,0.006419942928076375,1.5106362476291262,0.0,0.025566213195339988,0.00017347158269979788,0.0,2.8318113773397237e-05,1.0053214766534673,0.006023911403117399,0.71607191035249,0.008449039537974046,-0.008449039537974046,0.5732413737015267,0.5647923341635527,0.10837275486042015,0.03088172329999167,0.03088172329999167,0.44237110641012023,0.4732528297101119,0.16403854966341233,0.7202607908545264,3.42200453817804e-05,1.005849790199809,0.026936248993192247,-0.026936248993192247,3.4619820489355747e-06,0.8113622064706193,0.784425957477427,1.280291618532258e-05,0.14754176343713407,0.038749335372671334,True,0.7198824803588493,0.016041899885155697,-0.016041899885155697,0.6768046435483457,0.66076274366319,0.0,0.0,0.0036957969126120323,0.02105708421958993,0.02105708421958993,0.0,0.0032099714640381875,0.0,0.002081658992397575,0.0,0.00016990868264038343,0.005418637743021008,0.0016403854966341234,3.461982048935575e-07,1.280291618532258e-07,0.0014754176343713407,0.038749335372671334
0.0,0.0,0.018475924126781746,10650,0.0204214041478369,0.020421404168258304,0.014429252448318275,-0.014429252448318275,0.20509144471803456,0.19066219226971629,0.0,0.006418865035114416,1.509893990460471,0.0,0.02559485632031653,0.00017394912262253562,0.0,2.6678298776938128e-05,1.0051651039463827,0.006018678501475028,0.71607191035249,0.013102738639882872,-0.013102738639882872,0.5732413737015267,0.5601386350616439,0.10833345621618655,0.029376382722508143,0.029376382722508143,0.44237110641012023,0.4717474891326284,0.16402699392800418,0.7201379741902081,3.2242815764626186e-05,1.0056782757739147,0.025771737118489013,-0.025771737118489013,3.473725360563807e-06,0.8113622064706193,0.7855904693521303,1.27863129274056e-05,0.1477816882172501,0.038108715622809715,True,0.7197705062541965,0.013346511116041904,-0.013346511116041904,0.6768046435483457,0.6634581324323038,0.0,0.0,0.0036951848253563495,0.0204214041478369,0.0204214041478369,0.0,0.003209432517557208,0.0,0.002087389471470427,0.0,0.00016006979266162876,0.005416672810809328,0.001640269939280042,3.4737253605638074e-07,1.27863129274056e-07,0.0014778168821725011,0.038108715622809715
0.0,0.0,0.018472015679434416,10675,0.017523125134181455,0.01752312515170458,0.011233491500312748,-0.011233491500312748,0.20509144471803456,0.1938579532177218,0.0,0.0064203697955482085,1.5100473425636094,0.0,0.025378421445374135,0.00017646486459900845,0.0,0.00013147969381226122,1.0114664595151364,0.006054198981400342,0.71607191035249,0.015413558065196953,0.015413558065196953,0.5732413737015267,0.5886549317667237,0.10871931155488082,0.031806799625640814,0.031806799625640814,0.44237110641012023,0.47417790603576104,0.1642000709348737,0.7246414373618563,0.00014321859289278415,1.0119673970809355,0.011878953770892875,-0.011878953770892875,3.469249303989203e-06,0.8113622064706193,0.7994832526997264,1.2798711140313576e-05,0.14937224889611248,0.03590633339399982,True,0.7242827300371377,0.004329945355086684,0.004329945355086684,0.6768046435483457,0.6811345889034324,0.0,0.0,0.0036944031358868835,0.017523125134181455,0.017523125134181455,0.0,0.0032101848977741042,0.0,0.0021175783751881012,0.0,0.0007888781628735673,0.005435965577744041,0.001642000709348737,3.4692493039892036e-07,1.2798711140313577e-07,0.0014937224889611247,0.03590633339399982
0.0,0.0,0.018470414294184497,10700,0.01583818342301197,0.015838183438850156,0.01107495188100971,-0.01107495188100971,0.20509144471803456,0.19401649283702485,0.0,0.006419963479204825,1.5096696183948657,0.0,0.025380292558355895,0.000176818048886699,0.0,0.00013734074379400746,1.0117192467246836,0.006053480973795105,0.71607191035249,0.0010723121937358249,-0.0010723121937358249,0.5732413737015267,0.5721690615077909,0.1087084196407033,0.03119980025073138,0.03119980025073138,0.44237110641012023,0.4735709066608516,0.1642034276147855,0.7248184662374364,0.00014919692418067157,1.0122146192810366,0.010767106932748627,-0.010767106932748627,3.472707679082928e-06,0.8113622064706193,0.8005950995378707,1.2790075377625263e-05,0.14954082978938835,0.03426144779845431,True,0.7244637438597188,0.006409191307726769,0.006409191307726769,0.6768046435483457,0.6832138348560725,0.0,0.0,0.0036940828588368996,0.01583818342301197,0.01583818342301197,0.0,0.0032099817396024125,0.0,0.002121816586640388,0.0,0.0008240444627640448,0.005435420982035165,0.0016420342761478551,3.4727076790829285e-07,1.2790075377625263e-07,0.0014954082978938835,0.03426144779845431
0.0,0.0,0.018458111039179898,10725,0.01415690655589743,0.014156906570054337,0.01372707126248518,-0.01372707126248518,0.20509144471803456,0.19136437345554938,0.0,0.006413302080811661,1.5082529333188799,0.0,0.02575878889834775,0.00017686764560852393,0.0,2.2044781314447914e-05,1.0046951870372167,0.005991539370063345,0.71607191035249,0.008305731317203136,-0.008305731317203136,0.5732413737015267,0.5649356423843236,0.10873216920187512,0.02048078423972116,0.02048078423972116,0.44237110641012023,0.4628518906498414,0.16398230694557453,0.7197957501617863,2.7043715625957098e-05,1.0052003572594541,0.01762801248254986,-0.01762801248254986,3.553869231545634e-06,0.8113622064706193,0.7937341939880694,1.2714946766445745e-05,0.14947187134598255,0.031881493018728356,True,0.7194340119506438,0.003803026800901943,0.003803026800901943,0.6768046435483457,0.6806076703492476,0.0,0.0,0.0036916222078359796,0.01415690655589743,0.01415690655589743,0.0,0.0032066510404058306,0.0,0.002122411747302287,0.0,0.0001322686878866875,0.005436608460093756,0.0016398230694557453,3.553869231545634e-07,1.2714946766445745e-07,0.0014947187134598256,0.031881493018728356
0.0,0.0,0.018446330302860428,10750,0.0133689158456656,0.013368915859034516,0.014036429535931816,-0.014036429535931816,0.20509144471803456,0.19105501518210274,0.0,0.006409567886503082,1.5086306299884171,0.0,0.025985882307910015,0.00017842975721372797,0.0,5.676867297965228e-06,1.00238261774063,0.0059597547449298195,0.71607191035249,0.012038280557661873,-0.012038280557661873,0.5732413737015267,0.5612030931438649,0.10895674115183795,0.01321696397051958,0.01321696397051958,0.44237110641012023,0.4555880703806398,0.16391207553205392,0.7181787881722549,8.656877894351307e-06,1.002942257278749,0.015857056866230845,-0.015857056866230845,3.622635200791078e-06,0.8113622064706193,0.7955051496043885,1.2667586437084922e-05,0.15032880337900908,0.03102891892592873,True,0.7177780460134889,0.011205517135352228,0.011205517135352228,0.6768046435483457,0.6880101606836979,0.0,0.0,0.0036892660605720856,0.0133689158456656,0.0133689158456656,0.0,0.003204783943251541,0.0,0.0021411570865647357,0.0,3.406120378779137e-05,0.005447837057591898,0.0016391207553205392,3.622635200791078e-07,1.2667586437084923e-07,0.001503288033790091,0.03102891892592873
0.0,0.0,0.018450663191855204,10775,0.012751243976266934,0.012751243989018179,0.01387807170260813,-0.01387807170260813,0.20509144471803456,0.19121337301542643,0.0,0.006410928885853866,1.5085017203139064,0.0,0.02589666257264444,0.000177940563969937,0.0,1.1386153189694185e-05,1.0033743374445503,0.0059725650661823695,0.71607191035249,0.0051533917139005014,-0.0051533917139005014,0.5732413737015267,0.5680879819876262,0.10889833562674521,0.015919301509606076,0.015919301509606076,0.44237110641012023,0.4582904079197263,0.16394021593766986,0.7188565393583723,1.5122314931106286e-05,1.0038887420756726,0.016241796263007813,-0.016241796263007813,3.596907837900541e-06,0.8113622064706193,0.7951204102076115,1.268543973482526e-05,0.15003379976987347,0.030435588227936145,True,0.7184881886463265,0.008751724949684458,0.008751724949684458,0.6768046435483457,0.6855563684980301,0.0,0.0,0.003690132638371041,0.012751243976266934,0.012751243976266934,0.0,0.003205464442926933,0.0,0.002135286767639244,0.0,6.831691913816512e-05,0.005444916781337261,0.0016394021593766986,3.5969078379005415e-07,1.268543973482526e-07,0.0015003379976987346,0.030435588227936145
0.0,0.0,0.018439967326029913,10800,0.01282421151480775,0.012824211527631961,0.014408572833468858,-0.014408572833468858,0.20509144471803456,0.1906828718845657,0.0,0.006407662591656369,1.509115633037076,0.0,0.026134226420051393,0.00017914736633623684,0.0,4.485989938928556e-07,1.000669775330908,0.005939126304838372,0.71607191035249,0.009197796961658344,-0.009197796961658344,0.5732413737015267,0.5640435767398684,0.10903692828104436,0.008883794603978146,0.008883794603978146,0.44237110641012023,0.4512549010140984,0.16386649588105168,0.7169671228412251,1.5628931007913675e-06,1.001250157230428,0.015765857457170407,-0.015765857457170407,3.664763809825408e-06,0.8113622064706193,0.7955963490134489,1.2643309244259809e-05,0.1507463001843163,0.030466963550019443,True,0.716551527659898,0.014234166591567177,0.014234166591567177,0.6768046435483457,0.6910388101399129,0.0,0.0,0.0036879934652059828,0.01282421151480775,0.01282421151480775,0.0,0.0032038312958281843,0.0,0.002149768396034842,0.0,2.6915939633571337e-06,0.0054518464140522185,0.0016386649588105168,3.6647638098254084e-07,1.2643309244259808e-07,0.0015074630018431631,0.030466963550019443
0.0,0.0,0.01844095592249147,10825,0.012209330704290174,0.012209330716499505,0.014477437715833763,-0.014477437715833763,0.20509144471803456,0.1906140070022008,0.0,0.006407877957235186,1.5090187116736424,0.0,0.02612483223134695,0.0001789595516405405,0.0,4.2217208311329607e-07,1.0006497477072782,0.0059405811500604574,0.71607191035249,0.003249778490970745,-0.003249778490970745,0.5732413737015267,0.569991595210556,0.10904296205545912,0.009331222265934525,0.009331222265934525,0.44237110641012023,0.45170232867605475,0.16386630055902685,0.7169524641074871,1.5121281378734233e-06,1.001229686194878,0.016271596807339472,-0.016271596807339472,3.6597772199744476e-06,0.8113622064706193,0.7950906096632798,1.2646429254505419e-05,0.15063450486040067,0.029849157118573,True,0.7165371864409853,0.013166052864514,0.013166052864514,0.6768046435483457,0.6899706964128597,0.0,0.0,0.003688191184498294,0.012209330704290174,0.012209330704290174,0.0,0.003203938978617593,0.0,0.002147514619686486,0.0,2.533032498679776e-06,0.005452148102772956,0.0016386630055902685,3.6597772199744476e-07,1.264642925450542e-07,0.0015063450486040067,0.029849157118573
0.0,0.0,0.018442682229130546,10850,0.01211714377448887,0.012117143786606013,0.01423509642048415,-0.01423509642048415,0.20509144471803456,0.1908563482975504,0.0,0.006408474026372672,1.5089235333258006,0.0,0.026071499242831444,0.0001788480970346066,0.0,1.933967064172502e-06,1.001390671443646,0.005948055621662466,0.71607191035249,0.0005554327562439232,-0.0005554327562439232,0.5732413737015267,0.5726859409452828,0.1090738164267319,0.010698136692954496,0.010698136692954496,0.44237110641012023,0.4530692431030747,0.1638860883815289,0.7174825192836298,3.880554731326641e-06,1.0019699123664079,0.015743170236132698,-0.015743170236132698,3.647738010590542e-06,0.8113622064706193,0.7956190362344866,1.2654569306814095e-05,0.150578404058536,0.029766525265533007,True,0.717067741123721,0.012995455139941825,0.012995455139941825,0.6768046435483457,0.6898000986882875,0.0,0.0,0.0036885364458261096,0.01211714377448887,0.01211714377448887,0.0,0.003204237013186336,0.0,0.002146177164415279,0.0,1.1603802385035012e-05,0.005453690821336596,0.001638860883815289,3.647738010590542e-07,1.2654569306814094e-07,0.0015057840405853602,0.029766525265533007
0.0,0.0,0.018442348826128517,10875,0.012114496582530089,0.012114496594644586,0.014368533570294412,-0.014368533570294412,0.20509144471803456,0.19072291114774015,0.0,0.006408303042337168,1.508931349399725,0.0,0.026090427873387993,0.00017882110920133037,0.0,1.1331518485774976e-06,1.0010644960538102,0.005945443808460517,0.71607191035249,0.00016344129640299965,-0.00016344129640299965,0.5732413737015267,0.5730779324051237,0.10908910504657213,0.010300358058080383,0.010300358058080383,0.44237110641012023,0.4526714644682006,0.16387738751928102,0.7172485284195169,2.6999166403236555e-06,1.001643142306778,0.016185357316755966,-0.016185357316755966,3.6507658482121297e-06,0.8113622064706193,0.7951768491538633,1.265229256826101e-05,0.15055483503034434,0.02975903916776717,True,0.7168341760859495,0.012619845525778106,0.012619845525778106,0.6768046435483457,0.6894244890741238,0.0,0.0,0.0036884697652257038,0.012114496582530089,0.012114496582530089,0.0,0.003204151521168584,0.0,0.0021458533104159643,0.0,6.7989110914649854e-06,0.005454455252328606,0.0016387738751928102,3.65076584821213e-07,1.265229256826101e-07,0.0015055483503034434,0.02975903916776717
0.0,0.0,0.018440011568692162,10900,0.012126064606562261,0.012126064618688325,0.014478596136191207,-0.014478596136191207,0.20509144471803456,0.19061284858184335,0.0,0.0064075914979528446,1.5091864599344853,0.0,0.026139885207759783,0.00017907715060071542,0.0,2.7123802956513947e-07,1.000520805174288,0.005938455785463115,0.71607191035249,0.00035909261915012536,-0.00035909261915012536,0.5732413737015267,0.5728822810823766,0.10904112089628318,0.008830315537424971,0.008830315537424971,0.44237110641012023,0.4512014219475452,0.16386109357927597,0.7168597972487512,1.2106077310649588e-06,1.0011002762067158,0.016066993533544016,-0.016066993533544016,3.6655948716645836e-06,0.8113622064706193,0.7952952129370753,1.2644020524843067e-05,0.1507042302242211,0.029766618187204632,True,0.7164448543137719,0.01375957006601336,0.01375957006601336,0.6768046435483457,0.690564213614359,0.0,0.0,0.0036880023137384325,0.012126064606562261,0.012126064606562261,0.0,0.0032037957489764223,0.0,0.002148925807208585,0.0,1.6274281773908368e-06,0.00545205604481416,0.0016386109357927597,3.665594871664584e-07,1.2644020524843068e-07,0.0015070423022422112,0.029766618187204632
0.0,0.0,0.018441448822493222,10925,0.012110119954203328,0.012110119966313447,0.014397416819079578,-0.014397416819079578,0.20509144471803456,0.19069402789895498,0.0,0.006408034171454474,1.5089919229164368,0.0,0.02610806263802163,0.00017892559630772095,0.0,7.791331686883158e-07,1.0008826852036192,0.005942941097029562,0.71607191035249,2.193645956960477e-05,2.193645956960477e-05,0.5732413737015267,0.5732633101610963,0.1090697889490349,0.009750557903358992,0.009750557903358992,0.44237110641012023,0.4521216643134792,0.16387179912949362,0.7171195658895793,2.140501057679327e-06,1.0014630451317985,0.016085679053148283,-0.016085679053148283,3.65637023636221e-06,0.8113622064706193,0.795276527417471,1.264923859398549e-05,0.15061741572565593,0.029753082484546813,True,0.7167039864413124,0.013121222721007908,0.013121222721007908,0.6768046435483457,0.6899258662693536,0.0,0.0,0.0036882897644986445,0.012110119954203328,0.012110119954203328,0.0,0.003204017085727237,0.0,0.002147107155692651,0.0,4.674799012129895e-06,0.005453489447451745,0.0016387179912949364,3.65637023636221e-07,1.264923859398549e-07,0.0015061741572565592,0.029753082484546813
0.0,0.0,0.018435966586718668,10950,0.011897804141220145,0.011897804153117949,0.01429077478210558,-0.01429077478210558,0.20509144471803456,0.19080066993592898,0.0,0.006404579199152616,1.5101311277392204,0.0,0.026099991509490567,0.00017891342876500858,0.0,9.692812121377432e-07,1.0009845208033037,0.00594036243458669,0.71607191035249,0.0014837281621137288,-0.0014837281621137288,0.5732413737015267,0.571757645539413,0.10909253273077579,0.009318774082121117,0.009318774082121117,0.44237110641012023,0.45168988049224135,0.16379184972785293,0.717188051335818,2.4295007670409686e-06,1.0015586855895404,0.015161954244543696,-0.015161954244543696,3.669727034252945e-06,0.8113622064706193,0.7962002522260756,1.264780886006123e-05,0.15048514174472433,0.029537953892649703,True,0.7167769080547386,0.013588105765359293,0.013588105765359293,0.6768046435483457,0.690392749313705,0.0,0.0,0.003687193317343734,0.011897804141220145,0.011897804141220145,0.0,0.003202289599576308,0.0,0.002146961145180103,0.0,5.81568727282646e-06,0.00545462663653879,0.0016379184972785295,3.669727034252945e-07,1.264780886006123e-07,0.0015048514174472432,0.029537953892649703
0.0,0.0,0.018424368601906112,10975,0.011414143000274659,0.0114141430116888,0.013807957604398235,-0.013807957604398235,0.20509144471803456,0.19128348711363632,0.0,0.006395799438157939,1.5128744641937066,0.0,0.02598722934984166,0.00017836380082101745,0.0,5.016651134988404e-06,1.00223978818976,0.0059457093717258545,0.71607191035249,0.004630387533591351,-0.004630387533591351,0.5732413737015267,0.5686109861679354,0.10917209787220955,0.0108344857340964,0.0108344857340964,0.44237110641012023,0.45320559214421663,0.16358623278177126,0.718072696125986,7.806988729457004e-06,1.0027940989118957,0.012866799615553814,-0.012866799615553814,3.68107789631699e-06,0.8113622064706193,0.7984954068550655,1.2659539177741237e-05,0.14979060377557044,0.029060249918762292,True,0.7176757697827143,0.012504899362696609,0.012504899362696609,0.6768046435483457,0.6893095429110423,0.0,0.0,0.0036848737203812225,0.011414143000274659,0.011414143000274659,0.0,0.0031978997190789697,0.0,0.0021403656098522095,0.0,3.0099906809930427e-05,0.005458604893610478,0.0016358623278177125,3.68107789631699e-07,1.265953917774124e-07,0.0014979060377557044,0.029060249918762292
0.0,0.0,0.0184059969875658,11000,0.011282165510728491,0.011282165522010655,0.01247098417424164,-0.01247098417424164,0.20509144471803456,0.19262046054379292,0.0,0.006379025210743605,1.518335363615176,0.0,0.025600955827763422,0.00017639697897967494,0.0,4.3646870502705836e-05,1.0066065778208317,0.0059781148261408065,0.71607191035249,0.004088716194447728,-0.004088716194447728,0.5732413737015267,0.569152657507079,0.10912058839534833,0.018704169305849894,0.018704169305849894,0.44237110641012023,0.4610752757159701,0.1631868131491333,0.7211082758957001,4.94674445483312e-05,1.0070333096439963,0.008708935081786162,-0.008708935081786162,3.6642537302838766e-06,0.8113622064706193,0.8026532713888331,1.2712870952069123e-05,0.1478006555954692,0.029097920145681782,True,0.7208027052196112,0.0062049776999311135,0.0062049776999311135,0.6768046435483457,0.6830096212482768,0.0,0.0,0.0036811993975131604,0.011282165510728491,0.011282165510728491,0.0,0.0031895126053718024,0.0,0.002116763747756099,0.0,0.00026188122301623503,0.005456029419767416,0.001631868131491333,3.664253730283877e-07,1.2712870952069125e-07,0.001478006555954692,0.029097920145681782
0.0,0.0,0.018401237741987445,11025,0.010644351210919497,0.010644351221563849,0.013465371147845046,-0.013465371147845046,0.20509144471803456,0.19162607357018951,0.0,0.006377370613415789,1.5184718380502056,0.0,0.025797347890550538,0.0001767068580589947,0.0,1.3000063135963757e-05,1.0036055600308362,0.005950467467572641,0.71607191035249,0.005718745759258903,-0.005718745759258903,0.5732413737015267,0.5675226279422678,0.10911991667538079,0.013782987604234964,0.013782987604234964,0.44237110641012023,0.4561540940143552,0.16312326677016692,0.7189983721353916,1.6702037641853414e-05,1.0040868126506917,0.011175031070092878,-0.011175031070092878,3.7052601740776954e-06,0.8113622064706193,0.8001871754005264,1.2683404209026908e-05,0.14797852363827754,0.02827927783946158,True,0.7186537606477171,0.00613504072649429,0.00613504072649429,0.6768046435483457,0.68293968427484,0.0,0.0,0.003680247548397489,0.010644351210919497,0.010644351210919497,0.0,0.0031886853067078945,0.0,0.0021204822967079364,0.0,7.800037881578253e-05,0.00545599583376904,0.0016312326677016692,3.705260174077696e-07,1.268340420902691e-07,0.0014797852363827755,0.02827927783946158
0.0,0.0,0.018391382687848824,11050,0.010124640387859613,0.010124640397984254,0.013988054933072425,-0.013988054933072425,0.20509144471803456,0.19110338978496214,0.0,0.0063708199741858195,1.520593316436144,0.0,0.025858306814158835,0.00017631813020016455,0.0,4.886038520008509e-06,1.0022104385356776,0.005935462878482892,0.71607191035249,0.0035930014195508786,-0.0035930014195508786,0.5732413737015267,0.5696483722819758,0.10911251201329171,0.01173494954250448,0.01173494954250448,0.44237110641012023,0.4541060559526247,0.1629425580876674,0.7179896331991834,7.172224373228926e-06,1.0026781008892924,0.012316211163906354,-0.012316211163906354,3.738144292013816e-06,0.8113622064706193,0.7990459953067129,1.2674851048260955e-05,0.14750611757043586,0.027694073626229616,True,0.7176547533195539,0.00381684132914506,0.00381684132914506,0.6768046435483457,0.6806214848774907,0.0,0.0,0.003678276537569765,0.010124640387859613,0.010124640387859613,0.0,0.0031854099870929097,0.0,0.0021158175624019747,0.0,2.931623112005105e-05,0.005455625600664586,0.001629425580876674,3.738144292013816e-07,1.2674851048260956e-07,0.0014750611757043586,0.027694073626229616
0.0,0.0,0.01838778607828256,11075,0.009853261111875655,0.009853261121728915,0.013583439571055178,-0.013583439571055178,0.20509144471803456,0.19150800514697938,0.0,0.006368421603788585,1.5214900154266084,0.0,0.02580791222447243,0.0001763398263284635,0.0,9.466795046726203e-06,1.003076815731682,0.005940039237716443,0.71607191035249,0.003384401923812841,-0.003384401923812841,0.5732413737015267,0.5698569717777139,0.10916907035679325,0.012415536328728771,0.012415536328728771,0.44237110641012023,0.454786642738849,0.16289680147732394,0.7186078404294579,1.2541741242975303e-05,1.003541432089279,0.01057929442706318,-0.01057929442706318,3.7419527110949312e-06,0.8113622064706193,0.8007829120435561,1.268065515500346e-05,0.14742925446358263,0.027450122894719764,True,0.7182751417020463,0.004837639279440253,0.004837639279440253,0.6768046435483457,0.6816422828277859,0.0,0.0,0.0036775572156565123,0.009853261111875655,0.009853261111875655,0.0,0.0031842108018942925,0.0,0.002116077915941562,0.0,5.6800770280357224e-05,0.005458453517839663,0.0016289680147732394,3.7419527110949314e-07,1.268065515500346e-07,0.0014742925446358263,0.027450122894719764
0.0,0.0,0.01837798954493308,11100,0.009781558018670911,0.00978155802845247,0.013216146192481376,-0.013216146192481376,0.20509144471803456,0.19187529852555318,0.0,0.006360252421547606,1.5241843025609076,0.0,0.025686475654779186,0.00017558695598328104,0.0,1.827306523090623e-05,1.0042747006013177,0.0059476877798136036,0.71607191035249,2.2572433609369114e-05,-2.2572433609369114e-05,0.5732413737015267,0.5732188012679174,0.10919799009835501,0.014559385196638908,0.014559385196638908,0.44237110641012023,0.45693049160675914,0.16269332769389855,0.7194476741669341,2.2224307958024125e-05,1.004714266428409,0.009402595210488363,-0.009402595210488363,3.748132807209244e-06,0.8113622064706193,0.8019596112601309,1.2696103530396277e-05,0.14654838354673613,0.027406782393256265,True,0.7191329134210076,0.0018283499740774367,0.0018283499740774367,0.6768046435483457,0.6786329935224231,0.0,0.0,0.003675597908986616,0.009781558018670911,0.009781558018670911,0.0,0.003180126210773803,0.0,0.0021070434717993724,0.0,0.00010963839138543739,0.005459899504917751,0.0016269332769389855,3.7481328072092445e-07,1.2696103530396277e-07,0.0014654838354673614,0.027406782393256265
0.0,0.0,0.018385204450807473,11125,0.009399385219765152,0.009399385229164536,0.013231944764957482,-0.013231944764957482,0.20509144471803456,0.19185949995307708,0.0,0.006368370169986208,1.5220641280877962,0.0,0.025840428577634897,0.0001771079403805355,0.0,1.1082936755930492e-05,1.0033291044975985,0.005937190402647013,0.71607191035249,0.00081438886630536,0.00081438886630536,0.5732413737015267,0.5740557625678321,0.10927084000509003,0.010805894966050944,0.010805894966050944,0.44237110641012023,0.4531770013761712,0.16291545394221138,0.7187993829827612,1.4507892538918531e-05,1.0038089227530784,0.008335053957360228,-0.008335053957360228,3.7609254711764328e-06,0.8113622064706193,0.8030271525132591,1.2673314435539514e-05,0.14788944625691783,0.02702449792795903,True,0.7184557986031395,0.008930516863726479,0.008930516863726479,0.6768046435483457,0.6857351604120722,0.0,0.0,0.0036770408901614948,0.009399385219765152,0.009399385219765152,0.0,0.003184185084993104,0.0,0.002125295284566426,0.0,6.649762053558296e-05,0.005463542000254502,0.0016291545394221138,3.760925471176433e-07,1.2673314435539514e-07,0.0014788944625691784,0.02702449792795903
0.0,0.0,0.01837283080596965,11150,0.009379581297350852,0.009379581306730432,0.01329037171943065,-0.01329037171943065,0.20509144471803456,0.1918010729986039,0.0,0.006359649560185099,1.5250336338732196,0.0,0.025820663906327836,0.00017667542320054102,0.0,1.0014821866678362e-05,1.0031646203353133,0.005930982631111316,0.71607191035249,0.007015976395867818,-0.007015976395867818,0.5732413737015267,0.5662253973056589,0.10929343957137913,0.010293003025236447,0.010293003025236447,0.44237110641012023,0.4526641094353567,0.1626908136781166,0.7186609181480457,1.3072241831385938e-05,1.0036155555356523,0.00792342200796059,-0.00792342200796059,3.7904850008043016e-06,0.8113622064706193,0.8034387844626587,1.2673515717186789e-05,0.14720331660321254,0.026978285313283393,True,0.7183380161131843,0.006730400777521184,0.006730400777521184,0.6768046435483457,0.6835350443258669,0.0,0.0,0.00367456616119393,0.009379581297350852,0.009379581297350852,0.0,0.0031798247800925495,0.0,0.002120105078406492,0.0,6.0088931200070176e-05,0.005464671978568957,0.001626908136781166,3.790485000804302e-07,1.267351571718679e-07,0.0014720331660321253,0.026978285313283393
0.0,0.0,0.018357848372259674,11175,0.009305323790202396,0.00930532379950772,0.013351168717786577,-0.013351168717786577,0.20509144471803456,0.19174027600024798,0.0,0.006347706682556733,1.5289202009794127,0.0,0.025734887499914007,0.00017555132306877039,0.0,1.1485418387687283e-05,1.0033890143681736,0.005929785390635973,0.71607191035249,0.007766384665640391,-0.007766384665640391,0.5732413737015267,0.5654749890358863,0.10929694494914402,0.01127995280080396,0.01127995280080396,0.44237110641012023,0.4536510592109242,0.16237536893062493,0.7188054326686835,1.4572322775287713e-05,1.0038173711864695,0.008091087671118324,-0.008091087671118324,3.8144135408829512e-06,0.8113622064706193,0.803271118799501,1.2683228208551918e-05,0.14593321545093915,0.026874716557993082,True,0.7184986983792103,0.0012929745832145345,0.0012929745832145345,0.6768046435483457,0.6780976181315602,0.0,0.0,0.003671569674451935,0.009305323790202396,0.009305323790202396,0.0,0.0031738533412783666,0.0,0.0021066158768252444,0.0,6.891251032612369e-05,0.0054648472474572015,0.0016237536893062494,3.8144135408829513e-07,1.2683228208551917e-07,0.0014593321545093916,0.026874716557993082
0.0,0.0,0.018362548037087867,11200,0.00896337997668645,0.00896337998564983,0.013447073740204485,-0.013447073740204485,0.20509144471803456,0.19164437097783008,0.0,0.006350494733178724,1.5278507892512982,0.0,0.025733191606854767,0.00017548811467595077,0.0,1.1250777373478393e-05,1.003354217848244,0.0059325312609354265,0.71607191035249,0.0005678958887466168,0.0005678958887466168,0.5732413737015267,0.5738092695902733,0.10929288868590091,0.011850607488741505,0.011850607488741505,0.44237110641012023,0.45422171389886173,0.162440481990927,0.7187838050663894,1.4342642004357468e-05,1.003787168071839,0.008919157260276922,-0.008919157260276922,3.7998712536805834e-06,0.8113622064706193,0.8024430492103424,1.2684683789113533e-05,0.14600951133514423,0.026534150192564682,True,0.7184737815683627,0.000759171808631387,0.000759171808631387,0.6768046435483457,0.6775638153569771,0.0,0.0,0.0036725096074175737,0.00896337997668645,0.00896337997668645,0.0,0.003175247366589362,0.0,0.0021058573761114094,0.0,6.750466424087037e-05,0.0054646444342950455,0.0016244048199092701,3.7998712536805837e-07,1.2684683789113532e-07,0.0014600951133514424,0.026534150192564682
0.0,0.0,0.01836620445767667,11225,0.008838646459322287,0.008838646468160932,0.013373706664364021,-0.013373706664364021,0.20509144471803456,0.19171773805367054,0.0,0.006353724806310161,1.5267981093194885,0.0,0.02576066064593052,0.00017590139975494067,0.0,1.1162799096499045e-05,1.003341077535242,0.005932437986301773,0.71607191035249,0.0015055708772034881,-0.0015055708772034881,0.5732413737015267,0.5717358028243232,0.1093276014180829,0.011353121339641559,0.011353121339641559,0.44237110641012023,0.4537242277497618,0.1625294873888536,0.7187804822368475,1.4307515911478345e-05,1.0037825277145684,0.008495008534444515,-0.008495008534444515,3.7959390112159664e-06,0.8113622064706193,0.8028671979361748,1.2681113586347511e-05,0.14642954879339568,0.02642302018341461,True,0.7184643721591973,0.002902938025866386,0.002902938025866386,0.6768046435483457,0.6797075815742121,0.0,0.0,0.0036732408915353346,0.008838646459322287,0.008838646459322287,0.0,0.0031768624031550804,0.0,0.002110816797059288,0.0,6.697679457899427e-05,0.005466380070904145,0.001625294873888536,3.7959390112159665e-07,1.2681113586347512e-07,0.0014642954879339567,0.02642302018341461
0.0,0.0,0.018351354586203038,11250,0.008587251502749495,0.008587251511336748,0.013222098744873012,-0.013222098744873012,0.20509144471803456,0.19186934597316155,0.0,0.006344241571945973,1.5306288510803683,0.0,0.02575632845975576,0.00017600665866421866,0.0,1.1533285861053929e-05,1.0033960691778958,0.005924951358005285,0.71607191035249,0.006502589045732865,-0.006502589045732865,0.5732413737015267,0.5667387846557939,0.10939243940766198,0.00989377503525457,0.00989377503525457,0.44237110641012023,0.4522648814453748,0.16229115018240767,0.7187985845297898,1.4499399535778723e-05,1.0038078077073007,0.006891435922958489,-0.006891435922958489,3.841577706588371e-06,0.8113622064706193,0.8044707705476608,1.2674681123097957e-05,0.14588762420729418,0.02616284344396205,True,0.7185037501303557,0.0024936338042000905,0.0024936338042000905,0.6768046435483457,0.6792982773525458,0.0,0.0,0.003670270917240608,0.008587251502749495,0.008587251502749495,0.0,0.0031721207859729864,0.0,0.002112079903970624,0.0,6.919971516632357e-05,0.005469621970383099,0.0016229115018240768,3.8415777065883713e-07,1.2674681123097958e-07,0.0014588762420729418,0.02616284344396205
0.0,0.0,0.018349817420886066,11275,0.00807128353249904,0.008071283540570323,0.013125266528813129,-0.013125266528813129,0.20509144471803456,0.19196617818922143,0.0,0.006343585703927568,1.5310897273118018,0.0,0.025761391218846096,0.00017625365596704695,0.0,1.2317178883538495e-05,1.0035095838618757,0.005924287847569627,0.71607191035249,0.003598086137087231,-0.003598086137087231,0.5732413737015267,0.5696432875644395,0.1093826429545915,0.009489417402964995,0.009489417402964995,0.44237110641012023,0.4518605238130852,0.16227696581454892,0.7188779273416868,1.535550872514597e-05,1.0039186105605362,0.006330582624450298,-0.006330582624450298,3.8494067383762745e-06,0.8113622064706193,0.805031623846169,1.2671592784913359e-05,0.14592316164185826,0.025653631892441162,True,0.7185850348081015,0.003222409912850721,0.003222409912850721,0.6768046435483457,0.6800270534611964,0.0,0.0,0.0036699634841772136,0.00807128353249904,0.00807128353249904,0.0,0.003171792851963784,0.0,0.0021150438716045633,0.0,7.390307330123097e-05,0.005469132147729576,0.0016227696581454893,3.8494067383762745e-07,1.267159278491336e-07,0.0014592316164185827,0.025653631892441162
0.0,0.0,0.01834693717385143,11300,0.007836093377295935,0.00783609338513203,0.012853960893194544,-0.012853960893194544,0.20509144471803456,0.19223748382484002,0.0,0.006342088338274548,1.5320406767563919,0.0,0.025747623794938293,0.00017664164236007158,0.0,1.6212133021156983e-05,1.0040264293140644,0.005925848100793728,0.71607191035249,0.003277169595721885,0.003277169595721885,0.5732413737015267,0.5765185432972486,0.10937355500366229,0.009294043813498132,0.009294043813498132,0.44237110641012023,0.45166515022361836,0.1622451580729768,0.7192436215476606,1.961874597469533e-05,1.0044293053602902,0.005076550440991978,-0.005076550440991978,3.860166136792885e-06,0.8113622064706193,0.8062856560296273,1.2668743707699696e-05,0.14591686598684972,0.02544430818248343,True,0.7189551333235756,0.004348221672418773,0.004348221672418773,0.6768046435483457,0.6811528652207645,0.0,0.0,0.0036693874347702863,0.007836093377295935,0.007836093377295935,0.0,0.003171044169137274,0.0,0.002119699708320859,0.0,9.72727981269419e-05,0.005468677750183115,0.0016224515807297679,3.8601661367928856e-07,1.2668743707699696e-07,0.0014591686598684971,0.02544430818248343
0.0,0.0,0.01833983270313451,11325,0.007397790046385297,0.007397790053783087,0.012732342947760544,-0.012732342947760544,0.20509144471803456,0.19235910177027402,0.0,0.006337398497614825,1.5340546670519026,0.0,0.025732507182281324,0.00017668239910274895,0.0,1.7843735074206536e-05,1.0042241845454722,0.005923857953509228,0.71607191035249,0.00024262298680477468,-0.00024262298680477468,0.5732413737015267,0.572998750714722,0.1094204451805837,0.008849971668855594,0.008849971668855594,0.44237110641012023,0.4512210780789758,0.1621261562650093,0.7193834905075476,2.1387234541559958e-05,1.004624633449427,0.004261263439846119,-0.004261263439846119,3.880709634645811e-06,0.8113622064706193,0.8071009430307732,1.2666537652566925e-05,0.14559578795488667,0.025010463473065972,True,0.7190967402918896,0.003871007737376697,0.003871007737376697,0.6768046435483457,0.6806756512857224,0.0,0.0,0.003667966540626902,0.007397790046385297,0.007397790046385297,0.0,0.0031686992488074127,0.0,0.0021201887892329874,0.0,0.00010706241044523921,0.005471022259029186,0.0016212615626500931,3.880709634645811e-07,1.2666537652566925e-07,0.0014559578795488668,0.025010463473065972
0.0,0.0,0.018338952188071994,11350,0.007363936405228629,0.007363936412592565,0.01271528675959746,-0.01271528675959746,0.20509144471803456,0.1923761579584371,0.0,0.006336822972975752,1.5343200997300224,0.0,0.025730556022784564,0.00017668952631951271,0.0,1.808006498321423e-05,1.0042520659664702,0.005923629724879464,0.71607191035249,0.0007653379706669128,-0.0007653379706669128,0.5732413737015267,0.5724760357308598,0.10943746237912326,0.008775566523924416,0.008775566523924416,0.44237110641012023,0.45114667293404465,0.1621116007442221,0.7194046788407604,2.1661792863521814e-05,1.0046542231213729,0.004149845270657759,-0.004149845270657759,3.8833032129877174e-06,0.8113622064706193,0.8072123611999615,1.26662282703673e-05,0.14555737606898467,0.024977970914756575,True,0.7191167053945658,0.0038264545298710706,0.0038264545298710706,0.6768046435483457,0.6806310980782168,0.0,0.0,0.003667790437614399,0.007363936405228629,0.007363936405228629,0.0,0.003168411486487876,0.0,0.0021202743158341524,0.0,0.00010848038989928538,0.005471873118956163,0.001621116007442221,3.8833032129877174e-07,1.26662282703673e-07,0.0014555737606898468,0.024977970914756575
0.0,0.0,0.01833123514973368,11375,0.007262453590553224,0.007262453597815677,0.01267843579125702,-0.01267843579125702,0.20509144471803456,0.19241300892677754,0.0,0.00633122105535037,1.5365780133851685,0.0,0.025702483854402474,0.0001764358038407857,0.0,1.9368187496369076e-05,1.0044009302989674,0.005922118722724803,0.71607191035249,0.002997284056460603,-0.002997284056460603,0.5732413737015267,0.5702440896450661,0.10943198966907945,0.008663366008525353,0.008663366008525353,0.44237110641012023,0.4510344724186456,0.16196479744588826,0.7195064972516062,2.3005580766543605e-05,1.0047964133231555,0.0038171429944628965,-0.0038171429944628965,3.901734591840262e-06,0.8113622064706193,0.8075450634761564,1.2666660031214405e-05,0.14504837888319738,0.024869998006047115,True,0.7192233029630091,0.002089311904943769,0.002089311904943769,0.6768046435483457,0.6788939554532895,0.0,0.0,0.0036662470299467366,0.007262453590553224,0.007262453590553224,0.0,0.003165610527675185,0.0,0.0021172296460894285,0.0,0.00011620912497821445,0.005471599483453973,0.0016196479744588826,3.901734591840262e-07,1.2666660031214404e-07,0.001450483788831974,0.024869998006047115
0.0,0.0,0.018328917322899707,11400,0.0068804192129033135,0.0068804192197837325,0.012525577980907893,-0.012525577980907893,0.20509144471803456,0.19256586673712667,0.0,0.006330261661502037,1.537490570221425,0.0,0.02570798713810892,0.00017682681339476354,0.0,2.1389772020854676e-05,1.004624907785119,0.0059214123105424165,0.71607191035249,0.0006151606522359909,0.0006151606522359909,0.5732413737015267,0.5738565343537627,0.10946634937196086,0.007793339103226993,0.007793339103226993,0.44237110641012023,0.4501644455133472,0.1619427429088601,0.7196845717858039,2.5452991567002764e-05,1.0050450957936399,0.002942412942910866,-0.002942412942910866,3.914120177443408e-06,0.8113622064706193,0.8084197935277084,1.2660506008411559e-05,0.14508582954830707,0.024505715111344112,True,0.7193836869516333,0.0031683416027137312,0.0031683416027137312,0.6768046435483457,0.6799729851510594,0.0,0.0,0.0036657834645799415,0.0068804192129033135,0.0068804192129033135,0.0,0.0031651308307510187,0.0,0.002121921760737162,0.0,0.00012833863212512804,0.005473317468598043,0.0016194274290886011,3.9141201774434084e-07,1.2660506008411558e-07,0.0014508582954830707,0.024505715111344112
0.0,0.0,0.018320984159821068,11425,0.006555349875149064,0.006555349881704413,0.01237974613841386,-0.01237974613841386,0.20509144471803456,0.1927116985796207,0.0,0.006325090294658458,1.540002276907421,0.0,0.025690303938583153,0.0001769470541446635,0.0,2.4278093628607516e-05,1.004927280551035,0.0059196537321373624,0.71607191035249,0.0011824425075702694,-0.0011824425075702694,0.5732413737015267,0.5720589311939565,0.1094516237537354,0.0070218347437223105,0.0070218347437223105,0.44237110641012023,0.44939294115384254,0.16180932972580875,0.7199058969907326,2.866722378849165e-05,1.0053541781618183,0.002002078929284168,-0.002002078929284168,3.938695947732217e-06,0.8113622064706193,0.8093601275413351,1.2655925575642258e-05,0.1447127135082019,0.02418944711482752,True,0.7196002075987851,0.0026253175837027687,0.0026253175837027687,0.6768046435483457,0.6794299611320485,0.0,0.0,0.003664196831964214,0.006555349875149064,0.006555349875149064,0.0,0.003162545147329229,0.0,0.002123364649735962,0.0,0.0001456685617716451,0.0054725811876867704,0.0016180932972580874,3.938695947732217e-07,1.265592557564226e-07,0.001447127135082019,0.02418944711482752
0.0,0.0,0.01830214429618631,11450,0.00914185255060596,0.009141852559747813,0.012031747417000332,-0.012031747417000332,0.20509144471803456,0.19305969730103423,0.0,0.006312966022379277,1.5460314422395243,0.0,0.025652743003959685,0.00017723455186307752,0.0,3.196916141757026e-05,1.0056541278211206,0.005915182255747215,0.71607191035249,0.015601503766649705,-0.015601503766649705,0.5732413737015267,0.557639869934877,0.10947121439051288,0.005261195446760625,0.005261195446760625,0.44237110641012023,0.44763230185688085,0.16149496434065624,0.7204269315707468,3.698837639465267e-05,1.006081807000773,0.0001951267734039419,0.0001951267734039419,3.999113457014668e-06,0.8113622064706193,0.8115573332440232,1.2643541968309138e-05,0.1438460902944044,0.02680489162453685,True,0.7201206825192783,0.0014068487647381778,0.0014068487647381778,0.6768046435483457,0.6782114923130839,0.0,0.0,0.0036604288592372624,0.00914185255060596,0.00914185255060596,0.0,0.0031564830111896385,0.0,0.00212681462235693,0.0,0.00019181496850542156,0.0054735607195256445,0.0016149496434065625,3.999113457014668e-07,1.2643541968309138e-07,0.001438460902944044,0.02680489162453685
0.0,0.0,0.01831256611395235,11475,0.006320737386645765,0.006320737392966502,0.012256749949090068,-0.012256749949090068,0.20509144471803456,0.1928346947689445,0.0,0.006319550703749741,1.5426956196245691,0.0,0.025672391558138354,0.0001770144905791317,0.0,2.7146618268008632e-05,1.0052102416707873,0.005917637771572589,0.71607191035249,0.0024569759390964396,-0.0024569759390964396,0.5732413737015267,0.5707843977624303,0.10949823865636554,0.006236540902539889,0.006236540902539889,0.44237110641012023,0.4486076473126601,0.16166436656726776,0.7201117888677648,3.18288665359738e-05,1.0056417077676865,0.0011767221419453078,-0.0011767221419453078,3.964993179400581e-06,0.8113622064706193,0.810185484328674,1.2650587106099032e-05,0.14428675466169652,0.02396502570816566,True,0.7198028281111912,0.0017929970568880682,0.0017929970568880682,0.6768046435483457,0.6785976406052338,0.0,0.0,0.00366251322279047,0.006320737386645765,0.006320737386645765,0.0,0.0031597753518748705,0.0,0.0021241738869495807,0.0,0.00016287970960805179,0.005474911932818277,0.0016166436656726776,3.9649931794005807e-07,1.2650587106099033e-07,0.0014428675466169653,0.02396502570816566
0.0,0.0,0.018300149647736824,11500,0.005854133439679616,0.005854133445533749,0.012072729283271078,-0.012072729283271078,0.20509144471803456,0.19301871543476348,0.0,0.006311603358889431,1.5468378686474964,0.0,0.025654076683204668,0.0001773370400307523,0.0,3.191000238039202e-05,1.0056488939076949,0.005914221303950231,0.71607191035249,0.0009631902158288019,0.0009631902158288019,0.5732413737015267,0.5742045639173555,0.10953431242112188,0.004913847624857692,0.004913847624857692,0.44237110641012023,0.4472849540349779,0.1614532081700537,0.7204211558307427,3.6890331374810764e-05,1.0060737411349852,3.340097466819625e-05,3.340097466819625e-05,4.0073211968729835e-06,0.8113622064706193,0.8113956074452875,1.2638633213265481e-05,0.14367859977822595,0.02351803036231379,True,0.7201169346608405,0.0007272208372540723,0.0007272208372540723,0.6768046435483457,0.6775318643855998,0.0,0.0,0.003660029929547365,0.005854133439679616,0.005854133439679616,0.0,0.0031558016794447155,0.0,0.0021280444803690275,0.0,0.00019146001428235212,0.005476715621056095,0.001614532081700537,4.007321196872984e-07,1.263863321326548e-07,0.0014367859977822595,0.02351803036231379
0.0,0.0,0.018286357831972418,11525,0.006091374716618956,0.006091374722710331,0.011826635852159345,-0.011826635852159345,0.20509144471803456,0.19326480886587522,0.0,0.006302962005264834,1.5514412895829082,0.0,0.02563732934566601,0.00017786036925481922,0.0,3.796967295542316e-05,1.006161953663849,0.00590999062183384,0.71607191035249,0.005484532551449206,-0.005484532551449206,0.5732413737015267,0.5677568411500775,0.1095604435368914,0.0036546424222940743,0.0036546424222940743,0.44237110641012023,0.4460257488324143,0.16122395159620811,0.7207649760252532,4.295345719408928e-05,1.0065538887077894,0.001474686335663944,0.001474686335663944,4.055778111309113e-06,0.8113622064706193,0.8128368928062832,1.2624981188783993e-05,0.14304969267161044,0.023783560201582,True,0.7204843223456855,0.0002090601622969368,-0.0002090601622969368,0.6768046435483457,0.6765955833860487,0.0,0.0,0.0036572715663944835,0.006091374716618956,0.006091374716618956,0.0,0.003151481002632417,0.0,0.002134324431057831,0.0,0.00022781803773253896,0.00547802217684457,0.0016122395159620811,4.0557781113091133e-07,1.2624981188783994e-07,0.0014304969267161045,0.023783560201582
0.0,0.0,0.018285964184277522,11550,0.005890502323633203,0.005890502329523706,0.011807041814965002,-0.011807041814965002,0.20509144471803456,0.19328440290306956,0.0,0.006302884613205856,1.5516392655725206,0.0,0.02564215344900292,0.00017799927785943094,0.0,3.826994466576025e-05,1.006186270658948,0.005909459964288657,0.71607191035249,0.004433433494559602,-0.004433433494559602,0.5732413737015267,0.5688079402069671,0.10954464652531053,0.0034405273446159734,0.0034405273446159734,0.44237110641012023,0.4458116337547362,0.16122144411104014,0.7207787368418438,4.320571979314458e-05,1.006573105795067,0.001609385562825305,0.001609385562825305,4.059067943991154e-06,0.8113622064706193,0.8129715920334446,1.2622679391113123e-05,0.14306793436359694,0.023585406713999574,True,0.7205017350630631,3.419357725109595e-05,3.419357725109595e-05,0.6768046435483457,0.6768388371255968,0.0,0.0,0.0036571928368555047,0.005890502323633203,0.005890502323633203,0.0,0.003151442306602928,0.0,0.002135991334313171,0.0,0.0002296196679945615,0.005477232326265527,0.0016122144411104015,4.0590679439911544e-07,1.2622679391113124e-07,0.0014306793436359693,0.023585406713999574
0.0,0.0,0.018290307336825795,11575,0.0056358458128461094,0.005635845818481955,0.01187839338694166,-0.01187839338694166,0.20509144471803456,0.1932130513310929,0.0,0.006305639097023942,1.5502042442577029,0.0,0.0256484538882334,0.0001778474649239789,0.0,3.637853276523634e-05,1.0060314619094575,0.005910815552582338,0.71607191035249,0.0012914320094071785,-0.0012914320094071785,0.5732413737015267,0.5719499416921195,0.10953424517637404,0.0038029597929931103,0.0038029597929931103,0.44237110641012023,0.44617406620311334,0.16129460234562196,0.7206751441182402,4.1324811927911256e-05,1.0064284377517334,0.0011913756230096384,0.0011913756230096384,4.044171164589092e-06,0.8113622064706193,0.8125535820936289,1.2626525372239866e-05,0.1432746723356396,0.023322103292403903,True,0.7203908808645281,0.00040973808270416967,0.00040973808270416967,0.6768046435483457,0.6772143816310499,0.0,0.0,0.0036580614673651594,0.0056358458128461094,0.0056358458128461094,0.0,0.003152819548511971,0.0,0.0021341695790877465,0.0,0.00021827119659141806,0.0054767122588187025,0.0016129460234562197,4.0441711645890925e-07,1.2626525372239866e-07,0.001432746723356396,0.023322103292403903
0.0,0.0,0.01828468343532618,11600,0.005528828619431488,0.0055288286249603165,0.011723837769566953,-0.011723837769566953,0.20509144471803456,0.1933676069484676,0.0,0.00630272631042889,1.5524668499568142,0.0,0.025658919357368044,0.00017851558567221105,0.0,3.969313545064583e-05,1.006300248840375,0.00590770940928823,0.71607191035249,0.001802966673769224,-0.001802966673769224,0.5732413737015267,0.5714384070277575,0.10961897932982587,0.0025791231977302376,0.0025791231977302376,0.44237110641012023,0.44495022960785047,0.16121547446580703,0.7208551305118176,4.4619596430600066e-05,1.0066797901486948,0.002126200944839174,0.002126200944839174,4.070565602731506e-06,0.8113622064706193,0.8134884074154585,1.2613803770859706e-05,0.14314178836131364,0.02324252909184206,True,0.7205833516383158,0.0009839014280661473,0.0009839014280661473,0.6768046435483457,0.6777885449764118,0.0,0.0,0.0036569366870652363,0.005528828619431488,0.005528828619431488,0.0,0.003151363155214445,0.0,0.002142187028066533,0.0,0.000238158812703875,0.0054809489664912935,0.0016121547446580704,4.070565602731506e-07,1.2613803770859705e-07,0.0014314178836131364,0.02324252909184206
0.0,0.0,0.018278812719467335,11625,0.005415748566402997,0.005415748571818746,0.011626596848105214,-0.011626596848105214,0.20509144471803456,0.19346484786992935,0.0,0.006299571277391419,1.5549456242377746,0.0,0.025669686913744754,0.00017913657384059707,0.0,4.1699853103310056e-05,1.0064575423423552,0.005903975975608639,0.71607191035249,0.0010559488210731827,-0.0010559488210731827,0.5732413737015267,0.5721854248804535,0.1096189209675031,0.000919551277179298,0.000919551277179298,0.44237110641012023,0.4432906576872995,0.161127578040456,0.7209925753870549,4.722071421418744e-05,1.0068717329847854,0.0028512377826156454,0.0028512377826156454,4.097616555400786e-06,0.8113622064706193,0.8142134442532349,1.2600697637931783e-05,0.1429574594691312,0.023143466945802146,True,0.7206959850983379,0.00117632875520024,0.00117632875520024,0.6768046435483457,0.6779809723035459,0.0,0.0,0.003655762543893467,0.005415748566402997,0.005415748566402997,0.0,0.0031497856386957096,0.0,0.0021496388860871647,0.0,0.00025019911861986035,0.005480946048375155,0.0016112757804045599,4.097616555400786e-07,1.2600697637931783e-07,0.001429574594691312,0.023143466945802146
0.0,0.0,0.018277506359975305,11650,0.005373420501701299,0.005373420507074719,0.01167291564109918,-0.01167291564109918,0.20509144471803456,0.19341852907693538,0.0,0.006298452491708304,1.555302809256032,0.0,0.025664017659835378,0.00017898976551934925,0.0,4.0970743107267116e-05,1.0064008392502286,0.005903560645604299,0.71607191035249,4.7332875097283456e-05,4.7332875097283456e-05,0.5732413737015267,0.573288706576624,0.10959895392719557,0.0010173300567235533,0.0010173300567235533,0.44237110641012023,0.4433884364668438,0.1610962126328052,0.7209516710326422,4.643890585478507e-05,1.0068146097360586,0.00262762183295695,0.00262762183295695,4.099919932768018e-06,0.8113622064706193,0.8139898283035762,1.2601448589776978e-05,0.14281717913522035,0.023091467284945516,True,0.7206553816062687,0.0004119257489252348,0.0004119257489252348,0.6768046435483457,0.6772165692972709,0.0,0.0,0.0036555012719950613,0.005373420501701299,0.005373420501701299,0.0,0.003149226245854152,0.0,0.002147877186232191,0.0,0.0002458244586436027,0.005479947696359779,0.0016109621263280523,4.099919932768018e-07,1.260144858977698e-07,0.0014281717913522036,0.023091467284945516
0.0,0.0,0.01827472330413087,11675,0.005366766419203739,0.005366766424570505,0.011681251473758592,-0.011681251473758592,0.20509144471803456,0.19341019324427597,0.0,0.006296610725162635,1.5563041988528132,0.0,0.02566198419114605,0.0001790478662954358,0.0,4.103758316741386e-05,1.0064060583175158,0.005902183844837849,0.71607191035249,0.00014552254912614249,-0.00014552254912614249,0.5732413737015267,0.5730958511524006,0.10962619294900791,0.0006594897229426078,0.0006594897229426078,0.44237110641012023,0.44303059613306284,0.1610449615261377,0.720959487436087,4.6587797043319027e-05,1.0068255254041956,0.0026603413793453434,0.0026603413793453434,4.109535592508836e-06,0.8113622064706193,0.8140225478499646,1.2598518880619871e-05,0.14264915328596806,0.02308360407148045,True,0.7206591188338036,0.00016047904745164487,-0.00016047904745164487,0.6768046435483457,0.676644164500894,0.0,0.0,0.003654944660826174,0.005366766419203739,0.005366766419203739,0.0,0.0031483053625813175,0.0,0.0021485743955452297,0.0,0.00024622549900448317,0.0054813096474503956,0.0016104496152613771,4.1095355925088365e-07,1.259851888061987e-07,0.0014264915328596806,0.02308360407148045
0.0,0.0,0.01827462914753938,11700,0.0053669071435209085,0.005366907148887816,0.011691820294467609,-0.011691820294467609,0.20509144471803456,0.19339962442356695,0.0,0.006296525086883084,1.556333033315495,0.0,0.025662166119722732,0.00017903665867813646,0.0,4.081898651943246e-05,1.0063889738236615,0.005902061082184063,0.71607191035249,4.9431621148010585e-05,4.9431621148010585e-05,0.5732413737015267,0.5732908053226747,0.10962417293488166,0.0006520598570095015,0.0006520598570095015,0.44237110641012023,0.44302316626712973,0.16104222817714992,0.7209473335174947,4.6356385272313186e-05,1.0068085523624566,0.0026133370512106957,0.0026133370512106957,4.109774194264168e-06,0.8113622064706193,0.81397554352183,1.2598395929824766e-05,0.1426354675075073,0.023081971904693938,True,0.7206468851074811,0.00025028751520583814,-0.00025028751520583814,0.6768046435483457,0.6765543560331398,0.0,0.0,0.0036549258295078763,0.0053669071435209085,0.0053669071435209085,0.0,0.003148262543441542,0.0,0.0021484399041376374,0.0,0.0002449139191165947,0.005481208646744083,0.0016104222817714992,4.109774194264168e-07,1.2598395929824767e-07,0.001426354675075073,0.023081971904693938
0.0,0.0,0.01827417128531216,11725,0.00536671466924259,0.005366714674609305,0.01170719756729477,-0.01170719756729477,0.20509144471803456,0.1933842471507398,0.0,0.006296357102653205,1.5565899075934733,0.0,0.025668194757955252,0.000179155809514529,0.0,4.038658647558797e-05,1.0063550441757385,0.0059011632389563955,0.71607191035249,0.0001741770709932089,0.0001741770709932089,0.5732413737015267,0.5734155507725199,0.10962704224923887,0.00035112185614716296,0.00035112185614716296,0.44237110641012023,0.4427222282662674,0.1610357976237915,0.7209251517855442,4.59355283224164e-05,1.0067775754014556,0.0025971820224087727,0.0025971820224087727,4.113189375772426e-06,0.8113622064706193,0.8139593884930281,1.2595555410980644e-05,0.14262678279050556,0.0230804319017561,True,0.720622589039336,0.00022511873803476856,-0.00022511873803476856,0.6768046435483457,0.6765795248103109,0.0,0.0,0.0036548342570624326,0.00536671466924259,0.00536671466924259,0.0,0.0031481785513266026,0.0,0.0021498697141743477,0.0,0.00024231951885352783,0.005481352112461944,0.001610357976237915,4.1131893757724265e-07,1.2595555410980643e-07,0.0014262678279050557,0.0230804319017561
0.0,0.0,0.01827325495684508,11750,0.005377709684940815,0.005377709690318524,0.011739698575818497,-0.011739698575818497,0.20509144471803456,0.19335174614221606,0.0,0.006296074576503108,1.5571357377719082,0.0,0.025682321766668084,0.00017940725757733682,0.0,3.9468217548513494e-05,1.0062823735600896,0.005899154675503746,0.71607191035249,0.000288240269472384,-0.000288240269472384,0.5732413737015267,0.5729531334320543,0.10954757075859013,0.000289332869021941,-0.000289332869021941,0.44237110641012023,0.4420817735410983,0.16102389009183232,0.7208762062398013,4.5013667447684616e-05,1.0067092225665635,0.0025685742937952005,0.0025685742937952005,4.120658598588294e-06,0.8113622064706193,0.8139307807644145,1.2589080712299853e-05,0.1426178872651564,0.02308442862894688,True,0.7205705516520351,0.0001179620738476217,-0.0001179620738476217,0.6768046435483457,0.6766866814744981,0.0,0.0,0.0036546509913690166,0.005377709684940815,0.005377709684940815,0.0,0.003148037288251554,0.0,0.002152887090928042,0.0,0.00023680930529108098,0.005477378537929507,0.0016102389009183232,4.1206585985882944e-07,1.2589080712299854e-07,0.001426178872651564,0.02308442862894688
0.0,0.0,0.018273458743138515,11775,0.005372819590190547,0.005372819595563366,0.01173248185443121,-0.01173248185443121,0.20509144471803456,0.19335896286360335,0.0,0.0062961370893316725,1.5570143528048326,0.0,0.02567917965032637,0.00017935255056028172,0.0,3.966691723225e-05,1.006298167767871,0.0058995993651452736,0.71607191035249,0.00011034602425596951,-0.00011034602425596951,0.5732413737015267,0.5731310276772708,0.1095561355111799,0.00014751574698901315,-0.00014751574698901315,0.44237110641012023,0.4422235906631312,0.16102653232998662,0.7208870887577425,4.521782551203671e-05,1.0067244200874155,0.00257503366514078,0.00257503366514078,4.118996848762108e-06,0.8113622064706193,0.8139372401357601,1.259051974885999e-05,0.14261983467898642,0.02308062024413206,True,0.7205818614407316,0.00014172526416866837,-0.00014172526416866837,0.6768046435483457,0.676662918284177,0.0,0.0,0.003654691748627703,0.005372819590190547,0.005372819590190547,0.0,0.0031480685446658363,0.0,0.0021522306067233805,0.0,0.0002380015033935,0.0054778067755589955,0.0016102653232998663,4.1189968487621084e-07,1.259051974885999e-07,0.0014261983467898642,0.02308062024413206
0.0,0.0,0.018274209820238793,11800,0.005371721278426071,0.005371721283797792,0.011752088442438552,-0.011752088442438552,0.20509144471803456,0.193339356275596,0.0,0.006296626779853589,1.556757327856031,0.0,0.025681810261973706,0.00017934513320909786,0.0,3.9143929979068405e-05,1.0062565110068686,0.005899662775583158,0.71607191035249,0.00011595106677630973,0.00011595106677630973,0.5732413737015267,0.573357324768303,0.10956309391164594,0.00011535649793620317,-0.00011535649793620317,0.44237110641012023,0.442255749912184,0.16103911668549045,0.7208569202302824,4.4652993021087375e-05,1.0066822895044354,0.0024763481495593265,0.0024763481495593265,4.116698831059989e-06,0.8113622064706193,0.8138385546201786,1.2590660210065738e-05,0.14265595696215216,0.02307752481932814,True,0.720552032203885,7.945480353421797e-05,-7.945480353421797e-05,0.6768046435483457,0.6767251887448115,0.0,0.0,0.003654841964047759,0.005371721278426071,0.005371721278426071,0.0,0.0031483133899267947,0.0,0.0021521415985091743,0.0,0.00023486357987441043,0.005478154695582297,0.0016103911668549045,4.116698831059989e-07,1.2590660210065737e-07,0.0014265595696215216,0.02307752481932814
0.0,0.0,0.018274510725919166,11825,0.005380814467415474,0.0053808144727962885,0.011818096767403363,-0.011818096767403363,0.20509144471803456,0.1932733479506312,0.0,0.006296872086238139,1.556728202887168,0.0,0.025690758249330807,0.0001793955890215093,0.0,3.7587706818258326e-05,1.0061308814063117,0.005898641856639973,0.71607191035249,0.0002114909410865229,-0.0002114909410865229,0.5732413737015267,0.5730298827604402,0.10954120184484074,0.0003339857210674646,-0.0003339857210674646,0.44237110641012023,0.44203712068905276,0.1610421942014061,0.7207676476477033,4.300237546484491e-05,1.006557619649297,0.002212337364896788,0.002212337364896788,4.117342045022339e-06,0.8113622064706193,0.8135745438355161,1.2588057941862885e-05,0.14265758125734282,0.023077021426499485,True,0.720462072374561,0.00021840158745556337,-0.00021840158745556337,0.6768046435483457,0.6765862419608901,0.0,0.0,0.0036549021451838335,0.005380814467415474,0.005380814467415474,0.0,0.0031484360431190696,0.0,0.002152747068258112,0.0,0.00022552624090954994,0.0054770600922420375,0.0016104219420140613,4.1173420450223394e-07,1.2588057941862885e-07,0.0014265758125734283,0.023077021426499485
0.0,0.0,0.018275654412759676,11850,0.005375984915540869,0.005375984920916854,0.011833146899687369,-0.011833146899687369,0.20509144471803456,0.1932582978183472,0.0,0.00629755510550799,1.5562875032644616,0.0,0.025690913239893993,0.00017933668952223233,0.0,3.719872087603346e-05,1.0060990754115713,0.005899178826742624,0.71607191035249,4.502940932527011e-05,4.502940932527011e-05,0.5732413737015267,0.573286403110852,0.10956418124087566,0.0001557658444120702,-0.0001557658444120702,0.44237110641012023,0.44221534056570816,0.1610608410433331,0.7207439489978974,4.256941735076596e-05,1.0065245243007261,0.0021059189700303182,0.0021059189700303182,4.112845100358516e-06,0.8113622064706193,0.8134681254406496,1.2589620167641686e-05,0.1427066333206639,0.023071546936765254,True,0.7204392969948286,0.00014669166889458296,-0.00014669166889458296,0.6768046435483457,0.6766579518794511,0.0,0.0,0.0036551308825519355,0.005375984915540869,0.005375984915540869,0.0,0.003148777552753995,0.0,0.002152040274266788,0.0,0.00022319232525620076,0.005478209062043784,0.001610608410433331,4.1128451003585164e-07,1.2589620167641687e-07,0.0014270663332066392,0.023071546936765254
0.0,0.0,0.01836760518622617,11875,0.21052977833832554,0.2105297785488553,0.029825109533891836,-0.029825109533891836,0.20509144471803456,0.17526633518414272,0.0,0.006329392512075915,1.5573135537886582,0.0,0.022932265414695178,0.00013235562407810147,0.0,9.680986251030472e-05,0.9901607997016879,0.005759742534187253,0.71607191035249,0.41826391369485194,-0.41826391369485194,0.5732413737015267,0.1549774600066748,0.10375641523935587,0.10467560580475888,0.10467560580475888,0.44237110641012023,0.5470467122148791,0.16133431532965092,0.709395423308107,8.693287335399652e-05,0.9906762200072076,0.10077468111197996,-0.10077468111197996,2.4627219708716e-06,0.8113622064706193,0.7105875253586393,1.2498011869163865e-05,0.12401682751858849,0.22757882573837374,True,0.7090263453001449,0.15705789001922998,-0.15705789001922998,0.6768046435483457,0.5197467535291157,0.0,0.0,0.0036735210372452337,0.21052977833832554,0.21052977833832554,0.0,0.0031646962560379576,0.0,0.0015882674889372175,0.0,0.0005808591750618283,0.005187820761967794,0.0016133431532965093,2.4627219708716e-07,1.2498011869163864e-07,0.001240168275185885,0.22757882573837374
0.0,0.0,0.018277651416502595,11900,0.11287383345069295,0.11287383356356678,0.012368206242950402,-0.012368206242950402,0.20509144471803456,0.19272323847508416,0.0,0.006296430189093906,1.5535016032939533,0.0,0.025630620038326116,0.00017806191788051506,0.0,3.298281320710958e-05,1.0057430665334044,0.005899160148316541,0.71607191035249,0.25205231110887216,-0.25205231110887216,0.5732413737015267,0.32118906259265456,0.10943770994781059,0.0022463411954383172,0.0022463411954383172,0.44237110641012023,0.44461744760555855,0.1610343023421692,0.720486996061587,3.8015702703759304e-05,1.0061656875288778,0.0005020952339053197,-0.0005020952339053197,4.066497238114364e-06,0.8113622064706193,0.810860111236714,1.257944270730513e-05,0.1421555834712228,0.13051653552202458,True,0.720184369033777,0.003724688885906269,-0.003724688885906269,0.6768046435483457,0.6730799546624394,0.0,0.0,0.003655530283300519,0.11287383345069295,0.11287383345069295,0.0,0.003148215094546953,0.0,0.0021367430145661807,0.0,0.00019789687924265747,0.00547188549739053,0.001610343023421692,4.0664972381143645e-07,1.257944270730513e-07,0.001421555834712228,0.13051653552202458
0.0,0.0,0.018275654620156206,11925,0.0053759516419853185,0.00537595164736127,0.011833203147903482,-0.011833203147903482,0.20509144471803456,0.19325824157013108,0.0,0.006297554984492255,1.55628721393645,0.0,0.025690906973583647,0.00017933655983657108,0.0,3.719825146257525e-05,1.006099036929104,0.00589917882440264,0.71607191035249,3.1783381679861833e-06,3.1783381679861833e-06,0.5732413737015267,0.5732445520396947,0.10956418618882578,0.0001555321587907721,-0.0001555321587907721,0.44237110641012023,0.44221557425132946,0.1610608382122692,0.7207439222963867,4.2568930767917265e-05,1.006524487011859,0.0021056485402467517,0.0021056485402467517,4.112840261777877e-06,0.8113622064706193,0.813467855010866,1.2589619094176764e-05,0.14270657575728052,0.023071508914430893,True,0.7204392694386144,0.00014706360863248058,-0.00014706360863248058,0.6768046435483457,0.6766575799397132,0.0,0.0,0.0036551309240312416,0.0053759516419853185,0.0053759516419853185,0.0,0.0031487774922461277,0.0,0.002152038718038853,0.0,0.0002231895087754515,0.00547820930944129,0.001610608382122692,4.112840261777877e-07,1.2589619094176766e-07,0.0014270657575728052,0.023071508914430893
0.0,0.0,0.018276418484709223,11950,0.005376004937637671,0.005376004943013675,0.011855556923965033,-0.011855556923965033,0.20509144471803456,0.19323588779406953,0.0,0.006297996718407427,1.5559921560135366,0.0,0.02569177416326455,0.00017928885810689527,0.0,3.668105629687425e-05,1.0060564887762526,0.005899402042730413,0.71607191035249,6.108627806145073e-06,6.108627806145073e-06,0.5732413737015267,0.5732474823293329,0.10958242829127669,4.961804545799975e-05,-4.961804545799975e-05,0.44237110641012023,0.44232148836466223,0.16107239014479696,0.7207127239676141,4.20023020546375e-05,1.0064809183033454,0.001980685756355016,0.001980685756355016,4.109865064004887e-06,0.8113622064706193,0.8133428922269743,1.2590452578053692e-05,0.14273234361823087,0.023069545272073513,True,0.7204088019010946,0.00016522841149668732,-0.00016522841149668732,0.6768046435483457,0.676639415136849,0.0,0.0,0.003655283696941845,0.005376004937637671,0.005376004937637671,0.0,0.0031489983592037133,0.0,0.002151466297282743,0.0,0.0002200863377812455,0.005479121414563835,0.0016107239014479698,4.1098650640048875e-07,1.2590452578053693e-07,0.0014273234361823087,0.023069545272073513
0.0,0.0,0.01827652581004067,11975,0.005376939725097914,0.005376939730474853,0.01185844521645954,-0.01185844521645954,0.20509144471803456,0.19323299950157502,0.0,0.006298113560304021,1.5559844627371864,0.0,0.025693856511605988,0.00017932045718935252,0.0,3.6570135166842736e-05,1.0060473246288621,0.0058992501810426635,0.71607191035249,1.3301526797127039e-05,-1.3301526797127039e-05,0.5732413737015267,0.5732280721747296,0.1095755560803311,0.0001112022278317859,-0.0001112022278317859,0.44237110641012023,0.44225990418228844,0.16107511322894882,0.7207063986343603,4.188788329342396e-05,1.0064720849263142,0.001978031891386678,0.001978031891386678,4.110095767577594e-06,0.8113622064706193,0.813340238362006,1.2589817543723965e-05,0.1427456716643267,0.023070090525232848,True,0.7204022397124743,9.761323983026315e-05,-9.761323983026315e-05,0.6768046435483457,0.6767070303085154,0.0,0.0,0.0036553051620081337,0.005376939725097914,0.005376939725097914,0.0,0.0031490567801520106,0.0,0.0021518454862722303,0.0,0.00021942081100105641,0.005478777804016555,0.0016107511322894883,4.110095767577594e-07,1.2589817543723966e-07,0.001427456716643267,0.023070090525232848
0.0,0.0,0.01827652021193442,12000,0.005376825641267275,0.0053768256466441,0.01185764026327138,-0.01185764026327138,0.20509144471803456,0.19323380445476318,0.0,0.006298110189556424,1.5559860003560526,0.0,0.025693777643244847,0.00017932045440421753,0.0,3.658804584602271e-05,1.0060488053238654,0.005899258722525976,0.71607191035249,6.901224991917587e-06,-6.901224991917587e-06,0.5732413737015267,0.5732344724765348,0.10957571893945642,0.00010995745674391433,-0.00010995745674391433,0.44237110641012023,0.4422611489533763,0.16107505869102962,0.7207074541743519,4.19069660761572e-05,1.0064735589961131,0.0019815264631759533,0.0019815264631759533,4.1101047662332055e-06,0.8113622064706193,0.8133437329337952,1.2589835714661085e-05,0.1427457037431076,0.02307008898650708,True,0.7204032999965887,9.514286850631493e-05,-9.514286850631493e-05,0.6768046435483457,0.6767095006798394,0.0,0.0,0.0036553040423868838,0.005376825641267275,0.005376825641267275,0.0,0.003149055094778212,0.0,0.00215184545285061,0.0,0.00021952827507613624,0.005478785946972821,0.0016107505869102962,4.110104766233206e-07,1.2589835714661085e-07,0.001427457037431076,0.02307008898650708
0.0,0.0,0.018276521713580362,12025,0.005376856025916333,0.005376856031293189,0.011857855183172616,-0.011857855183172616,0.20509144471803456,0.19323358953486194,0.0,0.006298111105418058,1.5559855894833148,0.0,0.02569379907055812,0.00017932045750954534,0.0,3.65832528387319e-05,1.0060484091163489,0.00589925641054701,0.71607191035249,8.90476929871209e-06,-8.90476929871209e-06,0.5732413737015267,0.573232468932228,0.10957567591148136,0.00011029354475489139,-0.00011029354475489139,0.44237110641012023,0.44226081286536534,0.16107507370024604,0.7207071717035914,4.19018589483205e-05,1.0064731645235017,0.0019805940764403562,0.0019805940764403562,4.110102383201966e-06,0.8113622064706193,0.8133428005470597,1.2589830916423682e-05,0.14274569540065105,0.02307008932361889,True,0.7204030162835114,9.579929339265103e-05,-9.579929339265103e-05,0.6768046435483457,0.676708844254953,0.0,0.0,0.0036553043427160724,0.005376856025916333,0.005376856025916333,0.0,0.003149055552709029,0.0,0.002151845490114544,0.0,0.00021949951703239138,0.0054787837955740685,0.0016107507370024603,4.1101023832019665e-07,1.2589830916423682e-07,0.0014274569540065104,0.02307008932361889
0.0,0.0,0.018276524026045633,12050,0.005376903774661358,0.005376903780038262,0.011858189264958241,-0.011858189264958241,0.20509144471803456,0.19323325545307632,0.0,0.006298112482008553,1.5559849508648678,0.0,0.025693831382488857,0.00017932045731171658,0.0,3.657584114793835e-05,1.0060477963877712,0.005899252884047303,0.71607191035249,1.2393703072488549e-05,-1.2393703072488549e-05,0.5732413737015267,0.5732289799984542,0.10957560734384819,0.00011080740944319212,-0.00011080740944319212,0.44237110641012023,0.44226029900067704,0.161075095828979,0.7207067349876228,4.189396364880263e-05,1.0064725546462585,0.0019791442135003168,0.0019791442135003168,4.110098598674301e-06,0.8113622064706193,0.8133413506841196,1.2589823244151937e-05,0.14274568157535994,0.023070090404831097,True,0.7204025775257822,9.682433414548441e-05,-9.682433414548441e-05,0.6768046435483457,0.6767078192142002,0.0,0.0,0.0036553048052091267,0.005376903774661358,0.005376903774661358,0.0,0.0031490562410042763,0.0,0.002151845487740599,0.0,0.0002194550468876301,0.00547878036719241,0.00161075095828979,4.110098598674301e-07,1.2589823244151937e-07,0.0014274568157535993,0.023070090404831097
0.0,0.0,0.01827652462854015,12075,0.005376913968370207,0.005376913973747121,0.011858273918624734,-0.011858273918624734,0.20509144471803456,0.19323317079940983,0.0,0.006298112859050712,1.5559847919068237,0.0,0.02569383985464537,0.00017932045409337945,0.0,3.6573918085858615e-05,1.006047637397022,0.00589925203072531,0.71607191035249,9.136789489883057e-06,-9.136789489883057e-06,0.5732413737015267,0.5732322369120368,0.10957559201975578,0.00011093490139446605,-0.00011093490139446605,0.44237110641012023,0.44226017150872576,0.16107510176742576,0.7207066214699098,4.1891911506884304e-05,1.0064723961178905,0.001978772705356846,0.001978772705356846,4.110097757324539e-06,0.8113622064706193,0.8133409791759761,1.258982160220252e-05,0.142745679206494,0.023070088599958037,True,0.720402463676971,9.709595004325777e-05,-9.709595004325777e-05,0.6768046435483457,0.6767075475983024,0.0,0.0,0.00365530492570803,0.005376913968370207,0.005376913968370207,0.0,0.003149056429525356,0.0,0.0021518454491205536,0.0,0.0002194435085151517,0.0054787796009877895,0.0016107510176742576,4.110097757324539e-07,1.2589821602202518e-07,0.00142745679206494,0.023070088599958037
