detour_error,direction_error,endpoint_error,eval,feature_loss,feature_rmse,flow_boundness_abs_error,flow_boundness_error,flow_boundness_target,flow_boundness_value,joint_limit_error,joint_preservation_error,log_speed_range,max_dev_error,nearest_path_max_dist,nearest_path_mse,out_of_range_error,path_length_error,path_length_ratio,pointwise_cart_mse,ref_path_length,shape_arcness_abs_error,shape_arcness_error,shape_arcness_target,shape_arcness_value,smoothness_error,space_indirectness_abs_error,space_indirectness_error,space_indirectness_target,space_indirectness_value,spatial_coeff_error,spatial_path_length,spatial_path_length_error,spatial_path_length_ratio,time_abs_error,time_error,time_roughness,time_target,time_value,time_warp_deviation,timing_coeff_error,total_loss,valid_candidate,var_path_length,weight_abs_error,weight_error,weight_target,weight_value,weighted_detour,weighted_direction,weighted_endpoint,weighted_feature_loss,weighted_feature_rmse,weighted_joint_limits,weighted_joint_preservation,weighted_max_deviation,weighted_nearest_path,weighted_out_of_range,weighted_path_length,weighted_smoothness,weighted_spatial_coefficients,weighted_time_roughness,weighted_time_warp,weighted_timing_coefficients,weighted_total_loss
105.3552804327671,0.029676625386101496,0.0243119033351857,25,35.89441321715724,35.89441325305166,29.889511372599976,29.889511372599976,0.15,30.039511372599975,0.0,0.08533119359966432,2.525185682400534,0.015597687711178101,0.20489070306142929,0.01833850396295443,1248.8121392260928,113.72669806171346,11.664272036182942,0.029477516513040723,0.10178668811232616,0.38147397251678095,-0.38147397251678095,0.5,0.11852602748321904,1.326242840483435,1.615160095829083,1.615160095829083,0.8,2.415160095829083,0.3321799617498704,1.199250678965729,116.25148201171868,11.781998052852666,26.27114557248567,26.27114557248567,5.126593350509597e-06,0.3,26.57114557248567,1.542025510518735e-05,0.15685481870712192,514.5870120826829,True,1.187267736447001,69.68309888053106,69.68309888053106,0.2,69.88309888053107,52.67764021638355,0.014838312693050748,0.00486238066703714,35.89441321715724,35.89441321715724,0.0,0.004266559679983216,0.015597687711178101,0.027507755944431646,312.2030348065232,113.72669806171346,0.01326242840483435,0.0033217996174987044,1.5379780051528792e-07,1.542025510518735e-07,0.0015685481870712193,514.5870120826829
199.59791875858323,0.055278760812999095,0.04733314799370721,50,56.627451409305976,56.627451465933426,54.86968627027593,54.86968627027593,0.15,55.019686270275926,0.0,0.07910793245970375,2.994037989830769,0.04540723776650471,0.2930897411104174,0.05125305536376999,3141.851448995972,211.06024896104563,15.527912753077974,0.053126968587327614,0.10178668811232616,0.3878325664412049,-0.3878325664412049,0.5,0.1121674335587951,0.9532750606789663,4.873394585881518,4.873394585881518,0.8,5.673394585881518,0.2891250531589682,1.584213020573158,212.1114842424314,15.564047659989011,44.98482185944159,44.98482185944159,3.5744682615232184e-05,0.3,45.284821859441585,2.250384242595483e-05,0.2922577217886474,1153.1282181018116,True,1.580534967712087,104.76222716045959,104.76222716045959,0.2,104.96222716045959,99.79895937929162,0.027639380406499547,0.009466629598741443,56.627451409305976,56.627451409305976,0.0,0.003955396622985188,0.04540723776650471,0.07687958304565498,785.462862248993,211.06024896104563,0.009532750606789663,0.002891250531589682,1.0723404784569656e-06,2.250384242595483e-07,0.002922577217886474,1153.1282181018116
273.36007465282415,0.2179526212544507,0.1591149112837321,75,76.02743534432615,76.02743542035358,47.04672681310371,47.04672681310371,0.15,47.19672681310371,8.095428629277798e-05,0.0881359974702903,5.907140276858335,0.04090913533790641,0.28226006856991426,0.01908522060699212,5699.774399016677,286.74695817759317,17.933604405961336,0.02181430005990597,0.10178668811232616,0.5183457443753845,-0.5183457443753845,0.5,-0.01834574437538453,3.55319601093147,1.1983846628035668,1.1983846628035668,0.8,1.9983846628035669,0.49066758934172444,1.8594727439545822,298.19513725819405,18.268327575599034,55.04253596634005,55.04253596634005,0.00025417499952128206,0.3,55.342535966340044,8.699332675587904e-05,0.5374848103930759,1924.6590004122277,True,1.8254023777354687,153.80531397008613,153.80531397008613,0.2,154.00531397008612,136.68003732641208,0.10897631062722535,0.03182298225674642,76.02743534432615,76.02743534432615,0.00040477143146388985,0.004406799873514515,0.04090913533790641,0.028627830910488178,1424.9435997541693,286.74695817759317,0.035531960109314704,0.004906675893417245,7.625249985638462e-06,8.699332675587904e-07,0.00537484810393076,1924.6590004122277
168.20157840356185,0.12294430465511841,0.09829708796935335,100,41.75081606692756,41.75081610867838,25.474020106191453,25.474020106191453,0.15,25.624020106191452,0.0,0.08400846034025757,2.0986015501098865,0.04289026740893956,0.2870996557431701,0.022991709780898355,1700.7537075023738,178.73698250066957,14.369255121384645,0.035637096244341644,0.10178668811232616,0.49944598937487583,-0.49944598937487583,0.5,0.0005540106251241654,0.8544030886718345,0.8933651012530002,0.8933651012530002,0.8,1.6933651012530002,0.31129401020457026,1.468744580535274,180.3550115070815,14.429631845552636,21.74756315809229,21.74756315809229,2.8835023858803924e-05,0.3,22.04756315809229,1.5654655051574198e-05,0.10538729467850438,729.9524363355231,True,1.4625990331393754,87.13623515803911,87.13623515803911,0.2,87.33623515803912,84.10078920178093,0.061472152327559204,0.019659417593870673,41.75081606692756,41.75081606692756,0.0,0.004200423017012878,0.04289026740893956,0.03448756467134753,425.18842687559345,178.73698250066957,0.008544030886718344,0.003112940102045703,8.650507157641177e-07,1.56546550515742e-07,0.0010538729467850438,729.9524363355231
182.50330233675226,0.3398860009344078,0.07713285356426502,125,84.22513488814221,84.22513497236734,49.42991160744424,49.42991160744424,0.15,49.57991160744424,0.00012686060948634325,0.07497075209166223,4.587785754373678,0.044225860118895566,0.29029945344411995,0.01074624668033484,7006.216507459438,193.4708049851684,14.90937831052015,0.013414844550799426,0.10178668811232616,0.4442314810228819,-0.4442314810228819,0.5,0.05576851897711809,1.5377107746460832,1.298496468073845,1.298496468073845,0.8,2.098496468073845,0.25338483742057255,1.5222998575040332,194.76390334255632,14.955783867004975,56.47545518905959,56.47545518905959,0.00010507631919111257,0.3,56.775455189059585,5.795948131650665e-05,0.3267563126456421,2120.7729977996487,True,1.517576389135378,172.7272131731127,172.7272131731127,0.2,172.92721317311268,91.25165116837613,0.1699430004672039,0.015426570712853006,84.22513488814221,84.22513488814221,0.0006343030474317162,0.003748537604583112,0.044225860118895566,0.01611937002050226,1751.5541268648594,193.4708049851684,0.015377107746460832,0.0025338483742057254,3.152289575733377e-06,5.795948131650665e-07,0.003267563126456421,2120.7729977996487
102.22062459014224,0.10402972601714466,0.08570057896919926,150,69.48398733087699,69.48398740036097,34.73221712631699,34.73221712631699,0.15,34.88221712631699,0.0,0.10213952264380381,3.2303941191684986,0.04169015528390252,0.28418167225268415,0.036227369134248025,4758.662846280091,110.46896185670643,11.510421583205234,0.03920858448480994,0.10178668811232616,0.5092631488439894,-0.5092631488439894,0.5,-0.009263148843989344,1.3262955046809828,1.4371924225448554,1.4371924225448554,0.8,2.2371924225448554,0.36738021153558514,1.1785740074032511,111.91229554911132,11.578860786923672,39.107726673251406,39.107726673251406,5.848668055093194e-05,0.3,39.4077266732514,2.320401255927863e-05,0.22062005545428115,1420.9184111609543,True,1.1716078068353144,146.29441705750105,146.29441705750105,0.2,146.49441705750104,51.11031229507112,0.05201486300857233,0.017140115793839852,69.48398733087699,69.48398733087699,0.0,0.005106976132190191,0.04169015528390252,0.05434105370137204,1189.6657115700227,110.46896185670643,0.013262955046809828,0.0036738021153558515,1.754600416527958e-06,2.320401255927863e-07,0.0022062005545428116,1420.9184111609543
121.11322250010103,0.08398162757817207,0.041505572193319636,175,21.707851496958227,21.70785151866608,21.29378710161151,21.29378710161151,0.15,21.44378710161151,0.0,0.03689689255514721,4.353927605306539,0.012223553254792095,0.1905601793359259,0.0042672929152485,445.79270996834373,130.07733871923767,12.405145273920787,0.006264616930095526,0.10178668811232616,0.4827322819252544,-0.4827322819252544,0.5,0.0172677180747456,1.4066401233868395,0.12200324430204124,0.12200324430204124,0.8,0.9220032443020413,0.09852427875932032,1.276593519442168,133.214305895175,12.541850193759014,26.901254983309336,26.901254983309336,0.00031440472768319073,0.3,27.201254983309337,9.51597862201236e-05,0.3261844895228493,323.87906409647195,True,1.2626787770361247,34.33370477721346,34.33370477721346,0.2,34.533704777213465,60.556611250050516,0.041990813789086034,0.008301114438663928,21.707851496958227,21.707851496958227,0.0,0.0018448446277573604,0.012223553254792095,0.00640093937287275,111.44817749208593,130.07733871923767,0.014066401233868396,0.0009852427875932032,9.432141830495721e-06,9.51597862201236e-07,0.0032618448952284928,323.87906409647195
301.68297832835475,0.06923616751335815,0.05579973018015798,200,39.85339732871383,39.85339736856723,49.26632377321885,49.26632377321885,0.15,49.41632377321885,0.0,0.08123373107285066,6.10025335735224,0.021852380257040664,0.22782550611122784,0.022429997435222396,1540.3960739660124,315.73819715103417,18.76902352834939,0.02677709570886062,0.10178668811232616,0.38050422681060575,-0.38050422681060575,0.5,0.11949577318939425,3.4240274157037085,2.4432288659046595,2.4432288659046595,0.8,3.2432288659046593,0.29695140652037016,1.940017272592394,326.1504016835876,19.059634594409367,41.363447042503594,41.363447042503594,0.00037057604728963755,0.3,41.66344704250359,0.00010421113325626999,0.5689613322316458,891.680350789122,True,1.910436931743246,61.621804979740475,61.621804979740475,0.2,61.82180497974048,150.84148916417737,0.034618083756679074,0.011159946036031597,39.85339732871383,39.85339732871383,0.0,0.004061686553642533,0.021852380257040664,0.033644996152833596,385.0990184915031,315.73819715103417,0.034240274157037086,0.0029695140652037017,1.1117281418689125e-05,1.0421113325626998e-06,0.005689613322316458,891.680350789122
161.26492740204867,0.05050859852264722,0.05700066147698553,225,18.95368046694629,18.953680485899973,18.974931710606814,18.974931710606814,0.15,19.124931710606813,1.1184907253020747e-05,0.07121642270650622,1.5631924531751666,0.039146607766362244,0.27785501703611726,0.022641138045991438,337.17949249078185,171.5841376832325,14.099012851479783,0.025702436048231185,0.10178668811232616,0.46351445306737393,-0.46351445306737393,0.5,0.03648554693262605,0.4803954337612156,0.9919795696582743,0.9919795696582743,0.8,1.7919795696582743,0.1703887692969382,1.436338788408259,171.90519721729248,14.111262228225492,19.670400117566356,19.670400117566356,1.3538869733638141e-05,0.3,19.970400117566356,9.229401128757935e-06,0.06713165604247669,355.58571412301336,True,1.4350919647953795,32.37342237833002,32.37342237833002,0.2,32.57342237833002,80.63246370102434,0.02525429926132361,0.011400132295397106,18.95368046694629,18.95368046694629,5.5924536265103736e-05,0.003560821135325311,0.039146607766362244,0.03396170706898716,84.29487312269546,171.5841376832325,0.004803954337612156,0.001703887692969382,4.0616609200914425e-07,9.229401128757935e-08,0.0006713165604247668,355.58571412301336
116.7053740462749,0.010843749368925515,0.01826212242895849,250,17.844663980324086,17.84466399816875,17.79604236393648,17.79604236393648,0.15,17.946042363936478,7.583828747422376e-05,0.062494786771419585,1.5957963157089665,0.017922019748844255,0.21387314797540338,0.011543694275117535,298.32784263765257,125.50779496807777,12.203026152253585,0.012987467236927158,0.10178668811232616,0.4843532651979136,-0.4843532651979136,0.5,0.0156467348020864,0.5316016933415552,1.5035261903052748,1.5035261903052748,0.8,2.303526190305275,0.17851816003029458,1.246206158651622,126.41203296396586,12.243310587365531,12.951764206395152,12.951764206395152,7.000101352397333e-06,0.3,13.251764206395153,7.623484301561857e-06,0.07436146668409317,276.3427675214987,True,1.2421057390162566,33.244813987600786,33.244813987600786,0.2,33.44481398760079,58.35268702313745,0.0054218746844627574,0.003652424485791698,17.844663980324086,17.844663980324086,0.0003791914373711188,0.0031247393385709795,0.017922019748844255,0.017315541412676303,74.58196065941314,125.50779496807777,0.005316016933415552,0.0017851816003029459,2.1000304057191997e-07,7.623484301561857e-08,0.0007436146668409317,276.3427675214987
128.79352880003717,0.001538140062938953,0.006300312933602059,275,40.89955662691005,40.899556667809605,41.532464573589635,41.532464573589635,0.15,41.682464573589634,0.0,0.04628047630001788,3.4633050874760283,0.01087331792915279,0.18427520284877316,0.0034428927480750016,1624.8082731554464,138.03250773117387,12.748723663920854,0.005950794366304501,0.10178668811232616,0.5238435208118869,-0.5238435208118869,0.5,-0.023843520811886874,1.128098448886564,0.9378463238898058,0.9378463238898058,0.8,1.7378463238898059,0.14128213488249677,1.3034039417443024,139.3638871413884,12.805248288002604,41.92208684354571,41.92208684354571,5.136028033668194e-05,0.3,42.22208684354571,6.056595218268039e-05,0.32400986507738544,649.5672139114049,True,1.2976504868969807,69.85919933323778,69.85919933323778,0.2,70.05919933323779,64.39676440001858,0.0007690700314694765,0.001260062586720412,40.89955662691005,40.89955662691005,0.0,0.002314023815000894,0.01087331792915279,0.005164339122112503,406.2020682888616,138.03250773117387,0.01128098448886564,0.0014128213488249677,1.540808410100458e-06,6.05659521826804e-07,0.0032400986507738544,649.5672139114049
113.04041114865974,0.00014971464931912148,0.003077558474283507,300,16.171732741916994,16.171732758088726,19.006762107092076,19.006762107092076,0.15,19.156762107092074,0.0,0.060966076769413194,3.3300599376726545,0.028136474539383574,0.2477393052906312,0.010873641453842281,242.5994860556595,121.70604828735443,12.032046423368351,0.015562145257580425,0.10178668811232616,0.4935726668272544,-0.4935726668272544,0.5,0.00642733317274559,0.9978595106481926,1.065982062066915,1.065982062066915,0.8,1.865982062066915,0.1744991439554914,1.227709939981326,122.35888632685689,12.061595107707427,14.262411447916193,14.262411447916193,2.591924319322346e-05,0.3,14.562411447916194,1.815072655326937e-05,0.25647506907623596,255.11033302341568,True,1.224702276968888,27.231808315935805,27.231808315935805,0.2,27.431808315935804,56.52020557432987,7.485732465956074e-05,0.0006155116948567015,16.171732741916994,16.171732741916994,0.0,0.0030483038384706597,0.028136474539383574,0.016310462180763423,60.649871513914874,121.70604828735443,0.009978595106481926,0.0017449914395549142,7.775772957967038e-07,1.8150726553269372e-07,0.00256475069076236,255.11033302341568
98.52633174078078,0.010606553657702578,0.019957999637869223,325,20.98115740307249,20.98115742405365,28.322317597782657,28.322317597782657,0.15,28.472317597782656,0.0,0.06207041826122297,4.116932774986436,0.0252235718791087,0.23881930575061933,0.005196737147722891,415.00019326238646,106.6271662255248,11.326043105930015,0.006166736059690524,0.10178668811232616,0.4586462814516144,-0.4586462814516144,0.5,0.04135371854838559,1.6674555289926425,0.19372044717692638,0.19372044717692638,0.8,0.9937204471769264,0.19269792820083897,1.1562430330753148,107.318636892601,11.359470878988029,25.06207298747744,25.06207298747744,0.00011963642784725088,0.3,25.36207298747744,6.915485029107898e-05,0.32173088215050993,280.68877801388925,True,1.1528405304304914,27.758526144270494,27.758526144270494,0.2,27.958526144270493,49.26316587039039,0.005303276828851289,0.003991599927573845,20.98115740307249,20.98115740307249,0.0,0.0031035209130611486,0.0252235718791087,0.007795105721584337,103.75004831559662,106.6271662255248,0.016674555289926424,0.0019269792820083898,3.5890928354175263e-06,6.915485029107899e-07,0.0032173088215050995,280.68877801388925
134.89053888164267,0.06953571150448612,0.06842611201759116,350,60.79462294807676,60.794623008871376,32.33522255364255,32.33522255364255,0.15,32.48522255364255,0.0,0.08167243094316297,3.0044461239451365,0.03729896233283707,0.27312939272114195,0.010252327766357209,3635.2097419791803,144.34192978313052,13.01423862685982,0.012470388235497643,0.10178668811232616,0.4524029378267686,-0.4524029378267686,0.5,0.047597062173231376,1.2243793873243691,1.3868457141662083,1.3868457141662083,0.8,2.1868457141662083,0.24458995512469953,1.3366168613293627,147.17444479223792,13.13154750195695,32.29450686378579,32.29450686378579,5.6644768962665836e-05,0.3,32.59450686378579,4.78049589027628e-05,0.17559202609116023,1181.5059196115872,True,1.3246763782739546,128.02070587733925,128.02070587733925,0.2,128.22070587733924,67.44526944082133,0.03476785575224306,0.013685222403518233,60.79462294807676,60.79462294807676,0.0,0.004083621547158149,0.03729896233283707,0.015378491649535813,908.8024354947951,144.34192978313052,0.012243793873243692,0.002445899551246995,1.699343068879975e-06,4.78049589027628e-07,0.0017559202609116024,1181.5059196115872
102.05026888870262,0.0005217871690780251,0.007910615518894971,375,18.872731876556823,18.872731895429553,21.216142718816073,21.216142718816073,0.15,21.36614271881607,0.0,0.06601253189394143,2.4954054288754874,0.02044302310703345,0.2229791002455724,0.008998402852087809,334.08810816664766,110.29186353881776,11.501993312643927,0.011744330997382044,0.10178668811232616,0.4929120036141138,-0.4929120036141138,0.5,0.0070879963858862145,0.5849748837130258,0.5273511814487417,0.5273511814487417,0.8,1.3273511814487418,0.2371363370409012,1.1723031843918008,110.61261690641068,11.517253296674502,17.75263696637853,17.75263696637853,3.863545100477344e-05,0.3,18.052636966378532,1.9117288462154306e-05,0.4371635123337261,263.76343526962324,True,1.1707499210040817,31.860605037361356,31.860605037361356,0.2,32.060605037361356,51.02513444435131,0.00026089358453901257,0.0015821231037789945,18.872731876556823,18.872731876556823,0.0,0.003300626594697072,0.02044302310703345,0.013497604278131714,83.52202704166191,110.29186353881776,0.005849748837130258,0.002371363370409012,1.1590635301432033e-06,1.9117288462154308e-07,0.004371635123337261,263.76343526962324
59.18758109592759,0.026255335297718396,0.02655933866745541,400,16.79320816985162,16.79320818664483,15.0570124824192,15.0570124824192,0.15,15.2070124824192,0.0,0.06740746572011953,2.4085889832084426,0.00026098695692723656,0.09615509074339221,0.0035344181020243114,262.60834352740227,65.5022583337195,9.093346547239868,0.008089934968576573,0.10178668811232616,0.4623678319714612,-0.4623678319714612,0.5,0.03763216802853881,0.6381175348658757,0.8008210558694591,0.8008210558694591,0.8,1.600821055869459,0.22446840610436194,0.9291836600674556,66.07631137348918,9.128733688188412,20.08763120376796,20.08763120376796,1.3628525055782832e-05,0.3,20.38763120376796,2.3188042718884466e-05,0.22584403513994233,177.57960039666108,True,0.9255817198346679,27.910169389491152,27.910169389491152,0.2,28.11016938949115,29.593790547963795,0.013127667648859198,0.005311867733491082,16.79320816985162,16.79320816985162,0.0,0.003370373286005977,0.00026098695692723656,0.005301627153036467,65.65208588185057,65.5022583337195,0.0063811753486587575,0.0022446840610436196,4.0885575167348496e-07,2.3188042718884467e-07,0.0022584403513994235,177.57960039666108
155.56059588485073,0.045006301392182535,0.04317103547178332,425,45.69809779649287,45.69809784219096,34.845888298168994,34.845888298168994,0.15,34.99588829816899,0.0,0.06950743611863211,3.6034394897327786,0.04159047970915214,0.2839374406752035,0.006900783371917572,2037.1589457302882,165.69851056509853,13.872393350309745,0.010664966860317399,0.10178668811232616,0.4829901108895344,-0.4829901108895344,0.5,0.01700988911046558,1.1553117382613574,0.8077960327009197,0.8077960327009197,0.8,1.6077960327009198,0.20714945554159908,1.4259925898390853,169.25011751082468,14.009616347564776,43.432155379088734,43.432155379088734,7.010446526930425e-05,0.3,43.73215537908873,4.342318304899189e-05,0.23644849385337763,798.5691887551947,True,1.4120251140434188,85.67442363933853,85.67442363933853,0.2,85.87442363933853,77.78029794242536,0.022503150696091268,0.008634207094356664,45.69809779649287,45.69809779649287,0.0,0.003475371805931606,0.04159047970915214,0.010351175057876357,509.28973643257206,165.69851056509853,0.011553117382613574,0.0020714945554159907,2.1031339580791272e-06,4.3423183048991895e-07,0.0023644849385337763,798.5691887551947
91.16877986665907,0.0821389910386553,0.04172216857985877,450,46.00085531606547,46.000855362066325,30.583547238194843,30.583547238194843,0.15,30.73354723819484,0.0,0.05790678756578773,4.911348520739308,0.01886665497445768,0.2173559426252016,0.0032099309510777003,2066.5419138455322,98.96736737448155,10.948234384778113,0.0056166258975364645,0.10178668811232616,0.4651042404515085,-0.4651042404515085,0.5,0.0348957595484915,1.9615050147881659,0.5601464847641837,0.5601464847641837,0.8,1.3601464847641838,0.21359509023681475,1.1204669824876694,100.15986925459224,11.007990270508472,36.72377510941904,36.72377510941904,9.027597684004331e-05,0.3,37.023775109419034,4.815122035302581e-05,0.3839903412618217,707.2896759995285,True,1.1143846281863987,91.08169060909975,91.08169060909975,0.2,91.28169060909975,45.58438993332953,0.04106949551932765,0.008344433715971754,46.00085531606547,46.00085531606547,0.0,0.0028953393782893866,0.01886665497445768,0.00481489642661655,516.6354784613831,98.96736737448155,0.01961505014788166,0.0021359509023681474,2.7082793052012993e-06,4.815122035302582e-07,0.003839903412618217,707.2896759995285
109.12583591237613,0.006657532876092942,0.012732205165452464,475,40.07486264166975,40.07486268174461,20.00875108828853,20.00875108828853,0.15,20.15875108828853,2.403956789124273e-05,0.07227948282147749,2.1705545368883583,0.0408158226562688,0.28202926188121563,0.02112268532417158,1564.8724211456267,117.64290088663121,11.846331217818825,0.023607437001562155,0.10178668811232616,0.5232359303723041,-0.5232359303723041,0.5,-0.023235930372304144,0.6854718556909911,0.014778682741607985,0.014778682741607985,0.8,0.814778682741608,0.21607028028797254,1.2075906255799977,118.0250527981727,11.863933578505195,29.905606121831696,29.905606121831696,1.4455818237481e-05,0.3,30.205606121831696,2.0750691459651827e-05,0.2120180018802787,603.5920322435499,True,1.2057989394067499,82.06706832175689,82.06706832175689,0.2,82.2670683217569,54.562917956188066,0.003328766438046471,0.002546441033090493,40.07486264166975,40.07486264166975,0.00012019783945621365,0.0036139741410738746,0.0408158226562688,0.03168402798625737,391.2181052864067,117.64290088663121,0.0068547185569099115,0.0021607028028797254,4.3367454712443e-07,2.0750691459651828e-07,0.002120180018802787,603.5920322435499
44.73000136046105,0.003482426794161886,0.011565302416630466,500,12.860169997660197,12.860170010520367,11.017628716514018,11.017628716514018,0.15,11.167628716514018,8.763333358497706e-05,0.05128961050985444,2.1322750971855617,0.0010670062324344112,0.11266506134135387,0.0034061772525257926,150.7766729110893,50.24044067613366,8.08804914459075,0.00575730521669073,0.10178668811232616,0.4575970487687417,-0.4575970487687417,0.5,0.042402951231258305,0.5616828315423251,0.6010060375480426,0.6010060375480426,0.8,1.4010060375480426,0.1654871468143984,0.8261192158176431,50.64002510978821,8.116180514137357,14.132222981543899,14.132222981543899,6.327115074206173e-06,0.3,14.4322229815439,1.403742396208316e-05,0.15002579922565068,123.18178506294525,True,0.8232558165981165,22.477575297308963,22.477575297308963,0.2,22.677575297308962,22.365000680230526,0.001741213397080943,0.002313060483326093,12.860169997660197,12.860169997660197,0.0004381666679248853,0.0025644805254927223,0.0010670062324344112,0.005109265878788689,37.69416822777232,50.24044067613366,0.005616828315423252,0.0016548714681439841,1.898134522261852e-07,1.403742396208316e-07,0.0015002579922565068,123.18178506294525
230.58594349451906,0.02956142495856795,0.02426914088849512,525,21.861884312653824,21.86188433451571,17.995415268693094,17.995415268693094,0.15,18.145415268693093,0.0,0.07100590814870658,0.9665218848140812,0.0453537492616725,0.2929641971357451,0.02108195236829564,454.35645103212727,242.8939887626473,16.585056585160263,0.02460814799680363,0.10178668811232616,0.4753955573009096,-0.4753955573009096,0.5,0.024604442699090408,0.521469442261498,1.8562046398972274,1.8562046398972274,0.8,2.6562046398972274,0.22701316734984983,1.6912244356337292,243.8400212234642,16.615377716323874,13.484482595071253,13.484482595071253,7.999251795570887e-07,0.3,13.784482595071253,3.1591115848047953e-06,0.03759920107730969,493.74597996816675,True,1.6881381478095545,43.36325858521413,43.36325858521413,0.2,43.563258585214136,115.29297174725953,0.014780712479283975,0.004853828177699024,21.861884312653824,21.861884312653824,0.0,0.003550295407435329,0.0453537492616725,0.03162292855244346,113.58911275803182,242.8939887626473,0.005214694422614981,0.002270131673498498,2.399775538671266e-08,3.159111584804795e-08,0.00037599201077309695,493.74597996816675
83.06624742918757,0.1968693229271088,0.13973569292259203,550,12.90761236719263,12.907612380100241,14.447898368953382,14.447898368953382,0.15,14.597898368953382,1.2793243039819748e-05,0.07099663072529012,2.029172597648853,0.02269089192990476,0.2306349625083923,0.007804576887151591,151.4922303983689,90.51750235235959,10.51406865396501,0.008441530720957583,0.10178668811232616,0.4940624584224569,-0.4940624584224569,0.5,0.005937541577543113,0.7462127642770326,0.6400336002045492,0.6400336002045492,0.8,1.4400336002045493,0.25975668763547916,1.0726730841578656,90.98185137206163,10.538440720162894,13.2092436712863,13.2092436712863,1.0622029661706178e-06,0.3,13.5092436712863,1.365622205747162e-05,0.16931597189066722,183.00744241146472,True,1.070192332013408,21.193222039259368,21.193222039259368,0.2,21.393222039259367,41.533123714593785,0.0984346614635544,0.027947138584518406,12.90761236719263,12.90761236719263,6.396621519909874e-05,0.0035498315362645066,0.02269089192990476,0.011706865330727387,37.87305759959222,90.51750235235959,0.007462127642770326,0.0025975668763547916,3.186608898511853e-08,1.365622205747162e-07,0.0016931597189066721,183.00744241146472
62.16426626194339,0.15314845632934304,0.09860987151183284,575,11.817694438411758,11.817694450229453,14.238266939703477,14.238266939703477,0.15,14.388266939703477,0.0,0.061389245335902246,1.614582761281013,0.03854054989711596,0.2763174722155824,0.010380747425087666,125.675753997639,68.63181177566295,9.284431892149453,0.011536245040430467,0.10178668811232616,0.44816671777080497,-0.44816671777080497,0.5,0.051833282229195005,0.4683593896775773,0.4190740472363257,0.4190740472363257,0.8,1.2190740472363257,0.24647043397588628,0.9481062945802967,69.13321298628992,9.31463847598258,15.6039098500403,15.6039098500403,5.193736278358974e-06,0.3,15.9039098500403,9.980428854507713e-06,0.16015413938143636,143.11280527547143,True,0.9450316661506695,15.865143745850457,15.865143745850457,0.2,16.065143745850456,31.082133130971695,0.07657422816467152,0.01972197430236657,11.817694438411758,11.817694438411758,0.0,0.0030694622667951123,0.03854054989711596,0.015571121137631498,31.41893849940975,68.63181177566295,0.004683593896775773,0.002464704339758863,1.558120883507692e-07,9.980428854507713e-08,0.0016015413938143637,143.11280527547143
87.02413495269384,0.16983676182947294,0.05593584348045133,600,52.64137400296521,52.641374055606576,28.713941934737523,28.713941934737523,0.15,28.86394193473752,0.0,0.06758760166165992,3.4290101275886897,0.018694816791938722,0.21672899031273038,0.007165413810512472,2716.9703603984826,94.64707313880554,10.728672732639614,0.016705427335065543,0.10178668811232616,0.5009997444534292,-0.5009997444534292,0.5,-0.000999744453429223,0.7872771558470537,0.2645439983320146,0.2645439983320146,0.8,1.0645439983320146,0.2694295525150753,1.093945531845732,95.01241438744496,10.747431168643612,35.67636499725559,35.67636499725559,0.00011695114698404225,0.3,35.97636499725559,3.750736580016445e-05,0.21249677447893167,870.1847285033765,True,1.0920361725831338,108.4341129312707,108.4341129312707,0.2,108.6341129312707,43.51206747634692,0.08491838091473647,0.011187168696090266,52.64137400296521,52.64137400296521,0.0,0.003379380083082996,0.018694816791938722,0.010748120715768708,679.2425900996207,94.64707313880554,0.007872771558470538,0.002694295525150753,3.508534409521267e-06,3.750736580016445e-07,0.0021249677447893168,870.1847285033765
73.72492504941907,0.12606116109083776,0.09835286683630039,625,18.314442559772232,18.314442578086673,14.331731818464519,14.331731818464519,0.15,14.48173181846452,0.0,0.06575283670281903,1.567548124316036,0.04458219122895559,0.2911449531221516,0.011555287648450858,315.6797563361699,80.7539826290022,9.98632197447889,0.012501285889405678,0.10178668811232616,0.46351696995358377,-0.46351696995358377,0.5,0.03648303004641625,0.6425520233995357,0.6779571725474323,0.6779571725474323,0.8,1.4779571725474323,0.24126861336013347,1.0216693573567173,81.67380921327413,10.037356317711177,12.763861791698782,12.763861791698782,1.00599841211327e-05,0.3,13.063861791698782,1.0868635709752265e-05,0.04969463109334397,215.00806627914028,True,1.0164747400687717,36.167732249436796,36.167732249436796,0.2,36.3677322494368,36.862462524709535,0.06303058054541888,0.01967057336726008,18.314442559772232,18.314442559772232,0.0,0.003287641835140952,0.04458219122895559,0.017332931472676286,78.91993908404247,80.7539826290022,0.006425520233995357,0.0024126861336013347,3.0179952363398095e-07,1.0868635709752264e-07,0.0004969463109334396,215.00806627914028
71.4109875789472,0.1012041874157712,0.044107983175014256,650,13.425057500998468,13.425057514423527,8.236105924912907,8.236105924912907,0.15,8.386105924912908,0.0,0.04089906923666118,1.4824141221954927,0.01885587328583443,0.21731668975705185,0.005686717459974011,165.85137787785672,78.33138934589317,9.850502208682464,0.009584820105044177,0.10178668811232616,0.49573151082669353,-0.49573151082669353,0.5,0.004268489173306447,0.1728920791893549,0.06508588535407,0.06508588535407,0.8,0.86508588535407,0.1092648431846409,1.0033046258447023,78.44525559867222,9.856932629227357,13.125129022629542,13.125129022629542,3.0778386928182573e-06,0.3,13.425129022629543,9.523267137208987e-06,0.05233755979772723,169.01698483149949,True,1.002650094569964,25.70619395705131,25.70619395705131,0.2,25.906193957051308,35.7054937894736,0.0506020937078856,0.008821596635002852,13.425057500998468,13.425057500998468,0.0,0.002044953461833059,0.01885587328583443,0.008530076189961017,41.46284446946418,78.33138934589317,0.001728920791893549,0.001092648431846409,9.233516078454772e-08,9.523267137208987e-08,0.0005233755979772723,169.01698483149949
73.76291279338504,0.026743011580437237,0.028726382704112183,675,24.50561953129536,24.50561955580098,19.270493687242464,19.270493687242464,0.15,19.420493687242462,0.0,0.08812244946824832,2.7179126262753224,0.021426481281989658,0.22637787155847586,0.005621053012926724,572.9127261736886,80.79373983150546,9.988533797650508,0.007638806800696928,0.10178668811232616,0.49573719962925517,-0.49573719962925517,0.5,0.0042628003707448296,0.8024259206483676,0.028440795505221828,-0.028440795505221828,0.8,0.7715592044947782,0.22129630046808677,1.020107363682578,81.39667460383889,10.022010563274623,25.49982401059849,25.49982401059849,4.397825506009662e-05,0.3,25.799824010598492,4.378308464712974e-05,0.26679571229354837,285.47528520503397,True,1.016699874246219,44.50603816671154,44.50603816671154,0.2,44.706038166711544,36.88145639669252,0.013371505790218619,0.005745276540822437,24.50561953129536,24.50561953129536,0.0,0.004406122473412416,0.021426481281989658,0.008431579519390086,143.22818154342215,80.79373983150546,0.008024259206483676,0.0022129630046808678,1.3193476518028985e-06,4.378308464712974e-07,0.0026679571229354837,285.47528520503397
39.041085029923664,0.07471365790529472,0.05128607633304509,700,12.627595856744456,12.627595869372051,17.21948426777238,17.21948426777238,0.15,17.36948426777238,0.0,0.0722814173622465,2.75447002596567,0.045291809522730216,0.2928187245585553,0.017803672491261198,144.42176485484728,44.19971428394432,7.648286567525825,0.018720211401547854,0.10178668811232616,0.4276592079690756,-0.4276592079690756,0.5,0.07234079203092442,1.0143280858386967,0.2371107389507534,-0.2371107389507534,0.8,0.5628892610492466,0.25334614585053106,0.7808121271388473,44.50307543606668,7.671062541759497,13.926292647477737,13.926292647477737,1.2450144258168261e-05,0.3,14.226292647477738,3.345911934983818e-05,0.23754899103413943,112.59157224303215,True,0.7784938359253104,17.509697540191006,17.509697540191006,0.2,17.709697540191005,19.520542514961832,0.03735682895264736,0.01025721526660902,12.627595856744456,12.627595856744456,0.0,0.003614070868112325,0.045291809522730216,0.026705508736891797,36.10544121371182,44.19971428394432,0.010143280858386967,0.0025334614585053104,3.7350432774504783e-07,3.3459119349838177e-07,0.0023754899103413944,112.59157224303215
67.43747420761532,0.05170743677382161,0.036002796493609567,725,17.570902724143338,17.57090274171424,19.387370252168008,19.387370252168008,0.15,19.537370252168007,0.0,0.052222928259512004,3.388006730425823,0.004554127936102674,0.14748427917746973,0.004283071439091191,287.9093707915574,74.16710003355655,9.61203228242652,0.0062071120076959575,0.10178668811232616,0.4688033738237759,-0.4688033738237759,0.5,0.031196626176224082,1.255925454415016,0.5908070798381253,0.5908070798381253,0.8,1.3908070798381253,0.1777530229092494,0.9813924332241739,74.67823619171278,9.641657028123298,21.864714480665086,21.864714480665086,6.941749129619832e-05,0.3,22.164714480665086,3.368939183234458e-05,0.2527194934113125,197.49759311771626,True,0.9783770281772816,26.252207937035596,26.252207937035596,0.2,26.452207937035595,33.71873710380766,0.025853718386910807,0.007200559298721914,17.570902724143338,17.570902724143338,0.0,0.0026111464129756003,0.004554127936102674,0.006424607158636787,71.97734269788936,74.16710003355655,0.012559254544150161,0.0017775302290924941,2.0825247388859496e-06,3.368939183234458e-07,0.002527194934113125,197.49759311771626
20.59547081108588,0.0016386382622993745,0.005803894175575,750,9.043691018885635,9.043691027929325,10.749071048257488,10.749071048257488,0.15,10.899071048257488,4.045764460788834e-05,0.07255359757534381,1.5076396808538053,0.002098131899852819,0.125805369770943,0.004522831106063481,71.181379354287,24.386049459055776,5.938223309962377,0.005259187692319046,0.10178668811232616,0.34566598451576286,-0.34566598451576286,0.5,0.15433401548423714,0.856731686101353,1.0502829877634237,1.0502829877634237,0.8,1.8502829877634237,0.24127446941378658,0.6067892534966604,24.61529804606972,5.961380659259046,9.752587936550514,9.752587936550514,2.569952744905616e-06,0.3,10.052587936550514,5.444579083053604e-06,0.20589924562918832,61.55055235223894,True,0.6044321433747187,14.037936381654267,14.037936381654267,0.2,14.237936381654267,10.29773540554294,0.0008193191311496872,0.001160778835115,9.043691018885635,9.043691018885635,0.0002022882230394417,0.003627679878767191,0.002098131899852819,0.006784246659095221,17.79534483857175,24.386049459055776,0.00856731686101353,0.0024127446941378658,7.709858234716847e-08,5.444579083053604e-08,0.002058992456291883,61.55055235223894
157.78859165977363,0.5037092144199036,0.08921411345416336,775,21.471784429412843,21.47178445088463,21.98591957904796,21.98591957904796,0.15,22.135919579047957,0.0,0.048075051687109634,1.9587719756072175,0.00787666043957264,0.168750551770525,0.006942150312833092,435.7255582133249,167.99770598205373,13.96139290285013,0.008332534826561055,0.10178668811232616,0.509176718190499,-0.509176718190499,0.5,-0.009176718190499058,0.2885243269071528,1.5350826795161614,1.5350826795161614,0.8,2.3350826795161614,0.19263098332163814,1.4232459253039098,168.5487293373816,13.982631834007371,24.653447645141586,24.653447645141586,5.485977326969907e-06,0.3,24.953447645141587,1.4001367773105417e-05,0.22178778206391403,377.5925965985945,True,1.4210840846299793,34.80515417628336,34.80515417628336,0.2,35.00515417628336,78.89429582988681,0.2518546072099518,0.017842822690832674,21.471784429412843,21.471784429412843,0.0,0.002403752584355482,0.00787666043957264,0.010413225469249637,108.93138955333123,167.99770598205373,0.002885243269071528,0.0019263098332163815,1.645793198090972e-07,1.4001367773105417e-07,0.0022178778206391405,377.5925965985945
27.41394640460435,0.07954208262404827,0.03972720168369925,800,20.82012353236248,20.820123553182604,21.46848496856207,21.46848496856207,0.15,21.61848496856207,0.0,0.050532659882834896,4.011043405710108,0.0015977312580991282,0.11997163066600021,0.0019117215871007579,408.8488649629177,31.7626127435417,6.635832923671682,0.003609367256218482,0.10178668811232616,0.24454174893681835,-0.24454174893681835,0.5,0.25545825106318165,2.777306355161749,2.768204703195978,2.768204703195978,0.8,3.5682047031959776,0.18846436217822443,0.6821086587869292,32.50543320380373,6.70135362907825,24.700848324930018,24.700848324930018,0.00017694820033490696,0.3,25.00084832493002,8.87519391981825e-05,0.4515188271899867,168.5908132386282,True,0.6754395225256041,32.99450274040514,32.99450274040514,0.2,33.19450274040514,13.706973202302175,0.039771041312024136,0.00794544033673985,20.82012353236248,20.82012353236248,0.0,0.002526632994141745,0.0015977312580991282,0.002867582380651137,102.21221624072942,31.7626127435417,0.027773063551617492,0.0018846436217822443,5.308446010047209e-06,8.87519391981825e-07,0.004515188271899867,168.5908132386282
31.438598183459316,0.0467997019373092,0.05172431298045769,825,12.533875156555073,12.533875169088947,16.29868577385285,16.29868577385285,0.15,16.448685773852848,0.0,0.048391555634499435,4.648012075669012,0.007691560150455152,0.16770154018291328,0.004334651253649633,142.1712439501773,36.08420882610474,7.007013303306789,0.015111881343984354,0.10178668811232616,0.3814421407348436,-0.3814421407348436,0.5,0.11855785926515641,1.66283454002096,0.5514583992503856,0.5514583992503856,0.8,1.3514583992503857,0.13485479083609042,0.7154839769693155,36.35183533560504,7.029248322602498,14.978210062287006,14.978210062287006,0.0001955568758047806,0.3,15.278210062287007,7.974412632725272e-05,0.3488625127150737,99.95202407289443,True,0.7132207477727415,17.176920407159756,17.176920407159756,0.2,17.376920407159755,15.719299091729658,0.0233998509686546,0.010344862596091539,12.533875156555073,12.533875156555073,0.0,0.002419577781724972,0.007691560150455152,0.006501976880474449,35.54281098754433,36.08420882610474,0.0166283454002096,0.0013485479083609041,5.866706274143418e-06,7.974412632725273e-07,0.003488625127150737,99.95202407289443
136.0549316619459,0.0846643294746251,0.06249917118090097,850,9.697608974343545,9.697608984041155,15.817828870837966,15.817828870837966,0.15,15.967828870837966,5.5353187153314495e-06,0.06359257463553994,5.8969130329845,0.02669653774508202,0.24339075171221294,0.011772197074631416,82.83309040078271,145.54633864394197,13.064258727495112,0.01236508206007123,0.10178668811232616,0.37090541452301107,-0.37090541452301107,0.5,0.12909458547698896,3.4415892155270633,0.8686384250703527,0.8686384250703527,0.8,1.6686384250703528,0.2635980519307022,1.41151905127799,165.57053743940043,13.86742155365248,12.115577275947334,12.115577275947334,0.00047950472878169857,0.3,12.415577275947335,0.0001286987436629082,0.6478506783894703,244.1256262386978,True,1.3297677591568673,8.505002855977231,8.505002855977231,0.2,8.70500285597723,68.02746583097294,0.04233216473731255,0.012499834236180195,9.697608974343545,9.697608974343545,2.7676593576657248e-05,0.003179628731776997,0.02669653774508202,0.017658295611947122,20.708272600195677,145.54633864394197,0.03441589215527063,0.002635980519307022,1.4385141863450957e-05,1.286987436629082e-06,0.006478506783894703,244.1256262386978
37.45344380121482,0.015023155697672097,0.018747497998851212,875,27.818313912980162,27.818313940798475,23.863199342168738,23.863199342168738,0.15,24.013199342168736,1.357680600974568e-06,0.06615484911929721,3.090948960234522,0.023164863411985998,0.23220007691189254,0.0047866141529046505,742.2994557162052,42.5093813041633,7.519921878685611,0.006494574174587866,0.10178668811232616,0.4415410755670308,-0.4415410755670308,0.5,0.05845892443296919,1.3333512101722858,0.45801606622878155,0.45801606622878155,0.8,1.2580160662287816,0.24271785340608257,0.7839820940060542,44.919562248746395,7.702205774873403,26.68147081165088,26.68147081165088,4.54588268630065e-05,0.3,26.98147081165088,4.980208580834646e-05,0.2793206355996997,274.69275719852857,True,0.7654280180940488,50.867819373241446,50.867819373241446,0.2,51.06781937324145,18.72672190060741,0.0075115778488360485,0.0037494995997702425,27.818313912980162,27.818313912980162,6.78840300487284e-06,0.0033077424559648607,0.023164863411985998,0.007179921229356976,185.5748639290513,42.5093813041633,0.013333512101722858,0.002427178534060826,1.363764805890195e-06,4.980208580834646e-07,0.0027932063559969974,274.69275719852857
83.94667045687156,0.05326042246485174,0.051488255799652605,900,11.805861860567614,11.805861872373475,11.524015455617455,11.524015455617455,0.15,11.674015455617456,0.0,0.06223340346788285,1.1567980837935121,0.03500594688318064,0.2670987623774691,0.025321407081948622,126.0912002170788,91.43646370718892,10.56224156289669,0.026569702566748808,0.10178668811232616,0.4490002820225542,-0.4490002820225542,0.5,0.05099971797744581,0.33802233367484474,1.9738216250574994,1.9738216250574994,0.8,2.7738216250574994,0.18085349783178445,1.0837528740823488,93.07027659222688,10.647293744477095,9.175656264014794,9.175656264014794,1.1070751287339125e-06,0.3,9.475656264014795,2.3029841016960388e-06,0.13324017468809377,176.8580096568379,True,1.0750956933520293,21.812810446853103,21.812810446853103,0.2,22.012810446853102,41.97333522843578,0.02663021123242587,0.010297651159930522,11.805861860567614,11.805861860567614,0.0,0.0031116701733941428,0.03500594688318064,0.037982110622922935,31.5228000542697,91.43646370718892,0.0033802233367484476,0.0018085349783178446,3.3212253862017375e-08,2.302984101696039e-08,0.0013324017468809377,176.8580096568379
72.37599834895353,0.027496056792589152,0.03726699690655683,925,14.664058734655503,14.664058749319562,13.023743471158554,13.023743471158554,0.15,13.173743471158554,3.9791462442668034e-05,0.08556292522434486,2.837843267813701,0.04400103532599605,0.2897642374810255,0.01047381403725622,198.34938878463024,79.34192510019986,9.907408439057898,0.013433560340417306,0.10178668811232616,0.4803433357566821,-0.4803433357566821,0.5,0.019656664243317894,1.1043145986262741,0.4910736123031152,0.4910736123031152,0.8,1.2910736123031152,0.22593133708473506,1.0152902694601607,80.5449741291362,9.97468518273127,15.053773003639302,15.053773003639302,1.4517103184965143e-05,0.3,15.353773003639303,4.010903270591716e-05,0.3599679751111013,179.88362346893427,True,1.0084423918618988,26.047403639459485,26.047403639459485,0.2,26.247403639459485,36.187999174476765,0.013748028396294576,0.007453399381311367,14.664058734655503,14.664058734655503,0.00019895731221334018,0.004278146261217243,0.04400103532599605,0.01571072105588433,49.58734719615756,79.34192510019986,0.01104314598626274,0.002259313370847351,4.355130955489543e-07,4.010903270591716e-07,0.003599679751111013,179.88362346893427
207.39504687699605,0.0020650737352795323,0.014992294080235228,950,88.83981080798152,88.83981089682133,46.45719459090986,46.45719459090986,0.15,46.607194590909856,0.00012786188238077918,0.08325850540529764,3.141193273122095,0.04094785532158599,0.2823557642410663,0.012233769935225071,7802.5050589259645,219.07602036022556,15.801216854036886,0.014312364987152933,0.10178668811232616,0.5018951250949488,-0.5018951250949488,0.5,-0.001895125094948788,1.1647283512591373,0.7927245242126757,0.7927245242126757,0.8,1.5927245242126757,0.260823901432254,1.613746902120248,220.6473256186155,15.85420228819493,54.08516163426518,54.08516163426518,3.306673112099577e-05,0.3,54.385161634265174,4.534917618152951e-05,0.4725730122024104,2362.3267337769294,True,1.6083536897292525,185.41360266109047,185.41360266109047,0.2,185.61360266109045,103.69752343849802,0.0010325368676397662,0.0029984588160470458,88.83981080798152,88.83981080798152,0.0006393094119038959,0.004162925270264882,0.04094785532158599,0.018350654902837608,1950.6262647314911,219.07602036022556,0.011647283512591373,0.0026082390143225397,9.92001933629873e-07,4.534917618152951e-07,0.0047257301220241035,2362.3267337769294
36.38917750867171,0.020763268353525044,0.02179629920886994,975,7.788883404603057,7.78888341239194,8.798492220171056,8.798492220171056,0.15,8.948492220171056,0.0,0.041124843443711756,2.4636822662624125,0.0077103228637703325,0.16780844414844356,0.005751472940035529,51.588526529476056,41.37505293242126,7.432344279686937,0.006811426649787698,0.10178668811232616,0.43452475928609363,-0.43452475928609363,0.5,0.06547524071390635,0.4880194941684251,1.150593230053781,1.150593230053781,0.8,1.950593230053781,0.14004590548965318,0.7580088675009315,41.56423041108247,7.4470326826442,8.643020111731667,8.643020111731667,6.8528821375881746e-06,0.3,8.943020111731668,1.9691043529406372e-05,0.21429568853689984,80.29721540557257,True,0.7565137834633685,12.235423389138797,12.235423389138797,0.2,12.435423389138796,18.194588754335854,0.010381634176762522,0.004359259841773988,7.788883404603057,7.788883404603057,0.0,0.002056242172185588,0.0077103228637703325,0.008627209410053294,12.897131632369014,41.37505293242126,0.0048801949416842514,0.0014004590548965317,2.0558646412764523e-07,1.9691043529406374e-07,0.0021429568853689983,80.29721540557257
4.5363948874681,0.0058624194115106665,0.010836257394193591,1000,7.851686532632227,7.851686540483914,9.18917037576199,9.18917037576199,0.15,9.33917037576199,2.3021834864835022e-05,0.05567151452144155,3.4064926549735026,0.00021357831084264142,0.09461431869238664,0.0026347704263517354,52.63224102699219,6.400300028014247,3.5298814256826834,0.002939890562538507,0.10178668811232616,0.3552051958597333,-0.3552051958597333,0.5,0.1447948041402667,0.8580983150137842,0.36628595085186966,-0.36628595085186966,0.8,0.4337140491481304,0.1699234080228549,0.36197281663971925,6.534106245255298,3.5561897905388986,12.02069765096486,12.02069765096486,8.809609313974562e-05,0.3,12.320697650964862,6.115114769237736e-05,0.40804677444134696,29.70477108053298,True,0.35929497504827074,8.890812522510535,8.890812522510535,0.2,9.090812522510534,2.26819744373405,0.0029312097057553332,0.0021672514788387185,7.851686532632227,7.851686532632227,0.00011510917432417512,0.0027835757260720774,0.00021357831084264142,0.003952155639527603,13.158060256748048,6.400300028014247,0.008580983150137842,0.001699234080228549,2.6428827941923686e-06,6.115114769237736e-07,0.00408046774441347,29.70477108053298
46.64215323945433,0.4827301754257953,0.08911015761171688,1025,9.703390282580077,9.703390292283467,14.2270849954819,14.2270849954819,0.15,14.3770849954819,0.0,0.04490903690064134,1.8764462308510153,0.0012825322737828441,0.11581245975610785,0.0038384330648868286,82.6541212017583,52.265758100098154,8.229506075804775,0.007174039405701005,0.10178668811232616,0.4467612451386797,-0.4467612451386797,0.5,0.053238754861320285,0.5542051048943784,1.3589418296978002,1.3589418296978002,0.8,2.1589418296978002,0.17274198289207363,0.8390588210998111,52.465470684269874,8.24330523202425,12.070116687025802,12.070116687025802,5.89970836933299e-06,0.3,12.370116687025803,1.8643236225133842e-05,0.08274229871291125,106.23032531308496,True,0.8376542505514945,10.983393510575866,10.983393510575866,0.2,11.183393510575865,23.321076619727165,0.24136508771289766,0.017822031522343375,9.703390282580077,9.703390282580077,0.0,0.002245451845032067,0.0012825322737828441,0.005757649597330243,20.663530300439575,52.265758100098154,0.005542051048943784,0.0017274198289207363,1.7699125107998967e-07,1.8643236225133842e-07,0.0008274229871291125,106.23032531308496
31.51011237793743,0.02378152973210068,0.037219726858388064,1050,9.660543142067317,9.66054315172786,13.681026978212149,13.681026978212149,0.15,13.831026978212149,2.0892868701767468e-05,0.060872180894351445,3.6475006115042543,0.0019645388199655647,0.12432311834658709,0.00376522948003966,81.87684850807992,36.16082189001677,7.013386890099187,0.005169015086212,0.10178668811232616,0.37045689001243737,-0.37045689001243737,0.5,0.12954310998756263,1.1815273672862543,0.8293144106508916,0.8293144106508916,0.8,1.6293144106508917,0.22835059313113054,0.7215778132488159,37.07734599365451,7.08911701264268,11.792356793701293,11.792356793701293,0.000126611021031188,0.3,12.092356793701294,3.551445671365119e-05,0.4020673658603106,82.09385212147673,True,0.7138694941274719,11.814198716137613,11.814198716137613,0.2,12.014198716137612,15.755056188968714,0.01189076486605034,0.007443945371677613,9.660543142067317,9.660543142067317,0.00010446434350883734,0.0030436090447175726,0.0019645388199655647,0.0056478442200594905,20.46921212701998,36.16082189001677,0.011815273672862543,0.0022835059313113053,3.7983306309356394e-06,3.551445671365119e-07,0.004020673658603106,82.09385212147673
37.22169382687917,0.3489843493522794,0.07798024036849789,1075,13.920258322866559,13.920258336786816,21.930585667878606,21.930585667878606,0.15,22.080585667878605,0.0,0.04111993975120577,3.51919045445094,0.000678011495217944,0.10603865386724022,0.0020909412507926746,177.32386209501576,42.26246057496319,7.5009584351050265,0.002695906300671759,0.10178668811232616,0.38728030124129503,-0.38728030124129503,0.5,0.11271969875870495,1.4846547578900926,0.7983951950357118,0.7983951950357118,0.8,1.5983951950357118,0.18005641451954074,0.7674321733443674,42.76652033257211,7.539611634689946,16.866869611740512,16.866869611740512,0.00010588228351953607,0.3,17.166869611740513,5.664997051900072e-05,0.3983876690767545,119.34112470951517,True,0.7634977917871417,14.235120711100786,14.235120711100786,0.2,14.435120711100785,18.610846913439584,0.1744921746761397,0.015596048073699579,13.920258322866559,13.920258322866559,0.0,0.002055996987560289,0.000678011495217944,0.003136411876189012,44.33096552375394,42.26246057496319,0.014846547578900927,0.0018005641451954075,3.176468505586082e-06,5.664997051900073e-07,0.003983876690767545,119.34112470951517
43.992782580828646,0.378616411760632,0.08140308373478282,1100,12.818638846944976,12.818638859763615,14.243862315598399,14.243862315598399,0.15,14.3938623155984,0.0,0.05596900286420429,3.4738107763295085,0.010592775782826136,0.18292121153011237,0.006493703673720662,149.21110848836946,49.45894700079627,8.032705524959528,0.010407956316566805,0.10178668811232616,0.4303922997533606,-0.4303922997533606,0.5,0.0696077002466394,0.7741979565665177,0.6410938097389032,0.6410938097389032,0.8,1.4410938097389032,0.23324303790630255,0.8196987616255271,49.746261609453754,8.053102977374834,15.262165728381257,15.262165728381257,2.3253016588893436e-05,0.3,15.562165728381258,3.574916966983962e-05,0.24987236432499604,121.81804905298199,True,0.8176225722942698,19.625747269705098,19.625747269705098,0.2,19.825747269705097,21.996391290414323,0.189308205880316,0.016280616746956564,12.818638846944976,12.818638846944976,0.0,0.0027984501432102146,0.010592775782826136,0.009740555510580992,37.302777122092365,49.45894700079627,0.007741979565665177,0.0023324303790630257,6.97590497666803e-07,3.574916966983962e-07,0.0024987236432499607,121.81804905298199
57.52117395140414,0.049890518895706504,0.05067159090211559,1125,16.65313715676997,16.653137173423104,21.133156184822248,21.133156184822248,0.15,21.283156184822246,0.0,0.06439568169911354,4.23194632653123,0.0014021597436572797,0.11744542353422217,0.004248720917622538,257.38163207436844,63.74859113904657,8.984271484553025,0.006854593773641997,0.10178668811232616,0.43533735085283104,-0.43533735085283104,0.5,0.06466264914716896,1.267909506808394,0.8915331398784554,0.8915331398784554,0.8,1.6915331398784554,0.32017265273441126,0.9179238374339467,64.29011905936908,9.018111938565655,19.964219255699327,19.964219255699327,0.00016390460411103649,0.3,20.264219255699327,6.912892652344701e-05,0.36781097811882335,173.57336243274804,True,0.9144793293573792,23.248014922009084,23.248014922009084,0.2,23.448014922009083,28.76058697570207,0.024945259447853252,0.010134318180423119,16.65313715676997,16.65313715676997,0.0,0.0032197840849556773,0.0014021597436572797,0.006373081376433807,64.34540801859211,63.74859113904657,0.01267909506808394,0.0032017265273441126,4.917138123331094e-06,6.912892652344701e-07,0.0036781097811882336,173.57336243274804
46.94778987453387,0.06868544806045784,0.052312581984798524,1150,9.778187419153593,9.77818742893178,12.411016381021309,12.411016381021309,0.15,12.56101638102131,9.574644354920087e-05,0.05372093883859157,1.6963017767107353,0.02738423601732676,0.2454818298706138,0.0056383909429471345,84.11190199284144,52.58926645659656,8.251845727578363,0.00672230546649161,0.10178668811232616,0.40651114188896786,-0.40651114188896786,0.5,0.09348885811103212,0.7111513191329046,0.8166488828011571,0.8166488828011571,0.8,1.6166488828011571,0.3214597983207977,0.8434963246117136,53.098931085989214,8.286901336369885,13.696377404600751,13.696377404600751,9.389420287035222e-06,0.3,13.996377404600752,1.0494045139212041e-05,0.12083038273893883,106.96467095487102,True,0.8399281299425072,11.64510621038297,11.64510621038297,0.2,11.84510621038297,23.473894937266934,0.03434272403022892,0.010462516396959706,9.778187419153593,9.778187419153593,0.00047873221774600433,0.0026860469419295787,0.02738423601732676,0.008457586414420702,21.02797549821036,52.58926645659656,0.007111513191329046,0.003214597983207977,2.8168260861105666e-07,1.0494045139212041e-07,0.0012083038273893883,106.96467095487102
74.37044066074085,0.14360683218197778,0.05200705633277601,1175,17.07853817421509,17.078538191293628,16.641217308976106,16.641217308976106,0.15,16.791217308976105,0.0,0.07414259424909211,2.5616005493882272,0.016953838339198953,0.21020690588136617,0.0044742578220084445,271.83463974002825,81.42950451193649,10.023829813994526,0.008041330087805939,0.10178668811232616,0.47105815213459323,-0.47105815213459323,0.5,0.02894184786540677,0.4800269311959545,0.6348157753974915,0.6348157753974915,0.8,1.4348157753974915,0.1815711334341792,1.022336547835196,81.79232813263299,10.043911108178419,18.779714668569326,18.779714668569326,2.5009374743329467e-05,0.3,19.079714668569327,1.669894928108796e-05,0.22630580293706073,203.77038008961767,True,1.0202925392063953,28.77758937695347,28.77758937695347,0.2,28.977589376953468,37.18522033037043,0.07180341609098889,0.010401411266555203,17.07853817421509,17.07853817421509,0.0,0.0037071297124546057,0.016953838339198953,0.006711386733012667,67.95865993500706,81.42950451193649,0.004800269311959545,0.001815711334341792,7.502812422998839e-07,1.669894928108796e-07,0.0022630580293706076,203.77038008961767
52.60450082257688,0.14292674295661112,0.10896181500671868,1200,25.100747841088715,25.10074786618946,22.205764462535935,22.205764462535935,0.15,22.355764462535934,0.0,0.05328774552381151,5.410992558078412,0.00775177015489442,0.16804413753847794,0.004452468966499826,601.3851101764392,58.566817646609266,8.652896030040475,0.007061598737824637,0.10178668811232616,0.4594560312260279,-0.4594560312260279,0.5,0.0405439687739721,1.363637986652611,0.5622697289295722,0.5622697289295722,0.8,1.3622697289295722,0.20708019458285692,0.883745321023279,59.01813662680635,8.682326251000172,24.809205970978525,24.809205970978525,0.00032376162596398225,0.3,25.109205970978525,0.00011586937207465307,0.573600755779711,260.44789809936935,True,0.8807497160070754,45.178731653747356,45.178731653747356,0.2,45.37873165374736,26.30225041128844,0.07146337147830556,0.02179236300134374,25.100747841088715,25.100747841088715,0.0,0.002664387276190576,0.00775177015489442,0.0066787034497497386,150.3462775441098,58.566817646609266,0.01363637986652611,0.0020708019458285693,9.712848778919466e-06,1.1586937207465307e-06,0.00573600755779711,260.44789809936935
56.111183446797234,0.0077098290746633324,0.02280399878882546,1225,28.641113808119552,28.641113836760667,18.45908537443311,18.45908537443311,0.15,18.609085374433107,0.0,0.07474823139000188,3.062960238175798,0.027271690343531888,0.2451414252800668,0.007537492740523387,789.521725405815,62.263775323936066,8.890739846423532,0.011060714712036204,0.10178668811232616,0.4576485563109074,-0.4576485563109074,0.5,0.04235144368909259,0.846073605031194,0.15218355342760836,-0.15218355342760836,0.8,0.6478164465723917,0.20118796867719296,0.9055880309740402,62.36133319795121,8.896919221946696,24.42995906172795,24.42995906172795,1.7063217868291847e-05,0.3,24.72995906172795,3.9360711735210884e-05,0.2710181725625398,316.40482696519325,True,0.9049590527431411,56.247432602724864,56.247432602724864,0.2,56.44743260272487,28.055591723398617,0.0038549145373316662,0.004560799757765092,28.641113808119552,28.641113808119552,0.0,0.003737411569500094,0.027271690343531888,0.011306239110785082,197.38043135145375,62.263775323936066,0.00846073605031194,0.0020118796867719295,5.118965360487554e-07,3.9360711735210886e-07,0.002710181725625398,316.40482696519325
203.05030252525827,0.06413126803410119,0.0618761328072322,1250,44.556334937934245,44.55633498249058,36.14475378783246,36.14475378783246,0.15,36.294753787832455,5.652553698706769e-05,0.07207626552056264,2.9288701875947845,0.026867859150114123,0.24391418227265793,0.02162684581345364,1935.7886765430699,214.60996013486064,15.649572012002967,0.023444556748866842,0.10178668811232616,0.5101610618247554,-0.5101610618247554,0.5,-0.010161061824755409,0.9269188788569793,1.6500447068599866,1.6500447068599866,0.8,2.4500447068599867,0.1834896146210439,1.599952577370124,216.639552940376,15.718680407576489,35.4786517571785,35.4786517571785,2.8531168922187665e-05,0.3,35.778651757178494,3.8585653788007426e-05,0.2632401233109762,844.7599886285607,True,1.5929182619728546,85.779799875179,85.779799875179,0.2,85.979799875179,101.52515126262914,0.03206563401705059,0.012375226561446441,44.556334937934245,44.556334937934245,0.00028262768493533846,0.0036038132760281318,0.026867859150114123,0.03244026872018046,483.94716913576747,214.60996013486064,0.009269188788569794,0.001834896146210439,8.559350676656299e-07,3.8585653788007425e-07,0.002632401233109762,844.7599886285607
66.938437721206,0.5744113304323399,0.10152384514343885,1275,32.90099298511407,32.900993018015065,18.881995073955665,18.881995073955665,0.15,19.031995073955663,0.0,0.0668685114899041,2.9974352397444024,0.03934071888242065,0.27834494922336855,0.01468973476232761,1048.8191439213724,73.64371083556662,9.581591392950763,0.023803028289892825,0.10178668811232616,0.4726352525676028,-0.4726352525676028,0.5,0.027364747432397196,0.8084632009503547,0.3061225150298572,0.3061225150298572,0.8,1.1061225150298573,0.2317083996397867,0.9783327426382411,74.15960634597224,9.611597200634284,20.604308301064343,20.604308301064343,9.425857555942167e-06,0.3,20.904308301064344,3.614485464744386e-05,0.24799275624254585,402.60382013026464,True,0.975278550549942,68.05139494707663,68.05139494707663,0.2,68.25139494707663,33.469218860603,0.28720566521616997,0.02030476902868777,32.90099298511407,32.90099298511407,0.0,0.003343425574495205,0.03934071888242065,0.022034602143491414,262.2047859803431,73.64371083556662,0.008084632009503547,0.002317083996397867,2.8277572667826497e-07,3.614485464744386e-07,0.0024799275624254585,402.60382013026464
75.90931438496735,0.05160384658068917,0.0563232371542643,1300,20.105100122731766,20.105100142836868,16.310421756472596,16.310421756472596,0.15,16.460421756472595,0.0,0.07089119786214039,2.5812391816811604,0.003956510964852657,0.1429008025771743,0.006400631211649797,381.2366688282849,83.03939051126463,10.112595157871583,0.011783698840011606,0.10178668811232616,0.4354823457605116,-0.4354823457605116,0.5,0.0645176542394884,0.5209354166274835,0.10855767993848386,0.10855767993848386,0.8,0.9085576799384839,0.2852173888676062,1.0310192936655214,83.34255653298972,10.129214453225957,25.167970401536284,25.167970401536284,1.1166861774827988e-05,0.3,25.467970401536284,3.0381951208409578e-05,0.18608517257865204,236.47240664055403,True,1.029327670466446,33.48756839660848,33.48756839660848,0.2,33.687568396608484,37.95465719248367,0.025801923290344586,0.011264647430852861,20.105100122731766,20.105100122731766,0.0,0.00354455989310702,0.003956510964852657,0.009600946817474695,95.30916720707123,83.03939051126463,0.005209354166274835,0.0028521738886760624,3.350058532448396e-07,3.0381951208409577e-07,0.0018608517257865205,236.47240664055403
27.80031790173782,0.07637437425800042,0.05201969210682932,1325,11.979857843500277,11.979857855480136,16.0949425339942,16.0949425339942,0.15,16.244942533994198,0.0,0.041205636999496996,2.868934162577406,0.0008456744097300236,0.10908048159384613,0.0055643827364734956,129.21333368398564,32.178398443537866,6.672600677250062,0.006226095407936243,0.10178668811232616,0.3919101408977843,-0.3919101408977843,0.5,0.10808985910221572,1.1194111588293905,1.5082513752613516,1.5082513752613516,0.8,2.3082513752613516,0.23832266342677946,0.6824939225751687,32.54860690433336,6.705138640237708,12.89794255699173,12.89794255699173,2.3521893032367785e-05,0.3,13.19794255699173,4.205094898333096e-05,0.26523111337353616,90.43782309034083,True,0.6791819907593551,17.022116732122218,17.022116732122218,0.2,17.222116732122217,13.90015895086891,0.03818718712900021,0.010403938421365866,11.979857843500277,11.979857843500277,0.0,0.00206028184997485,0.0008456744097300236,0.008346574104710243,32.30333342099641,32.178398443537866,0.011194111588293905,0.0023832266342677945,7.056567909710335e-07,4.2050948983330963e-07,0.002652311133735362,90.43782309034083
37.50947816638641,0.0011510549581217333,0.009875447240279639,1350,9.218944497205515,9.21894450642446,10.676051899469773,10.676051899469773,0.15,10.826051899469773,2.469893444879457e-06,0.047790996678290266,2.8711074637753287,0.018892240246349005,0.21744904600014145,0.018208875007963653,74.24154771214782,42.56907672407328,7.524498197108593,0.019668199410220626,0.10178668811232616,0.4516735469056358,-0.4516735469056358,0.5,0.04832645309436418,0.4001874073661266,0.854404194872427,0.854404194872427,0.8,1.654404194872427,0.23284970291035306,0.7668989943037847,42.698036189306066,7.5343734350973595,9.280911368465869,9.280911368465869,1.2457630738736952e-05,0.3,9.58091136846587,1.6735300845661068e-05,0.16382548013354276,89.16227446848153,True,0.7658938264358348,14.963197303784629,14.963197303784629,0.2,15.163197303784628,18.754739083193204,0.0005755274790608667,0.001975089448055928,9.218944497205515,9.218944497205515,1.2349467224397285e-05,0.0023895498339145133,0.018892240246349005,0.02731331251194548,18.560386928036955,42.56907672407328,0.004001874073661266,0.0023284970291035305,3.7372892216210856e-07,1.673530084566107e-07,0.0016382548013354275,89.16227446848153
95.11890084728577,0.0788545415152635,0.06544917719805486,1375,28.90404503244448,28.904045061348523,16.58658394108087,16.58658394108087,0.15,16.73658394108087,0.0,0.05281967483619674,2.5087842518557513,0.04236053164198322,0.2858167428611755,0.011618819697135654,804.8795387748071,103.08121438509384,11.152891922260073,0.01631383557356717,0.10178668811232616,0.49159046492540054,-0.49159046492540054,0.5,0.008409535074599453,0.30189311277157554,0.4423088762365004,0.4423088762365004,0.8,1.2423088762365004,0.1531554881976102,1.1359051987350797,103.21874227602946,11.15966250797877,24.313269549503,24.313269549503,7.99441610030268e-06,0.3,24.613269549503002,2.4897668476309567e-05,0.1404214730986219,380.8854965755596,True,1.135216043170487,57.537222414657926,57.537222414657926,0.2,57.73722241465793,47.559450423642886,0.03942727075763175,0.013089835439610974,28.90404503244448,28.90404503244448,0.0,0.002640983741809837,0.04236053164198322,0.01742822954570348,201.21988469370177,103.08121438509384,0.0030189311277157554,0.0015315548819761023,2.398324830090804e-07,2.4897668476309567e-07,0.001404214730986219,380.8854965755596
14.324691429150302,0.23489622860272785,0.0649813787740689,1400,7.024213086196062,7.024213093220275,9.677775603005475,9.677775603005475,0.15,9.827775603005476,1.7680952402953948e-07,0.0463813897460093,2.492142576757563,0.00010422651104865465,0.0902091386046353,0.0012635203809078367,41.100678463136504,17.512529356559263,5.1847974092612015,0.003697590689450419,0.10178668811232616,0.32577697786420784,-0.32577697786420784,0.5,0.17422302213579216,0.9296053018588154,0.9903845636392015,0.9903845636392015,0.8,1.7903845636392015,0.22181436952929315,0.528669662390173,17.588775048204827,5.193897357852816,7.393651550653178,7.393651550653178,3.7031231937571017e-06,0.3,7.693651550653178,2.460796064768137e-05,0.20792501963531554,42.12261542787166,True,0.5277434086700407,9.863337761479652,9.863337761479652,0.2,10.063337761479652,7.162345714575151,0.11744811430136393,0.01299627575481378,7.024213086196062,7.024213086196062,8.840476201476974e-07,0.002319069487300465,0.00010422651104865465,0.001895280571361755,10.275169615784126,17.512529356559263,0.009296053018588154,0.0022181436952929314,1.1109369581271305e-07,2.4607960647681374e-07,0.0020792501963531555,42.12261542787166
21.341303890446593,0.12155255436009271,0.08936505252114271,1425,3.759094934024789,3.7590949377838836,5.20526369513823,5.20526369513823,0.15,5.35526369513823,0.00017785221413871456,0.06617673336991595,1.930409971117895,0.01848415563271688,0.21595644755846222,0.012490134318064283,9.8807787236188,25.19703581929179,6.019664911056493,0.012955128401018751,0.10178668811232616,0.3484369314694725,-0.3484369314694725,0.5,0.15156306853052745,0.3295413708879814,0.579242290805082,0.579242290805082,0.8,1.379242290805082,0.255470859190727,0.6165871950536385,25.579724466507976,6.057640207301027,4.0715979019612725,4.0715979019612725,1.1558845196290228e-05,0.3,4.371597901961272,9.548921030380243e-06,0.312224977134223,42.22601693630456,True,0.61272181503907,5.150180988908408,5.150180988908408,0.2,5.350180988908408,10.670651945223296,0.060776277180046356,0.017873010504228543,3.759094934024789,3.759094934024789,0.0008892610706935729,0.0033088366684957977,0.01848415563271688,0.018735201477096425,2.4701946809047,25.19703581929179,0.0032954137088798143,0.00255470859190727,3.467653558887068e-07,9.548921030380243e-08,0.00312224977134223,42.22601693630456
93.93331371401216,0.03940185859565637,0.03703295003573261,1450,25.066195885803907,25.066195910870103,18.613503441328238,18.613503441328238,0.15,18.763503441328236,0.0,0.07924497815352749,2.8999852608783363,0.04201946378429163,0.2849864965901209,0.018687074933758034,600.7025864367995,101.84684973166036,11.09192002206024,0.02876651887472802,0.10178668811232616,0.4715749666917804,-0.4715749666917804,0.5,0.028425033308219605,1.0146094594777824,1.0821534093025331,1.0821534093025331,0.8,1.8821534093025332,0.26473390343390385,1.1336659624552046,102.77221528412653,11.137663206288051,21.93580911224798,21.93580911224798,3.214755704479243e-05,0.3,22.23580911224798,4.152474194064447e-05,0.17639966698109624,324.1710277380409,True,1.1290099147715118,48.08882631642002,48.08882631642002,0.2,48.28882631642002,46.96665685700608,0.019700929297828185,0.007406590007146523,25.066195885803907,25.066195885803907,0.0,0.003962248907676375,0.04201946378429163,0.02803061240063705,150.17564660919987,101.84684973166036,0.010146094594777824,0.0026473390343390384,9.644267113437728e-07,4.152474194064447e-07,0.0017639966698109624,324.1710277380409
16.403029377727755,0.013423977962799816,0.02691277179230309,1475,3.823206603156161,3.8232066069793675,6.689681628527747,6.689681628527747,0.15,6.839681628527748,0.0,0.050806782596706304,1.1278443754273004,0.001404138301531043,0.11747183344234764,0.0033328754561862497,10.511744278063738,19.803081661525923,5.450065354747717,0.004190263826780073,0.10178668811232616,0.34860571611496416,-0.34860571611496416,0.5,0.15139428388503587,0.510356229664175,0.4224249798586439,0.4224249798586439,0.8,1.222424979858644,0.28022651324042935,0.5568498009778751,19.9876250887834,5.470752183781092,4.506936318261395,4.506936318261395,2.445613107094576e-07,0.3,4.8069363182613944,4.394767797540411e-06,0.13389097989156615,34.48602214552988,True,0.5547441569561536,2.7785355353875905,2.7785355353875905,0.2,2.9785355353875906,8.201514688863877,0.006711988981399908,0.005382554358460618,3.823206603156161,3.823206603156161,0.0,0.002540339129835315,0.001404138301531043,0.004999313184279375,2.6279360695159344,19.803081661525923,0.005103562296641751,0.0028022651324042937,7.3368393212837276e-09,4.394767797540411e-08,0.0013389097989156616,34.48602214552988
80.80919052968359,0.0755379271612644,0.07267471890912111,1500,18.229903317971026,18.22990333620093,9.829676972357449,9.829676972357449,0.15,9.97967697235745,0.0,0.0391914476821031,1.4839438102741398,0.010033293898947372,0.18016633116445552,0.007352109853268109,313.45666974579865,88.16070510861601,10.389393223665522,0.010305217202510075,0.10178668811232616,0.4838198041997398,-0.4838198041997398,0.5,0.01618019580026022,0.3668804481122417,0.3044428947393294,0.3044428947393294,0.8,1.1044428947393294,0.17012683008135823,1.0585655111452057,88.35701726418503,10.399841342500682,14.506768337572828,14.506768337572828,1.1257450031134683e-05,0.3,14.806768337572828,8.69804249041002e-06,0.07787181597557663,225.24084528194953,True,1.0575020316274895,36.80015263794643,36.80015263794643,0.2,37.000152637946435,40.404595264841795,0.0377689635806322,0.014534943781824223,18.229903317971026,18.229903317971026,0.0,0.001959572384105155,0.010033293898947372,0.011028164779902164,78.36416743644966,88.16070510861601,0.003668804481122417,0.0017012683008135823,3.3772350093404046e-07,8.69804249041002e-08,0.0007787181597557663,225.24084528194953
46.372496689712015,0.008451029201697158,0.014391949737256554,1525,18.669908293670385,18.669908312340294,19.12150472868251,19.12150472868251,0.15,19.27150472868251,0.0,0.0270448447217262,2.673144719740466,0.0018477014637305156,0.12298489808910236,0.0012876369497560251,326.7562721006088,51.98028503741934,8.209735434634155,0.0030011117249530614,0.10178668811232616,0.3199295434911883,-0.3199295434911883,0.5,0.18007045650881173,0.6156429865644907,0.9837907353600057,0.9837907353600057,0.8,1.7837907353600058,0.07160213920370594,0.8372603843088022,52.20982355443315,8.225636550120214,19.86155718518064,19.86155718518064,1.6880899877119402e-05,0.3,20.16155718518064,3.277892865258505e-05,0.23204977757234796,175.54693878802038,True,0.8356418622671735,31.331195092478655,31.331195092478655,0.2,31.531195092478654,23.186248344856008,0.004225514600848579,0.002878389947451311,18.669908293670385,18.669908293670385,0.0,0.0013522422360863103,0.0018477014637305156,0.0019314554246340377,81.6890680251522,51.98028503741934,0.006156429865644907,0.0007160213920370593,5.06426996313582e-07,3.277892865258505e-07,0.0023204977757234797,175.54693878802038
127.04016303460003,0.02712355604557315,0.04050358545569056,1550,22.002687513400186,22.002687535402874,16.528877011043534,16.528877011043534,0.15,16.678877011043532,1.0281607233769935e-05,0.08481291106139095,1.7781176875555191,0.0095542587220758,0.17774588851750134,0.012574177901785697,461.2711668227885,136.21713061478707,12.671209475233793,0.017632710178085625,0.10178668811232616,0.4938819880221985,-0.4938819880221985,0.5,0.006118011977801513,1.0910476644275473,0.3317485687247905,0.3317485687247905,0.8,1.1317485687247906,0.30877647848312534,1.299616031044604,138.48662625967054,12.768034086442414,11.2328077863332,11.2328077863332,5.8412695265319605e-06,0.3,11.532807786333201,1.2509833416705924e-05,0.11013040739639737,337.12716127130176,True,1.2897605735736688,44.95394945231186,44.95394945231186,0.2,45.15394945231186,63.520081517300014,0.013561778022786575,0.008100717091138113,22.002687513400186,22.002687513400186,5.1408036168849674e-05,0.004240645553069548,0.0095542587220758,0.018861266852678547,115.31779170569712,136.21713061478707,0.010910476644275474,0.0030877647848312536,1.752380857959588e-07,1.2509833416705924e-07,0.0011013040739639738,337.12716127130176
103.76374690061891,0.11053341567734476,0.07851897827665914,1575,16.035865594840278,16.035865610876144,12.030451206521965,12.030451206521965,0.15,12.180451206521965,0.0,0.06219326678875421,1.4216598881620404,0.0421968229085541,0.28541865277660183,0.019119047098278552,239.63992319053426,112.07290624477193,11.586449180191247,0.02214610896758918,0.10178668811232616,0.5207029803164767,-0.5207029803164767,0.5,-0.020702980316476636,0.4600772452946494,1.10092485979272,1.10092485979272,0.8,1.90092485979272,0.2629331410677838,1.1807417412764654,112.36334147597653,11.600157615619521,13.317753614875741,13.317753614875741,1.0113747690232845e-06,0.3,13.617753614875742,5.343340672678411e-06,0.16479006603505073,240.05445973624327,True,1.1793464048979354,31.018824038488933,31.018824038488933,0.2,31.218824038488933,51.881873450309456,0.05526670783867238,0.01570379565533183,16.035865594840278,16.035865594840278,0.0,0.003109663339437711,0.0421968229085541,0.028678570647417828,59.909980797633565,112.07290624477193,0.004600772452946494,0.002629331410677838,3.034124307069853e-08,5.343340672678411e-08,0.0016479006603505072,240.05445973624327
20.41395325936457,0.27998619239797196,0.06962274752022811,1600,9.151661947912665,9.151661957064325,8.902306878653754,8.902306878653754,0.15,9.052306878653754,1.2327565683475603e-05,0.037883269626778945,3.1559536698597666,0.0020909605268245204,0.1257270218451248,0.0018182787958894858,73.20782258374032,24.188497502556697,5.918180303990155,0.0033129326526699365,0.10178668811232616,0.4339503267553897,-0.4339503267553897,0.5,0.0660496732446103,0.33724983405758235,0.36238007141658324,0.36238007141658324,0.8,1.1623800714165833,0.10936646474075494,0.6042263892975244,24.366089058711868,5.9362018859353665,11.910299681784535,11.910299681784535,2.0392529592745516e-05,0.3,12.210299681784536,2.264801234147585e-05,0.17509072041042528,62.01600146026828,True,0.6023920319765605,14.047727375201957,14.047727375201957,0.2,14.247727375201956,10.206976629682284,0.13999309619898598,0.013924549504045623,9.151661947912665,9.151661947912665,6.163782841737801e-05,0.0018941634813389474,0.0020909605268245204,0.0027274181938342287,18.30195564593508,24.188497502556697,0.0033724983405758234,0.0010936646474075495,6.117758877823655e-07,2.2648012341475852e-07,0.001750907204104253,62.01600146026828
31.325592955509187,0.00894725406529917,0.022434928677054346,1625,6.995180040334787,6.995180047329966,8.218231651588194,8.218231651588194,0.15,8.368231651588195,0.00019122740424351592,0.058197223478767865,2.483619047044429,0.011256713703098123,0.18609766115753035,0.01662821345838173,40.89903737354733,35.96313463499424,6.996927099356323,0.017390305642213083,0.10178668811232616,0.483671576412727,-0.483671576412727,0.5,0.01632842358727299,0.22305565405006345,0.12715799406519146,0.12715799406519146,0.8,0.9271579940651915,0.1986826939616158,0.7126849786176097,36.02099894794917,7.001749657220731,6.7816473575613445,6.7816473575613445,8.684248604890773e-06,0.3,7.081647357561344,1.6511336550604305e-05,0.2633493489279994,68.90174744393457,True,0.7121941063761359,11.440390717193505,11.440390717193505,0.2,11.640390717193505,15.662796477754593,0.004473627032649585,0.004486985735410869,6.995180040334787,6.995180040334787,0.0009561370212175796,0.0029098611739383933,0.011256713703098123,0.024942320187572597,10.224759343386832,35.96313463499424,0.0022305565405006346,0.001986826939616158,2.6052745814672316e-07,1.6511336550604306e-07,0.002633493489279994,68.90174744393457
18.29577278855996,0.43660438548033986,0.08558032347249495,1650,10.590763971487695,10.590763982078458,11.542753367022703,11.542753367022703,0.15,11.692753367022704,0.0,0.07945075924776568,3.13165221782922,0.0011582767580785001,0.11403346526697657,0.004880466727643666,99.8179853080842,21.877657442471946,5.677355817389986,0.01162343298866238,0.10178668811232616,0.32946154191986343,-0.32946154191986343,0.5,0.1705384580801366,1.5007369350903998,0.555923297036004,0.555923297036004,0.8,1.355923297036004,0.26332786585066603,0.5887277515908524,22.886044033529593,5.783936039866084,11.802960392253599,11.802960392253599,3.135582433257309e-05,0.3,12.1029603922536,4.597721632079946e-05,0.30511644604086224,66.83936712042396,True,0.5778793026609332,16.966401612824065,16.966401612824065,0.2,17.166401612824064,9.14788639427998,0.21830219274016993,0.01711606469449899,10.590763971487695,10.590763971487695,0.0,0.0039725379623882845,0.0011582767580785001,0.007320700091465499,24.95449632702105,21.877657442471946,0.015007369350903998,0.0026332786585066604,9.406747299771927e-07,4.597721632079946e-07,0.0030511644604086226,66.83936712042396
46.90012391069966,0.00950402085638935,0.01458359867868208,1675,15.856521520161907,15.856521536018429,14.838515260226881,14.838515260226881,0.15,14.988515260226881,0.0,0.050176706158214436,2.3093716258719232,0.014359574172633397,0.1998314406682712,0.004031801336416574,233.580386612333,52.53881712193606,8.248366514045497,0.005992221375564351,0.10178668811232616,0.46936045058578846,-0.46936045058578846,0.5,0.03063954941421156,0.8374069699940563,0.25311749356759017,0.25311749356759017,0.8,1.0531174935675902,0.16393129144208882,0.8438021428370874,53.14272711615944,8.289905837262882,13.381040028006407,13.381040028006407,1.4790885008041009e-05,0.3,13.681040028006407,2.5255924809636316e-05,0.17361495678984853,150.28283232064823,True,0.839573992284969,29.285290523637652,29.285290523637652,0.2,29.48529052363765,23.45006195534983,0.004752010428194675,0.002916719735736416,15.856521520161907,15.856521520161907,0.0,0.002508835307910722,0.014359574172633397,0.0060477020046248615,58.39509665308325,52.53881712193606,0.008374069699940563,0.0016393129144208882,4.4372655024123027e-07,2.525592480963632e-07,0.0017361495678984854,150.28283232064823
113.65823006939318,0.12706602028182246,0.10003499434605329,1700,16.804732156352223,16.804732173156953,14.630674976809562,14.630674976809562,0.15,14.780674976809562,0.0,0.05990892386245992,1.9195873989313719,0.018820476143556655,0.21718774050022346,0.00858870878975304,264.0768128205129,122.34707918544699,12.061061395067247,0.013900022483738011,0.10178668811232616,0.4962603903547426,-0.4962603903547426,0.5,0.0037396096452573693,0.571454772170689,0.3582921167307096,0.3582921167307096,0.8,1.1582921167307096,0.30165797102567854,1.228309670360872,122.48927156521086,12.067487138696428,11.403662613889907,11.403662613889907,9.054588885221189e-06,0.3,11.703662613889907,1.09711787555037e-05,0.1291315690024793,262.12839140062687,True,1.2276556151339413,32.6729291333554,32.6729291333554,0.2,32.872929133355406,56.82911503469659,0.06353301014091123,0.02000699886921066,16.804732156352223,16.804732156352223,0.0,0.002995446193122996,0.018820476143556655,0.012883063184629558,66.01920320512822,122.34707918544699,0.00571454772170689,0.0030165797102567854,2.7163766655663566e-07,1.0971178755503699e-07,0.001291315690024793,262.12839140062687
21.70501964416658,0.05455045475526388,0.04196036439561367,1725,11.284248240420414,11.284248251704664,13.324030652637184,13.324030652637184,0.15,13.474030652637184,0.0,0.059141780604020575,4.703437097784581,0.015697037003591808,0.20528781666064663,0.004804421500986744,114.03296092773999,25.59211134846722,6.058864630375794,0.006119606138459388,0.10178668811232616,0.46228256846882465,-0.46228256846882465,0.5,0.03771743153117537,1.0035402750542974,1.2268318728949243,1.2268318728949243,0.8,2.0268318728949244,0.37886779635427986,0.6182052082888125,25.74077083130406,6.073536324035146,11.75188645130392,11.75188645130392,3.510865037865557e-05,0.3,12.05188645130392,3.396900585259249e-05,0.4499255019006005,76.31696243013063,True,0.6167118250355116,17.8694108301388,17.8694108301388,0.2,18.0694108301388,10.85250982208329,0.02727522737763194,0.008392072879122733,11.284248240420414,11.284248240420414,0.0,0.0029570890302010287,0.015697037003591808,0.0072066322514801155,28.508240231934998,25.59211134846722,0.010035402750542974,0.0037886779635427988,1.053259511359667e-06,3.396900585259249e-07,0.004499255019006005,76.31696243013063
34.645099017896555,0.027185140585954115,0.02556661647523604,1750,12.983753883949461,12.983753896933214,11.370408041717353,11.370408041717353,0.15,11.520408041717353,0.0,0.045415122220547,2.664847223144889,0.0035817460390949567,0.13984769034052155,0.0024687173809159234,153.81131245903862,39.51390601876776,7.286008751089022,0.0032961359390303382,0.10178668811232616,0.45443346189174216,-0.45443346189174216,0.5,0.04556653810825783,0.45638731819915396,0.5521269277387149,0.5521269277387149,0.8,1.352126927738715,0.10995023469869654,0.7426665335154263,39.64342438117567,7.2963024372385155,13.963441731814314,13.963441731814314,5.45901492240222e-05,0.3,14.263441731814314,4.273829777768972e-05,0.1415964077719007,108.30838040292882,True,0.7416187731908648,22.762119592254518,22.762119592254518,0.2,22.962119592254517,17.322549508948278,0.013592570292977058,0.005113323295047208,12.983753883949461,12.983753883949461,0.0,0.00227075611102735,0.0035817460390949567,0.003703076071373885,38.452828114759654,39.51390601876776,0.0045638731819915394,0.0010995023469869655,1.637704476720666e-06,4.2738297777689725e-07,0.0014159640777190068,108.30838040292882
78.00762131720576,0.10682934128844446,0.07244089365491431,1775,22.160264259592275,22.16026428175254,13.022625923125396,13.022625923125396,0.15,13.172625923125397,0.0,0.07616905778632413,2.390772128738698,0.045337934135308906,0.2929270629471719,0.017719911356123972,467.8470442975643,85.23337517953439,10.232192327910765,0.02185622180372666,0.10178668811232616,0.5163777476842432,-0.5163777476842432,0.5,-0.01637774768424321,0.29753569538587055,0.14660017072446885,0.14660017072446885,0.8,0.9466001707244689,0.2427589506207424,1.0427403935158115,85.45833981900684,10.244368005386136,17.36465165545475,17.36465165545475,2.010157081065994e-05,0.3,17.66465165545475,2.76975010368318e-05,0.1892784813936473,263.5101368868508,True,1.0415010715083128,44.5418737206719,44.5418737206719,0.2,44.741873720671904,39.00381065860288,0.05341467064422223,0.014488178730982862,22.160264259592275,22.160264259592275,0.0,0.0038084528893162065,0.045337934135308906,0.02657986703418596,116.96176107439108,85.23337517953439,0.0029753569538587057,0.002427589506207424,6.030471243197982e-07,2.76975010368318e-07,0.0018927848139364731,263.5101368868508
22.17775401286884,0.04575115916723038,0.0316279140910748,1800,6.55786966841407,6.55786967497194,9.886632548408874,9.886632548408874,0.15,10.036632548408875,0.0,0.05913886896647991,2.6389022166234906,0.00010608636364578165,0.09029982347643792,0.0028859656488898636,35.41114909986659,26.105215036985214,6.109326280145477,0.005166394258339273,0.10178668811232616,0.36102439875782777,-0.36102439875782777,0.5,0.13897560124217226,0.4526897508973478,1.4482342512720636,1.4482342512720636,0.8,2.2482342512720637,0.28187991468887563,0.623989948801299,26.320679027901175,6.130368313084468,8.52901485034845,8.52901485034845,2.2615965299502657e-05,0.3,8.82901485034845,2.3869543241946583e-05,0.4361184395709842,52.65304992571346,True,0.6218481497468682,6.504687144037349,6.504687144037349,0.2,6.704687144037349,11.08887700643442,0.02287557958361519,0.006325582818214961,6.55786966841407,6.55786966841407,0.0,0.0029569434483239956,0.00010608636364578165,0.004328948473334796,8.852787274966648,26.105215036985214,0.004526897508973478,0.0028187991468887562,6.784789589850797e-07,2.3869543241946584e-07,0.004361184395709842,52.65304992571346
40.95396053126955,0.0041413719765187595,0.011854054206941723,1825,9.048578856180635,9.048578865229214,10.870397159994322,10.870397159994322,0.15,11.020397159994323,0.0,0.08476296659999658,2.195033150905971,0.006936438312549476,0.16328528268877687,0.005193771205804233,71.25554508234178,46.2335830505587,7.799528149111429,0.008851614965936002,0.10178668811232616,0.45864331230160565,-0.45864331230160565,0.5,0.041356687698394325,0.5118446052269079,0.14753728833191848,0.14753728833191848,0.8,0.9475372883319185,0.2711911273176713,0.7973729549607227,46.70032820684435,7.833763838972221,10.804822136678405,10.804822136678405,2.1328383141817985e-05,0.3,11.104822136678406,1.585957074456706e-05,0.36675649790219306,93.60793390399213,True,0.793888217132195,13.200078054342265,13.200078054342265,0.2,13.400078054342265,20.476980265634776,0.0020706859882593798,0.002370810841388345,9.048578856180635,9.048578856180635,0.0,0.004238148329999829,0.006936438312549476,0.007790656808706349,17.813886270585446,46.2335830505587,0.005118446052269079,0.002711911273176713,6.398514942545396e-07,1.5859570744567062e-07,0.0036675649790219307,93.60793390399213
115.78369425995886,0.11987362354711106,0.08593726102421709,1850,24.35431086500303,24.35431088935734,30.02627048409303,30.02627048409303,0.15,30.176270484093028,1.9749617190346647e-06,0.061040175757463414,4.618038918767084,0.04427013044168162,0.2904046825564527,0.024150590532990415,563.8764826370259,124.55192080939248,12.160283186792013,0.024539279866112786,0.10178668811232616,0.4710175576395559,-0.4710175576395559,0.5,0.028982442360444144,1.1571904732583376,0.8992974150651742,0.8992974150651742,0.8,1.6992974150651743,0.20087665829378215,1.243643277175634,125.84647758897964,12.218131644306,29.209154269507092,29.209154269507092,0.00011194161405737952,0.3,29.509154269507093,4.216604647423928e-05,0.3387533483462528,347.9448536121554,True,1.237755073694394,34.7833306164493,34.7833306164493,0.2,34.9833306164493,57.89184712997943,0.05993681177355553,0.01718745220484342,24.35431086500303,24.35431086500303,9.874808595173324e-06,0.003052008787873171,0.04427013044168162,0.03622588579948562,140.96912065925648,124.55192080939248,0.011571904732583375,0.0020087665829378216,3.3582484217213854e-06,4.2166046474239285e-07,0.003387533483462528,347.9448536121554
25.631758867191063,0.030185393053164367,0.030467518279163896,1875,4.862047257286898,4.862047262148946,6.29250667005645,6.29250667005645,0.15,6.44250667005645,0.0,0.056872022682510445,1.1177810088079645,0.0002239845764031734,0.09496611427202042,0.002129761734207739,18.026736247037416,29.8419842528952,6.462781732130179,0.005519924199199494,0.10178668811232616,0.38078130134389654,-0.38078130134389654,0.5,0.11921869865610349,0.3661457643468374,1.2735798836216745,1.2735798836216745,0.8,2.0735798836216746,0.20334056384952884,0.6623884126590464,30.333798013808398,6.507612732737152,5.381138999631451,5.381138999631451,3.0053826763847375e-06,0.3,5.681138999631451,3.5896776089112908e-06,0.023897380814496008,52.0599773971796,True,0.6578252131341908,6.919408981363353,6.919408981363353,0.2,7.119408981363353,12.815879433595532,0.015092696526582183,0.00609350365583278,4.862047257286898,4.862047257286898,0.0,0.0028436011341255226,0.0002239845764031734,0.0031946426013116083,4.506684061759354,29.8419842528952,0.003661457643468374,0.0020334056384952886,9.016148029154213e-08,3.589677608911291e-08,0.0002389738081449601,52.0599773971796
11.01318794465082,0.024595160430136986,0.028337168454578242,1900,6.04993349019546,6.049933496245393,8.76568679631689,8.76568679631689,0.15,8.91568679631689,3.42427151279249e-05,0.055738193679905804,2.4043604231947366,0.001167614985792602,0.1141703817039348,0.0024768014060653192,29.562815003702962,13.828077826468242,4.718612352271777,0.004341738399365159,0.10178668811232616,0.17345367855995608,-0.17345367855995608,0.5,0.3265463214400439,0.6905694059806053,0.8077507158815673,0.8077507158815673,0.8,1.6077507158815674,0.1879850618631064,0.48360180743941694,14.070974245349879,4.751129729208239,6.615989130845706,6.615989130845706,9.853313710702777e-06,0.3,6.9159891308457055,2.192730752710495e-05,0.31767972224949104,32.81307785094877,True,0.4802919710097806,7.856039202852416,7.856039202852416,0.2,8.056039202852416,5.50659397232541,0.012297580215068493,0.005667433690915649,6.04993349019546,6.04993349019546,0.00017121357563962448,0.0027869096839952903,0.001167614985792602,0.003715202109097979,7.3907037509257405,13.828077826468242,0.006905694059806054,0.001879850618631064,2.955994113210833e-07,2.192730752710495e-07,0.0031767972224949104,32.81307785094877
10.101644913120413,0.39468833643010104,0.08171717655943261,1925,5.763136037683256,5.763136043446392,7.499558426038677,7.499558426038677,0.15,7.649558426038677,0.0,0.062231481394815436,2.5551732664601015,0.005524869653333112,0.154329466924855,0.010673233213205529,26.548726070617043,12.804291712107064,4.578308498733314,0.0182286981701116,0.10178668811232616,0.3915045977727772,-0.3915045977727772,0.5,0.1084954022272228,0.3519909558178516,0.10814191037168275,0.10814191037168275,0.8,0.9081419103716828,0.24542405887148508,0.4690896462889643,13.021672716923847,4.608555488962841,6.862820401302578,6.862820401302578,6.209514484717653e-06,0.3,7.162820401302578,1.7647065044837178e-05,0.15892089212289778,30.50132934289881,True,0.466010905025665,7.9096165714525,7.9096165714525,0.2,8.1096165714525,5.050822456560207,0.19734416821505052,0.016343435311886523,5.763136037683256,5.763136037683256,0.0,0.003111574069740772,0.005524869653333112,0.016009849819808294,6.637181517654261,12.804291712107064,0.0035199095581785163,0.0024542405887148506,1.862854345415296e-07,1.7647065044837178e-07,0.0015892089212289778,30.50132934289881
14.606759920437744,0.6366402762359478,0.10202593460133472,1950,3.308479670621647,3.3084796739301265,3.1108903158855896,3.1108903158855896,0.15,3.2608903158855895,0.0,0.03468736253322173,2.559865303457369,0.00181375801293397,0.12258823796465369,0.00861661384906962,7.3863788824198435,17.824263207284734,5.221879108558739,0.016020055172089466,0.10178668811232616,0.3986999833635041,-0.3986999833635041,0.5,0.10130001663649589,0.11417195328777692,0.07568638743333955,0.07568638743333955,0.8,0.8756863874333396,0.11469404124391447,0.531828521420843,17.850045861972372,5.224931462399405,3.9905510978866072,3.9905510978866072,1.415087356663655e-05,0.3,4.290551097886607,1.705487038555941e-05,0.1296327118126014,30.641501512820007,True,0.5315178324019312,5.381761982450771,5.381761982450771,0.2,5.581761982450772,7.303379960218872,0.3183201381179739,0.020405186920266945,3.308479670621647,3.308479670621647,0.0,0.0017343681266610866,0.00181375801293397,0.01292492077360443,1.8465947206049609,17.824263207284734,0.0011417195328777693,0.0011469404124391446,4.245262069990965e-07,1.705487038555941e-07,0.0012963271181260139,30.641501512820007
18.664870648912395,0.4554558725265645,0.08544858238932983,1975,11.391591009426838,11.39159102081843,6.618053214165382,6.618053214165382,0.15,6.768053214165382,0.0,0.0546950817843069,1.9620786472560292,0.0,0.061758669195595264,0.0008586416168730179,117.83308184585132,22.28109940512977,5.720285945271724,0.003337691252881361,0.10178668811232616,0.32955720905416996,-0.32955720905416996,0.5,0.17044279094583004,0.47807492217155734,0.5577028929146801,0.5577028929146801,0.8,1.3577028929146802,0.21620946661548324,0.585292720999748,22.56429265797449,5.750188697091358,10.06470289392027,10.06470289392027,2.3760786314638116e-05,0.3,10.36470289392027,1.2827233465480182e-05,0.25796906211972503,72.72175994533632,True,0.5822490186275552,22.434910669952277,22.434910669952277,0.2,22.634910669952276,9.332435324456197,0.22772793626328225,0.017089716477865967,11.391591009426838,11.391591009426838,0.0,0.002734754089215345,0.0,0.0012879624253095269,29.45827046146283,22.28109940512977,0.004780749221715574,0.0021620946661548325,7.128235894391435e-07,1.2827233465480183e-07,0.0025796906211972503,72.72175994533632
7.403094343083833,0.46484054415650766,0.08640580554405143,2000,3.606323536871978,3.606323540478302,3.9339536697581017,3.9339536697581017,0.15,4.083953669758102,0.0,0.039361606193804646,4.402330974580848,0.002688333867546052,0.13184914529233874,0.0047471264951072754,9.1361278252086,9.739784578182444,4.120862793873266,0.014128149250022337,0.10178668811232616,0.3733384348415832,-0.3733384348415832,0.5,0.1266615651584168,0.1434162213390876,0.07550658168833768,-0.07550658168833768,0.8,0.7244934183116624,0.11526103509052191,0.41982921193185657,9.763112690530408,4.124598004628821,5.905593155635064,5.905593155635064,4.8146876707936774e-05,0.3,6.205593155635063,2.7803846362121502e-05,0.48873547161307007,19.600641629730642,True,0.419449017162295,3.811921112319167,3.811921112319167,0.2,4.011921112319167,3.7015471715419164,0.23242027207825383,0.017281161108810287,3.606323536871978,3.606323536871978,0.0,0.0019680803096902323,0.002688333867546052,0.007120689742660913,2.28403195630215,9.739784578182444,0.001434162213390876,0.001152610350905219,1.444406301238103e-06,2.78038463621215e-07,0.004887354716130701,19.600641629730642
8.611021769850684,0.0004087149486670105,0.00972001801708378,2025,5.4387728312360775,5.4387728366748505,7.363882906911518,7.363882906911518,0.15,7.513882906911518,0.0,0.021837631285624774,3.3434721365552083,0.00047787144172564157,0.10186027085206498,0.0018793036392234345,23.370102398758757,11.118585173191354,4.3344542541758395,0.0032936979746321024,0.10178668811232616,0.3734661236473181,-0.3734661236473181,0.5,0.1265338763526819,0.290952676842088,0.08751623803321684,0.08751623803321684,0.8,0.8875162380332169,0.11564219690682094,0.44161180323119914,11.146252242947183,4.338600341901855,7.55370770331758,7.55370770331758,1.9983427674509957e-05,0.3,7.85370770331758,2.761645984082992e-05,0.3383075368606718,26.719381458358573,True,0.441189786651484,6.038943804463358,6.038943804463358,0.2,6.238943804463358,4.305510884925342,0.00020435747433350526,0.001944003603416756,5.4387728312360775,5.4387728312360775,0.0,0.0010918815642812388,0.00047787144172564157,0.002818955458835152,5.842525599689689,11.118585173191354,0.00290952676842088,0.0011564219690682095,5.995028302352987e-07,2.7616459840829917e-07,0.0033830753686067178,26.719381458358573
83.11519629174084,0.009883929958430016,0.019784133122695922,2050,15.36312109773749,15.363121113100611,11.575433338314909,11.575433338314909,0.15,11.72543333831491,0.0,0.05329185449502535,2.9808503145984764,0.039614457519187476,0.2790338099901308,0.013900902586137914,218.71746413892362,90.56859917562943,10.516753604860716,0.020891425692934913,0.10178668811232616,0.5236625675913569,-0.5236625675913569,0.5,-0.023662567591356907,0.5413435155908535,0.45422846785963955,-0.45422846785963955,0.8,0.3457715321403605,0.13637474273008307,1.0718967321187816,90.83640550680367,10.530813475606564,18.16380284791257,18.16380284791257,4.1021889790321426e-05,0.3,18.46380284791257,4.1351972981881965e-05,0.21881665273200648,202.2496806429821,True,1.0704656242996755,26.753177658470204,26.753177658470204,0.2,26.953177658470203,41.55759814587042,0.004941964979215008,0.003956826624539184,15.36312109773749,15.36312109773749,0.0,0.0026645927247512676,0.039614457519187476,0.02085135387920687,54.679366034730904,90.56859917562943,0.005413435155908535,0.0013637474273008308,1.2306566937096428e-06,4.1351972981881964e-07,0.002188166527320065,202.2496806429821
72.2993929847243,0.14198144997767015,0.05148429431865617,2075,43.08479104295743,43.084791086042216,21.0079532937324,21.0079532937324,0.15,21.157953293732398,0.0,0.0906060264086479,2.6289007470790624,0.015718996616117125,0.20537542269566683,0.008657751774625603,1812.7981443716606,79.26171696335275,9.90290497328556,0.013463171736486928,0.10178668811232616,0.5290857998422861,-0.5290857998422861,0.5,-0.02908579984228614,0.4397268637111901,0.04070011216649405,0.04070011216649405,0.8,0.8407001121664941,0.25068110110619984,1.0090311803323524,79.44500894948223,9.913192971628193,28.62177049884393,28.62177049884393,2.457334096284196e-05,0.3,28.92177049884393,3.4910157751840504e-05,0.14042601936112775,611.8185735271821,True,1.0079839989508705,89.5582194903218,89.5582194903218,0.2,89.7582194903218,36.14969649236215,0.07099072498883507,0.010296858863731235,43.08479104295743,43.08479104295743,0.0,0.0045303013204323955,0.015718996616117125,0.012986627661938404,453.19953609291514,79.26171696335275,0.004397268637111901,0.0025068110110619984,7.372002288852587e-07,3.4910157751840505e-07,0.0014042601936112775,611.8185735271821
8.124179323282306,0.33185196736144473,0.074943799382653,2100,8.927092624064274,8.927092632991366,10.473331303184333,10.473331303184333,0.15,10.623331303184333,0.0,0.05829655646684525,3.3194762041690464,0.0003292619455173731,0.09814557647244565,0.0026956193460927662,69.25171642954578,10.564415005596892,4.250294602893235,0.004431259986005587,0.10178668811232616,0.25337958145485395,-0.25337958145485395,0.5,0.24662041854514605,0.5331253556718044,0.30183706853404124,0.30183706853404124,0.8,1.1018370685340413,0.1992561179174189,0.4339804224474967,10.651255304118205,4.263626097474741,10.892181905314963,10.892181905314963,4.87489100016136e-05,0.3,11.192181905314964,2.7705163445217338e-05,0.3602004960989398,41.06565622024983,True,0.4326234536331429,13.03761144984282,13.03761144984282,0.2,13.23761144984282,4.062089661641153,0.16592598368072237,0.0149887598765306,8.927092624064274,8.927092624064274,0.0,0.0029148278233422625,0.0003292619455173731,0.00404342901913915,17.312929107386445,10.564415005596892,0.005331253556718044,0.001992561179174189,1.462467300048408e-06,2.770516344521734e-07,0.003602004960989398,41.06565622024983
7.18468619222241,0.5430962386303744,0.09732871552082618,2125,6.066949152388357,6.066949158455307,4.790625571749178,4.790625571749178,0.15,4.9406255717491785,0.0,0.07342365531994602,2.65123988282454,0.004564135389205975,0.14755838503994878,0.007173635126987298,30.203041279347367,9.489027387793287,4.080426494463597,0.014910235326473486,0.10178668811232616,0.383457566074349,-0.383457566074349,0.5,0.11654243392565097,0.2532124881629264,0.2843771245010881,-0.2843771245010881,0.8,0.515622875498912,0.2108383505117443,0.41678304595666843,9.57698890290659,4.094671049224229,6.453888946928741,6.453888946928741,2.2564132526993942e-05,0.3,6.753888946928741,1.814598003529236e-05,0.3084778929966893,27.016815735095214,True,0.41533313976150343,10.918272505048703,10.918272505048703,0.2,11.118272505048703,3.592343096111205,0.2715481193151872,0.01946574310416524,6.066949152388357,6.066949152388357,0.0,0.003671182765997301,0.004564135389205975,0.010760452690480947,7.550760319836842,9.489027387793287,0.002532124881629264,0.002108383505117443,6.769239758098182e-07,1.814598003529236e-07,0.0030847789299668932,27.016815735095214
20.8119844378577,0.014162453856478963,0.022752253473129192,2150,5.227418291348906,5.2274182965763245,5.158425632835815,5.158425632835815,0.15,5.3084256328358155,1.8968276356759988e-05,0.054844419571001765,2.137340093437553,0.0,0.06799802148479994,0.001058639437570737,21.483594100410848,24.621596751546505,5.962015392111002,0.0021568051377057313,0.10178668811232616,0.11056175687309533,-0.11056175687309533,0.5,0.38943824312690467,0.22114496584819318,0.4745211244496368,0.4745211244496368,0.8,1.2745211244496368,0.14403954640999833,0.6071575392491961,24.651213781846472,5.964998870276455,5.962379119519962,5.962379119519962,6.090896820352253e-06,0.3,6.262379119519962,1.4049269707101722e-05,0.12784677718524556,45.646893122180565,True,0.6068538608578444,8.615845649899233,8.615845649899233,0.2,8.815845649899233,10.40599221892885,0.007081226928239481,0.004550450694625839,5.227418291348906,5.227418291348906,9.484138178379994e-05,0.0027422209785500883,0.0,0.0015879591563561055,5.370898525102712,24.621596751546505,0.002211449658481932,0.0014403954640999834,1.827269046105676e-07,1.4049269707101723e-07,0.0012784677718524556,45.646893122180565
25.237227774739843,0.006292107023290083,0.012063520088477893,2175,4.897191121752206,4.897191126649397,3.782980133867213,3.782980133867213,0.15,3.932980133867213,0.0,0.030403186027471284,2.2063284463504695,0.0031017975463913817,0.13569378373204125,0.005258335742072983,18.696143829943185,29.416161187454396,6.423666765893199,0.00979776863968412,0.10178668811232616,0.47913583103833146,-0.47913583103833146,0.5,0.020864168961668535,0.1743206183768461,0.321278262483819,-0.321278262483819,0.8,0.478721737516181,0.08339602001508595,0.6540421231970746,29.437296956185918,6.425614891990208,5.404602500942297,5.404602500942297,1.1426685986900022e-05,0.3,5.704602500942297,1.7355743465694606e-05,0.08255596950843185,51.62747361448955,True,0.6538438298741536,8.721178068455707,8.721178068455707,0.2,8.921178068455706,12.618613887369921,0.0031460535116450417,0.002412704017695579,4.897191121752206,4.897191121752206,0.0,0.0015201593013735642,0.0031017975463913817,0.007887503613109475,4.674035957485796,29.416161187454396,0.001743206183768461,0.0008339602001508594,3.4280057960700065e-07,1.7355743465694606e-07,0.0008255596950843185,51.62747361448955
29.83855815022274,0.049718917082656966,0.04889159161499918,2200,10.45535505206155,10.455355062516904,7.473934079678562,7.473934079678562,0.15,7.623934079678563,0.0,0.04150000687240154,3.7075154396820533,0.0028226840882764237,0.13312893833191497,0.004399822062779852,97.8880456454074,34.36853266000452,6.862468137227231,0.005118576733703602,0.10178668811232616,0.4581083414087818,-0.4581083414087818,0.5,0.04189165859121819,0.12835022865260154,0.18300854100201736,0.18300854100201736,0.8,0.9830085410020174,0.1097703142342364,0.6990600305873534,34.432154323239054,6.867891812502942,10.760689888725022,10.760689888725022,6.431734439001761e-06,0.3,11.060689888725022,2.9180612116413436e-05,0.31755946244983035,84.2668706777312,True,0.6985079725894054,19.356568769522454,19.356568769522454,0.2,19.556568769522453,14.91927907511137,0.024859458541328483,0.009778318322999836,10.45535505206155,10.45535505206155,0.0,0.002075000343620077,0.0028226840882764237,0.006599733094169778,24.47201141135185,34.36853266000452,0.0012835022865260153,0.001097703142342364,1.9295203317005283e-07,2.9180612116413437e-07,0.0031755946244983037,84.2668706777312
4.121187322916266,0.7874935252402518,0.11794836448378289,2225,1.8719558388481445,1.8719558407201002,2.6244425774144116,2.6244425774144116,0.15,2.7744425774144115,0.0,0.04626688220064794,1.5187015455964026,0.006949357824527039,0.16336280840115117,0.013068675889250831,1.5805463802987765,5.905243937282406,3.4300707679576754,0.02213075021913858,0.10178668811232616,0.2770989705967476,-0.2770989705967476,0.5,0.22290102940325238,0.08707233458739391,0.22970700817772505,0.22970700817772505,0.8,1.029707008177725,0.1446538860013173,0.35031188594863966,5.961544205457338,3.4416273682643177,2.0015255399577807,2.0015255399577807,1.9332899947585863e-06,0.3,2.3015255399577805,1.050397586754548e-05,0.09761556254424254,10.682425764818486,True,0.34913557776202264,2.5490666663839656,2.5490666663839656,0.2,2.749066666383966,2.060593661458133,0.3937467626201259,0.023589672896756578,1.8719558388481445,1.8719558388481445,0.0,0.002313344110032397,0.006949357824527039,0.01960301383387625,0.3951365950746941,5.905243937282406,0.0008707233458739392,0.001446538860013173,5.7998699842757584e-08,1.0503975867545479e-07,0.0009761556254424254,10.682425764818486
46.95996465199405,0.6958048583801759,0.11350144473301162,2250,11.600365774964931,11.600365786565298,12.485904732880902,12.485904732880902,0.15,12.635904732880903,0.0,0.06570029380886121,2.697786670816245,0.009060790566463982,0.17518818501507413,0.007903046305695795,121.02097194509174,52.60215193238463,8.252734100488217,0.012287294130549615,0.10178668811232616,0.4230379256161192,-0.4230379256161192,0.5,0.07696207438388084,0.4801010502011395,0.6426964884073101,0.6426964884073101,0.8,1.4426964884073101,0.23403187553704782,0.8418344788129501,52.861254840916786,8.270574588085648,12.824324803543018,12.824324803543018,9.925061347894213e-06,0.3,13.124324803543018,3.2273637988906524e-05,0.2688962059575599,118.34237702427684,True,0.8400185544876937,18.75871233274039,18.75871233274039,0.2,18.95871233274039,23.479982325997025,0.34790242919008796,0.022700288946602323,11.600365774964931,11.600365774964931,0.0,0.0032850146904430605,0.009060790566463982,0.011854569458543693,30.255242986272936,52.60215193238463,0.004801010502011396,0.0023403187553704785,2.977518404368264e-07,3.2273637988906525e-07,0.0026889620595755993,118.34237702427684
8.524644104660547,0.10238535697584827,0.07108939826955382,2275,2.162894351306832,2.1628943534697265,2.4733074835020856,2.4733074835020856,0.15,2.6233074835020855,0.0,0.0131849481167939,1.799828352589629,0.0016149890231203611,0.12018692602228194,0.00452260757883559,2.4262022024258036,11.020403558667477,4.319699317508662,0.004933522278196741,0.10178668811232616,0.23740075282637896,-0.23740075282637896,0.5,0.26259924717362104,0.07721048390096852,0.24437310159657,0.24437310159657,0.8,1.04437310159657,0.0923137309351778,0.4399107775062854,11.034944347487,4.321888671747896,2.5544759283153007,2.5544759283153007,7.565937891724859e-06,0.3,2.8544759283153005,8.406315720069953e-06,0.15109907786517096,18.12984576281839,True,0.4396879303672755,3.2606572059693626,3.2606572059693626,0.2,3.4606572059693628,4.262322052330274,0.05119267848792414,0.014217879653910765,2.162894351306832,2.162894351306832,0.0,0.000659247405839695,0.0016149890231203611,0.006783911368253385,0.6065505506064509,11.020403558667477,0.0007721048390096852,0.0009231373093517781,2.2697813675174576e-07,8.406315720069952e-08,0.0015109907786517095,18.12984576281839
7.164267663225965,0.04550306497089207,0.030481183215770726,2300,5.6852839320741815,5.685283937759465,8.602084945719898,8.602084945719898,0.15,8.752084945719899,6.355188191437958e-06,0.051257943085157756,3.0181813845215455,6.897515234756292e-05,0.08830512807532569,0.0014083490027013783,25.849287240357654,9.465559634084824,4.076614963573574,0.0019005373057308535,0.10178668811232616,0.3781579639531645,-0.3781579639531645,0.5,0.12184203604683552,0.9291960483965898,0.11800192708378665,0.11800192708378665,0.8,0.9180019270837867,0.1444143708322365,0.41655011190616553,9.562830122898053,4.092382596461514,7.500817345516605,7.500817345516605,1.3411106908041885e-05,0.3,7.800817345516605,3.691641728623528e-05,0.22607647564352604,25.241920789187724,True,0.4149451766174549,5.585446544373018,5.585446544373018,0.2,5.785446544373018,3.5821338316129827,0.022751532485446035,0.006096236643154146,5.6852839320741815,5.6852839320741815,3.177594095718979e-05,0.002562897154257888,6.897515234756292e-05,0.0021125235040520673,6.4623218100894135,9.465559634084824,0.009291960483965897,0.001444143708322365,4.0233320724125655e-07,3.691641728623528e-07,0.0022607647564352605,25.241920789187724
16.12595741518741,0.28750655776685863,0.071857582309577,2325,3.6662883943579523,3.666288398024241,5.7663556101605105,5.7663556101605105,0.15,5.916355610160511,0.0,0.06956021117078205,1.2795022542715344,0.00301235790758142,0.13488495155852304,0.0036892624440535717,9.396707588210296,19.498528464319236,5.415713811414779,0.005678723457739383,0.10178668811232616,0.4469035375747803,-0.4469035375747803,0.5,0.0530964624252197,0.3488116360484576,0.27921195749478045,0.27921195749478045,0.8,1.0792119574947805,0.232018750443684,0.5515587764527836,19.525534418602685,5.418770690882554,4.728844180324695,4.728844180324695,8.310280252053055e-07,0.3,5.028844180324695,8.103079513001725e-06,0.10652446031441634,33.75399517523072,True,0.5512476267852314,3.364200751101292,3.364200751101292,0.2,3.5642007511012923,8.062978707593706,0.14375327888342931,0.014371516461915403,3.6662883943579523,3.6662883943579523,0.0,0.0034780105585391027,0.00301235790758142,0.005533893666080357,2.349176897052574,19.498528464319236,0.003488116360484576,0.00232018750443684,2.4930840756159165e-08,8.103079513001724e-08,0.0010652446031441634,33.75399517523072
17.102697933478684,0.030737131608850943,0.03011102694731542,2350,5.647560436925541,5.647560442573102,6.764551184190511,6.764551184190511,0.15,6.914551184190511,4.954772547200538e-05,0.04541738503071298,3.831007330944115,0.003618887950815977,0.14015719367470508,0.006798715292985263,25.401541681613004,20.571130595242607,5.535540827204911,0.008241408046843918,0.10178668811232616,0.43460007773522885,-0.43460007773522885,0.5,0.06539992226477115,0.4360078566064058,0.07657501869737138,0.07657501869737138,0.8,0.8765750186973714,0.15655089128073144,0.5667484946022711,20.866638317288743,5.568001567128534,7.399215281488378,7.399215281488378,2.422859109280646e-05,0.3,7.699215281488378,3.302235921472414e-05,0.3574210948755481,41.16765261478277,True,0.5634444230671625,7.666316866408674,7.666316866408674,0.2,7.866316866408674,8.551348966739342,0.015368565804425471,0.006022205389463084,5.647560436925541,5.647560436925541,0.0002477386273600269,0.002270869251535649,0.003618887950815977,0.010198072939477894,6.350385420403251,20.571130595242607,0.004360078566064058,0.0015655089128073143,7.268577327841939e-07,3.302235921472414e-07,0.003574210948755481,41.16765261478277
18.35000169991962,3.434246361544435e-05,0.0030765685369726617,2375,5.480940678994342,5.480940684475283,6.070129559146902,6.070129559146902,0.15,6.220129559146902,0.0,0.05874319656002016,1.981615209753134,0.016642375745872635,0.20900533223813902,0.006490128982781141,23.774663649338187,21.93695385715038,5.68369019653845,0.007862031476035088,0.10178668811232616,0.3669511088315205,-0.3669511088315205,0.5,0.13304889116847954,0.4850658097743144,0.41055492657667325,0.41055492657667325,0.8,1.2105549265766733,0.15176288026919726,0.5791619870272111,21.995701416566078,5.689957506904095,6.936417326032479,6.936417326032479,5.635719783872462e-06,0.3,7.236417326032479,1.1834314476106074e-05,0.08058744763873847,42.573682961217884,True,0.578524058199047,8.058535058182741,8.058535058182741,0.2,8.25853505818274,9.17500084995981,1.7171231807722176e-05,0.0006153137073945324,5.480940678994342,5.480940678994342,0.0,0.002937159828001008,0.016642375745872635,0.009735193474171712,5.943665912334547,21.93695385715038,0.004850658097743144,0.0015176288026919726,1.6907159351617386e-07,1.1834314476106074e-07,0.0008058744763873848,42.573682961217884
55.793279541930936,0.0002325916624870139,0.0022177804742912763,2400,12.889686026179787,12.889686039069472,8.170884868273427,8.170884868273427,0.15,8.320884868273428,0.0,0.0733669315838974,1.6849087207615034,0.03049692643470348,0.2546336921521832,0.007840374606384847,152.68463074344265,61.92887147134143,8.869489911763115,0.008841829612772207,0.10178668811232616,0.42373376666294427,-0.42373376666294427,0.5,0.07626623333705573,0.37303867575786887,0.6039215471299448,0.6039215471299448,0.8,1.4039215471299449,0.19997921927518142,0.9058996805092385,62.40969999544925,8.899981012347387,9.580307161349456,9.580307161349456,1.7869460031529895e-06,0.3,9.880307161349457,6.318264236520685e-06,0.24222001250896305,140.94099313706337,True,0.9027960920589545,25.915827491176717,25.915827491176717,0.2,26.115827491176717,27.896639770965468,0.00011629583124350695,0.00044355609485825526,12.889686026179787,12.889686026179787,0.0,0.0036683465791948703,0.03049692643470348,0.01176056190957727,38.17115768586066,61.92887147134143,0.0037303867575786886,0.0019997921927518143,5.3608380094589686e-08,6.318264236520685e-08,0.0024222001250896307,140.94099313706337
39.63938759969319,0.004550902169773052,0.012096633329917445,2425,7.638199955499397,7.638199963137597,11.105299734971178,11.105299734971178,0.15,11.255299734971178,0.0,0.06211521739502446,1.8171938005510873,0.0064221518561672205,0.16013832950696702,0.0052558549616021095,49.34133255034263,44.83617308885228,7.69598186144887,0.009389154714867695,0.10178668811232616,0.47187832051377504,-0.47187832051377504,0.5,0.028121679486224963,0.6151075146191357,0.6744513234327607,0.6744513234327607,0.8,1.4744513234327608,0.19299432162426558,0.7861136269323277,45.200704892211434,7.723146948580808,8.751845602096584,8.751845602096584,5.050664849282139e-06,0.3,9.051845602096584,1.854315233509811e-05,0.16183349030890734,84.66120614492009,True,0.7833485824092341,9.54517972595784,9.54517972595784,0.2,9.74517972595784,19.819693799846593,0.002275451084886526,0.002419326665983489,7.638199955499397,7.638199955499397,0.0,0.0031057608697512232,0.0064221518561672205,0.007883782442403165,12.335333137585657,44.83617308885228,0.006151075146191357,0.0019299432162426559,1.5151994547846414e-07,1.854315233509811e-07,0.0016183349030890735,84.66120614492009
2.7224548047560155,0.19950190258283806,0.05999096503609911,2450,2.330966787042136,2.3309667893731025,3.4897397988279226,3.4897397988279226,0.15,3.6397397988279225,0.0,0.05002265897453535,1.3663434724577097,0.0,0.05304715819140122,0.0010198597856095524,2.958360164150252,4.20244384828776,3.0499863044146807,0.0016044431524206153,0.10178668811232616,0.1092470177637726,-0.1092470177637726,0.5,0.3907529822362274,0.3011788307927772,0.9077202224972782,0.9077202224972782,0.8,1.7077202224972783,0.12584028755428658,0.31063789546110276,4.210094906510455,3.0518515800394663,2.741305714250328,2.741305714250328,3.019022968278536e-06,0.3,3.0413057142503277,5.107069361519523e-06,0.06003505493913904,8.754878829045492,True,0.3104480352141864,2.5764508670021082,2.5764508670021082,0.2,2.7764508670021084,1.3612274023780078,0.09975095129141903,0.011998193007219823,2.330966787042136,2.330966787042136,0.0,0.002501132948726768,0.0,0.0015297896784143286,0.739590041037563,4.20244384828776,0.003011788307927772,0.001258402875542866,9.057068904835607e-08,5.107069361519523e-08,0.0006003505493913904,8.754878829045492
30.478653538330196,0.8630507509253758,0.12902822596238078,2475,9.5400738890872,9.540073898627274,7.628358003372072,7.628358003372072,0.15,7.778358003372072,0.0,0.053761302759645455,1.858390590536801,0.005526959326096274,0.15434352242190488,0.011195873082333354,80.2823417880305,35.05525158032261,6.920747552490531,0.019115149895655777,0.10178668811232616,0.4080399481975363,-0.4080399481975363,0.5,0.09196005180246367,0.15910045265997905,0.7486255404579065,0.7486255404579065,0.8,1.5486255404579066,0.1580703597261351,0.7050874725079538,35.13061177325976,6.927108213392072,11.575927932516965,11.575927932516965,1.8157948229493872e-05,0.3,11.875927932516966,1.3106729288758043e-05,0.23720914461551162,80.39312201570104,True,0.7044400418369738,16.19086655589375,16.19086655589375,0.2,16.390866555893748,15.239326769165098,0.4315253754626879,0.02580564519247616,9.5400738890872,9.5400738890872,0.0,0.002688065137982273,0.005526959326096274,0.01679380962350003,20.070585447007623,35.05525158032261,0.0015910045265997905,0.001580703597261351,5.447384468848162e-07,1.3106729288758043e-07,0.002372091446155116,80.39312201570104
5.29445461048082,0.005548978776935387,0.011828050819852694,2500,10.142293398037735,10.142293408180029,11.485343628945566,11.485343628945566,0.15,11.635343628945567,0.0,0.034270860666094125,3.4972021351316984,0.00019822028068359064,0.09407907243690403,0.0013570705033649315,91.27303083348795,7.295229162322441,3.7009681898020275,0.0016038125962054982,0.10178668811232616,0.2889310948491252,-0.2889310948491252,0.5,0.21106890515087479,0.644407816592435,0.508950826642435,0.508950826642435,0.8,1.308950826642435,0.15153582089818746,0.3775443908947306,7.339614005350798,3.709172199279846,16.334427807554093,16.334427807554093,0.00010290384515186047,0.3,16.634427807554093,6.071088650990772e-05,0.31982038194426043,42.92325637701262,True,0.3767093318587012,10.735986945381065,10.735986945381065,0.2,10.935986945381064,2.64722730524041,0.0027744893884676936,0.002365610163970539,10.142293398037735,10.142293398037735,0.0,0.0017135430333047063,0.00019822028068359064,0.0020356057550473972,22.818257708371988,7.295229162322441,0.0064440781659243496,0.0015153582089818746,3.087115354555814e-06,6.071088650990772e-07,0.003198203819442604,42.92325637701262
15.570203877303939,0.0866231570483661,0.0438777790562941,2525,6.834487631972182,6.83448763880667,7.591333914218053,7.591333914218053,0.15,7.741333914218053,0.0,0.04230461679874468,2.141806140528221,0.00019200760111690062,0.09385668073951697,0.003592371875356311,38.89519283326335,18.88693168968728,5.345909765479178,0.007256874267939664,0.10178668811232616,0.3643913490896349,-0.3643913490896349,0.5,0.13560865091036509,0.36459332531610095,0.2466186473303098,0.2466186473303098,0.8,1.0466186473303098,0.12875043269284284,0.5446309218910972,18.92866198264736,5.350708216215764,7.047701532335626,7.047701532335626,3.677551234115071e-05,0.3,7.347701532335626,1.1210446670873065e-05,0.2978919504311051,43.298015971671035,True,0.5441425034345654,11.227602465640667,11.227602465640667,0.2,11.427602465640666,7.7851019386519695,0.04331157852418305,0.00877555581125882,6.834487631972182,6.834487631972182,0.0,0.002115230839937234,0.00019200760111690062,0.0053885578130344666,9.723798208315838,18.88693168968728,0.0036459332531610096,0.0012875043269284284,1.1032653702345212e-06,1.1210446670873066e-07,0.0029789195043110513,43.298015971671035
26.602283980420253,0.06075280232512292,0.05262687290076236,2550,9.381106045803048,9.381106055184153,9.962551136062245,9.962551136062245,0.15,10.112551136062246,1.0460000979229274e-05,0.04906898547153283,2.8995164377425673,0.0033394034883865863,0.13778757209285217,0.0037843154552501335,77.11958471210873,30.888476141174394,6.557740200942681,0.00471404908250959,0.10178668811232616,0.45577040489585724,-0.45577040489585724,0.5,0.04422959510414274,0.6610975742330368,0.022746920766927525,0.022746920766927525,0.8,0.8227469207669276,0.15427323281208505,0.6704037567793772,31.20740924639678,6.58635921208051,11.136419403063897,11.136419403063897,1.8525011709583406e-05,0.3,11.436419403063898,3.800005729285413e-05,0.3019937853427252,72.91421833858199,True,0.6674907221324178,14.715476470338547,14.715476470338547,0.2,14.915476470338547,13.301141990210127,0.03037640116256146,0.010525374580152472,9.381106045803048,9.381106045803048,5.230000489614637e-05,0.0024534492735766417,0.0033394034883865863,0.005676473182875201,19.279896178027183,30.888476141174394,0.006610975742330369,0.0015427323281208506,5.557503512875022e-07,3.800005729285413e-07,0.003019937853427252,72.91421833858199
16.80004512471501,0.009294277218390268,0.015112263012866198,2575,7.200233393049946,7.200233400250179,10.307628505628475,10.307628505628475,0.15,10.457628505628476,7.069989501154278e-07,0.04459637654604949,3.0077914813554747,7.438460099163437e-05,0.0886246507750537,0.0016485528766563922,43.81884836086694,20.239073773540387,5.498785811031726,0.001939685881731996,0.10178668811232616,0.3055336952710028,-0.3055336952710028,0.5,0.19446630472899717,0.7714568859910407,0.8135090279022228,0.8135090279022228,0.8,1.6135090279022228,0.16907597762329676,0.5664346981745763,20.838482597508264,5.564918684654554,11.143263425549765,11.143263425549765,2.1532471342235648e-05,0.3,11.443263425549766,3.899086503131773e-05,0.2324183648335072,46.81822252628164,True,0.5597032513318289,5.295482237882314,5.295482237882314,0.2,5.495482237882314,8.400022562357504,0.004647138609195134,0.0030224526025732397,7.200233393049946,7.200233393049946,3.534994750577139e-06,0.0022298188273024745,7.438460099163437e-05,0.002472829314984588,10.954712090216734,20.239073773540387,0.0077145688599104065,0.0016907597762329677,6.459741402670694e-07,3.8990865031317736e-07,0.002324183648335072,46.81822252628164
15.87613470889226,0.021498400491057112,0.026525818088002636,2600,12.1139180186561,12.113918030770018,14.804466296929446,14.804466296929446,0.15,14.954466296929446,0.0,0.03360210648805392,3.824844009978942,0.00017001056691384143,0.09303881002675633,0.0014563275207088726,132.56502369045214,19.223724113707604,5.384486756019181,0.0018869251480492586,0.10178668811232616,0.35328786582860494,-0.35328786582860494,0.5,0.1467121341713951,0.7280366049758028,0.44793165795737044,0.44793165795737044,0.8,1.2479316579573705,0.12492491760343619,0.5496310549570529,19.35852035874331,5.39983185573532,17.907064096715867,17.907064096715867,0.0001405252575124045,0.3,18.207064096715868,8.410440051787887e-05,0.41037271487331317,72.44969277963463,True,0.5480691279247428,13.913102755816988,13.913102755816988,0.2,14.113102755816987,7.93806735444613,0.010749200245528556,0.005305163617600528,12.1139180186561,12.1139180186561,0.0,0.0016801053244026962,0.00017001056691384143,0.002184491281063309,33.141255922613034,19.223724113707604,0.007280366049758028,0.0012492491760343618,4.215757725372135e-06,8.410440051787887e-07,0.0041037271487331314,72.44969277963463
6.097721494487005,0.01164135814373135,0.023849669760581883,2625,6.533552326676219,6.533552333209771,7.207482494359773,7.207482494359773,0.15,7.357482494359774,1.0360768252328767e-05,0.04444375523091879,1.8877014944823034,0.00036013666030968876,0.0989772669346692,0.0012845233751577275,35.38351432774589,8.233206689691384,3.8693564940054737,0.001513657010646328,0.10178668811232616,0.32918316877452336,-0.32918316877452336,0.5,0.1708168312254766,0.19794376275811543,0.2714795171971325,0.2714795171971325,0.8,1.0714795171971325,0.1509863776399025,0.39447017119275996,8.268264229770258,3.8754589598480202,10.687097758134094,10.687097758134094,1.3616340131946549e-05,0.3,10.987097758134095,2.4947326366559968e-05,0.12037193421504899,26.681343550607014,True,0.3938490213443039,6.8624052174638335,6.8624052174638335,0.2,7.062405217463834,3.0488607472435025,0.005820679071865675,0.004769933952116377,6.533552326676219,6.533552326676219,5.1803841261643835e-05,0.0022221877615459396,0.00036013666030968876,0.0019267850627365912,8.845878581936473,8.233206689691384,0.0019794376275811543,0.0015098637763990251,4.0849020395839647e-07,2.4947326366559966e-07,0.00120371934215049,26.681343550607014
8.304774286417848,0.009825915270748942,0.01564572983512425,2650,4.57837306608867,4.578373070667043,6.994829322044437,6.994829322044437,0.15,7.144829322044437,0.0,0.04989303927505921,2.0579432974021987,0.0,0.041405623017840974,0.0006401338061454602,15.929796372320212,10.770214709267117,4.281800528561588,0.001126347913636374,0.10178668811232616,0.1844436510542818,-0.1844436510542818,0.5,0.3155563489457182,0.35589823363575795,1.3468667967183932,1.3468667967183932,0.8,2.146866796718393,0.142815611779422,0.4368620686003667,10.836847456745623,4.291936733405675,6.502998374096726,6.502998374096726,5.421610904158222e-06,0.3,6.802998374096726,2.1549979613591146e-05,0.12395858813204574,23.50114807040373,True,0.4358303377778969,3.4267776619576344,3.4267776619576344,0.2,3.6267776619576346,4.152387143208924,0.004912957635374471,0.0031291459670248507,4.57837306608867,4.57837306608867,0.0,0.0024946519637529608,0.0,0.0009602007092181903,3.982449093080053,10.770214709267117,0.0035589823363575794,0.0014281561177942202,1.6264832712474665e-07,2.1549979613591146e-07,0.0012395858813204574,23.50114807040373
22.137089309560327,0.07700762784685689,0.04949762085575299,2675,15.524575257939025,15.5245752734636,17.7049654896589,17.7049654896589,0.15,17.8549654896589,0.0,0.06844288974415218,4.301949802195567,0.0011411784167322128,0.11378133237058913,0.0007760614209402975,222.4805535696583,26.061094776894112,6.105006834167229,0.0044141267067856526,0.10178668811232616,0.14814541744507775,-0.14814541744507775,0.5,0.35185458255492225,0.9135681666950453,3.7852539975281063,3.7852539975281063,0.8,4.585253997528106,0.3597140764883899,0.623406488104127,26.261895393607407,6.124636123043997,20.39366737818146,20.39366737818146,9.86595559309579e-05,0.3,20.69366737818146,3.0835416048172556e-05,0.3919237060106807,108.34513916279056,True,0.6214084876030678,21.478934333312708,21.478934333312708,0.2,21.678934333312707,11.068544654780164,0.03850381392342844,0.009899524171150599,15.524575257939025,15.524575257939025,0.0,0.003422144487207609,0.0011411784167322128,0.0011640921314104461,55.620138392414574,26.061094776894112,0.009135681666950453,0.003597140764883899,2.959786677928737e-06,3.0835416048172556e-07,0.0039192370601068074,108.34513916279056
47.44962749534518,0.016196047988078166,0.01795510240999899,2700,23.695605040474206,23.69560506416981,23.337161247760232,23.337161247760232,0.15,23.48716124776023,4.8998027591892734e-05,0.04496598007875478,3.2569991272301664,0.008353259975789111,0.1713961704656662,0.003942656903688483,533.7436733388473,53.120322696226914,8.288369001102161,0.005180992336263256,0.10178668811232616,0.4460811519255323,-0.4460811519255323,0.5,0.053918848074467694,0.7314786265568249,1.4478348382281878,1.4478348382281878,0.8,2.247834838228188,0.22170120864706197,0.8470938308761862,53.61527060908978,8.322244915945504,26.120311186057585,26.120311186057585,9.076912022806321e-05,0.3,26.420311186057585,3.849228947333985e-05,0.2445349593679183,234.01708965397697,True,0.843645713358748,39.72681123765426,39.72681123765426,0.2,39.92681123765426,23.72481374767259,0.008098023994039083,0.003591020481999798,23.695605040474206,23.695605040474206,0.0002449901379594637,0.002248299003937739,0.008353259975789111,0.005913985355532724,133.43591833471183,53.120322696226914,0.00731478626556825,0.0022170120864706197,2.723073606841896e-06,3.849228947333985e-07,0.002445349593679183,234.01708965397697
26.253024113210152,0.21959280369448697,0.06253473825004402,2725,13.629046551208761,13.629046564837807,13.016157934934615,13.016157934934615,0.15,13.166157934934615,0.0,0.048824315970229265,3.01701335863186,0.0006316092985201985,0.10513183834342801,0.003076039778609951,169.93740398067138,30.512040511378682,6.523770497710661,0.0051465302433974045,0.10178668811232616,0.4607980502271661,-0.4607980502271661,0.5,0.03920194977283393,0.3258321482646978,0.7534754955097323,0.7534754955097323,0.8,1.5534754955097323,0.1344589343243087,0.6652776114890396,30.647269091625134,6.535997569691043,16.20443454403924,16.20443454403924,2.024885908529687e-05,0.3,16.504434544039242,3.255469970691337e-05,0.17426137098622368,99.8882868061711,True,0.6640330582045748,22.270393460555333,22.270393460555333,0.2,22.470393460555332,13.126512056605076,0.10979640184724349,0.012506947650008805,13.629046551208761,13.629046551208761,0.0,0.0024412157985114636,0.0006316092985201985,0.004614059667914927,42.484350995167844,30.512040511378682,0.003258321482646978,0.001344589343243087,6.074657725589062e-07,3.255469970691337e-07,0.001742613709862237,99.8882868061711
13.121258403993052,0.18652565713289282,0.13143220051361534,2750,4.602758858933215,4.602758863535973,6.58688995359779,6.58688995359779,0.15,6.736889953597791,0.0,0.06256536576045504,2.243454699018597,0.002645271249672734,0.13143220051361534,0.009013243283110177,15.929236663309343,16.17912061233829,5.02232776043155,0.010938057574053181,0.10178668811232616,0.37950516718088795,-0.37950516718088795,0.5,0.12049483281911204,0.38351177868036385,0.14957911992780493,0.14957911992780493,0.8,0.949579119927805,0.23533960478459068,0.512490031191275,16.280749794019812,5.034941114070912,5.4950689059077185,5.4950689059077185,2.8421126382821803e-06,0.3,5.795068905907718,1.7292983221237856e-05,0.13518052689982513,31.471201089523756,True,0.5112061595722014,5.672534367703568,5.672534367703568,0.2,5.872534367703568,6.560629201996526,0.09326282856644641,0.02628644010272307,4.602758858933215,4.602758858933215,0.0,0.0031282682880227524,0.002645271249672734,0.013519864924665264,3.9823091658273357,16.17912061233829,0.0038351177868036386,0.0023533960478459067,8.52633791484654e-08,1.7292983221237856e-07,0.0013518052689982514,31.471201089523756
46.43148622973811,0.2009058613435738,0.0602043907181259,2775,7.268235685381679,7.268235692649915,6.5114036575130285,6.5114036575130285,0.15,6.661403657513029,6.767338728779569e-05,0.0623151120063435,1.1182729675943919,0.001941891661427688,0.12406689983908203,0.0054996056276799075,44.67328894415366,52.042738488351034,8.214065323266142,0.008198580149334656,0.10178668811232616,0.43940936313359097,-0.43940936313359097,0.5,0.06059063686640903,0.3145332317493382,0.4795029169627094,0.4795029169627094,0.8,1.2795029169627095,0.162296891179685,0.8380647437234906,52.32408577297065,8.233538952198339,7.8473576102420575,7.8473576102420575,5.3391874834178e-06,0.3,8.147357610242057,3.9593457643498135e-06,0.10458294888178071,93.82699308658249,True,0.8360825873342177,12.63858566967316,12.63858566967316,0.2,12.83858566967316,23.215743114869056,0.1004529306717869,0.01204087814362518,7.268235685381679,7.268235685381679,0.00033836693643897844,0.0031157556003171753,0.001941891661427688,0.008249408441519862,11.168322236038415,52.042738488351034,0.0031453323174933825,0.0016229689117968499,1.6017562450253398e-07,3.9593457643498136e-08,0.001045829488817807,93.82699308658249
14.024023118039871,0.034436014858830966,0.04233746508477881,2800,2.3279350980219675,2.3279351003499027,3.2091803875786926,3.2091803875786926,0.15,3.3591803875786925,0.0,0.025782373458327512,1.6284853113290942,0.0020875838800220557,0.12569008513914212,0.0038260748361616595,2.927802751851652,17.179916106039528,5.144866234999572,0.0047147329792276375,0.10178668811232616,0.4510092844896749,-0.4510092844896749,0.5,0.04899071551032506,0.11667422322952255,0.031601924581966645,-0.031601924581966645,0.8,0.7683980754180334,0.056677872391795676,0.5238403939266195,17.193067272318572,5.146452371885944,2.8296227845747133,2.8296227845747133,8.867414505553079e-06,0.3,3.129622784574713,8.07353025814946e-06,0.13077626426404426,27.289656396654486,True,0.5236789462902015,2.9302554902035935,2.9302554902035935,0.2,3.1302554902035937,7.0120115590199354,0.017218007429415483,0.008467493016955761,2.3279350980219675,2.3279350980219675,0.0,0.0012891186729163757,0.0020875838800220557,0.005739112254242489,0.731950687962913,17.179916106039528,0.0011667422322952255,0.0005667787239179568,2.6602243516659236e-07,8.073530258149461e-08,0.0013077626426404427,27.289656396654486
7.914765805440848,0.07491311447691995,0.06646511264416016,2825,6.595640519065455,6.5956405256610955,7.495390360380857,7.495390360380857,0.15,7.6453903603808575,4.7995416431407414e-05,0.044364653314224775,2.5296284023939877,0.0,0.07137308670916355,0.001346304053725441,35.93258402269831,10.325421291178756,4.213319357172386,0.001717576852773729,0.10178668811232616,0.36621292401445904,-0.36621292401445904,0.5,0.13378707598554096,0.2029785196491194,0.7341704578154284,0.7341704578154284,0.8,1.5341704578154285,0.15074482353910093,0.42960364093655057,10.372435402841266,4.220626554389885,9.81744898556968,9.81744898556968,1.0639973970139761e-05,0.3,10.11744898556968,3.1088168799035735e-05,0.20162451850607344,29.922372072932813,True,0.42885986545932575,8.017235827460565,8.017235827460565,0.2,8.217235827460565,3.957382902720424,0.037456557238459975,0.013293022528832034,6.595640519065455,6.595640519065455,0.00023997708215703708,0.002218232665711239,0.0,0.0020194560805881613,8.983146005674577,10.325421291178756,0.002029785196491194,0.0015074482353910094,3.191992191041928e-07,3.1088168799035735e-07,0.0020162451850607344,29.922372072932813
1.396392580097256,0.004789801627807289,0.010954798342693554,2850,4.438514976851961,4.438514981290476,6.026203004758603,6.026203004758603,0.15,6.176203004758603,0.0,0.043115063283036506,2.5758861459079294,0.0,0.0347458375592588,0.00024793107387507013,14.655091339372026,2.5017450282679072,2.581690560213314,0.0008611576550282786,0.10178668811232616,0.26587889117651686,-0.26587889117651686,0.5,0.23412110882348314,0.3460716198305814,0.7009320395632888,0.7009320395632888,0.8,1.5009320395632888,0.12236595350277225,0.26304765695671767,2.510015611820247,2.5843028788146056,5.949452370990311,5.949452370990311,1.990161447319376e-05,0.3,6.249452370990311,3.420330593853467e-05,0.2234226835257144,11.316262181918994,True,0.2627817576718748,5.121422919228261,5.121422919228261,0.2,5.321422919228262,0.698196290048628,0.0023949008139036443,0.002190959668538711,4.438514976851961,4.438514976851961,0.0,0.002155753164151825,0.0,0.00037189661081260517,3.6637728348430065,2.5017450282679072,0.003460716198305814,0.0012236595350277226,5.970484341958128e-07,3.420330593853467e-07,0.002234226835257144,11.316262181918994
8.929521188952986,0.043738510864434255,0.04429068120733756,2875,5.914335657268944,5.914335663183279,6.076126108194318,6.076126108194318,0.15,6.226126108194318,0.0,0.04290865270416608,2.4493430566474763,0.0,0.07005160293533452,0.0010778876346244002,28.288376988276106,11.48010554448824,4.388230444419069,0.0014950347318160502,0.10178668811232616,0.3484322109505596,-0.3484322109505596,0.5,0.1515677890494404,0.12709150210896072,0.07883963061161159,-0.07883963061161159,0.8,0.7211603693883885,0.11935574727707143,0.4469282565330468,11.497739339434812,4.390831658964333,6.863960106141794,6.863960106141794,1.058657472596756e-05,0.3,7.1639601061417935,1.535119392469539e-05,0.2775306879519912,28.971025949546092,True,0.4466634874934026,9.525542198197352,9.525542198197352,0.2,9.72554219819735,4.464760594476493,0.021869255432217127,0.008858136241467513,5.914335657268944,5.914335657268944,0.0,0.002145432635208304,0.0,0.0016168314519366001,7.0720942470690265,11.48010554448824,0.0012709150210896073,0.0011935574727707143,3.1759724177902677e-07,1.535119392469539e-07,0.002775306879519912,28.971025949546092
5.217226850598301,0.004421713248871639,0.014061885105944848,2900,2.773403392222864,2.7734033949962673,3.274760358595756,3.274760358595756,0.15,3.424760358595756,0.0,0.016729660789499202,2.6847830371524637,0.0006369412531746605,0.10523769508442997,0.0021362301209748415,4.640622312299473,7.204526821698534,3.6841249638752913,0.003083026224619554,0.10178668811232616,0.4171345564784654,-0.4171345564784654,0.5,0.08286544352153459,0.16788789101467888,0.5347435615975313,-0.5347435615975313,0.8,0.26525643840246865,0.1455721653720325,0.3750642428579724,7.208183623402074,3.684806068117784,3.1844985593156663,3.1844985593156663,9.419093610858742e-06,0.3,3.484498559315666,1.7393196961266132e-05,0.28907743895243965,13.762426051873321,True,0.3749949155060588,4.1392986799084515,4.1392986799084515,0.2,4.339298679908452,2.6086134252991506,0.0022108566244358197,0.00281237702118897,2.773403392222864,2.773403392222864,0.0,0.0008364830394749601,0.0006369412531746605,0.0032043451814622623,1.1601555780748682,7.204526821698534,0.0016788789101467888,0.001455721653720325,2.8257280832576224e-07,1.7393196961266133e-07,0.0028907743895243967,13.762426051873321
17.665177769419184,0.2487769275663656,0.06601501316945896,2925,4.529984947931851,4.529984952461836,6.551094635628592,6.551094635628592,0.15,6.701094635628593,0.0,0.06319346103320508,3.0292604752022214,0.0010173738690917838,0.11189629867385531,0.003001549474397102,15.580325119947911,21.187574797199858,5.602996284725837,0.006842327888809026,0.10178668811232616,0.40329087394989377,-0.40329087394989377,0.5,0.09670912605010624,0.31175921659688877,0.5670173385874042,0.5670173385874042,0.8,1.3670173385874043,0.1754824553292669,0.572136879791455,21.353082570628537,5.620939576604366,6.921057655012766,6.921057655012766,1.5652996853472786e-05,0.3,7.221057655012766,1.4895692316166483e-05,0.20740849673974995,38.59844786761119,True,0.5703104913578738,3.3618129286756555,3.3618129286756555,0.2,3.5618129286756557,8.832588884709592,0.1243884637831828,0.013203002633891792,4.529984947931851,4.529984947931851,0.0,0.003159673051660254,0.0010173738690917838,0.004502324211595653,3.895081279986978,21.187574797199858,0.0031175921659688877,0.001754824553292669,4.6958990560418356e-07,1.4895692316166483e-07,0.0020740849673974997,38.59844786761119
3.475470322675311,0.0011409031364050248,0.007605137726922233,2950,3.1021224697411736,3.102122472843296,4.021461962911896,4.021461962911896,0.15,4.171461962911897,0.0,0.029606460980892303,1.6334625341687903,0.0,0.03766837258573106,0.0006269892790970566,6.30019344372201,5.126879390138761,3.264261334329313,0.0010225142572406164,0.10178668811232616,0.16662795876065634,-0.16662795876065634,0.5,0.33337204123934366,0.08795037056746322,0.6600733159839054,0.6600733159839054,0.8,1.4600733159839054,0.07543319551289408,0.3326391223595835,5.143832597626853,3.26800189541959,4.79129417634474,4.79129417634474,1.0861684769716815e-06,0.3,5.09129417634474,1.0509256588289626e-05,0.08267163684419684,11.548758357936233,True,0.33225838299711674,2.919537860699888,2.919537860699888,0.2,3.119537860699888,1.7377351613376555,0.0005704515682025124,0.0015210275453844467,3.1021224697411736,3.1021224697411736,0.0,0.0014803230490446151,0.0,0.0009404839186455848,1.5750483609305026,5.126879390138761,0.0008795037056746321,0.0007543319551289408,3.2585054309150443e-08,1.0509256588289627e-07,0.0008267163684419685,11.548758357936233
7.100061846297316,0.08780656393293917,0.06932094452571613,2975,2.7713611240062423,2.7713611267776033,3.6194083658686536,3.6194083658686536,0.15,3.7694083658686535,0.0,0.0330628012187542,2.267573348038135,0.0,0.07664413356445442,0.001599258929562046,4.645805306280836,9.391737145593689,4.064594124120466,0.0028597022598574095,0.10178668811232616,0.31200226662453645,-0.31200226662453645,0.5,0.18799773337546352,0.09118626019944957,0.6388129276072665,0.6388129276072665,0.8,1.4388129276072665,0.12698482885319165,0.4141484956038222,9.417459774759818,4.06878799768896,3.003228372959478,3.003228372959478,8.332308364707025e-06,0.3,3.303228372959478,1.7483171530597714e-05,0.09436397116843734,16.939525794048873,True,0.4137216150609847,3.972063383827642,3.972063383827642,0.2,4.172063383827642,3.550030923148658,0.04390328196646959,0.013864188905143227,2.7713611240062423,2.7713611240062423,0.0,0.00165314006093771,0.0,0.0023988883943430687,1.161451326570209,9.391737145593689,0.0009118626019944957,0.0012698482885319165,2.4996925094121077e-07,1.7483171530597714e-07,0.0009436397116843735,16.939525794048873
12.46486920915329,3.779125366898395e-05,0.005504444748204896,3000,6.235450729505015,6.235450735740465,9.408837877878497,9.408837877878497,0.15,9.558837877878497,0.0,0.03825927250982732,3.506646214057313,0.00012324614051175876,0.09110162783161815,0.003236755580909016,31.756694699703143,15.449318942085016,4.930562166164659,0.005661545584720098,0.10178668811232616,0.1529449659322767,-0.1529449659322767,0.5,0.3470550340677233,0.48963252850565925,1.7350471616800391,1.7350471616800391,0.8,2.535047161680039,0.12251355854236191,0.5039716402279631,15.612396065079318,4.951252467899175,8.450836336821292,8.450836336821292,9.203925545264289e-05,0.3,8.750836336821292,4.546055978536797e-05,0.22472462181820502,35.87276100167823,True,0.5018656427314591,5.60603099968537,5.60603099968537,0.2,5.80603099968537,6.232434604576645,1.8895626834491974e-05,0.0011008889496409793,6.235450729505015,6.235450729505015,0.0,0.0019129636254913663,0.00012324614051175876,0.004855133371363524,7.939173674925786,15.449318942085016,0.004896325285056593,0.0012251355854236191,2.7611776635792866e-06,4.546055978536797e-07,0.00224724621818205,35.87276100167823
49.240519456393216,0.01839086210191687,0.030746295298393164,3025,13.953925903737451,13.953925917691377,15.735946138380273,15.735946138380273,0.15,15.885946138380273,5.359196305376008e-05,0.06902378664519822,2.5777542823753876,0.0073092955230564,0.16549441808127827,0.0028105302261421405,178.26415747428095,55.01424660082157,8.417158930535436,0.004244930167752159,0.10178668811232616,0.19749366332183893,-0.19749366332183893,0.5,0.30250633667816107,0.5809377353986169,0.41870737930899415,0.41870737930899415,0.8,1.2187073793089942,0.1803658306481005,0.8580131167026197,55.19778337614767,8.429521073134369,16.515069303761624,16.515069303761624,3.144508699014252e-05,0.3,16.815069303761625,2.6249016451803738e-05,0.17980183786348503,138.19447279132814,True,0.8567548150258805,21.283289407126453,21.283289407126453,0.2,21.483289407126453,24.620259728196608,0.009195431050958436,0.006149259059678633,13.953925903737451,13.953925903737451,0.0002679598152688004,0.003451189332259911,0.0073092955230564,0.004215795339213211,44.56603936857024,55.01424660082157,0.0058093773539861695,0.001803658306481005,9.433526097042756e-07,2.624901645180374e-07,0.0017980183786348502,138.19447279132814
3.5193815319992185,0.04977792278730431,0.0497264558485888,3050,1.5718794498469615,1.571879451418841,2.1896243932660986,2.1896243932660986,0.15,2.3396243932660985,0.0003251632556370939,0.03316341751562419,1.9664575315608386,0.0005324362719077225,0.10307458064424406,0.004184571536087969,0.9211414992790085,5.180182711529505,3.2760014744128583,0.004691973155932748,0.10178668811232616,0.22304352731079352,-0.22304352731079352,0.5,0.2769564726892065,0.13192634512703433,0.0826581431531287,-0.0826581431531287,0.8,0.7173418568468714,0.11241969602408229,0.33373347781329754,5.1927168476911625,3.2787533538518736,1.8523864332063102,1.8523864332063102,4.3179190949965756e-06,0.3,2.1523864332063103,1.2789985108766896e-05,0.0941817667561946,8.7903513710057,True,0.333453373091597,2.01783393363936,2.01783393363936,0.2,2.21783393363936,1.7596907659996093,0.024888961393652154,0.009945291169717761,1.5718794498469615,1.5718794498469615,0.0016258162781854694,0.0016581708757812095,0.0005324362719077225,0.006276857304131953,0.23028537481975211,5.180182711529505,0.0013192634512703433,0.0011241969602408229,1.2953757284989726e-07,1.2789985108766896e-07,0.000941817667561946,8.7903513710057
6.856606169021768,0.3869156969853371,0.08082376064942741,3075,5.838186835587624,5.838186841425811,8.850489286177492,8.850489286177492,0.15,9.000489286177492,0.0,0.040988552382745666,3.61695082225566,0.0,0.06378329054828161,0.0020711767962136017,27.361183876201117,9.111415933218492,4.018512205245904,0.0034136420078073916,0.10178668811232616,0.37434542161502665,-0.37434542161502665,0.5,0.12565457838497335,0.4471275673519714,0.3126125995284832,0.3126125995284832,0.8,1.1126125995284832,0.16475749646521076,0.40974650358862896,9.153896980286627,4.025540774851105,7.2076733365109655,7.2076733365109655,3.08702007917224e-05,0.3,7.507673336510965,4.886419683060092e-05,0.34248727163268916,25.442525753905784,True,0.40903108869606286,6.316846627418279,6.316846627418279,0.2,6.516846627418279,3.428303084510884,0.19345784849266856,0.016164752129885482,5.838186835587624,5.838186835587624,0.0,0.0020494276191372835,0.0,0.0031067651943204027,6.840295969050279,9.111415933218492,0.004471275673519714,0.0016475749646521077,9.26106023751672e-07,4.886419683060092e-07,0.0034248727163268917,25.442525753905784
16.98429820322259,0.03692685279288754,0.04558928589484961,3100,3.840813360462484,3.8408133643032976,4.499839957231626,4.499839957231626,0.15,4.6498399572316265,7.017442299913031e-07,0.07335564416563836,3.5339719239889513,0.0026580417404533383,0.13155619982556258,0.003785072046792583,10.420469314367654,20.44125905377306,5.521201063188084,0.005468227853222319,0.10178668811232616,0.47133089642253106,-0.47133089642253106,0.5,0.02866910357746896,0.2627374034078381,0.3904478558448003,-0.3904478558448003,0.8,0.40955214415519975,0.20115256910376905,0.5622380001883793,20.46375643372986,5.523688366115626,5.016747264939118,5.016747264939118,1.705077957911212e-05,0.3,5.316747264939118,2.8003636480985527e-05,0.2545596174094642,35.42611235621321,True,0.5619848258361797,5.288508428094388,5.288508428094388,0.2,5.488508428094388,8.492149101611295,0.01846342639644377,0.009117857178969922,3.840813360462484,3.840813360462484,3.5087211499565157e-06,0.0036677822082819183,0.0026580417404533383,0.0056776080701888745,2.6051173285919136,20.44125905377306,0.0026273740340783808,0.0020115256910376907,5.115233873733636e-07,2.800363648098553e-07,0.002545596174094642,35.42611235621321
80.37054637385597,0.10333269722493554,0.08906117089728686,3125,16.727009291376035,16.727009308103046,20.493329896302722,20.493329896302722,0.15,20.64332989630272,0.00011562908202986223,0.05511860727735768,2.9924910529749242,0.009171162766528273,0.17576618801293217,0.007590460658344159,259.75412743957696,87.70251609487879,10.364962151278498,0.008554298143554684,0.10178668811232616,0.4715329096799924,-0.4715329096799924,0.5,0.02846709032000762,0.365226808140929,1.4785537005041893,1.4785537005041893,0.8,2.2785537005041894,0.1887749565199684,1.057704813668493,88.19812065211542,10.391385449022707,20.8749402355722,20.8749402355722,2.4396948524515085e-05,0.3,21.1749402355722,2.1312535914610942e-05,0.26722365069283377,209.65491314458438,True,1.055015273437871,23.255451781447672,23.255451781447672,0.2,23.45545178144767,40.185273186927986,0.05166634861246777,0.017812234179457372,16.727009291376035,16.727009291376035,0.0005781454101493112,0.002755930363867884,0.009171162766528273,0.01138569098751624,64.93853185989424,87.70251609487879,0.00365226808140929,0.001887749565199684,7.319084557354526e-07,2.1312535914610943e-07,0.0026722365069283376,209.65491314458438
39.6800935178851,0.669799372389535,0.11144016023095356,3150,11.748088366407215,11.748088378155304,11.466570803871747,11.466570803871747,0.15,11.616570803871747,0.0,0.05157048563687526,2.3338464309948495,0.0013796601521886204,0.11714377676258327,0.005622616987714296,124.34945264703235,44.8794644956408,7.699213722194628,0.009449212959763777,0.10178668811232616,0.46387616534068543,-0.46387616534068543,0.5,0.03612383465931454,0.40427832992580487,0.8880990927915047,0.8880990927915047,0.8,1.6880990927915047,0.19599852770968781,0.78533179442697,45.09748173519204,7.715465861367478,14.888803412818614,14.888803412818614,1.6286360340209067e-05,0.3,15.188803412818615,1.808851027935853e-05,0.10059583255645382,107.93155200728305,True,0.7836775428433036,18.328264744475597,18.328264744475597,0.2,18.528264744475596,19.84004675894255,0.3348996861947675,0.022288032046190714,11.748088366407215,11.748088366407215,0.0,0.002578524281843763,0.0013796601521886204,0.008433925481571444,31.087363161758088,44.8794644956408,0.004042783299258048,0.001959985277096878,4.88590810206272e-07,1.808851027935853e-07,0.0010059583255645382,107.93155200728305
2.8016199122378564,0.15431904239086536,0.11027717871930023,3175,3.7192885377239264,3.7192885414432153,6.043198055874975,6.043198055874975,0.15,6.1931980558749755,5.252858037599399e-05,0.05088943740085714,3.160757863897814,0.0009167075512004468,0.11027717871930023,0.004827457990112233,9.734552062430438,4.3006631317913655,3.0738040244418867,0.00563542735004426,0.10178668811232616,0.3409899605126242,-0.3409899605126242,0.5,0.1590100394873758,0.3689172806137493,0.603200022537753,0.603200022537753,0.8,1.403200022537753,0.181714105882336,0.31339442388369854,4.321962422762596,3.078933001027834,4.5920806386394695,4.5920806386394695,3.215082153152814e-05,0.3,4.892080638639469,3.074333775243505e-05,0.2941338321649647,11.973028531634052,True,0.3128723622923195,3.3283576307084997,3.3283576307084997,0.2,3.5283576307085,1.4008099561189282,0.07715952119543268,0.022055435743860048,3.7192885377239264,3.7192885377239264,0.00026264290187996995,0.002544471870042857,0.0009167075512004468,0.00724118698516835,2.4336380156076096,4.3006631317913655,0.003689172806137493,0.00181714105882336,9.645246459458442e-07,3.074333775243505e-07,0.002941338321649647,11.973028531634052
6.924912961690642,0.04212343928318518,0.042927713936614605,3200,8.268794372469332,8.268794380738125,9.767201200936197,9.767201200936197,0.15,9.917201200936198,0.0,0.02338480433413271,3.3735557342105937,0.0,0.051926054145134334,0.001104180113999013,58.8535852407404,9.190131310338117,4.031522935809346,0.0014822721168424255,0.10178668811232616,0.30201369603634975,-0.30201369603634975,0.5,0.19798630396365022,0.262463033657264,0.5032105916528566,0.5032105916528566,0.8,1.3032105916528567,0.07058997559163074,0.4113138010462578,9.247307788711678,4.040938636130575,12.602900866201411,12.602900866201411,5.630993905140842e-05,0.3,12.902900866201412,5.106542019402001e-05,0.21830708072243266,35.672767047506575,True,0.41035540800014475,9.342860367126182,9.342860367126182,0.2,9.542860367126181,3.462456480845321,0.02106171964159259,0.008585542787322922,8.268794372469332,8.268794372469332,0.0,0.0011692402167066355,0.0,0.0016562701709985196,14.7133963101851,9.190131310338117,0.0026246303365726397,0.0007058997559163075,1.6892981715422526e-06,5.106542019402e-07,0.0021830708072243265,35.672767047506575
28.45971224046939,7.34975926286463e-05,0.0033603382083055707,3225,12.401435185755854,12.40143519815729,12.993452851318848,12.993452851318848,0.15,13.143452851318848,0.0,0.034832657376135605,2.5254038061432924,0.01787310593768081,0.21369033599210083,0.004407673680356429,139.26564352726137,32.88752383822067,6.7347644971891105,0.005059503969622945,0.10178668811232616,0.45334051893934596,-0.45334051893934596,0.5,0.04665948106065403,0.31963448116125337,0.5555324267396176,0.5555324267396176,0.8,1.3555324267396176,0.0760175868630786,0.6872374322433858,33.0825255870726,6.7517410917975615,16.792904173959393,16.792904173959393,2.87194615047552e-05,0.3,17.092904173959393,3.37375508317294e-05,0.15068345173443096,94.36762564594852,True,0.685509440733,17.82224434160784,17.82224434160784,0.2,18.022244341607838,14.229856120234695,3.674879631432315e-05,0.0006720676416611141,12.401435185755854,12.401435185755854,0.0,0.0017416328688067803,0.01787310593768081,0.006611510520534644,34.816410881815344,32.88752383822067,0.003196344811612534,0.0007601758686307861,8.615838451426559e-07,3.37375508317294e-07,0.0015068345173443096,94.36762564594852
14.793667088097779,0.031973650584547486,0.037874635856704954,3250,6.636481275682711,6.636481282319193,9.204004438985208,9.204004438985208,0.15,9.354004438985209,0.0,0.048648096203656746,2.4493775102832656,0.0,0.055613239958293315,0.00074724167869377,36.377278261447785,18.030670002685703,5.246253643234905,0.001559637266278109,0.10178668811232616,0.19085878741198342,-0.19085878741198342,0.5,0.3091412125880166,0.6940261394863559,1.1709377857201295,1.1709377857201295,0.8,1.9709377857201296,0.1320510413907356,0.5365063587272197,18.2404904419163,5.270888718044091,9.287100453107394,9.287100453107394,2.2310937110514213e-05,0.3,9.587100453107395,3.397462324538429e-05,0.29741597116850454,41.19665534816589,True,0.5339988358046425,6.916860858737761,6.916860858737761,0.2,7.116860858737761,7.3968335440488895,0.015986825292273743,0.007574927171340991,6.636481275682711,6.636481275682711,0.0,0.0024324048101828375,0.0,0.0011208625180406549,9.094319565361946,18.030670002685703,0.00694026139486356,0.0013205104139073559,6.693281133154264e-07,3.397462324538429e-07,0.0029741597116850456,41.19665534816589
0.16562408220950603,0.0065029824396347635,0.016378313206309964,3275,1.4162762879270088,1.416276289343285,2.269240729815438,2.269240729815438,0.15,2.4192407298154377,0.0,0.03323733637064969,2.0360919092995085,0.0,0.0240257993894506,0.00022826848329806623,0.8021972395426209,0.6511995920595004,1.806969387312493,0.00034242013905576155,0.10178668811232616,0.13773612408108943,-0.13773612408108943,0.5,0.36226387591891057,0.143869510755915,0.19790280057299559,0.19790280057299559,0.8,0.9979028005729956,0.08847578125333766,0.18402018145546287,0.652702567762518,1.8079000976373985,2.1130611977356284,2.1130611977356284,6.943360787539907e-06,0.3,2.413061197735628,1.571482145873942e-05,0.08276057113945505,2.3625200784620013,True,0.1839254475245917,0.59713881568625,0.59713881568625,0.2,0.79713881568625,0.08281204110475301,0.0032514912198173818,0.003275662641261993,1.4162762879270088,1.4162762879270088,0.0,0.0016618668185324845,0.0,0.0003424027249470993,0.20054930988565522,0.6511995920595004,0.00143869510755915,0.0008847578125333766,2.083008236261972e-07,1.571482145873942e-07,0.0008276057113945505,2.3625200784620013
1.1766457573093263,0.08993714473626413,0.043863639058970595,3300,1.7725741545294649,1.772574156302039,0.9232729878506006,0.9232729878506006,0.15,1.0732729878506007,0.0,0.014243389062177888,1.090138045241761,0.0,0.06447785783510936,0.0010650854555897793,1.4071181723740742,2.2044321853421507,2.484733035041031,0.0020480127414875256,0.10178668811232616,0.43257224090146196,-0.43257224090146196,0.5,0.06742775909853804,0.029681456252474165,0.9688468201949766,-0.9688468201949766,0.8,-0.16884682019497657,0.0621066651440758,0.25296066771115805,2.2058297080725584,2.4852035914555817,2.2453020563977515,2.2453020563977515,1.6223828772291855e-06,0.3,2.5453020563977513,5.008739102537629e-06,0.0523246126436983,4.974601085535497,True,0.25291277132744533,2.9479651386660684,2.9479651386660684,0.2,3.1479651386660685,0.5883228786546632,0.044968572368132065,0.008772727811794119,1.7725741545294649,1.7725741545294649,0.0,0.0007121694531088945,0.0,0.001597628183384669,0.35177954309351855,2.2044321853421507,0.00029681456252474164,0.000621066651440758,4.8671486316875564e-08,5.008739102537629e-08,0.0005232461264369831,4.974601085535497
24.110495837711643,0.13295306289365216,0.0928004031714363,3325,7.85945573581011,7.8594557436695665,8.801123365578732,8.801123365578732,0.15,8.951123365578733,0.0,0.04386404736296766,3.009081229736684,0.0027738324630252227,0.13266718582784942,0.00508309524426597,52.585120636322415,28.198691013124318,6.310243969265849,0.009308547665469994,0.10178668811232616,0.3861060783990157,-0.3861060783990157,0.5,0.11389392160098433,0.16922379361841064,1.339825319681234,1.339825319681234,0.8,2.139825319681234,0.15739485425376423,0.6429295746617845,28.264534611761736,6.3164400318034,10.450607937576054,10.450607937576054,9.221290663692195e-06,0.3,10.750607937576055,1.960689195666421e-05,0.3095015021175655,61.36366479085707,True,0.6422988979147897,10.965219303844476,10.965219303844476,0.2,11.165219303844475,12.055247918855821,0.06647653144682608,0.01856008063428726,7.85945573581011,7.85945573581011,0.0,0.002193202368148383,0.0027738324630252227,0.007624642866398954,13.146280159080604,28.198691013124318,0.0016922379361841064,0.0015739485425376423,2.7663871991076586e-07,1.960689195666421e-07,0.003095015021175655,61.36366479085707
4.153040754565238,0.05894459811627362,0.05471702541946176,3350,5.2801656018876,5.280165607167766,6.686385697624171,6.686385697624171,0.15,6.836385697624172,2.1770859950158253e-05,0.03927484722044387,3.149864057647094,0.0,0.07209723892338979,0.0027696490499767184,21.922688634046246,5.943361607318385,3.437901065941435,0.0032871260737088624,0.10178668811232616,0.29464993760671343,-0.29464993760671343,0.5,0.20535006239328657,0.23215617069573677,0.2189371672012992,0.2189371672012992,0.8,1.0189371672012992,0.10626951257366059,0.35043647223982366,5.967522777320548,3.442851362101376,7.891954610480194,7.891954610480194,7.4389808305064685e-06,0.3,8.191954610480193,2.579253968997525e-05,0.22563008083468764,18.8330035581138,True,0.34993259793902515,5.681134645068738,5.681134645068738,0.2,5.881134645068738,2.076520377282619,0.02947229905813681,0.010943405083892353,5.2801656018876,5.2801656018876,0.00010885429975079127,0.0019637423610221936,0.0,0.004154473574965078,5.480672158511561,5.943361607318385,0.002321561706957368,0.0010626951257366058,2.2316942491519404e-07,2.579253968997525e-07,0.0022563008083468766,18.8330035581138
4.453290661324157,0.09224889881782239,0.04211398474990877,3375,2.5015608425489524,2.501560845050513,2.9648592491255936,2.9648592491255936,0.15,3.1148592491255935,0.0,0.04457134138966442,1.2375434956013047,0.0,0.07468475920504157,0.0013694761963185943,3.6465778994139404,6.301516364021358,3.510282128371502,0.0022055200384294028,0.10178668811232616,0.29216403719510353,-0.29216403719510353,0.5,0.20783596280489644,0.12067253457620436,0.38555160280855594,0.38555160280855594,0.8,1.185551602808556,0.12450125906951523,0.3575609133345109,6.314390971847799,3.512845194564878,3.9413185806414406,3.9413185806414406,1.2337961324305222e-06,0.3,4.24131858064144,6.714467318592809e-06,0.03614722338821938,12.003010354137626,True,0.35730002728964383,2.5943478801339968,2.5943478801339968,0.2,2.794347880133997,2.2266453306620786,0.046124449408911194,0.008422796949981754,2.5015608425489524,2.5015608425489524,0.0,0.002228567069483221,0.0,0.0020542142944778912,0.9116444748534851,6.301516364021358,0.0012067253457620436,0.0012450125906951523,3.7013883972915664e-08,6.714467318592809e-08,0.0003614722338821938,12.003010354137626
1.7637614131927215,0.0010198694238521266,0.021841482199442666,3400,1.4705095101789487,1.4705095116494582,1.3376104362552115,1.3376104362552115,0.15,1.4876104362552114,0.0,0.010608021103397642,1.0684501724774025,0.0,0.0686066656769523,0.000771721560252072,0.859394544119174,2.986214849557507,2.728066795455982,0.0015058395029413892,0.10178668811232616,0.3333336013650494,-0.3333336013650494,0.5,0.16666639863495059,0.03445929427609717,0.5695692993917437,-0.5695692993917437,0.8,0.23043070060825635,0.09750064537980248,0.2777864180948703,2.98979837089572,2.7291033430352623,2.6756244466521446,2.6756244466521446,2.6971968462255183e-06,0.3,2.9756244466521444,6.147197679886947e-06,0.03384845275730921,5.561678143221986,True,0.2776809113393391,1.1951162219414446,1.1951162219414446,0.2,1.3951162219414446,0.8818807065963608,0.0005099347119260633,0.004368296439888533,1.4705095101789487,1.4705095101789487,0.0,0.0005304010551698821,0.0,0.001157582340378108,0.2148486360297935,2.986214849557507,0.0003445929427609717,0.0009750064537980248,8.091590538676555e-08,6.147197679886946e-08,0.0003384845275730921,5.561678143221986
17.220641689886044,0.020249485788940813,0.021857081525759575,3425,3.5042170361724687,3.5042170396766856,3.0325027274889833,3.0325027274889833,0.15,3.182502727488983,0.0,0.02307430997867845,1.7404216689338825,0.0,0.05764871288820045,0.001419808187212305,8.51321006940007,20.700462570826325,5.549776101175345,0.002248871911117116,0.10178668811232616,0.36552169605813456,-0.36552169605813456,0.5,0.13447830394186544,0.06314151280385118,0.28485272694861363,0.28485272694861363,0.8,1.0848527269486137,0.05445700958168833,0.5652115438854346,20.72891522282185,5.552901846385649,4.918012676004537,4.918012676004537,5.0100750916243e-06,0.3,5.218012676004537,1.0724075426972323e-05,0.06144097336779477,34.962873208771754,True,0.5648933846013373,5.272572109122214,5.272572109122214,0.2,5.472572109122214,8.610320844943022,0.010124742894470407,0.004371416305151915,3.5042170361724687,3.5042170361724687,0.0,0.0011537154989339224,0.0,0.0021297122808184576,2.1283025173500176,20.700462570826325,0.0006314151280385117,0.0005445700958168833,1.5030225274872898e-07,1.0724075426972324e-07,0.0006144097336779477,34.962873208771754
7.496379417598545,0.158623415384348,0.10620275675921928,3450,3.771676645546309,3.771676649317986,5.37330783284351,5.37330783284351,0.15,5.523307832843511,0.00014469705033434533,0.03252823238571869,2.659748729099692,0.0015852387169725975,0.11981505641051633,0.009016723156951722,10.08211237780193,9.846740763875243,4.1379516828458724,0.01020649883817124,0.10178668811232616,0.36960039210313367,-0.36960039210313367,0.5,0.13039960789686633,0.265930770413361,0.2820409713906282,0.2820409713906282,0.8,1.0820409713906283,0.15522344039153402,0.4219404912184789,9.893164955701378,4.145340197133114,5.471956806952784,5.471956806952784,5.118107276172061e-06,0.3,5.771956806952784,2.4266333360507802e-05,0.16500986246695187,20.011009728977957,True,0.4211884387452248,3.4780488512976144,3.4780488512976144,0.2,3.6780488512976146,3.7481897087992726,0.079311707692174,0.021240551351843856,3.771676645546309,3.771676645546309,0.0007234852516717267,0.0016264116192859345,0.0015852387169725975,0.013525084735427583,2.5205280944504826,9.846740763875243,0.00265930770413361,0.0015522344039153402,1.5354321828516183e-07,2.4266333360507804e-07,0.0016500986246695188,20.011009728977957
31.679324682432735,0.15814586200621983,0.11419379370228137,3475,9.046514447168198,9.04651445621471,10.049065015735714,10.049065015735714,0.15,10.199065015735714,0.00018410796986929165,0.041806030384767344,2.509452866604438,0.013527191597160093,0.19630645552659617,0.01099928322527185,71.22682949870159,36.34207581887775,7.028438920556279,0.011763134899006837,0.10178668811232616,0.4307740356703344,-0.4307740356703344,0.5,0.06922596432966562,0.3584001433533551,1.4928874870814248,1.4928874870814248,0.8,2.292887487081425,0.19209132667414788,0.7165327916993836,36.476192802474635,7.039552367723508,10.578937164047082,10.578937164047082,1.8381130372467937e-05,0.3,10.878937164047082,1.4755099148520096e-05,0.14121729147870993,79.17682641608491,True,0.7154015906075855,13.924267323714986,13.924267323714986,0.2,14.124267323714985,15.839662341216368,0.07907293100310991,0.022838758740456277,9.046514447168198,9.046514447168198,0.0009205398493464582,0.0020903015192383673,0.013527191597160093,0.016498924837907776,17.806707374675398,36.34207581887775,0.0035840014335335514,0.001920913266741479,5.514339111740381e-07,1.4755099148520098e-07,0.0014121729147870993,79.17682641608491
9.156227604637749,0.04860895997433723,0.049800525286067036,3500,7.360404934713163,7.3604049420735675,7.8316038730919955,7.8316038730919955,0.15,7.981603873091996,0.0,0.03548413434061641,4.331755221960802,0.0,0.06644788932749005,0.0008335170799745391,45.741462178786826,11.73696833155754,4.425925908649739,0.0015503345585353196,0.10178668811232616,0.4062055011560397,-0.4062055011560397,0.5,0.09379449884396028,0.2899855681966331,0.00048355349307138695,-0.00048355349307138695,0.8,0.7995164465069287,0.0963357802015025,0.4515990948856954,11.811045414318343,4.436720153622978,10.758335018956574,10.758335018956574,8.349179963249076e-05,0.3,11.058335018956575,4.2876795948391866e-05,0.30898034316828377,35.15509763110527,True,0.4505003843312538,9.67662181798869,9.67662181798869,0.2,9.876621817988688,4.5781138023188745,0.024304479987168615,0.009960105057213408,7.360404934713163,7.360404934713163,0.0,0.0017742067170308205,0.0,0.0012502756199618088,11.435365544696706,11.73696833155754,0.0028998556819663313,0.0009633578020150251,2.504753988974723e-06,4.2876795948391866e-07,0.003089803431682838,35.15509763110527
3.8568366999649104,0.12629450991521396,0.049019650843830885,3525,3.4891630395677007,3.489163043056864,3.6263711520710427,3.6263711520710427,0.15,3.7763711520710426,0.0,0.03679307524201077,1.5890506868695626,0.0,0.047998117982029645,0.0004759898466115696,8.384946861562689,5.587943153384773,3.3638830667748296,0.0007180531645943264,0.10178668811232616,0.32065180294498785,-0.32065180294498785,0.5,0.17934819705501215,0.08024609385324229,0.24161396835206506,0.24161396835206506,0.8,1.041613968352065,0.09221754553803241,0.34267634540288516,5.600853572116714,3.36661225639451,5.309733392653368,5.309733392653368,5.997047795162899e-06,0.3,5.609733392653368,1.1309512061715077e-05,0.05177834145255473,13.179508794798982,True,0.3423985502029755,4.400711576904712,4.400711576904712,0.2,4.600711576904712,1.9284183499824552,0.06314725495760698,0.009803930168766177,3.4891630395677007,3.4891630395677007,0.0,0.0018396537621005384,0.0,0.0007139847699173545,2.0962367153906722,5.587943153384773,0.0008024609385324229,0.0009221754553803241,1.7991143385488697e-07,1.1309512061715077e-07,0.0005177834145255473,13.179508794798982
5.8095691592699366,0.00959130528309593,0.021519067492088817,3550,4.052915115218134,4.052915119271049,4.811352097414917,4.811352097414917,0.15,4.961352097414918,0.0,0.0205453065906407,2.9562923286885785,0.0,0.06960424618502667,0.0015028105405257334,11.875907555698083,7.897812987714036,3.810304785555125,0.0026750520077598724,0.10178668811232616,0.39847536285290974,-0.39847536285290974,0.5,0.10152463714709029,0.19205607068813238,0.4650982983166827,-0.4650982983166827,0.8,0.33490170168331734,0.048912304864121285,0.3881524673921426,7.915168304767461,3.8133908908588334,5.929030310030184,5.929030310030184,5.2140916154166066e-05,0.3,6.229030310030184,3.343012659028236e-05,0.28882051055122265,17.842170306161734,True,0.38783834292325114,4.842829375027159,4.842829375027159,0.2,5.042829375027159,2.9047845796349683,0.004795652641547965,0.004303813498417764,4.052915115218134,4.052915115218134,0.0,0.001027265329532035,0.0,0.0022542158107886,2.9689768889245207,7.897812987714036,0.0019205607068813239,0.0004891230486412129,1.564227484624982e-06,3.343012659028236e-07,0.0028882051055122266,17.842170306161734
0.1256854161289999,0.010326574236486197,0.017983529463070334,3575,1.0648364080261183,1.0648364090909548,1.5110336847237185,1.5110336847237185,0.15,1.6610336847237184,0.0,0.025061332663331316,1.9892526255972087,0.0,0.026593302744137473,0.0002699392505972697,0.21610260228559847,0.5693025283111809,1.7545213902277264,0.00035596981383343525,0.10178668811232616,0.06436232685891963,-0.06436232685891963,0.5,0.4356376731410804,0.08320664931980473,0.18973012171386783,-0.18973012171386783,0.8,0.6102698782861322,0.06966993236723576,0.17863588593412266,0.5700284231238939,1.7550022669660628,1.4208287004168931,1.4208287004168931,9.066067783697318e-06,0.3,1.7208287004168932,9.418039832700676e-06,0.11311435435262304,1.7640855390159471,True,0.17858693907872839,1.1520702539889858,1.1520702539889858,0.2,1.3520702539889857,0.06284270806449994,0.005163287118243098,0.003596705892614067,1.0648364080261183,1.0648364080261183,0.0,0.0012530666331665658,0.0,0.0004049088758959045,0.05402565057139962,0.5693025283111809,0.0008320664931980473,0.0006966993236723576,2.719820335109195e-07,9.418039832700676e-08,0.0011311435435262304,1.7640855390159471
1.9792792251990179,0.20259820168587517,0.060435636688530005,3600,1.4425007000062837,1.4425007014487843,1.9438263906413393,1.9438263906413393,0.15,2.0938263906413392,0.0,0.0322479616681941,1.1799915157261274,6.219190976680176e-05,0.08788618474084914,0.0023348504871631057,0.7035619528293928,3.264774095968037,2.806868588461274,0.004835903536231753,0.10178668811232616,0.15303341117233443,-0.15303341117233443,0.5,0.34696658882766557,0.08137411113708079,0.2873398011883668,0.2873398011883668,0.8,1.0873398011883668,0.08540140410256039,0.28588687504134946,3.2713450845170025,2.8086860104830254,2.0061638286986048,2.0061638286986048,4.4121336865586395e-06,0.3,2.3061638286986046,3.840703072413744e-06,0.11121015795157978,5.994148018188695,True,0.28570188565467874,1.579526396609687,1.579526396609687,0.2,1.779526396609687,0.9896396125995089,0.10129910084293758,0.012087127337706002,1.4425007000062837,1.4425007000062837,0.0,0.0016123980834097053,6.219190976680176e-05,0.0035022757307446584,0.1758904882073482,3.264774095968037,0.000813741111370808,0.000854014041025604,1.3236401059675919e-07,3.840703072413744e-08,0.0011121015795157979,5.994148018188695
1.5440270444634743,0.09492223770303487,0.07955398981982253,3625,2.8018549449463817,2.8018549477482364,3.9797738796810145,3.9797738796810145,0.15,4.129773879681014,6.302502811940505e-05,0.045347518670766473,4.06117626892511,0.00033827252115598363,0.09839218641586649,0.004172447425303164,5.054325046168545,2.69809812263476,2.6425888477141077,0.004365372348858153,0.10178668811232616,0.181634476291768,-0.181634476291768,0.5,0.318365523708232,0.3845862444342315,0.6970883931891907,0.6970883931891907,0.8,1.4970883931891907,0.13182062157439325,0.2709207150606161,2.761085620927206,2.661651473964142,4.533496203768212,4.533496203768212,2.9749270085119907e-05,0.3,4.833496203768211,2.3619183617641794e-05,0.36799444196751346,7.616944354653443,True,0.26898039327727574,1.5303086182980974,1.5303086182980974,0.2,1.7303086182980973,0.7720135222317371,0.047461118851517436,0.015910797963964506,2.8018549449463817,2.8018549449463817,0.00031512514059702526,0.0022673759335383238,0.00033827252115598363,0.006258671137954747,1.2635812615421362,2.69809812263476,0.0038458624443423154,0.0013182062157439326,8.924781025535972e-07,2.3619183617641795e-07,0.0036799444196751346,7.616944354653443
6.182613108401716,0.10027340185826705,0.04371555786666197,3650,7.472186160327401,7.472186167799587,9.0317223228523,9.0317223228523,0.15,9.1817223228523,0.0,0.03908596115651837,3.1250353099259263,0.0,0.07917581870125935,0.0031564151869714965,47.258266744564715,8.331801985652215,3.886486096563123,0.005054103704223805,0.10178668811232616,0.36697533486138134,-0.36697533486138134,0.5,0.13302466513861863,0.19804813178775735,0.49414517950196757,0.49414517950196757,0.8,1.2941451795019676,0.08071217179481334,0.39655331025910334,8.386379808428352,3.8959246897024706,11.39868370542563,11.39868370542563,7.61897192599615e-05,0.3,11.69868370542563,5.215036110615915e-05,0.18237362031765797,30.780044266096592,True,0.3955925870286235,8.202864252382303,8.202864252382303,0.2,8.402864252382303,3.091306554200858,0.050136700929133526,0.008743111573332395,7.472186160327401,7.472186160327401,0.0,0.0019542980578259187,0.0,0.004734622780457245,11.814566686141179,8.331801985652215,0.0019804813178775733,0.0008071217179481334,2.285691577798845e-06,5.215036110615916e-07,0.0018237362031765798,30.780044266096592
9.170609741318614,0.0012384951012416323,0.00652730468755507,3675,2.218143616558889,2.2181436187770323,2.681904888132398,2.681904888132398,0.15,2.831904888132398,6.382060334229348e-06,0.034237831959136954,1.0287028281845272,0.0,0.056177973201444756,0.0012063685138293885,2.598434675629787,11.753250910465194,4.428301461433226,0.002634263625515154,0.10178668811232616,0.20279582180916822,-0.20279582180916822,0.5,0.2972041781908318,0.10631349181867433,1.2616655826514582,1.2616655826514582,0.8,2.0616655826514583,0.13138611507565748,0.4510871669669513,11.776501300436262,4.431690734963782,2.9190835208666104,2.9190835208666104,7.383160870837899e-07,0.3,3.21908352086661,4.093233798812753e-06,0.04850459309043894,19.21464823483101,True,0.45074218400527655,2.6933653575095193,2.6933653575095193,0.2,2.8933653575095195,4.585304870659307,0.0006192475506208162,0.001305460937511014,2.218143616558889,2.218143616558889,3.191030167114674e-05,0.0017118915979568478,0.0,0.0018095527707440828,0.6496086689074467,11.753250910465194,0.0010631349181867433,0.001313861150756575,2.2149482612513695e-08,4.093233798812753e-08,0.0004850459309043894,19.21464823483101
0.16115413731205536,0.5424556847211601,0.0950827725187549,3700,0.5016291453406249,0.501629145842254,0.4253200876782117,0.4253200876782117,0.15,0.5753200876782117,0.0,0.025116026849447064,1.1326185406852671,4.443304906181236e-06,0.08210791482422351,0.0036480312855541957,0.0,0.6423062007955637,1.8014400793543854,0.006329983541776928,0.10178668811232616,0.25593496504581015,-0.25593496504581015,0.5,0.24406503495418988,0.033230021151927046,0.5216516367997777,-0.5216516367997777,0.8,0.2783483632002224,0.08842716640192021,0.1834263896644806,0.6433105262306934,1.8020664101124628,0.648960109958046,0.648960109958046,1.6026539339176685e-06,0.3,0.948960109958046,5.456674827431321e-06,0.049384863973696305,1.5231996263938987,True,0.1833626375246897,0.564348706017741,0.564348706017741,0.2,0.764348706017741,0.08057706865602768,0.27122784236058006,0.01901655450375098,0.5016291453406249,0.5016291453406249,0.0,0.0012558013424723534,4.443304906181236e-06,0.005472046928331293,0.0,0.6423062007955637,0.00033230021151927047,0.0008842716640192021,4.807961801753005e-08,5.456674827431321e-08,0.000493848639736963,1.5231996263938987
4.071619917350193,0.11204139520387157,0.04693522451113346,3725,2.269629762023983,2.269629764293613,3.2152191952236824,3.2152191952236824,0.15,3.3652191952236823,0.0,0.037127344913309136,1.7450935052144427,0.0,0.05956435815161966,0.0012469917615290868,2.757109167425541,5.845880350831768,3.417825541851969,0.0018045950075146495,0.10178668811232616,0.18749222250014863,-0.18749222250014863,0.5,0.31250777749985137,0.1347503322325198,0.4621418764839298,0.4621418764839298,0.8,1.2621418764839298,0.09771046096373867,0.3481112803270987,5.856436746209296,3.420007592180094,2.9944398318648715,2.9944398318648715,9.739430335009207e-06,0.3,3.2944398318648713,8.302615168639515e-06,0.11005872033346824,10.913157531123714,True,0.347889176629084,2.490595010704375,2.490595010704375,0.2,2.6905950107043752,2.0358099586750966,0.05602069760193579,0.009387044902226693,2.269629762023983,2.269629762023983,0.0,0.001856367245665457,0.0,0.0018704876422936303,0.6892772918563852,5.845880350831768,0.0013475033223251981,0.0009771046096373867,2.921829100502762e-07,8.302615168639514e-08,0.0011005872033346823,10.913157531123714
0.6063997531978804,5.2670542269872556e-06,0.004428475840392542,3750,0.6821303014739332,0.6821303021560634,1.054583703288146,1.054583703288146,0.15,1.204583703288146,3.0289335658649435e-06,0.03788654411074149,0.679110662360347,0.0,0.0431162496554288,0.0005960131078341301,0.009028601914271732,1.389373141109951,2.1787167348900884,0.0008724174364581162,0.10178668811232616,0.35418379045359283,-0.35418379045359283,0.5,0.14581620954640717,0.10963545342580525,0.4013577714667809,-0.4013577714667809,0.8,0.3986422285332191,0.0952295396016727,0.2218021071481793,1.390246999626764,2.1790873587765938,0.7573456007054293,0.7573456007054293,1.5571793710760418e-07,0.3,1.0573456007054294,2.041773381909707e-06,0.012975643299883342,2.3828307213442472,True,0.2217643825665304,0.5951935662555075,0.5951935662555075,0.2,0.7951935662555075,0.3031998765989402,2.6335271134936278e-06,0.0008856951680785085,0.6821303014739332,0.6821303014739332,1.5144667829324718e-05,0.0018943272055370745,0.0,0.0008940196617511952,0.002257150478567933,1.389373141109951,0.0010963545342580524,0.000952295396016727,4.6715381132281255e-09,2.041773381909707e-08,0.00012975643299883343,2.3828307213442472
9.697290415039573,0.0032984885577591605,0.01704758745931263,3775,4.837548262950235,4.837548267787784,3.817732532415562,3.817732532415562,0.15,3.967732532415562,0.0,0.03333329113761896,1.9651658038062068,1.6552075478174804e-05,0.08406842420086387,0.0013923483698539743,18.128990671581974,12.348528232997811,4.514047272447798,0.0017858584866482694,0.10178668811232616,0.36117057588408075,-0.36117057588408075,0.5,0.13882942411591923,0.10432332714891018,0.3819835012942958,0.3819835012942958,0.8,1.1819835012942959,0.0800443120430241,0.45981000018785834,12.372017760310047,4.517387917234897,6.491289990618427,6.491289990618427,1.6173626596134763e-05,0.3,6.791289990618427,2.0080031698476317e-05,0.14786981240726593,26.579122932846317,True,0.45946996698541337,7.747327487874144,7.747327487874144,0.2,7.947327487874144,4.848645207519787,0.0016492442788795802,0.003409517491862526,4.837548262950235,4.837548262950235,0.0,0.001666664556880948,1.6552075478174804e-05,0.0020885225547809614,4.5322476678954935,12.348528232997811,0.0010432332714891018,0.000800443120430241,4.852087978840429e-07,2.0080031698476318e-07,0.0014786981240726593,26.579122932846317
0.23672060047900062,7.832309201094567e-05,0.0014481190084920962,3800,2.209699974063606,2.209699976273306,3.022540371187657,3.022540371187657,0.15,3.1725403711876567,0.0,0.04484909154587137,1.8045202620416378,0.0,0.03991946565808786,0.0003902517314750776,2.54397397174745,0.785952130941989,1.8865394130787356,0.0005358872864979361,0.10178668811232616,0.02172192527941691,-0.02172192527941691,0.5,0.4782780747205831,0.1924522482921647,0.8892872840857846,0.8892872840857846,0.8,1.6892872840857847,0.13403174935921328,0.19220269624118702,0.7890572401681715,1.8882889395732514,2.5044302828978506,2.5044302828978506,2.1098433551396405e-06,0.3,2.8044302828978505,1.131179957678247e-05,0.07401736531209227,3.7571677057470985,True,0.19202461771605023,2.8661201776411445,2.8661201776411445,0.2,3.0661201776411446,0.11836030023950031,3.9161546005472836e-05,0.00028962380169841927,2.209699974063606,2.209699974063606,0.0,0.0022424545772935685,0.0,0.0005853775972126164,0.6359934929368625,0.785952130941989,0.001924522482921647,0.0013403174935921328,6.329530065418921e-08,1.131179957678247e-07,0.0007401736531209227,3.7571677057470985
13.452006251828815,0.04721840274042022,0.04808484978439885,3825,2.5482180848063054,2.5482180873545235,3.715197821791897,3.715197821791897,0.15,3.865197821791897,0.00014329364618571424,0.04745488304027686,2.5992717810482335,0.000811085384369743,0.10847956081771176,0.0035401868344772853,3.737082196008346,16.54616439364231,5.067697677266873,0.005030475595627514,0.10178668811232616,0.4581731241454106,-0.4581731241454106,0.5,0.04182687585458939,0.2314142047315886,0.11671084964007306,-0.11671084964007306,0.8,0.683289150359927,0.16784912263221474,0.5163108144882756,16.585079270701037,5.072478271360209,2.534345689093847,2.534345689093847,2.28159270895768e-05,0.3,2.8343456890938468,1.3717613878770616e-05,0.3278287805676227,26.80436464544449,True,0.5158242136004997,3.466688642294694,3.466688642294694,0.2,3.666688642294694,6.726003125914407,0.02360920137021011,0.009616969956879771,2.5482180848063054,2.5482180848063054,0.0007164682309285712,0.0023727441520138433,0.000811085384369743,0.005310280251715928,0.9342705490020865,16.54616439364231,0.002314142047315886,0.0016784912263221475,6.84477812687304e-07,1.3717613878770616e-07,0.003278287805676227,26.80436464544449
5.778495377899201,0.34622982048028894,0.07617420387932239,3850,1.7903838224373279,1.7903838242277115,2.158608613500657,2.158608613500657,0.15,2.308608613500657,0.0,0.04269917003563651,1.9222616801666712,0.0007071559181446343,0.10659240339165744,0.005047421620071212,1.4115714265797568,7.861575470317478,3.803850115522846,0.0087956161928654,0.10178668811232616,0.33329533448542076,-0.33329533448542076,0.5,0.16670466551457924,0.09112105143686343,0.09057771072734011,0.09057771072734011,0.8,0.8905777107273402,0.13218161277781573,0.3873974731783185,7.873487145434456,3.8059734755400765,2.594049116645874,2.594049116645874,3.4626396288846605e-06,0.3,2.8940491166458737,1.2827442155359412e-05,0.07723297033975936,13.095868424714544,True,0.38718134337326093,2.125887843410466,2.125887843410466,0.2,2.325887843410466,2.8892476889496006,0.17311491024014447,0.015234840775864478,1.7903838224373279,1.7903838224373279,0.0,0.0021349585017818255,0.0007071559181446343,0.007571132430106818,0.3528928566449392,7.861575470317478,0.0009112105143686344,0.0013218161277781574,1.0387918886653982e-07,1.2827442155359413e-07,0.0007723297033975936,13.095868424714544
2.5153633373157285,0.022109320052279058,0.03132992644656979,3875,1.9451927900671653,1.9451927920123582,2.255508161699687,2.255508161699687,0.15,2.4055081616996867,0.0,0.017484101779448764,1.514385286510684,0.0,0.036287285602908524,0.00035099447961149156,1.9452789874320113,3.944155099537593,2.9859897027773314,0.0006114722353827938,0.10178668811232616,0.3303717642934492,-0.3303717642934492,0.5,0.16962823570655078,0.06230162017587162,0.21153157058302252,0.21153157058302252,0.8,1.0115315705830226,0.042548566290553556,0.3041122664639503,3.951113316777192,2.987740756934161,3.413198996440918,3.413198996440918,7.930850914539029e-06,0.3,3.713198996440918,1.1111679434665646e-05,0.053241685557098455,7.653651915007026,True,0.30393403244311074,1.4239871578386125,1.4239871578386125,0.2,1.6239871578386125,1.2576816686578642,0.011054660026139529,0.006265985289313958,1.9451927900671653,1.9451927900671653,0.0,0.0008742050889724382,0.0,0.0005264917194172374,0.48631974685800283,3.944155099537593,0.0006230162017587162,0.00042548566290553556,2.3792552743617087e-07,1.1111679434665646e-07,0.0005324168555709846,7.653651915007026
35.97950617800308,0.1345281481488445,0.05070715675835716,3900,9.43229096165633,9.432290971088621,11.078776135632191,11.078776135632191,0.15,11.228776135632192,0.0,0.05598643768109775,2.431393734409877,0.00028775789131002056,0.09696342805302102,0.005181190417152887,77.85746974715309,40.93813972870498,7.398291938377381,0.009000277378142602,0.10178668811232616,0.46299507086369995,-0.46299507086369995,0.5,0.03700492913630002,0.327243168877066,0.7310001695217823,0.7310001695217823,0.8,1.5310001695217823,0.16321686724997958,0.7547599055595204,41.1536794867584,7.415113365074572,12.057725791208643,12.057725791208643,1.1724947468037586e-05,0.3,12.357725791208644,3.0307208806211728e-05,0.14466336790453663,87.91916747583915,True,0.7530477080784748,13.265135024321586,13.265135024321586,0.2,13.465135024321585,17.98975308900154,0.06726407407442225,0.010141431351671433,9.43229096165633,9.43229096165633,0.0,0.0027993218840548875,0.00028775789131002056,0.007771785625729331,19.464367436788272,40.93813972870498,0.00327243168877066,0.001632168672499796,3.517484240411276e-07,3.030720880621173e-07,0.0014466336790453663,87.91916747583915
3.3865827790425356,0.03964093683464409,0.0436912190706464,3925,2.7741477422110723,2.7741477449852203,3.9645839204145115,3.9645839204145115,0.15,4.114583920414511,3.130674526259401e-05,0.0358399808789621,2.4054495007208603,0.0,0.06410454482584844,0.0008488329838523305,4.785279520920794,5.018796411158209,3.2402670401445914,0.0012397072648774707,0.10178668811232616,0.30453630092840667,-0.30453630092840667,0.5,0.19546369907159336,0.17767713153450168,0.21476905863519624,0.21476905863519624,0.8,1.0147690586351963,0.13319528572879347,0.33079042972195716,5.061777670633668,3.2498394766368706,4.150678394309163,4.150678394309163,2.081011664253182e-05,0.3,4.450678394309163,2.3466109777847693e-05,0.10901318761844007,10.718535632611655,True,0.32981608301851817,2.322617844783879,2.322617844783879,0.2,2.522617844783879,1.6932913895212678,0.019820468417322046,0.008738243814129281,2.7741477422110723,2.7741477422110723,0.00015653372631297004,0.001791999043948105,0.0,0.0012732494757784958,1.1963198802301984,5.018796411158209,0.001776771315345017,0.0013319528572879346,6.243034992759546e-07,2.3466109777847693e-07,0.0010901318761844007,10.718535632611655
2.743844689669983,0.047684867152680166,0.03177591351357422,3950,1.244169165549137,1.2441691667933061,2.0625459510009962,2.0625459510009962,0.15,2.212545951000996,8.93070662653511e-07,0.04279757097184948,1.4087000199019726,0.0,0.051110104528610645,0.0006495039678367945,0.5230540237630485,4.229009057357549,3.0564554596094586,0.0010910291049999567,0.10178668811232616,0.27140915464205784,-0.27140915464205784,0.5,0.2285908453579422,0.17837751977473845,0.016726599020298716,-0.016726599020298716,0.8,0.7832734009797013,0.10756046229787952,0.31124519400983625,4.234614774001084,3.0578179642526897,1.770047865997747,1.770047865997747,3.229562482970804e-06,0.3,2.070047865997747,7.570498244065449e-06,0.07746129487573053,7.012814455176496,True,0.31110650916103905,0.5278983062519369,0.5278983062519369,0.2,0.7278983062519369,1.3719223448349915,0.023842433576340083,0.006355182702714845,1.244169165549137,1.244169165549137,4.465353313267555e-06,0.0021398785485924744,0.0,0.0009742559517551917,0.13076350594076214,4.229009057357549,0.0017837751977473845,0.0010756046229787953,9.688687448912412e-08,7.57049824406545e-08,0.0007746129487573053,7.012814455176496
3.0814525035337184,0.18680582545741753,0.05906305859746237,3975,2.0968994698196033,2.0968994719165024,1.568716459205375,1.568716459205375,0.15,1.718716459205375,0.0,0.03154064856193998,1.0382156906791344,2.988100832600319e-05,0.08546635237850646,0.002074631735772512,2.3383225530569507,4.6457778227748046,3.155406649051358,0.004231640942984898,0.10178668811232616,0.3238945534665058,-0.3238945534665058,0.5,0.1761054465334942,0.06134758671034804,0.19541710135673296,-0.19541710135673296,0.8,0.6045828986432671,0.12029181727123796,0.3213358143258789,4.652445920415105,3.1569529249418276,2.656114176884381,2.656114176884381,2.4866323618906242e-06,0.3,2.956114176884381,2.485210271996949e-06,0.0802194168862753,8.98053725577354,True,0.3211784240086173,3.510844286111613,3.510844286111613,0.2,3.7108442861116133,1.5407262517668592,0.09340291272870876,0.011812611719492475,2.0968994698196033,2.0968994698196033,0.0,0.001577032428096999,2.988100832600319e-05,0.003111947603658768,0.5845806382642377,4.6457778227748046,0.0006134758671034804,0.0012029181727123796,7.459897085671872e-08,2.485210271996949e-08,0.0008021941688627531,8.98053725577354
5.920767982965693,0.09266330924543498,0.04496452864691662,4000,3.9900345964238126,3.990034600413847,4.62020202630247,4.62020202630247,0.15,4.770202026302471,0.0,0.03924328485690877,1.9448129011892326,0.0,0.03887539629055042,0.0004529415298452584,11.610156486574336,8.027378244188531,3.833262826528547,0.0016406453903710905,0.10178668811232616,0.31017290913892837,-0.31017290913892837,0.5,0.18982709086107163,0.26659315815327855,0.07998610243170712,-0.07998610243170712,0.8,0.7200138975682929,0.14723304215875324,0.3907132145949549,8.057359663666002,3.8385488658231695,6.527615123848274,6.527615123848274,7.765693808134758e-06,0.3,6.827615123848274,1.1635456251746449e-05,0.2452380646438088,17.94489308260343,True,0.3901751661090633,3.942492813361916,3.942492813361916,0.2,4.142492813361916,2.9603839914828467,0.04633165462271749,0.008992905729383325,3.9900345964238126,3.9900345964238126,0.0,0.0019621642428454384,0.0,0.0006794122947678875,2.902539121643584,8.027378244188531,0.0026659315815327858,0.0014723304215875325,2.3297081424404273e-07,1.163545625174645e-07,0.002452380646438088,17.94489308260343
8.1833735684395,0.3689251338370356,0.08037703397268191,4025,5.125312182252653,5.125312187377966,5.9970226298777,5.9970226298777,0.15,6.1470226298777,0.0,0.05374317734931987,3.1776365293562145,0.00024329654152614846,0.09559796594194732,0.002452501880565184,20.420228243160793,10.631901279392826,4.26065963869166,0.004315770955257746,0.10178668811232616,0.40465857554863505,-0.40465857554863505,0.5,0.09534142445136497,0.22482551708522608,0.33298154809912006,0.33298154809912006,0.8,1.13298154809912,0.13782921175247373,0.434278497781526,10.670378488261953,4.2665545285915485,7.0765157193054895,7.0765157193054895,3.917534697332303e-05,0.3,7.376515719305489,2.0912060731978327e-05,0.21135494147522396,25.166845969682466,True,0.4336784764028806,6.710301384248181,6.710301384248181,0.2,6.910301384248181,4.09168678421975,0.1844625669185178,0.01607540679453638,5.125312182252653,5.125312182252653,0.0,0.0026871588674659934,0.00024329654152614846,0.0036787528208477756,5.105057060790198,10.631901279392826,0.002248255170852261,0.0013782921175247373,1.1752604091996908e-06,2.0912060731978327e-07,0.0021135494147522397,25.166845969682466
2.973574362838421,1.0949926800840615e-06,0.0018192072468020794,4050,2.6956796472518048,2.6956796499474844,4.238670941507259,4.238670941507259,0.15,4.388670941507259,0.00016685882172803027,0.031780222417515304,2.755457493336171,0.0,0.06519986490917215,0.0018412713838497068,4.354361667804999,4.5130987708198775,3.124405509976821,0.0019179154449741474,0.10178668811232616,0.2621096261044781,-0.2621096261044781,0.5,0.23789037389552195,0.22737773003165695,0.3088924541296927,0.3088924541296927,0.8,1.1088924541296927,0.09753558936982279,0.3184894471605507,4.532593677734114,3.128988886240159,2.6231406791785044,2.6231406791785044,8.969437081660051e-06,0.3,2.923140679178504,2.8432548245107093e-05,0.2817179617460285,9.795772483913206,True,0.31802292042449914,3.364837217199515,3.364837217199515,0.2,3.564837217199515,1.4867871814192104,5.474963400420307e-07,0.0003638414493604159,2.6956796472518048,2.6956796472518048,0.0008342941086401513,0.0015890111208757653,0.0,0.0027619070757745603,1.0885904169512497,4.5130987708198775,0.0022737773003165696,0.000975355893698228,2.6908311244980153e-07,2.8432548245107096e-07,0.0028171796174602847,9.795772483913206
9.301276094767202,0.1826546843520397,0.12955004100107054,4075,1.7977241237838373,1.7977241255815615,2.784726981255886,2.784726981255886,0.15,2.934726981255886,0.00012278785411453958,0.03713669376179023,1.0050364606777704,0.008178698646208325,0.17043615784744687,0.010120057551206294,1.441799386776413,11.901115577325635,4.449799353198043,0.010725995474378195,0.10178668811232616,0.358486543940294,-0.358486543940294,0.5,0.14151345605970603,0.13388824839593333,0.2775753741270428,0.2775753741270428,0.8,1.0775753741270429,0.13977800405466836,0.45323830601220827,11.921997223431957,4.452824528329228,2.390094369449153,2.390094369449153,1.6140559527205305e-06,0.3,2.690094369449153,3.554385896129831e-06,0.02200726729760681,18.85595132365811,True,0.4529303834243934,1.576782804629371,1.576782804629371,0.2,1.776782804629371,4.650638047383601,0.09132734217601984,0.025910008200214107,1.7977241237838373,1.7977241237838373,0.0006139392705726979,0.0018568346880895117,0.008178698646208325,0.015180086326809441,0.36044984669410324,11.901115577325635,0.0013388824839593333,0.0013977800405466836,4.842167858161591e-08,3.554385896129831e-08,0.0002200726729760681,18.85595132365811
0.45020586123552536,0.007291857066590746,0.012190439443819734,4100,0.8911010154247169,0.8911010163158178,1.1154907949709831,1.1154907949709831,0.15,1.265490794970983,0.0,0.019917064587278523,1.5704010365190573,0.0,0.04253988729448501,0.000711893227782611,0.10014957552963635,1.14698491372429,2.070973815610956,0.002599839784990668,0.10178668811232616,0.25246149745313107,-0.25246149745313107,0.5,0.24753850254686893,0.0558709221216029,0.6431892020994773,-0.6431892020994773,0.8,0.15681079790052274,0.11218964478216122,0.2108322587999288,1.1477146546116186,2.071314451788838,1.3559439880308815,1.3559439880308815,7.661657395853188e-06,0.3,1.6559439880308815,9.714008678237034e-06,0.04111243134423449,2.298466020114564,True,0.21079758656812458,0.6402906657602394,0.6402906657602394,0.2,0.8402906657602395,0.22510293061776268,0.003645928533295373,0.002438087888763947,0.8911010154247169,0.8911010154247169,0.0,0.0009958532293639262,0.0,0.0010678398416739164,0.02503739388240909,1.14698491372429,0.000558709221216029,0.001121896447821612,2.2984972187559562e-07,9.714008678237034e-08,0.00041112431344234496,2.298466020114564
0.9650039400946229,0.002584591791270907,0.01057041510179383,4125,0.7707813699873379,0.7707813707581193,0.6260999195488045,0.6260999195488045,0.15,0.7760999195488045,0.0,0.02666483290568994,0.9130995495580241,0.0,0.078913557698686,0.0021502808624065243,0.01298228423547192,1.9108808526328132,2.382346140672738,0.0057195882901981705,0.10178668811232616,0.3762771033913024,-0.3762771033913024,0.5,0.12372289660869763,0.027855330289380798,0.8919182816253373,-0.8919182816253373,0.8,-0.09191828162533722,0.06995437944147329,0.24253244986078154,1.9120028587651774,2.3827519151189693,0.7631773855296142,0.7631773855296142,1.8253138248520144e-06,0.3,1.0631773855296143,2.954523376777415e-06,0.041519626792462745,3.1767681832511006,True,0.24249114741972128,1.029065642639937,1.029065642639937,0.2,1.229065642639937,0.48250197004731143,0.0012922958956354536,0.002114083020358766,0.7707813699873379,0.7707813699873379,0.0,0.001333241645284497,0.0,0.0032254212936097867,0.00324557105886798,1.9108808526328132,0.000278553302893808,0.0006995437944147328,5.475941474556043e-08,2.9545233767774148e-08,0.00041519626792462747,3.1767681832511006
7.673765830261505,0.61481664114265,0.10540938730696223,4150,2.377293506741894,2.3772935091191876,2.9413536535050326,2.9413536535050326,0.15,3.0913536535050326,0.0,0.06298888854719006,1.2537116055356632,0.0005159966010470031,0.10271555856779672,0.0050467261380999304,3.147006130944616,10.049890856375185,4.170156282642101,0.009363888110543209,0.10178668811232616,0.33755984544162443,-0.33755984544162443,0.5,0.16244015455837557,0.11076723167483174,1.1985452001721897,1.1985452001721897,0.8,1.9985452001721897,0.1587185100292269,0.42481056431515807,10.07133794063481,4.173537133961853,2.0428264296307685,2.0428264296307685,4.7398299987754295e-06,0.3,2.3428264296307684,6.544528482091849e-06,0.06190150923468502,17.393858619401833,True,0.4244664386225119,3.7259178412580893,3.7259178412580893,0.2,3.9259178412580895,3.8368829151307526,0.307408320571325,0.021081877461392447,2.377293506741894,2.377293506741894,0.0,0.003149444427359503,0.0005159966010470031,0.007570089207149896,0.786751532736154,10.049890856375185,0.0011076723167483173,0.0015871851002922691,1.4219489996326288e-07,6.54452848209185e-08,0.0006190150923468502,17.393858619401833
0.009673938236373244,0.14957611076880828,0.05374954489224773,4175,0.5202579341741334,0.5202579346943913,0.6440886420086659,0.6440886420086659,0.15,0.7940886420086659,0.0,0.03053196970475568,0.9664573239740442,0.0,0.04690497300769607,0.0008840045699865974,0.0,0.248358882611259,1.4983561804686072,0.0014796000435415304,0.10178668811232616,0.04181734005124288,-0.04181734005124288,0.5,0.4581826599487571,0.040091305628021316,0.24902872255697928,-0.24902872255697928,0.8,0.5509712774430208,0.10701208974280164,0.15255909833279313,0.2488131541788686,1.4988117422223224,0.6421338628840147,0.6421338628840147,9.276675689607977e-07,0.3,0.9421338628840147,3.020074096782164e-06,0.01867427152554835,0.863502190306382,True,0.1525127282060962,0.6799937660362272,0.6799937660362272,0.2,0.8799937660362273,0.004836969118186622,0.07478805538440414,0.010749908978449546,0.5202579341741334,0.5202579341741334,0.0,0.001526598485237784,0.0,0.0013260068549798961,0.0,0.248358882611259,0.00040091305628021316,0.0010701208974280164,2.7830027068823932e-08,3.020074096782164e-08,0.0001867427152554835,0.863502190306382
0.014464361605916616,0.044405957583100286,0.032767596263024175,4200,0.5173912926350662,0.5173912931524575,0.6288201224304696,0.6288201224304696,0.15,0.7788201224304696,0.0,0.03591872314682312,0.8247147806037536,0.0,0.03620831421464977,0.00046412477416616445,0.0006271224009164894,0.27067866110337496,1.520267874371823,0.0007819153838047853,0.10178668811232616,0.1760188792323113,-0.1760188792323113,0.5,0.3239811207676887,0.03554511657012732,0.027889017411045547,0.027889017411045547,0.8,0.8278890174110456,0.10626087470496569,0.15481202121752063,0.27138422178770216,1.5209455075031382,0.755996535648042,0.755996535648042,1.689237266625795e-06,0.3,1.055996535648042,3.1767983227930798e-06,0.014142977943863506,0.8282671086416646,True,0.15474304717855253,0.5828917564404186,0.5828917564404186,0.2,0.7828917564404185,0.007232180802958308,0.022202978791550143,0.006553519252604835,0.5173912926350662,0.5173912926350662,0.0,0.0017959361573411563,0.0,0.0006961871612492466,0.00015678060022912235,0.27067866110337496,0.00035545116570127324,0.001062608747049657,5.067711799877385e-08,3.17679832279308e-08,0.00014142977943863507,0.8282671086416646
0.008161198314518992,0.04322527800248166,0.032411732992014226,4225,0.4931373132742321,0.4931373137673694,0.5887076781303446,0.5887076781303446,0.15,0.7387076781303447,0.0,0.035778055608334816,0.8089401255231348,0.0,0.035490640258533435,0.00044984306179109883,0.0002679403587497127,0.24043267900567505,1.490339350863945,0.0007520277971625234,0.10178668811232616,0.02496462253907028,0.02496462253907028,0.5,0.5249646225390703,0.03481587365548698,0.1336230840352819,-0.1336230840352819,0.8,0.6663769159647182,0.10586978345014822,0.15174072061547333,0.24085678083842146,1.4907716178003996,0.7366019370218102,0.7366019370218102,1.60707127740405e-06,0.3,1.0366019370218102,3.053133897985678e-06,0.01362261913099687,0.7698193910054447,True,0.1516967215913085,0.555233776232104,0.555233776232104,0.2,0.7552337762321041,0.004080599157259496,0.02161263900124083,0.0064823465984028454,0.4931373132742321,0.4931373132742321,0.0,0.001788902780416741,0.0,0.0006747645926866482,6.698508968742818e-05,0.24043267900567505,0.0003481587365548698,0.0010586978345014822,4.82121383221215e-08,3.053133897985678e-08,0.00013622619130996871,0.7698193910054447
0.00255196018614892,0.04245939174432278,0.03217737438297135,4250,0.4829430048633822,0.4829430053463252,0.547128710999427,0.547128710999427,0.15,0.697128710999427,0.0,0.03565384644669092,0.7965233456594878,0.0,0.034235660690504974,0.000435857701644365,1.1776132378114716e-05,0.20296550394483584,1.4505169296983587,0.0007260565226486618,0.10178668811232616,0.006027115982338183,-0.006027115982338183,0.5,0.4939728840176618,0.033973063185222814,0.2753049905535764,-0.2753049905535764,0.8,0.5246950094464237,0.10554708417667544,0.14768112539836006,0.20330022374135776,1.4508882608156457,0.7076733735664682,0.7076733735664682,1.5449187573561858e-06,0.3,1.0076733735664682,2.9591060990795914e-06,0.013226781557919464,0.7188166277857657,True,0.14764332883002507,0.5386920623687468,0.5386920623687468,0.2,0.7386920623687467,0.00127598009307446,0.02122969587216139,0.00643547487659427,0.4829430048633822,0.4829430048633822,0.0,0.0017826923223345462,0.0,0.0006537865524665475,2.944033094528679e-06,0.20296550394483584,0.00033973063185222815,0.0010554708417667544,4.6347562720685574e-08,2.9591060990795915e-08,0.00013226781557919463,0.7188166277857657
0.0,0.039981477294669165,0.03140095073887712,4275,0.45334361580733684,0.4533436162606805,0.4528673009073916,0.4528673009073916,0.15,0.6028673009073916,0.0,0.0352534162637225,0.7547212462823379,0.0,0.03006212372397308,0.0003898857194256795,0.0,0.11157339488311074,1.3340260392291456,0.0006470399534316928,0.10178668811232616,0.05893969394527421,-0.05893969394527421,0.5,0.4410603060547258,0.031278027646025996,0.45903057023112226,-0.45903057023112226,0.8,0.3409694297688778,0.10449732893040933,0.13581525654951299,0.11176480117818131,1.334312430487084,0.605945626885646,0.605945626885646,1.3461867103259302e-06,0.3,0.9059456268856461,2.652769304641918e-06,0.011929827175247657,0.5950125576286934,True,0.1357861057289992,0.49108077250030796,0.49108077250030796,0.2,0.691080772500308,0.0,0.019990738647334583,0.006280190147775425,0.45334361580733684,0.45334361580733684,0.0,0.001762670813186125,0.0,0.0005848285791385192,0.0,0.11157339488311074,0.00031278027646026,0.0010449732893040933,4.0385601309777906e-08,2.6527693046419178e-08,0.00011929827175247657,0.5950125576286934
0.0,0.03608344043044831,0.030118778667402202,4300,0.3266314066562811,0.32663140698291254,0.3695689402714235,0.3695689402714235,0.15,0.5195689402714235,0.0,0.03465986008681044,0.6798088051872664,0.0,0.027575854024377316,0.00033818768963618864,0.0,0.07989988640058875,1.2826656795590663,0.0005716565877736529,0.10178668811232616,0.10899309082713282,0.10899309082713282,0.5,0.6089930908271328,0.027720193977528066,0.16811006160563435,-0.16811006160563435,0.8,0.6318899383943657,0.10285857734243578,0.13058385776115072,0.08004187534334753,1.2829167286382117,0.4256039214935928,0.4256039214935928,1.0307301621434794e-06,0.3,0.7256039214935928,2.1483948904425043e-06,0.009765325383614873,0.43424053691725883,True,0.13055830430432036,0.4190226651065741,0.4190226651065741,0.2,0.6190226651065741,0.0,0.018041720215224155,0.006023755733480441,0.3266314066562811,0.3266314066562811,0.0,0.0017329930043405222,0.0,0.000507281534454283,0.0,0.07989988640058875,0.0002772019397752807,0.0010285857734243578,3.092190486430438e-08,2.1483948904425043e-08,9.765325383614872e-05,0.43424053691725883
0.0,0.035661743149272174,0.029974948463959754,4325,0.31148096138775694,0.3114809616992379,0.35918692084263126,0.35918692084263126,0.15,0.5091869208426313,0.0,0.03458518223640021,0.6695976499489588,0.0,0.02753263040838306,0.00033587821716161916,0.0,0.07675567747655325,1.277048150104911,0.0005699205485242254,0.10178668811232616,0.11890094550294306,0.11890094550294306,0.5,0.6189009455029431,0.027388279568151187,0.11961472249864702,-0.11961472249864702,0.8,0.680385277501353,0.10263558435435392,0.13001035897452584,0.07688553437058084,1.2772824090536232,0.40170631447719046,0.40170631447719046,9.919389765654698e-07,0.3,0.7017063144771905,2.084492958143248e-06,0.009487969170985959,0.4156907455033345,True,0.12998651452963314,0.40776662888253895,0.40776662888253895,0.2,0.607766628882539,0.0,0.017830871574636087,0.0059949896927919515,0.31148096138775694,0.31148096138775694,0.0,0.0017292591118200106,0.0,0.0005038173257424287,0.0,0.07675567747655325,0.00027388279568151187,0.0010263558435435393,2.9758169296964092e-08,2.084492958143248e-08,9.48796917098596e-05,0.4156907455033345
0.0,0.030441369448809708,0.028102165990815216,4350,0.5184605423506911,0.5184605428691517,0.21792762686149883,0.21792762686149883,0.15,0.3679276268614988,0.0,0.033690879420098435,0.5310786255130968,0.0,0.02665969914793568,0.00032175492343824503,0.012190382978183176,0.05487017627957615,1.234243839363122,0.0005799204495390883,0.10178668811232616,0.3382022178659917,-0.3382022178659917,0.5,0.16179778213400828,0.021299112648949438,1.0468844160551976,-1.0468844160551976,0.8,-0.24688441605519754,0.09984283228232557,0.1256319140890007,0.05488080436123344,1.2342665242010336,0.13803447716452638,0.13803447716452638,5.53116304950914e-07,0.3,0.43803447716452637,1.3236753035340871e-06,0.006136424134061772,0.6006594221744388,True,0.1256296050742525,0.2590617385423801,0.2590617385423801,0.2,0.45906173854238014,0.0,0.015220684724404854,0.0056204331981630435,0.5184605423506911,0.5184605423506911,0.0,0.0016845439710049218,0.0,0.00048263238515736757,0.003047595744545794,0.05487017627957615,0.00021299112648949438,0.0009984283228232557,1.659348914852742e-08,1.3236753035340872e-08,6.136424134061771e-05,0.6006594221744388
0.0,0.03490249373066978,0.02971330361586421,4375,0.28931400591553375,0.28931400620484776,0.3354540098837402,0.3354540098837402,0.15,0.4854540098837402,0.0,0.0344471180080005,0.6500902655259688,0.0,0.02726115852544481,0.0003329924191014018,0.0,0.06476346853686372,1.254486676540961,0.0005697495503921377,0.10178668811232616,0.09966684458326569,0.09966684458326569,0.5,0.5996668445832657,0.026418324862244654,0.1381075698518589,-0.1381075698518589,0.8,0.6618924301481411,0.10221224495233724,0.12770641834855526,0.06484530937129751,1.2546474216859411,0.35750052013840844,0.35750052013840844,9.202367231210741e-07,0.3,0.6575005201384084,1.965114289381453e-06,0.008967846747591669,0.3810692579938237,True,0.12769005663101016,0.38622503223588384,0.38622503223588384,0.2,0.5862250322358838,0.0,0.01745124686533489,0.005942660723172843,0.28931400591553375,0.28931400591553375,0.0,0.0017223559004000252,0.0,0.0004994886286521027,0.0,0.06476346853686372,0.00026418324862244655,0.0010221224495233724,2.760710169363222e-08,1.9651142893814528e-08,8.967846747591669e-05,0.3810692579938237
0.0,0.03445398263121224,0.02955672504388378,4400,0.2737194551669167,0.27371945544063614,0.3130708231200221,0.3130708231200221,0.15,0.46307082312002207,0.0,0.034347055971878,0.6340942587160078,0.0,0.027107937572826594,0.00033643844456738447,0.0,0.052428781605748834,1.228973320729182,0.000580959195433561,0.10178668811232616,0.023554766404569105,-0.023554766404569105,0.5,0.4764452335954309,0.025568736805038867,0.19187707332901582,-0.19187707332901582,0.8,0.6081229266709842,0.10187841637219427,0.12510399773037345,0.052477659068455196,1.2290800276507212,0.32149159101659325,0.32149159101659325,8.638375991114252e-07,0.3,0.6214915910165932,1.8699951663923483e-06,0.00855052728085569,0.3528686049821539,True,0.12509313638516423,0.3686053170540015,0.3686053170540015,0.2,0.5686053170540015,0.0,0.01722699131560612,0.005911345008776756,0.2737194551669167,0.2737194551669167,0.0,0.0017173527985939003,0.0,0.0005046576668510767,0.0,0.052428781605748834,0.00025568736805038866,0.0010187841637219427,2.5915127973342753e-08,1.8699951663923485e-08,8.55052728085569e-05,0.3528686049821539
0.0,0.03474804976002077,0.029659523734391274,4425,0.27788034561918623,0.27788034589706656,0.3274725351037777,0.3274725351037777,0.15,0.47747253510377774,0.0,0.034412133462964754,0.6445961697672571,0.0,0.02717382966863403,0.00033406890527956987,0.0,0.05912254076833454,1.2431512713689454,0.0005733982166458654,0.10178668811232616,0.06906250146480519,0.06906250146480519,0.5,0.5690625014648052,0.026122384560337247,0.1027660783503005,-0.1027660783503005,0.8,0.6972339216496996,0.10209606687308717,0.12655149344718067,0.05919532830460081,1.243300900747615,0.34497003535970433,0.34497003535970433,9.005996256729693e-07,0.3,0.6449700353597043,1.932115771811557e-06,0.008823210051754826,0.36390098899947537,True,0.1265362631667853,0.3801504316292695,0.3801504316292695,0.2,0.5801504316292695,0.0,0.017374024880010386,0.005931904746878255,0.27788034561918623,0.27788034561918623,0.0,0.0017206066731482378,0.0,0.0005011033579193548,0.0,0.05912254076833454,0.00026122384560337247,0.0010209606687308717,2.7017988770189076e-08,1.932115771811557e-08,8.823210051754826e-05,0.36390098899947537
0.0,0.033028565217757544,0.02905001825614442,4450,0.39976640477110004,0.3997664051708664,0.29083253090122707,0.29083253090122707,0.15,0.44083253090122704,0.0,0.034038799383501364,0.5711959050309653,0.0,0.031891239216234865,0.00037303221379302715,0.0,0.14719365000165296,1.3836582463621145,0.0006729024286376401,0.10178668811232616,0.1305502061502421,-0.1305502061502421,0.5,0.3694497938497579,0.022793928334340064,0.7536240404681583,-0.7536240404681583,0.8,0.046375959531841746,0.10073483626194772,0.14085826736537935,0.1473464429020405,1.3838573210218095,0.18860855301873547,0.18860855301873547,6.622115784065489e-07,0.3,0.48860855301873546,1.5209765807292404e-06,0.007005629528172347,0.572851208340083,True,0.14083800421309117,0.30645814643525043,0.30645814643525043,0.2,0.5064581464352504,0.0,0.016514282608878772,0.005810003651228884,0.39976640477110004,0.39976640477110004,0.0,0.0017019399691750683,0.0,0.0005595483206895407,0.0,0.14719365000165296,0.00022793928334340064,0.0010073483626194773,1.9866347352196467e-08,1.5209765807292404e-08,7.005629528172348e-05,0.572851208340083
0.0,0.03462680849759936,0.029617151753884612,4475,0.267754398502534,0.2677543987702884,0.31902167665011993,0.31902167665011993,0.15,0.46902167665011996,0.0,0.03438136021793239,0.639447716577233,0.0,0.02707361395286298,0.00033580955147718896,0.0,0.0534422357229939,1.2311757680272608,0.0005783939904834904,0.10178668811232616,0.018310686802872955,0.018310686802872955,0.5,0.518310686802873,0.025823196260285734,0.07006371662052646,-0.07006371662052646,0.8,0.7299362833794736,0.101989689175391,0.12532871414648675,0.05349402169961222,1.2312877465401317,0.33313088383838246,0.33313088383838246,8.82440053952542e-07,0.3,0.6331308838383825,1.9015361741668452e-06,0.008688838337666675,0.34802131388951374,True,0.1253173162234021,0.3747890989966533,0.3747890989966533,0.2,0.5747890989966533,0.0,0.01731340424879968,0.005923430350776923,0.267754398502534,0.267754398502534,0.0,0.0017190680108966194,0.0,0.0005037143272157835,0.0,0.0534422357229939,0.00025823196260285733,0.00101989689175391,2.6473201618576256e-08,1.9015361741668452e-08,8.688838337666676e-05,0.34802131388951374
0.0,0.03365604949113443,0.029275426038216427,4500,0.43417891856676366,0.4341789190009426,0.2846810186755676,0.2846810186755676,0.15,0.4346810186755676,0.0,0.03418106429387402,0.604981472686652,0.0,0.027386476325733013,0.00034221981781010414,4.7884299475668884e-05,0.056585134089622374,1.2378762999746347,0.0006026293069730879,0.10178668811232616,0.10685956619184744,-0.10685956619184744,0.5,0.39314043380815256,0.02411363854408213,0.8154732510280919,-0.8154732510280919,0.8,-0.015473251028091816,0.10131959714400776,0.12600835363169322,0.05662726595965839,1.2379648418562255,0.25988089833222056,0.25988089833222056,7.665835557086086e-07,0.3,0.5598808983322205,1.7036753940880162e-06,0.007817322475841031,0.5170140622417744,True,0.12599934124592144,0.34286982191930987,0.34286982191930987,0.2,0.5428698219193099,0.0,0.016828024745567216,0.005855085207643286,0.43417891856676366,0.43417891856676366,0.0,0.001709053214693701,0.0,0.0005133297267151562,1.1971074868917221e-05,0.056585134089622374,0.0002411363854408213,0.0010131959714400776,2.2997506671258255e-08,1.7036753940880164e-08,7.817322475841031e-05,0.5170140622417744
0.0,0.034567065544051756,0.029596288857586077,4525,0.2653086257419106,0.2653086260072192,0.31602649612875233,0.31602649612875233,0.15,0.4660264961287523,0.0,0.034368547894815006,0.637327590435717,0.0,0.02704034224813722,0.00033612003875532986,0.0,0.05197962898308323,1.2279904142350797,0.000579714882490562,0.10178668811232616,0.0004953236102202552,-0.0004953236102202552,0.5,0.49950467638977974,0.02571620450434658,0.07206125241758221,-0.07206125241758221,0.8,0.7279387475824178,0.10194732954826803,0.12500383160052797,0.052027761890576375,1.2280959488692782,0.32848054374234675,0.32848054374234675,8.750564665070421e-07,0.3,0.6284805437423467,1.889069433918475e-06,0.008634087217729534,0.34407667407650244,True,0.12499308957857641,0.37279760172382975,0.37279760172382975,0.2,0.5727976017238298,0.0,0.017283532772025878,0.005919257771517215,0.2653086257419106,0.2653086257419106,0.0,0.0017184273947407503,0.0,0.0005041800581329949,0.0,0.05197962898308323,0.0002571620450434658,0.0010194732954826803,2.6251693995211264e-08,1.889069433918475e-08,8.634087217729534e-05,0.34407667407650244
0.0,0.03426789636656202,0.029491631639805466,4550,0.26318251573506884,0.2631825159982514,0.30616408671722795,0.30616408671722795,0.15,0.4561640867172279,0.0,0.034313314916522245,0.6282722428606738,0.0,0.026972436984363045,0.00033534405670526647,0.0,0.049552971891590185,1.2226049682545073,0.0005816636379449486,0.10178668811232616,0.08264024415549165,-0.08264024415549165,0.5,0.41735975584450835,0.02520980740598899,0.12960170370523505,-0.12960170370523505,0.8,0.670398296294765,0.10177430233129257,0.12445345268163296,0.049590288127954726,1.2226887696493802,0.30912856422738205,0.30912856422738205,8.440038038051121e-07,0.3,0.609128564227382,1.8364414492039033e-06,0.008403173082572562,0.3393403604815123,True,0.12444492281435164,0.3652427341670104,0.3652427341670104,0.2,0.5652427341670104,0.0,0.01713394818328101,0.005898326327961094,0.26318251573506884,0.26318251573506884,0.0,0.0017156657458261124,0.0,0.0005030160850578998,0.0,0.049552971891590185,0.0002520980740598899,0.0010177430233129258,2.5320114114153364e-08,1.8364414492039035e-08,8.403173082572562e-05,0.3393403604815123
0.0,0.03441830974707061,0.02954431852969896,4575,0.26144178111665495,0.2614417813780967,0.31101722957517697,0.31101722957517697,0.15,0.461017229575177,0.0,0.03434100411539405,0.6328309303544113,0.0,0.027006766021318514,0.00033572230877731063,0.0,0.05066872618521999,1.2250971483276054,0.0005806661985812654,0.10178668811232616,0.018936098859440975,-0.018936098859440975,0.5,0.481063901140559,0.025487460847617247,0.0827551248559627,-0.0827551248559627,0.8,0.7172448751440373,0.10186111715890242,0.12470833078067362,0.05071180211733977,1.22519281098059,0.31880393322124584,0.31880393322124584,8.595437650572174e-07,0.3,0.6188039332212458,1.862820631033168e-06,0.008518965032671022,0.3388078793951969,True,0.12469859359509364,0.3690316704442414,0.3690316704442414,0.2,0.5690316704442414,0.0,0.017209154873535304,0.005908863705939792,0.26144178111665495,0.26144178111665495,0.0,0.0017170502057697026,0.0,0.0005035834631659659,0.0,0.05066872618521999,0.0002548746084761725,0.0010186111715890242,2.5786312951716522e-08,1.8628206310331682e-08,8.518965032671022e-05,0.3388078793951969
0.0,0.034558039983566546,0.029593101452678704,4600,0.33858742028701383,0.3385874206256012,0.31035143794665576,0.31035143794665576,0.15,0.4603514379466558,0.0,0.034361297144935285,0.628920792028266,0.0,0.02702691238789006,0.00034274794471368544,0.0,0.0501527134245487,1.2239480150047075,0.0005978946655217098,0.10178668811232616,0.12153654040707634,-0.12153654040707634,0.5,0.37846345959292366,0.025270952844562856,0.4729187839149736,-0.4729187839149736,0.8,0.32708121608502644,0.10187560738607594,0.12458871803458411,0.050183920760114506,1.224017679570418,0.3118237411914719,0.3118237411914719,8.458859102040746e-07,0.3,0.6118237411914719,1.8394045277695997e-06,0.008412743120315662,0.41552559757233093,True,0.12458162710846502,0.37580824843202626,0.37580824843202626,0.2,0.5758082484320263,0.0,0.017279019991783273,0.005918620290535741,0.33858742028701383,0.33858742028701383,0.0,0.0017180648572467643,0.0,0.0005141219170705282,0.0,0.0501527134245487,0.00025270952844562856,0.0010187560738607595,2.5376577306122237e-08,1.8394045277695997e-08,8.412743120315663e-05,0.41552559757233093
0.0,0.03423848845571953,0.02948144056136126,4625,0.2679299588518516,0.2679299591197816,0.30430136675715236,0.30430136675715236,0.15,0.4543013667571523,0.0,0.03431392084792481,0.625791300355622,0.0,0.02695569273777437,0.0003365364015456,0.0,0.04777460118893852,1.2185740176437687,0.0005852389366138277,0.10178668811232616,0.1619125599276895,-0.1619125599276895,0.5,0.3380874400723105,0.02508913507875229,0.10942322326988896,-0.10942322326988896,0.8,0.6905767767301111,0.10176246096540084,0.12404229784835502,0.047807556966016664,1.218649392786755,0.3060218478108741,0.3060218478108741,8.355553971392749e-07,0.3,0.6060218478108741,1.821850909610625e-06,0.008338077567733006,0.34229253304692664,True,0.12403462566143068,0.3667349219377353,0.3667349219377353,0.2,0.5667349219377353,0.0,0.017119244227859765,0.005896288112272253,0.2679299588518516,0.2679299588518516,0.0,0.0017156960423962407,0.0,0.0005048046023184,0.0,0.04777460118893852,0.00025089135078752294,0.0010176246096540084,2.5066661914178245e-08,1.821850909610625e-08,8.338077567733006e-05,0.34229253304692664
0.0,0.03436219280924535,0.029524719492547084,4650,0.2601915836432409,0.2601915839034325,0.30831488306252974,0.30831488306252974,0.15,0.4583148830625297,0.0,0.03433244871548716,0.6302940383513672,0.0,0.02698748122520009,0.00033624340235402424,0.0,0.04928545665274591,1.2220032807251864,0.0005827947566177704,0.10178668811232616,0.059899758739080045,-0.059899758739080045,0.5,0.44010024126091996,0.025338020044170385,0.07320923211631292,-0.07320923211631292,0.8,0.7267907678836871,0.10182792927906323,0.12439292050804017,0.04932577741327085,1.2220940733411652,0.3141908659801114,0.3141908659801114,8.50860898564202e-07,0.3,0.6141908659801114,1.8480103206189315e-06,0.008453497786490752,0.33614030661545174,True,0.12438367902744671,0.36847898382897065,0.36847898382897065,0.2,0.5684789838289707,0.0,0.017181096404622676,0.005904943898509417,0.2601915836432409,0.2601915836432409,0.0,0.001716622435774358,0.0,0.0005043651035310364,0.0,0.04928545665274591,0.00025338020044170386,0.0010182792927906322,2.552582695692606e-08,1.8480103206189317e-08,8.453497786490752e-05,0.33614030661545174
0.0,0.034344542290422164,0.029518696297673914,4675,0.25975884496712415,0.25975884522688303,0.3074666917122396,0.3074666917122396,0.15,0.45746669171223964,0.0,0.03433709791254259,0.6285818106277605,0.0,0.02699532250358542,0.00033689437471345397,0.0,0.04870377604885392,1.2206893201966373,0.0005848722073339456,0.10178668811232616,0.08023620661878811,-0.08023620661878811,0.5,0.4197637933812119,0.025254892715841675,0.03722827708012166,-0.03722827708012166,0.8,0.7627717229198784,0.10183173221148438,0.12425832533449419,0.048740164527409896,1.2207717475752047,0.3127903853151917,0.3127903853151917,8.451240903783824e-07,0.3,0.6127903853151917,1.8379783461060494e-06,0.008408592273424095,0.3351158237839349,True,0.12424993532379577,0.37037265455618634,0.37037265455618634,0.2,0.5703726545561864,0.0,0.017172271145211082,0.005903739259534783,0.25975884496712415,0.25975884496712415,0.0,0.0017168548956271294,0.0,0.000505341562070181,0.0,0.04870377604885392,0.0002525489271584168,0.0010183173221148438,2.535372271135147e-08,1.8379783461060494e-08,8.408592273424095e-05,0.3351158237839349
0.0,0.03414987161380412,0.029450990312541527,4700,0.256295392278341,0.2562953925346364,0.3047191900779457,0.3047191900779457,0.15,0.4547191900779457,0.0,0.03433216803945345,0.6217198949821224,0.0,0.02705668855992428,0.0003359934654930625,0.0,0.049313582931014094,1.2220666182275357,0.0005857559352664048,0.10178668811232616,0.05520174987840659,-0.05520174987840659,0.5,0.4447982501215934,0.02494902782778353,0.003705986638070091,-0.003705986638070091,0.8,0.79629401336193,0.10179889177472871,0.1243980178782629,0.049348024393918666,1.2221441522838687,0.30548273228799366,0.30548273228799366,8.223116361898467e-07,0.3,0.6054827322879937,1.7983805438287176e-06,0.008232855030850122,0.3321445580784659,True,0.12439012594267751,0.3730980958379712,0.3730980958379712,0.2,0.5730980958379712,0.0,0.01707493580690206,0.005890198062508306,0.256295392278341,0.256295392278341,0.0,0.0017166084019726727,0.0,0.0005039901982395937,0.0,0.049313582931014094,0.00024949027827783534,0.001017988917747287,2.4669349085695398e-08,1.7983805438287178e-08,8.232855030850122e-05,0.3321445580784659
0.0,0.03366741938822304,0.029281650947957608,4725,0.24990219576512876,0.24990219601503097,0.29589433587902203,0.29589433587902203,0.15,0.44589433587902205,0.0,0.03429267744678099,0.6071700583662374,0.0,0.027058302341686522,0.0003335872553557037,0.0,0.04944308563564248,1.2223580123036777,0.0005853713781939485,0.10178668811232616,0.024287724675429723,-0.024287724675429723,0.5,0.4757122753245703,0.024430813144897496,0.06498073688437611,-0.06498073688437611,0.8,0.7350192631156239,0.1016540222800493,0.12443236192162369,0.0494980464023827,1.222481564185401,0.2868073354110889,0.2868073354110889,7.750722436944446e-07,0.3,0.5868073354110889,1.7162806771461764e-06,0.007869104144428807,0.3255899158505148,True,0.1244197859835375,0.37098684946886246,0.37098684946886246,0.2,0.5709868494688625,0.0,0.01683370969411152,0.005856330189591522,0.24990219576512876,0.24990219576512876,0.0,0.0017146338723390494,0.0,0.0005003808830335555,0.0,0.04944308563564248,0.00024430813144897496,0.001016540222800493,2.3252167310833337e-08,1.7162806771461763e-08,7.869104144428807e-05,0.3255899158505148
0.0,0.03282126890181292,0.028981498775684247,4750,0.2404536341041631,0.24045363434461672,0.2818692036117504,0.2818692036117504,0.15,0.4318692036117504,0.0,0.03424291908494948,0.5787557017699358,0.0,0.027126486422063903,0.00033098738713031883,0.0,0.05005001346030534,1.2237186032950889,0.0005893493955310974,0.10178668811232616,0.01691461083399659,-0.01691461083399659,0.5,0.4830853891660034,0.02342717264279018,0.06820015485981101,-0.06820015485981101,0.8,0.731799845140189,0.10143721311967223,0.12457713277398742,0.05013293877655872,1.2239038605664465,0.25572407366721267,0.25572407366721267,6.879679731562151e-07,0.3,0.5557240736672127,1.5622335345985022e-06,0.007182748963781179,0.3162397164140917,True,0.12455827604803463,0.3732389802357587,0.3732389802357587,0.2,0.5732389802357587,0.0,0.01641063445090646,0.00579629975513685,0.2404536341041631,0.2404536341041631,0.0,0.0017121459542474742,0.0,0.0004964810806954783,0.0,0.05005001346030534,0.00023427172642790178,0.0010143721311967223,2.0639039194686453e-08,1.5622335345985024e-08,7.18274896378118e-05,0.3162397164140917
0.0,0.03241329566208073,0.028835153569849722,4775,0.23533513736849385,0.23533513760382896,0.27578889457014244,0.27578889457014244,0.15,0.42578889457014246,0.0,0.03422062824087042,0.5647047697171008,0.0,0.027168075423170547,0.000329910632439741,0.0,0.05072506124308887,1.2252222485525994,0.0005919036813292841,0.10178668811232616,0.023949479529951023,-0.023949479529951023,0.5,0.476050520470049,0.022887769678454607,0.040523629149255,-0.040523629149255,0.8,0.759476370850745,0.10133587544830257,0.12473043654671429,0.05080966284220579,1.2254099883372647,0.24110589777735342,0.24110589777735342,6.473169811293701e-07,0.3,0.5411058977773534,1.489207637819755e-06,0.006856173074724186,0.3115506070108968,True,0.12471132713392888,0.3748410657260473,0.3748410657260473,0.2,0.5748410657260473,0.0,0.016206647831040366,0.005767030713969945,0.23533513736849385,0.23533513736849385,0.0,0.0017110314120435208,0.0,0.0004948659486596115,0.0,0.05072506124308887,0.00022887769678454607,0.0010133587544830258,1.9419509433881103e-08,1.489207637819755e-08,6.856173074724186e-05,0.3115506070108968
0.0,0.029531562847362913,0.02776842535129517,4800,0.2540343774157155,0.25403437766974984,0.24141149432622014,0.24141149432622014,0.15,0.39141149432622013,0.0,0.03405601264067211,0.46459557704747534,0.0,0.02739315088598235,0.00032491160600367925,0.0,0.05925448473546106,1.2434224409035886,0.000613805699835783,0.10178668811232616,0.22458252711053855,-0.22458252711053855,0.5,0.27541747288946145,0.019615926976269415,0.12615252214276385,0.12615252214276385,0.8,0.9261525221427639,0.10060120502484138,0.12659124428462432,0.059385513794405695,1.2436914315161813,0.2272342781858972,0.2272342781858972,4.0085131845437225e-07,0.3,0.5272342781858972,1.0275041514867852e-06,0.004773642128708906,0.3370484267280355,True,0.1265638646183453,0.38262335016104926,0.38262335016104926,0.2,0.5826233501610493,0.0,0.014765781423681457,0.005553685070259034,0.2540343774157155,0.2540343774157155,0.0,0.0017028006320336055,0.0,0.00048736740900551885,0.0,0.05925448473546106,0.00019615926976269415,0.0010060120502484139,1.2025539553631167e-08,1.0275041514867853e-08,4.773642128708906e-05,0.3370484267280355
0.0,0.03171057060658877,0.02858040253802705,4825,0.23175898436189823,0.23175898459365724,0.2657682442188225,0.2657682442188225,0.15,0.4157682442188225,0.0,0.03417894651007782,0.54066656218953,0.0,0.02721950328758097,0.00032822188706816953,0.0,0.05205258805233563,1.2281503628143853,0.000596258409251168,0.10178668811232616,0.05422049379103655,-0.05422049379103655,0.5,0.44577950620896345,0.022063585647737718,0.018565102762966967,-0.018565102762966967,0.8,0.7814348972370331,0.10115382433121678,0.12502400990192636,0.05211823714860531,1.2282941899142537,0.2299192566619384,0.2299192566619384,5.814000164563651e-07,0.3,0.5299192566619384,1.3691965831542368e-06,0.006317958754336387,0.3088796032025391,True,0.12500937021633168,0.3765381594111516,0.3765381594111516,0.2,0.5765381594111516,0.0,0.015855285303294386,0.005716080507605411,0.23175898436189823,0.23175898436189823,0.0,0.0017089473255038911,0.0,0.0004923328306022543,0.0,0.05205258805233563,0.00022063585647737717,0.001011538243312168,1.744200049369095e-08,1.3691965831542369e-08,6.317958754336387e-05,0.3088796032025391
0.0,0.031276437539481616,0.02842116620447031,4850,0.22787577082268984,0.2278757710505656,0.2593112082031228,0.2593112082031228,0.15,0.40931120820312283,0.0,0.03415367730582492,0.5285793446603316,0.0,0.027067417002814148,0.0003259699470326384,0.0,0.05296459584141531,1.2301403829001232,0.0005963290972929895,0.10178668811232616,0.010375828490160388,0.010375828490160388,0.5,0.5103758284901604,0.021626186068243555,0.011278908214241157,-0.011278908214241157,0.8,0.7887210917857589,0.10104663361765151,0.1252229988136817,0.053014670983818186,1.2302491498004242,0.22743970227867777,0.22743970227867777,5.493240315469451e-07,0.3,0.5274397022786778,1.3114004906663688e-06,0.006049491473338742,0.30564671016589834,True,0.12521192779003615,0.37474103418188615,0.37474103418188615,0.2,0.5747410341818862,0.0,0.015638218769740808,0.005684233240894062,0.22787577082268984,0.22787577082268984,0.0,0.0017076838652912462,0.0,0.0004889549205489576,0.0,0.05296459584141531,0.00021626186068243557,0.001010466336176515,1.647972094640835e-08,1.3114004906663688e-08,6.0494914733387425e-05,0.30564671016589834
0.0,0.029929816532415,0.02791929259993412,4875,0.23177743934486505,0.23177743957664249,0.23232937112039206,0.23232937112039206,0.15,0.38232937112039206,0.0,0.03411018609113596,0.48558560898944253,0.0,0.026487631561977292,0.00032581997740331007,0.0,0.04702052730971192,1.2168421714282347,0.0006119174747750425,0.10178668811232616,0.03765980258162299,-0.03765980258162299,0.5,0.462340197418377,0.020267037661973786,0.15640652843180836,-0.15640652843180836,0.8,0.6435934715681917,0.10075880648651958,0.12387558716151646,0.0470940125027357,1.2170115492381355,0.2209660572478807,0.2209660572478807,4.433087989372804e-07,0.3,0.5209660572478807,1.11653948563687e-06,0.005140634716706267,0.3028026619647438,True,0.12385834675351316,0.3740584305640942,0.3740584305640942,0.2,0.5740584305640942,0.0,0.0149649082662075,0.005583858519986825,0.23177743934486505,0.23177743934486505,0.0,0.0017055093045567982,0.0,0.0004887299661049652,0.0,0.04702052730971192,0.00020267037661973787,0.001007588064865196,1.3299263968118411e-08,1.11653948563687e-08,5.140634716706267e-05,0.3028026619647438
0.0,0.030450838842932648,0.02811501073160166,4900,0.22594253033425601,0.22594253056019853,0.24255914184268243,0.24255914184268243,0.15,0.3925591418426824,0.0,0.034125565009419975,0.5024442788005108,0.0,0.026699513281252234,0.0003256070768978654,0.0,0.04874204861460379,1.220776014581756,0.0006052697751129734,0.10178668811232616,0.009135708158759137,-0.009135708158759137,0.5,0.49086429184124086,0.020702566186512818,0.08108318368751688,-0.08108318368751688,0.8,0.7189168163124832,0.1008674028037427,0.12427260463959752,0.048802126823025246,1.220912034129029,0.22332418595364706,0.22332418595364706,4.833486313904775e-07,0.3,0.523324185953647,1.1910198631082951e-06,0.005487369457726943,0.2989982891776017,True,0.12425875965900188,0.37401011004510026,0.37401011004510026,0.2,0.5740101100451003,0.0,0.015225419421466324,0.005623002146320333,0.22594253033425601,0.22594253033425601,0.0,0.0017062782504709989,0.0,0.0004884106153467981,0.0,0.04874204861460379,0.0002070256618651282,0.0010086740280374272,1.4500458941714326e-08,1.1910198631082952e-08,5.487369457726943e-05,0.2989982891776017
0.0,0.029975541932799166,0.027936647710455256,4925,0.22418259272252056,0.22418259294670315,0.23410231473375023,0.23410231473375023,0.15,0.3841023147337502,0.0,0.03411341631585927,0.48599153346168467,0.0,0.026608161980697598,0.00032628158330477686,0.0,0.04717598897971705,1.217200342954879,0.0006121942211115572,0.10178668811232616,0.0262431574926843,-0.0262431574926843,0.5,0.4737568425073157,0.020296816259625757,0.07292608470625539,-0.07292608470625539,0.8,0.7270739152937447,0.100771515075757,0.12391192130363235,0.04724907035606066,1.2173685127981067,0.22250273726353503,0.22250273726353503,4.4450192694680034e-07,0.3,0.522502737263535,1.118173273478134e-06,0.005151085644162555,0.2953909940880644,True,0.12389480385056814,0.37546091128411846,0.37546091128411846,0.2,0.5754609112841185,0.0,0.014987770966399583,0.005587329542091051,0.22418259272252056,0.22418259272252056,0.0,0.0017056708157929636,0.0,0.0004894223749571654,0.0,0.04717598897971705,0.00020296816259625757,0.00100771515075757,1.333505780840401e-08,1.1181732734781341e-08,5.1510856441625545e-05,0.2953909940880644
0.0,0.0269911435641621,0.02677542471609905,4950,0.21320165193272614,0.2132016521459278,0.19561613500687972,0.19561613500687972,0.15,0.3456161350068797,0.0,0.034001116255537214,0.3901621373121627,0.0,0.026143703048755233,0.00033000882996359504,0.0,0.04618685357924308,1.2149112690838781,0.0006531581412269639,0.10178668811232616,0.0433034149189474,-0.0433034149189474,0.5,0.4566965850810526,0.017497213164728995,0.0474244357002922,0.0474244357002922,0.8,0.8474244357002922,0.10010218387825963,0.12367689744059003,0.04625060090282743,1.215059528742224,0.21055187756571098,0.21055187756571098,2.484982043620924e-07,0.3,0.510551877565711,7.307016514980506e-07,0.0033702528266001883,0.28164394255565084,True,0.12366180657950376,0.37490357976706007,0.37490357976706007,0.2,0.5749035797670601,0.0,0.01349557178208105,0.005355084943219811,0.21320165193272614,0.21320165193272614,0.0,0.0017000558127768608,0.0,0.0004950132449453926,0.0,0.04618685357924308,0.00017497213164728996,0.0010010218387825963,7.454946130862771e-09,7.307016514980506e-09,3.370252826600188e-05,0.28164394255565084
0.0,0.025974374088562402,0.02636244902214369,4975,0.20841104121661239,0.20841104142502345,0.1855395022057005,0.1855395022057005,0.15,0.3355395022057005,0.0,0.03396672895230365,0.3625326314159425,0.0,0.02582807197446357,0.00033190789663133487,0.0,0.046997675053177854,1.2167894717304737,0.0006690328631709047,0.10178668811232616,0.0320464388226997,-0.0320464388226997,0.5,0.4679535611773003,0.01703426496981002,0.00019538571270627525,0.00019538571270627525,0.8,0.8001953857127063,0.0998843499738136,0.12386778962000479,0.04706076930056553,1.2169349425532123,0.2049831371840098,0.2049831371840098,1.9832713043796653e-07,0.3,0.5049831371840098,6.236912702034669e-07,0.0028822221102496066,0.2770626119683277,True,0.12385298262528656,0.37377239747469676,0.37377239747469676,0.2,0.5737723974746968,0.0,0.012987187044281201,0.005272489804428738,0.20841104121661239,0.20841104121661239,0.0,0.0016983364476151825,0.0,0.0004978618449470023,0.0,0.046997675053177854,0.0001703426496981002,0.000998843499738136,5.949813913138996e-09,6.236912702034669e-09,2.8822221102496066e-05,0.2770626119683277
0.0,0.024382760869589237,0.02569636140605757,5000,0.20798355171147367,0.20798355191945722,0.17419276415097176,0.17419276415097176,0.15,0.32419276415097176,0.0,0.03391688194064084,0.32074025984565074,0.0,0.025426307285540063,0.00033757168228423036,0.0,0.04943476591659999,1.2223393035803611,0.0006995126408287629,0.10178668811232616,0.0424047550527939,-0.0424047550527939,0.5,0.4575952449472061,0.016190630773319087,0.0862353940265509,0.0862353940265509,0.8,0.8862353940265509,0.09954589274047156,0.12442937739634141,0.04948500033427596,1.2224522428169156,0.19540002099835319,0.19540002099835319,1.3345326509488098e-07,0.3,0.4954000209983532,4.7458520319985004e-07,0.0022146159024960294,0.2781306921081511,True,0.12441788168436521,0.3721918801135416,0.3721918801135416,0.2,0.5721918801135416,0.0,0.012191380434794619,0.005139272281211514,0.20798355171147367,0.20798355171147367,0.0,0.001695844097032042,0.0,0.0005063575234263455,0.0,0.04943476591659999,0.00016190630773319086,0.0009954589274047156,4.003597952846429e-09,4.745852031998501e-09,2.2146159024960295e-05,0.2781306921081511
0.0,0.02390697989606949,0.02549223744356623,5025,0.20338940524630966,0.20338940544969905,0.1709756236225705,0.1709756236225705,0.15,0.3209756236225705,0.0,0.033900180822245427,0.30933091190396705,0.0,0.025270105121679855,0.0003392422853230112,0.0,0.050677385610419005,1.2251163823679188,0.0007087735446817771,0.10178668811232616,0.055305294257176674,-0.055305294257176674,0.5,0.4446947057428233,0.016046054676278416,0.010206268900361248,-0.010206268900361248,0.8,0.7897937310996388,0.09944227845551291,0.12471590353341946,0.050745315556897756,1.2252672092358268,0.19171308333542264,0.19171308333542264,1.1814366170012182e-07,0.3,0.49171308333542263,4.363936215005039e-07,0.0020474761129180455,0.2744979667632666,True,0.12470055136454848,0.3710617705356743,0.3710617705356743,0.2,0.5710617705356743,0.0,0.011953489948034746,0.005098447488713246,0.20338940524630966,0.20338940524630966,0.0,0.0016950090411122715,0.0,0.0005088634279845168,0.0,0.050677385610419005,0.00016046054676278416,0.0009944227845551292,3.5443098510036547e-09,4.363936215005039e-09,2.0474761129180455e-05,0.2744979667632666
0.0,0.023609160206747082,0.025363172690214743,5050,0.2024000490333072,0.20240004923570723,0.17060553640714685,0.17060553640714685,0.15,0.32060553640714684,0.0,0.03388736355069446,0.30250017928612405,0.0,0.02520199047520585,0.0003404970722714944,0.0,0.05177991317736438,1.2275520010401235,0.000714755674322673,0.10178668811232616,0.04551568760453267,-0.04551568760453267,0.5,0.4544843123954673,0.015973758182354407,0.04053743427224821,0.04053743427224821,0.8,0.8405374342722483,0.09937080777459288,0.12496465633314931,0.05185233266183702,1.227711072769501,0.18875296026627736,0.18875296026627736,1.0953744271140886e-07,0.3,0.48875296026627735,4.1424822534121167e-07,0.0019518641942120425,0.274435262368147,True,0.12494846494705295,0.36929664119179334,0.36929664119179334,0.2,0.5692966411917934,0.0,0.011804580103373541,0.005072634538042949,0.2024000490333072,0.2024000490333072,0.0,0.001694368177534723,0.0,0.0005107456084072416,0.0,0.05177991317736438,0.00015973758182354406,0.0009937080777459289,3.286123281342266e-09,4.1424822534121166e-09,1.9518641942120424e-05,0.274435262368147
0.0,0.023756079010862408,0.025426961226025536,5075,0.20254223688128398,0.20254223708382624,0.17075878724674706,0.17075878724674706,0.15,0.32075878724674706,0.0,0.03389366332608505,0.3058543151824413,0.0,0.025235655387185998,0.0003398671057582853,0.0,0.05121616018240831,1.2263098764579405,0.0007117780756549631,0.10178668811232616,0.05048549349346948,-0.05048549349346948,0.5,0.4495145065065305,0.015998090602990483,0.01443521158013883,0.01443521158013883,0.8,0.8144352115801389,0.0994060243682935,0.1248381020383521,0.051287639229611014,1.2264677443469842,0.1902065156915107,0.1902065156915107,1.1370405110354915e-07,0.3,0.4902065156915107,4.2505806933438326e-07,0.0019984059805870365,0.27410034551049123,True,0.12482203318718837,0.3701655664624643,0.3701655664624643,0.2,0.5701655664624643,0.0,0.011878039505431204,0.005085392245205107,0.20254223688128398,0.20254223688128398,0.0,0.0016946831663042527,0.0,0.0005098006586374279,0.0,0.05121616018240831,0.00015998090602990482,0.0009940602436829351,3.4111215331064744e-09,4.250580693343833e-09,1.9984059805870367e-05,0.27410034551049123
0.0,0.02422316604610586,0.02562751009764428,5100,0.19974593325966786,0.1997459334594138,0.17549973375846736,0.17549973375846736,0.15,0.32549973375846736,0.0,0.03388510420533318,0.31883297142031164,0.0,0.02540090659402555,0.0003370111674988293,0.0,0.0515001571599103,1.2269364606225943,0.0006990145265185375,0.10178668811232616,0.020970925325237866,-0.020970925325237866,0.5,0.47902907467476213,0.016123528128284527,0.03958682119074797,-0.03958682119074797,0.8,0.7604131788092521,0.09945230244736793,0.12489859563601143,0.05155717984857542,1.2270620616672354,0.1874605729619287,0.1874605729619287,1.3051375393481563e-07,0.3,0.4874605729619287,4.686317317584298e-07,0.0021889581578783757,0.2718606039127401,True,0.12488581112039795,0.3626894961015143,0.3626894961015143,0.2,0.5626894961015143,0.0,0.01211158302305293,0.0051255020195288565,0.19974593325966786,0.19974593325966786,0.0,0.001694255210266659,0.0,0.0005055167512482439,0.0,0.0515001571599103,0.00016123528128284527,0.0009945230244736794,3.915412618044469e-09,4.686317317584298e-09,2.1889581578783758e-05,0.2718606039127401
0.0,0.024004130994114248,0.025533495846057304,5125,0.19875745763728894,0.19875745783604643,0.17374567831227647,0.17374567831227647,0.15,0.32374567831227646,0.0,0.033879220611440136,0.31326582874560027,0.0,0.025361121670840803,0.0003381930624843653,0.0,0.05160685415708712,1.2271714202030861,0.0007040713039185435,0.10178668811232616,0.027923983660339435,-0.027923983660339435,0.5,0.47207601633966056,0.016055584304249956,0.026190913812422556,-0.026190913812422556,0.8,0.7738090861875775,0.09940631988375714,0.12492398029637838,0.05167049639728485,1.2273114524111903,0.1858441654311493,0.1858441654311493,1.2299995417737002e-07,0.3,0.4858441654311493,4.499802750318424e-07,0.0021075320482761947,0.2708500296371074,True,0.12490972688028608,0.36239661676187424,0.36239661676187424,0.2,0.5623966167618742,0.0,0.012002065497057124,0.005106699169211461,0.19875745763728894,0.19875745763728894,0.0,0.0016939610305720069,0.0,0.0005072895937265479,0.0,0.05160685415708712,0.00016055584304249958,0.0009940631988375715,3.6899986253211e-09,4.499802750318424e-09,2.107532048276195e-05,0.2708500296371074
0.0,0.020644813424365638,0.0240228448838102,5150,0.22763013363911364,0.22763013386674374,0.1573476231790907,0.1573476231790907,0.15,0.3073476231790907,0.0,0.03377775493855717,0.24822496107404973,0.0,0.024805755671888592,0.0003616769031639126,0.0,0.0602624924553446,1.245484200011619,0.000791730497686656,0.10178668811232616,0.06148237328671868,-0.06148237328671868,0.5,0.4385176267132813,0.015535768753403194,0.28784539546630017,-0.28784539546630017,0.8,0.5121546045336999,0.09867049608191182,0.12679078839256086,0.060344829398304364,1.2456518459086037,0.15971641369660927,0.15971641369660927,5.9582325681607874e-08,0.3,0.45971641369660926,2.4383714407178346e-07,0.00129145414021169,0.30640598630067334,True,0.1267737242702547,0.3495350168160906,0.3495350168160906,0.2,0.5495350168160906,0.0,0.010322406712182819,0.0048045689767620406,0.22763013363911364,0.22763013363911364,0.0,0.0016888877469278586,0.0,0.0005425153547458689,0.0,0.0602624924553446,0.00015535768753403194,0.0009867049608191182,1.7874697704482362e-09,2.4383714407178347e-09,1.29145414021169e-05,0.30640598630067334
0.0,0.02133900679934675,0.024346265853393226,5175,0.20502211300236312,0.20502211320738523,0.1609965984960087,0.1609965984960087,0.15,0.3109965984960087,0.0,0.03379865138214757,0.2577188642324055,0.0,0.02491518227447371,0.00035552276363262533,0.0,0.05785315866650852,1.240526835647311,0.0007708027256796458,0.10178668811232616,0.046773267469170765,-0.046773267469170765,0.5,0.45322673253082923,0.015504010771883793,0.1725449919150397,-0.1725449919150397,0.8,0.6274550080849604,0.09882564937113092,0.12628192059962381,0.05791362159426699,1.2406524913527117,0.16582191672294277,0.16582191672294277,6.472001730286254e-08,0.3,0.46582191672294276,2.7454775094640354e-07,0.001392870640286994,0.281794474948691,True,0.12626913052027208,0.35326195513025477,0.35326195513025477,0.2,0.5532619551302548,0.0,0.010669503399673375,0.004869253170678645,0.20502211300236312,0.20502211300236312,0.0,0.0016899325691073785,0.0,0.000533284145448938,0.0,0.05785315866650852,0.00015504010771883792,0.000988256493711309,1.9416005190858763e-09,2.7454775094640355e-09,1.3928706402869941e-05,0.281794474948691
0.0,0.0231509318505978,0.025162240717386007,5200,0.195701192361725,0.1957011925574262,0.16861302917267104,0.16861302917267104,0.15,0.31861302917267104,0.0,0.03385131492163416,0.2930862931562724,0.0,0.025216123043281618,0.00034296266833464857,0.0,0.0530009656731514,1.2302193859629362,0.0007237169643329056,0.10178668811232616,0.04485339520228038,-0.04485339520228038,0.5,0.4551466047977196,0.01587136087948017,0.016910892527294386,-0.016910892527294386,0.8,0.7830891074727057,0.0992161641351013,0.12523498645249848,0.05306891873135118,1.2303669219557165,0.17802182028501168,0.17802182028501168,9.795993215886562e-08,0.3,0.47802182028501167,3.844020703204459e-07,0.0018269194467864368,0.26868623307966855,True,0.12521996925094064,0.359269893520706,0.359269893520706,0.2,0.559269893520706,0.0,0.0115754659252989,0.005032448143477202,0.195701192361725,0.195701192361725,0.0,0.001692565746081708,0.0,0.0005144440025019729,0.0,0.0530009656731514,0.0001587136087948017,0.000992161641351013,2.9387979647659684e-09,3.844020703204459e-09,1.826919446786437e-05,0.26868623307966855
0.0,0.023066064359744454,0.025124815874882335,5225,0.19573214118139481,0.19573214137712697,0.16741323304293346,0.16741323304293346,0.15,0.31741323304293345,0.0,0.03384799089319969,0.2910430830412064,0.0,0.025262850194050113,0.00034395409824073737,0.0,0.052596169457321366,1.2293385476916634,0.0007262675033595746,0.10178668811232616,0.05069269385544373,-0.05069269385544373,0.5,0.4493073061445563,0.015847988792359997,0.04434410630933838,-0.04434410630933838,0.8,0.7556558936906617,0.09919237090602541,0.12514478478760782,0.05266140944616171,1.2294807387258497,0.1760691961163539,0.1760691961163539,9.560614342334981e-08,0.3,0.4760691961163539,3.7821844423911674e-07,0.0018017332587353277,0.26826306426552593,True,0.12513031163173682,0.3577592129445946,0.3577592129445946,0.2,0.5577592129445946,0.0,0.011533032179872227,0.005024963174976468,0.19573214118139481,0.19573214118139481,0.0,0.0016923995446599845,0.0,0.000515931147361106,0.0,0.052596169457321366,0.0001584798879236,0.0009919237090602541,2.868184302700494e-09,3.782184442391167e-09,1.8017332587353278e-05,0.26826306426552593
0.0,0.02054573606476706,0.023976078136978198,5250,0.19177955331578697,0.19177955350756654,0.15513780816983655,0.15513780816983655,0.15,0.30513780816983654,0.0,0.03381427743359597,0.24624139697547232,0.0,0.025876832274750346,0.0003683550712627765,0.0,0.05631922479069268,1.2373167183126648,0.0008029233350670243,0.10178668811232616,0.05958170363183046,-0.05958170363183046,0.5,0.44041829636816954,0.01554601941624669,0.12536957668372584,-0.12536957668372584,0.8,0.6746304233162742,0.09869796776063702,0.12596010460135604,0.056401890000710705,1.2374908208767461,0.15086937288192914,0.15086937288192914,5.791554605189855e-08,0.3,0.45086937288192913,2.386682934704334e-07,0.001306658597428632,0.26656561882672525,True,0.1259423832762253,0.34322029129227255,0.34322029129227255,0.2,0.5432202912922726,0.0,0.01027286803238353,0.00479521562739564,0.19177955331578697,0.19177955331578697,0.0,0.0016907138716797986,0.0,0.0005525326068941648,0.0,0.05631922479069268,0.0001554601941624669,0.0009869796776063703,1.7374663815569564e-09,2.3866829347043344e-09,1.306658597428632e-05,0.26656561882672525
0.0,0.018656723284538934,0.02305975030446643,5275,0.18716572637568515,0.18716572656285088,0.1455695348049553,0.1455695348049553,0.15,0.2955695348049553,0.0,0.03387463887832949,0.23912902453373167,0.0,0.027670601530533204,0.0004012033265930515,0.0,0.06609860649369266,1.2570964925736885,0.0008853142841879436,0.10178668811232616,0.050170298244489764,-0.050170298244489764,0.5,0.44982970175551024,0.015645189353339462,0.17390975439463718,-0.17390975439463718,0.8,0.6260902456053629,0.09845265252751519,0.12797275903598154,0.06618480522827332,1.2572640768321013,0.12444320711992268,0.12444320711992268,7.242778799802229e-08,0.3,0.42444320711992267,1.9714427744527943e-07,0.0014037653887711515,0.2706552017233193,True,0.12795570118766209,0.32514117431945183,0.32514117431945183,0.2,0.5251411743194518,0.0,0.009328361642269467,0.004611950060893286,0.18716572637568515,0.18716572637568515,0.0,0.0016937319439164747,0.0,0.0006018049898895773,0.0,0.06609860649369266,0.00015645189353339462,0.0009845265252751518,2.1728336399406687e-09,1.9714427744527944e-09,1.4037653887711516e-05,0.2706552017233193
0.0,0.019906985225279228,0.023671947827801576,5300,0.1889865797329693,0.18898657992195592,0.14991631374067452,0.14991631374067452,0.15,0.2999163137406745,0.0,0.033831843242740925,0.24054060002520483,0.0,0.026468653160526403,0.0003788514510831997,0.0,0.05736281241313995,1.239505349445769,0.000829497583410458,0.10178668811232616,0.029884120036749007,-0.029884120036749007,0.5,0.470115879963251,0.015455878158397373,0.1472206922470245,-0.1472206922470245,0.8,0.6527793077529755,0.09860880055439995,0.12618052267016594,0.05743514730497769,1.2396563107973118,0.1407219155148245,0.1407219155148245,5.784755238243424e-08,0.3,0.4407219155148245,2.1721394413372865e-07,0.0012873686241125963,0.26445066804400624,True,0.12616515681264984,0.33724632757848,0.33724632757848,0.2,0.53724632757848,0.0,0.009953492612639614,0.004734389565560316,0.1889865797329693,0.1889865797329693,0.0,0.0016915921621370464,0.0,0.0005682771766247995,0.0,0.05736281241313995,0.00015455878158397374,0.0009860880055439995,1.7354265714730272e-09,2.1721394413372867e-09,1.2873686241125964e-05,0.26445066804400624
0.0,0.02075846795566294,0.024076165886357425,5325,0.18371842535967364,0.18371842554339207,0.14874347374249322,0.14874347374249322,0.15,0.2987434737424932,0.0,0.033879858933372115,0.24688767447727475,0.0,0.026861421040465037,0.00037480086872551633,0.0,0.052442791527946134,1.2290039115996627,0.0008082754208146057,0.10178668811232616,0.03859736936629532,-0.03859736936629532,0.5,0.4614026306337047,0.015535291596458535,0.08334522919291598,-0.08334522919291598,0.8,0.7166547708070841,0.09882884480547194,0.1251150069292229,0.052527225131572965,1.2291881871553876,0.14703734031437776,0.14703734031437776,5.687928269346205e-08,0.3,0.44703734031437775,2.435376876486785e-07,0.0013535612905465689,0.25476905941115974,True,0.12509625012886286,0.3414403532709434,0.3414403532709434,0.2,0.5414403532709434,0.0,0.01037923397783147,0.004815233177271485,0.18371842535967364,0.18371842535967364,0.0,0.0016939929466686058,0.0,0.0005622013030882746,0.0,0.052442791527946134,0.00015535291596458536,0.0009882884480547193,1.7063784808038615e-09,2.435376876486785e-09,1.3535612905465689e-05,0.25476905941115974
0.0,0.021095328971824645,0.024233659136135836,5350,0.1895227277954411,0.1895227279849638,0.1442614486283089,0.1442614486283089,0.15,0.2942614486283089,0.0,0.03391789035489678,0.24991501872708716,0.0,0.0269181194603302,0.00037448405131800205,0.0,0.04823875516333246,1.2196332287322036,0.0008022472745938928,0.10178668811232616,0.12572893431791832,-0.12572893431791832,0.5,0.3742710656820817,0.015508352473577744,0.007022460217497639,0.007022460217497639,0.8,0.8070224602174977,0.0989548376814098,0.12415851034940287,0.04830813581702865,1.2197911186036157,0.15175326095912423,0.15175326095912423,5.78531329173378e-08,0.3,0.4517532609591242,2.5534039404571845e-07,0.0013918243161715519,0.2565720543003444,True,0.12414243926072645,0.34626120843955494,0.34626120843955494,0.2,0.546261208439555,0.0,0.010547664485912323,0.004846731827227168,0.1895227277954411,0.1895227277954411,0.0,0.001695894517744839,0.0,0.0005617260769770031,0.0,0.04823875516333246,0.00015508352473577746,0.000989548376814098,1.7355939875201338e-09,2.5534039404571844e-09,1.391824316171552e-05,0.2565720543003444
0.0,0.020914396777730992,0.024149252206400053,5375,0.18303487533992266,0.18303487552295752,0.1465040914312851,0.1465040914312851,0.15,0.2965040914312851,0.0,0.03389738869026793,0.24820650020820112,0.0,0.026887696393854275,0.00037461737582347157,0.0,0.050343802122685195,1.224374245676025,0.0008054063549296017,0.10178668811232616,0.060889431002769334,-0.060889431002769334,0.5,0.43911056899723067,0.0155171248106966,0.04421831404836485,-0.04421831404836485,0.8,0.7557816859516352,0.09888701243993306,0.12464260151397738,0.05042138036077159,1.2245470560055767,0.1492267591668448,0.1492267591668448,5.7226983350614536e-08,0.3,0.4492267591668448,2.488520929653429e-07,0.001370504710814637,0.2520802724159469,True,0.1246250117211326,0.3436771329690937,0.3436771329690937,0.2,0.5436771329690937,0.0,0.010457198388865496,0.004829850441280011,0.18303487533992266,0.18303487533992266,0.0,0.0016948694345133965,0.0,0.0005619260637352074,0.0,0.050343802122685195,0.000155171248106966,0.0009888701243993307,1.7168095005184361e-09,2.488520929653429e-09,1.370504710814637e-05,0.2520802724159469
0.0,0.02050493984054036,0.023957070231993054,5400,0.18221916101825306,0.1822191612004722,0.14354440979107733,0.14354440979107733,0.15,0.2935444097910773,0.0,0.03390084224315669,0.24371898047979243,0.0,0.026896698616567394,0.00037870336997484897,0.0,0.05051833198781718,1.2247628349790445,0.000818231711436066,0.10178668811232616,0.06707230753037363,-0.06707230753037363,0.5,0.43292769246962637,0.015606187733766078,0.045918225766281795,-0.045918225766281795,0.8,0.7540817742337182,0.09882732628807174,0.12468271186188562,0.05059850691468624,1.2249411187726384,0.14629003608166835,0.14629003608166835,5.589448706562031e-08,0.3,0.44629003608166834,2.334141471394356e-07,0.0013388050330015652,0.25120220134138366,True,0.12466456494320874,0.34264582794629433,0.34264582794629433,0.2,0.5426458279462943,0.0,0.01025246992027018,0.004791414046398611,0.18221916101825306,0.18221916101825306,0.0,0.0016950421121578346,0.0,0.0005680550549622735,0.0,0.05051833198781718,0.00015606187733766078,0.0009882732628807174,1.6768346119686092e-09,2.334141471394356e-09,1.3388050330015652e-05,0.25120220134138366
0.0,0.019042533956390217,0.023251014492879855,5425,0.17384096326411752,0.1738409634379585,0.13811020417254152,0.13811020417254152,0.15,0.2881102041725415,0.0,0.03396266860124807,0.23768138038822673,0.0,0.027465053326698064,0.00039645535754058827,0.0,0.052101894238881445,1.2282583935781584,0.0008678844600687708,0.10178668811232616,0.06747275378806289,-0.06747275378806289,0.5,0.4325272462119371,0.015642175799529322,0.03542676541089829,-0.03542676541089829,0.8,0.7645732345891018,0.09869662634129779,0.12503199066111442,0.05215404288471893,1.2283725966150907,0.13064835263745983,0.13064835263745983,6.336636572742143e-08,0.3,0.4306483526374598,2.022836683287924e-07,0.0014313423255403997,0.24356484921463467,True,0.1250203663110707,0.3303821334311248,0.3303821334311248,0.2,0.5303821334311248,0.0,0.009521266978195109,0.004650202898575971,0.17384096326411752,0.17384096326411752,0.0,0.0016981334300624033,0.0,0.0005946830363108824,0.0,0.052101894238881445,0.00015642175799529323,0.000986966263412978,1.900990971822643e-09,2.022836683287924e-09,1.4313423255403997e-05,0.24356484921463467
0.0,0.01623157887453952,0.021798519016462993,5450,0.15585084240186126,0.1558508425577121,0.13215332133583899,0.13215332133583899,0.15,0.282153321335839,0.0,0.03419309805872836,0.26418287061649964,0.0,0.029165508564579435,0.00043756439826612303,0.0,0.05658115028911001,1.2378679261462335,0.0009794346448078971,0.10178668811232616,0.04712278747918369,-0.04712278747918369,0.5,0.4528772125208163,0.016205081955715715,0.03764136097852111,-0.03764136097852111,0.8,0.7623586390214789,0.09865129206576141,0.12601733029143136,0.056669246400804923,1.2380530327485977,0.11397083200857522,0.11397083200857522,1.4157912493243295e-07,0.3,0.4139708320085752,2.458887188322107e-07,0.0025512039070573166,0.22844756991741552,True,0.12599848890157792,0.29556073078946027,0.29556073078946027,0.2,0.4955607307894603,0.0,0.00811578943726976,0.004359703803292599,0.15585084240186126,0.15585084240186126,0.0,0.001709654902936418,0.0,0.0006563465973991845,0.0,0.05658115028911001,0.00016205081955715715,0.000986512920657614,4.247373747972988e-09,2.4588871883221072e-09,2.5512039070573165e-05,0.22844756991741552
0.0,0.013277202935046084,0.020104481521903143,5475,0.14594204108657222,0.14594204123251425,0.13683059298321323,0.13683059298321323,0.15,0.28683059298321323,0.0,0.03446980204887677,0.32695875441895694,0.0,0.029896865894450515,0.00047473166745222683,0.0,0.05708344477306678,1.2389214196615004,0.00110012506872812,0.10178668811232616,0.021237924815311615,0.021237924815311615,0.5,0.5212379248153116,0.01743278005968583,0.08144246089323648,0.08144246089323648,0.8,0.8814424608932365,0.0987140836601136,0.12612684941138225,0.05718267848196855,1.2391289996674777,0.1371256980522415,0.1371256980522415,3.225200043877444e-07,0.3,0.4371256980522415,4.4780271916117977e-07,0.005198142803265028,0.21733403545402283,True,0.1261057205279797,0.2487677729656818,0.2487677729656818,0.2,0.4487677729656818,0.0,0.006638601467523042,0.004020896304380629,0.14594204108657222,0.14594204108657222,0.0,0.0017234901024438386,0.0,0.0007120975011783402,0.0,0.05708344477306678,0.0001743278005968583,0.000987140836601136,9.675600131632331e-09,4.478027191611798e-09,5.1981428032650274e-05,0.21733403545402283
0.0,0.013477651631686571,0.020217014802977596,5500,0.11374992349865758,0.11374992361240749,0.11259237525550644,0.11259237525550644,0.15,0.26259237525550644,0.0,0.03538767947462969,0.3678749073328455,0.0,0.03517921604316389,0.0005241331641564083,0.0,0.06660069034699466,1.2580710955279468,0.001159781258834295,0.10178668811232616,0.002026996409566051,0.002026996409566051,0.5,0.502026996409566,0.01683538213080576,0.13361203458927473,-0.13361203458927473,0.8,0.6663879654107253,0.10046295270976704,0.1280831273803606,0.06674388902823701,1.2583483869278789,0.06298286573106276,0.06298286573106276,2.800582069773515e-07,0.3,0.36298286573106275,4.768453006922631e-07,0.007802231537200224,0.19493944517603407,True,0.12805490280434656,0.1737672488308395,0.1737672488308395,0.2,0.3737672488308395,0.0,0.006738825815843286,0.0040434029605955196,0.11374992349865758,0.11374992349865758,0.0,0.0017693839737314846,0.0,0.0007861997462346124,0.0,0.06660069034699466,0.0001683538213080576,0.0010046295270976706,8.401746209320544e-09,4.768453006922631e-09,7.802231537200224e-05,0.19493944517603407
0.0,0.011483390254380721,0.018957927786359987,5525,0.10979151809655341,0.10979151820634493,0.12523899746896708,0.12523899746896708,0.15,0.2752389974689671,0.0,0.035771739540401165,0.4442786161196624,0.0,0.03575304791367177,0.0005549763123212292,0.0,0.08056506600426419,1.2838398597876348,0.0012603153071421799,0.10178668811232616,0.03770855126156103,0.03770855126156103,0.5,0.537708551261561,0.017704510385036655,0.13416140460875736,0.13416140460875736,0.8,0.9341614046087574,0.10094625524400413,0.1307014034217189,0.08069664667616683,1.284071552036044,0.07827458530831444,0.07827458530831444,4.6557654333775933e-07,0.3,0.3782745853083144,7.26461846547689e-07,0.011547892499974507,0.20381292404398677,True,0.13067782023277513,0.13797808823581315,0.13797808823581315,0.2,0.33797808823581316,0.0,0.0057416951271903605,0.0037915855572719977,0.10979151809655341,0.10979151809655341,0.0,0.0017885869770200584,0.0,0.0008324644684818438,0.0,0.08056506600426419,0.00017704510385036656,0.0010094625524400414,1.396729630013278e-08,7.26461846547689e-09,0.00011547892499974508,0.20381292404398677
0.0,0.01271081859087364,0.01974632625418697,5550,0.09471964812698512,0.09471964822170478,0.11520913833264276,0.11520913833264276,0.15,0.26520913833264276,0.0,0.03552668684445271,0.39597625368384637,0.0,0.03538073320709928,0.0005353308372123446,0.0,0.06944215545183749,1.2635187952534648,0.0011961461929271438,0.10178668811232616,0.027775427315519963,0.027775427315519963,0.5,0.52777542731552,0.01695072923650215,0.023088824548385456,-0.023088824548385456,0.8,0.7769111754516146,0.10062921531994799,0.12863625219184963,0.06958123003239322,1.2637825430774243,0.06806295574110222,0.06806295574110222,3.429278372637961e-07,0.3,0.3680629557411022,5.602742956604135e-07,0.009096406100863872,0.1783125881202892,True,0.12860940617171446,0.16015236219009193,0.16015236219009193,0.2,0.36015236219009195,0.0,0.00635540929543682,0.003949265250837395,0.09471964812698512,0.09471964812698512,0.0,0.0017763343422226357,0.0,0.0008029962558185168,0.0,0.06944215545183749,0.0001695072923650215,0.00100629215319948,1.0287835117913881e-08,5.6027429566041345e-09,9.096406100863873e-05,0.1783125881202892
0.0,0.014660271534333469,0.020912269267881225,5575,0.09932870079378574,0.09932870089311444,0.09463393980917553,0.09463393980917553,0.15,0.24463393980917553,0.0,0.03511067777655852,0.3218587615919331,0.0,0.03291880619053807,0.0004869657272785897,0.0,0.050428124153580396,1.2245620719390975,0.0010715389828660625,0.10178668811232616,0.07532399901949632,-0.07532399901949632,0.5,0.4246760009805037,0.015540088500966373,0.0027613993299392403,0.0027613993299392403,0.8,0.8027613993299393,0.10013062092816225,0.12465737472850916,0.05048658247414816,1.2246921949560068,0.03465579888634346,0.03465579888634346,1.7794693782023109e-07,0.3,0.33465579888634345,3.568175023744838e-07,0.00596252568249154,0.16497173830555428,True,0.12464412993626955,0.18301097505549535,0.18301097505549535,0.2,0.38301097505549536,0.0,0.007330135767166734,0.004182453853576245,0.09932870079378574,0.09932870079378574,0.0,0.001755533888827926,0.0,0.0007304485909178846,0.0,0.050428124153580396,0.00015540088500966373,0.0010013062092816224,5.338408134606932e-09,3.568175023744838e-09,5.96252568249154e-05,0.16497173830555428
0.0,0.014133223859625121,0.020606501690125085,5600,0.09458727511758122,0.0945872752121685,0.09757823870969098,0.09757823870969098,0.15,0.24757823870969098,0.0,0.03518860450951915,0.3390910125821899,0.0,0.03327066781181168,0.0004968433717454698,0.0,0.05379776102964876,1.2319434436013417,0.0011001211510137548,0.10178668811232616,0.03223666914941842,-0.03223666914941842,0.5,0.4677633308505816,0.01600128691035163,0.012089594801703352,0.012089594801703352,0.8,0.8120895948017034,0.10019925225506951,0.12541638179847148,0.05389317419385575,1.2321490344452368,0.04487257127048627,0.04487257127048627,2.147583511561796e-07,0.3,0.34487257127048626,3.9872927587771803e-07,0.006607144832130689,0.16330573096818055,True,0.12539545538530927,0.17892272549311278,0.17892272549311278,0.2,0.3789227254931128,0.0,0.007066611929812561,0.004121300338025017,0.09458727511758122,0.09458727511758122,0.0,0.0017594302254759575,0.0,0.0007452650576182046,0.0,0.05379776102964876,0.0001600128691035163,0.0010019925225506951,6.442750534685387e-09,3.987292758777181e-09,6.607144832130689e-05,0.16330573096818055
0.0,0.014626651354200826,0.020891279438270596,5625,0.08996716147121503,0.0899671615611822,0.09443872988883145,0.09443872988883145,0.15,0.24443872988883145,0.0,0.03526952757646189,0.3316915550737256,0.0,0.03389218226803177,0.0004992435184911696,0.0,0.05279846071289225,1.2297791563934646,0.001087570798138017,0.10178668811232616,0.046292567888961855,-0.046292567888961855,0.5,0.45370743211103814,0.01561926293565098,0.01576933285415183,-0.01576933285415183,0.8,0.7842306671458482,0.10042498153475103,0.12518137656846062,0.0528265329118661,1.2298402334489462,0.020493232142212714,0.020493232142212714,1.7588996111175447e-07,0.3,0.3204932321422127,3.6837210669542556e-07,0.00649052739689121,0.15799490208451447,True,0.12517515973665272,0.1695291444849818,0.1695291444849818,0.2,0.3695291444849818,0.0,0.007313325677100413,0.004178255887654119,0.08996716147121503,0.08996716147121503,0.0,0.0017634763788230944,0.0,0.0007488652777367544,0.0,0.05279846071289225,0.00015619262935650982,0.0010042498153475102,5.2766988333526335e-09,3.683721066954256e-09,6.490527396891211e-05,0.15799490208451447
0.0,0.01291426118667538,0.019869750685404437,5650,0.07718196151034538,0.07718196158752734,0.09555406002352096,0.09555406002352096,0.15,0.24555406002352095,0.0,0.03546059967002597,0.3897780346584262,0.0,0.034896693658531056,0.0005222663456144818,0.0,0.05868193871043729,1.2422435524641209,0.0011647932652258338,0.10178668811232616,0.004509198207231169,-0.004509198207231169,0.5,0.49549080179276883,0.016261376198083148,0.03354629806991305,-0.03354629806991305,0.8,0.766453701930087,0.10052855851039366,0.12646510956152981,0.05878308148589761,1.2424522251617782,0.027584855311836298,0.027584855311836298,3.0037870401557646e-07,0.3,0.3275848553118363,5.23174767162417e-07,0.00893721417652413,0.15010869618508307,True,0.12644386945664907,0.1369236515736839,0.1369236515736839,0.2,0.3369236515736839,0.0,0.00645713059333769,0.003973950137080888,0.07718196151034538,0.07718196151034538,0.0,0.0017730299835012984,0.0,0.0007833995184217226,0.0,0.05868193871043729,0.0001626137619808315,0.0010052855851039367,9.011361120467294e-09,5.2317476716241696e-09,8.93721417652413e-05,0.15010869618508307
0.0,0.011427727182237835,0.01891704106736864,5675,0.06703392677339835,0.06703392684043229,0.09842317662716207,0.09842317662716207,0.15,0.24842317662716207,0.0,0.03571096879841293,0.4492992864017492,0.0,0.03581756222575096,0.0005448619540614734,0.0,0.06584847643896763,1.2566095797879877,0.0012387839385201462,0.10178668811232616,0.048059081708718865,-0.048059081708718865,0.5,0.45194091829128114,0.01700315058969983,0.0029080143298962913,-0.0029080143298962913,0.8,0.7970919856701038,0.10079807577563511,0.12792193831351722,0.06592815756328224,1.256764790349616,0.021847771979806474,0.021847771979806474,4.421459316661303e-07,0.3,0.32184777197980646,7.194365734688557e-07,0.011970565971471015,0.14628025477008325,True,0.12790613994293693,0.09992576253574842,0.09992576253574842,0.2,0.29992576253574843,0.0,0.005713863591118917,0.0037834082134737285,0.06703392677339835,0.06703392677339835,0.0,0.0017855484399206464,0.0,0.0008172929310922101,0.0,0.06584847643896763,0.0001700315058969983,0.001007980757756351,1.3264377949983909e-08,7.1943657346885565e-09,0.00011970565971471015,0.14628025477008325
0.0,0.01117898564476616,0.01875150169897497,5700,0.06451424750604162,0.06451424757055588,0.09943261867249423,0.09943261867249423,0.15,0.24943261867249422,0.0,0.03570065252698739,0.45737731550563865,0.0,0.03585458530931707,0.0005463911742207701,0.0,0.06579818591559689,1.256511570724591,0.0012494533264928304,0.10178668811232616,0.020745975577990017,-0.020745975577990017,0.5,0.47925402442201,0.01724240317630247,0.019247667751166264,-0.019247667751166264,0.8,0.7807523322488338,0.10073641035455229,0.1279071790052532,0.0658537156038642,1.2566197880208465,0.025598997596930295,0.025598997596930295,4.7510836127717e-07,0.3,0.3255989975969303,7.582179836842946e-07,0.012357192291455748,0.14356022786515088,True,0.1278961639239887,0.0973006585147076,0.0973006585147076,0.2,0.2973006585147076,0.0,0.00558949282238308,0.003750300339794994,0.06451424750604162,0.06451424750604162,0.0,0.0017850326263493697,0.0,0.0008195867613311552,0.0,0.06579818591559689,0.0001724240317630247,0.0010073641035455228,1.42532508383151e-08,7.582179836842946e-09,0.0001235719229145575,0.14356022786515088
0.0,0.011263345111514167,0.01880801079841668,5725,0.0689256184343292,0.06892561850325482,0.09688982613495936,0.09688982613495936,0.15,0.24688982613495936,0.0,0.035623969017790635,0.4536414059670468,0.0,0.03582959963004555,0.0005422925666172258,0.0,0.06089081766051662,1.246760648525077,0.001239467301311378,0.10178668811232616,0.062436775640727415,-0.062436775640727415,0.5,0.4375632243592726,0.017069300199937198,0.03419516419852486,-0.03419516419852486,0.8,0.7658048358014752,0.10057918523082636,0.12691174848297615,0.06093009137488216,1.2468402142578923,0.019174677974107768,0.019174677974107768,4.698086304062434e-07,0.3,0.31917467797410776,7.483165526753358e-07,0.012123309638617063,0.14310208763921986,True,0.12690364974975,0.09450257953851376,0.09450257953851376,0.2,0.2945025795385138,0.0,0.0056316725557570835,0.003761602159683336,0.0689256184343292,0.0689256184343292,0.0,0.0017811984508895318,0.0,0.0008134388499258387,0.0,0.06089081766051662,0.00017069300199937197,0.0010057918523082637,1.4094258912187302e-08,7.483165526753358e-09,0.00012123309638617063,0.14310208763921986
0.0,0.011254641413320443,0.018802215287531916,5750,0.06346739499062341,0.06346739505409081,0.09772687984904008,0.09772687984904008,0.15,0.24772687984904007,0.0,0.03565196443942845,0.45412640138797733,0.0,0.03582981716872706,0.0005436409106509294,0.0,0.06248876758198457,1.2499775341545407,0.0012422571734662516,0.10178668811232616,0.020249195292798727,-0.020249195292798727,0.5,0.4797508047072013,0.017106890979911568,0.020494580753692926,-0.020494580753692926,0.8,0.7795054192463071,0.10064063342187106,0.127240739491968,0.0625361929311708,1.2500723753859486,0.022013346419759217,0.022013346419759217,4.6904589480561395e-07,0.3,0.3220133464197592,7.483256924465625e-07,0.012161811616952317,0.13924110083954355,True,0.1272310859161781,0.09630868579136342,0.09630868579136342,0.2,0.29630868579136344,0.0,0.0056273207066602215,0.0037604430575063834,0.06346739499062341,0.06346739499062341,0.0,0.0017825982219714228,0.0,0.0008154613659763941,0.0,0.06248876758198457,0.00017106890979911568,0.0010064063342187107,1.4071376844168417e-08,7.483256924465624e-09,0.00012161811616952318,0.13924110083954355
0.0,0.011585502045567297,0.01902264165575017,5775,0.06721569112065814,0.06721569118787384,0.09539881167460534,0.09539881167460534,0.15,0.24539881167460534,0.0,0.03546024983841729,0.4354467988356198,0.0,0.03463519716208635,0.0005264714828920608,0.0,0.05790244496666524,1.240629268724038,0.0012091357002123031,0.10178668811232616,0.04032708292783105,-0.04032708292783105,0.5,0.45967291707216895,0.01677471383675682,0.01315334573634197,-0.01315334573634197,0.8,0.7868466542636581,0.10031069670980834,0.12629014699787341,0.057952527182108894,1.240733311326266,0.022705319756825992,0.022705319756825992,4.331630698964283e-07,0.3,0.322705319756826,6.917353576068027e-07,0.011077188120333073,0.1385597810564307,True,0.1262795568449296,0.10570712735479887,0.10570712735479887,0.2,0.3057071273547989,0.0,0.005792751022783649,0.003804528331150034,0.06721569112065814,0.06721569112065814,0.0,0.0017730124919208647,0.0,0.0007897072243380912,0.0,0.05790244496666524,0.0001677471383675682,0.0010031069670980834,1.2994892096892848e-08,6.9173535760680265e-09,0.00011077188120333074,0.1385597810564307
0.0,0.01140580540069902,0.01890337467087699,5800,0.06402589909779184,0.06402589916181775,0.09652619224573641,0.09652619224573641,0.15,0.2465261922457364,0.0,0.03556317105546426,0.44555338983543546,0.0,0.03527870569426749,0.000535639730234954,0.0,0.05999917611766319,1.2449472925297669,0.0012268423689002004,0.10178668811232616,0.01967906302592143,-0.01967906302592143,0.5,0.48032093697407857,0.016904508352917926,0.01335570702482447,-0.01335570702482447,0.8,0.7866442929751756,0.1004870795748277,0.12672893824708872,0.06004666055639314,1.2450442012298866,0.022328150335109487,0.022328150335109487,4.523571318050725e-07,0.3,0.3223281503351095,7.220089635553731e-07,0.011657321564070008,0.13738078088382732,True,0.12671907423048517,0.10057378534606831,0.10057378534606831,0.2,0.3005737853460683,0.0,0.00570290270034951,0.003780674934175398,0.06402589909779184,0.06402589909779184,0.0,0.0017781585527732132,0.0,0.000803459595352431,0.0,0.05999917611766319,0.00016904508352917925,0.001004870795748277,1.3570713954152174e-08,7.2200896355537306e-09,0.00011657321564070008,0.13738078088382732
0.0,0.011488189064738585,0.018956909470150173,5825,0.06260556667487902,0.06260556673748459,0.09813150442483706,0.09813150442483706,0.15,0.24813150442483706,0.0,0.03561799724653716,0.44754920638379553,0.0,0.03513473903087209,0.0005329992412410665,0.0,0.061221722055043,1.2474302367436991,0.001220400836106374,0.10178668811232616,0.0307039622084202,-0.0307039622084202,0.5,0.4692960377915798,0.0168363116217601,0.014725115640158326,0.014725115640158326,0.8,0.8147251156401584,0.10061309318406816,0.12698810178742234,0.0613009788061323,1.247590344735275,0.0102988101861754,0.0102988101861754,4.363450022603629e-07,0.3,0.3102988101861754,7.138637771419117e-07,0.011865569335424783,0.1372363338509102,True,0.12697180492361845,0.09328378720208225,0.09328378720208225,0.2,0.29328378720208226,0.0,0.005744094532369293,0.003791381894030035,0.06260556667487902,0.06260556667487902,0.0,0.001780899862326858,0.0,0.0007994988618615998,0.0,0.061221722055043,0.00016836311621760101,0.0010061309318406817,1.3090350067810886e-08,7.138637771419118e-09,0.00011865569335424783,0.1372363338509102
0.0,0.011442682907903734,0.018927365532596687,5850,0.062331087448455745,0.06233108751078684,0.09672790748812624,0.09672790748812624,0.15,0.24672790748812623,0.0,0.03557555503991503,0.4461385934990638,0.0,0.03504376400016891,0.0005325180662701427,0.0,0.06038041651839717,1.2457242692905957,0.0012215097371524695,0.10178668811232616,0.020201034193918554,-0.020201034193918554,0.5,0.47979896580608145,0.016878670798274008,0.004639923747566388,-0.004639923747566388,0.8,0.7953600762524337,0.10052076760579108,0.12681148234249315,0.06044475621992119,1.245855152925297,0.01597560994196917,0.01597560994196917,4.4422024755817315e-07,0.3,0.31597560994196916,7.173998575430318e-07,0.01173066231762267,0.13608719488654794,True,0.12679816012947995,0.09687467923276072,0.09687467923276072,0.2,0.29687467923276073,0.0,0.005721341453951867,0.0037854731065193378,0.062331087448455745,0.062331087448455745,0.0,0.0017787777519957517,0.0,0.0007987770994052142,0.0,0.06038041651839717,0.0001687867079827401,0.0010052076760579108,1.3326607426745194e-08,7.173998575430318e-09,0.0001173066231762267,0.13608719488654794
0.0,0.011361773724381408,0.01887297156025831,5875,0.060955744314961695,0.06095574437591744,0.09759912101189458,0.09759912101189458,0.15,0.24759912101189457,0.0,0.03562858570461509,0.4523183272602284,0.0,0.035163098129516956,0.0005340441220422368,0.0,0.06151042946405339,1.248012962290388,0.0012257847362531736,0.10178668811232616,0.024827165117412453,-0.024827165117412453,0.5,0.47517283488258755,0.016999917978766894,0.015161507441927902,-0.015161507441927902,0.8,0.7848384925580721,0.10061502082241174,0.12704579410897687,0.06158196663546578,1.2481571410124355,0.009246285736906334,0.009246285736906334,4.4984145050429433e-07,0.3,0.3092462857369063,7.322348810576765e-07,0.012119346984189386,0.13580151409699756,True,0.1270311186329216,0.09011477239725513,0.09011477239725513,0.2,0.29011477239725514,0.0,0.005680886862190704,0.0037745943120516623,0.060955744314961695,0.060955744314961695,0.0,0.0017814292852307548,0.0,0.0008010661830633552,0.0,0.06151042946405339,0.00016999917978766893,0.0010061502082241173,1.349524351512883e-08,7.322348810576765e-09,0.00012119346984189386,0.13580151409699756
0.0,0.012000648545277826,0.019290573417291484,5900,0.06091861969686325,0.06091861975778187,0.09510563957972465,0.09510563957972465,0.15,0.24510563957972464,0.0,0.035598313780917754,0.4313626914170595,0.0,0.034785619987839723,0.0005225670785504751,0.0,0.059378137976302835,1.243676297526663,0.0011901034333446287,0.10178668811232616,0.016266112281972445,-0.016266112281972445,0.5,0.48373388771802756,0.016424738249883473,0.0067253065200102435,-0.0067253065200102435,0.8,0.7932746934799898,0.10066226762614375,0.1266096888485451,0.059473864304250286,1.2438726395154862,0.0009642374532263243,-0.0009642374532263243,3.7366703438017107e-07,0.3,0.29903576254677366,6.412367574502739e-07,0.011124043769542869,0.1340010910549692,True,0.12658970384580198,0.09591435020722155,0.09591435020722155,0.2,0.29591435020722157,0.0,0.006000324272638913,0.003858114683458297,0.06091861969686325,0.06091861969686325,0.0,0.0017799156890458878,0.0,0.0007838506178257127,0.0,0.059378137976302835,0.00016424738249883473,0.0010066226762614375,1.1210011031405132e-08,6.412367574502739e-09,0.00011124043769542869,0.1340010910549692
0.0,0.013066752329022435,0.01996139563011537,5925,0.07772693227067727,0.0777269323484042,0.08854726033416097,0.08854726033416097,0.15,0.23854726033416096,0.0,0.03533214616874404,0.38958822770283685,0.0,0.03230706509557164,0.00047499435501261627,0.0,0.055862731859684114,1.2363529814909981,0.0010971956780525375,0.10178668811232616,0.08620430991073014,-0.08620430991073014,0.5,0.41379569008926986,0.015631272244413675,0.05110177225350898,0.05110177225350898,0.8,0.851101772253509,0.10035063821200207,0.12585959243759304,0.05593383101210772,1.2365033424966922,0.010979939738398226,-0.010979939738398226,2.6367515294210025e-07,0.3,0.28902006026160176,5.020080069518512e-07,0.009133492732261472,0.1478455852240732,True,0.1258442876872986,0.11047003891321744,0.11047003891321744,0.2,0.31047003891321745,0.0,0.006533376164511218,0.003992279126023074,0.07772693227067727,0.07772693227067727,0.0,0.0017666073084372021,0.0,0.0007124915325189243,0.0,0.055862731859684114,0.00015631272244413674,0.0010035063821200207,7.910254588263008e-09,5.020080069518512e-09,9.133492732261472e-05,0.1478455852240732
0.0,0.012105128672822874,0.01935777803582508,5950,0.06087428427642037,0.06087428433729466,0.0940368558550436,0.0940368558550436,0.15,0.2440368558550436,0.0,0.03557076849456844,0.4271764488843971,0.0,0.03453323037833694,0.0005176682742105343,0.0,0.05866930842295365,1.2422174816625622,0.001180507977422684,0.10178668811232616,0.013520780683856204,-0.013520780683856204,0.5,0.4864792193161438,0.0162779752429646,0.004659723975898866,-0.004659723975898866,0.8,0.7953402760241012,0.10062827980291197,0.12646122231731277,0.058764564394754686,1.2424140350614103,0.0019667146973962324,-0.0019667146973962324,3.6169202133840356e-07,0.3,0.29803328530260376,6.260308892815484e-07,0.010912900090895919,0.13330096214143192,True,0.12644121579584128,0.09735024244578583,0.09735024244578583,0.2,0.29735024244578584,0.0,0.006052564336411437,0.0038715556071650167,0.06087428427642037,0.06087428427642037,0.0,0.001778538424728422,0.0,0.0007765024113158014,0.0,0.05866930842295365,0.000162779752429646,0.0010062827980291198,1.0850760640152107e-08,6.260308892815484e-09,0.00010912900090895919,0.13330096214143192
0.0,0.01320998850673094,0.020047743226803954,5975,0.0593403088294419,0.0593403088887822,0.08403484011803394,0.08403484011803394,0.15,0.23403484011803394,0.0,0.03536067974357855,0.3939490198385171,0.0,0.031386867240473466,0.0004463056490711355,0.0,0.04809844151338697,1.2193135689221872,0.0010582532481936955,0.10178668811232616,0.001086189153730266,-0.001086189153730266,0.5,0.49891381084626973,0.015715662760120035,0.013809247403223424,-0.013809247403223424,0.8,0.7861907525967766,0.1004862595540437,0.1241151124833216,0.04812089693156391,1.2193647577245805,0.026864261346336682,-0.026864261346336682,2.426834262334373e-07,0.3,0.2731357386536633,4.960655697240764e-07,0.009564538581873769,0.12174846255245961,True,0.12410990214414566,0.09813736945227086,0.09813736945227086,0.2,0.2981373694522709,0.0,0.00660499425336547,0.004009548645360791,0.0593403088294419,0.0593403088294419,0.0,0.0017680339871789276,0.0,0.0006694584736067033,0.0,0.04809844151338697,0.00015715662760120035,0.0010048625955404369,7.2805027870031185e-09,4.9606556972407645e-09,9.564538581873769e-05,0.12174846255245961
0.0,0.012621154862919148,0.01968134150458309,6000,0.06657340703023112,0.06657340709680452,0.0876122143976206,0.0876122143976206,0.15,0.2376122143976206,0.0,0.03546347624078271,0.4277089929912554,0.0,0.02943066232188041,0.00040304743610077644,0.0,0.047293094875778874,1.2174697562323986,0.0010284804293480489,0.10178668811232616,0.04479991330919497,-0.04479991330919497,0.5,0.45520008669080503,0.016070056429534553,0.07791452516195152,0.07791452516195152,0.8,0.8779145251619516,0.10071213260324215,0.12393625658823378,0.04735306495996958,1.2176075939850666,0.046022650484851324,-0.046022650484851324,2.70343218943922e-07,0.3,0.25397734951514866,5.711024566214398e-07,0.011568105026643218,0.12777460936649182,True,0.12392222653851448,0.0654858971791265,0.0654858971791265,0.2,0.2654858971791265,0.0,0.006310577431459574,0.003936268300916618,0.06657340703023112,0.06657340703023112,0.0,0.0017731738120391354,0.0,0.0006045711541511646,0.0,0.047293094875778874,0.00016070056429534553,0.0010071213260324215,8.11029656831766e-09,5.711024566214399e-09,0.00011568105026643218,0.12777460936649182
0.0,0.012968625849612891,0.019898711141191246,6025,0.05626501562232303,0.05626501567858804,0.08449806998523826,0.08449806998523826,0.15,0.23449806998523826,0.0,0.03539726162558868,0.407568564773206,0.0,0.03058608947006309,0.0004280512993665395,0.0,0.0472182534994693,1.2172976150340111,0.0010445771520893343,0.10178668811232616,0.014984125274773885,-0.014984125274773885,0.5,0.4850158747252261,0.01588080771772592,0.01100209681136921,0.01100209681136921,0.8,0.8110020968113693,0.1005662531428715,0.12391336020041496,0.047255216169411786,1.2173826491912632,0.034676517612127034,-0.034676517612127034,2.5346823000900803e-07,0.3,0.26532348238787296,5.252324776333614e-07,0.010352569406843787,0.11762727346421234,True,0.1239047048543215,0.08450328453455258,0.08450328453455258,0.2,0.2845032845345526,0.0,0.006484312924806446,0.003979742228238249,0.05626501562232303,0.05626501562232303,0.0,0.001769863081279434,0.0,0.0006420769490498093,0.0,0.0472182534994693,0.00015880807717725921,0.001005662531428715,7.60404690027024e-09,5.252324776333614e-09,0.00010352569406843786,0.11762727346421234
0.0,0.01180547532428522,0.019158459688509683,6050,0.05998646484502146,0.05998646490500792,0.09121925946134721,0.09121925946134721,0.15,0.2412192594613472,0.0,0.035731839169073396,0.47108919450514136,0.0,0.030450934626286154,0.0004168185626855588,0.0,0.04723457561576489,1.2173351688424239,0.001071105126144467,0.10178668811232616,0.07085440045963054,-0.07085440045963054,0.5,0.42914559954036946,0.016587666303562933,0.003267971776523826,0.003267971776523826,0.8,0.8032679717765239,0.10110281102440645,0.12391720632030018,0.047271645671697504,1.2174204352670133,0.04755601206221899,-0.04755601206221899,3.4755611340120664e-07,0.3,0.252443987937781,7.000765541226577e-07,0.014106179214613492,0.12068527385598768,True,0.12390852733248138,0.04876808972098853,0.04876808972098853,0.2,0.24876808972098854,0.0,0.00590273766214261,0.003831691937701937,0.05998646484502146,0.05998646484502146,0.0,0.0017865919584536699,0.0,0.0006252278440283382,0.0,0.04723457561576489,0.00016587666303562933,0.0010110281102440645,1.0426683402036199e-08,7.000765541226577e-09,0.00014106179214613492,0.12068527385598768
0.0,0.012170606328851807,0.019394860303723446,6075,0.053650624484670784,0.05365062453832141,0.08855330298851843,0.08855330298851843,0.15,0.23855330298851843,0.0,0.035615835292112104,0.4517873200410566,0.0,0.02970595715960854,0.0004048329864091948,0.0,0.04631913500008229,1.2152188072638688,0.001045329007961396,0.10178668811232616,0.0019026992470990711,0.0019026992470990711,0.5,0.5019026992470991,0.016365591066405435,0.03426715709587702,0.03426715709587702,0.8,0.8342671570958771,0.1009553382154538,0.12370576265309802,0.04637265677042809,1.2153431140538933,0.054614282484705484,-0.054614282484705484,3.067172216416068e-07,0.3,0.2453857175152945,6.376849091248073e-07,0.012989358682392262,0.11362519441215133,True,0.12369310987538848,0.04888437301843701,0.04888437301843701,0.2,0.24888437301843702,0.0,0.006085303164425904,0.0038789720607446893,0.053650624484670784,0.053650624484670784,0.0,0.0017807917646056053,0.0,0.0006072494796137923,0.0,0.04631913500008229,0.00016365591066405436,0.001009553382154538,9.201516649248205e-09,6.376849091248073e-09,0.0001298935868239226,0.11362519441215133
0.0,0.011928901413661097,0.019238830920074945,6100,0.05824679593612403,0.058246795994370826,0.08966597783239089,0.08966597783239089,0.15,0.23966597783239088,0.0,0.03569193370694933,0.4645049084116087,0.0,0.030192757595744028,0.0004126980335842297,0.0,0.04658149541869311,1.2158274667846822,0.0010622308835685397,0.10178668811232616,0.06430675009295761,-0.06430675009295761,0.5,0.4356932499070424,0.016376764068488696,0.010426201121462753,0.010426201121462753,0.8,0.8104262011214628,0.10105135906362975,0.12376596872908235,0.04662775433919896,1.2159346066270966,0.05026397133310756,-0.05026397133310756,3.33351522902747e-07,0.3,0.24973602866689243,6.783763833027331e-07,0.01372042446253394,0.11835565424164252,True,0.1237550633182867,0.04639965566565879,0.04639965566565879,0.2,0.2463996556656588,0.0,0.0059644507068305486,0.0038477661840149893,0.05824679593612403,0.05824679593612403,0.0,0.0017845966853474666,0.0,0.0006190470503763445,0.0,0.04658149541869311,0.00016376764068488697,0.0010105135906362975,1.0000545687082409e-08,6.783763833027331e-09,0.00013720424462533942,0.11835565424164252
0.0,0.010231420425988902,0.018087633553239158,6125,0.07111843959223389,0.07111843966335234,0.12472686288544557,0.12472686288544557,0.15,0.27472686288544557,0.0,0.036312512329058425,0.5587292288130579,0.0,0.03150074335760616,0.0004303956290873272,0.0,0.054797638217592676,1.234088953642825,0.0011436557147804643,0.10178668811232616,0.04858849378366514,-0.04858849378366514,0.5,0.45141150621633486,0.01817976673970672,0.003468091060601197,-0.003468091060601197,0.8,0.7965319089393988,0.10205394857577924,0.12562443744812388,0.054846394126718045,1.234193070193629,0.01702361682107778,0.01702361682107778,5.203361117305297e-07,0.3,0.31702361682107777,1.0052259625542699e-06,0.020039047810091117,0.13851328708715152,True,0.1256138397681987,0.08408150249647017,0.08408150249647017,0.2,0.2840815024964702,0.0,0.005115710212994451,0.0036175267106478316,0.07111843959223389,0.07111843959223389,0.0,0.0018156256164529212,0.0,0.0006455934436309907,0.0,0.054797638217592676,0.0001817976673970672,0.0010205394857577923,1.561008335191589e-08,1.0052259625542698e-08,0.00020039047810091118,0.13851328708715152
0.0,0.011801006086947785,0.019155396238014023,6150,0.05276293463974074,0.05276293469250368,0.0909029731656,0.0909029731656,0.15,0.2409029731656,0.0,0.03573516495076346,0.47119539108151004,0.0,0.030075634136002987,0.0004104896650432966,0.0,0.046751083679795406,1.2162199890847176,0.0010639907781010993,0.10178668811232616,0.03401429593486571,-0.03401429593486571,0.5,0.4659857040651343,0.016632196740881292,0.012167948924417638,0.012167948924417638,0.8,0.8121679489244177,0.1011306452742944,0.12380658033369071,0.04680022388161598,1.2163335939737885,0.044417454512652554,-0.044417454512652554,3.419728837449006e-07,0.3,0.25558254548734743,6.971813769906522e-07,0.014150364154305163,0.11296724264841106,True,0.12379501686714277,0.04876827126447919,0.04876827126447919,0.2,0.2487682712644792,0.0,0.0059005030434738925,0.003831079247602805,0.05276293463974074,0.05276293463974074,0.0,0.0017867582475381732,0.0,0.0006157344975649449,0.0,0.046751083679795406,0.00016632196740881292,0.001011306452742944,1.0259186512347017e-08,6.971813769906522e-09,0.00014150364154305164,0.11296724264841106
0.0,0.011990550332402816,0.019278742405120283,6175,0.05174467299041737,0.05174467304216204,0.08935971124387038,0.08935971124387038,0.15,0.23935971124387037,0.0,0.03567303943778028,0.4611801700971797,0.0,0.029922871147832812,0.00040822823878063476,0.0,0.04640868521270153,1.2154267513859445,0.0010550847594550585,0.10178668811232616,0.019932866161284257,-0.019932866161284257,0.5,0.48006713383871574,0.01634724384107011,0.020330272771300728,0.020330272771300728,0.8,0.8203302727713008,0.10103637140380728,0.12372624908577295,0.04645938075154475,1.2155443823242553,0.050168085804405765,-0.050168085804405765,3.2414614925288603e-07,0.3,0.24983191419559422,6.664191793249294e-07,0.013542322566463092,0.11170965194709401,True,0.12371427582096642,0.045551311396884925,0.045551311396884925,0.2,0.24555131139688494,0.0,0.005995275166201408,0.0038557484810240565,0.05174467299041737,0.05174467299041737,0.0,0.0017836519718890142,0.0,0.0006123423581709522,0.0,0.04640868521270153,0.00016347243841070112,0.0010103637140380728,9.72438447758658e-09,6.664191793249294e-09,0.00013542322566463094,0.11170965194709401
0.0,0.011680368421244869,0.019077383170341494,6200,0.049462590187860825,0.04946259023732342,0.08959484360821973,0.08959484360821973,0.15,0.23959484360821973,0.0,0.035688394107955504,0.4718256587623456,0.0,0.030058753903416124,0.00041300994465351735,0.0,0.04765698952129773,1.2183048087452444,0.0010720199525045635,0.10178668811232616,0.006379328424160446,-0.006379328424160446,0.5,0.49362067157583955,0.016619145886398165,0.005872812018785978,0.005872812018785978,0.8,0.805872812018786,0.10101111546470551,0.12401411806190399,0.0476865668463963,1.2183725414203816,0.04783847786951545,-0.04783847786951545,3.575384848037572e-07,0.3,0.25216152213048454,7.091611978820264e-07,0.014070691913086488,0.11049620252663576,True,0.12400722377654745,0.04291616766117448,0.04291616766117448,0.2,0.2429161676611745,0.0,0.005840184210622434,0.003815476634068299,0.049462590187860825,0.049462590187860825,0.0,0.0017844197053977753,0.0,0.000619514916980276,0.0,0.04765698952129773,0.00016619145886398166,0.001010111154647055,1.0726154544112716e-08,7.091611978820264e-09,0.0001407069191308649,0.11049620252663576
0.0,0.011591116794242184,0.019019002609427182,6225,0.04880276290576149,0.048802762954564254,0.08889840103014918,0.08889840103014918,0.15,0.23889840103014917,0.0,0.03566806425958386,0.4745111281655814,0.0,0.02987315113631215,0.0004100926470163915,0.0,0.04749902314173129,1.2179427060989454,0.001072805258242274,0.10178668811232616,0.00958571690972998,-0.00958571690972998,0.5,0.49041428309027,0.01663329128487362,0.001075343689932784,-0.001075343689932784,0.8,0.7989246563100673,0.10096209789407433,0.12397576012073751,0.04752212308847568,1.2179956951145496,0.04724450863987917,-0.04724450863987917,3.6740490766093587e-07,0.3,0.2527554913601208,7.215060651263444e-07,0.014194626576454697,0.10961760554476499,True,0.12397036654380295,0.04099434991472775,0.04099434991472775,0.2,0.24099434991472776,0.0,0.005795558397121092,0.0038038005218854368,0.04880276290576149,0.04880276290576149,0.0,0.0017834032129791931,0.0,0.0006151389705245872,0.0,0.04749902314173129,0.00016633291284873618,0.0010096209789407433,1.1022147229828075e-08,7.215060651263444e-09,0.00014194626576454698,0.10961760554476499
0.0,0.011626581347667586,0.019042534268147813,6250,0.0496175313106567,0.049617531360274233,0.08741585783696948,0.08741585783696948,0.15,0.23741585783696947,0.0,0.03561894838183059,0.47180495421440344,0.0,0.029446977710137646,0.000402518479259502,0.0,0.046662644488366475,1.216015380212536,0.001063809376431538,0.10178668811232616,0.02407917584388264,-0.02407917584388264,0.5,0.47592082415611736,0.016587006586302255,0.011103007153111077,0.011103007153111077,0.8,0.8111030071531111,0.10088464059307974,0.12377910765568116,0.046683517950847776,1.2160636895705703,0.048009685717075645,-0.048009685717075645,3.6230467043255914e-07,0.3,0.25199031428292434,7.134151474611737e-07,0.014023008192710348,0.10960166302147983,True,0.1237741904056389,0.04074250225809273,0.04074250225809273,0.2,0.24074250225809274,0.0,0.005813290673833793,0.0038085068536295626,0.0496175313106567,0.0496175313106567,0.0,0.0017809474190915297,0.0,0.000603777718889253,0.0,0.046662644488366475,0.00016587006586302254,0.0010088464059307973,1.0869140112976774e-08,7.134151474611737e-09,0.00014023008192710348,0.10960166302147983
0.0,0.011603292841681379,0.01902708636378675,6275,0.0484907918591122,0.048490791907603,0.08831950681950793,0.08831950681950793,0.15,0.23831950681950792,0.0,0.035651091260369305,0.47358149327707594,0.0,0.029724126160378894,0.0004074704165582901,0.0,0.047122699597888416,1.2170776349555348,0.0010696545785812005,0.10178668811232616,0.008973672432850466,-0.008973672432850466,0.5,0.49102632756714953,0.016616591180853058,0.00044058881465369737,0.00044058881465369737,0.8,0.8004405888146537,0.1009352441762464,0.12388757147905013,0.04714512803898392,1.2171292887635934,0.047516705467595954,-0.047516705467595954,3.656485074496233e-07,0.3,0.25248329453240403,7.187210135503862e-07,0.014135550195924513,0.10893120735065015,True,0.12388231380848291,0.04022301580390525,0.04022301580390525,0.2,0.24022301580390526,0.0,0.005801646420840689,0.00380541727275735,0.0484907918591122,0.0484907918591122,0.0,0.0017825545630184654,0.0,0.0006112056248374351,0.0,0.047122699597888416,0.00016616591180853058,0.001009352441762464,1.0969455223488698e-08,7.1872101355038625e-09,0.00014135550195924513,0.10893120735065015
0.0,0.011541649978579538,0.018986454867097033,6300,0.04712807654136027,0.04712807658848834,0.08777260316974034,0.08777260316974034,0.15,0.23777260316974033,0.0,0.03558224125379127,0.4752322765351577,0.0,0.028779938910426354,0.00039338893429935825,0.0,0.04754411340081983,1.2180461267732583,0.0010581361575065053,0.10178668811232616,0.003180491032302557,-0.003180491032302557,0.5,0.49681950896769744,0.016469963945699412,0.007555467420602757,-0.007555467420602757,0.8,0.7924445325793973,0.1008138798418854,0.1239860309457054,0.047566127145204695,1.2180966004897937,0.04387170902519921,-0.04387170902519921,3.6963590765425433e-07,0.3,0.2561282909748008,7.260789282476118e-07,0.014220435000088398,0.10792456250677111,True,0.12398089339275781,0.03754092012081364,0.03754092012081364,0.2,0.23754092012081365,0.0,0.005770824989289769,0.0037972909734194068,0.04712807654136027,0.04712807654136027,0.0,0.0017791120626895638,0.0,0.0005900834014490374,0.0,0.04754411340081983,0.00016469963945699411,0.001008138798418854,1.108907722962763e-08,7.260789282476118e-09,0.00014220435000088398,0.10792456250677111
0.0,0.011482129234088423,0.018946561943041104,6325,0.04725708678817139,0.04725708683542848,0.08853755610813274,0.08853755610813274,0.15,0.23853755610813274,0.0,0.0356125259220059,0.4800078269170294,0.0,0.0285802424279216,0.00038948873928934286,0.0,0.04750469315533882,1.2179557137478594,0.0010557031820064096,0.10178668811232616,0.01041902174447229,-0.01041902174447229,0.5,0.4895809782555277,0.016559075062676454,0.01003834829983663,-0.01003834829983663,0.8,0.7899616517001634,0.10087573419475386,0.12397765415664527,0.04753023631552697,1.2180143030067683,0.03856493420211993,-0.03856493420211993,3.7269306899996405e-07,0.3,0.26143506579788006,7.377489843115767e-07,0.014561872413758822,0.10797700172919074,True,0.12397169054943609,0.04038172654234745,0.04038172654234745,0.2,0.24038172654234746,0.0,0.0057410646170442114,0.003789312388608221,0.04725708678817139,0.04725708678817139,0.0,0.001780626296100295,0.0,0.0005842331089340143,0.0,0.04750469315533882,0.00016559075062676454,0.0010087573419475385,1.1180792069998921e-08,7.377489843115767e-09,0.00014561872413758822,0.10797700172919074
0.0,0.011519571780467364,0.018971671048251457,6350,0.04708241527593708,0.047082415323019496,0.08804047924253236,0.08804047924253236,0.15,0.23804047924253235,0.0,0.03559337682421526,0.4770020207838718,0.0,0.028705706821549923,0.00039193863724876194,0.0,0.04752018660059209,1.217991253495621,0.0010572237828372186,0.10178668811232616,0.004840754431302885,-0.004840754431302885,0.5,0.4951592455686971,0.01648385789961946,0.008439098425496172,-0.008439098425496172,0.8,0.7915609015745039,0.10083659935375955,0.12398065468282374,0.04754309068375369,1.2180437815755214,0.04191496596874289,-0.04191496596874289,3.7076238958641357e-07,0.3,0.2580850340312571,7.303833749844076e-07,0.014346433485268564,0.10784098610758898,True,0.1239753080230125,0.03848541957847762,0.03848541957847762,0.2,0.23848541957847763,0.0,0.005759785890233682,0.003794334209650292,0.04708241527593708,0.04708241527593708,0.0,0.0017796688412107632,0.0,0.0005879079558731429,0.0,0.04752018660059209,0.0001648385789961946,0.0010083659935375955,1.1122871687592407e-08,7.303833749844076e-09,0.00014346433485268564,0.10784098610758898
0.0,0.011622333648773298,0.019039097023725852,6375,0.04709621055872634,0.04709621060582256,0.08820804623065179,0.08820804623065179,0.15,0.23820804623065178,0.0,0.03558208444474468,0.47402323741824415,0.0,0.028594791431898064,0.00038832979905960443,0.0,0.04727481767614485,1.2174277297773788,0.001049224445603054,0.10178668811232616,0.006541147090308064,-0.006541147090308064,0.5,0.49345885290969194,0.016504021691988294,0.0010053338371736054,-0.0010053338371736054,0.8,0.7989946661628264,0.10083360523411974,0.1239248109098097,0.04730413866469612,1.217495146301466,0.04165868126593175,-0.04165868126593175,3.597525596871268e-07,0.3,0.25834131873406824,7.169072641561156e-07,0.014206956492832703,0.10766707718066848,True,0.12391794880442464,0.0391198520078164,0.0391198520078164,0.2,0.2391198520078164,0.0,0.005811166824386649,0.0038078194047451706,0.04709621055872634,0.04709621055872634,0.0,0.001779104222237234,0.0,0.0005824946985894066,0.0,0.04727481767614485,0.00016504021691988294,0.0010083360523411974,1.0792576790613803e-08,7.169072641561157e-09,0.00014206956492832703,0.10766707718066848
0.0,0.01164491425467784,0.019053862677565515,6400,0.04720530189129,0.0472053019384953,0.08812641827939222,0.08812641827939222,0.15,0.2381264182793922,0.0,0.03558577024817737,0.473387137716454,0.0,0.028649598500573796,0.00038892763482427416,0.0,0.04711959187332151,1.2170704767427425,0.001048748018173899,0.10178668811232616,0.006689188862802065,-0.006689188862802065,0.5,0.49331081113719794,0.016509923522271274,0.0023241242671253604,-0.0023241242671253604,0.8,0.7976758757328747,0.10084231566775001,0.12388876922640346,0.04715023819743985,1.217141055992274,0.0420170443403749,-0.0420170443403749,3.5755998301747506e-07,0.3,0.2579829556596251,7.140254854367501e-07,0.014177147905679812,0.10763611513012017,True,0.12388158519763841,0.039495040706598095,0.039495040706598095,0.2,0.2394950407065981,0.0,0.00582245712733892,0.003810772535513103,0.04720530189129,0.04720530189129,0.0,0.0017792885124088686,0.0,0.0005833914522364112,0.0,0.04711959187332151,0.00016509923522271274,0.0010084231566775,1.0726799490524252e-08,7.140254854367501e-09,0.00014177147905679812,0.10763611513012017
0.0,0.011705314717954773,0.019093207864628956,6425,0.04739685839700615,0.04739685844440301,0.0880917041618744,0.0880917041618744,0.15,0.2380917041618744,0.0,0.03558805590664623,0.4719532821623875,0.0,0.028704502252002446,0.00038868203479472456,0.0,0.046812481334392704,1.2163619220990438,0.0010455355688756946,0.10178668811232616,0.006953425441382832,-0.006953425441382832,0.5,0.49304657455861717,0.016527092076015073,0.0035813739845702575,-0.0035813739845702575,0.8,0.7964186260154298,0.10085261406562294,0.12381754595775345,0.04684684733200215,1.216441325379425,0.042259435997625217,-0.042259435997625217,3.519186654606726e-07,0.3,0.2577405640023748,7.070873993751623e-07,0.01411731437079065,0.10755805234438467,True,0.12380946376002415,0.040312855443730033,0.040312855443730033,0.2,0.24031285544373004,0.0,0.005852657358977387,0.0038186415729257912,0.04739685839700615,0.04739685839700615,0.0,0.0017794027953323115,0.0,0.0005830230521920868,0.0,0.046812481334392704,0.00016527092076015074,0.0010085261406562295,1.0557559963820177e-08,7.070873993751624e-09,0.00014117314370790652,0.10755805234438467
0.0,0.011880557880545761,0.01920616295071116,6450,0.04805389739559549,0.04805389744364939,0.08857519476013911,0.08857519476013911,0.15,0.2385751947601391,0.0,0.035594039520942186,0.47004196476153254,0.0,0.02891506540468883,0.00038700905337323233,0.0,0.04586211745142036,1.214154424309703,0.0010335216507315558,0.10178668811232616,0.0071450694204575615,-0.0071450694204575615,0.5,0.49285493057954244,0.016551622287765,0.00679844527622131,-0.00679844527622131,0.8,0.7932015547237787,0.10086924151165329,0.1235950147844688,0.045905237306744624,1.2142550753348555,0.04141437500135392,-0.04141437500135392,3.3949981507273436e-07,0.3,0.25858562499864607,6.934814902119787e-07,0.014100478398017141,0.10737297247532164,True,0.12358476984895692,0.04344995786968717,0.04344995786968717,0.2,0.24344995786968718,0.0,0.005940278940272881,0.0038412325901422324,0.04805389739559549,0.04805389739559549,0.0,0.0017797019760471093,0.0,0.0005805135800598485,0.0,0.04586211745142036,0.00016551622287765,0.001008692415116533,1.018499445218203e-08,6.934814902119787e-09,0.0001410047839801714,0.10737297247532164
0.0,0.011607083982047683,0.01902754256484996,6475,0.04724508470053141,0.0472450847477765,0.08884290814553941,0.08884290814553941,0.15,0.2388429081455394,0.0,0.03558656735538492,0.48088574047226884,0.0,0.028829192463578616,0.00038583165502710157,0.0,0.04663985103334623,1.2159626148974545,0.001042195346947512,0.10178668811232616,0.008718299506185134,-0.008718299506185134,0.5,0.49128170049381487,0.016588725290588937,0.008525493550182395,-0.008525493550182395,0.8,0.7914745064498176,0.10080578884297105,0.12377490269994018,0.046665667850347016,1.2160223781239967,0.03782223147365765,-0.03782223147365765,3.719290517247585e-07,0.3,0.26217776852634234,7.368697793970186e-07,0.014681313176975096,0.10717283888785609,True,0.12376881959844191,0.04108787967473468,0.04108787967473468,0.2,0.2410878796747347,0.0,0.005803541991023842,0.003805508512969992,0.04724508470053141,0.04724508470053141,0.0,0.0017793283677692462,0.0,0.0005787474825406523,0.0,0.04663985103334623,0.00016588725290588938,0.0010080578884297106,1.1157871551742755e-08,7.368697793970186e-09,0.00014681313176975096,0.10717283888785609
0.0,0.011399095726558728,0.018889140821496887,6500,0.04682854602019231,0.04682854606702085,0.0894478852749381,0.0894478852749381,0.15,0.2394478852749381,0.0,0.035617397582062955,0.4933693943406134,0.0,0.02903228922950718,0.00038792957416151224,0.0,0.04675708279570013,1.2162338613531658,0.001048250320730551,0.10178668811232616,0.0022086998149174475,0.0022086998149174475,0.5,0.5022086998149174,0.01681535791988898,0.0010462344698004555,-0.0010462344698004555,0.8,0.7989537655301996,0.10080383613751484,0.12380176315375756,0.04677974961773641,1.216286267751183,0.03440514290976382,-0.03440514290976382,4.0444530536149033e-07,0.3,0.26559485709023617,7.830224144968161e-07,0.015452703148639915,0.10675650801946035,True,0.12379642887954342,0.042118317078410156,0.042118317078410156,0.2,0.24211831707841017,0.0,0.005699547863279364,0.0037778281642993775,0.04682854602019231,0.04682854602019231,0.0,0.001780869879103148,0.0,0.0005818943612422684,0.0,0.04675708279570013,0.00016815357919888982,0.0010080383613751485,1.213335916084471e-08,7.830224144968162e-09,0.00015452703148639916,0.10675650801946035
0.0,0.011370969408464049,0.01886761686513402,6525,0.04684367931054608,0.046843679357389756,0.09014069112234446,0.09014069112234446,0.15,0.24014069112234446,0.0,0.035601873440429824,0.5061285281584005,0.0,0.02898441274222731,0.000378760991251431,0.0,0.04590442100831571,1.2142531703576769,0.001030424630812512,0.10178668811232616,0.008226041312083043,-0.008226041312083043,0.5,0.49177395868791696,0.016972965878352404,0.0016141806218383792,-0.0016141806218383792,0.8,0.7983858193781617,0.10071247561691624,0.12360166475312381,0.04593323716902066,1.214320407728757,0.027983829586320397,-0.027983829586320397,4.294244143185669e-07,0.3,0.2720161704136796,8.232951479104737e-07,0.01636547400351455,0.10589587382569099,True,0.1235948208831318,0.04464234794017416,0.04464234794017416,0.2,0.24464234794017417,0.0,0.0056854847042320245,0.0037735233730268043,0.04684367931054608,0.04684367931054608,0.0,0.0017800936720214914,0.0,0.0005681414868771465,0.0,0.04590442100831571,0.00016972965878352404,0.0010071247561691623,1.2882732429557006e-08,8.232951479104737e-09,0.00016365474003514552,0.10589587382569099
0.0,0.011333378774817882,0.018839842922168903,6550,0.047833351762671235,0.04783335181050459,0.09073601799802053,0.09073601799802053,0.15,0.24073601799802052,0.0,0.03555851391699201,0.519290247016183,0.0,0.02852812541725672,0.00036486324690261304,0.0,0.04488406366577934,1.211858593561317,0.0010085475399091738,0.10178668811232616,0.022127114861457298,-0.022127114861457298,0.5,0.4778728851385427,0.017264310706720562,0.011359174260778704,0.011359174260778704,0.8,0.8113591742607787,0.10056928669282952,0.12336028335026811,0.04492236344084647,1.2119489642363144,0.022142125076855756,-0.022142125076855756,4.5844653964678544e-07,0.3,0.27785787492314423,8.687615225869961e-07,0.01732649050588834,0.10582891728656262,True,0.12335108481765394,0.04580621147947539,0.04580621147947539,0.2,0.2458062114794754,0.0,0.005666689387408941,0.003767968584433781,0.047833351762671235,0.047833351762671235,0.0,0.0017779256958496007,0.0,0.0005472948703539196,0.0,0.04488406366577934,0.00017264310706720563,0.0010056928669282953,1.3753396189403563e-08,8.68761522586996e-09,0.00017326490505888343,0.10582891728656262
0.0,0.01135444313129863,0.018855413167849847,6575,0.04691809279393583,0.04691809284085392,0.09033525620692237,0.09033525620692237,0.15,0.24033525620692237,0.0,0.03558238166660294,0.5119119752940178,0.0,0.028782558955463788,0.00037260178821029637,0.0,0.04543877551163889,1.2131637293529058,0.0010207458259011554,0.10178668811232616,0.012295036501301038,-0.012295036501301038,0.5,0.48770496349869896,0.017174622594171324,0.004374119708284718,0.004374119708284718,0.8,0.8043741197082848,0.10064852176001204,0.12349182673010692,0.045471855334088936,1.2132413077574065,0.02543024426340762,-0.02543024426340762,4.4200906102010693e-07,0.3,0.27456975573659237,8.429765531176518e-07,0.016783624956345423,0.10548928365358223,True,0.12348393028046799,0.04504531602794379,0.04504531602794379,0.2,0.2450453160279438,0.0,0.005677221565649315,0.0037710826335699693,0.04691809279393583,0.04691809279393583,0.0,0.0017791190833301473,0.0,0.0005589026823154446,0.0,0.04543877551163889,0.00017174622594171325,0.0010064852176001205,1.3260271830603208e-08,8.429765531176518e-09,0.00016783624956345425,0.10548928365358223
0.0,0.01188363664892178,0.019197048193827136,6600,0.04741193534064243,0.04741193538805436,0.09322101920558087,0.09322101920558087,0.15,0.24322101920558087,0.0,0.035406965208399345,0.515841889590858,0.0,0.02681541393396602,0.00032410268817988617,0.0,0.04496354246801135,1.2120460857172595,0.0009368766324225376,0.10178668811232616,0.0002778831968771045,-0.0002778831968771045,0.5,0.4997221168031229,0.017403921710432393,0.004198659739968469,0.004198659739968469,0.8,0.8041986597399685,0.10033136566567988,0.12337634298089925,0.04498926980609919,1.2121067415385451,0.01313114979494584,-0.01313114979494584,4.200183775637185e-07,0.3,0.28686885020505415,8.30605860068714e-07,0.01745209655700112,0.10576510281051095,True,0.12337016902512929,0.048571252885400096,0.048571252885400096,0.2,0.2485712528854001,0.0,0.00594181832446089,0.0038394096387654275,0.04741193534064243,0.04741193534064243,0.0,0.0017703482604199674,0.0,0.00048615403226982926,0.0,0.04496354246801135,0.00017403921710432393,0.0010033136566567988,1.2600551326911554e-08,8.30605860068714e-09,0.00017452096557001118,0.10576510281051095
0.0,0.011421236131379686,0.018895833713900485,6625,0.046661497254006874,0.04666149730066837,0.09161403905707288,0.09161403905707288,0.15,0.24161403905707288,0.0,0.035495042533918594,0.5256111237592281,0.0,0.027818643485254698,0.00034673378136752,0.0,0.04475002186048886,1.2115420096824479,0.0009805209851096457,0.10178668811232616,0.008732623728997413,-0.008732623728997413,0.5,0.4912673762710026,0.017409741290776302,0.0008975089586678031,0.0008975089586678031,0.8,0.8008975089586678,0.10043062479028138,0.12332807861182576,0.04478834462731097,1.2116325698641657,0.015957228246590405,-0.015957228246590405,4.658613078468319e-07,0.3,0.2840427717534096,8.85976778555127e-07,0.017878043461354957,0.10455336365274402,True,0.12331886078994825,0.046493517037471066,0.046493517037471066,0.2,0.24649351703747108,0.0,0.005710618065689843,0.003779166742780097,0.046661497254006874,0.046661497254006874,0.0,0.0017747521266959299,0.0,0.00052010067205128,0.0,0.04475002186048886,0.00017409741290776303,0.001004306247902814,1.3975839235404955e-08,8.85976778555127e-09,0.00017878043461354957,0.10455336365274402
0.0,0.011417967866243162,0.01889325004076681,6650,0.04655693936457578,0.046556939411132724,0.0914445465639327,0.0914445465639327,0.15,0.2414445465639327,0.0,0.03547990339650323,0.5275395875515688,0.0,0.027612851997652527,0.0003435037516661297,0.0,0.04451460945107888,1.210984855975681,0.0009761484841979973,0.10178668811232616,0.008946565483137159,-0.008946565483137159,0.5,0.49105343451686284,0.017462814406524443,0.002353692399962859,-0.002353692399962859,0.8,0.7976463076000372,0.10039268243783149,0.1232716695986528,0.04455408309745655,1.2110783814071364,0.01569497866153402,-0.01569497866153402,4.7073079726850533e-07,0.3,0.28430502133846597,8.931949289040147e-07,0.018020610824586204,0.1042072176848166,True,0.12326214995379542,0.04630037454851149,0.04630037454851149,0.2,0.2463003745485115,0.0,0.005708983933121581,0.0037786500081533623,0.04655693936457578,0.04655693936457578,0.0,0.0017739951698251617,0.0,0.0005152556274991946,0.0,0.04451460945107888,0.00017462814406524443,0.001003926824378315,1.4121923918055159e-08,8.931949289040147e-09,0.00018020610824586204,0.1042072176848166
0.0,0.011556739193664622,0.018984714560888138,6675,0.046479765769907005,0.04647976581638676,0.09079669393761405,0.09079669393761405,0.15,0.24079669393761405,0.0,0.0354591002543822,0.5230842225915042,0.0,0.027471083746990227,0.00034096630100531627,0.0,0.04411364674150049,1.2100324897283763,0.0009672746473872205,0.10178668811232616,0.00748868707101652,-0.00748868707101652,0.5,0.4925113129289835,0.01734539005551303,0.005547155029509976,-0.005547155029509976,0.8,0.7944528449704901,0.10036719156216119,0.12317335413469685,0.04414725611360899,1.2101124844306235,0.0185025507075523,-0.0185025507075523,4.559619840464318e-07,0.3,0.2814974492924477,8.71940698227111e-07,0.017776194188276237,0.10380803964097055,True,0.12316521173808864,0.04613683751705838,0.04613683751705838,0.2,0.2461368375170584,0.0,0.005778369596832311,0.003796942912177628,0.046479765769907005,0.046479765769907005,0.0,0.0017729550127191102,0.0,0.0005114494515079744,0.0,0.04411364674150049,0.0001734539005551303,0.001003671915621612,1.3678859521392955e-08,8.71940698227111e-09,0.00017776194188276237,0.10380803964097055
0.0,0.01159742251552065,0.019010931956890985,6700,0.0461265899484478,0.04612658999457439,0.08991498562381256,0.08991498562381256,0.15,0.23991498562381255,0.0,0.035446854874346484,0.5234976675386311,0.0,0.027695212182518216,0.0003424173490838384,0.0,0.043728346447039594,1.209113238335213,0.0009641496383138564,0.10178668811232616,0.0028708578024447817,-0.0028708578024447817,0.5,0.4971291421975552,0.017298459192864737,0.0052280740454967445,-0.0052280740454967445,0.8,0.7947719259545033,0.10032014724520576,0.12308102084701517,0.043766882294643684,1.209205359144176,0.021806321563934472,-0.021806321563934472,4.59153444968367e-07,0.3,0.2781936784360655,8.727405031072551e-07,0.017840179943234273,0.10309641317779045,True,0.12307164417404338,0.04519421024877704,0.04519421024877704,0.2,0.24519421024877705,0.0,0.005798711257760325,0.003802186391378197,0.0461265899484478,0.0461265899484478,0.0,0.0017723427437173244,0.0,0.0005136260236257576,0.0,0.043728346447039594,0.00017298459192864737,0.0010032014724520575,1.377460334905101e-08,8.727405031072551e-09,0.00017840179943234274,0.10309641317779045
0.0,0.01170699057098834,0.019080457201752304,6725,0.04558352221337241,0.045583522258955934,0.08833596008325148,0.08833596008325148,0.15,0.23833596008325147,0.0,0.035367040948748034,0.5282615115839363,0.0,0.02763310794953749,0.00033430339647737273,0.0,0.04308080253231732,1.207559154296594,0.00094255819311547,0.10178668811232616,0.005931911551390168,-0.005931911551390168,0.5,0.49406808844860983,0.0174229719461077,0.008901008267882538,-0.008901008267882538,0.8,0.7910989917321175,0.10010373419054944,0.1229261530559498,0.043132588083590544,1.207683865727674,0.026547758443369263,-0.026547758443369263,4.7453780907894665e-07,0.3,0.2734522415566307,8.883410728536695e-07,0.018284090052560015,0.10196184969512499,True,0.12291345909116329,0.042033875179763536,0.042033875179763536,0.2,0.24203387517976355,0.0,0.00585349528549417,0.003816091440350461,0.04558352221337241,0.04558352221337241,0.0,0.0017683520474374018,0.0,0.000501455094716059,0.0,0.04308080253231732,0.000174229719461077,0.0010010373419054943,1.42361342723684e-08,8.883410728536695e-09,0.00018284090052560014,0.10196184969512499
0.0,0.011624499203191196,0.019023387893384643,6750,0.04397243147577799,0.04397243151975042,0.08675041097703204,0.08675041097703204,0.15,0.23675041097703203,0.0,0.035207117299614836,0.5427362200391177,0.0,0.02692955693258706,0.0003155028793744259,0.0,0.043974398229015055,1.2097007349272173,0.0009156037896140553,0.10178668811232616,0.00787823492990064,-0.00787823492990064,0.5,0.49212176507009936,0.01757681217165422,0.009463302017728159,0.009463302017728159,0.8,0.8094633020177282,0.0996797029822245,0.12314937136712314,0.04404829910670685,1.2098768665353732,0.029907803068296435,-0.029907803068296435,5.290969222468999e-07,0.3,0.27009219693170355,9.547850065054635e-07,0.019375337410618115,0.10116371101551067,True,0.12313144351229575,0.033108042966178114,0.033108042966178114,0.2,0.23310804296617813,0.0,0.005812249601595598,0.0038046775786769287,0.04397243147577799,0.04397243147577799,0.0,0.0017603558649807419,0.0,0.0004732543190616388,0.0,0.043974398229015055,0.0001757681217165422,0.0009967970298222452,1.5872907667406997e-08,9.547850065054636e-09,0.00019375337410618116,0.10116371101551067
0.0,0.011272341671143216,0.018787382678499595,6775,0.04337234438080803,0.04337234442418038,0.08800581044257308,0.08800581044257308,0.15,0.23800581044257307,0.0,0.03517999234198756,0.5680220209143609,0.0,0.02698831522831,0.00031234368099116144,0.0,0.04374513894538818,1.2091533861676358,0.0009143830581937859,0.10178668811232616,0.0013112581714512794,-0.0013112581714512794,0.5,0.4986887418285487,0.018038067650468934,0.0002616745152991262,-0.0002616745152991262,0.8,0.7997383254847009,0.09947919935973626,0.12309168665370607,0.043810736801638925,1.2093101450041037,0.02646431106693642,-0.02646431106693642,6.187736689148287e-07,0.3,0.27353568893306357,1.075451607291089e-06,0.021187779616697128,0.10012572562004901,True,0.12307573068934206,0.0309617667584203,0.0309617667584203,0.2,0.2309617667584203,0.0,0.005636170835571608,0.0037574765356999194,0.04337234438080803,0.04337234438080803,0.0,0.001758999617099378,0.0,0.00046851552148674216,0.0,0.04374513894538818,0.00018038067650468935,0.0009947919935973627,1.8563210067444862e-08,1.0754516072910891e-08,0.0002118777961669713,0.10012572562004901
0.0,0.011463808500409733,0.0189107951770541,6800,0.04452076189720624,0.044520761941726994,0.090343350021409,0.090343350021409,0.15,0.240343350021409,0.0,0.03516558899309756,0.5768220289470788,0.0,0.02671640956924887,0.00030063493271601817,0.0,0.04217177564182015,1.2053576773383945,0.0008828994304277363,0.10178668811232616,0.0029793996284503965,-0.0029793996284503965,0.5,0.4970206003715496,0.018224544333461233,0.008492710893507227,-0.008492710893507227,0.8,0.7915072891064928,0.09941895662051084,0.12270513860157568,0.04223539449453297,1.2055125166371454,0.01961916777824063,-0.01961916777824063,6.265912156645469e-07,0.3,0.28038083222175936,1.0970095202153626e-06,0.022060340561037717,0.09981290085635275,True,0.1226893780206178,0.03581418184869439,0.03581418184869439,0.2,0.2358141818486944,0.0,0.005731904250204867,0.0037821590354108203,0.04452076189720624,0.04452076189720624,0.0,0.0017582794496548782,0.0,0.00045095239907402726,0.0,0.04217177564182015,0.00018224544333461234,0.0009941895662051083,1.8797736469936406e-08,1.0970095202153626e-08,0.00022060340561037717,0.09981290085635275
0.0,0.01128329532078165,0.018788748143301896,6825,0.043797113024896195,0.04379711306869331,0.09024256645102907,0.09024256645102907,0.15,0.24024256645102907,0.0,0.035104064241284025,0.5916711226879555,0.0,0.026602458465402233,0.0002951176646705077,0.0,0.04237735978274894,1.205857620171683,0.0008759339315776105,0.10178668811232616,0.003151608287854435,-0.003151608287854435,0.5,0.49684839171214557,0.018406124013235547,0.0017622149670341036,-0.0017622149670341036,0.8,0.7982377850329659,0.09919805319139642,0.12275078035430093,0.0424199015992002,1.2059609225052175,0.020536482971579118,-0.020536482971579118,6.8847861847786e-07,0.3,0.27946351702842087,1.1766965062773863e-06,0.02321912490993377,0.09918001524823558,True,0.12274026555086318,0.03181869885553246,0.03181869885553246,0.2,0.23181869885553247,0.0,0.005641647660390825,0.0037577496286603793,0.043797113024896195,0.043797113024896195,0.0,0.0017552032120642014,0.0,0.00044267649700576155,0.0,0.04237735978274894,0.00018406124013235547,0.0009919805319139642,2.0654358554335798e-08,1.1766965062773862e-08,0.00023219124909933773,0.09918001524823558
