detour_error,direction_error,endpoint_error,eval,feature_loss,feature_rmse,flow_boundness_abs_error,flow_boundness_error,flow_boundness_target,flow_boundness_value,joint_limit_error,joint_preservation_error,log_speed_range,max_dev_error,nearest_path_max_dist,nearest_path_mse,out_of_range_error,path_length_error,path_length_ratio,pointwise_cart_mse,ref_path_length,shape_arcness_abs_error,shape_arcness_error,shape_arcness_target,shape_arcness_value,smoothness_error,space_indirectness_abs_error,space_indirectness_error,space_indirectness_target,space_indirectness_value,spatial_coeff_error,spatial_path_length,spatial_path_length_error,spatial_path_length_ratio,time_abs_error,time_error,time_roughness,time_target,time_value,time_warp_deviation,timing_coeff_error,total_loss,valid_candidate,var_path_length,weight_abs_error,weight_error,weight_target,weight_value,weighted_detour,weighted_direction,weighted_endpoint,weighted_feature_loss,weighted_feature_rmse,weighted_joint_limits,weighted_joint_preservation,weighted_max_deviation,weighted_nearest_path,weighted_out_of_range,weighted_path_length,weighted_smoothness,weighted_spatial_coefficients,weighted_time_roughness,weighted_time_warp,weighted_timing_coefficients,weighted_total_loss
58.943673359005466,0.030768643561752018,0.038954656122641984,25,41.8794773198904,41.87947736176987,29.41929855294673,29.41929855294673,0.09539273322509811,29.51469128617183,0.0,0.0767770307948791,2.5671978139820455,0.015212400998935291,0.20333856249744153,0.0068539732822991365,1707.0514725766839,65.24565601526261,9.077478320321424,0.00880768670080187,0.11260163850920346,0.38709348906893337,-0.38709348906893337,0.45439527614517006,0.06730178707623671,1.164031699834925,1.6262004936318935,1.6262004936318935,0.7324050570971733,2.3586055507290666,0.24783304594266858,1.027435194551777,66.00770988655074,9.12451290149451,43.462379340227095,43.462379340227095,1.3784561008375984e-05,0.16593208628598122,43.62831142651308,2.257753477263161e-05,0.13617832962716467,563.4278266943603,True,1.0221390231747476,77.53828219530658,77.53828219530658,0.2936838059580228,77.8319660012646,29.471836679502733,0.015384321780876009,0.007790931224528397,41.8794773198904,41.8794773198904,0.0,0.003838851539743955,0.015212400998935291,0.010280959923448706,426.76286814417097,65.24565601526261,0.01164031699834925,0.002478330459426686,4.135368302512795e-07,2.2577534772631612e-07,0.0013617832962716466,563.4278266943603
92.09504386047759,0.17149792658391738,0.12617679847286292,50,56.98677234538067,56.98677240236744,41.00401661444806,41.00401661444806,0.09539273322509811,41.09940934767316,0.0,0.07797686648060162,4.521121761024458,0.03771867691197803,0.2742129679294821,0.015221969125647092,3183.9756684776034,99.9323368775967,10.996616271398873,0.01932306596779632,0.11260163850920346,0.3399425747739204,-0.3399425747739204,0.45439527614517006,0.11445270137124965,2.717840931993767,2.285302878987269,2.285302878987269,0.7324050570971733,3.017707936084442,0.4152547006785152,1.2502985854887139,102.08541067983793,11.103732512286632,55.78727954243999,55.78727954243999,0.0003064621485769664,0.16593208628598122,55.953211628725974,0.00010061613414130649,0.4125275099827657,999.1714495009803,True,1.2382371201826434,106.9512647738633,106.9512647738633,0.2936838059580228,107.24494857982133,46.047521930238794,0.08574896329195869,0.025235359694572586,56.98677234538067,56.98677234538067,0.0,0.0038988433240300813,0.03771867691197803,0.022832953688470638,795.9939171194009,99.9323368775967,0.02717840931993767,0.004152547006785153,9.193864457308992e-06,1.006161341413065e-06,0.004125275099827657,999.1714495009803
215.15008845045918,0.015408949561441343,0.03485751002767091,75,166.53337616066673,166.5333763272001,71.40146603466451,71.40146603466451,0.09539273322509811,71.4968587678896,0.0,0.06124427493726905,4.195909319147348,0.03747451983917204,0.27358336663869665,0.022049610127521182,27573.537744502108,227.044484753989,16.067995379412253,0.024883205444566653,0.11260163850920346,0.5361986233698032,-0.5361986233698032,0.45439527614517006,-0.08180334722463312,2.043042250483805,1.6823988922342017,1.6823988922342017,0.7324050570971733,2.414803949331375,0.23008768132006194,1.8139647275983282,228.29926360883462,16.109575229265534,105.96895201650382,105.96895201650382,0.0001481119881787072,0.16593208628598122,106.1348841027898,8.915102041993973e-05,0.4547818594544086,7394.652912843758,True,1.8092827679600836,349.7658088440214,349.7658088440214,0.2936838059580228,350.05949264997946,107.57504422522959,0.0077044747807206715,0.006971502005534182,166.53337616066673,166.53337616066673,0.0,0.0030622137468634524,0.03747451983917204,0.03307441519128177,6893.384436125527,227.044484753989,0.02043042250483805,0.0023008768132006196,4.443359645361215e-06,8.915102041993974e-07,0.004547818594544086,7394.652912843758
243.858549333383,0.09394202766926518,0.07981881119878564,100,58.01283708077747,58.01283713879031,44.904610217674254,44.904610217674254,0.09539273322509811,45.00000295089935,0.0,0.07042421557219931,3.7742136282753935,0.027508211601550328,0.24585599658001617,0.022506101659252625,3303.6343162354665,256.511326109319,17.015970969919962,0.033109944089324696,0.11260163850920346,0.45901478724734884,-0.45901478724734884,0.45439527614517006,-0.004619511102178805,0.8507963706877593,2.7256288266894884,2.7256288266894884,0.7324050570971733,3.4580338837866615,0.31939168627218245,1.9220822803276896,258.2369480324979,17.069752581558244,39.493544295018424,39.493544295018424,1.4218253420071513e-05,0.16593208628598122,39.65947638130441,1.860592761556517e-05,0.3316605467242029,1262.5047593652416,True,1.9160263821977375,115.08102605381745,115.08102605381745,0.2936838059580228,115.37470985977548,121.9292746666915,0.04697101383463259,0.01596376223975713,58.01283708077747,58.01283708077747,0.0,0.003521210778609966,0.027508211601550328,0.03375915248887894,825.9085790588666,256.511326109319,0.008507963706877593,0.0031939168627218247,4.265476026021454e-07,1.860592761556517e-07,0.003316605467242029,1262.5047593652416
269.4245043836465,0.0034961093775185415,0.03334603918418322,125,88.15035432943715,88.15035441758751,39.83903217818266,39.83903217818266,0.09539273322509811,39.93442491140776,0.0,0.08857386287158003,2.9968822891852946,0.027125416616655764,0.24469795571486538,0.02373414990837467,7687.290213050255,282.71582887150885,17.814155609827953,0.02985957915951316,0.11260163850920346,0.5037855579602788,-0.5037855579602788,0.45439527614517006,-0.049390281815108725,0.8092137192707933,1.8349523570232624,1.8349523570232624,0.7324050570971733,2.5673574141204356,0.4964468993848108,2.0107850370158964,284.17563523984046,17.857509757963673,48.42771858247279,48.42771858247279,2.8641072476097493e-05,0.16593208628598122,48.59365066875878,1.3670967921710958e-05,0.23775350189644226,2427.4919963896295,True,2.005903288466102,186.85933655478132,186.85933655478132,0.2936838059580228,187.15302036073933,134.71225219182324,0.0017480546887592707,0.006669207836836644,88.15035432943715,88.15035432943715,0.0,0.004428693143579002,0.027125416616655764,0.03560122486256201,1921.8225532625638,282.71582887150885,0.008092137192707934,0.004964468993848108,8.592321742829248e-07,1.367096792171096e-07,0.0023775350189644225,2427.4919963896295
59.4869525301241,0.05259737380793261,0.07715525642344856,150,51.48917921247766,51.48917926396683,32.661917706508504,32.661917706508504,0.09539273322509811,32.7573104397336,0.0,0.06203196164064233,3.16295522867955,0.0012474291257768154,0.1153189626939526,0.0042748566982278345,2596.070066268526,65.81717534776038,9.112778522045353,0.005923243076214829,0.11260163850920346,0.38999192033342067,-0.38999192033342067,0.45439527614517006,0.06440335581174939,1.4032377921828807,2.3634265567381285,2.3634265567381285,0.7324050570971733,3.0958316138353017,0.3776395403396234,1.0361903131061332,67.27716629437295,9.202265924387781,44.48234142340901,44.48234142340901,1.513540750402115e-05,0.16593208628598122,44.648273509694995,3.4378125140403995e-05,0.2078774813086211,796.1397267888573,True,1.0261138840815693,101.01712954158853,101.01712954158853,0.2936838059580228,101.31081334754656,29.74347626506205,0.026298686903966306,0.015431051284689712,51.48917921247766,51.48917921247766,0.0,0.0031015980820321165,0.0012474291257768154,0.006412285047341752,649.0175165671315,65.81717534776038,0.014032377921828806,0.003776395403396234,4.540622251206345e-07,3.4378125140403997e-07,0.002078774813086211,796.1397267888573
68.64130255472786,0.03907984785336649,0.06994132105622379,175,92.31522008487295,92.31522017718817,32.78356858072141,32.78356858072141,0.09539273322509811,32.878961313946505,0.0,0.08681404956496794,4.424153947164145,0.01807609058267498,0.21444735245691893,0.009838160739847387,8435.897630735128,75.42930629907094,9.685004680428845,0.012430546153279477,0.11260163850920346,0.3678629590734494,-0.3678629590734494,0.45439527614517006,0.08653231707172064,1.9766832199366406,2.6541463368942786,2.6541463368942786,0.7324050570971733,3.3865513939914518,0.5211710053240199,1.123496445998596,80.5976586001271,9.977619873893476,57.60582774606851,57.60582774606851,0.00016849288419084165,0.16593208628598122,57.7717598323545,5.93396829441371e-05,0.38619105744087395,2311.1391336684082,True,1.0905474928356391,195.47410520752553,195.47410520752553,0.2936838059580228,195.76778901348354,34.32065127736393,0.019539923926683245,0.013988264211244758,92.31522008487295,92.31522008487295,0.0,0.004340702478248397,0.01807609058267498,0.01475724110977108,2108.974407683782,75.42930629907094,0.019766832199366407,0.005211710053240199,5.0547865257252495e-06,5.93396829441371e-07,0.0038619105744087394,2311.1391336684082
96.85052707974697,0.00504750473788651,0.033187343949003224,200,58.34475325419301,58.34475331253776,31.400335173973083,31.400335173973083,0.09539273322509811,31.49572790719818,0.0,0.06933240377224248,2.750265132919022,0.010238423326107037,0.18118509438700464,0.005242597993059645,3344.060730224749,104.88354031046353,11.241266538395704,0.008882673807892972,0.11260163850920346,0.41106776751147067,-0.41106776751147067,0.45439527614517006,0.04332750863369941,1.2314534401032775,1.74804635508801,1.74804635508801,0.7324050570971733,2.4804514121851833,0.32879398402499665,1.2789569210774836,107.2932045064805,11.3582433118015,46.940341020091005,46.940341020091005,1.8088854324802945e-05,0.16593208628598122,47.10627310637699,3.134299221030899e-05,0.15046762420892165,1047.7165778289593,True,1.2657851435547034,117.59230369635218,117.59230369635218,0.2936838059580228,117.8859875023102,48.425263539873484,0.002523752368943255,0.0066374687898006456,58.34475325419301,58.34475325419301,0.0,0.0034666201886121243,0.010238423326107037,0.007863896989589468,836.0151825561873,104.88354031046353,0.012314534401032775,0.0032879398402499665,5.426656297440883e-07,3.134299221030899e-07,0.0015046762420892167,1047.7165778289593
280.76799431976417,0.09643688687322316,0.08535174212973311,225,83.08710027183764,83.08710035492474,58.539967670689315,58.539967670689315,0.09539273322509811,58.63536040391441,0.0,0.07611887157696212,4.4574995112258256,0.02605254696366685,0.24140801393879688,0.009928172256020823,6813.136566394928,294.33290074855535,18.156133035989065,0.013126954712440072,0.11260163850920346,0.44174364549073497,-0.44174364549073497,0.45439527614517006,0.01265163065443508,1.3014888944884686,2.7919417273322886,2.7919417273322886,0.7324050570971733,3.524346784429462,0.321869792542629,2.052596384622774,296.83260649595127,18.228830676977218,70.74525882345783,70.74525882345783,3.596951635225599e-05,0.16593208628598122,70.91119090974381,3.1080946220915444e-05,0.3745144958777863,2221.21815944152,True,2.0444105104047776,161.4853606058646,161.4853606058646,0.2936838059580228,161.7790444118226,140.38399715988209,0.04821844343661158,0.01707034842594662,83.08710027183764,83.08710027183764,0.0,0.003805943578848106,0.02605254696366685,0.014892258384031236,1703.284141598732,294.33290074855535,0.013014888944884687,0.00321869792542629,1.0790854905676796e-06,3.1080946220915443e-07,0.003745144958777863,2221.21815944152
48.21861786889394,0.3543842571402369,0.0837347945741023,250,13.00365872651035,13.00365873951401,16.410898243163118,16.410898243163118,0.09539273322509811,16.506290976388215,0.0,0.06986663032359915,3.3030827171886576,0.022231244597302597,0.2291014573949651,0.00964057571984499,153.014319228961,53.9337880225519,8.343962692072441,0.013840277902154618,0.11260163850920346,0.424958165151006,-0.424958165151006,0.45439527614517006,0.02943711099416407,0.972372059378542,0.8712851994459735,0.8712851994459735,0.7324050570971733,1.6036902565431468,0.32466733144808396,0.9447114616957105,54.60995140070411,8.389854626493278,19.793170261764438,19.793170261764438,8.342681858552097e-05,0.16593208628598122,19.95910234805042,2.929956741210431e-05,0.3143384767363921,129.55057659240356,True,0.939543954226648,13.544327431406215,13.544327431406215,0.2936838059580228,13.838011237364238,24.10930893444697,0.17719212857011846,0.016746958914820458,13.00365872651035,13.00365872651035,0.0,0.0034933315161799574,0.022231244597302597,0.014460863579767485,38.25357980724025,53.9337880225519,0.00972372059378542,0.0032466733144808396,2.502804557565629e-06,2.929956741210431e-07,0.003143384767363921,129.55057659240356
115.9224850384553,0.8433174322857309,0.13343014528812436,275,20.315894783712146,20.31589480402804,19.568072762910358,19.568072762910358,0.09539273322509811,19.663465496135455,0.0,0.07517183272759664,2.984161001784843,0.03285802815548554,0.2612678354134719,0.013917352045666192,388.75898326167555,124.69586941537774,12.166730471153038,0.016383126428288416,0.11260163850920346,0.45966004698243185,-0.45966004698243185,0.45439527614517006,-0.005264770837261769,1.0371835299511594,2.258398797588601,2.258398797588601,0.7324050570971733,2.9908038546857743,0.40609423295130814,1.379523269747003,126.59308931286868,12.251359442879277,21.596041064157916,21.596041064157916,1.1613444409394757e-05,0.16593208628598122,21.761973150443897,3.09025332829193e-05,0.19617165049086505,300.68498507835983,True,1.3699939080189898,34.77165217033233,34.77165217033233,0.2936838059580228,35.065335976290356,57.96124251922765,0.42165871614286543,0.026686029057624874,20.315894783712146,20.315894783712146,0.0,0.0037585916363798324,0.03285802815548554,0.020876028068499287,97.18974581541889,124.69586941537774,0.010371835299511594,0.004060942329513081,3.484033322818427e-07,3.09025332829193e-07,0.0019617165049086505,300.68498507835983
107.13105027961606,0.04128755024455344,0.0326450616103768,300,35.85947236947562,35.85947240533509,18.83543337582363,18.83543337582363,0.09539273322509811,18.930826109048727,0.0,0.05806927428564516,1.9321425936658179,0.021408881871999803,0.2263177428475433,0.013945026950422948,1249.020409060356,115.57138071861151,11.75041304874429,0.022115071629474063,0.11260163850920346,0.48501014171882456,-0.48501014171882456,0.45439527614517006,-0.030614865573654525,0.48165850485527073,1.3999940687623513,1.3999940687623513,0.7324050570971733,2.1323991258595245,0.15444218740712926,1.3253326334495865,115.99504833452949,11.770099736517276,29.805029373876494,29.805029373876494,1.4585972297096373e-06,0.16593208628598122,29.970961460162474,1.3064479206370744e-05,0.13870519122251881,517.3316313996781,True,1.3231158799526623,72.00139068991705,72.00139068991705,0.2936838059580228,72.29507449587507,53.56552513980803,0.02064377512227672,0.00652901232207536,35.85947236947562,35.85947236947562,0.0,0.002903463714282258,0.021408881871999803,0.020917540425634422,312.255102265089,115.57138071861151,0.004816585048552708,0.0015444218740712926,4.3757916891289115e-08,1.3064479206370744e-07,0.0013870519122251882,517.3316313996781
89.8873637351735,0.9993791511489384,0.153318495112646,325,44.5494154762402,44.549415520789616,22.25087043267164,22.25087043267164,0.09539273322509811,22.346263165896737,4.919109403086798e-05,0.07458771238711426,2.0557749851076053,0.009605064682918638,0.1780054319051686,0.009636959980398175,1938.8579254147553,97.63207947081654,10.880894669553792,0.0138827364747422,0.11260163850920346,0.4642814487674624,-0.4642814487674624,0.45439527614517006,-0.009886172622292353,0.7849724896772093,1.2936109960479554,1.2936109960479554,0.7324050570971733,2.0260160531451286,0.3024724001824639,1.2276489765767264,98.06117782128543,10.902584401119004,38.26660637749246,38.26660637749246,2.9547757945849614e-05,0.16593208628598122,38.43253846377844,1.9426288214560372e-05,0.18452112575243776,672.4107680295242,True,1.2252066770467616,89.22964042786231,89.22964042786231,0.2936838059580228,89.52332423382033,44.94368186758675,0.4996895755744692,0.030663699022529203,44.5494154762402,44.5494154762402,0.0002459554701543399,0.003729385619355713,0.009605064682918638,0.014455439970597263,484.7144813536888,97.63207947081654,0.007849724896772093,0.0030247240018246393,8.864327383754884e-07,1.942628821456037e-07,0.0018452112575243777,672.4107680295242
62.19800011104489,0.2553120516125549,0.07284665138843643,350,34.1561632504029,34.156163284559064,30.621409415152808,30.621409415152808,0.09539273322509811,30.716802148377905,0.0,0.05838122949072928,4.0801702004525415,0.011730803619177704,0.18830883444658475,0.0028060384185393883,1125.6534288692835,68.66725680823743,9.286570871490657,0.010583836601093277,0.11260163850920346,0.2582351668632452,-0.2582351668632452,0.45439527614517006,0.19616010928192484,2.710696324879246,2.64789807672786,2.64789807672786,0.7324050570971733,3.3803031338250333,0.1881671291524656,1.0621213479632434,71.10799960094356,9.432555935239538,43.98973557775898,43.98973557775898,0.000185947984262995,0.16593208628598122,44.15566766404496,9.446955502925858e-05,0.41300383607962676,415.5299868063254,True,1.045683189127398,54.34493399765607,54.34493399765607,0.2936838059580228,54.638617803614096,31.099000055522446,0.12765602580627744,0.014569330277687288,34.1561632504029,34.1561632504029,0.0,0.0029190614745364645,0.011730803619177704,0.004209057627809083,281.4133572173209,68.66725680823743,0.027106963248792464,0.001881671291524656,5.57843952788985e-06,9.446955502925858e-07,0.004130038360796268,415.5299868063254
116.52527023146519,0.7122717686756901,0.11989522728846184,375,59.873869051157655,59.873869111031524,37.907465957538186,37.907465957538186,0.09539273322509811,38.00285869076328,0.0,0.08531245882922633,4.268605786692451,0.021129134032763383,0.22535863934683545,0.015227571592659694,3519.7333271547627,125.32101993534948,12.194687129855371,0.02112236242566106,0.11260163850920346,0.4557507601413385,-0.4557507601413385,0.45439527614517006,-0.0013554839961684242,1.4044599144134264,1.6776018369424133,1.6776018369424133,0.7324050570971733,2.4100068940395865,0.3193763074956533,1.3794365994157372,126.575769394242,12.250589735397963,57.55000893391791,57.55000893391791,4.764343485027799e-05,0.16593208628598122,57.71594102020389,2.6176265630129815e-05,0.3924820376795947,1123.8403718087507,True,1.3731418738756815,114.77107410549944,114.77107410549944,0.2936838059580228,115.06475791145746,58.26263511573259,0.35613588433784504,0.02397904545769237,59.873869051157655,59.873869051157655,0.0,0.004265622941461317,0.021129134032763383,0.02284135738898954,879.9333317886907,125.32101993534948,0.014044599144134265,0.0031937630749565332,1.4293030455083396e-06,2.617626563012982e-07,0.003924820376795948,1123.8403718087507
88.39170573655814,0.10310340408699448,0.04877924093190809,400,39.31553435151082,39.31553439082635,35.53930031501171,35.53930031501171,0.09539273322509811,35.634693048236805,0.0,0.06102314151608497,3.5929291002662938,0.013238997009259165,0.19506084046824604,0.004026294184211345,1498.8701864407933,96.07305479582918,10.801686324088788,0.005542569108435866,0.11260163850920346,0.3625498285572029,-0.3625498285572029,0.45439527614517006,0.09184544758796714,2.2892500919007954,1.802153450499914,1.802153450499914,0.7324050570971733,2.534558507597087,0.19275920715295344,1.2304916969531141,98.56181279822151,10.927830216025127,47.57274770357658,47.57274770357658,0.00015234788295324917,0.16593208628598122,47.738679789862566,6.041534064819035e-05,0.21716649935371574,554.4126227039827,True,1.2162876867717156,64.79945086029025,64.79945086029025,0.2936838059580228,65.09313466624828,44.19585286827907,0.05155170204349724,0.009755848186381618,39.31553435151082,39.31553435151082,0.0,0.003051157075804249,0.013238997009259165,0.0060394412763170174,374.7175466101983,96.07305479582918,0.022892500919007956,0.0019275920715295346,4.570436488597475e-06,6.041534064819036e-07,0.0021716649935371573,554.4126227039827
149.44536520387635,0.1657594512218914,0.13654725009047192,425,46.84611301095292,46.84611305779903,32.60713013009208,32.60713013009208,0.09539273322509811,32.70252286331718,0.0,0.08258610192523952,3.305775614283067,0.03812080870408545,0.27524550879363513,0.023352110727207737,2144.788425269008,159.38519310269342,13.624784873521348,0.02682054459376715,0.11260163850920346,0.4551784137556611,-0.4551784137556611,0.45439527614517006,-0.000783137610491049,0.9877576993863859,1.8047835870911206,1.8047835870911206,0.7324050570971733,2.537188644188294,0.3688279989969674,1.5409147019061025,160.90047013183582,13.684654907873364,35.675451570574175,35.675451570574175,2.8189628856504648e-05,0.16593208628598122,35.84138365686016,2.684523727302469e-05,0.2639281235810675,817.3547687407175,True,1.534173237341763,92.91589924146845,92.91589924146845,0.2936838059580228,93.20958304742648,74.72268260193817,0.0828797256109457,0.027309450018094386,46.84611301095292,46.84611301095292,0.0,0.0041293050962619765,0.03812080870408545,0.03502816609081161,536.197106317252,159.38519310269342,0.00987757699386386,0.003688279989969674,8.456888656951394e-07,2.684523727302469e-07,0.002639281235810675,817.3547687407175
164.82096682498747,0.034157510924780254,0.04237665976254708,450,84.73760081448388,84.73760089922148,55.748300738689174,55.748300738689174,0.09539273322509811,55.84369347191427,0.0,0.08354247949012088,4.325000896956878,0.02691035194813039,0.2440437501038378,0.007935725452258523,7087.152639855926,175.2515762892789,14.238261830364245,0.00959043772001902,0.11260163850920346,0.45159911904613864,-0.45159911904613864,0.45439527614517006,0.0027961570990314034,2.099396825188868,2.1599784323455182,2.1599784323455182,0.7324050570971733,2.8923834894426914,0.25465522671848106,1.6223452776339908,179.76987391970997,14.407828829445503,83.64778249643776,83.64778249643776,0.0002894173815802673,0.16593208628598122,83.81371458272373,8.152267076459816e-05,0.3547213314612164,2114.2834628633354,True,1.6032517540046825,160.6007815372126,160.6007815372126,0.2936838059580228,160.89446534317062,82.41048341249373,0.017078755462390127,0.008475331952509416,84.73760081448388,84.73760081448388,0.0,0.004177123974506044,0.02691035194813039,0.011903588178387785,1771.7881599639816,175.2515762892789,0.02099396825188868,0.002546552267184811,8.68252144740802e-06,8.152267076459816e-07,0.0035472133146121645,2114.2834628633354
72.5268794175589,0.2690251797290206,0.07436549517246221,475,46.67996246429928,46.679962510979244,24.81038067292,24.81038067292,0.09539273322509811,24.905773406145098,0.0,0.0639108954781407,2.101014354519861,0.016494467783711348,0.20843078985862912,0.009536657235725169,2130.820944076908,79.49989657790995,9.916271450438796,0.01345100062220358,0.11260163850920346,0.41356287367623545,-0.41356287367623545,0.45439527614517006,0.04083240246893458,0.6660162383729044,2.0516244201049947,2.0516244201049947,0.7324050570971733,2.784029477202168,0.29162928305447366,1.1237345004451227,80.63562276845764,9.979734003212881,38.713036602492686,38.713036602492686,4.117916961238214e-06,0.16593208628598122,38.87896868877867,1.84587132212749e-05,0.2907285396305282,695.3443995062609,True,1.1165885123841583,93.68276314776023,93.68276314776023,0.2936838059580228,93.97644695371825,36.26343970877945,0.1345125898645103,0.014873099034492444,46.67996246429928,46.67996246429928,0.0,0.0031955447739070355,0.016494467783711348,0.014304985853587754,532.705236019227,79.49989657790995,0.006660162383729044,0.0029162928305447367,1.235375088371464e-07,1.8458713221274901e-07,0.002907285396305282,695.3443995062609
130.62538897520884,0.09053989404742169,0.046888045292889834,500,106.61791994916827,106.61792005578619,41.71465048057782,41.71465048057782,0.09539273322509811,41.81004321380292,0.0,0.07908796280369759,3.6821813732457658,0.01571283508072461,0.2053508479457742,0.006269150208873855,11264.594812234827,139.9287061491963,12.8291464674843,0.010179175480203882,0.11260163850920346,0.4812681059499192,-0.4812681059499192,0.45439527614517006,-0.026872829804749164,1.1892447221898852,1.958492197040803,1.958492197040803,0.7324050570971733,2.690897254137976,0.21830692634002827,1.449027959977061,140.86416893961533,12.868621189490181,74.97181718736957,74.97181718736957,7.278679222363896e-05,0.16593208628598122,75.13774927365554,4.739128832132879e-05,0.27787254284245255,3128.1085990587226,True,1.4445830412047562,222.42291167355324,222.42291167355324,0.2936838059580228,222.71659547951126,65.31269448760442,0.045269947023710844,0.009377609058577967,106.61791994916827,106.61791994916827,0.0,0.00395439814018488,0.01571283508072461,0.009403725313310782,2816.148703058707,139.9287061491963,0.011892447221898852,0.0021830692634002826,2.1836037667091686e-06,4.739128832132879e-07,0.0027787254284245256,3128.1085990587226
88.19394751022723,0.439933910233419,0.09310207828562674,525,17.9278718610187,17.927871878946572,17.95328411636145,17.95328411636145,0.09539273322509811,18.048676849586546,0.0,0.08991506892690915,2.8517194388558407,0.0252737395156214,0.23897716664861465,0.017322155153534628,300.1163538355453,95.86687812394553,10.791163267147859,0.02032803849151209,0.11260163850920346,0.4403420350341001,-0.4403420350341001,0.45439527614517006,0.014053241111069996,1.10981427174281,0.8648206287176085,0.8648206287176085,0.7324050570971733,1.5972256858147817,0.33634072526809317,1.221282151060135,96.94453293307221,10.846041485443386,20.06916550950347,20.06916550950347,1.5539406094016675e-05,0.16593208628598122,20.23509759578945,2.44649610446534e-05,0.14585199011544353,233.23107307613333,True,1.2151027732128108,29.681801156622946,29.681801156622946,0.2936838059580228,29.975484962580968,44.096973755113616,0.2199669551167095,0.01862041565712535,17.9278718610187,17.9278718610187,0.0,0.004495753446345458,0.0252737395156214,0.025983232730301942,75.02908845888632,95.86687812394553,0.011098142717428101,0.003363407252680932,4.661821828205002e-07,2.44649610446534e-07,0.0014585199011544353,233.23107307613333
230.63095742073438,0.001134046003989142,0.021878520144250492,550,90.05879329010745,90.05879338016624,63.27281644056017,63.27281644056017,0.09539273322509811,63.36820917378527,0.0,0.08051525104657169,4.470722524162413,0.022727871664712306,0.23075765872655463,0.013611567268298302,8012.432275620052,242.9401883737318,16.586538691246744,0.016367234150907323,0.11260163850920346,0.499856994735251,-0.499856994735251,0.45439527614517006,-0.04546171859008095,2.1143031731980635,2.301103535263126,2.301103535263126,0.7324050570971733,3.0335085923602993,0.335688867021105,1.876056611287951,245.26707273317314,16.661004844299523,78.2344882962569,78.2344882962569,0.00027722982114609755,0.16593208628598122,78.40042038254288,6.299227625571349e-05,0.38488782750823824,2451.5030007368646,True,1.8676715996960693,174.42276781333396,174.42276781333396,0.2936838059580228,174.71645161929197,115.31547871036719,0.000567023001994571,0.004375704028850099,90.05879329010745,90.05879329010745,0.0,0.004025762552328584,0.022727871664712306,0.02041735090244745,2003.108068905013,242.9401883737318,0.021143031731980635,0.00335688867021105,8.316894634382926e-06,6.29922762557135e-07,0.0038488782750823827,2451.5030007368646
275.2203853219598,0.06222654796913507,0.046450262979507814,575,66.29134697101588,66.29134703730723,48.051067087767294,48.051067087767294,0.09539273322509811,48.14645982099239,0.0,0.10154227379008658,3.5840164745988012,0.0315501870458917,0.25762372320692895,0.015224980452496767,4323.754176744465,288.6521993127469,17.98976748848397,0.018797384773266545,0.11260163850920346,0.5130630940121363,-0.5130630940121363,0.45439527614517006,-0.058667817866966294,1.5759815664447083,2.7322729447625265,2.7322729447625265,0.7324050570971733,3.4646780018596997,0.45341216666867423,2.0385916418930305,292.56243052892034,18.104456452308572,49.06155793016537,49.06155793016537,2.8495775699400347e-05,0.16593208628598122,49.227490016451355,2.4042906940744484e-05,0.21665017766015518,1573.6146127632637,True,2.0256774755005678,131.33561358638525,131.33561358638525,0.2936838059580228,131.62929739234326,137.6101926609799,0.031113273984567535,0.009290052595901563,66.29134697101588,66.29134697101588,0.0,0.00507711368950433,0.0315501870458917,0.02283747067874515,1080.9385441861164,288.6521993127469,0.015759815664447084,0.004534121666686743,8.548732709820104e-07,2.4042906940744487e-07,0.0021665017766015517,1573.6146127632637
186.45158355977568,0.6503402891664972,0.10968869726183028,600,72.82278661699603,72.82278668981881,36.31901575754859,36.31901575754859,0.09539273322509811,36.41440849077369,0.0,0.06996154048465866,5.5252173533493405,0.016049334531681596,0.20668596817201818,0.00423778628389086,5229.840967689063,197.5353655732661,15.054727516863004,0.008187214577729316,0.11260163850920346,0.4081895035409911,-0.4081895035409911,0.45439527614517006,0.04620577260417897,3.2560658849671262,2.0104970018721016,2.0104970018721016,0.7324050570971733,2.7429020589692747,0.24967783846228248,1.72096499575541,204.02286295278233,15.283657198098194,54.69384071791745,54.69384071791745,0.0003509667358414927,0.16593208628598122,54.85977280420344,0.00011845611279081655,0.5841908289310003,1671.45810892652,True,1.6951871362556412,149.0003203735312,149.0003203735312,0.2936838059580228,149.2940041794892,93.22579177988784,0.3251701445832486,0.02193773945236606,72.82278661699603,72.82278661699603,0.0,0.0034980770242329334,0.016049334531681596,0.00635667942583629,1307.4602419222658,197.5353655732661,0.03256065884967126,0.0024967783846228248,1.052900207524478e-05,1.1845611279081656e-06,0.005841908289310003,1671.45810892652
12.055058004425451,0.09099372361853819,0.07462613119362,625,5.45979042238845,5.45979042784824,7.967706509631575,7.967706509631575,0.09539273322509811,8.063099242856673,0.0,0.050760289315860976,2.439784621567385,0.00011353097277861258,0.09065509140170147,0.0019290608488188334,23.288422150843786,14.992689571576191,4.872039458938428,0.0030743562106785955,0.11260163850920346,0.3189198936493918,-0.3189198936493918,0.45439527614517006,0.13547538249577828,0.4390588876222346,0.46225202077076555,0.46225202077076555,0.7324050570971733,1.1946570778679388,0.2039600663130183,0.5500715163453987,15.094085039150325,4.885110685572591,7.906586258670567,7.906586258670567,2.1211633259046188e-05,0.16593208628598122,8.072518344956547,1.6485183226832783e-05,0.23216023639631364,32.37683435175225,True,0.5485996746783546,4.767883960565816,4.767883960565816,0.2936838059580228,5.061567766523838,6.0275290022127255,0.045496861809269096,0.014925226238723999,5.45979042238845,5.45979042238845,0.0,0.002538014465793049,0.00011353097277861258,0.00289359127322825,5.8221055377109465,14.992689571576191,0.004390588876222346,0.002039600663130183,6.363489977713856e-07,1.6485183226832783e-07,0.0023216023639631364,32.37683435175225
180.45485749058693,0.10151820121544497,0.08739070319351354,650,64.215434043199,64.21543410741442,47.26695874182097,47.26695874182097,0.09539273322509811,47.36235147504607,0.0,0.09797635713222075,4.519127349204691,0.024314429955015655,0.23593084991436317,0.03366159107405471,4051.592741505695,191.36153645638728,14.833348707250435,0.037983665005200395,0.11260163850920346,0.30807070100981204,-0.30807070100981204,0.45439527614517006,0.146324575135358,2.222941252387209,5.31333962036405,5.31333962036405,0.7324050570971733,6.045744677461223,0.34441046459529934,1.6781201136804909,193.2977912326644,14.903157599360815,62.191570208613605,62.191570208613605,0.00012860608667478337,0.16593208628598122,62.35750229489959,4.728269206297271e-05,0.3426524310685552,1358.879631869463,True,1.670259517348261,120.36538791872998,120.36538791872998,0.2936838059580228,120.659071724688,90.22742874529347,0.050759100607722485,0.01747814063870271,64.215434043199,64.215434043199,0.0,0.004898817856611038,0.024314429955015655,0.05049238661108207,1012.8981853764237,191.36153645638728,0.02222941252387209,0.0034441046459529933,3.858182600243501e-06,4.728269206297271e-07,0.003426524310685552,1358.879631869463
72.4679646453358,0.05718454660786565,0.06240309935278107,675,16.63405096345259,16.634050980086645,12.467938291747325,12.467938291747325,0.09539273322509811,12.563331024972424,0.0,0.08131001945173869,1.3734144138019126,0.035606407647300636,0.26869660210851876,0.01898195004936001,258.1517308611319,79.43821408078344,9.912811794309551,0.01981336684852583,0.11260163850920346,0.4040411358481174,-0.4040411358481174,0.45439527614517006,0.050354140297052666,0.4023603779315313,1.7996323690144065,1.7996323690144065,0.7324050570971733,2.5320374261115797,0.2527589811857766,1.1195909001431996,79.97609088139279,9.9429352497596,16.480335629516777,16.480335629516777,3.3774626692577516e-06,0.16593208628598122,16.646267715802757,5.410826166374261e-06,0.0309816356629376,196.96025897443522,True,1.1161989494007305,30.870785322521456,30.870785322521456,0.2936838059580228,31.164469128479478,36.2339823226679,0.028592273303932825,0.012480619870556216,16.63405096345259,16.63405096345259,0.0,0.004065500972586934,0.035606407647300636,0.028472925074040013,64.53793271528298,79.43821408078344,0.0040236037793153125,0.002527589811857766,1.0132388007773255e-07,5.410826166374261e-08,0.000309816356629376,196.96025897443522
148.87371384953212,0.14809696121567462,0.12726038492344818,700,50.660569040287925,50.66056909094849,38.72334031612932,38.72334031612932,0.09539273322509811,38.818733049354414,0.0,0.04867544816791018,3.0955486307967335,0.019623524394024015,0.22008399049864338,0.02433597577033852,2511.8274653130147,158.79481915906038,13.601381636910311,0.03208573851900381,0.11260163850920346,0.46674085294739204,-0.46674085294739204,0.45439527614517006,-0.01234557680222198,0.7606257482153258,2.55313082841993,2.55313082841993,0.7324050570971733,3.285535885517103,0.1823665406280237,1.5380409412840361,160.25365916680974,13.659133428746603,37.957807915695206,37.957807915695206,7.375934116997268e-05,0.16593208628598122,38.12374000198119,2.7530730478536904e-05,0.1868458333457374,912.0184741397279,True,1.5315379943189091,99.42553853029618,99.42553853029618,0.2936838059580228,99.7192223362542,74.43685692476606,0.07404848060783731,0.02545207698468964,50.660569040287925,50.660569040287925,0.0,0.002433772408395509,0.019623524394024015,0.03650396365550778,627.9568663282537,158.79481915906038,0.007606257482153258,0.0018236654062802372,2.21278023509918e-06,2.7530730478536906e-07,0.001868458333457374,912.0184741397279
136.56016750249586,0.0047469069899575,0.010816238708337202,725,92.49423663429722,92.49423672679146,32.152358251775865,32.152358251775865,0.09539273322509811,32.24775098500096,0.0,0.08251466522374867,2.4397421629272458,0.025092505262386933,0.23840614022943343,0.0156310255187767,8472.99877241782,146.06888437710478,13.085896093261136,0.023054498966295814,0.11260163850920346,0.4679361511385476,-0.4679361511385476,0.45439527614517006,-0.01354087499337752,1.119506933477223,1.4558228573022993,1.4558228573022993,0.7324050570971733,2.1882279143994725,0.2964694219603426,1.478566292832487,147.15987816469337,13.130947125624337,42.978655055216684,42.978655055216684,1.5362062578129432e-05,0.16593208628598122,43.14458714150267,1.496194207449401e-05,0.14292006164577536,2425.1656889197957,True,1.473493472321349,199.7314242236796,199.7314242236796,0.2936838059580228,200.0251080296376,68.28008375124793,0.00237345349497875,0.0021632477416674407,92.49423663429722,92.49423663429722,0.0,0.004125733261187434,0.025092505262386933,0.02344653827816505,2118.249693104455,146.06888437710478,0.01119506933477223,0.002964694219603426,4.6086187734388293e-07,1.496194207449401e-07,0.0014292006164577536,2425.1656889197957
87.12879146324113,0.5397357735565952,0.10138335722629775,750,34.91861856921649,34.918618604135105,36.12416115194177,36.12416115194177,0.09539273322509811,36.21955388516687,0.0,0.05505387091440038,3.7313002151333325,0.00447731286092673,0.14691272570241576,0.0067492130639719705,1176.4409724688676,94.75621582084091,10.734280446999712,0.012435684170372491,0.11260163850920346,0.40353591132758393,-0.40353591132758393,0.45439527614517006,0.05085936481758611,1.2432134494357516,2.247797484829416,2.247797484829416,0.7324050570971733,2.980202541926589,0.1705587082660728,1.2143214111978815,95.73104117736209,10.784224096849075,45.9369430959237,45.9369430959237,7.263696362408451e-05,0.16593208628598122,46.10287518220969,4.4646257372819955e-05,0.3106484998315261,467.67421845526786,True,1.208697673892277,51.73177390551309,51.73177390551309,0.2936838059580228,52.02545771147111,43.564395731620564,0.2698678867782976,0.02027667144525955,34.91861856921649,34.91861856921649,0.0,0.002752693545720019,0.00447731286092673,0.010123819595957956,294.1102431172169,94.75621582084091,0.012432134494357516,0.001705587082660728,2.1791089087225353e-06,4.464625737281996e-07,0.003106484998315261,467.67421845526786
86.66543437665963,0.14594457125084637,0.09989232245916092,775,83.62551912291454,83.62551920654006,44.02187853152558,44.02187853152558,0.09539273322509811,44.11727126475068,0.0,0.07413336918986405,4.43536858100696,0.029577533850007626,0.25198120202512725,0.008059230567382416,6905.985247119641,94.27297611880934,10.709427177687123,0.011502942731273561,0.11260163850920346,0.44908111957997854,-0.44908111957997854,0.45439527614517006,0.005314156565191508,1.1966703840491875,1.543468624423193,1.543468624423193,0.7324050570971733,2.275873681520366,0.2995324503621796,1.211060995240251,95.165269048479,10.755268784020203,73.72194684679232,73.72194684679232,0.00012246944748894788,0.16593208628598122,73.8878789330783,8.154718920160741e-05,0.425044069126276,1947.8850649668325,True,1.2058991547968363,166.10449153242303,166.10449153242303,0.2936838059580228,166.39817533838104,43.332717188329816,0.07297228562542318,0.019978464491832187,83.62551912291454,83.62551912291454,0.0,0.0037066684594932024,0.029577533850007626,0.012088845851073624,1726.4963117799102,94.27297611880934,0.011966703840491874,0.0029953245036217963,3.674083424668436e-06,8.154718920160741e-07,0.00425044069126276,1947.8850649668325
118.91317758474116,0.03092612516387716,0.06135183863566177,800,91.10550647355764,91.10550656466314,49.999760355178736,49.999760355178736,0.09539273322509811,50.09515308840383,0.0,0.0770593781016571,3.0046991275465755,0.00931858698374346,0.1765328285286589,0.01031728476858601,8205.462453285098,127.79696309644619,12.30473188963127,0.011943585442820506,0.11260163850920346,0.45145717679725966,-0.45145717679725966,0.45439527614517006,0.002938099347910392,1.61649427982125,2.3181504603732077,2.3181504603732077,0.7324050570971733,3.050555517470381,0.3224190386499183,1.3985696563784318,130.42799897317204,12.420507824662266,75.70960995094252,75.70960995094252,8.298888027094609e-05,0.16593208628598122,75.8755420372285,3.2708658325899036e-05,0.1847391848499126,2329.8022919387854,True,1.3855330952362472,182.38302531316018,182.38302531316018,0.2936838059580228,182.6767091191182,59.45658879237058,0.01546306258193858,0.012270367727132355,91.10550647355764,91.10550647355764,0.0,0.003852968905082855,0.00931858698374346,0.015475927152879015,2051.3656133212744,127.79696309644619,0.0161649427982125,0.003224190386499183,2.4896664081283824e-06,3.270865832589904e-07,0.001847391848499126,2329.8022919387854
27.11988148422999,0.014491911700632132,0.018833725021058657,825,13.675161778835275,13.675161792510437,11.105173052981016,11.105173052981016,0.09539273322509811,11.200565786206115,0.0,0.05920076766465103,1.8589975215365295,0.008207221166863591,0.1705937148309064,0.006204827827344705,171.45134575004658,31.446021682291875,6.607675247577366,0.008368169781715475,0.11260163850920346,0.390406987491453,-0.390406987491453,0.45439527614517006,0.06398828865371707,0.3165419108723681,1.0464629230815792,1.0464629230815792,0.7324050570971733,1.7788679801787524,0.1574944454946123,0.7464661479618658,31.688622496257434,6.6292648273338,14.838370782509921,14.838370782509921,2.3618256962595326e-05,0.16593208628598122,15.004302868795902,1.3755747531994509e-05,0.21903402167697458,101.58237939278506,True,0.7440351256906705,24.29610322614554,24.29610322614554,0.2936838059580228,24.589787032103562,13.559940742114994,0.007245955850316066,0.003766745004211732,13.675161778835275,13.675161778835275,0.0,0.0029600383832325515,0.008207221166863591,0.009307241741017058,42.862836437511646,31.446021682291875,0.003165419108723681,0.001574944454946123,7.085477088778598e-07,1.375574753199451e-07,0.002190340216769746,101.58237939278506
105.46469049399792,0.05708485855199774,0.051519570018311145,850,67.94214361768057,67.94214368562271,32.74961095969444,32.74961095969444,0.09539273322509811,32.84500369291953,0.0,0.08328988712323221,4.347477954750369,0.02422669086218064,0.23564925589986174,0.009168837374448478,4548.125307108628,113.84037074070658,11.66960030838581,0.016655921043817058,0.11260163850920346,0.4727743374608311,-0.4727743374608311,0.45439527614517006,-0.01837906131566104,1.5248378405354375,1.587225004763793,1.587225004763793,0.7324050570971733,2.319630061860966,0.28391879012148585,1.3210411621318445,115.17556129337967,11.731987760586557,50.96050007730103,50.96050007730103,4.225130051885488e-05,0.16593208628598122,51.12643216358701,4.415539907579273e-05,0.36461316206499805,1371.648912574123,True,1.3140162321677513,139.31411291774845,139.31411291774845,0.2936838059580228,139.60779672370646,52.73234524699896,0.02854242927599887,0.01030391400366223,67.94214361768057,67.94214361768057,0.0,0.004164494356161611,0.02422669086218064,0.013753256061672717,1137.031326777157,113.84037074070658,0.015248378405354375,0.0028391879012148588,1.2675390155656462e-06,4.415539907579273e-07,0.0036461316206499806,1371.648912574123
111.87413599879702,0.09866739036807337,0.07999315216107628,875,24.39917720586959,24.39917723026877,20.057342685448166,20.057342685448166,0.09539273322509811,20.152735418673263,0.0,0.05233133688683671,2.3399424728810123,0.014063974448832683,0.19859162891550433,0.007289402233812076,567.7210487031545,120.49578164484188,11.977057057556086,0.012093586965662493,0.11260163850920346,0.4551990385660803,-0.4551990385660803,0.45439527614517006,-0.0008037624209102376,0.3880732989884474,1.9781299926073568,1.9781299926073568,0.7324050570971733,2.71053504970453,0.20576319746540261,1.3535906413678966,121.46365948865896,12.021055280174352,23.35616744321958,23.35616744321958,1.868148066835005e-05,0.16593208628598122,23.52209952950556,1.4072473170001007e-05,0.14358898841842438,342.8626109521767,True,1.348636368969605,44.99634973973727,44.99634973973727,0.2936838059580228,45.290033545695294,55.93706799939851,0.049333695184036686,0.015998630432215256,24.39917720586959,24.39917720586959,0.0,0.0026165668443418355,0.014063974448832683,0.010934103350718115,141.9302621757886,120.49578164484188,0.003880732989884474,0.002057631974654026,5.604444200505014e-07,1.4072473170001007e-07,0.001435889884184244,342.8626109521767
65.47125656512186,0.07179999049311614,0.07119661215590971,900,47.65008209410475,47.65008214175483,10.519065350234525,10.519065350234525,0.09539273322509811,10.614458083459624,0.0,0.06299104689671653,0.9333550047347048,0.008407837110748863,0.17169425887561807,0.005752259625925485,2230.891241114072,72.10440141146032,9.491431057923059,0.012583668292465993,0.11260163850920346,0.4616720280304505,-0.4616720280304505,0.45439527614517006,-0.007276751885280429,0.2791771731680308,0.8998741209923119,0.8998741209923119,0.7324050570971733,1.6322791780894852,0.2788253399676653,1.070107835147874,72.30922052873024,9.503482846971012,20.077311302750278,20.077311302750278,6.92490543459324e-07,0.16593208628598122,20.24324338903626,2.6692854754534726e-06,0.06383854289087774,710.2894656212441,True,1.0687507838335895,104.10513705430085,104.10513705430085,0.2936838059580228,104.39882086025888,32.73562828256093,0.03589999524655807,0.014239322431181943,47.65008209410475,47.65008209410475,0.0,0.0031495523448358265,0.008407837110748863,0.008628389438888228,557.722810278518,72.10440141146032,0.002791771731680308,0.002788253399676653,2.077471630377972e-08,2.6692854754534725e-08,0.0006383854289087774,710.2894656212441
83.76790727570094,0.11543799693302603,0.09774899898542677,925,44.98892021099248,44.988920255981405,20.131695985101977,20.131695985101977,0.09539273322509811,20.227088718327074,0.0,0.06638277536457035,1.888020710849002,0.036992424837634146,0.27233414891182,0.00994462142623754,1979.049006143237,91.24989202414508,10.552480935555176,0.010295927603662281,0.11260163850920346,0.4349333195695122,-0.4349333195695122,0.45439527614517006,0.01946195657565784,0.6534946177822673,2.3301579308972187,2.3301579308972187,0.7324050570971733,3.062562987994392,0.26312867843824617,1.1887465491389215,91.33810705100598,10.557097208410406,35.438251675760824,35.438251675760824,1.538181885798222e-05,0.16593208628598122,35.60418376204681,1.1388518507286643e-05,0.08658980450253703,673.0275474091532,True,1.1882267492054543,91.94150891163761,91.94150891163761,0.2936838059580228,92.23519271759564,41.88395363785047,0.057718998466513016,0.019549799797085356,44.98892021099248,44.98892021099248,0.0,0.003319138768228518,0.036992424837634146,0.014916932139356312,494.76225153580924,91.24989202414508,0.006534946177822673,0.002631286784382462,4.614545657394665e-07,1.1388518507286643e-07,0.0008658980450253703,673.0275474091532
39.88868541200172,6.889163247414398e-05,0.009405174379210877,950,28.60088399627085,28.600884024871732,16.205202648859988,16.205202648859988,0.09539273322509811,16.300595382085085,0.0,0.06513410721600864,1.9090316007853487,0.004609822829574346,0.14789567607421217,0.0019562944343866277,788.0262046223523,45.10128461079843,7.715748998495881,0.007648862253637939,0.11260163850920346,0.41145570497534173,-0.41145570497534173,0.45439527614517006,0.042939571169828335,0.3413432554914928,1.5359760635773885,1.5359760635773885,0.7324050570971733,2.2683811206745617,0.2366279760474772,0.8727160631089288,45.568888911015605,7.750473236078757,25.079954971596422,25.079954971596422,2.2400986687028928e-05,0.16593208628598122,25.245887057882403,1.4072960363208559e-05,0.09680099030315131,290.6725274541698,True,0.8688060567138718,56.53239409832077,56.53239409832077,0.2936838059580228,56.8260779042788,19.94434270600086,3.444581623707199e-05,0.0018810348758421754,28.60088399627085,28.60088399627085,0.0,0.003256705360800432,0.004609822829574346,0.0029344416515799414,197.00655115558808,45.10128461079843,0.003413432554914928,0.002366279760474772,6.720296006108678e-07,1.4072960363208558e-07,0.0009680099030315131,290.6725274541698
27.926582636121378,0.0702947846377231,0.041650073241052195,975,8.22108394928666,8.221083957507744,7.098959459775353,7.098959459775353,0.09539273322509811,7.194352193000451,0.0,0.0583140613929671,1.3191301612572475,0.004079343242335791,0.14386973651374954,0.0036308922601295396,58.32646657427622,32.314231260015944,6.6845607798682165,0.006165820842939959,0.11260163850920346,0.37404727285682604,-0.37404727285682604,0.45439527614517006,0.08034800328834399,0.32017119337150496,0.8275572931865444,0.8275572931865444,0.7324050570971733,1.5599623502837177,0.15747845096658283,0.7537839518784999,32.424520114621245,6.694253253467152,8.607528640587473,8.607528640587473,9.399607866534873e-07,0.16593208628598122,8.773460726873454,5.592739799678016e-06,0.03754349848287371,69.14129397815604,True,0.7526925633731278,14.58154895873722,14.58154895873722,0.2936838059580228,14.875232764695243,13.963291318060689,0.03514739231886155,0.008330014648210439,8.22108394928666,8.22108394928666,0.0,0.002915703069648355,0.004079343242335791,0.005446338390194309,14.581616643569054,32.314231260015944,0.0032017119337150496,0.0015747845096658283,2.819882359960462e-08,5.592739799678016e-08,0.00037543498482873707,69.14129397815604
85.65452301797643,0.12581446572183896,0.09616046816836983,1000,38.19761485216767,38.19761489036528,25.725321647981936,25.725321647981936,0.09539273322509811,25.820714381207033,0.0,0.08122609290904362,2.9362431945317375,0.037733185425916124,0.2742503164113668,0.018132143494075208,1418.0459403244408,93.21850132234125,10.654972880456022,0.021381396879809545,0.11260163850920346,0.4171751661331783,-0.4171751661331783,0.45439527614517006,0.03722011001199177,1.6267290815489641,1.3231950456767314,1.3231950456767314,0.7324050570971733,2.0556001027739046,0.31167726691825537,1.203727259727738,93.89879134973361,10.69013887154016,32.52460309145766,32.52460309145766,3.593249936572863e-05,0.16593208628598122,32.69053517774364,1.9314825032631492e-05,0.15139246186853367,528.926894055641,True,1.199767511160204,74.657364379987,74.657364379987,0.2936838059580228,74.95104818594503,42.827261508988215,0.06290723286091948,0.019232093633673966,38.19761485216767,38.19761485216767,0.0,0.004061304645452181,0.037733185425916124,0.02719821524111281,354.5114850811102,93.21850132234125,0.01626729081548964,0.003116772669182554,1.0779749809718589e-06,1.9314825032631493e-07,0.0015139246186853367,528.926894055641
61.32872676671523,0.00019622025030108237,0.009217741786432664,1025,47.18433175066202,47.184331797846355,16.386123660103678,16.386123660103678,0.09539273322509811,16.481516393328775,0.0,0.06388483812671766,2.1578937355407617,0.01626981663624012,0.20755319139966713,0.014772024121172456,2184.96305036278,67.75373954648653,9.231265974714129,0.027838132545171264,0.11260163850920346,0.43326790233002166,-0.43326790233002166,0.45439527614517006,0.021127373815148384,0.532425809484392,0.8958859840345729,0.8958859840345729,0.7324050570971733,1.6282910411317462,0.24328796058406227,1.0402024918437516,67.86295589133668,9.23789754071612,20.654123653437946,20.654123653437946,3.252358107618879e-05,0.16593208628598122,20.820055739723927,1.6925344383105662e-05,0.16572744964849723,691.8961765815659,True,1.0394557665797297,102.15536026454498,102.15536026454498,0.2936838059580228,102.449044070503,30.664363383357614,9.811012515054118e-05,0.0018435483572865328,47.18433175066202,47.18433175066202,0.0,0.0031942419063358835,0.01626981663624012,0.022158036181758684,546.240762590695,67.75373954648653,0.00532425809484392,0.0024328796058406227,9.757074322856637e-07,1.6925344383105661e-07,0.0016572744964849723,691.8961765815659
148.754040659116,1.0438027841333777,0.15889009810436136,1050,96.7998213584397,96.79982145523952,52.50475281404882,52.50475281404882,0.09539273322509811,52.60014554727392,0.0,0.08611921186684768,4.387522763484362,0.02730449394122314,0.24524071514376575,0.014885472632281658,9270.724407731508,158.6712219130353,13.596476567399128,0.024013495317149858,0.11260163850920346,0.3788898181096706,-0.3788898181096706,0.45439527614517006,0.07550545803549949,1.4932623606895723,3.2096970465317347,3.2096970465317347,0.7324050570971733,3.942102103628908,0.3519150453570252,1.5387051196985626,160.40303321421334,13.66503190735078,75.43997355202976,75.43997355202976,6.470708000433318e-05,0.16593208628598122,75.60590563831573,5.0162404314266276e-05,0.34481641867496554,2648.1586859901645,True,1.5309856754058977,195.94040619180913,195.94040619180913,0.2936838059580228,196.23408999776714,74.377020329558,0.5219013920666888,0.031778019620872275,96.7998213584397,96.7998213584397,0.0,0.004305960593342384,0.02730449394122314,0.02232820894842249,2317.681101932877,158.6712219130353,0.014932623606895724,0.0035191504535702525,1.9412124001299957e-06,5.016240431426628e-07,0.0034481641867496553,2648.1586859901645
138.11520167282,0.0008616083003039066,0.00924210125582038,1075,54.479344005135744,54.47934405961509,39.47265230244134,39.47265230244134,0.09539273322509811,39.56804503566644,0.0,0.07584190864455384,2.8669745824173356,0.004129061850840485,0.14425777657871836,0.006008922443630637,2906.1620443384627,147.67699560114053,13.152242410400664,0.010138327667698902,0.11260163850920346,0.41508306996840505,-0.41508306996840505,0.45439527614517006,0.03931220617676501,1.2458405209222962,2.0487682426786327,2.0487682426786327,0.7324050570971733,2.781173299775806,0.23897892897942993,1.4860915786306967,148.78579229101044,13.1977781702657,59.421991617375625,59.421991617375625,3.6081896384448644e-05,0.16593208628598122,59.58792370366161,3.439629803667143e-05,0.2372648761635016,997.7908875623323,True,1.4809641770037745,98.72467540082125,98.72467540082125,0.2936838059580228,99.01835920677928,69.05760083641,0.0004308041501519533,0.001848420251164076,54.479344005135744,54.479344005135744,0.0,0.003792095432227692,0.004129061850840485,0.009013383665445955,726.5405110846157,147.67699560114053,0.012458405209222962,0.0023897892897942995,1.0824568915334593e-06,3.4396298036671426e-07,0.002372648761635016,997.7908875623323
53.222488013216775,0.007974444963859795,0.015668200552236933,1100,48.615680629193996,48.61568067780967,20.58925518072609,20.58925518072609,0.09539273322509811,20.68464791395119,0.0,0.07119109462068104,3.2966158689159197,0.024272458576217775,0.23579620847831237,0.006574630341658063,2314.5101869568957,59.21878755388968,8.695374425841129,0.008135973405039871,0.11260163850920346,0.4528930358715925,-0.4528930358715925,0.45439527614517006,0.001502240273577544,0.5566177142018036,0.5360450132238809,0.5360450132238809,0.7324050570971733,1.2684500703210542,0.2677585985761473,0.9820744143211615,59.624186843885916,8.721669951758228,42.5035520255223,42.5035520255223,1.7647400212347473e-05,0.16593208628598122,42.66948411180829,3.729487393597891e-05,0.2345815697780029,713.1286642315246,True,0.9791134947544796,97.91047042473191,97.91047042473191,0.2936838059580228,98.20415423068994,26.611244006608388,0.003987222481929897,0.003133640110447387,48.615680629193996,48.615680629193996,0.0,0.0035595547310340522,0.024272458576217775,0.009861945512487095,578.6275467392239,59.21878755388968,0.0055661771420180365,0.002677585985761473,5.294220063704242e-07,3.729487393597891e-07,0.002345815697780029,713.1286642315246
35.65277658885855,0.11870290172014564,0.10250631817112926,1125,14.283776939331073,14.28377695361485,13.419032198930335,13.419032198930335,0.09539273322509811,13.514424932155434,0.0,0.058704534022648525,3.441162004087357,0.004841393159509116,0.14958012043327545,0.006157751110040427,186.88035193567214,40.58957227392501,7.370994606333065,0.01478152621967711,0.11260163850920346,0.44200319341143646,-0.44200319341143646,0.45439527614517006,0.012392082733733599,1.1018346218952058,1.0946199640842722,1.0946199640842722,0.7324050570971733,1.8270250211814456,0.30021497606005043,0.8328210967110545,40.91100907968855,7.396171439203967,19.450470794776724,19.450470794776724,0.00010848074192319193,0.16593208628598122,19.616402881062704,4.6609433591559664e-05,0.2529633324275615,119.5332453024438,True,0.8299861438255502,21.455689719045264,21.455689719045264,0.2936838059580228,21.749373525003286,17.826388294429275,0.05935145086007282,0.020501263634225855,14.283776939331073,14.283776939331073,0.0,0.0029352267011324264,0.004841393159509116,0.00923662666506064,46.720087983918035,40.58957227392501,0.011018346218952058,0.0030021497606005044,3.254422257695758e-06,4.6609433591559663e-07,0.0025296333242756154,119.5332453024438
30.737454834993965,0.0048501071747096836,0.011754565822694298,1150,16.85929884756349,16.85929886442279,13.446135604404834,13.446135604404834,0.09539273322509811,13.541528337629932,0.0,0.05030301112473111,2.4783547115721403,0.006675557612597535,0.16170408565425315,0.002277892758575789,265.41866273312246,35.33276441769461,6.944136978375802,0.007377706073481828,0.11260163850920346,0.34739802548385224,-0.34739802548385224,0.45439527614517006,0.10699725066131785,0.8785686462894197,1.9103961594234988,1.9103961594234988,0.7324050570971733,2.642801216520672,0.20252638117235838,0.7843911198830753,35.594007590694915,6.9660713698961825,15.763450276176416,15.763450276176416,2.733150264859331e-05,0.16593208628598122,15.929382362462396,3.2487975062333625e-05,0.29460222386017765,133.94659799743235,True,0.7819212712388343,31.434448696041386,31.434448696041386,0.2936838059580228,31.728132501999408,15.368727417496983,0.0024250535873548418,0.0023509131645388596,16.85929884756349,16.85929884756349,0.0,0.002515150556236556,0.006675557612597535,0.0034168391378636837,66.35466568328061,35.33276441769461,0.008785686462894196,0.002025263811723584,8.199450794577993e-07,3.2487975062333623e-07,0.0029460222386017768,133.94659799743235
26.584381131025534,0.1425258881714554,0.12325388311812212,1175,31.95013089293109,31.95013092488122,20.049343504929663,20.049343504929663,0.09539273322509811,20.14473623815476,0.0,0.05702639403686036,2.989624997164136,0.012333194920627821,0.1910549184891323,0.011812923797787464,985.9622143458707,30.869184632267306,6.55600437655221,0.01377836487518839,0.11260163850920346,0.38528459360225,-0.38528459360225,0.45439527614517006,0.06911068254292005,0.9165018892517801,1.0113225153904368,1.0113225153904368,0.7324050570971733,1.7437275724876102,0.18029942896895115,0.7465550916974979,31.697516202121285,6.63005472461159,32.35496317440598,32.35496317440598,4.843761757629387e-05,0.16593208628598122,32.520895260691965,3.977245208398789e-05,0.16427821210617055,322.7434899443637,True,0.7382169004333314,60.44884859235303,60.44884859235303,0.2936838059580228,60.742532398311056,13.292190565512767,0.0712629440857277,0.024650776623624426,31.95013089293109,31.95013089293109,0.0,0.0028513197018430183,0.012333194920627821,0.017719385696681196,246.49055358646768,30.869184632267306,0.009165018892517801,0.0018029942896895116,1.453128527288816e-06,3.9772452083987894e-07,0.0016427821210617055,322.7434899443637
42.04630043369016,0.1036949090043815,0.09951267750587615,1200,40.95519838063031,40.95519842158551,20.20752703047271,20.20752703047271,0.09539273322509811,20.30291976369781,0.0,0.051929812632127925,3.960935971805253,0.018712699464164803,0.21679436927068602,0.021332461160859066,1634.7183302873061,47.39374993007678,7.884311870483264,0.02265885120333429,0.11260163850920346,0.3019489815895389,-0.3019489815895389,0.45439527614517006,0.15244629455563113,0.6409099327600815,1.8682138409983748,1.8682138409983748,0.7324050570971733,2.600618898095548,0.1890041495507528,0.8889725577411156,47.538887086184914,7.8948449646228385,37.93572732377443,37.93572732377443,0.00027564908710213035,0.16593208628598122,38.101659410060414,6.800576392618283e-05,0.36060499377730726,518.1886531115101,True,0.887786513977097,80.84303579370933,80.84303579370933,0.2936838059580228,81.13671959966736,21.02315021684508,0.05184745450219075,0.019902535501175232,40.95519838063031,40.95519838063031,0.0,0.0025964906316063964,0.018712699464164803,0.031998691741288596,408.67958257182653,47.39374993007678,0.006409099327600815,0.0018900414955075279,8.26947261306391e-06,6.800576392618284e-07,0.003606049937773073,518.1886531115101
31.71011439355264,0.13009345933616212,0.11151629174946444,1225,18.52170428242567,18.521704300947373,18.237432731477863,18.237432731477863,0.09539273322509811,18.33282546470296,0.0,0.04176415114418706,4.636443670376767,0.012474639845715773,0.19168992723480383,0.004874770456351691,320.4963173312137,36.37505315139094,7.031173447297875,0.006303831726256852,0.11260163850920346,0.18166960221143408,-0.18166960221143408,0.45439527614517006,0.272725673933736,1.5727990991433503,2.1034730697733344,2.1034730697733344,0.7324050570971733,2.8358781268705076,0.17554588781931227,0.7995440219017338,37.21783576253939,7.100642241808594,25.701659286004805,25.701659286004805,0.0003591483793450784,0.16593208628598122,25.867591372290786,8.079009596716105e-05,0.45914045737350373,151.00720539129748,True,0.7917217211198797,26.788632021250656,26.788632021250656,0.2936838059580228,27.082315827208678,15.85505719677632,0.06504672966808106,0.02230325834989289,18.52170428242567,18.52170428242567,0.0,0.002088207557209353,0.012474639845715773,0.007312155684527537,80.12407933280342,36.37505315139094,0.015727990991433502,0.0017554588781931227,1.0774451380352351e-05,8.079009596716105e-07,0.004591404573735037,151.00720539129748
64.54957745736301,0.012334029905908706,0.03806306200485264,1250,118.95483750541362,118.95483762436845,24.917216392653287,24.917216392653287,0.09539273322509811,25.012609125878384,0.0,0.04038286819100615,2.9936491057462202,0.016093612915253085,0.20686060426804329,0.016159517070790264,14052.010918758364,71.1369975908779,9.43427516689359,0.031486577956965335,0.11260163850920346,0.4452305054852716,-0.4452305054852716,0.45439527614517006,0.009164770659898442,0.4240505395162409,2.5628895743337137,2.5628895743337137,0.7324050570971733,3.295294631430887,0.1678885545068138,1.0639460682820445,71.38156293222121,9.448761029418527,47.07490593963309,47.07490593963309,4.972256570042686e-05,0.16593208628598122,47.240838025919075,2.7976907121594702e-05,0.3844902663523728,3735.435251238898,True,1.0623149362816589,260.5908400079375,260.5908400079375,0.2936838059580228,260.88452381389556,32.27478872868151,0.006167014952954353,0.007612612400970529,118.95483750541362,118.95483750541362,0.0,0.0020191434095503074,0.016093612915253085,0.024239275606185398,3513.002729689591,71.1369975908779,0.004240505395162409,0.0016788855450681382,1.4916769710128057e-06,2.79769071215947e-07,0.0038449026635237285,3735.435251238898
43.690616128386665,0.07628679619884704,0.06966598204477811,1275,26.220272130795994,26.220272157016264,23.70651704918897,23.70651704918897,0.09539273322509811,23.801909782414068,0.0,0.05211557380608315,4.085963245887793,0.013295122863516123,0.1953044789395283,0.005020804568218779,656.8718560684795,49.1385263320652,8.009887754598157,0.008433909063110978,0.11260163850920346,0.38571859189830665,-0.38571859189830665,0.45439527614517006,0.06867668424686342,0.6883285711421233,1.8154293102649093,1.8154293102649093,0.7324050570971733,2.5478343673620825,0.1709245980439516,0.9059833543563485,49.64492589524594,8.045915546985071,27.96189719000821,27.96189719000821,5.9708708440025933e-05,0.16593208628598122,28.12782927629419,2.6741370597130458e-05,0.42875254736169316,261.51046136292933,True,0.9019265655414347,45.718728683759686,45.718728683759686,0.2936838059580228,46.01241248971771,21.845308064193333,0.03814339809942352,0.013933196408955623,26.220272130795994,26.220272130795994,0.0,0.0026057786903041576,0.013295122863516123,0.0075312068523281685,164.21796401711987,49.1385263320652,0.006883285711421233,0.0017092459804395161,1.791261253200778e-06,2.6741370597130457e-07,0.004287525473616932,261.51046136292933
71.96301435140401,0.05012217283214149,0.05521451909850274,1300,44.95153864385769,44.95153868880923,34.16188728037284,34.16188728037284,0.09539273322509811,34.257280013597935,0.0,0.08136004479873207,4.153586892931951,0.016813922414222318,0.20966850972469114,0.010953916292287431,1968.2861304347066,78.90949570663506,9.883101694038803,0.015578123358205413,0.11260163850920346,0.3504198204514108,-0.3504198204514108,0.45439527614517006,0.10397545569375928,1.6654551095006433,2.889544883780961,2.889544883780961,0.7324050570971733,3.6219499408781344,0.3119366427546654,1.1214638688329668,80.273873640846,9.959568831190818,55.15873616624831,55.15873616624831,0.00014690643031806846,0.16593208628598122,55.324668252534295,5.794495460798329e-05,0.3317518075448239,652.0105873464403,True,1.1128535431328705,76.71512999895735,76.71512999895735,0.2936838059580228,77.00881380491538,35.981507175702006,0.025061086416070744,0.011042903819700549,44.95153864385769,44.95153864385769,0.0,0.004068002239936604,0.016813922414222318,0.016430874438431147,492.07153260867665,78.90949570663506,0.016654551095006433,0.0031193664275466545,4.407192909542053e-06,5.794495460798329e-07,0.0033175180754482394,652.0105873464403
60.574809053836226,0.3160184039400924,0.08063694136395329,1325,34.10093398349431,34.10093401759524,27.675728628733363,27.675728628733363,0.09539273322509811,27.77112136195846,0.0,0.07678025866094071,3.5119903996393207,0.016087980886125678,0.2068384046183398,0.024773770304647256,1123.3217524833346,66.96119466624856,9.182982015515405,0.04147541257233679,0.11260163850920346,0.27005593266339706,-0.27005593266339706,0.45439527614517006,0.184339343481773,1.6808599306442058,2.3629774865844246,2.3629774865844246,0.7324050570971733,3.095382543681598,0.29761580956187306,1.0460103009632364,68.71541081987563,9.289475907430797,38.394818292215504,38.394818292215504,0.00013364482746128746,0.16593208628598122,38.56075037850149,5.753401744857012e-05,0.38738684761186387,412.43485874757675,True,1.0340189131774022,59.73779276747269,59.73779276747269,0.2936838059580228,60.031476573430716,30.287404526918113,0.1580092019700462,0.016127388272790658,34.10093398349431,34.10093398349431,0.0,0.0038390129330470356,0.016087980886125678,0.037160655456970886,280.83043812083366,66.96119466624856,0.01680859930644206,0.002976158095618731,4.009344823838624e-06,5.753401744857011e-07,0.003873868476118639,412.43485874757675
75.39795799172339,0.019142124625600387,0.026145141190780655,1350,44.172768699462814,44.17276874363558,21.518922671449523,21.518922671449523,0.09539273322509811,21.61431540467462,0.0,0.07728785971502918,2.0627429864656452,0.0053540423929576055,0.15317132220315283,0.007980025902082613,1905.8519800226059,82.50451779602243,10.083199755373787,0.019237937439886492,0.11260163850920346,0.46413537321393333,-0.46413537321393333,0.45439527614517006,-0.00974009706876327,1.0202585039633172,1.0637514513796034,1.0637514513796034,0.7324050570971733,1.7961565084767768,0.2565203077613206,1.140219574518782,83.28635308565819,10.126135714838904,38.70512301545452,38.70512301545452,1.1831550091950041e-05,0.16593208628598122,38.8710551017405,2.5015306533115707e-05,0.19897977833198605,640.8900072527815,True,1.1353849147026855,88.28176438550189,88.28176438550189,0.2936838059580228,88.57544819145991,37.698978995861694,0.009571062312800194,0.005229028238156131,44.172768699462814,44.172768699462814,0.0,0.003864392985751459,0.0053540423929576055,0.011970038853123921,476.46299500565146,82.50451779602243,0.010202585039633172,0.002565203077613206,3.549465027585012e-07,2.5015306533115706e-07,0.0019897977833198605,640.8900072527815
73.55357685269635,0.13588092288403653,0.056296343376103945,1375,66.93749201550021,66.9374920824377,31.400430887029305,31.400430887029305,0.09539273322509811,31.495823620254402,0.0,0.06615479969220732,3.174248809688507,0.02084575509505345,0.22438059113001804,0.005161818883527126,4412.893594798665,80.57464740952098,9.976338196030772,0.0074097914041574035,0.11260163850920346,0.4442019532989729,-0.4442019532989729,0.45439527614517006,0.010193322846197167,1.100320302219994,1.4179349527360086,1.4179349527360086,0.7324050570971733,2.1503400098331817,0.24098599395079082,1.1284743333285774,81.39337716904701,10.021827817523842,54.70423993571485,54.70423993571485,2.8832554856447837e-05,0.16593208628598122,54.87017202200084,3.817913119898922e-05,0.20743434413924644,1287.6389111577291,True,1.123352126958398,135.7291068624972,135.7291068624972,0.2936838059580228,136.0227906684552,36.776788426348176,0.06794046144201826,0.01125926867522079,66.93749201550021,66.93749201550021,0.0,0.003307739984610366,0.02084575509505345,0.007742728325290689,1103.2233986996662,80.57464740952098,0.011003203022199941,0.0024098599395079084,8.64976645693435e-07,3.817913119898922e-07,0.0020743434413924644,1287.6389111577291
53.12882140140558,0.05823475568539038,0.07098361920500217,1400,16.563955910844218,16.563955927408173,15.213607643874319,15.213607643874319,0.09539273322509811,15.309000377099418,0.0,0.050313413804768205,3.2443521924104495,0.002943412896883804,0.1342532293682487,0.006881759399965268,254.4194697014741,59.119983009258654,8.688952009816335,0.011260701092716773,0.11260163850920346,0.4134120807182697,-0.4134120807182697,0.45439527614517006,0.04098319542690039,0.7166208959053056,1.1725108956435615,1.1725108956435615,0.7324050570971733,1.9049159527407349,0.26413472270936283,0.9815379963869539,59.550639705094824,8.716906096687637,23.758482234767587,23.758482234767587,4.710605331850437e-05,0.16593208628598122,23.92441432105357,2.684658904968284e-05,0.17400906145349143,165.92386219899313,True,0.9783903201226759,23.965770441093625,23.965770441093625,0.2936838059580228,24.259454247051647,26.56441070070279,0.02911737784269519,0.014196723841000434,16.563955910844218,16.563955910844218,0.0,0.0025156706902384105,0.002943412896883804,0.010322639099947902,63.604867425368525,59.119983009258654,0.007166208959053057,0.0026413472270936282,1.413181599555131e-06,2.6846589049682843e-07,0.0017400906145349144,165.92386219899313
128.39974270205752,0.3811495852286587,0.08559468339244085,1425,38.435921650121806,38.43592168855773,19.422442516426678,19.422442516426678,0.09539273322509811,19.517835249651775,0.0,0.06367631108905032,4.133498870372683,0.016282284236258264,0.20760205420077793,0.010637973853362553,1438.721513803226,137.62483152287538,12.731361026022316,0.02038572194176645,0.11260163850920346,0.5106150966285643,-0.5106150966285643,0.45439527614517006,-0.056219820483394224,0.39081783039412943,0.966986811215191,0.966986811215191,0.7324050570971733,1.6993918683123643,0.2714184929868716,1.434695713053144,137.85902846594834,12.741338444400125,28.87015192577927,28.87015192577927,2.003745901204323e-05,0.16593208628598122,29.03608401206525,2.7557709712157855e-05,0.38799497937721117,600.1946229544246,True,1.4335722392959367,78.57918072526124,78.57918072526124,0.2936838059580228,78.87286453121926,64.19987135102876,0.19057479261432936,0.01711893667848817,38.435921650121806,38.435921650121806,0.0,0.0031838155544525164,0.016282284236258264,0.015956960780043827,359.6803784508065,137.62483152287538,0.003908178303941294,0.002714184929868716,6.011237703612969e-07,2.7557709712157854e-07,0.0038799497937721116,600.1946229544246
23.418527423148607,0.0779255121435446,0.08120479274619197,1450,13.223418176076583,13.223418189300002,9.50465831854123,9.50465831854123,0.09539273322509811,9.600051051766329,0.0,0.06271917622057055,2.184411534135315,0.0011611113386102113,0.11407508383863804,0.003346610492772549,159.6156008200865,27.449942868540003,6.239269306739252,0.0055990755396591926,0.11260163850920346,0.38922358160970066,-0.38922358160970066,0.45439527614517006,0.06517169453546938,0.3021521647900362,1.183828168499843,1.183828168499843,0.7324050570971733,1.9162332255970165,0.19934337016750678,0.7032931776176679,27.518958181249392,6.245851521083054,18.101095381998203,18.101095381998203,1.1420471777813336e-05,0.16593208628598122,18.267027468284184,2.2093570445773077e-05,0.11106536494770435,92.35717183427124,True,0.7025520094317148,21.324934117978515,21.324934117978515,0.2936838059580228,21.618617923936537,11.709263711574303,0.0389627560717723,0.016240958549238394,13.223418176076583,13.223418176076583,0.0,0.0031359588110285276,0.0011611113386102113,0.005019915739158824,39.90390020502163,27.449942868540003,0.003021521647900362,0.0019934337016750676,3.426141533344001e-07,2.2093570445773078e-07,0.0011106536494770434,92.35717183427124
26.293955003173057,0.026786168220131357,0.05494457037472776,1475,14.917885280270356,14.91788529518824,11.14742498004365,11.14742498004365,0.09539273322509811,11.24281771326875,0.0,0.07390111202874382,2.299250347453118,0.016164254261974938,0.20713872054561086,0.005309532679124014,205.58920650221881,30.556165529466256,6.527763157866503,0.007601845317735892,0.11260163850920346,0.4177223687530053,-0.4177223687530053,0.45439527614517006,0.03667290739216478,0.506854523872893,0.5487741577678006,0.5487741577678006,0.7324050570971733,1.2811792148649739,0.2938584864912907,0.7360748421775377,30.658159116009404,6.536981047105851,17.699927307158287,17.699927307158287,2.2706533268431243e-05,0.16593208628598122,17.865859393444268,1.5745529824469673e-05,0.2807015392690356,110.08135052809259,True,0.735036892653412,25.974763771476123,25.974763771476123,0.2936838059580228,26.268447577434145,13.146977501586528,0.013393084110065678,0.010988914074945552,14.917885280270356,14.917885280270356,0.0,0.003695055601437191,0.016164254261974938,0.00796429901868602,51.397301625554704,30.556165529466256,0.00506854523872893,0.002938584864912907,6.811959980529373e-07,1.5745529824469673e-07,0.0028070153926903563,110.08135052809259
28.137328668731097,0.16489594370619776,0.1182073348510997,1500,25.409388710545496,25.409388735954884,12.474234177994784,12.474234177994784,0.09539273322509811,12.569626911219883,0.0,0.05984363502898356,1.6396497466402797,0.01476041456815079,0.20149244654772078,0.013081228000177738,619.7789209882201,32.54089914039619,6.704463089581367,0.014454194238347267,0.11260163850920346,0.3905746717246591,-0.3905746717246591,0.45439527614517006,0.06382060442051095,0.5543193310958789,1.4774383707880827,1.4774383707880827,0.7324050570971733,2.209843427885256,0.2203026537448876,0.7636020771706087,33.42512589085599,6.781446695322546,21.36729294657743,21.36729294657743,7.144556534718021e-06,0.16593208628598122,21.53322503286341,1.3994157413004118e-05,0.05721121295057736,227.11546499576158,True,0.7549335962559693,51.124182934970946,51.124182934970946,0.2936838059580228,51.41786674092897,14.068664334365549,0.08244797185309888,0.023641466970219942,25.409388710545496,25.409388710545496,0.0,0.002992181751449178,0.01476041456815079,0.019621842000266607,154.94473024705502,32.54089914039619,0.005543193310958789,0.002203026537448876,2.1433669604154062e-07,1.399415741300412e-07,0.0005721121295057736,227.11546499576158
34.829239788539645,0.16587151401637323,0.13447467847555178,1525,5.250720987931135,5.250720993181856,3.815148231198009,3.815148231198009,0.09539273322509811,3.9105409644231073,0.0,0.05576629174048757,1.129425602063769,0.03135795632656196,0.25708177864072285,0.018351393936034986,21.667381243254816,39.71054400079555,7.301630265319884,0.01902149193492261,0.11260163850920346,0.4572678231288602,-0.4572678231288602,0.45439527614517006,-0.0028725469836901846,0.14039498534161263,0.5204327350740682,0.5204327350740682,0.7324050570971733,1.2528377921712415,0.22991885311175864,0.822464117449287,39.74284318015314,7.304192508176851,8.184537759651008,8.184537759651008,2.2199182758196755e-06,0.16593208628598122,8.350469845936988,6.118312892617873e-06,0.02776904043674036,67.96821520490073,True,0.8221756046797115,7.4718402206037,7.4718402206037,0.2936838059580228,7.765524026561723,17.414619894269823,0.08293575700818662,0.026894935695110356,5.250720987931135,5.250720987931135,0.0,0.002788314587024379,0.03135795632656196,0.02752709090405248,5.416845310813704,39.71054400079555,0.0014039498534161262,0.0022991885311175863,6.659754827459027e-08,6.118312892617874e-08,0.00027769040436740364,67.96821520490073
60.8369916821748,0.16178932729856643,0.11699955721946494,1550,21.074897686646185,21.07489770772108,15.462859826400093,15.462859826400093,0.09539273322509811,15.558252559625192,0.0,0.07521299132920697,2.9719299823417886,0.03280556840392744,0.2611230752939212,0.016570694764054573,420.52993245788,67.23683740755871,9.19980715672989,0.019700264706363213,0.11260163850920346,0.43629358832369936,-0.43629358832369936,0.45439527614517006,0.018101687821470692,0.754187884460341,1.3485172905813267,1.3485172905813267,0.7324050570971733,2.0809223476785,0.23601698063481444,1.0398777611179149,67.81544983366543,9.235013651091625,21.968921248606236,21.968921248606236,2.326167875738368e-05,0.16593208628598122,22.134853334892217,3.491753799646632e-05,0.26194502855576823,224.04095343093414,True,1.0359134518145534,38.69126750492891,38.69126750492891,0.2936838059580228,38.984951310886935,30.4184958410874,0.08089466364928322,0.023399911443892987,21.074897686646185,21.074897686646185,0.0,0.0037606495664603487,0.03280556840392744,0.02485604214608186,105.13248311447,67.23683740755871,0.007541878844603411,0.0023601698063481446,6.978503627215103e-07,3.491753799646632e-07,0.0026194502855576823,224.04095343093414
9.857391285677085,0.04617054075258453,0.0528598369388835,1575,8.775404279664217,8.77540428843962,11.513086213344648,11.513086213344648,0.09539273322509811,11.608478946569747,0.0,0.05209970772464532,3.433883950789413,0.001112547156278511,0.11335486705532659,0.003724458251200669,66.15014737705269,12.529109905035815,4.539648274198415,0.005295290392150551,0.11260163850920346,0.25747110088284353,-0.25747110088284353,0.45439527614517006,0.19692417526232653,0.6355040431473183,1.8432460694655064,1.8432460694655064,0.7324050570971733,2.5756511265626796,0.15706486270301304,0.5118685334538988,12.572947018848996,4.545835165211293,12.211236025949958,12.211236025949958,8.784620000408461e-05,0.16593208628598122,12.377168112235939,3.0351203189349994e-05,0.2339996604080406,42.823976754045745,True,0.5111718793267019,9.995464734071541,9.995464734071541,0.2936838059580228,10.289148540029565,4.928695642838543,0.023085270376292266,0.010571967387776701,8.775404279664217,8.775404279664217,0.0,0.002604985386232266,0.001112547156278511,0.0055866873768010035,16.537536844263172,12.529109905035815,0.006355040431473184,0.0015706486270301303,2.635386000122538e-06,3.0351203189349996e-07,0.002339996604080406,42.823976754045745
34.60723217204403,0.12180312771480117,0.10301129062571233,1600,14.597278905571933,14.597278920169211,13.208169652183134,13.208169652183134,0.09539273322509811,13.303562385408233,0.0,0.06599236989317442,1.9716506032983165,0.010291537026664277,0.18144721300589917,0.008780091488577446,195.61753746063033,39.47346512315347,7.2827911888867884,0.01095566860967591,0.11260163850920346,0.23492495948887623,-0.23492495948887623,0.45439527614517006,0.21947031665629382,0.507000153823019,2.690278364609496,2.690278364609496,0.7324050570971733,3.4226834217066693,0.27455022511710847,0.8221862082693965,39.711730846669106,7.301724434364701,19.037529965095096,19.037529965095096,1.3381609616548425e-05,0.16593208628598122,19.203462051381077,1.2156318812641063e-05,0.16746136020490504,120.39650023504466,True,0.8200542936169541,22.830389379457813,22.830389379457813,0.2936838059580228,23.124073185415835,17.303616086022014,0.06090156385740059,0.020602258125142468,14.597278905571933,14.597278905571933,0.0,0.003299618494658721,0.010291537026664277,0.01317013723286617,48.90438436515758,39.47346512315347,0.00507000153823019,0.0027455022511710847,4.0144828849645276e-07,1.2156318812641062e-07,0.0016746136020490505,120.39650023504466
29.79329698039695,0.15098849910475387,0.12355415224211777,1625,11.731325244533481,11.731325256264808,15.579481731925261,15.579481731925261,0.09539273322509811,15.67487446515036,0.0,0.03734745877496181,2.7117755777692145,0.0018635770671736553,0.12316916801576856,0.002069490554631319,122.96591404888918,34.319955893966224,6.8583236419616,0.004182713442292156,0.11260163850920346,0.3665224937607591,-0.3665224937607591,0.45439527614517006,0.08787278238441094,0.27719587546751673,2.207414497333887,2.207414497333887,0.7324050570971733,2.93981955443106,0.2032539897626752,0.7736407978035209,34.4639351377867,6.870599214542473,16.015232881674898,16.015232881674898,4.652310054267558e-05,0.16593208628598122,16.18116496796088,2.0810592369481472e-05,0.1945487133450216,91.80319999634385,True,0.7722585480945202,13.561158082930698,13.561158082930698,0.2936838059580228,13.854841888888721,14.896648490198475,0.07549424955237694,0.024710830448423555,11.731325244533481,11.731325244533481,0.0,0.0018673729387480905,0.0018635770671736553,0.0031042358319469786,30.741478512222294,34.319955893966224,0.002771958754675167,0.002032539897626752,1.3956930162802674e-06,2.0810592369481473e-07,0.001945487133450216,91.80319999634385
19.949795621911914,0.04181585036160296,0.03132512145507227,1650,9.06829849854747,9.068298507615769,8.946744960495208,8.946744960495208,0.09539273322509811,9.042137693720306,0.0,0.04954282910872963,2.7914136115827115,0.002950236909903261,0.13431608334465273,0.0023706190202937866,71.32612955798066,23.683011148300388,5.866519407985587,0.004239066556439107,0.11260163850920346,0.3645900862047394,-0.3645900862047394,0.45439527614517006,0.08980518994043062,0.41749259088735213,1.1596858383218893,1.1596858383218893,0.7324050570971733,1.8920908954190625,0.15738298113148091,0.6615569651795339,23.767554245655298,5.875197867333725,14.021095832327667,14.021095832327667,3.835329485839165e-05,0.16593208628598122,14.187027918613648,2.3434773852176993e-05,0.16195378702901517,60.60126578220364,True,0.6605797563504134,11.535034382874901,11.535034382874901,0.2936838059580228,11.828718188832925,9.974897810955957,0.02090792518080148,0.006265024291014454,9.06829849854747,9.06829849854747,0.0,0.002477141455436482,0.002950236909903261,0.00355592853044068,17.831532389495166,23.683011148300388,0.004174925908873521,0.0015738298113148093,1.1505988457517493e-06,2.3434773852176994e-07,0.0016195378702901517,60.60126578220364
18.273386594205583,0.21823279707872334,0.15821249398191203,1675,22.341590803001697,22.341590825343285,16.48144012011876,16.48144012011876,0.09539273322509811,16.576832853343856,0.0,0.06229463111077166,1.8273719817749232,0.00661629250007854,0.16134059564619957,0.009513568108713653,472.91869171658817,21.853177146314234,5.674738190135811,0.011121271487655729,0.11260163850920346,0.23416278396226758,-0.23416278396226758,0.45439527614517006,0.22023249218290247,0.40049931348848294,2.7223529087888343,2.7223529087888343,0.7324050570971733,3.4547579658860075,0.2429003842460511,0.6407837750011274,22.00279761373672,5.690713976969468,31.297575421351738,31.297575421351738,1.3792733419760943e-05,0.16593208628598122,31.46350750763772,2.065564404503187e-05,0.09594141953827587,171.73328848063136,True,0.638984875067426,35.17230828048782,35.17230828048782,0.2936838059580228,35.465992086445844,9.136693297102791,0.10911639853936167,0.03164249879638241,22.341590803001697,22.341590803001697,0.0,0.003114731555538583,0.00661629250007854,0.014270352163070479,118.22967292914704,21.853177146314234,0.004004993134884829,0.002429003842460511,4.1378200259282825e-07,2.065564404503187e-07,0.0009594141953827587,171.73328848063136
60.032756120304285,0.0008506176101775731,0.005539961762260778,1700,45.307525737600876,45.3075257829084,17.828809219611063,17.828809219611063,0.09539273322509811,17.92420195283616,0.0,0.051500771845318816,2.0499858372463176,0.01181823343365423,0.18871169869730778,0.009203519181873971,2008.717965041308,66.39122076221318,9.148080802386117,0.01687246863351786,0.11260163850920346,0.4631899003224441,-0.4631899003224441,0.45439527614517006,-0.008794624177274035,0.37512302651453044,0.768857794061694,0.768857794061694,0.7324050570971733,1.5012628511588673,0.12271500180645087,1.031133003261011,66.54240209576429,9.15735264015013,34.2775767940642,34.2775767940642,1.7131677564864403e-05,0.16593208628598122,34.44350888035019,2.5103238237809946e-05,0.14884960705232506,643.930815313586,True,1.0300889790440735,93.64953318939205,93.64953318939205,0.2936838059580228,93.94321699535007,30.016378060152142,0.00042530880508878655,0.0011079923524521557,45.307525737600876,45.307525737600876,0.0,0.002575038592265941,0.01181823343365423,0.013805278772810957,502.179491260327,66.39122076221318,0.0037512302651453045,0.0012271500180645086,5.139503269459321e-07,2.5103238237809947e-07,0.0014884960705232506,643.930815313586
36.184399835050435,0.18430521345622586,0.1307269363078071,1725,15.42132811563159,15.421328131052919,15.305488460217125,15.305488460217125,0.09539273322509811,15.400881193442224,0.0,0.07663890830143819,3.4114307235151093,0.01989719441202855,0.22105741530323228,0.007321289751646967,219.07255710498606,41.156677455308056,7.415347025322017,0.00884370535942839,0.11260163850920346,0.37473644663732897,-0.37473644663732897,0.45439527614517006,0.07965882950784106,1.0409618242575611,0.9896752422930609,0.9896752422930609,0.7324050570971733,1.7220802993902342,0.3741955543840133,0.8400780020835468,41.73959829743467,7.460619033609293,22.718223336867467,22.718223336867467,3.46131690907834e-05,0.16593208628598122,22.884155423153448,2.7712370462379284e-05,0.29073929937569254,129.6084141154546,True,0.8349802993190771,20.91868240470095,20.91868240470095,0.2936838059580228,21.21236621065897,18.092199917525218,0.09215260672811293,0.02614538726156142,15.42132811563159,15.42132811563159,0.0,0.0038319454150719094,0.01989719441202855,0.01098193462747045,54.768139276246515,41.156677455308056,0.010409618242575611,0.003741955543840133,1.038395072723502e-06,2.7712370462379283e-07,0.0029073929937569252,129.6084141154546
44.839499430711626,0.028617769603463628,0.03475704447012579,1750,40.92363073804217,40.9236307789658,19.76342831597641,19.76342831597641,0.09539273322509811,19.858821049201506,0.0,0.07866528707581519,3.5987585083136153,0.033223448209765076,0.26227300461057057,0.008041240659624771,1632.9365055989633,50.35648362292794,8.096230240270389,0.010523765301483136,0.11260163850920346,0.41599829077671674,-0.41599829077671674,0.45439527614517006,0.03839698536845334,0.7858792768725003,1.193512326674508,1.193512326674508,0.7324050570971733,1.9259173837716812,0.2439978136936354,0.9136800738682596,50.61282441792525,8.114269071234602,35.04800997629998,35.04800997629998,5.334290727264935e-05,0.16593208628598122,35.213942062585964,3.06402931092963e-05,0.2507709667697745,522.0172777305792,True,0.9116488717645101,82.17763778738211,82.17763778738211,0.2936838059580228,82.47132159334014,22.419749715355813,0.014308884801731814,0.006951408894025159,40.92363073804217,40.92363073804217,0.0,0.003933264353790759,0.033223448209765076,0.012061860989437158,408.23412639974083,50.35648362292794,0.007858792768725002,0.002439978136936354,1.6002872181794803e-06,3.06402931092963e-07,0.002507709667697745,522.0172777305792
22.52568499071318,0.008359010196853034,0.01612034103890558,1775,13.902488779100858,13.902488793003347,16.868461880608933,16.868461880608933,0.09539273322509811,16.96385461383403,0.0,0.07607633682538507,4.16762035311653,0.0020769832568529943,0.12557393176864373,0.006604216675230495,176.0164016565866,26.482583513725938,6.146123153765943,0.008521097480107797,0.11260163850920346,0.10860756916680342,-0.10860756916680342,0.45439527614517006,0.34578770697836664,1.0464709879459375,2.3337282043498124,2.3337282043498124,0.7324050570971733,3.0661332614469856,0.30552200929270407,0.6998611535328347,27.20010697282333,6.2153721797033175,21.280735977925826,21.280735977925826,0.000280663677955036,0.16593208628598122,21.446668064211806,9.557727830855017e-05,0.39188127783817717,95.6926540191811,True,0.6920635990546298,14.95069096337413,14.95069096337413,0.2936838059580228,15.244374769332154,11.26284249535659,0.004179505098426517,0.003224068207781116,13.902488779100858,13.902488779100858,0.0,0.0038038168412692537,0.0020769832568529943,0.009906325012845742,44.00410041414665,26.482583513725938,0.010464709879459376,0.0030552200929270406,8.419910338651078e-06,9.557727830855017e-07,0.003918812778381772,95.6926540191811
341.67683531152034,0.0010264756565073752,0.02255577104938018,1800,51.11432951858888,51.11432956970321,42.68672860965605,42.68672860965605,0.09539273322509811,42.78212134288115,0.0,0.07824954817403598,1.8229930620591066,0.022979514535538748,0.23158995525937315,0.018050479436944315,2554.713224171735,356.62443736862787,19.884502571384502,0.02644277386032302,0.11260163850920346,0.4934366938417276,-0.4934366938417276,0.45439527614517006,-0.03904141769655758,0.9178484632633601,2.3912052415450913,2.3912052415450913,0.7324050570971733,3.1236102986422645,0.23641591252757374,2.2464900303361928,359.1318314633837,19.950773901436946,47.54846954532963,47.54846954532963,7.181485758017648e-06,0.16593208628598122,47.714401631615615,1.1759982418642499e-05,0.12952075069860255,1217.3273208733576,True,2.23902776932339,94.7333011090904,94.7333011090904,0.2936838059580228,95.02698491504843,170.83841765576017,0.0005132378282536876,0.004511154209876036,51.11432951858888,51.11432951858888,0.0,0.003912477408701799,0.022979514535538748,0.027075719155416473,638.6783060429337,356.62443736862787,0.0091784846326336,0.0023641591252757375,2.1544457274052942e-07,1.17599824186425e-07,0.0012952075069860255,1217.3273208733576
33.370186533047395,0.11573455307711256,0.10525427897238505,1825,22.20995753235264,22.209957554562596,14.310240821881184,14.310240821881184,0.09539273322509811,14.405633555106283,0.0,0.0675694027826371,2.3904478418605235,0.03155210688283946,0.25762912734920324,0.019783365041188758,470.0237798272672,38.15154124580752,7.176693390950171,0.024328057040235142,0.11260163850920346,0.40966062774311257,-0.40966062774311257,0.45439527614517006,0.04473464840205747,0.6886231333960073,0.9470786081149524,0.9470786081149524,0.7324050570971733,1.6794836652121257,0.26367079568380963,0.8115642104577263,38.53171431769944,7.2073919094656365,17.653854037707504,17.653854037707504,3.559036205254217e-05,0.16593208628598122,17.819786123993484,2.3241459645537706e-05,0.0898095426415327,194.70648309326012,True,0.8081075066660947,44.14640119412422,44.14640119412422,0.2936838059580228,44.44008500008225,16.685093266523698,0.05786727653855628,0.021050855794477012,22.20995753235264,22.20995753235264,0.0,0.003378470139131855,0.03155210688283946,0.029675047561783137,117.5059449568168,38.15154124580752,0.006886231333960074,0.0026367079568380965,1.0677108615762652e-06,2.3241459645537706e-07,0.000898095426415327,194.70648309326012
85.16672921345611,0.09975127276177265,0.08812189019842398,1850,57.646011580115946,57.64601163776196,37.27496888182902,37.27496888182902,0.09539273322509811,37.370361615054115,0.0,0.07738344572690227,3.5264842184318166,0.017181128359480376,0.21107680328525094,0.0030822381659351772,3259.8948758752276,92.70959496441027,10.628582188692699,0.007294685671120254,0.11260163850920346,0.3494324904062132,-0.3494324904062132,0.45439527614517006,0.10496278573895683,1.2248951622731188,2.752813846985539,2.752813846985539,0.7324050570971733,3.4852189040827124,0.3534074948831346,1.2031028670292425,93.7913556085306,10.684593724495137,56.21000205325848,56.21000205325848,0.0001168030031915677,0.16593208628598122,56.37593413954446,4.915542960799576e-05,0.23013020416343957,1008.0239521166338,True,1.1967958757623556,109.81177334691752,109.81177334691752,0.2936838059580228,110.10545715287554,42.583364606728054,0.04987563638088632,0.017624378039684797,57.646011580115946,57.646011580115946,0.0,0.0038691722863451136,0.017181128359480376,0.004623357248902766,814.9737189688069,92.70959496441027,0.012248951622731189,0.0035340749488313463,3.5040900957470308e-06,4.915542960799577e-07,0.002301302041634396,1008.0239521166338
91.6974354527351,0.09518632401959948,0.07772207018104862,1875,41.98081555639586,41.98081559837668,29.71345887217835,29.71345887217835,0.09539273322509811,29.808851605403447,0.0,0.061355792014862576,4.495740274015089,0.006117522070801613,0.15821458988450693,0.004355178598851081,1716.1469043997488,99.51813768489049,10.975877790194229,0.007294712173850734,0.11260163850920346,0.41262889452459417,-0.41262889452459417,0.45439527614517006,0.04176638162057588,1.5585418992045397,1.922697758497018,1.922697758497018,0.7324050570971733,2.655102815594191,0.24471240719837933,1.2492959041016305,101.9055490101924,11.094827834598885,39.23763565573073,39.23763565573073,6.801408181586164e-05,0.16593208628598122,39.40356774201671,2.887935110488549e-05,0.44636178721925024,616.485751213359,True,1.2359019330114234,79.90992223903675,79.90992223903675,0.2936838059580228,80.20360604499477,45.84871772636755,0.04759316200979974,0.015544414036209726,41.98081555639586,41.98081555639586,0.0,0.003067789600743129,0.006117522070801613,0.006532767898276622,429.0367260999372,99.51813768489049,0.015585418992045397,0.0024471240719837932,2.040422454475849e-06,2.887935110488549e-07,0.004463617872192503,616.485751213359
99.088617963387,0.059211219728281694,0.05258066223385473,1900,37.23240918138697,37.232409218619374,19.602650427153808,19.602650427153808,0.09539273322509811,19.698043160378905,0.0,0.07543191443839678,2.2417443578395817,0.035663977164151726,0.26884908568524163,0.03249794738461602,1347.35574392215,107.21207923952615,11.35432659517393,0.03596957469995073,0.11260163850920346,0.4484722395722529,-0.4484722395722529,0.45439527614517006,0.0059230365729171725,0.6203871606430761,1.3453884578630873,1.3453884578630873,0.7324050570971733,2.0777935149602604,0.2631135261580667,1.2831227101091685,108.0609963694753,11.395239120360594,33.76697425835978,33.76697425835978,1.8361854358711682e-05,0.16593208628598122,33.932906344645765,1.600420664580733e-05,0.11778682203947524,530.966051205404,True,1.2785158923284756,73.51719410673616,73.51719410673616,0.2936838059580228,73.81087791269418,49.5443089816935,0.029605609864140847,0.010516132446770946,37.23240918138697,37.23240918138697,0.0,0.003771595721919839,0.035663977164151726,0.04874692107692403,336.8389359805375,107.21207923952615,0.006203871606430761,0.002631135261580667,5.508556307613505e-07,1.600420664580733e-07,0.0011778682203947525,530.966051205404
89.54171726010745,0.1520861279922031,0.12678510892065045,1925,65.53138421771028,65.53138428324166,39.94388517149962,39.94388517149962,0.09539273322509811,40.03927790472472,0.0,0.06659131722483495,5.56089588538259,0.01741758129174047,0.21197568447157403,0.0031152520492557286,4221.581478750605,97.27183608655059,10.862648533053918,0.004814952918208674,0.11260163850920346,0.35533838446396543,-0.35533838446396543,0.45439527614517006,0.09905689168120464,2.0702217253504043,4.617862122797095,4.617862122797095,0.7324050570971733,5.350267179894268,0.3825370369944722,1.235814569968732,99.5026585305781,10.975101930836502,71.89811972692725,71.89811972692725,0.00047523011287862804,0.16593208628598122,72.06405181321323,0.00010497278305932578,0.4850605814575285,1263.1256622330425,True,1.2231521319979517,121.18377420915441,121.18377420915441,0.2936838059580228,121.47745801511243,44.77085863005372,0.07604306399610156,0.02535702178413009,65.53138421771028,65.53138421771028,0.0,0.0033295658612417477,0.01741758129174047,0.004672878073883593,1055.3953696876513,97.27183608655059,0.020702217253504043,0.0038253703699447222,1.4256903386358841e-05,1.0497278305932579e-06,0.004850605814575285,1263.1256622330425
47.060423138815885,0.07876380221379475,0.08960588058415905,1950,24.07146366694468,24.071463691016145,21.991308228460444,21.991308228460444,0.09539273322509811,22.08670096168554,0.0,0.06854456904218371,4.239310260887876,0.026774484498299306,0.24362910651317296,0.006773984898355748,551.1680365039542,52.70847113503842,8.260059995278167,0.007724281730870268,0.11260163850920346,0.4100686677416296,-0.4100686677416296,0.45439527614517006,0.044326608403540475,0.7389106848455982,1.8077227933327822,1.8077227933327822,0.7324050570971733,2.5401278504299554,0.2298878915150399,0.9345031623025272,53.27826372458396,8.299196101255532,26.387380564119344,26.387380564119344,5.688787645174553e-05,0.16593208628598122,26.553312650405324,2.5564862343719e-05,0.4925652267781778,238.21443686521758,True,0.9300963722532449,41.39842161840146,41.39842161840146,0.2936838059580228,41.69210542435948,23.530211569407943,0.03938190110689738,0.017921176116831812,24.07146366694468,24.07146366694468,0.0,0.003427228452109186,0.026774484498299306,0.010160977347533622,137.79200912598856,52.70847113503842,0.007389106848455982,0.0022988789151503993,1.7066362935523658e-06,2.5564862343719e-07,0.0049256522677817785,238.21443686521758
34.70492819017228,0.08034250323255465,0.07281348505069651,1975,13.200930978857018,13.20093099205795,12.28932481975902,12.28932481975902,0.09539273322509811,12.38471755298412,0.0,0.06790835830419452,2.0609285683970366,0.010566901088325233,0.18279543320753716,0.005105220302336915,158.79320554102497,39.57779929404413,7.291088879839811,0.006690026084248665,0.11260163850920346,0.37628142299317324,-0.37628142299317324,0.45439527614517006,0.07811385315199683,0.6361900985612348,1.448018210725464,1.448018210725464,0.7324050570971733,2.180423267822637,0.24238837239524474,0.8230903993025098,39.81300099907572,7.3097544325493145,14.86306525729884,14.86306525729884,1.2967655438094361e-05,0.16593208628598122,15.028997343584821,1.517538521495101e-05,0.19858396256719787,109.91662201644573,True,0.8209886272970843,22.296778634350506,22.296778634350506,0.2936838059580228,22.590462440308528,17.35246409508614,0.040171251616277326,0.014562697010139304,13.200930978857018,13.200930978857018,0.0,0.003395417915209726,0.010566901088325233,0.007657830453505372,39.698301385256244,39.57779929404413,0.006361900985612348,0.0024238837239524474,3.890296631428308e-07,1.517538521495101e-07,0.0019858396256719787,109.91662201644573
47.31365964086853,0.5056724511236002,0.09960851328104592,2000,48.42885567516945,48.42885572359831,31.08644050764882,31.08644050764882,0.09539273322509811,31.181833240873917,0.0,0.06738434503963665,2.7885756099881363,0.007862129449516,0.16866864975579587,0.00996646162713289,2291.5433797511614,52.97645367391719,8.278492541310817,0.014241817464498647,0.11260163850920346,0.3704011932662596,-0.3704011932662596,0.45439527614517006,0.08399408287891047,1.4300819891165906,1.4713112426035,1.4713112426035,0.7324050570971733,2.203716299700673,0.27710297938406786,0.9436533381273426,54.47115400600584,8.380457574297534,52.53553931662661,52.53553931662661,5.183879274169115e-05,0.16593208628598122,52.701471402912595,2.7877102362539917e-05,0.23150144902553205,698.2663117727816,True,0.9321719073227431,89.43220172255914,89.43220172255914,0.2936838059580228,89.72588552851717,23.656829820434265,0.2528362255618001,0.019921702656209184,48.42885567516945,48.42885567516945,0.0,0.003369217251981833,0.007862129449516,0.014949692440699335,572.8858449377904,52.97645367391719,0.014300819891165906,0.0027710297938406785,1.5551637822507345e-06,2.7877102362539916e-07,0.0023150144902553205,698.2663117727816
40.58279931805382,0.02611753389012683,0.039457965399112935,2025,17.34551830180801,17.345518319153527,12.549932615629306,12.549932615629306,0.09539273322509811,12.645325348854405,0.0,0.025801147061477847,1.5590932300588567,0.005560334600699597,0.15456765116791327,0.007237312080866781,280.59181099742864,45.8391697484243,7.770463037963083,0.00828110196359725,0.11260163850920346,0.41650910003679514,-0.41650910003679514,0.45439527614517006,0.037886176108374935,0.1731134368390562,1.7107548897617502,1.7107548897617502,0.7324050570971733,2.4431599468589233,0.06376213022382801,0.8763843519081496,46.009778323722514,7.783050812409009,25.26939861984557,25.26939861984557,6.72836808357346e-06,0.16593208628598122,25.435330706131552,1.4076951840619864e-05,0.05528358548554186,153.66561911286237,True,0.8749669477544764,26.555442971483394,26.555442971483394,0.2936838059580228,26.849126777441416,20.29139965902691,0.013058766945063416,0.007891593079822587,17.34551830180801,17.34551830180801,0.0,0.0012900573530738924,0.005560334600699597,0.010855968121300172,70.14795274935716,45.8391697484243,0.001731134368390562,0.0006376213022382801,2.018510425072038e-07,1.4076951840619865e-07,0.0005528358548554187,153.66561911286237
35.64554736499223,0.03733579265063358,0.035438612033281934,2050,8.879881590855263,8.879881599735144,6.697945255776322,6.697945255776322,0.09539273322509811,6.79333798900142,0.0,0.03363593632263978,1.6496471132488568,0.023483560398390987,0.23324346771850013,0.014194612377633187,68.76805889682213,40.58185873608134,7.370389213861374,0.015149491613799592,0.11260163850920346,0.4055498139298922,-0.4055498139298922,0.45439527614517006,0.04884546221527784,0.1601675089405356,1.1423075669795737,1.1423075669795737,0.7324050570971733,1.874712624076747,0.11143015408402358,0.8304212842405674,40.63882764553152,7.374859029463438,10.972084814507216,10.972084814507216,1.115736713715615e-05,0.16593208628598122,11.138016900793197,9.286453128437964e-06,0.18584803744276043,84.55331651274139,True,0.8299179756352428,15.084529593968126,15.084529593968126,0.2936838059580228,15.37821339992615,17.822773682496116,0.01866789632531679,0.007087722406656387,8.879881590855263,8.879881590855263,0.0,0.0016817968161319892,0.023483560398390987,0.021291918566449783,17.19201472420553,40.58185873608134,0.001601675089405356,0.001114301540840236,3.347210141146845e-07,9.286453128437964e-08,0.0018584803744276044,84.55331651274139
48.915167261580315,0.027720152909556983,0.02790394898928794,2075,36.840611944573226,36.840611981413836,21.853134115592056,21.853134115592056,0.09539273322509811,21.948526848817153,0.0,0.0409795092708309,2.6539805251007538,0.015042498970903971,0.2026478657413327,0.009681138054650982,1316.096487016473,54.670317576577354,8.393937893746292,0.010702447555421924,0.11260163850920346,0.4864223638333107,-0.4864223638333107,0.45439527614517006,-0.032027087688140665,0.3676439142745545,0.7701664512145371,0.7701664512145371,0.7324050570971733,1.5025715083117104,0.12713483280044063,0.9466089112820197,54.85928813324028,8.406705619453245,45.08331845829853,45.08331845829853,6.240151768858972e-05,0.16593208628598122,45.24925054458451,3.922723697387509e-05,0.31363416643724656,445.0517753472811,True,0.9451712443197036,65.38546183105566,65.38546183105566,0.2936838059580228,65.67914563701369,24.457583630790158,0.013860076454778492,0.005580789797857588,36.840611944573226,36.840611944573226,0.0,0.0020489754635415447,0.015042498970903971,0.014521707081976473,329.02412175411826,54.670317576577354,0.003676439142745545,0.0012713483280044065,1.8720455306576917e-06,3.9227236973875087e-07,0.003136341664372466,445.0517753472811
38.758708636424934,0.0015872971398467328,0.02285645266556332,2100,39.333470988245054,39.333471027578526,27.488411743961823,27.488411743961823,0.09539273322509811,27.58380447718692,0.0,0.050545867970888045,3.399422260200874,0.007476820920994947,0.16646861234572316,0.0022223547004463448,1502.1333255914644,43.8992280397916,7.625649254208345,0.003351158097715366,0.11260163850920346,0.2916718999481428,-0.2916718999481428,0.45439527614517006,0.1627233761970273,0.8016612757830758,2.3860933758277074,2.3860933758277074,0.7324050570971733,3.1184984329248806,0.18540579031121882,0.8628162926117066,44.38963531980547,7.662554714207267,47.022450835871204,47.022450835871204,2.3551854363499197e-05,0.16593208628598122,47.18838292215719,3.62258035348028e-05,0.2386050069280371,478.17634511913235,True,0.8586606769768376,69.01527032819551,69.01527032819551,0.2936838059580228,69.30895413415354,19.379354318212467,0.0007936485699233664,0.004571290533112664,39.333470988245054,39.333470988245054,0.0,0.0025272933985444022,0.007476820920994947,0.0033335320506695174,375.5333313978661,43.8992280397916,0.008016612757830758,0.0018540579031121882,7.065556309049758e-07,3.6225803534802803e-07,0.002386050069280371,478.17634511913235
17.777678160330446,0.015556607421572832,0.028916056682132336,2125,11.946337109628228,11.946337121574565,6.128836429940145,6.128836429940145,0.09539273322509811,6.224229163165243,0.0,0.0534055485046238,2.518408718736369,0.005803528951227778,0.1561808962353934,0.00889487976841108,131.47983958131925,21.31076488062263,5.616358400365231,0.01925813949840873,0.11260163850920346,0.37984797359832123,-0.37984797359832123,0.45439527614517006,0.07454730254684881,0.5330895593367984,0.7780959974714269,0.7780959974714269,0.7324050570971733,1.5105010545686002,0.19257781552789943,0.6364067905132899,21.639639297452028,5.651842570149169,6.674652359281824,6.674652359281824,2.449907890688994e-05,0.16593208628598122,6.840584445567805,1.890201153037028e-05,0.21797854666950095,75.06071599003002,True,0.6324112144996379,25.11397051732355,25.11397051732355,0.2936838059580228,25.407654323281573,8.888839080165223,0.007778303710786416,0.005783211336426467,11.946337109628228,11.946337109628228,0.0,0.00267027742523119,0.005803528951227778,0.013342319652616619,32.86995989532981,21.31076488062263,0.005330895593367984,0.0019257781552789943,7.349723672066981e-07,1.890201153037028e-07,0.0021797854666950095,75.06071599003002
187.26369961329186,0.048568925161363574,0.046844393829668866,2150,48.384574726990564,48.384574775375135,41.359396151246365,41.359396151246365,0.09539273322509811,41.45478888447146,0.0,0.04752621285804803,2.304028670514627,0.010208151621416976,0.18103539786340714,0.006401982196872021,2285.3752885831755,198.37124581107093,15.084432747223827,0.013038435340365537,0.11260163850920346,0.4692421054259824,-0.4692421054259824,0.45439527614517006,-0.014846829280812324,1.2754097007376146,2.7946729860022255,2.7946729860022255,0.7324050570971733,3.5270780430993987,0.18200578034982393,1.7074584360830782,200.6106036227251,15.16370726973433,48.123729011730425,48.123729011730425,1.7188579332901332e-05,0.16593208628598122,48.28966109801641,3.202960922204741e-05,0.18659510244610428,911.8037742091963,True,1.6985319941636157,87.58317219493108,87.58317219493108,0.2936838059580228,87.8768560008891,93.63184980664593,0.024284462580681787,0.009368878765933774,48.384574726990564,48.384574726990564,0.0,0.0023763106429024014,0.010208151621416976,0.009602973295308032,571.3438221457939,198.37124581107093,0.012754097007376147,0.0018200578034982392,5.156573799870399e-07,3.202960922204741e-07,0.0018659510244610428,911.8037742091963
54.670083476183024,3.845419739956224e-05,0.021123795740999027,2175,31.051350078146214,31.051350109197564,18.624743297468537,18.624743297468537,0.09539273322509811,18.720136030693634,0.0,0.0401450810989901,3.1009211225985043,0.01827845830720863,0.2151978487521478,0.007075479325254624,930.8013191104883,60.74522112671637,8.793922063166681,0.010857995254767258,0.11260163850920346,0.4314213277645016,-0.4314213277645016,0.45439527614517006,0.02297394838066844,0.5369691384389442,1.150936025051788,1.150936025051788,0.7324050570971733,1.8833410821489613,0.15143341594208254,0.9919809509906082,60.99061067896522,8.809648563089457,30.034639410397826,30.034639410397826,6.342260359745466e-05,0.16593208628598122,30.200571496683807,4.481625311121968e-05,0.2543516795805169,351.8765155313534,True,0.9902101211740238,59.753328882287256,59.753328882287256,0.2936838059580228,60.04701268824528,27.335041738091512,1.922709869978112e-05,0.0042247591481998055,31.051350078146214,31.051350078146214,0.0,0.002007254054949505,0.01827845830720863,0.010613218987881937,232.70032977762207,60.74522112671637,0.005369691384389442,0.0015143341594208255,1.9026781079236396e-06,4.481625311121968e-07,0.002543516795805169,351.8765155313534
16.708981142515604,0.00991414010881475,0.03550441666886373,2200,19.590943251010337,19.59094327060128,15.20838598785859,15.20838598785859,0.09539273322509811,15.303778721083688,0.0,0.06556245560388542,2.634101132024285,0.004470399223921746,0.146861044143221,0.0019672137094143465,360.6714929547521,20.139110793035588,5.487662063149986,0.004468208365258144,0.11260163850920346,0.33188530870751626,-0.33188530870751626,0.45439527614517006,0.1225099674376538,1.1004950694067734,0.7896187597419092,0.7896187597419092,0.7324050570971733,1.5220238168390825,0.24493061343883696,0.6210660607252501,20.390676100271588,5.515603625238999,30.2125940348137,30.2125940348137,3.9618026724774946e-05,0.16593208628598122,30.378526121099682,3.384623049499963e-05,0.34512524404595596,138.29208218622023,True,0.617919794772105,27.82437425796961,27.82437425796961,0.2936838059580228,28.11805806392763,8.354490571257802,0.004957070054407375,0.007100883333772747,19.590943251010337,19.590943251010337,0.0,0.0032781227801942712,0.004470399223921746,0.0029508205641215197,90.16787323868803,20.139110793035588,0.011004950694067735,0.00244930613438837,1.1885408017432484e-06,3.384623049499963e-07,0.0034512524404595596,138.29208218622023
18.964106293844864,0.030306705579148274,0.04282880145806035,2225,18.661992783403132,18.661992802065125,14.30563201568933,14.30563201568933,0.09539273322509811,14.401024748914429,0.0,0.07309180219708218,2.078432741633114,0.013150343435163438,0.1946749468504932,0.0030701758018995724,326.67795284632155,22.607930059201077,5.7547797066952615,0.008518329545848791,0.11260163850920346,0.36084533977081884,-0.36084533977081884,0.45439527614517006,0.09354993637435122,0.37872686084301005,0.48437849070544925,0.48437849070544925,0.7324050570971733,1.2167835478026225,0.249961243050624,0.6500264359691896,22.77958927548552,5.772796798050963,23.933220364178304,23.933220364178304,2.3767004150471597e-05,0.16593208628598122,24.099152450464285,2.3614504260541097e-05,0.22101387003991158,132.4750914803306,True,0.6479976817811968,31.040858565309136,31.040858565309136,0.2936838059580228,31.33454237126716,9.482053146922432,0.015153352789574137,0.008565760291612072,18.661992783403132,18.661992783403132,0.0,0.0036545901098541094,0.013150343435163438,0.004605263702849359,81.66948821158039,22.607930059201077,0.0037872686084301005,0.00249961243050624,7.130101245141479e-07,2.3614504260541097e-07,0.002210138700399116,132.4750914803306
108.31166480808822,0.03736512010020265,0.041718863285309854,2250,34.34683508679997,34.34683512114681,16.880080199449356,16.880080199449356,0.09539273322509811,16.975472932674453,0.0,0.04295591987997784,1.7623288401682025,0.02250707613536078,0.2300235852636537,0.011304576168500606,1144.5837527173503,116.79749602648177,11.807289022991926,0.01323962391499815,0.11260163850920346,0.4684035954427711,-0.4684035954427711,0.45439527614517006,-0.014008319297601043,0.18135607503691786,1.8964681867996975,1.8964681867996975,0.7324050570971733,2.6288732438968707,0.11003225459236159,1.3313203978822976,117.14330904383506,11.82327626201212,28.990845481708867,28.990845481708867,1.1162824501367635e-06,0.16593208628598122,29.156777567994848,1.0473727249981117e-05,0.25480318978834887,491.5202018191726,True,1.3295202084135131,69.06014184318109,69.06014184318109,0.2936838059580228,69.35382564913911,54.15583240404411,0.018682560050101327,0.008343772657061972,34.34683508679997,34.34683508679997,0.0,0.0021477959939988924,0.02250707613536078,0.01695686425275091,286.1459381793376,116.79749602648177,0.0018135607503691788,0.001100322545923616,3.34884735041029e-08,1.0473727249981117e-07,0.0025480318978834886,491.5202018191726
39.75015602038451,0.04519327022478559,0.035265941131514454,2275,13.31247833585452,13.312478349166998,12.153363985895005,12.153363985895005,0.09539273322509811,12.248756719120104,0.0,0.04592471286957146,2.383224409658097,0.009410737649844396,0.17700895654445725,0.005026133760121897,161.60677691839675,44.953974004119246,7.704772479668438,0.0054303247070728805,0.11260163850920346,0.3775116994660704,-0.3775116994660704,0.45439527614517006,0.07688357667909967,0.6044784719845542,0.9780739577315626,0.9780739577315626,0.7324050570971733,1.7104790148287359,0.14379793774243704,0.8747377859447806,45.81161600666487,7.768427882947773,15.731904166555783,15.731904166555783,2.8563075352209994e-06,0.16593208628598122,15.897836252841763,2.1978526253651877e-05,0.23657778670461502,118.60196942447621,True,0.8675700825990094,22.131746211174324,22.131746211174324,0.2936838059580228,22.425430017132346,19.875078010192254,0.022596635112392793,0.0070531882263028915,13.31247833585452,13.31247833585452,0.0,0.002296235643478573,0.009410737649844396,0.007539200640182845,40.40169422959919,44.953974004119246,0.006044784719845542,0.0014379793774243704,8.568922605662998e-08,2.1978526253651877e-07,0.00236577786704615,118.60196942447621
38.489036009023266,0.09995650646042176,0.0784744077759022,2300,7.528395788977289,7.528395796505683,7.258454934284636,7.258454934284636,0.09539273322509811,7.353847667509734,0.0,0.0673085592736223,0.9225404878701083,0.019388833018258295,0.21924378987322304,0.011042327677642523,48.093689612385944,43.61219861423528,7.603953256515016,0.014117043576190017,0.11260163850920346,0.42377993075686093,-0.42377993075686093,0.45439527614517006,0.030615345388309127,0.23974600168796942,0.7910067732198706,0.7910067732198706,0.7324050570971733,1.5234118303170439,0.16925519801266337,0.8572957007898951,43.73874050983441,7.6135270854389345,7.662939455074284,7.662939455074284,3.858996681436036e-07,0.16593208628598122,7.828871541360265,3.449461416696709e-06,0.029134809416899603,82.51790710426727,True,0.8562176718705168,13.08329568855092,13.08329568855092,0.2936838059580228,13.376979494508944,19.244518004511633,0.04997825323021088,0.01569488155518044,7.528395788977289,7.528395788977289,0.0,0.0033654279636811148,0.019388833018258295,0.016563491516463785,12.023422403096486,43.61219861423528,0.0023974600168796944,0.0016925519801266338,1.1576990044308107e-08,3.449461416696709e-08,0.00029134809416899604,82.51790710426727
36.30873982247528,0.07038226630233191,0.04258450533698642,2325,7.1721719127430825,7.172171919915255,7.2832198874293494,7.2832198874293494,0.09539273322509811,7.378612620654447,0.0,0.04235792823670764,1.4667596580976174,0.010016714052671984,0.18008353537256758,0.006290502456515359,42.90127000959714,41.28927853577115,7.425673391619835,0.008199343810260707,0.11260163850920346,0.4327830100380408,-0.4327830100380408,0.45439527614517006,0.021612266107129227,0.23600188486938276,1.2279330385774183,1.2279330385774183,0.7324050570971733,1.9603380956745917,0.14492998524139078,0.8373082093420436,41.422364756957315,7.436020879157969,9.369946646940443,9.369946646940443,1.7052033273211512e-06,0.16593208628598122,9.535878733226424,6.38234137630543e-06,0.05258016290156539,77.41075149582862,True,0.8361430651873214,10.708124834346114,10.708124834346114,0.2936838059580228,11.001808640304137,18.15436991123764,0.035191133151165954,0.008516901067397284,7.1721719127430825,7.1721719127430825,0.0,0.0021178964118353824,0.010016714052671984,0.009435753684773038,10.725317502399285,41.28927853577115,0.0023600188486938276,0.0014492998524139077,5.1156099819634535e-08,6.382341376305431e-08,0.0005258016290156539,77.41075149582862
10.047700015371303,0.033830813941419735,0.03388947969087702,2350,9.863379540093343,9.863379549956722,8.612608178258228,8.612608178258228,0.09539273322509811,8.708000911483326,0.0,0.07196238128888045,1.9757049315143407,0.0,0.07975781325007604,0.0015987679052821627,85.59755869200501,12.743548593231905,4.569810722325752,0.004260991050456498,0.11260163850920346,0.31143123677087753,-0.31143123677087753,0.45439527614517006,0.14296403937429253,0.5130665842334935,1.19779609776019,1.19779609776019,0.7324050570971733,1.9302011548573634,0.22326805956436366,0.5169406062958659,12.89441599737474,4.590879557625783,14.587895044322456,14.587895044322456,4.08868848849689e-06,0.16593208628598122,14.753827130608437,1.7737194349891865e-05,0.09032509370020135,49.06812428525099,True,0.5145682207089134,14.068257687756077,14.068257687756077,0.2936838059580228,14.3619414937141,5.023850007685652,0.016915406970709868,0.0067778959381754045,9.863379540093343,9.863379540093343,0.0,0.003598119064444023,0.0,0.002398151857923244,21.399389673001252,12.743548593231905,0.005130665842334935,0.0022326805956436368,1.226606546549067e-07,1.7737194349891865e-07,0.0009032509370020135,49.06812428525099
19.758768436983615,0.0005612154639451639,0.01184130241750933,2375,22.706750396435563,22.706750419142313,17.306854813485444,17.306854813485444,0.09539273322509811,17.40224754671054,0.0,0.046512078364045695,3.312899458537362,0.0002116048524941038,0.09454664402857593,0.0035468868135178936,489.22866608548566,23.474835337320215,5.8450836254207434,0.006328028990888033,0.11260163850920346,0.12712295052562128,-0.12712295052562128,0.45439527614517006,0.3272723256195488,1.067473869672136,2.4717733076864254,2.4717733076864254,0.7324050570971733,3.2041783647835986,0.19320407918813226,0.6629429839928007,23.88772382285786,5.887506912819445,28.10517538672901,28.10517538672901,0.00014334878858581404,0.16593208628598122,28.27110747301499,6.910114972357179e-05,0.3300598015391694,178.39455524980457,True,0.6581660518965272,38.50231996131005,38.50231996131005,0.2936838059580228,38.796003767268076,9.879384218491808,0.00028060773197258193,0.0023682604835018662,22.706750396435563,22.706750396435563,0.0,0.002325603918202285,0.0002116048524941038,0.00532033022027684,122.30716652137141,23.474835337320215,0.01067473869672136,0.0019320407918813226,4.300463657574421e-06,6.910114972357179e-07,0.003300598015391694,178.39455524980457
3.991486687959604,0.07019047434921222,0.06170766423814224,2400,1.7649356721187777,1.7649356738837134,1.964102445000466,1.964102445000466,0.09539273322509811,2.059495178225564,0.0,0.047454625697522027,1.3230442655723305,0.0038873546309850984,0.14234865380250883,0.004761852338573446,1.312579068108613,5.7497831186301305,3.3978705383381587,0.005200986607120316,0.11260163850920346,0.29568182716689473,-0.29568182716689473,0.45439527614517006,0.1587134489782753,0.0774539503642479,0.17718215958891026,0.17718215958891026,0.7324050570971733,0.9095872166860836,0.12260574768784385,0.3827489803703128,5.755881810041235,3.399141890351889,2.91147274317936,2.91147274317936,4.630586402628569e-06,0.16593208628598122,3.0774048294653413,5.373977612128546e-06,0.12511803064270074,9.902698506146136,True,0.38260582403773125,1.766860621387631,1.766860621387631,0.2936838059580228,2.0605444273456537,1.995743343979802,0.03509523717460611,0.012341532847628449,1.7649356721187777,1.7649356721187777,0.0,0.0023727312848761013,0.0038873546309850984,0.007142778507860169,0.32814476702715323,5.7497831186301305,0.000774539503642479,0.0012260574768784384,1.3891759207885708e-07,5.373977612128546e-08,0.0012511803064270074,9.902698506146136
31.240926464019505,0.000732054771465096,0.011735901020120051,2425,14.958935658012505,14.958935672971442,10.992861430910283,10.992861430910283,0.09539273322509811,11.088254164135382,0.0,0.05159386017665637,1.7535542584755146,0.002897864959667507,0.13383182106958214,0.005368819685950871,206.6048004661357,35.87241312250039,6.989358323101097,0.010773292684439285,0.11260163850920346,0.3195062653414197,-0.3195062653414197,0.45439527614517006,0.1348890108037504,0.3447383663733828,2.05687023419863,2.05687023419863,0.7324050570971733,2.789275291295803,0.16732127886827736,0.7894135705620147,36.12821485238267,7.010675074597085,18.350564986183063,18.350564986183063,1.3311069972157241e-05,0.16593208628598122,18.516497072469043,1.1773956331332313e-05,0.05593002841544373,118.124936537952,True,0.7870132692027054,25.630640748433123,25.630640748433123,0.2936838059580228,25.924324554391145,15.620463232009753,0.000366027385732548,0.0023471802040240103,14.958935658012505,14.958935658012505,0.0,0.0025796930088328187,0.002897864959667507,0.008053229528926308,51.65120011653393,35.87241312250039,0.003447383663733828,0.0016732127886827737,3.993320991647172e-07,1.1773956331332314e-07,0.0005593002841544373,118.124936537952
31.166358598991955,0.025966867563515073,0.030992572927971185,2450,6.516924218937188,6.516924225454112,7.401336651842836,7.401336651842836,0.09539273322509811,7.496729385067934,0.0,0.07028192738861479,1.3993067405161326,0.003587761561824905,0.1398979261896846,0.004063006099319371,34.59867087528832,35.79250565247718,6.982683816856544,0.006469365058319862,0.11260163850920346,0.3754860190146098,-0.3754860190146098,0.45439527614517006,0.07890925713056024,0.26847815061666497,1.5464158609806304,1.5464158609806304,0.7324050570971733,2.2788209180778036,0.19930030260687434,0.7872047599743981,35.89278706351051,6.991058926726603,8.656437592519266,8.656437592519266,2.2973821646785995e-06,0.16593208628598122,8.822369678805247,6.223895342259895e-06,0.18692070606452332,66.58120232793333,True,0.7862617087965837,8.950163071636887,8.950163071636887,0.2936838059580228,9.24384687759491,15.583179299495978,0.012983433781757536,0.006198514585594238,6.516924218937188,6.516924218937188,0.0,0.0035140963694307394,0.003587761561824905,0.006094509148979057,8.64966771882208,35.79250565247718,0.0026847815061666496,0.0019930030260687437,6.892146494035798e-08,6.223895342259896e-08,0.0018692070606452333,66.58120232793333
59.43409068682551,0.02854740911604159,0.035354537369413096,2475,36.471526484192,36.47152652066352,22.935508431004454,22.935508431004454,0.09539273322509811,23.03090116422955,0.0,0.07366491681510556,4.466667422233134,0.021914646147007343,0.22803596234363915,0.0027555993883755917,1289.1562558812388,65.76157137504566,9.109350860275171,0.0047061493303860395,0.11260163850920346,0.3273022252918272,-0.3273022252918272,0.45439527614517006,0.1270930508533429,1.3426899993982147,2.1945266530446683,2.1945266530446683,0.7324050570971733,2.9269317101418415,0.1886028626048865,1.0327903150421014,66.78274445787406,9.172071001764122,43.46371784881112,43.46371784881112,0.00022698978146034894,0.16593208628598122,43.629649935097106,7.466446295037345e-05,0.30346767845258044,454.308638237805,True,1.0257279237157149,65.04464500272077,65.04464500272077,0.2936838059580228,65.3383288086788,29.717045343412757,0.014273704558020794,0.007070907473882619,36.471526484192,36.471526484192,0.0,0.0036832458407552783,0.021914646147007343,0.004133399082563388,322.2890639703097,65.76157137504566,0.013426899993982147,0.0018860286260488652,6.809693443810468e-06,7.466446295037345e-07,0.0030346767845258046,454.308638237805
9.225622332802551,0.008687290450682061,0.01693882904901925,2500,11.034680968470738,11.034680979505419,10.464193466730649,10.464193466730649,0.09539273322509811,10.559586199955747,0.0,0.05464408674480017,4.175488167671785,2.0537842073689183e-05,0.08453186960025211,0.001725585060567972,108.62024820603702,11.81551909871538,4.437370957391038,0.0030542926327669704,0.11260163850920346,0.2706497134601439,-0.2706497134601439,0.45439527614517006,0.18374556268502618,0.7672556869121228,0.9184723214035188,0.9184723214035188,0.7324050570971733,1.650877378500692,0.15337432940413223,0.5024675912531257,11.987844462741739,4.462346669925145,18.9104177681746,18.9104177681746,4.043605199723617e-05,0.16593208628598122,19.07634985446058,2.331435323313969e-05,0.4881702002278628,54.645235264292495,True,0.4996552848490933,11.865952715591401,11.865952715591401,0.2936838059580228,12.159636521549425,4.612811166401276,0.004343645225341031,0.00338776580980385,11.034680968470738,11.034680968470738,0.0,0.0027322043372400087,2.0537842073689183e-05,0.002588377590851958,27.155062051509255,11.81551909871538,0.007672556869121228,0.0015337432940413223,1.2130815599170851e-06,2.3314353233139689e-07,0.004881702002278628,54.645235264292495
16.518629966568483,0.09545308138241615,0.07726021675213532,2525,15.816514034237812,15.816514050054325,15.46938659941508,15.46938659941508,0.09539273322509811,15.564779332640178,0.0,0.05445711927984109,4.125791815364566,0.020330515787993532,0.22258511769463718,0.007739679318916897,231.03594346682888,19.93007936316131,5.464311745741028,0.009338507313973036,0.11260163850920346,0.28195690168825716,-0.28195690168825716,0.45439527614517006,0.17243837445691293,0.7656343233834345,1.4294714891494822,1.4294714891494822,0.7324050570971733,2.1618765462466554,0.13058767769960342,0.619039959830137,20.228496588398563,5.497610097418246,21.434778808061,21.434778808061,0.00010552530586582917,0.16593208628598122,21.60071089434698,6.834226903618388e-05,0.33489826039628867,101.87505077395923,True,0.6152905105386433,23.450714930092527,23.450714930092527,0.2936838059580228,23.74439873605055,8.259314983284241,0.047726540691208075,0.015452043350427064,15.816514034237812,15.816514034237812,0.0,0.0027228559639920547,0.020330515787993532,0.011609518978375345,57.75898586670722,19.93007936316131,0.0076563432338343455,0.0013058767769960342,3.165759175974875e-06,6.834226903618388e-07,0.003348982603962887,101.87505077395923
20.056995498593835,0.07385208762438422,0.06116627892298343,2550,4.3104838339644616,4.310483838274945,5.321541654231613,5.321541654231613,0.09539273322509811,5.416934387456711,0.0,0.06165439325223867,0.8793272881571282,0.0016186622063441062,0.12023260128731557,0.00405478415786142,13.501789677086839,23.79979846821135,5.878503712021889,0.0062450066873306126,0.11260163850920346,0.35776493862401826,-0.35776493862401826,0.45439527614517006,0.09663033752115177,0.4298699924263247,0.47046221993009973,0.47046221993009973,0.7324050570971733,1.202867277027273,0.20677066340608583,0.663782506632886,23.96065885303268,5.894962599758315,5.708372916946415,5.708372916946415,5.089733926900748e-07,0.16593208628598122,5.874305003232395,2.610718197389206e-06,0.05504584665121024,41.58108723484819,True,0.6619292087411365,5.625628605925551,5.625628605925551,0.2936838059580228,5.919312411883574,10.028497749296918,0.03692604381219211,0.012233255784596686,4.3104838339644616,4.3104838339644616,0.0,0.0030827196626119335,0.0016186622063441062,0.006082176236792129,3.3754474192717097,23.79979846821135,0.004298699924263247,0.0020677066340608584,1.5269201780702244e-08,2.6107181973892058e-08,0.0005504584665121025,41.58108723484819
26.295228305649974,0.0035598411859532053,0.010993604533153735,2575,2.874438440640619,2.874438443515057,2.2383645435074966,2.2383645435074966,0.09539273322509811,2.3337572767325945,0.0,0.03928081460939743,1.2200856092489172,0.005783756950998293,0.15605101545014566,0.007511019123162849,5.414733372191671,30.557538156894264,6.527887314055367,0.008044469903058226,0.11260163850920346,0.44486943628560666,-0.44486943628560666,0.45439527614517006,0.009525839859563383,0.07683579778563526,0.20371529624481455,0.20371529624481455,0.7324050570971733,0.9361203533419878,0.13288625392453504,0.7353224381074701,30.5842075646895,6.530299048395982,2.5779823851268175,2.5779823851268175,5.220266329565733e-07,0.16593208628598122,2.7439144714127988,6.644270376949596e-06,0.1118030407006908,47.95948239430122,True,0.7350508728449507,5.423679939198612,5.423679939198612,0.2936838059580228,5.717363745156635,13.147614152824987,0.0017799205929766027,0.002198720906630747,2.874438440640619,2.874438440640619,0.0,0.001964040730469872,0.005783756950998293,0.011266528684744273,1.3536833430479178,30.557538156894264,0.0007683579778563526,0.0013288625392453505,1.56607989886972e-08,6.644270376949596e-08,0.001118030407006908,47.95948239430122
21.735222374353416,0.01788258480716265,0.04333516256780645,2600,13.408549847110574,13.408549860519123,15.191746568609682,15.191746568609682,0.09539273322509811,15.287139301834781,0.0,0.05758762256818643,3.553022739912982,5.1705413297042295e-05,0.08719064762709468,0.0026707114895887602,163.24154001856417,25.624906318012208,6.062104929573488,0.0031696787468103345,0.11260163850920346,0.2820988232328556,-0.2820988232328556,0.45439527614517006,0.17229645291231446,0.47871426126009614,2.084660544230869,2.084660544230869,0.7324050570971733,2.8170656013280424,0.1581351387534127,0.6841800532730513,25.766897307726683,6.076110450702061,20.904749156854468,20.904749156854468,8.908502418977516e-05,0.16593208628598122,21.07068124314045,3.074121514479625e-05,0.28985334396685797,90.74526784303643,True,0.6826030085057435,15.057322350388969,15.057322350388969,0.2936838059580228,15.351006156346992,10.867611187176708,0.008941292403581325,0.00866703251356129,13.408549847110574,13.408549847110574,0.0,0.0028793811284093217,5.1705413297042295e-05,0.00400606723438314,40.81038500464104,25.624906318012208,0.004787142612600962,0.0015813513875341271,2.672550725693255e-06,3.0741215144796247e-07,0.0028985334396685798,90.74526784303643
26.91405746464934,0.13424225479032992,0.11359060927107396,2625,27.152072809240583,27.152072836392655,10.540625843227701,10.540625843227701,0.09539273322509811,10.6360185764528,0.0,0.07584047826510823,2.124747171791633,0.02672721043144681,0.24348458774895818,0.021458944572102005,710.8456540118718,31.224358270298925,6.587876007061979,0.025657154185713144,0.11260163850920346,0.4516421980089018,-0.4516421980089018,0.45439527614517006,0.002753078136268243,0.26365437302981254,0.190726995122257,0.190726995122257,0.7324050570971733,0.9231320522194303,0.25031445715799416,0.7426456920868141,31.30778356299895,6.595335875798606,21.47588377935097,21.47588377935097,2.1943703523798167e-05,0.16593208628598122,21.64181586563695,1.6600148092850896e-05,0.06959550543062978,249.70325668295317,True,0.7418056985694077,55.799789980169805,55.799789980169805,0.2936838059580228,56.09347378612783,13.45702873232467,0.06712112739516496,0.022718121854214793,27.152072809240583,27.152072809240583,0.0,0.0037920239132554117,0.02672721043144681,0.032188416858153004,177.71141350296796,31.224358270298925,0.0026365437302981252,0.0025031445715799415,6.58311105713945e-07,1.6600148092850897e-07,0.0006959550543062979,249.70325668295317
14.496463862001281,0.07925006108308719,0.04785512093952819,2650,3.9162017384107792,3.916201742326981,3.28610182830115,3.28610182830115,0.09539273322509811,3.381494561526248,0.0,0.04247352989625498,0.5291006000466807,0.005163321351144759,0.15185625478094972,0.007087169335447034,11.008888700760917,17.702401627563933,5.207422206953319,0.007773019379238336,0.11260163850920346,0.3212977549470976,-0.3212977549470976,0.45439527614517006,0.13309752119807244,0.1565112488548037,0.5607131065308631,0.5607131065308631,0.7324050570971733,1.2931181636280364,0.15351392985525017,0.5868778258598095,17.740796906388972,5.211982538708936,5.0879672302892,5.0879672302892,7.144896262950886e-07,0.16593208628598122,5.253899316575181,1.0404348138434792e-06,0.022848730855654968,31.68950004967886,True,0.5863643249863781,6.291237814245615,6.291237814245615,0.2936838059580228,6.584921620203637,7.248231931000641,0.03962503054154359,0.00957102418790564,3.9162017384107792,3.9162017384107792,0.0,0.002123676494812749,0.005163321351144759,0.01063075400317055,2.752222175190229,17.702401627563933,0.0015651124885480369,0.0015351392985525018,2.1434688788852656e-08,1.0404348138434792e-08,0.00022848730855654968,31.68950004967886
19.982935436092806,0.7268974440016713,0.12063877699372426,2675,3.612950087881726,3.612950091494676,4.099249010649255,4.099249010649255,0.09539273322509811,4.194641743874353,0.0,0.035031688415062094,1.2671084488853384,0.008594660131413497,0.1727073898425228,0.006683936296802135,8.921723798917142,23.71911757338663,5.870227671617275,0.014321836121137554,0.11260163850920346,0.33799157571383703,-0.33799157571383703,0.45439527614517006,0.11640370043133302,0.14352588851215337,1.0786753727866487,1.0786753727866487,0.7324050570971733,1.8110804298838221,0.11475521612317964,0.6615157101149578,23.76398202361465,5.874831486689017,4.116312075396106,4.116312075396106,2.393306000013497e-07,0.16593208628598122,4.282244161682087,4.718992686093611e-06,0.15546031494868573,39.96605242400668,True,0.6609973129484482,5.499217707973227,5.499217707973227,0.2936838059580228,5.79290151393125,9.991467718046403,0.36344872200083567,0.024127755398744854,3.612950087881726,3.612950087881726,0.0,0.0017515844207531047,0.008594660131413497,0.010025904445203203,2.2304309497292856,23.71911757338663,0.0014352588851215336,0.0011475521612317964,7.179918000040491e-09,4.718992686093611e-08,0.0015546031494868572,39.96605242400668
24.19973629910823,0.017497641015735255,0.03847258007011403,2700,22.322135187908817,22.32213521023095,15.52558042969782,15.52558042969782,0.09539273322509811,15.620973162922919,0.0,0.05376528518203018,2.810215318951302,0.002257321379316452,0.12751127633853307,0.001794714770602936,472.7957756921819,28.295194497517816,6.319322748011989,0.0023288570137847244,0.11260163850920346,0.30024436297671275,-0.30024436297671275,0.45439527614517006,0.15415091316845733,0.6949627163434022,2.0404817263556083,2.0404817263556083,0.7324050570971733,2.7728867834527815,0.16721204003555926,0.714317966135894,28.555783503240534,6.343761175730118,27.236481090080662,27.236481090080662,6.546638831233662e-05,0.16593208628598122,27.402413176366643,3.882303399435052e-05,0.20297734194385117,180.95087662554766,True,0.7115661588878597,38.7848596686482,38.7848596686482,0.2936838059580228,39.07854347460623,12.099868149554116,0.008748820507867627,0.0076945160140228066,22.322135187908817,22.322135187908817,0.0,0.002688264259101509,0.002257321379316452,0.002692072155904404,118.19894392304548,28.295194497517816,0.006949627163434022,0.0016721204003555927,1.9639916493700986e-06,3.8823033994350517e-07,0.0020297734194385116,180.95087662554766
39.517380058801656,0.05420535555604644,0.03570327956669109,2725,16.992398176939208,16.992398193931606,11.936852730217241,11.936852730217241,0.09539273322509811,12.03224546344234,0.0,0.033906302001759835,3.512960169789106,0.0035765801586928737,0.1398045162064946,0.004242395802385857,270.0081573680967,44.706408119732814,7.686285076163954,0.005194359769965056,0.11260163850920346,0.4147981854227534,-0.4147981854227534,0.45439527614517006,0.03959709072241667,0.2959355354520457,1.2857642076680502,1.2857642076680502,0.7324050570971733,2.0181692647652234,0.13628983643183099,0.8664556775055823,44.82135928429454,7.694875598866235,17.03721541781148,17.03721541781148,6.434376491671455e-05,0.16593208628598122,17.203147504097462,2.8084377449667805e-05,0.2486439972171596,149.01222539559848,True,0.8654883704877496,31.7667683669191,31.7667683669191,0.2936838059580228,32.06045217287712,19.758690029400828,0.02710267777802322,0.007140655913338218,16.992398176939208,16.992398176939208,0.0,0.001695315100087992,0.0035765801586928737,0.006363593703578785,67.50203934202418,44.706408119732814,0.002959355354520457,0.0013628983643183099,1.9303129475014363e-06,2.8084377449667804e-07,0.0024864399721715963,149.01222539559848
73.74432747895315,0.4614034714542309,0.09555520319799593,2750,28.350655460691552,28.350655489042204,19.285944845776932,19.285944845776932,0.09539273322509811,19.38133757900203,0.0,0.05793674366003023,2.4132254087421985,0.009988694935100273,0.1799434586909032,0.0061528797271670505,772.3422544929064,80.77428887524427,9.987451745363881,0.010124991840578962,0.11260163850920346,0.44461293302044214,-0.44461293302044214,0.45439527614517006,0.009782343124727904,0.31623753632465906,1.5153894914213928,1.5153894914213928,0.7324050570971733,2.247794548518566,0.20098193966208974,1.1270200173654583,81.16049964521518,10.00891223429417,29.112286507933725,29.112286507933725,4.053588029478547e-05,0.16593208628598122,29.278218594219705,1.9503190095117117e-05,0.14054127017442739,339.36117834528443,True,1.1246035309340943,52.885076845992245,52.885076845992245,0.2936838059580228,53.17876065195027,36.872163739476576,0.23070173572711544,0.01911104063959919,28.350655460691552,28.350655460691552,0.0,0.0028968371830015117,0.009988694935100273,0.009229319590750577,193.0855636232266,80.77428887524427,0.0031623753632465906,0.0020098193966208975,1.216076408843564e-06,1.9503190095117118e-07,0.0014054127017442738,339.36117834528443
5.696199807261986,0.6242498096755245,0.11365035735315657,2775,6.936315178881971,6.936315185818286,6.142577709415665,6.142577709415665,0.09539273322509811,6.237970442640763,0.0,0.052290350175870234,2.637894490886006,0.0003214704530614029,0.09792959712490504,0.0033958686998734047,40.01616297852854,7.765536832684075,3.786671281777611,0.0069902402497634825,0.11260163850920346,0.26357611431105465,-0.26357611431105465,0.45439527614517006,0.19081916183411538,0.44014932317608935,0.5283969052813634,0.5283969052813634,0.7324050570971733,1.2608019623785367,0.22511100542190018,0.43032921530850077,7.961965590360607,3.8216955169473206,10.706215750975906,10.706215750975906,3.0646222507313285e-05,0.16593208628598122,10.872147837261886,2.5495104167795855e-05,0.2922308104870507,27.906453512877796,True,0.42638542869061746,9.373331825176457,9.373331825176457,0.2936838059580228,9.66701563113448,2.848099903630993,0.31212490483776223,0.022730071470631316,6.936315178881971,6.936315178881971,0.0,0.002614517508793512,0.0003214704530614029,0.005093803049810107,10.004040744632135,7.765536832684075,0.004401493231760894,0.002251110054219002,9.193866752193986e-07,2.5495104167795856e-07,0.002922308104870507,27.906453512877796
37.34487053796898,0.009520796792741204,0.01702466676784311,2800,15.639361554021363,15.639361569660723,12.387950631875945,12.387950631875945,0.09539273322509811,12.483343365101044,0.0,0.0830881834453675,1.9428681583536354,0.01772856602343919,0.21314866136555483,0.01501164450221446,226.86764790298957,42.39370650824863,7.51104496284956,0.015701356494540242,0.11260163850920346,0.388618929482371,-0.388618929482371,0.45439527614517006,0.06577634666279907,0.422770401794805,1.1168894497145874,1.1168894497145874,0.7324050570971733,1.8492945068117608,0.2451084799837609,0.8471059020116603,42.549957714277,7.523032861658525,16.688732652907362,16.688732652907362,6.398548829070349e-06,0.16593208628598122,16.854664739193343,1.212516852889139e-05,0.14107736260452883,133.48307095635283,True,0.8457560448436093,28.099369501817225,28.099369501817225,0.2936838059580228,28.393053307775247,18.67243526898449,0.004760398396370602,0.003404933353568622,15.639361554021363,15.639361554021363,0.0,0.004154409172268375,0.01772856602343919,0.02251746675332169,56.716911975747394,42.39370650824863,0.004227704017948051,0.002451084799837609,1.9195646487211046e-07,1.2125168528891391e-07,0.0014107736260452882,133.48307095635283
12.050992227319327,0.5171812769565385,0.10174243498206359,2825,9.570502729120562,9.570502738691065,8.92494620492042,8.92494620492042,0.09539273322509811,9.02033893814552,0.0,0.08321578840710617,1.8506420296213573,0.015497537727097034,0.204489106861191,0.01890970965410502,80.33858920332624,14.988155352791859,4.871453906840666,0.03618126124667646,0.11260163850920346,0.16903489080704864,-0.16903489080704864,0.45439527614517006,0.2853603853381214,0.31416707022134566,1.7211239660383786,1.7211239660383786,0.7324050570971733,2.4535290231355518,0.26868178535586873,0.552421791925955,15.256704484469429,4.9059831648983625,11.596028949306092,11.596028949306092,1.5006379482937717e-05,0.16593208628598122,11.761961035592073,1.052586628649478e-05,0.09393742716163253,51.002531931784375,True,0.5485337405468587,15.519639838018657,15.519639838018657,0.2936838059580228,15.81332364397668,6.025496113659663,0.25859063847826924,0.02034848699641272,9.570502729120562,9.570502729120562,0.0,0.0041607894203553085,0.015497537727097034,0.028364564481157532,20.08464730083156,14.988155352791859,0.0031416707022134567,0.0026868178535586875,4.501913844881315e-07,1.0525866286494781e-07,0.0009393742716163253,51.002531931784375
18.433233849462734,0.0359923808230167,0.03220643683505504,2850,8.585866256746213,8.58586626533208,7.240353835176042,7.240353835176042,0.09539273322509811,7.33574656840114,0.0,0.05988364761467231,2.23010543237448,0.0011191889636073332,0.11345428169319038,0.003804447713504398,63.675083228376096,22.027949218115005,5.693394210815346,0.006159001137403258,0.11260163850920346,0.3197319720929505,-0.3197319720929505,0.45439527614517006,0.13466330405221955,0.440119671160896,1.1195740786938035,1.1195740786938035,0.7324050570971733,1.8519791357909767,0.17795131939087772,0.6478699704757191,22.597145728644644,5.753645519876787,12.03815914644953,12.03815914644953,2.5627092441403664e-05,0.16593208628598122,12.20409123273551,2.11489240676195e-05,0.18580303908278045,55.791500447978095,True,0.6410855737505634,13.034179056825199,13.034179056825199,0.2936838059580228,13.327862862783222,9.216616924731367,0.01799619041150835,0.006441287367011008,8.585866256746213,8.585866256746213,0.0,0.002994182380733616,0.0011191889636073332,0.005706671570256597,15.918770807094024,22.027949218115005,0.004401196711608961,0.0017795131939087772,7.688127732421099e-07,2.11489240676195e-07,0.0018580303908278045,55.791500447978095
5.3181764847788475,0.01965703832486243,0.03251195927394083,2875,2.547250144061256,2.5472501466085062,3.0805601312316524,3.0805601312316524,0.09539273322509811,3.1759528644567507,0.0,0.05894560654454713,0.9166319964043302,0.0005254010758127802,0.10292162899561853,0.0037661131402774834,3.745200330679,7.323070235177081,3.7061171879977928,0.005635380076398494,0.11260163850920346,0.23015218296290638,-0.23015218296290638,0.45439527614517006,0.22424309318226368,0.12124498440886142,0.6400515108280517,0.6400515108280517,0.7324050570971733,1.372456567925225,0.1395749174521468,0.41768723736806473,7.340977446814663,3.709423821924998,4.4037696771261725,4.4037696771261725,8.455071913342358e-07,0.16593208628598122,4.569701763412154,1.6648656139019531e-06,0.08026727493670568,13.494572380210034,True,0.417314904936845,1.7597563728651409,1.7597563728651409,0.2936838059580228,2.0534401788231635,2.6590882423894238,0.009828519162431215,0.006502391854788166,2.547250144061256,2.547250144061256,0.0,0.0029472803272273564,0.0005254010758127802,0.005649169710416225,0.93630008266975,7.323070235177081,0.001212449844088614,0.0013957491745214682,2.5365215740027075e-08,1.6648656139019533e-08,0.0008026727493670568,13.494572380210034
26.866414680711845,0.012289238109356782,0.027976469139736716,2900,5.864665739108108,5.864665744972774,4.401575531150007,4.401575531150007,0.09539273322509811,4.496968264375105,0.0,0.049006479777348455,1.6618254892743496,0.0033783514238694148,0.13812358749999362,0.0064034709106580365,27.832677968345287,31.173040465088288,6.583282230470558,0.010270564587823595,0.11260163850920346,0.484473476467451,-0.484473476467451,0.45439527614517006,-0.030078200322280948,0.1210938231395849,0.006676424025773953,0.006676424025773953,0.7324050570971733,0.7390814811229472,0.12977249274279717,0.7415700718376179,31.200976615660498,6.585783437948566,7.999356987953117,7.999356987953117,1.0759379939737617e-05,0.16593208628598122,8.165289074239098,8.660144416342984e-06,0.12623271080942355,57.460028230949746,True,0.7412884317523307,9.400701197257268,9.400701197257268,0.2936838059580228,9.694385003215292,13.433207340355922,0.006144619054678391,0.005595293827947344,5.864665739108108,5.864665739108108,0.0,0.0024503239888674228,0.0033783514238694148,0.009605206365987055,6.958169492086322,31.173040465088288,0.001210938231395849,0.0012977249274279718,3.227813981921285e-07,8.660144416342985e-08,0.0012623271080942355,57.460028230949746
7.4024036618888935,0.003413977986872374,0.022276112984146723,2925,7.598226243963217,7.598226251561443,9.655633922519522,9.655633922519522,0.09539273322509811,9.75102665574462,0.0,0.06393044032319953,2.410804788457653,0.002170453277294403,0.12658812377950418,0.0039605468999429575,48.477177239272244,9.73899235606354,4.120735867718308,0.006743706705928135,0.11260163850920346,0.1591004157901067,-0.1591004157901067,0.45439527614517006,0.29529486035506336,0.4058447761605671,1.3975491811630332,1.3975491811630332,0.7324050570971733,2.1299542382602064,0.17802921476198907,0.4656484760692297,9.830489173285176,4.1353610913713235,9.294299941260737,9.294299941260737,2.521643239396334e-05,0.16593208628598122,9.460232027546718,1.6729617298138867e-05,0.30331860170913316,33.18405759773837,True,0.46400165177608443,10.347534795770644,10.347534795770644,0.2936838059580228,10.641218601728667,3.7012018309444468,0.001706988993436187,0.004455222596829345,7.598226243963217,7.598226243963217,0.0,0.0031965220161599764,0.002170453277294403,0.005940820349914436,12.119294309818061,9.73899235606354,0.004058447761605671,0.0017802921476198909,7.564929718189002e-07,1.6729617298138866e-07,0.0030331860170913316,33.18405759773837
16.51767696653838,0.07986181612830934,0.08319322305222923,2950,3.5924121501326995,3.5924121537251117,3.5344828172595406,3.5344828172595406,0.09539273322509811,3.6298755504846385,0.0,0.03872722806420283,1.1696566889762001,0.011657940858207951,0.18797194477366772,0.01126003211858265,8.85079431341563,19.929032569757535,5.464194504023938,0.013373207987371983,0.11260163850920346,0.33488001893488617,-0.33488001893488617,0.45439527614517006,0.1195152572102839,0.05248217325033592,1.1498081175727544,1.1498081175727544,0.7324050570971733,1.8822131746699278,0.09998275046123288,0.6156922040999676,19.961943937184593,5.467879131890722,4.400081403452713,4.400081403452713,5.288485985418969e-07,0.16593208628598122,4.566013489738695,2.5960623727045246e-06,0.18178999106572444,34.083378275601085,True,0.6152773089280248,5.5892429661205565,5.5892429661205565,0.2936838059580228,5.882926772078579,8.25883848326919,0.03993090806415467,0.016638644610445848,3.5924121501326995,3.5924121501326995,0.0,0.0019363614032101416,0.011657940858207951,0.016890048177873977,2.2126985783539075,19.929032569757535,0.0005248217325033592,0.000999827504612329,1.5865457956256906e-08,2.5960623727045247e-08,0.0018178999106572445,34.083378275601085
15.615592693276692,0.036362541825435524,0.050202613077056986,2975,11.607704153546349,11.607704165154054,11.466020372551641,11.466020372551641,0.09539273322509811,11.56141310577674,0.0,0.07855424115280531,2.9595409292050734,0.005510484723985203,0.15423263920934782,0.005574892112577772,120.83636623185903,18.936918257608383,5.351656955414613,0.008327408125814234,0.11260163850920346,0.33758695883941947,-0.33758695883941947,0.45439527614517006,0.11680831730575057,0.647246470887045,0.5847697247216187,0.5847697247216187,0.7324050570971733,1.317174781818792,0.28456410622515294,0.6082694979278744,19.37724376862586,5.40195908302495,19.60882409171881,19.60882409171881,2.224946784004672e-05,0.16593208628598122,19.77475617800479,2.981392153891212e-05,0.3239368526502787,68.62009108415732,True,0.6026053954354302,12.54043276363312,12.54043276363312,0.2936838059580228,12.834116569591144,7.807796346638346,0.018181270912717762,0.010040522615411399,11.607704153546349,11.607704153546349,0.0,0.003927712057640266,0.005510484723985203,0.008362338168866659,30.209091557964758,18.936918257608383,0.00647246470887045,0.0028456410622515293,6.674840352014015e-07,2.9813921538912117e-07,0.0032393685265027874,68.62009108415732
15.425284963626387,0.09797652780963684,0.07588785418864602,3000,4.732143632241337,4.732143636973481,4.4065731787268865,4.4065731787268865,0.09539273322509811,4.501965911951984,0.0,0.05864440067371237,1.699786116534803,0.010296288798182542,0.1814706302246248,0.01113977077745314,16.97054770135622,18.727287887991814,5.327503655456782,0.013422044680026557,0.11260163850920346,0.37212002449357606,-0.37212002449357606,0.45439527614517006,0.08227525165159398,0.10985450462211668,0.4391884082318184,0.4391884082318184,0.7324050570971733,1.1715934653289917,0.14647462055613994,0.6002649725958751,18.75645208071454,5.3308719769481225,7.993884954994458,7.993884954994458,8.127499542509793e-06,0.16593208628598122,8.159817041280439,7.198774008099318e-06,0.25831973115983237,35.5139617315021,True,0.5998856940432411,5.32113459527447,5.32113459527447,0.2936838059580228,5.614818401232493,7.712642481813194,0.04898826390481842,0.015177570837729205,4.732143632241337,4.732143632241337,0.0,0.0029322200336856187,0.010296288798182542,0.016709656166179712,4.242636925339055,18.727287887991814,0.001098545046221167,0.0014647462055613993,2.438249862752938e-07,7.198774008099318e-08,0.0025831973115983237,35.5139617315021
17.3865768325227,0.04617054075258453,0.0528598369388835,3025,3.575978303237017,3.575978306812995,3.922708662562716,3.922708662562716,0.09539273322509811,4.018101395787814,0.0,0.06264134185447076,1.4644213500890242,0.005665874046962643,0.15527200041823416,0.007727207123560488,8.678067256588545,20.88235397927794,5.56972143344405,0.009424942261964449,0.11260163850920346,0.39305831994246737,-0.39305831994246737,0.45439527614517006,0.06133695620270269,0.147222527922093,0.6864397872478473,0.6864397872478473,0.7324050570971733,1.4188448443450206,0.15445062724260386,0.6275828481998673,20.916704060287294,5.57347833276679,4.680903021154062,4.680903021154062,4.461633733897665e-06,0.16593208628598122,4.846835107440043,5.5522603107587675e-06,0.14968517223314076,35.37969727515813,True,0.6271598151428437,5.100383660549372,5.100383660549372,0.2936838059580228,5.394067466507395,8.69328841626135,0.023085270376292266,0.010571967387776701,3.575978303237017,3.575978303237017,0.0,0.003132067092723538,0.005665874046962643,0.011590810685340732,2.169516814147136,20.88235397927794,0.00147222527922093,0.0015445062724260387,1.3384901201692995e-07,5.552260310758767e-08,0.0014968517223314076,35.37969727515813
10.256347968820801,0.04676964306262443,0.03795856418237578,3050,1.830826508183506,1.8308265100143326,1.7008146830084112,1.7008146830084112,0.09539273322509811,1.7962074162335093,0.0,0.029223559840604367,1.1104011645818075,0.0,0.07851811306574388,0.0018326310213497953,1.4675822821583833,12.978390649972953,4.602553351440191,0.003062996955724611,0.11260163850920346,0.3433584750657148,-0.3433584750657148,0.45439527614517006,0.11103680107945521,0.05199279581316912,0.5828793840576806,0.5828793840576806,0.7324050570971733,1.3152844411548539,0.13382310496794966,0.5185196453954698,12.995324126428006,4.604902790149549,2.8786800750332575,2.8786800750332575,1.5872630375238284e-07,0.16593208628598122,3.0446121613192387,3.6482343497621967e-06,0.12560385764261367,20.342587610826666,True,0.5182550947237248,2.263275407405583,2.263275407405583,0.2936838059580228,2.556959213363606,5.128173984410401,0.023384821531312217,0.007591712836475157,1.830826508183506,1.830826508183506,0.0,0.0014611779920302185,0.0,0.002748946532024693,0.3668955705395958,12.978390649972953,0.0005199279581316912,0.0013382310496794967,4.761789112571485e-09,3.6482343497621966e-08,0.0012560385764261368,20.342587610826666
14.711120627538964,0.08072819400155506,0.06749971149220665,3075,11.349009148134474,11.349009159483483,7.584973674950605,7.584973674950605,0.09539273322509811,7.680366408175703,0.0,0.08327610542386671,2.310430107011933,0.0012509528971379684,0.11536881249261796,0.005712319027293663,115.94924339244112,17.939526924238432,5.235507870874334,0.011327197986665025,0.11260163850920346,0.3191436455812801,-0.3191436455812801,0.45439527614517006,0.13525163056388995,0.16592580648713162,0.9963769116025426,0.9963769116025426,0.7324050570971733,1.728781968699716,0.2652848813079515,0.5907918519660944,18.034821647297317,5.246742474803166,15.264280524064166,15.264280524064166,7.75737870555397e-06,0.16593208628598122,15.430212610350146,1.4232534448323922e-05,0.12060357106349741,65.70477302789647,True,0.5895268170433599,18.771663200864545,18.771663200864545,0.2936838059580228,19.065347006822567,7.355560313769482,0.04036409700077753,0.013499942298441332,11.349009148134474,11.349009148134474,0.0,0.004163805271193336,0.0012509528971379684,0.008568478540940495,28.98731084811028,17.939526924238432,0.0016592580648713163,0.0026528488130795154,2.327213611666191e-07,1.423253444832392e-07,0.001206035710634974,65.70477302789647
49.551423546973396,0.3826549573708691,0.08587125217145844,3100,24.056335250010097,24.05633527406643,15.231658263140824,15.231658263140824,0.09539273322509811,15.327050996365923,0.0,0.0543712032582976,1.8932167609167485,0.008212255688756637,0.17062149683577643,0.0037997059754378477,552.5717362071392,55.34284530973127,8.43927720344734,0.005794915742243234,0.11260163850920346,0.38915833137769795,-0.38915833137769795,0.45439527614517006,0.06523694476747212,0.7464266034233837,1.695206960158281,1.695206960158281,0.7324050570971733,2.4276120172554543,0.20255699035602448,0.952550878352774,55.643773612824134,8.459475424775132,23.62050143674141,23.62050143674141,2.7332136152064176e-06,0.16593208628598122,23.78643352302739,1.586968139339059e-05,0.107172696408035,242.55352029254257,True,0.9502765253343108,45.83208114060069,45.83208114060069,0.2936838059580228,46.12576494655872,24.775711773486698,0.19132747868543454,0.017174250434291688,24.056335250010097,24.056335250010097,0.0,0.00271856016291488,0.008212255688756637,0.005699558963156772,138.1429340517848,55.34284530973127,0.007464266034233838,0.002025569903560245,8.199640845619253e-08,1.586968139339059e-07,0.0010717269640803501,242.55352029254257
23.070111887714425,0.010537119649836169,0.021187230813468502,3125,7.674775599567397,7.6747756072421724,7.195609465419383,7.195609465419383,0.09539273322509811,7.291002198644481,0.0,0.0729958688242485,2.3154978449424903,0.005942755668481059,0.1570892707740906,0.0073375278553920505,49.83200260109893,27.072620392342266,6.203135630784793,0.00901476947195724,0.11260163850920346,0.4048066195055473,-0.4048066195055473,0.45439527614517006,0.04958865663962273,0.24557059514222493,0.658409863609079,0.658409863609079,0.7324050570971733,1.3908149207062523,0.1818061828637422,0.6991177679918028,27.131287760317687,6.208770273329175,11.013717465688893,11.013717465688893,2.0353235110819393e-05,0.16593208628598122,11.179649551974874,1.846270327690224e-05,0.3239836143873758,58.77807183207002,True,0.6984832979525453,10.992486668950317,10.992486668950317,0.2936838059580228,11.28617047490834,11.535055943857213,0.005268559824918084,0.0042374461626937,7.674775599567397,7.674775599567397,0.0,0.003649793441212425,0.005942755668481059,0.011006291783088075,12.458000650274732,27.072620392342266,0.0024557059514222494,0.001818061828637422,6.105970533245818e-07,1.846270327690224e-07,0.003239836143873758,58.77807183207002
6.422121960676511,0.6747129738078833,0.118644667400897,3150,11.314030158094695,11.314030169408726,5.756204764149814,5.756204764149814,0.09539273322509811,5.851597497374912,0.0,0.06841065132089248,3.017738773717573,0.001368593130221815,0.1169945013511713,0.002384322407996938,116.02303794044295,8.609474434922904,3.93419059280799,0.0035780459709702445,0.11260163850920346,0.35521609605731175,-0.35521609605731175,0.45439527614517006,0.09917918008785832,0.11556672452108685,0.5127546140138245,0.5127546140138245,0.7324050570971733,1.2451596711109978,0.20004888575617158,0.4433727180841719,8.629100711749512,3.937533099685774,12.94616206685172,12.94616206685172,3.432911675148709e-05,0.16593208628598122,13.1120941531377,2.3647929855737133e-05,0.264896840004325,52.51558247901459,True,0.44299634629958007,20.950185967058907,20.950185967058907,0.2936838059580228,21.24386977301693,3.2110609803382557,0.33735648690394165,0.023728933480179404,11.314030158094695,11.314030158094695,0.0,0.0034205325660446244,0.001368593130221815,0.0035764836119954067,29.005759485110737,8.609474434922904,0.0011556672452108685,0.002000488857561716,1.0298735025446126e-06,2.3647929855737132e-07,0.00264896840004325,52.51558247901459
14.200176937018966,0.07144063404782486,0.0854105525211482,3175,10.960312914729693,10.960312925690006,8.586265558103786,8.586265558103786,0.09539273322509811,8.681658291328885,0.0,0.06255848025701638,4.111604903401487,0.022240377235426944,0.229132079833371,0.020582121314383903,107.46957683250234,17.374826707670962,5.168312213314996,0.023912463847668437,0.11260163850920346,0.2939929304525807,-0.2939929304525807,0.45439527614517006,0.16040234569258935,0.37263668126767274,1.1364018372525502,1.1364018372525502,0.7324050570971733,1.8688068943497234,0.16723828183899997,0.5839658042002257,17.523611274475357,5.18612126848654,14.27077904430028,14.27077904430028,3.781267830525698e-05,0.16593208628598122,14.43671113058626,2.4494577064712106e-05,0.354238649805938,62.42060872523898,True,0.5819604752295185,17.941163992362668,17.941163992362668,0.2936838059580228,18.23484779832069,7.100088468509483,0.03572031702391243,0.017082110504229638,10.960312914729693,10.960312914729693,0.0,0.003127924012850819,0.022240377235426944,0.030873181971575854,26.867394208125585,17.374826707670962,0.0037263668126767276,0.0016723828183899997,1.1343803491577093e-06,2.4494577064712104e-07,0.00354238649805938,62.42060872523898
13.747377043907784,0.0003273727149177841,0.012464579727849978,3200,2.729649985304647,2.729649988034297,3.7827193956956346,3.7827193956956346,0.09539273322509811,3.878112128920733,0.0,0.05563701466329622,1.4859959110187904,0.0014063604810409757,0.1175014730516146,0.003440287976949459,4.334132594332545,16.873573481789297,5.107745547351892,0.005540907235938676,0.11260163850920346,0.28641595429795585,-0.28641595429795585,0.45439527614517006,0.1679793218472142,0.17997266172448229,1.2406771645767,1.2406771645767,0.7324050570971733,1.9730822216738735,0.14083987632877532,0.5757670543175384,16.919313236742724,5.113309280462961,3.682773224990388,3.682773224990388,4.691631291227962e-07,0.16593208628598122,3.8487053112763694,4.96581894282533e-06,0.2310316132138187,27.577968888359386,True,0.5751405687973667,2.786009100312067,2.786009100312067,0.2936838059580228,3.0796929062700897,6.873688521953892,0.00016368635745889204,0.0024929159455699956,2.729649985304647,2.729649985304647,0.0,0.002781850733164811,0.0014063604810409757,0.0051604319654241886,1.0835331485831363,16.873573481789297,0.001799726617244823,0.0014083987632877533,1.4074893873683885e-08,4.96581894282533e-08,0.0023103161321381873,27.577968888359386
12.947139471149267,1.1608507429761161e-06,0.01413090012244403,3225,5.713941060357933,5.713941066071874,6.897125395864815,6.897125395864815,0.09539273322509811,6.9925181290899125,0.0,0.05049515570947579,1.5187669011583989,0.001309857887193221,0.11619195887477246,0.0024828625496318723,25.968734072028788,15.985710168828156,4.998213372098612,0.0032349122774092943,0.11260163850920346,0.2770774187640497,-0.2770774187640497,0.45439527614517006,0.17731785738112038,0.3708476878703908,0.7931541078388572,0.7931541078388572,0.7324050570971733,1.5255591649360305,0.19081699800608748,0.5635005868588258,16.03499866389336,5.004372443204224,9.791382290333694,9.791382290333694,9.92369654023033e-06,0.16593208628598122,9.957314376619674,9.867836499500912e-06,0.08131207474122967,34.682220316710335,True,0.5628070652990484,4.370153465977904,4.370153465977904,0.2936838059580228,4.663837271935927,6.4735697355746336,5.804253714880581e-07,0.002826180024488806,5.713941060357933,5.713941060357933,0.0,0.0025247577854737896,0.001309857887193221,0.0037242938244478087,6.492183518007197,15.985710168828156,0.003708476878703908,0.0019081699800608748,2.977108962069099e-07,9.867836499500912e-08,0.0008131207474122967,34.682220316710335
25.318962701696524,0.13702075913831702,0.05538539212303274,3250,10.364661205562319,10.36466121592698,5.955234309972234,5.955234309972234,0.09539273322509811,6.0506270431973315,0.0,0.05095689165394326,2.1618677405247695,0.0018084400050346608,0.12252575696016076,0.003397744185026196,97.04129840460598,29.504398843170602,6.4317951768426065,0.005284400659930485,0.11260163850920346,0.40459819446519796,-0.40459819446519796,0.45439527614517006,0.04979708167997213,0.11735489103124896,0.9779883482601625,0.9779883482601625,0.7324050570971733,1.7103934053573357,0.13743596431833896,0.7247534286970128,29.554848410931793,6.4364371063162125,7.725274936576914,7.725274936576914,1.0343683312008875e-05,0.16593208628598122,7.891207022862896,1.0957195553008362e-05,0.0942032977708463,76.88139672100539,True,0.7242307397860213,20.99681311923392,20.99681311923392,0.2936838059580228,21.290496925191942,12.659481350848262,0.06851037956915851,0.011077078424606548,10.364661205562319,10.364661205562319,0.0,0.002547844582697163,0.0018084400050346608,0.005096616277539294,24.260324601151495,29.504398843170602,0.0011735489103124896,0.0013743596431833897,3.1031049936026623e-07,1.0957195553008363e-07,0.000942032977708463,76.88139672100539
21.489356850674564,0.06400760718896281,0.04085116480849973,3275,7.587104463574565,7.587104471161669,6.543060557890609,6.543060557890609,0.09539273322509811,6.638453291115707,0.0,0.06237472926730284,2.033513711288454,0.0029265114212859793,0.13409724042209528,0.0046554867832944965,48.80712037837965,25.35788599097152,6.0356614253712015,0.007824730966201668,0.11260163850920346,0.41472300840191606,-0.41472300840191606,0.45439527614517006,0.03967226774325401,0.20654947007528887,0.1036328639991505,0.1036328639991505,0.7324050570971733,0.8360379210963238,0.14846581796409905,0.6809820387277095,25.47936934256666,6.047709316369819,10.202525375354641,10.202525375354641,1.8022984924941885e-05,0.16593208628598122,10.368457461640622,1.3356895325287454e-05,0.27433725745769827,55.95094568880753,True,0.679625426340206,11.863172882430282,11.863172882430282,0.2936838059580228,12.156856688388306,10.744678425337282,0.032003803594481406,0.008170232961699947,7.587104463574565,7.587104463574565,0.0,0.0031187364633651423,0.0029265114212859793,0.006983230174941745,12.201780094594913,25.35788599097152,0.0020654947007528886,0.0014846581796409905,5.406895477482566e-07,1.3356895325287455e-07,0.0027433725745769828,55.95094568880753
30.548694002704153,0.09933941468332941,0.04748608075662909,3300,8.289789764673433,8.289789772963221,7.1341824975814765,7.1341824975814765,0.09539273322509811,7.229575230806574,0.0,0.0329240057239014,1.2299407995874168,0.0011426787393032207,0.11380353146201179,0.0038811578450088278,58.904904276500204,35.13036384132063,6.927087298270596,0.008193742084007433,0.11260163850920346,0.3159154797516701,-0.3159154797516701,0.45439527614517006,0.13847979639349992,0.09933454508785407,2.1258745629535234,2.1258745629535234,0.7324050570971733,2.8582796200506966,0.10791174413811588,0.7807647278916139,35.21076420403509,6.933865873444991,12.187799906255107,12.187799906255107,9.91161550254587e-07,0.16593208628598122,12.353731992541087,4.790433179336707e-06,0.11010953950298721,73.49167785168366,True,0.7800014491524334,11.812912455790011,11.812912455790011,0.2936838059580228,12.106596261748034,15.274347001352076,0.049669707341664704,0.00949721615132582,8.289789764673433,8.289789764673433,0.0,0.0016462002861950703,0.0011426787393032207,0.005821736767513241,14.726226069125051,35.13036384132063,0.0009933454508785407,0.001079117441381159,2.9734846507637607e-08,4.790433179336707e-08,0.0011010953950298722,73.49167785168366
10.851734626480988,0.14496897173375645,0.05649811838171954,3325,6.660603310459365,6.660603317119968,7.0936927975737305,7.0936927975737305,0.09539273322509811,7.189085530798828,0.0,0.05615197029933598,1.8935869026684926,0.0036898396681499216,0.14074405047533398,0.004163133152863592,36.620627374312306,13.647092317753245,4.694197114090319,0.007903200673987807,0.11260163850920346,0.3078193835444456,-0.3078193835444456,0.45439527614517006,0.14657589260072448,0.2951820065809933,0.26580123795088684,0.26580123795088684,0.7324050570971733,0.9982062950480601,0.2182034240396425,0.5292953354827766,13.694442101847295,4.700600235346598,7.594250582690298,7.594250582690298,1.0438341223363726e-06,0.16593208628598122,7.76018266897628,1.2594963174128515e-05,0.09470342484537445,34.991327078306135,True,0.5285743334737154,10.661128469825526,10.661128469825526,0.2936838059580228,10.95481227578355,5.425867313240494,0.07248448586687822,0.011299623676343908,6.660603310459365,6.660603310459365,0.0,0.0028075985149667994,0.0036898396681499216,0.006244699729295387,9.155156843578077,13.647092317753245,0.002951820065809933,0.002182034240396425,3.1315023670091176e-08,1.2594963174128514e-07,0.0009470342484537445,34.991327078306135
5.54716393035156,0.00507342285098511,0.03423885102768028,3350,4.9954909450168925,4.995490950012383,5.2310400224583,5.2310400224583,0.09539273322509811,5.326432755683398,0.0,0.06005811144286207,2.4695152036896544,2.4922778842174066e-05,0.08499227191188281,0.002807686405562229,19.12664354973925,7.5913573693129095,3.7552417987016873,0.005549435468027544,0.11260163850920346,0.28188300811179284,-0.28188300811179284,0.45439527614517006,0.17251226803337721,0.21981835347618897,0.469995991822446,0.469995991822446,0.7324050570971733,1.2024010489196193,0.2523339309279811,0.4236074195311379,7.628644875169078,3.7620001584303138,8.12500103611318,8.12500103611318,2.004756071314122e-05,0.16593208628598122,8.29093312239916,2.1333206691454456e-05,0.3816370840808728,20.167253714974493,True,0.42284641708447634,5.576277731810533,5.576277731810533,0.2936838059580228,5.869961537768556,2.77358196517578,0.002536711425492555,0.0068477702055360565,4.9954909450168925,4.9954909450168925,0.0,0.003002905572143104,2.4922778842174066e-05,0.004211529608343343,4.781660887434812,7.5913573693129095,0.00219818353476189,0.0025233393092798113,6.014268213942366e-07,2.1333206691454457e-07,0.003816370840808728,20.167253714974493
3.712283186145101,0.006258212839465038,0.026017536958784233,3375,4.230117418254815,4.230117422484931,4.008454638547446,4.008454638547446,0.09539273322509811,4.103847371772544,0.0,0.014874181260133618,1.9345969840435315,0.0,0.07698684776275094,0.0010061292902688586,13.06021103831495,5.4136660844325,3.3267286228592496,0.0018466676921177123,0.11260163850920346,0.25780686485850196,-0.25780686485850196,0.45439527614517006,0.1965884112866681,0.08423799613161316,0.5578995231834002,0.5578995231834002,0.7324050570971733,1.2903045802805735,0.08145581671500444,0.37480954795493177,5.4225310230195705,3.328632865657352,6.127903962783243,6.127903962783243,8.53902296021743e-06,0.16593208628598122,6.293836049069224,1.6444825139798462e-05,0.1311537054207083,14.778532267950112,True,0.37459512707670367,5.955907589623036,5.955907589623036,0.2936838059580228,6.249591395581058,1.8561415930725504,0.003129106419732519,0.005203507391756847,4.230117418254815,4.230117418254815,0.0,0.000743709063006681,0.0,0.0015091939354032878,3.2650527595787375,5.4136660844325,0.0008423799613161316,0.0008145581671500445,2.5617068880652286e-07,1.6444825139798463e-07,0.001311537054207083,14.778532267950112
5.018516341100111,0.7551084600252109,0.12658968143299973,3400,12.485567921952699,12.485567934438267,8.416431129582126,8.416431129582126,0.09539273322509811,8.511823862807224,0.0,0.032372750141929515,2.6097194752264397,0.0002566823286231462,0.09602130858023608,0.0019616907549474707,141.573985443636,6.970679965969244,3.6402045310864164,0.0036388495710636807,0.11260163850920346,0.21305287281826238,-0.21305287281826238,0.45439527614517006,0.24134240332690768,0.20103591796215117,0.9494564219647975,0.9494564219647975,0.7324050570971733,1.6818614790619708,0.19465108749875218,0.4105946536867106,7.003621100286448,3.6464355462180538,18.55659484701216,18.55659484701216,3.5721854820846295e-05,0.16593208628598122,18.72252693329814,3.5652324916706825e-05,0.22562060820828597,57.77290694596393,True,0.40989303111100245,19.06086695112218,19.06086695112218,0.2936838059580228,19.3545507570802,2.5092581705500554,0.37755423001260546,0.025317936286599948,12.485567921952699,12.485567921952699,0.0,0.001618637507096476,0.0002566823286231462,0.002942536132421206,35.393496360909,6.970679965969244,0.002010359179621512,0.001946510874987522,1.0716556446253889e-06,3.5652324916706825e-07,0.00225620608208286,57.77290694596393
2.1202697658371163,0.15974465165877805,0.05908751459048037,3425,0.9721606204728672,0.9721606214450279,1.1125222286343253,1.1125222286343253,0.09539273322509811,1.2079149618594234,0.0,0.040629600409840746,0.5586422196245178,0.0,0.06873810306813428,0.001809206888242275,0.13275761702608882,3.44516145613959,2.856114612878092,0.004142753604441714,0.11260163850920346,0.23480653940920265,-0.23480653940920265,0.45439527614517006,0.2195887367359674,0.06278857526369763,0.056968452601521835,0.056968452601521835,0.7324050570971733,0.7893735096986951,0.12524811053628662,0.32172894154927434,3.44930767276736,2.8572311845237146,1.220437651845001,1.220437651845001,1.1416791538518217e-06,0.16593208628598122,1.3863697381309823,1.1966493158701571e-06,0.005878909432218544,5.609020685057069,True,0.32160321374129863,1.3928130106566172,1.3928130106566172,0.2936838059580228,1.6864968166146401,1.0601348829185582,0.07987232582938902,0.011817502918096074,0.9721606204728672,0.9721606204728672,0.0,0.0020314800204920373,0.0,0.0027138103323634125,0.033189404256522205,3.44516145613959,0.0006278857526369763,0.0012524811053628662,3.425037461555465e-08,1.1966493158701571e-08,5.878909432218544e-05,5.609020685057069
14.727905050606253,0.038857849814350476,0.03011145204353375,3450,8.868593526934497,8.868593535803091,6.73546458634179,6.73546458634179,0.09539273322509811,6.830857319566888,0.0,0.039666420058672824,2.13035987728317,0.0009286578851856943,0.11047388857999081,0.002414230830180077,68.39219130996352,17.958061273404695,5.2376952784980535,0.0034852356999453297,0.11260163850920346,0.33313734985566096,-0.33313734985566096,0.45439527614517006,0.12125792628950909,0.17657348134020417,0.8380425671042911,0.8380425671042911,0.7324050570971733,1.5704476242014644,0.1675375995557166,0.5904418301241029,18.008429340926796,5.243633978199203,13.405995173634764,13.405995173634764,2.9312608940167662e-05,0.16593208628598122,13.571927259920745,1.8407172937533097e-05,0.13128085953318283,51.325394676436765,True,0.5897731227477523,12.936741123208396,12.936741123208396,0.2936838059580228,13.23042492916642,7.363952525303127,0.019428924907175238,0.00602229040870675,8.868593526934497,8.868593526934497,0.0,0.0019833210029336413,0.0009286578851856943,0.003621346245270115,17.09804782749088,17.958061273404695,0.0017657348134020418,0.001675375995557166,8.793782682050298e-07,1.8407172937533097e-07,0.0013128085953318283,51.325394676436765
2.5880418388237754,0.03415978045197354,0.02867682056203273,3475,4.3577235609395855,4.357723565297309,4.933768637656229,4.933768637656229,0.09539273322509811,5.029161370881327,0.0,0.015138259078700774,2.5902276483376476,0.0,0.07378610974112151,0.0013513887749771584,14.09621017199677,4.035033205091326,3.008739207834438,0.0014743646500026699,0.11260163850920346,0.2024727727980734,-0.2024727727980734,0.45439527614517006,0.25192250334709665,0.20515913220275303,0.9127489231389593,0.9127489231389593,0.7324050570971733,1.6451539802361326,0.06500107344218989,0.33940237714846067,4.0569475549445535,3.0141865740155636,7.859497028464631,7.859497028464631,1.2122195170510043e-05,0.16593208628598122,8.025429114750612,3.5473072317483975e-05,0.32737041718957627,13.242405503521708,True,0.33878899473643265,2.821506871683469,2.821506871683469,0.2936838059580228,3.1151906776414915,1.2940209194118877,0.01707989022598677,0.0057353641124065465,4.3577235609395855,4.3577235609395855,0.0,0.0007569129539350388,0.0,0.0020270831624657377,3.5240525429991925,4.035033205091326,0.0020515913220275303,0.0006500107344218989,3.636658551153013e-07,3.5473072317483975e-07,0.003273704171895763,13.242405503521708
5.290778048878858,0.6413712690777658,0.1145252687943488,3500,7.5211112328010215,7.521111240322132,5.740137302636943,5.740137302636943,0.09539273322509811,5.835530035862041,0.0,0.040165563220258625,2.2484543149971343,9.696449875884648e-05,0.08984705533440564,0.0032159724345851735,48.05933915525502,7.290913356752294,3.700169134841796,0.004608116881095397,0.11260163850920346,0.23292230033007566,-0.23292230033007566,0.45439527614517006,0.2214729758150944,0.4269287658641434,1.1060965879239597,1.1060965879239597,0.7324050570971733,1.838501645021133,0.17994445342722237,0.4175874615976766,7.336176617567352,3.7085377268126343,9.447284067348457,9.447284067348457,1.9773659494844167e-05,0.16593208628598122,9.613216153634438,3.217526761912938e-05,0.23150827844717686,29.831153022355743,True,0.41664514434605937,12.62368870356012,12.62368870356012,0.2936838059580228,12.917372509518144,2.645389024439429,0.3206856345388829,0.02290505375886976,7.5211112328010215,7.5211112328010215,0.0,0.0020082781610129313,9.696449875884648e-05,0.00482395865187776,12.014834788813754,7.290913356752294,0.004269287658641434,0.0017994445342722238,5.93209784845325e-07,3.217526761912938e-07,0.002315082784471769,29.831153022355743
3.649146400370406,0.0012364792593317908,0.013455012890197881,3525,6.525114138873714,6.5251141453988275,7.265288477291984,7.265288477291984,0.09539273322509811,7.360681210517082,0.0,0.05240187074770523,2.9564320351497013,0.00015441154440633064,0.0924262441794104,0.0009142922209802058,34.9784334831149,5.337365526097165,3.310273907158449,0.0010202966588833847,0.11260163850920346,0.252606916319397,-0.252606916319397,0.45439527614517006,0.20178835982577303,0.528558640183441,0.20018369975082462,0.20018369975082462,0.7324050570971733,0.9325887568479979,0.27177667416016754,0.3741362506069448,5.394718830650239,3.3226534030393426,11.400737499529994,11.400737499529994,7.219063302676948e-05,0.16593208628598122,11.566669585815974,4.328040033466982e-05,0.15855865503640182,22.44870795977257,True,0.37274229896304323,5.479092725364295,5.479092725364295,0.2936838059580228,5.772776531322318,1.824573200185203,0.0006182396296658954,0.0026910025780395763,6.525114138873714,6.525114138873714,0.0,0.0026200935373852617,0.00015441154440633064,0.0013714383314703087,8.744608370778725,5.337365526097165,0.0052855864018344105,0.0027177667416016754,2.1657189908030846e-06,4.328040033466982e-07,0.0015855865503640182,22.44870795977257
10.158082040941313,0.4113789955064211,0.09100061488272217,3550,9.891062551079406,9.891062560970468,9.878612909631077,9.878612909631077,0.09539273322509811,9.974005642856175,0.0,0.067127489556623,2.8930898859660257,0.009158757762241947,0.17570139895655626,0.015901651488632065,85.89957847811424,12.86782173475369,4.587174617265473,0.030986911148375686,0.11260163850920346,0.16397146379512634,-0.16397146379512634,0.45439527614517006,0.2904238123500437,0.28249038847536434,1.2933498642805943,1.2933498642805943,0.7324050570971733,2.0257549213777675,0.21091865403888957,0.5193457049593105,13.048269966979051,4.612238913330492,15.155525100037497,15.155525100037497,5.706668435305339e-05,0.16593208628598122,15.321457186323478,3.1427956242226985e-05,0.12953173091778877,49.5793085900495,True,0.5165234239036667,12.656580041092786,12.656580041092786,0.2936838059580228,12.95026384705081,5.079041020470656,0.20568949775321055,0.018200122976544435,9.891062551079406,9.891062551079406,0.0,0.00335637447783115,0.009158757762241947,0.023852477232948095,21.47489461952856,12.86782173475369,0.0028249038847536433,0.002109186540388896,1.7120005305916018e-06,3.142795624222699e-07,0.0012953173091778878,49.5793085900495
33.454325993786256,0.10592077226464403,0.049129577799389146,3575,8.187369634000651,8.18736964218802,5.453852660356131,5.453852660356131,0.09539273322509811,5.549245393581229,0.0,0.06402548910325434,1.6963032401118352,0.0068609077792310446,0.16283059687839418,0.012729324296494265,58.16326258321895,38.241503171723494,7.183971472421545,0.0206558873900511,0.11260163850920346,0.4304720800457698,-0.4304720800457698,0.45439527614517006,0.023923196099400242,0.17484687566486962,0.6100215575175459,0.6100215575175459,0.7324050570971733,1.3424266146147192,0.18170130606599594,0.8096533861133077,38.321326235363365,7.190422137089147,8.885178920255983,8.885178920255983,7.648386509654769e-06,0.16593208628598122,9.051111006541964,1.1855668664812408e-05,0.08696518551176244,77.79322940047403,True,0.8089270306377556,15.030527685046186,15.030527685046186,0.2936838059580228,15.32421149100421,16.727162996893128,0.05296038613232201,0.00982591555987783,8.187369634000651,8.187369634000651,0.0,0.003201274455162717,0.0068609077792310446,0.019093986444741397,14.540815645804738,38.241503171723494,0.0017484687566486962,0.0018170130606599594,2.2945159528964304e-07,1.1855668664812407e-07,0.0008696518551176244,77.79322940047403
8.229045334626646,1.4023060015078137e-05,0.0030900461638253486,3600,5.215936657669808,5.215936662885745,4.97857658914555,4.97857658914555,0.09539273322509811,5.0739693223706475,0.0,0.04361353959802129,1.4585956889847553,0.0,0.06693400170327997,0.000660542316567827,21.133332550422306,10.683950346639355,4.268631265015887,0.001400468839871462,0.11260163850920346,0.23597110330116614,-0.23597110330116614,0.45439527614517006,0.21842417284400392,0.12256876552754611,1.1440506602613953,1.1440506602613953,0.7324050570971733,1.8764557173585688,0.10477432755902086,0.48116078972931825,10.713339733678797,4.273123849425621,8.700356592615988,8.700356592615988,5.551920567703176e-06,0.16593208628598122,8.866288678901968,9.369215630112166e-06,0.0507562367298968,25.30432057399353,True,0.48065491731871535,5.8466240163598755,5.8466240163598755,0.2936838059580228,6.140307822317898,4.114522667313323,7.0115300075390685e-06,0.0006180092327650698,5.215936657669808,5.215936657669808,0.0,0.0021806769799010647,0.0,0.0009908134748517405,5.2833331376055765,10.683950346639355,0.001225687655275461,0.0010477432755902087,1.6655761703109528e-07,9.369215630112167e-08,0.000507562367298968,25.30432057399353
7.884542394895301,0.10825472859589391,0.05026303836599469,3625,3.7276301072043774,3.7276301109320076,4.538315182773887,4.538315182773887,0.09539273322509811,4.6337079159989845,0.0,0.058468751106764194,0.9128750342889138,0.00041644656092205853,0.10040702234335178,0.00327381824445626,9.613369992689416,10.290896581735167,4.207942733549832,0.0066126667025743656,0.11260163850920346,0.28800437592895095,-0.28800437592895095,0.45439527614517006,0.1663909002162191,0.3859500701415864,0.5873290480822618,0.5873290480822618,0.7324050570971733,1.3197341051794351,0.16062002953827945,0.47449596507167724,10.329374608477956,4.213934443711937,6.128393178275669,6.128393178275669,1.412174193026963e-06,0.16593208628598122,6.29432526456165,5.009917197122662e-06,0.02654580788896977,20.442302219553728,True,0.4738212886300349,3.3007153228698294,3.3007153228698294,0.2936838059580228,3.594399128827852,3.9422711974476505,0.054127364297946956,0.01005260767319894,3.7276301072043774,3.7276301072043774,0.0,0.00292343755533821,0.00041644656092205853,0.00491072736668439,2.403342498172354,10.290896581735167,0.003859500701415864,0.0016062002953827945,4.236522579080889e-08,5.009917197122662e-08,0.0002654580788896977,20.442302219553728
45.74524463735222,0.11229441574030186,0.07805296375658309,3650,26.921853354618037,26.92185338153989,13.303856126197934,13.303856126197934,0.09539273322509811,13.399248859423032,0.0,0.05463790433378664,1.634142121990078,0.009706166302861368,0.17851987770425504,0.010248602643154785,696.9231958873536,51.316063112213996,8.16352309357721,0.01314158923060468,0.11260163850920346,0.45320182895607974,-0.45320182895607974,0.45439527614517006,0.001193447189090312,0.16544177718905503,1.464264605044129,1.464264605044129,0.7324050570971733,2.196669662141302,0.1813570106678651,0.9201331365258211,51.43152881969979,8.17157784728715,24.63030721179598,24.63030721179598,4.451242642949592e-06,0.16593208628598122,24.79623929808196,1.3820314343027851e-05,0.14502845679342102,275.4458250676392,True,0.9192261579797462,53.272289828580455,53.272289828580455,0.2936838059580228,53.56597363453848,22.87262231867611,0.05614720787015093,0.01561059275131662,26.921853354618037,26.921853354618037,0.0,0.002731895216689332,0.009706166302861368,0.015372903964732178,174.2307989718384,51.316063112213996,0.0016544177718905504,0.0018135701066786512,1.3353727928848774e-07,1.3820314343027852e-07,0.0014502845679342103,275.4458250676392
9.7191941824224,0.11704511067402701,0.061732204273535055,3675,4.8776827498694555,4.877682754747138,5.093704904517275,5.093704904517275,0.09539273322509811,5.189097637742373,0.0,0.045066007431820224,1.5254047061942198,0.0005776337069918685,0.10403401146275562,0.002187225824391619,18.07269334362811,12.37324395673532,4.517562217891152,0.006551897247900876,0.11260163850920346,0.23532319002893426,-0.23532319002893426,0.45439527614517006,0.2190720861162358,0.2012805272108018,0.8095435062819899,0.8095435062819899,0.7324050570971733,1.5419485633791632,0.2061349479135001,0.5091040552363957,12.399442475822275,4.521284208328302,7.0185935109118045,7.0185935109118045,7.594299362788305e-06,0.16593208628598122,7.184525597197785,6.79012634799388e-06,0.057623196232742986,26.71032858517371,True,0.5086849529774371,6.560619106589162,6.560619106589162,0.2936838059580228,6.854302912547185,4.8595970912112,0.058522555337013504,0.012346440854707012,4.8776827498694555,4.8776827498694555,0.0,0.002253300371591011,0.0005776337069918685,0.0032808387365874285,4.5181733359070275,12.37324395673532,0.0020128052721080183,0.002061349479135001,2.2782898088364915e-07,6.79012634799388e-08,0.0005762319623274298,26.71032858517371
15.773198982870706,0.026541766971053704,0.02601070506751431,3700,15.12663238121286,15.126632396339494,10.309033398093996,10.309033398093996,0.09539273322509811,10.404426131319095,0.0,0.04123446509842747,3.7712407555456795,1.3061604802733668e-05,0.08361408422739892,0.0011481122316579916,211.39863637077843,19.110437933443553,5.37154868821606,0.001656235743060638,0.11260163850920346,0.3277552526338796,-0.3277552526338796,0.45439527614517006,0.12664002351129044,0.21959273462961656,0.9252341094409214,0.9252341094409214,0.7324050570971733,1.6576391665380947,0.1020335965460801,0.6055162840936401,19.1625777224298,5.377508163605158,21.997224103563102,21.997224103563102,2.371232289488408e-05,0.16593208628598122,22.163156189849083,3.805947655179809e-05,0.26919900726727247,95.0015082218415,True,0.6048452373405777,23.515048771832056,23.515048771832056,0.2936838059580228,23.808732577790078,7.886599491435353,0.013270883485526852,0.005202141013502862,15.12663238121286,15.12663238121286,0.0,0.0020617232549213736,1.3061604802733668e-05,0.0017221683474869874,52.84965909269461,19.110437933443553,0.0021959273462961656,0.001020335965460801,7.113696868465224e-07,3.805947655179809e-07,0.0026919900726727246,95.0015082218415
12.301084876549153,0.05250039445215249,0.06032747766784649,3725,6.394105422585372,6.394105428979477,5.6577085638218065,5.6577085638218065,0.09539273322509811,5.753101297046904,0.0,0.06319189153447723,3.196455983949,0.007679893773028587,0.1676350031267677,0.006041199902151614,33.55090983193583,15.266917074131799,4.907290246978307,0.007784541524857537,0.11260163850920346,0.37691473494827743,-0.37691473494827743,0.45439527614517006,0.07748054119689261,0.17305143708911314,0.5195909060652603,0.5195909060652603,0.7324050570971733,1.2519959631624336,0.14734088808002369,0.5529933785299886,15.296385224874077,4.91105934816567,8.125246809146665,8.125246809146665,5.348468080337367e-06,0.16593208628598122,8.291178895432646,2.1710903701135843e-05,0.2792115533196881,36.2635057902863,True,0.5525689715228935,10.294735540787174,10.294735540787174,0.2936838059580228,10.588419346745198,6.150542438274576,0.026250197226076244,0.012065495533569299,6.394105422585372,6.394105422585372,0.0,0.0031595945767238613,0.007679893773028587,0.009061799853227422,8.387727457983958,15.266917074131799,0.0017305143708911314,0.0014734088808002368,1.60454042410121e-07,2.1710903701135844e-07,0.002792115533196881,36.2635057902863
12.792156629288284,0.07843330489802891,0.06374842489670857,3750,5.420506356832717,5.420506362253223,6.144939559080005,6.144939559080005,0.09539273322509811,6.240332292305103,0.0,0.06324045365717386,2.24657860048459,0.00018490325158117274,0.09359791350101819,0.0028279971498099956,22.947424108985693,15.813446590607215,4.976612451648666,0.006789808698487489,0.11260163850920346,0.29520419477794785,-0.29520419477794785,0.45439527614517006,0.1591910813672222,0.3736750334073639,0.9675421649761152,0.9675421649761152,0.7324050570971733,1.6999472220732885,0.19497728428292452,0.5617681249395747,15.912014760220048,4.988986683384647,6.987418088009383,6.987418088009383,2.725305735056249e-06,0.16593208628598122,7.153350174295364,1.3863901120315678e-05,0.21447478403664275,33.434274039833454,True,0.5603747660470684,7.700770678128919,7.700770678128919,0.2936838059580228,7.994454484086941,6.396078314644142,0.039216652449014455,0.012749684979341714,5.420506356832717,5.420506356832717,0.0,0.003162022682858693,0.00018490325158117274,0.004241995724714993,5.736856027246423,15.813446590607215,0.003736750334073639,0.0019497728428292452,8.175917205168747e-08,1.386390112031568e-07,0.0021447478403664277,33.434274039833454
29.499888449866987,0.0671111566953484,0.07489786753081175,3775,9.039751086011401,9.039751095051153,9.47502000936669,9.47502000936669,0.09539273322509811,9.570412742591788,0.0,0.07084373591671131,1.4184626784705925,0.0072814878611318235,0.1653316345860773,0.015011755183734751,70.73055145969525,34.004992431121615,6.831379976568292,0.017122780010796913,0.11260163850920346,0.2467722931594793,-0.2467722931594793,0.45439527614517006,0.20762298298569076,0.35802994722031123,2.532577567667991,2.532577567667991,0.7324050570971733,3.2649826247651643,0.20205178713380453,0.7726187214932005,34.357443593288146,6.861522293166524,12.34665990747961,12.34665990747961,8.101063532439664e-06,0.16593208628598122,12.512591993765591,6.889980831248222e-06,0.10440713605664523,75.56584726691257,True,0.7692246469543533,12.64494517792002,12.64494517792002,0.2936838059580228,12.938628983878043,14.749944224933493,0.0335555783476742,0.014979573506162351,9.039751086011401,9.039751086011401,0.0,0.0035421867958355655,0.0072814878611318235,0.022517632775602127,17.682637864923812,34.004992431121615,0.0035802994722031124,0.0020205178713380454,2.4303190597318993e-07,6.889980831248223e-08,0.0010440713605664523,75.56584726691257
17.297709887874767,0.033627501936646875,0.04387268056438952,3800,9.121836136474723,9.121836145596559,7.180327273849613,7.180327273849613,0.09539273322509811,7.275720007074711,0.0,0.05402032726145103,2.297119975160024,0.008554064633825385,0.17248818645548947,0.011891107560977264,72.5942367477044,20.784951136753467,5.559051561098368,0.020297882496411623,0.11260163850920346,0.43142463806889403,-0.43142463806889403,0.45439527614517006,0.022970638076276022,0.12147324975241001,0.5058014896039337,0.5058014896039337,0.7324050570971733,1.238206546701107,0.15555120140039924,0.6264401327992566,20.82398098057193,5.563330031958233,14.669769619722418,14.669769619722418,1.6111199456492997e-05,0.16593208628598122,14.835701706008399,1.372099288119476e-05,0.11585233688925978,56.76281082193756,True,0.6259583699273372,12.199929119262194,12.199929119262194,0.2936838059580228,12.493612925220217,8.648854943937383,0.016813750968323438,0.008774536112877904,9.121836136474723,9.121836136474723,0.0,0.0027010163630725517,0.008554064633825385,0.017836661341465897,18.1485591869261,20.784951136753467,0.0012147324975241,0.0015555120140039924,4.833359836947899e-07,1.372099288119476e-07,0.0011585233688925977,56.76281082193756
6.355958331296127,0.06298218918678145,0.03887572824867964,3825,3.995034485411951,3.9950344894069856,3.905425293045176,3.905425293045176,0.09539273322509811,4.000818026270274,0.0,0.03620287557908207,2.171853638167615,0.0,0.07513300811726571,0.0018793300214402426,11.439045744468173,8.53284041313173,3.9211026022945052,0.003890290617534234,0.11260163850920346,0.303227305607219,-0.303227305607219,0.45439527614517006,0.15116797053795103,0.09963904920542556,0.35358858795978076,0.35358858795978076,0.7324050570971733,1.085993645056954,0.09867244926129068,0.4417329139951137,8.54375491586395,3.9229702215150857,6.813590894561326,6.813590894561326,3.781433251407705e-05,0.16593208628598122,6.979522980847308,1.9278303006493568e-05,0.17834467717909255,18.613278768332496,True,0.4415226169920889,4.231685665470609,4.231685665470609,0.2936838059580228,4.525369471428632,3.1779791656480634,0.03149109459339072,0.007775145649735928,3.995034485411951,3.995034485411951,0.0,0.0018101437789541036,0.0,0.002818995032160364,2.859761436117043,8.53284041313173,0.0009963904920542556,0.0009867244926129069,1.1344299754223115e-06,1.9278303006493568e-07,0.0017834467717909256,18.613278768332496
17.441064691632285,0.07106924674638615,0.0724599078512155,3850,14.919955926339805,14.919955941259762,12.839920106015276,12.839920106015276,0.09539273322509811,12.935312839240375,0.0,0.07788566352591293,2.4997296835861764,0.008137369474981893,0.17020736929420952,0.006340296280162572,205.16089405918723,20.942064751890385,5.576250075322631,0.006754203032545791,0.11260163850920346,0.27253011149712425,-0.27253011149712425,0.45439527614517006,0.18186516464804578,0.7545029742975768,1.332777107120235,1.332777107120235,0.7324050570971733,2.065182164217408,0.20959260471073146,0.6294766505466532,21.07082595226173,5.590296935086196,18.033189939356358,18.033189939356358,3.489522898170201e-05,0.16593208628598122,18.19912202564234,3.327674529984032e-05,0.1181329648567177,95.95516890592107,True,0.6278949509808982,24.92218632562093,24.92218632562093,0.2936838059580228,25.215870131578953,8.720532345816142,0.035534623373193075,0.014491981570243102,14.919955926339805,14.919955926339805,0.0,0.0038942831762956466,0.008137369474981893,0.009510444420243857,51.29022351479681,20.942064751890385,0.0075450297429757686,0.0020959260471073147,1.0468568694510603e-06,3.3276745299840324e-07,0.001181329648567177,95.95516890592107
10.988913920425171,0.04789158690159834,0.043070704602574096,3875,4.089351287330629,4.089351291419981,3.5939276834505387,3.5939276834505387,0.09539273322509811,3.689320416675637,0.0,0.03819296135615259,1.331903875692436,0.0010152454082220748,0.11186291587758526,0.00210994713373766,12.073001154426136,13.800876384162564,4.7149530796717425,0.004558196601855566,0.11260163850920346,0.2575518536571263,-0.2575518536571263,0.45439527614517006,0.19684342248804376,0.08002734195444501,1.431091453038042,1.431091453038042,0.7324050570971733,2.1634965101352153,0.13714183082626294,0.5313900170628282,13.83246960847097,4.7192028189480295,5.711894257456695,5.711894257456695,1.1217699036033892e-06,0.16593208628598122,5.877826343742677,5.62182448602863e-06,0.040819982482191576,26.444164650284232,True,0.5309114894145839,5.996462458539338,5.996462458539338,0.2936838059580228,6.290146264497361,5.4944569602125855,0.02394579345079917,0.00861414092051482,4.089351287330629,4.089351287330629,0.0,0.0019096480678076296,0.0010152454082220748,0.00316492070060649,3.018250288606534,13.800876384162564,0.0008002734195444502,0.0013714183082626295,3.365309710810167e-08,5.62182448602863e-08,0.0004081998248219158,26.444164650284232
9.54191503303186,0.003999844306061706,0.021584592159801925,3900,7.137850813568207,7.137850820706057,6.765509184374876,6.765509184374876,0.09539273322509811,6.860901917599974,0.0,0.04818106989746994,2.3229172912828697,0.0,0.06664205474740933,0.0013682285808443166,42.449418440567484,12.173114260358622,4.488999034158454,0.00237366120920269,0.11260163850920346,0.252450627131743,-0.252450627131743,0.45439527614517006,0.20194464901342707,0.2281200610837721,1.6770262822998627,1.6770262822998627,0.7324050570971733,2.409431339397036,0.1630195028987617,0.5062056653468465,12.218827856009758,4.49554400001055,10.896851580738035,10.896851580738035,1.8107851655265724e-05,0.16593208628598122,11.062783667024016,1.5653996775502257e-05,0.21484470806028524,34.7111159800317,True,0.505468691402464,9.346386163973385,9.346386163973385,0.2936838059580228,9.640069969931409,4.77095751651593,0.001999922153030853,0.004316918431960385,7.137850813568207,7.137850813568207,0.0,0.002409053494873497,0.0,0.002052342871266475,10.612354610141871,12.173114260358622,0.0022812006108377213,0.0016301950289876169,5.432355496579717e-07,1.5653996775502257e-07,0.0021484470806028525,34.7111159800317
2.5637412285455294,0.12474761585595717,0.05799735503348704,3925,2.573977351455316,2.5739773540292936,3.0241318856995916,3.0241318856995916,0.09539273322509811,3.11952461892469,0.0,0.04361793720629477,2.747692707848687,0.0,0.044774217922177,0.000534728034724687,3.8366731583301776,4.004676194212849,3.00116870708415,0.0017232019398695825,0.11260163850920346,0.21648875490019542,-0.21648875490019542,0.45439527614517006,0.23790652124497463,0.10792909556176124,0.7771223672932625,0.7771223672932625,0.7324050570971733,1.5095274243904357,0.162757690975718,0.3382688123704214,4.016495125188852,3.004119538647546,4.439578521543739,4.439578521543739,2.165917702567228e-06,0.16593208628598122,4.60551060782972,2.2370967306402696e-05,0.31520577229840874,8.902507931646115,True,0.3379365438719101,1.9028345775382145,1.9028345775382145,0.2936838059580228,2.196518383496237,1.2818706142727647,0.062373807927978586,0.011599471006697408,2.573977351455316,2.573977351455316,0.0,0.0021808968603147386,0.0,0.0008020920520870306,0.9591682895825444,4.004676194212849,0.0010792909556176125,0.00162757690975718,6.497753107701684e-08,2.2370967306402697e-07,0.0031520577229840873,8.902507931646115
3.7705230511289733,0.004001775936183227,0.036697455854214994,3950,1.6340434211546127,1.634043422788656,2.30011315432726,2.30011315432726,0.09539273322509811,2.395505887552358,0.0,0.04848479499279011,1.1188652429131694,0.0009457098431311955,0.11075239572994591,0.003423034896963385,0.9777189560860693,5.483949828522276,3.341783471741629,0.008593845853815962,0.11260163850920346,0.20637652460105482,-0.20637652460105482,0.45439527614517006,0.24801875154411523,0.1016387786596507,0.4194770490835328,0.4194770490835328,0.7324050570971733,1.151882106180706,0.17718208297987223,0.3765950321761601,5.496631059519374,3.344489509364325,2.194572515589887,2.194572515589887,3.891305249386646e-06,0.16593208628598122,2.3605046018758684,4.863485213643655e-06,0.06222673745263882,9.268940036704972,True,0.37629032787891653,1.739329820444722,1.739329820444722,0.2936838059580228,2.0330136264027447,1.8852615255644867,0.0020008879680916136,0.0073394911708429995,1.6340434211546127,1.6340434211546127,0.0,0.0024242397496395058,0.0009457098431311955,0.005134552345445078,0.24442973902151732,5.483949828522276,0.001016387786596507,0.0017718208297987223,1.1673915748159939e-07,4.863485213643655e-08,0.0006222673745263882,9.268940036704972
4.568874966450032,0.08978571870260821,0.08200771781757005,3975,3.0257590234340457,3.0257590264598044,3.6088284212329818,3.6088284212329818,0.09539273322509811,3.70422115445808,0.0,0.03984245285009583,2.7489377699005413,0.0010239435281354107,0.11199911761495011,0.0026949307108872183,5.781978356133859,6.438869112208437,3.5374926821980073,0.0027733410798287646,0.11260163850920346,0.25094162111235546,-0.25094162111235546,0.45439527614517006,0.2034536550328146,0.10987159041027106,0.8015902771865423,0.8015902771865423,0.7324050570971733,1.5339953342837156,0.12901794119357388,0.3987027814129489,6.455793906876488,3.540825438096149,5.1369100129907626,5.1369100129907626,1.0195449491594954e-05,0.16593208628598122,5.302842099276743,1.6248911092770765e-05,0.16240325998438612,13.266926469321229,True,0.3983275076047394,2.3788826591206096,2.3788826591206096,0.2936838059580228,2.6725664650786323,2.284437483225016,0.044892859351304104,0.01640154356351401,3.0257590234340457,3.0257590234340457,0.0,0.0019921226425047914,0.0010239435281354107,0.004042396066330827,1.4454945890334647,6.438869112208437,0.0010987159041027106,0.0012901794119357388,3.058634847478486e-07,1.6248911092770764e-07,0.0016240325998438613,13.266926469321229
0.2104957092651643,0.391429978415327,0.08707836957882761,4000,2.7723616678779748,2.7723616706503362,3.1316349218766186,3.1316349218766186,0.09539273322509811,3.2270276551017165,0.0,0.03673624139069697,1.8251403868236644,2.9690412054209633e-05,0.08544889090129447,0.00410624907815253,4.805689984980786,0.7375342003389277,1.8587981138422043,0.006658818374416235,0.11260163850920346,0.1449145777330373,0.1449145777330373,0.45439527614517006,0.5993098538782073,0.2132048508413002,0.6916155342249656,0.6916155342249656,0.7324050570971733,1.4240205913221389,0.10819145081215685,0.20987060445035752,0.7462064715299875,1.863832432552742,5.1371935019543,5.1371935019543,3.2486573111495544e-06,0.16593208628598122,5.303125588240281,1.312562068273813e-05,0.07174335441804956,5.04165438359357,True,0.20930373186443024,1.3163280449781989,1.3163280449781989,0.2936838059580228,1.6100118509362218,0.10524785463258216,0.1957149892076635,0.017415673915765522,2.7723616678779748,2.7723616678779748,0.0,0.0018368120695348485,2.9690412054209633e-05,0.006159373617228795,1.2014224962451965,0.7375342003389277,0.002132048508413002,0.0010819145081215685,9.745971933448663e-08,1.312562068273813e-07,0.0007174335441804957,5.04165438359357
3.8847831309349945,0.0021765604054873045,0.008622304854066506,4025,8.122523120590177,8.1225231287127,7.393211117531323,7.393211117531323,0.09539273322509811,7.488603850756421,0.0,0.029674148660271883,3.075555793978497,0.0,0.06737801267684022,0.0013596046936516306,56.46875525595556,5.621571386788771,3.3709853198172213,0.001597889512326174,0.11260163850920346,0.15597065361164197,-0.15597065361164197,0.45439527614517006,0.2984246225335281,0.17958354857060152,1.2187480854610397,1.2187480854610397,0.7324050570971733,1.9511531425582131,0.06891281943411111,0.38009943935896245,5.643530831537634,3.3756116752402177,14.35387881593383,14.35387881593383,1.5666623972534278e-05,0.16593208628598122,14.519810902219811,3.374925262454567e-05,0.20711121230280818,29.814567625776704,True,0.37957850411174354,8.226410423195407,8.226410423195407,0.2936838059580228,8.52009422915343,1.9423915654674972,0.0010882802027436522,0.0017244609708133012,8.122523120590177,8.122523120590177,0.0,0.0014837074330135943,0.0,0.002039407040477446,14.11718881398889,5.621571386788771,0.0017958354857060153,0.0006891281943411111,4.6999871917602833e-07,3.374925262454567e-07,0.002071112123028082,29.814567625776704
2.93064760622515,0.42872595312889306,0.09244802258909422,4050,5.255647825142955,5.255647830398603,3.8763930771363277,3.8763930771363277,0.09539273322509811,3.971785810361426,0.0,0.03807483803374678,1.6244177473655568,0.0,0.07786327110643476,0.0011661358850696343,21.74210326369592,4.460178353592326,3.11191343420897,0.0032317602135934443,0.11260163850920346,0.32171721975588635,-0.32171721975588635,0.45439527614517006,0.1326780563892837,0.06084248277687773,0.2747933761787208,0.2747933761787208,0.7324050570971733,1.007198433275894,0.13091034647895616,0.35070163167883683,4.471252870644214,3.1145337241681,8.699705906588488,8.699705906588488,7.4302231911653e-06,0.16593208628598122,8.865637992874468,1.159390185776306e-05,0.045778707678983704,16.855556978798454,True,0.3504065827098667,6.871597417426858,6.871597417426858,0.2936838059580228,7.165281223384881,1.465323803112575,0.21436297656444653,0.018489604517818847,5.255647825142955,5.255647825142955,0.0,0.0019037419016873392,0.0,0.0017492038276044515,5.43552581592398,4.460178353592326,0.0006084248277687773,0.0013091034647895617,2.2290669573495898e-07,1.159390185776306e-07,0.00045778707678983705,16.855556978798454
7.572793707356021,0.572192155676157,0.10713311600616558,4075,5.8690647678665835,5.869064773735649,3.2446876807878864,3.2446876807878864,0.09539273322509811,3.3400804140129843,0.0,0.040598926781768914,1.4991559588498158,0.0014892943281060854,0.11859137634376475,0.007378791004634887,28.080406403276264,9.934290464725391,4.151870946711713,0.013706705573209826,0.11260163850920346,0.4335533077376201,-0.4335533077376201,0.45439527614517006,0.020841968407549958,0.04728050930309986,0.06125470799223787,0.06125470799223787,0.7324050570971733,0.7936597650894112,0.11701353667658045,0.46770581984120885,9.945395314629609,4.153632082952862,9.609544616429613,9.609544616429613,8.478463037110113e-06,0.16593208628598122,9.775476702715594,1.1095743243737172e-05,0.04667070581467073,26.934073828131783,True,0.4675075129972061,8.31664235738281,8.31664235738281,0.2936838059580228,8.610326163340833,3.7863968536780104,0.2860960778380785,0.02142662320123312,5.8690647678665835,5.8690647678665835,0.0,0.0020299463390884456,0.0014892943281060854,0.011068186506952331,7.020101600819066,9.934290464725391,0.0004728050930309986,0.0011701353667658045,2.543538911133034e-07,1.1095743243737172e-07,0.0004667070581467073,26.934073828131783
10.658407725280433,0.1949010534966329,0.06461312259651529,4100,5.843179137512128,5.843179143355306,5.5321589094905645,5.5321589094905645,0.09539273322509811,5.627551642715662,0.0,0.05060923622531858,1.839768004750792,0.0009847008861583843,0.11137994401139659,0.004003583594928977,27.25205756285331,13.430185078765886,4.664721691856816,0.007543202520179498,0.11260163850920346,0.2896744239412295,-0.2896744239412295,0.45439527614517006,0.16472085220394056,0.35990263199877187,1.6025233283341693,1.6025233283341693,0.7324050570971733,2.3349283854313425,0.164698486863719,0.5266092383725952,13.51845651926525,4.676745370469003,9.359216858021401,9.359216858021401,1.7270726693306806e-05,0.16593208628598122,9.525148944307382,2.2563666163111043e-05,0.09143019563529192,31.541637215892436,True,0.5252553523397181,7.061302841660562,7.061302841660562,0.2936838059580228,7.354986647618585,5.329203862640217,0.09745052674831645,0.01292262451930306,5.843179137512128,5.843179137512128,0.0,0.002530461811265929,0.0009847008861583843,0.006005375392393466,6.813014390713327,13.430185078765886,0.0035990263199877186,0.00164698486863719,5.181218007992041e-07,2.2563666163111044e-07,0.0009143019563529192,31.541637215892436
15.125216758434126,0.1830238083142307,0.13757368115664192,4125,7.635858078795376,7.6358580864312335,6.455245281110165,6.455245281110165,0.09539273322509811,6.550638014335263,0.0,0.05211157718490182,1.7340319232447858,0.009599190766165356,0.17797546002017728,0.010144840712940906,49.65753467270305,18.396508889590866,5.289115163945923,0.011215788643514059,0.11260163850920346,0.3246384358976741,-0.3246384358976741,0.45439527614517006,0.12975684024749595,0.1257915916984293,1.3966856884592977,1.3966856884592977,0.7324050570971733,2.129090745556471,0.21167280661790072,0.5962213896838501,18.446693980658416,5.294961464397372,8.371020181271298,8.371020181271298,1.0761379489712477e-05,0.16593208628598122,8.536952267557279,8.770936389573535e-06,0.10015685946206054,46.160184309990875,True,0.5955630866153369,13.33159225447699,13.33159225447699,0.2936838059580228,13.625276060435013,7.562608379217063,0.09151190415711535,0.027514736231328385,7.635858078795376,7.635858078795376,0.0,0.002605578859245091,0.009599190766165356,0.01521726106941136,12.414383668175763,18.396508889590866,0.001257915916984293,0.002116728066179007,3.2284138469137433e-07,8.770936389573536e-08,0.0010015685946206053,46.160184309990875
2.599399699431234,0.014204587459594853,0.02739338516161239,4150,9.595492475401086,9.595492484996578,3.5876842671649545,3.5876842671649545,0.09539273322509811,3.6830770003900524,0.0,0.06442786926722154,1.2915152999217865,0.00037767878793112686,0.09943395965651691,0.005944709127163397,82.65217784903473,4.049212014318942,3.0122653936096357,0.012732722353544978,0.11260163850920346,0.24468647714650657,-0.24468647714650657,0.45439527614517006,0.2097087989986635,0.11565957698275797,0.13736277269209363,-0.13736277269209363,0.7324050570971733,0.5950422844050797,0.1517180290081431,0.33942025281383686,4.057587089881603,3.014345325380334,9.505517970312766,9.505517970312766,3.8040793156157143e-06,0.16593208628598122,9.671450056598747,9.29472263271891e-06,0.17324732017938418,35.63695236472979,True,0.3391860490676696,18.896091920286246,18.896091920286246,0.2936838059580228,19.189775726244267,1.299699849715617,0.0071022937297974265,0.005478677032322478,9.595492475401086,9.595492475401086,0.0,0.003221393463361077,0.00037767878793112686,0.008917063690745096,20.663044462258682,4.049212014318942,0.0011565957698275798,0.001517180290081431,1.1412237946847143e-07,9.29472263271891e-08,0.0017324732017938418,35.63695236472979
11.348889095302436,0.0892080987198256,0.07633622721090695,4175,7.0987722520629974,7.09877225916177,6.1938442114790435,6.1938442114790435,0.09539273322509811,6.289236944704141,0.0,0.027541636787978507,2.0323329482960597,0.0014507068590887098,0.11808814591298335,0.0018579992225410066,42.16874428072332,14.203938078344034,4.768811228801999,0.0024616718057371458,0.11260163850920346,0.362560790637161,-0.362560790637161,0.45439527614517006,0.09183448550800906,0.15765257978653657,0.17666131288082154,0.17666131288082154,0.7324050570971733,0.9090663699779948,0.08767034499279654,0.5375205253391466,14.240411931162964,4.773647033197854,12.066610904915814,12.066610904915814,1.677302184942035e-05,0.16593208628598122,12.232542991201795,2.1774920274686265e-05,0.08209021999897254,37.58810188296111,True,0.5369760057923053,8.236101841535325,8.236101841535325,0.2936838059580228,8.529785647493348,5.674444547651218,0.0446040493599128,0.015267245442181391,7.0987722520629974,7.0987722520629974,0.0,0.0013770818393989254,0.0014507068590887098,0.00278699883381151,10.54218607018083,14.203938078344034,0.0015765257978653659,0.0008767034499279654,5.031906554826106e-07,2.1774920274686264e-07,0.0008209021999897254,37.58810188296111
9.61442407164332,0.175347170434476,0.06277308034216207,4200,6.532703705300273,6.532703711832977,6.986619142583683,6.986619142583683,0.09539273322509811,7.082011875808781,0.0,0.07089794010747598,1.5916656492333292,0.008100997858120443,0.17000554348550118,0.01322206382226159,34.83502088923929,12.254994853913345,4.5007134778375315,0.026850367774773443,0.11260163850920346,0.2167309079599403,-0.2167309079599403,0.45439527614517006,0.23766436818522976,0.17004453025713565,1.707363111271655,1.707363111271655,0.7324050570971733,2.439768168368828,0.16843187076922064,0.5084148900151783,12.356376718527725,4.515163825275819,10.359038078001252,10.359038078001252,8.45353542334821e-06,0.16593208628598122,10.524970164287232,1.526084472669161e-05,0.07482477493176566,32.43950642720175,True,0.5067877570720963,7.368616621034695,7.368616621034695,0.2936838059580228,7.662300426992718,4.80721203582166,0.087673585217238,0.012554616068432415,6.532703705300273,6.532703705300273,0.0,0.003544897005373799,0.008100997858120443,0.019833095733392384,8.708755222309822,12.254994853913345,0.0017004453025713565,0.0016843187076922065,2.536060627004463e-07,1.5260844726691612e-07,0.0007482477493176566,32.43950642720175
0.4634885706354944,0.01866317811595586,0.03434106035698505,4225,1.8739885532111817,1.8739885550851703,2.3364028511799475,2.3364028511799475,0.09539273322509811,2.431795584405046,0.0,0.040243746122034074,1.6238379033172383,0.0,0.04479833149117158,0.000985648952669733,1.6389849902868874,1.168128529880789,2.0807999490566185,0.0035934824218166474,0.11260163850920346,0.03776242574529115,-0.03776242574529115,0.45439527614517006,0.4166328503998789,0.06982541837184138,0.4327115044276796,0.4327115044276796,0.7324050570971733,1.1651165615248529,0.11439787161993094,0.23445063331550287,1.1709930916481555,2.082124342045846,3.27996237681959,3.27996237681959,3.977199487958746e-06,0.16593208628598122,3.4458944631055712,1.1605726394638558e-05,0.15380108071295048,3.7066785569262164,True,0.2343015044816418,1.074043201987231,1.074043201987231,0.2936838059580228,1.3677270079452537,0.2317442853177472,0.00933158905797793,0.006868212071397011,1.8739885532111817,1.8739885532111817,0.0,0.002012187306101704,0.0,0.0014784734290045995,0.40974624757172184,1.168128529880789,0.0006982541837184138,0.0011439787161993094,1.1931598463876237e-07,1.1605726394638559e-07,0.001538010807129505,3.7066785569262164
5.937254441232959,0.037934271889258575,0.03307759266724978,4250,2.551861111659347,2.551861114211208,3.299465283944655,3.299465283944655,0.09539273322509811,3.394858017169753,0.0,0.06236151947166006,1.8230980584176488,0.0,0.04975019404413834,0.000641747609119298,3.680099018673232,8.0465729997013,3.836648198085427,0.0023815942652423393,0.11260163850920346,0.254459961983008,-0.254459961983008,0.45439527614517006,0.19993531416216204,0.14152810134893257,0.8519345431582946,0.8519345431582946,0.7324050570971733,1.584339600255468,0.21132457128843302,0.4324808814114962,8.070168345835906,3.840804172384275,4.042441037458257,4.042441037458257,1.8685179846435176e-06,0.16593208628598122,4.208373123744238,1.351525249817624e-05,0.11755276642797124,14.521453684109495,True,0.43201291185428403,2.131110670930781,2.131110670930781,0.2936838059580228,2.424794476888804,2.9686272206164794,0.018967135944629288,0.006615518533449956,2.551861111659347,2.551861111659347,0.0,0.0031180759735830034,0.0,0.000962621413678947,0.920024754668308,8.0465729997013,0.0014152810134893258,0.0021132457128843303,5.6055539539305525e-08,1.3515252498176242e-07,0.0011755276642797124,14.521453684109495
1.7320113586875014,0.12004295911903384,0.05542459490922612,4275,1.174143995674271,1.1741439968484149,1.3911543614589958,1.3911543614589958,0.09539273322509811,1.486547094684094,0.0,0.040370035500264134,1.1237129479096817,0.0,0.058306904345095965,0.0010105888600734855,0.29539509323409846,2.944858579114093,2.71605902553324,0.0031673074328447486,0.11260163850920346,0.305414860296379,-0.305414860296379,0.45439527614517006,0.14898041584879104,0.0531723271276356,0.2237003922104871,-0.2237003922104871,0.7324050570971733,0.5087046648866862,0.12527526384906537,0.3059174893898466,2.9474428182342023,2.7168118179445884,1.8165822339289948,1.8165822339289948,1.881900098881356e-06,0.16593208628598122,1.982514320214976,6.85963289330731e-06,0.06367084141895439,5.135919120424412,True,0.3058327237233435,1.2306376616527008,1.2306376616527008,0.2936838059580228,1.5243214676107237,0.8660056793437507,0.06002147955951692,0.011084918981845224,1.174143995674271,1.174143995674271,0.0,0.0020185017750132066,0.0,0.0015158832901102284,0.07384877330852462,2.944858579114093,0.000531723271276356,0.0012527526384906538,5.645700296644068e-08,6.85963289330731e-08,0.0006367084141895439,5.135919120424412
12.458844305994893,0.04990925075176811,0.04934554562103184,4300,10.473076132017567,10.473076142490644,8.213731147542683,8.213731147542683,0.09539273322509811,8.309123880767782,0.0,0.06269181245966131,3.557242231692666,0.0002574126556164172,0.0960440847547131,0.001337285579863973,97.39481461828937,15.44261135655638,4.929708813201861,0.0037510093194252263,0.11260163850920346,0.2464692040999666,-0.2464692040999666,0.45439527614517006,0.20792607204520347,0.32762158538733055,2.0555668031024106,2.0555668031024106,0.7324050570971733,2.7879718601995838,0.19404935692595865,0.5558464388156529,15.49522126608208,4.9363969904065925,15.269348205481892,15.269348205481892,1.8526438571842144e-05,0.16593208628598122,15.435280291767873,3.0486642361879274e-05,0.2355294097510345,56.54160782647245,True,0.5550933390368785,15.60519604161003,15.60519604161003,0.2936838059580228,15.898879847568054,6.229422152997446,0.024954625375884054,0.009869109124206368,10.473076132017567,10.473076132017567,0.0,0.0031345906229830658,0.0002574126556164172,0.002005928369795959,24.348703654572343,15.44261135655638,0.0032762158538733057,0.0019404935692595865,5.557931571552643e-07,3.0486642361879277e-07,0.0023552940975103452,56.54160782647245
3.178760090503051,0.150295209666657,0.059632173574146845,4325,5.360978530684373,5.3609785360453515,4.38413381005464,4.38413381005464,0.09539273322509811,4.4795265432797375,0.0,0.049237801383351175,1.7136949246647646,0.0,0.05106907271012052,0.000747180806943921,22.620424969915593,4.7650863007095206,3.182907762758088,0.0036031401212287483,0.11260163850920346,0.1807328791867473,-0.1807328791867473,0.45439527614517006,0.27366239695842276,0.17035640352395928,0.7782136678820334,0.7782136678820334,0.7324050570971733,1.5106187249792067,0.16153775232006748,0.3589371050733712,4.785908117725462,3.1876718487299374,8.802873773826406,8.802873773826406,1.4448650139073848e-05,0.16593208628598122,8.968805860112386,9.706274692622828e-06,0.05467912017603104,17.46507408323451,True,0.35840066113930136,6.808153750526811,6.808153750526811,0.2936838059580228,7.101837556484834,1.5893800452515254,0.0751476048333285,0.011926434714829369,5.360978530684373,5.360978530684373,0.0,0.002461890069167559,0.0,0.0011207712104158816,5.655106242478898,4.7650863007095206,0.0017035640352395928,0.001615377523200675,4.334595041722154e-07,9.706274692622828e-08,0.0005467912017603104,17.46507408323451
9.084707834839755,0.014706926940165066,0.01976406468685162,4350,7.788117922172123,7.788117929960242,6.769248464583105,6.769248464583105,0.09539273322509811,6.8646411978082025,0.0,0.05678552324580326,1.923289395374371,0.0,0.0629502265088547,0.0016691526396348147,51.473088022509636,11.655975761532565,4.4140849083660125,0.0031536209704020766,0.11260163850920346,0.3028568615970797,-0.3028568615970797,0.45439527614517006,0.1515384145480904,0.12793702262105558,1.5282865446277323,1.5282865446277323,0.7324050570971733,2.2606916017249055,0.1853087789351482,0.4975832094412214,11.689349953912311,4.418969136145033,12.822279786873453,12.822279786873453,4.651427829980613e-06,0.16593208628598122,12.988211873159434,1.5331992707009436e-05,0.0783287025359485,36.87528492618484,True,0.4970332373416093,9.519082871033854,9.519082871033854,0.2936838059580228,9.812766676991878,4.542353917419877,0.007353463470082533,0.003952812937370324,7.788117922172123,7.788117922172123,0.0,0.002839276162290163,0.0,0.002503728959452222,12.868272005627409,11.655975761532565,0.0012793702262105559,0.001853087789351482,1.3954283489941836e-07,1.5331992707009436e-07,0.0007832870253594849,36.87528492618484
51.670185186359824,0.24247746548524463,0.07369374663030726,4375,14.099378823541104,14.099378837640483,7.19328342622338,7.19328342622338,0.09539273322509811,7.288676159448478,0.0,0.06691449369734559,1.662473702565154,0.019100013301517962,0.21820279773404722,0.01581012029523974,184.11845895865582,57.58074329138497,8.588197631281421,0.027369066445945934,0.11260163850920346,0.5171367495461647,-0.5171367495461647,0.45439527614517006,-0.06274147340099466,0.17327334607654118,0.032226847578066264,0.032226847578066264,0.7324050570971733,0.7646319046752396,0.2682512826934389,0.9694004819151618,57.89862307009989,8.609114473452209,14.179513421880735,14.179513421880735,9.053201586357857e-06,0.16593208628598122,14.345445508166716,9.358113065430422e-06,0.0961736101011376,143.73234519583372,True,0.9670452110051242,27.219331764718426,27.219331764718426,0.2936838059580228,27.513015570676448,25.835092593179912,0.12123873274262231,0.014738749326061451,14.099378823541104,14.099378823541104,0.0,0.0033457246848672796,0.019100013301517962,0.02371518044285961,46.029614739663955,57.58074329138497,0.001732733460765412,0.002682512826934389,2.7159604759073574e-07,9.358113065430422e-08,0.0009617361010113761,143.73234519583372
3.552560655447698,0.02868691591487782,0.02605740902870375,4400,6.540523126345034,6.540523132885557,5.49756849535446,5.49756849535446,0.09539273322509811,5.592961228579558,0.0,0.04106583858331532,2.0210189325204047,0.0,0.05339301390893469,0.0010459311844354428,35.25243362723107,5.220419673886267,3.284823773048212,0.0029881809738413053,0.11260163850920346,0.21347974696006927,-0.21347974696006927,0.45439527614517006,0.24091552918510079,0.14937461606089902,0.6441258943552431,0.6441258943552431,0.7324050570971733,1.3765309514524164,0.12704015349769698,0.3706103019536313,5.250238676092972,3.2913399302794364,11.294977338597294,11.294977338597294,1.7753197666530514e-05,0.16593208628598122,11.460909424883274,1.4715821517593062e-05,0.06620172037746144,22.376935507885428,True,0.36987657190745027,7.458684203555891,7.458684203555891,0.2936838059580228,7.752368009513914,1.776280327723849,0.01434345795743891,0.005211481805740751,6.540523126345034,6.540523126345034,0.0,0.002053291929165766,0.0,0.0015688967766531643,8.813108406807768,5.220419673886267,0.0014937461606089903,0.0012704015349769698,5.325959299959154e-07,1.471582151759306e-07,0.0006620172037746145,22.376935507885428
13.630585736090916,0.26406612485115877,0.07543284469981779,4425,8.660776601379212,8.660776610039989,8.061184792651657,8.061184792651657,0.09539273322509811,8.156577525876756,0.0,0.05266897782032135,1.8580077479397081,8.039411429287266e-06,0.0828353855874091,0.0010502368657494931,64.6494603768268,16.74415558816792,5.091962315096257,0.003907749146928792,0.11260163850920346,0.2490296546882304,-0.2490296546882304,0.45439527614517006,0.20536562145693965,0.22345547735837804,1.9596325043082397,1.9596325043082397,0.7324050570971733,2.692037561405413,0.15677055096555828,0.5743515914304377,16.816058264116165,5.10073874614272,12.695274182575082,12.695274182575082,4.962176691862605e-06,0.16593208628598122,12.861206268861062,1.7842453946981394e-05,0.13011924451625806,48.53903040678416,True,0.5733633508265786,12.041195758403212,12.041195758403212,0.2936838059580228,12.334879564361236,6.815292868045458,0.13203306242557938,0.015086568939963558,8.660776601379212,8.660776601379212,0.0,0.002633448891016068,8.039411429287266e-06,0.0015753552986242396,16.1623650942067,16.74415558816792,0.0022345547735837805,0.001567705509655583,1.4886530075587813e-07,1.7842453946981395e-07,0.0013011924451625807,48.53903040678416
3.8449020802202316,0.028721562425120473,0.026044638604294908,4450,4.772888636377077,4.772888641149966,4.009011756188542,4.009011756188542,0.09539273322509811,4.10440448941364,0.0,0.05354165346331531,1.6950416759496965,1.8094628168858852e-07,0.08042537781052682,0.001309177621779961,17.493889052513012,5.573575829392107,3.3608421864648443,0.0019474679869015785,0.11260163850920346,0.18868045064495115,-0.18868045064495115,0.45439527614517006,0.2657148255002189,0.34317842485629035,0.5590937948589564,0.5590937948589564,0.7324050570971733,1.2914988519561297,0.2537576301562465,0.3811468595281774,5.687813222877112,3.384913671996769,5.749328814566521,5.749328814566521,1.2533599166993927e-05,0.16593208628598122,5.915260900852503,8.994347294909404e-06,0.05364324424324554,16.673104766937097,True,0.37843637057521723,8.026654760292338,8.026654760292338,0.2936838059580228,8.320338566250362,1.9224510401101158,0.014360781212560236,0.005208927720858982,4.772888636377077,4.772888636377077,0.0,0.0026770826731657657,1.8094628168858852e-07,0.0019637664326699416,4.373472263128253,5.573575829392107,0.0034317842485629036,0.0025375763015624653,3.760079750098178e-07,8.994347294909404e-08,0.0005364324424324555,16.673104766937097
1.7017753183769306,0.0006660470234463034,0.024914862744282985,4475,15.07126344638279,15.071263461454052,5.982124265864771,5.982124265864771,0.09539273322509811,6.077516999089869,0.0,0.050230285703398644,1.8623850508928652,0.0,0.033572285072911955,0.00030378971967529153,212.00148300308985,2.9053922039059237,2.7045211069112414,0.0023765967912657117,0.11260163850920346,0.04900746391561961,0.04900746391561961,0.45439527614517006,0.5034027400607897,0.28191136169371034,1.4542880137946876,1.4542880137946876,0.7324050570971733,2.186693070891861,0.21529448576814764,0.3052447090923631,2.9269630598434326,2.710836947182119,14.413768594317421,14.413768594317421,1.4039660830419993e-05,0.16593208628598122,14.579700680603402,1.1172414553297403e-05,0.2771335323834774,71.84394118188732,True,0.30453353506614145,29.83378991079468,29.83378991079468,0.2936838059580228,30.1274737167527,0.8508876591884653,0.0003330235117231517,0.004982972548856598,15.07126344638279,15.07126344638279,0.0,0.0025115142851699322,0.0,0.0004556845795129373,53.00037075077246,2.9053922039059237,0.0028191136169371032,0.0021529448576814766,4.211898249125998e-07,1.1172414553297404e-07,0.002771335323834774,71.84394118188732
7.334007328603027,0.8247331274269323,0.13113245789291622,4500,8.910657969575006,8.910657978485663,5.52261337460045,5.52261337460045,0.09539273322509811,5.618006107825548,0.0,0.05038027018817126,1.94845172664552,0.00021019075589018624,0.09449795695572953,0.0029060464519315163,69.45660130439131,9.660517123251077,4.108137243310063,0.008635089640877221,0.11260163850920346,0.3090795830395521,-0.3090795830395521,0.45439527614517006,0.145315693105618,0.10925113853400618,0.5934582924488659,0.5934582924488659,0.7324050570971733,1.3258633495460392,0.19250109717952896,0.4630302370858269,9.685221589685414,4.1121088653331865,12.691457341365384,12.691457341365384,1.2761874733403102e-05,0.16593208628598122,12.857389427651364,1.9218270384751252e-05,0.18795674069662602,40.05290807726371,True,0.4625830258987677,14.317089689640481,14.317089689640481,0.2936838059580228,14.610773495598504,3.6670036643015136,0.41236656371346614,0.026226491578583245,8.910657969575006,8.910657969575006,0.0,0.002519013509408563,0.00021019075589018624,0.004359069677897275,17.36415032609783,9.660517123251077,0.001092511385340062,0.0019250109717952896,3.8285624200209307e-07,1.9218270384751253e-07,0.0018795674069662601,40.05290807726371
4.580499663037612,0.2647772722989068,0.07557962315416612,4525,4.754901616091302,4.754901620846203,4.609717446993252,4.609717446993252,0.09539273322509811,4.70511018021835,0.0,0.07185942263853444,2.528883893145439,0.00047421055644506437,0.10177637610910191,0.003040416867531071,17.14806436286252,6.452667816095036,3.5402101913217803,0.006611406764388513,0.11260163850920346,0.19409039646318904,-0.19409039646318904,0.45439527614517006,0.260304879681981,0.3431490782600073,1.2554891602177993,1.2554891602177993,0.7324050570971733,1.9878942173149727,0.22879725643251606,0.40024451341264256,6.525558898169679,3.554517351315054,5.875175371265589,5.875175371265589,3.1433398291890614e-05,0.16593208628598122,6.04110745755157,3.684168553366227e-05,0.26681264684004746,17.94935662342486,True,0.398633503611915,7.46085400084775,7.46085400084775,0.2936838059580228,7.754537806805772,2.290249831518806,0.1323886361494534,0.015115924630833225,4.754901616091302,4.754901616091302,0.0,0.003592971131926722,0.00047421055644506437,0.004560625301296606,4.28701609071563,6.452667816095036,0.003431490782600073,0.0022879725643251605,9.430019487567184e-07,3.684168553366227e-07,0.0026681264684004745,17.94935662342486
2.092973770497767,0.180574828437986,0.13617439753960336,4550,3.8914570534565085,3.8914570573479654,4.002869416910964,4.002869416910964,0.09539273322509811,4.098262150136062,0.0,0.028518528393709792,2.4276568705868327,0.003073218195172567,0.13543661421093975,0.00602108408873861,10.774887148035516,3.410342861634458,2.846711363920864,0.007904061273612956,0.11260163850920346,0.22933805314729386,-0.22933805314729386,0.45439527614517006,0.2250572229978762,0.130168231988432,0.17182792937893832,0.17182792937893832,0.7324050570971733,0.9042329864761116,0.143048422705506,0.3209124734610959,3.422426895568164,2.8499802419399414,6.776099641807097,6.776099641807097,4.27280501620437e-05,0.16593208628598122,6.942031728093078,2.7004765390518567e-05,0.1226478709592716,11.177021848969298,True,0.3205443924073723,3.7008890069064493,3.7008890069064493,0.2936838059580228,3.994572812864472,1.0464868852488836,0.090287414218993,0.027234879507920674,3.8914570534565085,3.8914570534565085,0.0,0.0014259264196854896,0.003073218195172567,0.009031626133107915,2.693721787008879,3.410342861634458,0.00130168231988432,0.00143048422705506,1.2818415048613111e-06,2.700476539051857e-07,0.001226478709592716,11.177021848969298
14.332028771807801,0.2648932669086571,0.07663798565936121,4575,5.262409149370922,5.262409154633331,4.703530607151268,4.703530607151268,0.09539273322509811,4.798923340376366,0.0,0.06981734675933095,1.3771681991805051,0.0003967003260825195,0.09991733732411337,0.003548132970551695,21.63727383349194,17.52064205414627,5.185766602923086,0.010928245595258585,0.11260163850920346,0.3549061532521457,-0.3549061532521457,0.45439527614517006,0.09948912289302438,0.08443488151595062,0.6154917358788742,0.6154917358788742,0.7324050570971733,1.3478967929760475,0.21870054826072202,0.5844148343585527,17.557013805197077,5.190109044547299,8.894774601256287,8.894774601256287,2.3607373365160947e-06,0.16593208628598122,9.060706687542268,9.105440435444656e-06,0.048394163710928806,35.51888350331154,True,0.5839258682731113,6.0596820642447335,6.0596820642447335,0.2936838059580228,6.353365870202756,7.1660143859039005,0.13244663345432856,0.015327597131872242,5.262409149370922,5.262409149370922,0.0,0.0034908673379665475,0.0003967003260825195,0.005322199455827542,5.409318458372985,17.52064205414627,0.0008443488151595062,0.0021870054826072204,7.082212009548284e-08,9.105440435444656e-08,0.00048394163710928806,35.51888350331154
5.624728142307343,0.0002446403688739496,0.028033922198595285,4600,2.9263544919302076,2.9263544948565623,3.078674779246289,3.078674779246289,0.09539273322509811,3.174067512471387,0.0,0.05896196028784371,1.1417609225242478,0.0001922654389454698,0.09386598135529793,0.0030029763042386435,5.306269370022234,7.682048887747264,3.771650931799902,0.0057903843836790755,0.11260163850920346,0.24470496925021384,-0.24470496925021384,0.45439527614517006,0.2096903068949562,0.11233340214449747,1.5783227293562776,1.5783227293562776,0.7324050570971733,2.310727786453451,0.21409902990885454,0.4254821356892875,7.720891703939501,3.7786492588917193,4.85225723187304,4.85225723187304,1.9337764222054168e-06,0.16593208628598122,5.018189318159021,3.7867776015956537e-06,0.020351732213135368,14.764176663394286,True,0.4246941125219422,2.6914924014803048,2.6914924014803048,0.2936838059580228,2.9851762074383275,2.8123640711536715,0.0001223201844369748,0.005606784439719057,2.9263544919302076,2.9263544919302076,0.0,0.0029480980143921855,0.0001922654389454698,0.004504464456357965,1.3265673425055584,7.682048887747264,0.0011233340214449746,0.0021409902990885453,5.80132926661625e-08,3.786777601595654e-08,0.0002035173221313537,14.764176663394286
14.895268894168773,0.426051515629132,0.09108463344904348,4625,19.825167949389236,19.825167969214405,12.267573455451547,12.267573455451547,0.09539273322509811,12.362966188676646,0.0,0.034267885236317845,4.728126571767301,0.002865919050808753,0.13353427921256392,0.004842848844984028,371.07687838145216,18.142820042290534,5.259438935152203,0.007403443722658297,0.11260163850920346,0.3520361936947387,-0.3520361936947387,0.45439527614517006,0.10235908245043134,0.8933904294504613,1.1627765792813745,1.1627765792813745,0.7324050570971733,1.8951816363785476,0.11333255998537503,0.593985036521627,18.276486120397887,5.275100714649643,22.941575905910113,22.941575905910113,0.00022372062807077625,0.16593208628598122,23.107507992196094,0.00010175391684673377,0.47234562895403764,138.44272672055362,True,0.5922214943316276,35.87340494922796,35.87340494922796,0.2936838059580228,36.167088755185986,7.447634447084386,0.213025757814566,0.018216926689808698,19.825167949389236,19.825167949389236,0.0,0.0017133942618158923,0.002865919050808753,0.007264273267476043,92.76921959536304,18.142820042290534,0.008933904294504613,0.0011333255998537504,6.711618842123287e-06,1.0175391684673377e-06,0.004723456289540377,138.44272672055362
12.262626565606112,0.11956567458285972,0.05280917657790268,4650,6.600839915853721,6.600839922454561,3.582937415471725,3.582937415471725,0.09539273322509811,3.678330148696823,0.0,0.05507202312004271,1.2089563446951512,0.0016900452961427649,0.1211101604976527,0.004139329276955225,36.795068597154184,15.224069230018129,4.9018033305150235,0.008526621184165448,0.11260163850920346,0.3297759046721677,-0.3297759046721677,0.45439527614517006,0.12461937147300232,0.060881157716545,0.9153268605597334,0.9153268605597334,0.7324050570971733,1.6477319176569067,0.15315101458560587,0.5523361847283922,15.250765890589447,4.905222898963572,6.575230817834191,6.575230817834191,5.649456228707716e-07,0.16593208628598122,6.741162904120172,5.388439269507684e-06,0.03452317280293682,37.23847251522185,True,0.5519511356838955,12.682182862953896,12.682182862953896,0.2936838059580228,12.97586666891192,6.131313282803056,0.05978283729142986,0.010561835315580538,6.600839915853721,6.600839915853721,0.0,0.0027536011560021357,0.0016900452961427649,0.0062089939154328375,9.198767149288546,15.224069230018129,0.00060881157716545,0.0015315101458560588,1.6948368686123146e-08,5.388439269507684e-08,0.00034523172802936817,37.23847251522185
0.8966594956475592,0.37628151621456285,0.08559544701586412,4675,0.7461031885866867,0.74610318933279,0.808234435965551,0.808234435965551,0.09539273322509811,0.9036271691906491,0.0,0.05701596168945554,1.1097393315673694,0.0,0.06740546421056484,0.001450279458945597,0.023463788613454644,1.8141963443977949,2.346921060937795,0.004024996454969287,0.11260163850920346,0.2282952135155814,-0.2282952135155814,0.45439527614517006,0.22610006262958865,0.05812850683483204,0.19449578624754404,-0.19449578624754404,0.7324050570971733,0.5379092708496293,0.18093017306748593,0.26434410816780973,1.8160372043399786,2.3476042461865347,1.0369722236009544,1.0369722236009544,1.358337258683134e-06,0.16593208628598122,1.2029043098869356,6.63279620361286e-06,0.05738496339404734,3.2277458362560143,True,0.2642671803825644,0.9822668854645203,0.9822668854645203,0.2936838059580228,1.2759506914225431,0.4483297478237796,0.18814075810728143,0.017119089403172826,0.7461031885866867,0.7461031885866867,0.0,0.002850798084472777,0.0,0.0021754191884183955,0.005865947153363661,1.8141963443977949,0.0005812850683483205,0.0018093017306748593,4.075011776049402e-08,6.63279620361286e-08,0.0005738496339404734,3.2277458362560143
10.399975111196113,0.007388435960581363,0.013795173340521185,4700,7.632804930823449,7.632804938456254,7.885322239320786,7.885322239320786,0.09539273322509811,7.980714972545884,0.0,0.04327196540190639,2.7159154752487975,0.004523215647564113,0.14725485594040116,0.0029424156728226998,49.23687663274962,13.139894503573618,4.624899240471881,0.0031604251442057378,0.11260163850920346,0.29186082783228495,-0.29186082783228495,0.45439527614517006,0.1625344483128851,0.3621940777683118,1.2401515453595109,1.2401515453595109,0.7324050570971733,1.9725566024566843,0.13900317061609038,0.5238668966520335,13.339960052084335,4.652391004819218,13.352158884172335,13.352158884172335,2.4184875017790864e-05,0.16593208628598122,13.518090970458315,3.478647805741562e-05,0.14768516810305699,38.30594973583373,True,0.5207712786660967,7.01547887590157,7.01547887590157,0.2936838059580228,7.3091626818595925,5.199987555598057,0.0036942179802906816,0.0027590346681042374,7.632804930823449,7.632804930823449,0.0,0.00216359827009532,0.004523215647564113,0.004413623509234049,12.309219158187405,13.139894503573618,0.003621940777683118,0.0013900317061609037,7.255462505337259e-07,3.478647805741562e-07,0.00147685168103057,38.30594973583373
10.72341809834598,0.40287978331221197,0.08817446056353444,4725,2.9991184571212766,2.999118460120395,2.7293370948407034,2.7293370948407034,0.09539273322509811,2.8247298280658018,0.0,0.047150658899122164,0.7809444344834423,0.00045978597327385717,0.10144262048523588,0.003341094844695416,5.661285484957451,13.503148539238978,4.674663051116249,0.007473483626190188,0.11260163850920346,0.32841549871528175,-0.32841549871528175,0.45439527614517006,0.1259797774298883,0.04398684500913439,0.8978135098058379,0.8978135098058379,0.7324050570971733,1.6302185669030111,0.12872880863868016,0.5266885597527573,13.523637126473492,4.677449812910231,4.662505569235124,4.662505569235124,1.1142667041713812e-07,0.16593208628598122,4.828437655521106,2.4624219680686003e-06,0.04923866259136088,23.50842073285611,True,0.5263747657807525,3.8563444724980576,3.8563444724980576,0.2936838059580228,4.15002827845608,5.36170904917299,0.20143989165610598,0.017634892112706888,2.9991184571212766,2.9991184571212766,0.0,0.0023575329449561084,0.00045978597327385717,0.005011642267043124,1.4153213712393629,13.503148539238978,0.0004398684500913439,0.0012872880863868017,3.3428001125141435e-09,2.4624219680686003e-08,0.0004923866259136089,23.50842073285611
4.8999053756509054,0.14322792094468229,0.056573304262805026,4750,8.508771796434553,8.508771804943326,8.62989280837072,8.62989280837072,0.09539273322509811,8.725285541595818,0.0,0.05639399762842186,3.03568886313618,0.0007799475782143801,0.10792754157125865,0.0025382952992133493,62.18343203324065,6.830763766493205,3.6135729885528747,0.003224499646300334,0.11260163850920346,0.17382487532972646,-0.17382487532972646,0.45439527614517006,0.2805704008154436,0.4415937078400868,1.1780817742264702,1.1780817742264702,0.7324050570971733,1.9104868313236436,0.170940905424089,0.4081727848080987,6.890243101928483,3.6249272565022603,13.617110455700688,13.617110455700688,2.2199950380462105e-05,0.16593208628598122,13.783042541986669,3.0610683317422434e-05,0.20753454797172358,33.43388363451444,True,0.4068942755193827,10.03380034394859,10.03380034394859,0.2936838059580228,10.327484149906613,2.4499526878254527,0.07161396047234114,0.011314660852561005,8.508771796434553,8.508771796434553,0.0,0.002819699881421093,0.0007799475782143801,0.0038074429488200237,15.545858008310162,6.830763766493205,0.004415937078400868,0.0017094090542408898,6.659985114138631e-07,3.0610683317422433e-07,0.0020753454797172357,33.43388363451444
9.368729375818438,0.002486878677859461,0.00774192552061524,4775,3.258986106733001,3.258986109991987,3.635235516613781,3.635235516613781,0.09539273322509811,3.7306282498388788,0.0,0.06798934769670548,0.9888921523232608,0.0007427642940536605,0.10725370239166893,0.002131918856306435,6.875208096186898,11.977399790660705,4.460838018552834,0.004978818184267845,0.11260163850920346,0.2323757551259679,-0.2323757551259679,0.45439527614517006,0.22201952101920217,0.09352388436040926,1.3146911135417372,1.3146911135417372,0.7324050570971733,2.0470961706389104,0.19199117502261115,0.5027194522015437,12.003338225074602,4.464583412919164,4.5171627079557215,4.5171627079557215,3.2123947717269242e-06,0.16593208628598122,4.683094794241702,3.314558748980672e-06,0.028773686774398004,21.652827560735048,True,0.5022977146215778,4.207474886272217,4.207474886272217,0.2936838059580228,4.50115869223024,4.684364687909219,0.0012434393389297305,0.001548385104123048,3.258986106733001,3.258986106733001,0.0,0.003399467384835274,0.0007427642940536605,0.0031978782844596524,1.7188020240467246,11.977399790660705,0.0009352388436040926,0.0019199117502261115,9.637184315180772e-08,3.314558748980672e-08,0.00028773686774398005,21.652827560735048
7.823382263043058,0.0073664305379634865,0.020503418763991598,4800,4.834686888575815,4.8346868934105025,5.259904025199191,5.259904025199191,0.09539273322509811,5.355296758424289,0.0,0.0462246739631419,1.4293033168686016,0.0,0.076482246489641,0.0016160919050737944,17.66468115783701,10.221007041317458,4.197030972843,0.004344332742585439,0.11260163850920346,0.2610689994074485,-0.2610689994074485,0.45439527614517006,0.19332627673772157,0.27706483141433536,0.97441882166358,0.97441882166358,0.7324050570971733,1.7068238787607533,0.15073614491343898,0.47325844783858395,10.258851680661492,4.202944220660343,7.0974562455725945,7.0974562455725945,3.6853799674501237e-06,0.16593208628598122,7.263388331858576,9.977283049961107e-06,0.04238301478181107,23.400776671696928,True,0.47259260638630773,6.1492163900767505,6.1492163900767505,0.2936838059580228,6.442900196034773,3.911691131521529,0.0036832152689817432,0.00410068375279832,4.834686888575815,4.834686888575815,0.0,0.0023112336981570953,0.0,0.0024241378576106915,4.416170289459252,10.221007041317458,0.002770648314143354,0.0015073614491343899,1.105613990235037e-07,9.977283049961108e-08,0.0004238301478181107,23.400776671696928
7.169241222246471,0.04433270566313263,0.046543517191492516,4825,10.818946394462303,10.818946405281249,8.973954804981775,8.973954804981775,0.09539273322509811,9.069347538206873,0.0,0.05347771803705954,2.3916602090846153,0.0,0.07164296497822312,0.002350336840691685,104.25072658365725,9.471276325188937,4.077543878678083,0.007129722351719522,0.11260163850920346,0.23912108287466224,-0.23912108287466224,0.45439527614517006,0.2152741932705078,0.21457843259552858,1.4690507384226756,1.4690507384226756,0.7324050570971733,2.201455795519849,0.1758354231379351,0.4598221211875738,9.508700107163119,4.083618022252938,17.194536975185237,17.194536975185237,9.221550157865555e-06,0.16593208628598122,17.360469061471218,2.617455733737722e-05,0.17406416277358688,49.9808447426987,True,0.45913816260776363,14.382237343492049,14.382237343492049,0.2936838059580228,14.675921149450073,3.5846206111232357,0.022166352831566316,0.009308703438298503,10.818946394462303,10.818946394462303,0.0,0.0026738859018529773,0.0,0.0035255052610375275,26.062681645914314,9.471276325188937,0.0021457843259552857,0.001758354231379351,2.7664650473596665e-07,2.6174557337377225e-07,0.001740641627735869,49.9808447426987
19.061523978774737,0.043143433207795345,0.031659778472608834,4850,28.431105402282636,28.43110543071374,16.69224752399302,16.69224752399302,0.09539273322509811,16.78764025721812,0.0,0.05341409483737415,3.8049361324678355,0.00556169331414361,0.15457676122052774,0.0066217580448850065,777.4263303882727,22.71428439804426,5.7659505240869064,0.010834322896562729,0.11260163850920346,0.3664440069158854,-0.3664440069158854,0.45439527614517006,0.08795126922928465,0.6926503815358861,0.5155020304357899,0.5155020304357899,0.7324050570971733,1.2479070875329632,0.19492443119905012,0.6548924201013769,23.193961417809604,5.816010944527598,30.410800549958616,30.410800549958616,8.533660221792388e-05,0.16593208628598122,30.576732636244596,4.849089421191045e-05,0.24729107684903925,255.09015479810705,True,0.6492555342346913,53.270919261981945,53.270919261981945,0.2936838059580228,53.56460306793997,9.530761989387369,0.021571716603897673,0.006331955694521767,28.431105402282636,28.431105402282636,0.0,0.002670704741868708,0.00556169331414361,0.00993263706732751,194.35658259706818,22.71428439804426,0.006926503815358861,0.0019492443119905013,2.5600980665377162e-06,4.849089421191045e-07,0.0024729107684903925,255.09015479810705
4.522382714353993,0.0091552787870669,0.014886656022153576,4875,2.6106378511036574,2.6106378537142954,2.119942667146451,2.119942667146451,0.09539273322509811,2.215335400371549,0.0,0.03997099178518208,1.9561774368869593,0.0,0.07475914556393794,0.0013697901280158944,4.017956936214627,6.38365427915091,3.526589455996148,0.003231395622779764,0.11260163850920346,0.24912645356414373,-0.24912645356414373,0.45439527614517006,0.20526882258102633,0.0657969344093386,0.8910207764145003,0.8910207764145003,0.7324050570971733,1.6234258335116736,0.11577094129655777,0.39735760740148507,6.39522965297099,3.5288791297669784,3.8892907597499744,3.8892907597499744,3.3504795831590407e-06,0.16593208628598122,4.055222846035956,1.1191278332621696e-05,0.09714192725304918,12.27436823732123,True,0.39709978636034127,3.6878758759613404,3.6878758759613404,0.2936838059580228,3.981559681919363,2.2611913571769966,0.00457763939353345,0.002977331204430715,2.6106378511036574,2.6106378511036574,0.0,0.0019985495892591043,0.0,0.002054685192023842,1.0044892340536566,6.38365427915091,0.0006579693440933861,0.0011577094129655778,1.0051438749477121e-07,1.1191278332621696e-07,0.0009714192725304918,12.27436823732123
11.47549289916956,0.554286099654276,0.10232756388079862,4900,8.490482102642153,8.490482111132634,6.2143978642656945,6.2143978642656945,0.09539273322509811,6.309790597490792,0.0,0.02241696169036167,2.9951464754145225,0.0003641718031776652,0.09908328596383928,0.0017569924899834763,62.33491207048469,14.34553265080947,4.78754968954989,0.002460614508751353,0.11260163850920346,0.31718589778493445,-0.31718589778493445,0.45439527614517006,0.13720937836023558,0.15882231323942167,0.8723850653376714,0.8723850653376714,0.7324050570971733,1.6047901224348446,0.10747489658505942,0.5396346154080238,14.382464481681057,4.792421980961646,12.721050864986816,12.721050864986816,1.4755390328642082e-05,0.16593208628598122,12.886982951272797,2.82418545028395e-05,0.2447105724947777,44.46432909478698,True,0.5390859873630429,12.614907604749497,12.614907604749497,0.2936838059580228,12.90859141070752,5.73774644958478,0.277143049827138,0.020465512776159725,8.490482102642153,8.490482102642153,0.0,0.0011208480845180835,0.0003641718031776652,0.0026354887349752144,15.583728017621173,14.34553265080947,0.0015882231323942168,0.001074748965850594,4.4266170985926244e-07,2.82418545028395e-07,0.002447105724947777,44.46432909478698
14.026873379114916,0.0015860051318670187,0.009045328836943874,4925,12.17381408440294,12.173814096576754,7.229407970044118,7.229407970044118,0.09539273322509811,7.324800703269216,0.0,0.058596320504391716,1.560319607609912,0.015079535492798297,0.20279876014357107,0.006715070675683489,134.87975052289306,17.18307079628114,5.145246771457779,0.007976612309568285,0.11260163850920346,0.27910786026199025,-0.27910786026199025,0.45439527614517006,0.1752874158831798,0.334407526479142,1.2383329916343402,1.2383329916343402,0.7324050570971733,1.9707380487315136,0.16056828459929925,0.5819930147328094,17.37723589994112,5.1686011922395645,14.280808540743813,14.280808540743813,5.0994410358890396e-06,0.16593208628598122,14.446740627029794,1.3054849828941914e-05,0.0773204052879098,70.12666647252506,True,0.5793632684528027,21.98161837352986,21.98161837352986,0.2936838059580228,22.27530217948788,7.013436689557458,0.0007930025659335094,0.0018090657673887748,12.17381408440294,12.17381408440294,0.0,0.002929816025219586,0.015079535492798297,0.010072606013525234,33.719937630723265,17.18307079628114,0.0033440752647914203,0.0016056828459929927,1.5298323107667118e-07,1.3054849828941913e-07,0.000773204052879098,70.12666647252506
5.309560286873395,0.02722307808337343,0.03751727265952929,4950,2.115246513908762,2.115246516024009,1.92587962290247,1.92587962290247,0.09539273322509811,2.021272356127568,0.0,0.06875216981702878,1.0321375891839801,0.0,0.06993155855501978,0.0016049984410393468,2.27526936211058,7.312958937084187,3.704248312763491,0.005786408665778864,0.11260163850920346,0.3354976455871815,-0.3354976455871815,0.45439527614517006,0.11889763055798859,0.07573682594661219,0.04202800662157047,0.04202800662157047,0.7324050570971733,0.7744330637187438,0.1740302033201606,0.4172748237787829,7.321143848154662,3.7057612326579488,3.1946819694756123,3.1946819694756123,1.2829733872902794e-06,0.16593208628598122,3.3606140557615936,2.196793825060041e-06,0.11301540323535093,12.682390919465455,True,0.41710446650460453,2.8882536049003513,2.8882536049003513,0.2936838059580228,3.181937410858374,2.6547801434366973,0.013611539041686715,0.0075034545319058584,2.115246513908762,2.115246513908762,0.0,0.0034376084908514393,0.0,0.00240749766155902,0.568817340527645,7.312958937084187,0.0007573682594661219,0.001740302033201606,3.848920161870838e-08,2.196793825060041e-08,0.0011301540323535094,12.682390919465455
1.1013501433300448,0.12839613130390481,0.05342585846207005,4975,1.583273133136471,1.5832731347197442,1.6579761041260799,1.6579761041260799,0.09539273322509811,1.753368837351178,0.0,0.0581150588813551,1.851905638683593,0.0,0.05342585846207005,0.00033485540615881026,0.981796424760678,2.100911988420225,2.449452306362726,0.0015073891555650507,0.11260163850920346,0.17502180267332745,-0.17502180267332745,0.45439527614517006,0.2793734734718426,0.08912025702821108,0.12621206608087154,0.12621206608087154,0.7324050570971733,0.8586171231780448,0.2053369108199725,0.2759407463820307,2.1042183706586615,2.450592420585004,2.820384982256901,2.820384982256901,6.364726554296532e-06,0.16593208628598122,2.986317068542882,1.2188383701497732e-05,0.06956016188543454,4.562241058932531,True,0.2758123676411134,1.3355713266604847,1.3355713266604847,0.2936838059580228,1.6292551326185076,0.5506750716650224,0.06419806565195241,0.01068517169241401,1.583273133136471,1.583273133136471,0.0,0.002905752944067755,0.0,0.0005022831092382153,0.2454491061901695,2.100911988420225,0.0008912025702821108,0.002053369108199725,1.9094179662889593e-07,1.2188383701497732e-07,0.0006956016188543454,4.562241058932531
0.77290188596126,0.009380547351006241,0.018680424460402745,5000,2.256215332391978,2.2562153346481932,2.3262110994394583,2.3262110994394583,0.09539273322509811,2.4216038326645566,0.0,0.01539996033424788,1.9680356077956183,0.0,0.054330938975359684,0.0004480937577428344,2.676548226932952,1.6362205953776994,2.2791483867705495,0.0017458571480892156,0.11260163850920346,0.19584559389234357,-0.19584559389234357,0.45439527614517006,0.2585496822528265,0.08129200334207404,0.2830123978729547,-0.2830123978729547,0.7324050570971733,0.4493926592242186,0.03859312700410382,0.2567359423702156,1.638495119430532,2.280037155488282,3.4513593374440927,3.4513593374440927,8.309234978308043e-06,0.16593208628598122,3.617291423730074,1.3467100827702627e-05,0.25242188033515994,4.961615878759328,True,0.2566358655474555,2.830361692821889,2.830361692821889,0.2936838059580228,3.124045498779912,0.38645094298063,0.0046902736755031205,0.003736084892080549,2.256215332391978,2.256215332391978,0.0,0.0007699980167123941,0.0,0.0006721406366142517,0.669137056733238,1.6362205953776994,0.0008129200334207404,0.0003859312700410382,2.492770493492413e-07,1.3467100827702629e-07,0.0025242188033515996,4.961615878759328
11.050502437604413,0.026220906981535896,0.025730760292239384,5025,6.36451363235398,6.364513638718495,4.493728147150359,4.493728147150359,0.09539273322509811,4.589120880375457,0.0,0.04838507300940639,2.7350636219521367,0.004552549814158563,0.1474725856489772,0.0036661028273117222,33.38224455437332,13.869886118096344,4.724229600614917,0.005478342706472541,0.11260163850920346,0.44066000390099913,-0.44066000390099913,0.45439527614517006,0.013735272244170918,0.2688426973699875,0.17808656217358798,-0.17808656217358798,0.7324050570971733,0.5543184949235853,0.13735602277466658,0.533196969334178,13.952093440302253,4.735250117502475,9.163718991377959,9.163718991377959,2.918712366499482e-05,0.16593208628598122,9.32965107766394,1.693998604591918e-05,0.23344448197040552,34.14233714813539,True,0.5319560409652155,9.906661133352214,9.906661133352214,0.2936838059580228,10.200344939310238,5.5252512188022065,0.013110453490767948,0.005146152058447877,6.36451363235398,6.36451363235398,0.0,0.0024192536504703196,0.004552549814158563,0.005499154240967584,8.34556113859333,13.869886118096344,0.002688426973699875,0.0013735602277466657,8.756137099498445e-07,1.693998604591918e-07,0.0023344448197040553,34.14233714813539
6.905376484623431,0.02171882912978318,0.026142220512393156,5050,2.474547650692281,2.474547653166829,2.937474629723046,2.937474629723046,0.09539273322509811,3.0328673629481444,0.0,0.04134591897416142,0.614559927298567,0.0,0.055781999354738786,0.0007966393867462947,3.418119413804353,9.167623128135794,4.027808304390454,0.001746649064277448,0.11260163850920346,0.16346975521933127,-0.16346975521933127,0.45439527614517006,0.2909255209258388,0.057762873747481534,1.6176139802855474,1.6176139802855474,0.7324050570971733,2.3500190373827206,0.10026027710848742,0.4539969754231281,9.192330844144589,4.031885691140843,3.8743802178057636,3.8743802178057636,1.1160526116932092e-06,0.16593208628598122,4.040312304091745,1.4047036963510707e-06,0.017109690734400385,15.970490364231596,True,0.4535378549534246,2.0818150293648574,2.0818150293648574,0.2936838059580228,2.37549883532288,3.4526882423117153,0.01085941456489159,0.005228444102478632,2.474547650692281,2.474547650692281,0.0,0.002067295948708071,0.0,0.0011949590801194421,0.8545298534510882,9.167623128135794,0.0005776287374748153,0.0010026027710848743,3.348157835079627e-08,1.4047036963510708e-08,0.00017109690734400386,15.970490364231596
6.580772807009895,0.487495235529528,0.09575389461025524,5075,7.021708003791693,7.0217080108134,5.203053869446679,5.203053869446679,0.09539273322509811,5.298446602671777,0.0,0.05902589684736442,1.3969836478006397,0.00018162722904181933,0.0934769146707182,0.004550478960059374,41.24244862714846,8.793014166228232,3.965301699022923,0.010843651470638743,0.11260163850920346,0.17849456310895528,-0.17849456310895528,0.45439527614517006,0.2759007130362148,0.22864896995213613,1.3210722972404065,1.3210722972404065,0.7324050570971733,2.0534773543375797,0.19651212152151595,0.4470821338416494,8.823727185156022,3.970475918965852,11.475690373573633,11.475690373573633,4.752235951713305e-06,0.16593208628598122,11.641622459859613,9.680119892313304e-06,0.03849606214961973,29.693214578414814,True,0.44649950814632644,9.272625599231068,9.272625599231068,0.2936838059580228,9.566309405189092,3.2903864035049475,0.243747617764764,0.01915077892205105,7.021708003791693,7.021708003791693,0.0,0.0029512948423682213,0.00018162722904181933,0.006825718440089061,10.310612156787116,8.793014166228232,0.0022864896995213615,0.0019651212152151597,1.4256707855139913e-07,9.680119892313303e-08,0.00038496062149619733,29.693214578414814
2.0956714643609264,0.36040550084053913,0.08402968766327647,5100,2.0029053328928903,2.0029053348957957,2.3064858165344297,2.3064858165344297,0.09539273322509811,2.4018785497595276,0.0,0.023177716248247774,1.346736737310422,0.001723498296024054,0.12151503698690456,0.003739498958199629,1.9151210450326126,3.4137861983968047,2.8476434175448477,0.007604977083300905,0.11260163850920346,0.17255373112396227,-0.17255373112396227,0.45439527614517006,0.2818415450212078,0.0963279564965733,1.1888964490932223,1.1888964490932223,0.7324050570971733,1.9213015061903955,0.06731513635168289,0.3208688905088652,3.4209949597644687,2.8495931876400467,3.274566405402325,3.274566405402325,9.386404991921175e-06,0.16593208628598122,3.4404984916883063,7.385103447939151e-06,0.03652005427927563,7.150809832141431,True,0.32064934318193183,1.6038196222502465,1.6038196222502465,0.2936838059580228,1.8975034282082692,1.0478357321804632,0.18020275042026956,0.016805937532655295,2.0029053328928903,2.0029053328928903,0.0,0.0011588858124123888,0.001723498296024054,0.005609248437299444,0.47878026125815315,3.4137861983968047,0.0009632795649657331,0.0006731513635168289,2.815921497576352e-07,7.385103447939151e-08,0.00036520054279275626,7.150809832141431
5.427918949460671,0.055919571762546916,0.043197933064545446,5125,3.8724597172049955,3.872459721077455,3.7655232916843957,3.7655232916843957,0.09539273322509811,3.860916024909494,0.0,0.06658461339522061,1.4683927821692735,0.0002984074732275884,0.09727447461509578,0.004798459962668512,10.654688403380458,7.451750521157756,3.729789464621357,0.006417694574360061,0.11260163850920346,0.08964273963298774,-0.08964273963298774,0.45439527614517006,0.3647525365121823,0.3156300972401795,1.8884748405626213,1.8884748405626213,0.7324050570971733,2.6208798976597945,0.16751357552186952,0.42058575877971505,7.481128661842296,3.7351651982727287,4.291929321314006,4.291929321314006,1.946750774638072e-06,0.16593208628598122,4.457861407599987,7.459614035944947e-06,0.07268617873966998,16.754824946033057,True,0.4199804423086242,6.2294081141996855,6.2294081141996855,0.2936838059580228,6.523091920157708,2.7139594747303355,0.027959785881273458,0.00863958661290909,3.8724597172049955,3.8724597172049955,0.0,0.0033292306697610304,0.0002984074732275884,0.0071976899440027685,2.6636721008451145,7.451750521157756,0.003156300972401795,0.0016751357552186952,5.8402523239142164e-08,7.459614035944948e-08,0.0007268617873966998,16.754824946033057
4.436134828669992,0.021804089553163375,0.026908797110831967,5150,2.839060866521499,2.83906086936056,1.7288596464550197,1.7288596464550197,0.09539273322509811,1.8242523796801178,0.0,0.05647557628597525,0.3241131492083199,0.00018302492819734676,0.09352867059977982,0.0022942134782200714,5.338229218302654,6.281105537717718,3.506213386309657,0.005021604706402782,0.11260163850920346,0.24704727261200451,-0.24704727261200451,0.45439527614517006,0.20734800353316554,0.09402969721322386,0.5432983323147232,0.5432983323147232,0.7324050570971733,1.2757033894118965,0.177694809521509,0.39529020877185383,6.30270485782218,3.510518842355536,2.717489789079935,2.717489789079935,3.30561439084173e-08,0.16593208628598122,2.8834218753659164,5.09274350873595e-07,0.0035870925274606165,12.698276173385503,True,0.394805407323504,5.437961128582698,5.437961128582698,0.2936838059580228,5.7316449345407205,2.218067414334996,0.010902044776581687,0.005381759422166394,2.839060866521499,2.839060866521499,0.0,0.002823778814298763,0.00018302492819734676,0.0034413202173301074,1.3345573045756636,6.281105537717718,0.0009402969721322387,0.0017769480952150901,9.916843172525188e-10,5.09274350873595e-09,3.587092527460617e-05,12.698276173385503
10.261062684641903,0.018340901263823706,0.04322725289125734,5175,17.53062389253382,17.530623910064445,14.393890118148972,14.393890118148972,0.09539273322509811,14.489282851374071,0.0,0.053317657847049074,3.2442946917983106,0.0008168627004002232,0.10858081000252133,0.0013659845692592328,286.53305027110605,12.983694167741028,4.6032893538739055,0.003949654356936257,0.11260163850920346,0.27223755216074247,-0.27223755216074247,0.45439527614517006,0.1821577239844276,0.308644576923885,1.2467403717672187,1.2467403717672187,0.7324050570971733,1.9791454288643922,0.20685375106942996,0.5198907931756419,13.0832660480975,4.617079768003119,25.303413701999293,25.303413701999293,0.00011205153972993632,0.16593208628598122,25.469345788285274,5.4021667733930746e-05,0.210922637088916,107.30872770544283,True,0.5183379698110678,26.220956901557642,26.220956901557642,0.2936838059580228,26.514640707515664,5.1305313423209515,0.009170450631911853,0.008645450578251468,17.53062389253382,17.53062389253382,0.0,0.0026658828923524537,0.0008168627004002232,0.0020489768538888495,71.63326256777651,12.983694167741028,0.00308644576923885,0.0020685375106943,3.3615461918980894e-06,5.402166773393075e-07,0.00210922637088916,107.30872770544283
2.587415887177328,0.06059992660325486,0.041355454997128255,5200,2.9792284161679925,2.979228419147221,3.372586800619226,3.372586800619226,0.09539273322509811,3.4679795338443244,0.0,0.03730071223289406,1.641339547581615,0.0,0.0734332014182238,0.00124744854246375,5.607592744654479,4.034251606215888,3.008544648798201,0.0026405233078912777,0.11260163850920346,0.09839239415835732,-0.09839239415835732,0.45439527614517006,0.35600288198681274,0.12070374411669506,1.1934244318100564,1.1934244318100564,0.7324050570971733,1.9258294889072298,0.0993254827694654,0.33916967825602884,4.048626921149973,3.012120006647211,5.203221932235282,5.203221932235282,1.1997140427363623e-05,0.16593208628598122,5.369154018521263,9.846016747924914e-06,0.04958303887761739,9.754089995894576,True,0.33876708706822,2.1206618603156864,2.1206618603156864,0.2936838059580228,2.414345666273709,1.293707943588664,0.03029996330162743,0.008271090999425652,2.9792284161679925,2.9792284161679925,0.0,0.001865035611644703,0.0,0.0018711728136956251,1.4018981861636197,4.034251606215888,0.0012070374411669506,0.000993254827694654,3.599142128209087e-07,9.846016747924914e-08,0.000495830388776174,9.754089995894576
28.64028105171047,0.058203373172755035,0.0380646435646609,5225,5.856046746134364,5.8560467519904105,5.0093027893856705,5.0093027893856705,0.09539273322509811,5.104695522610768,0.0,0.06761555174680181,2.47642230784414,0.008823206500330298,0.1739319248196815,0.010483268320109564,27.555258012188553,33.081610269733154,6.751661522528352,0.01733081582145541,0.11260163850920346,0.4645008187760235,-0.4645008187760235,0.45439527614517006,-0.010105542630853443,0.10223636272657935,0.25107668664291893,0.25107668664291893,0.7324050570971733,0.9834817437400922,0.14230035996507398,0.7608800349090816,33.14618786464516,6.7572726064209565,8.678666011122193,8.678666011122193,9.951431264929921e-06,0.16593208628598122,8.844598097408173,2.721894198049546e-05,0.16605754269639994,60.21536206002327,True,0.7602482176128509,8.41280328582057,8.41280328582057,0.2936838059580228,8.706487091778593,14.320140525855235,0.029101686586377518,0.00761292871293218,5.856046746134364,5.856046746134364,0.0,0.003380777587340091,0.008823206500330298,0.015724902480164345,6.888814503047138,33.081610269733154,0.0010223636272657934,0.0014230035996507398,2.985429379478976e-07,2.721894198049546e-07,0.0016605754269639994,60.21536206002327
4.892104673634323,0.04692010688399417,0.045222558210849174,5250,9.536485009653656,9.53648501919014,9.023442276436015,9.023442276436015,0.09539273322509811,9.118835009661113,0.0,0.053482256705298915,2.774529667817049,9.051064812669257e-05,0.08951370843187306,0.0029958663023579857,79.69829484526538,6.82155289020523,3.611810270713635,0.003300087626320649,0.11260163850920346,0.13524734325520132,-0.13524734325520132,0.45439527614517006,0.31914793288996873,0.4555838835047642,1.7462871683458618,1.7462871683458618,0.7324050570971733,2.478692225443035,0.1275621845298935,0.4075670747206595,6.862031866793655,3.619548027197374,17.05194079160687,17.05194079160687,2.38293124415967e-05,0.16593208628598122,17.21787287789285,3.601130847584001e-05,0.15162619295075752,38.7757757336158,True,0.4066957905848277,8.914242907356957,8.914242907356957,0.2936838059580228,9.207926713314981,2.4460523368171616,0.023460053441997086,0.009044511642169835,9.536485009653656,9.536485009653656,0.0,0.002674112835264946,9.051064812669257e-05,0.0044937994535369785,19.924573711316345,6.82155289020523,0.004555838835047642,0.0012756218452989352,7.14879373247901e-07,3.601130847584001e-07,0.0015162619295075752,38.7757757336158
1.6217664560576692,0.34867371381841916,0.0830405491974599,5275,7.271026677125958,7.271026684396985,7.357827360626519,7.357827360626519,0.09539273322509811,7.453220093851617,0.0,0.05260369661918245,3.598744403168734,0.0,0.057438091962781615,0.0018097308883080775,44.432584158455334,2.800555213296827,2.6734859465489476,0.004011236139986714,0.11260163850920346,0.11421080366434844,-0.11421080366434844,0.45439527614517006,0.3401844724808216,0.2544966396597469,1.007981949546037,1.007981949546037,0.7324050570971733,1.7403870066432103,0.1668639238978645,0.30181727161368344,2.8237385771454573,2.680398338830843,13.181177427873704,13.181177427873704,8.405108857587523e-05,0.16593208628598122,13.347109514159685,5.2423577134748415e-05,0.233789819206949,22.19345545557366,True,0.3010389248475997,5.952227453139648,5.952227453139648,0.2936838059580228,6.245911259097671,0.8108832280288346,0.17433685690920958,0.016608109839491982,7.271026677125958,7.271026677125958,0.0,0.0026301848309591225,0.0,0.0027145963324621165,11.108146039613834,2.800555213296827,0.002544966396597469,0.001668639238978645,2.521532657276257e-06,5.242357713474842e-07,0.00233789819206949,22.19345545557366
2.5294413683178547,0.005041964900174056,0.010982723771083149,5300,2.6268242415080256,2.6268242441348497,2.888736209424886,2.888736209424886,0.09539273322509811,2.9841289426499844,0.0,0.05738878868823819,1.382766313446678,0.0,0.06461787762312327,0.000900456777860403,4.102262553390951,3.9617787747173625,2.990421757999385,0.001473306606322965,0.11260163850920346,0.14291882948045925,-0.14291882948045925,0.45439527614517006,0.3114764466647108,0.2571562978007672,0.649846858591648,0.649846858591648,0.7324050570971733,1.3822519156888213,0.15028834990438736,0.3370657263639554,3.973783476619852,2.9934350946594304,4.726239941996523,4.726239941996523,2.4903930436823314e-06,0.16593208628598122,4.892172028282505,9.19288909228123e-06,0.04745733915422177,8.892376177046835,True,0.336726419688521,1.8374331115623947,1.8374331115623947,0.2936838059580228,2.1311169175204174,1.2647206841589274,0.002520982450087028,0.0021965447542166296,2.6268242415080256,2.6268242415080256,0.0,0.0028694394344119098,0.0,0.0013506851667906047,1.0255656383477378,3.9617787747173625,0.002571562978007672,0.0015028834990438737,7.471179131046994e-08,9.192889092281231e-08,0.0004745733915422177,8.892376177046835
7.756600188881502,0.04267468174428124,0.059302414973345006,5325,4.820878763718339,4.820878768539218,4.419210345052862,4.419210345052862,0.09539273322509811,4.51460307827796,0.0,0.050188299609262056,1.2313423505938872,0.0,0.07715024649469032,0.00140037047043748,17.783996382860337,10.144654075322348,4.185067358051058,0.002100721009167492,0.11260163850920346,0.2485891028621149,-0.2485891028621149,0.45439527614517006,0.20580617328305514,0.1916553935885211,0.9930146504333498,0.9930146504333498,0.7324050570971733,1.725419707530523,0.19586309872538635,0.4717523709028564,10.17335012022235,4.189568955238678,8.735982469376214,8.735982469376214,1.7176516425361602e-06,0.16593208628598122,8.901914555662195,6.349688048596928e-06,0.08842426258718114,23.33239936632489,True,0.47124548363860597,4.394277652544634,4.394277652544634,0.2936838059580228,4.687961458502657,3.878300094440751,0.02133734087214062,0.011860482994669002,4.820878763718339,4.820878763718339,0.0,0.002509414980463103,0.0,0.0021005557056562197,4.445999095715084,10.144654075322348,0.001916553935885211,0.0019586309872538636,5.15295492760848e-08,6.349688048596928e-08,0.0008842426258718114,23.33239936632489
0.020762774236101407,0.0799870285852946,0.059112324847792885,5350,1.1907992871382194,1.1907992883290186,1.051333545374541,1.051333545374541,0.09539273322509811,1.146726278599639,0.0,0.055980110231299084,2.04148805269182,0.0,0.07627167852797664,0.0014125018434481445,0.5116647080071229,0.2960371231221605,1.544092936107574,0.004971753809733271,0.11260163850920346,0.026635797509593884,-0.026635797509593884,0.45439527614517006,0.4277594786355762,0.05280525076624935,0.1905239929019118,0.1905239929019118,0.7324050570971733,0.9229290499990851,0.2017548040306409,0.17393010371950873,0.2966433066441564,1.5446497100377052,2.426799824364369,2.426799824364369,2.4253225052680688e-05,0.16593208628598122,2.5927319106503504,1.4044183934634525e-05,0.08493051721197009,1.685263485677834,True,0.173867410057129,0.2415496981564902,0.2415496981564902,0.2936838059580228,0.535233504114513,0.010381387118050703,0.0399935142926473,0.011822464969558577,1.1907992871382194,1.1907992871382194,0.0,0.0027990055115649543,0.0,0.0021187527651722166,0.12791617700178073,0.2960371231221605,0.0005280525076624935,0.002017548040306409,7.275967515804206e-07,1.4044183934634524e-07,0.0008493051721197009,1.685263485677834
1.835749992041399,0.5349276778924519,0.10415182351357298,5375,2.0412775701374146,2.0412775721786924,2.212056216202802,2.212056216202802,0.09539273322509811,2.3074489494279002,0.0,0.024768686376855455,2.9064922752598035,3.1747627162725236e-05,0.08563450327559806,0.0024090455913557485,2.076451853189774,3.079668805839967,2.7548985172482103,0.003977712525435346,0.11260163850920346,0.23365182173382892,-0.23365182173382892,0.45439527614517006,0.22074345441134113,0.07293266803097359,0.24752713515785807,0.24752713515785807,0.7324050570971733,0.9799321922550314,0.16180322496217725,0.3103742310657827,3.0849112332032935,2.756391537557413,3.6349358993153107,3.6349358993153107,9.732666396592985e-06,0.16593208628598122,3.800867985601292,1.4037050020314288e-05,0.19767191965001965,6.85543679975443,True,0.31020611451770874,1.6162475309144426,1.6162475309144426,0.2936838059580228,1.9099313368724653,0.9178749960206996,0.26746383894622594,0.0208303647027146,2.0412775701374146,2.0412775701374146,0.0,0.0012384343188427728,3.1747627162725236e-05,0.0036135683870336228,0.5191129632974435,3.079668805839967,0.0007293266803097359,0.0016180322496217726,2.9197999189778956e-07,1.4037050020314287e-07,0.0019767191965001964,6.85543679975443
3.394957211497285,0.05531454372642153,0.03853276744926186,5400,2.6669772724893583,2.6669772751563356,2.6959835661345837,2.6959835661345837,0.09539273322509811,2.791376299359682,0.0,0.051218835466885895,1.785891789701335,0.0,0.06385754357949795,0.0014474943822007625,4.305338823004274,5.028989984320963,3.242540966029598,0.003120962006040549,0.11260163850920346,0.29694285166505324,-0.29694285166505324,0.45439527614517006,0.15745242448011681,0.19021828929857298,0.03575727852168653,0.03575727852168653,0.7324050570971733,0.7681623356188598,0.13307532484362125,0.3653546409151578,5.038521482718253,3.2446651159400712,4.89088617390413,4.89088617390413,8.502691147283676e-06,0.16593208628598122,5.056818260190112,1.6127785829646224e-05,0.1632942695629468,10.514742872205384,True,0.36511545813355784,2.0700942818927297,2.0700942818927297,0.2936838059580228,2.3637780878507524,1.6974786057486424,0.027657271863210764,0.007706553489852372,2.6669772724893583,2.6669772724893583,0.0,0.002560941773344295,0.0,0.0021712415733011435,1.0763347057510686,5.028989984320963,0.00190218289298573,0.0013307532484362126,2.5508073441851024e-07,1.6127785829646226e-07,0.001632942695629468,10.514742872205384
33.10285827136197,0.7717606698419266,0.1250191498562135,5425,5.147564993353029,5.147564998500594,3.341247659879542,3.341247659879542,0.09539273322509811,3.4366403931046405,0.0,0.07290440035939387,1.6633755640156227,0.01383103382405591,0.19760541579389918,0.021211887474392094,21.469014791797232,37.86566494704058,7.153508344598273,0.03891765618049695,0.11260163850920346,0.4821094420689283,-0.4821094420689283,0.45439527614517006,-0.027714165923758246,0.10803190275624198,0.08418305320577668,0.08418305320577668,0.7324050570971733,0.81658811030295,0.23796085948057075,0.8056660861958338,37.88416614899454,7.155011466195212,3.7515563180457856,3.7515563180457856,2.859945778840126e-06,0.16593208628598122,3.917488404331767,6.951271715881116e-06,0.05792578517562692,65.39613036475495,True,0.8054968322261086,10.344539624180637,10.344539624180637,0.2936838059580228,10.63822343013866,16.551429135680984,0.3858803349209633,0.025003829971242703,5.147564993353029,5.147564993353029,0.0,0.0036452200179696937,0.01383103382405591,0.03181783121158814,5.367253697949308,37.86566494704058,0.00108031902756242,0.0023796085948057074,8.579837336520378e-08,6.951271715881116e-08,0.0005792578517562693,65.39613036475495
6.730920390728825,0.005289988769199727,0.011971291401752517,5450,1.5743126226626414,1.574312624236954,1.3029416543319248,1.3029416543319248,0.09539273322509811,1.3983343875570229,0.0,0.03201691426467741,1.031709363574406,0.002551349475871272,0.13051088472667324,0.004809352334504141,0.9966429622404883,8.966441783070144,3.9944017404266488,0.007360915341944557,0.11260163850920346,0.3886513463639373,-0.3886513463639373,0.45439527614517006,0.06574392978123277,0.04070781146127186,0.08985535474384543,0.08985535474384543,0.7324050570971733,0.8222604118410187,0.08603856109081545,0.44987812766907387,8.971862596775471,3.9953067617149784,1.9291270620889,1.9291270620889,1.5654378932116674e-06,0.16593208628598122,2.0950591483748813,5.095654947158963e-06,0.022019305143630687,14.173268572709775,True,0.44977622078007207,2.610361883738654,2.610361883738654,0.2936838059580228,2.9040456896966766,3.3654601953644123,0.0026449943845998636,0.0023942582803505035,1.5743126226626414,1.5743126226626414,0.0,0.0016008457132338707,0.002551349475871272,0.007214028501756211,0.24916074056012208,8.966441783070144,0.0004070781146127186,0.0008603856109081545,4.696313679635002e-08,5.095654947158963e-08,0.00022019305143630686,14.173268572709775
1.4161652746642004,0.006076768788761955,0.038895625575438145,5475,4.416939226781716,4.416939231198655,4.78169040353772,4.78169040353772,0.09539273322509811,4.877083136762818,0.0,0.050505471981352176,4.245325774658646,0.0,0.05036226469847753,0.001105774838403746,14.414352892732571,2.5281872154749614,2.5900274260134513,0.0021115706799690543,0.11260163850920346,0.2213448940331274,-0.2213448940331274,0.45439527614517006,0.23305038211204265,0.19991979385933317,0.26283062385056255,0.26283062385056255,0.7324050570971733,0.9952356809477358,0.23465286186476644,0.2920481976643732,2.5396900920433882,2.5936405153118405,7.252665723122805,7.252665723122805,6.031649269118539e-05,0.16593208628598122,7.418597809408785,2.977444934993512e-05,0.29489354314761324,11.279095517366056,True,0.2916413578531636,4.686466062494795,4.686466062494795,0.2936838059580228,4.980149868452818,0.7080826373321002,0.0030383843943809774,0.007779125115087629,4.416939226781716,4.416939226781716,0.0,0.002525273599067609,0.0,0.0016586622576056191,3.603588223183143,2.5281872154749614,0.001999197938593332,0.0023465286186476644,1.8094947807355616e-06,2.977444934993512e-07,0.0029489354314761324,11.279095517366056
3.9125460400283454,0.030402191002815382,0.027593664249868807,5500,2.652758475501689,2.6527584781544475,3.0824854313795518,3.0824854313795518,0.09539273322509811,3.1778781646046497,0.0,0.04435538861520023,1.737619869777963,0.0,0.07686797351530665,0.0019725920893171366,4.153813323158313,5.654958585990409,3.3780156824525798,0.004587936729819711,0.11260163850920346,0.22730162048694377,-0.22730162048694377,0.45439527614517006,0.22709365565822628,0.09897474355221252,1.1778703170797251,1.1778703170797251,0.7324050570971733,1.9102753741768983,0.11359027231807857,0.3807756734225756,5.672100575132847,3.3816172184322246,4.553783072292317,4.553783072292317,2.943913968810915e-06,0.16593208628598122,4.719715158578298,1.5148111241386345e-05,0.0757416306705101,11.331223204475906,True,0.3803701345341024,1.872948611789651,1.872948611789651,0.2936838059580228,2.1666324177476737,1.9562730200141727,0.015201095501407691,0.005518732849973762,2.652758475501689,2.652758475501689,0.0,0.0022177694307600115,0.0,0.002958888133975705,1.0384533307895782,5.654958585990409,0.0009897474355221251,0.0011359027231807857,8.831741906432745e-08,1.5148111241386346e-07,0.000757416306705101,11.331223204475906
4.920818130682509,0.009119591477276812,0.01720121111756383,5525,1.7219545116771986,1.7219545133991532,1.5297908957837691,1.5297908957837691,0.09539273322509811,1.6251836290088673,0.0,0.028019454461113136,1.1208492922774622,0.0,0.07966140380900529,0.001446851679902916,1.2938440252756904,6.8554515022938975,3.618291714514236,0.002102302549907255,0.11260163850920346,0.3064996230756247,-0.3064996230756247,0.45439527614517006,0.1478956530695453,0.05837388410710023,0.0660526539835039,0.0660526539835039,0.7324050570971733,0.7984577110806772,0.11456264431735248,0.407615812228349,6.86429969841719,3.619980858406639,3.121999691925736,3.121999691925736,1.734454231384955e-06,0.16593208628598122,3.2879317782117172,5.596115314334293e-06,0.02492513018787258,11.37482609841724,True,0.4074256118414951,1.6248659938061083,1.6248659938061083,0.2936838059580228,1.918549799764131,2.4604090653412545,0.004559795738638406,0.0034402422235127665,1.7219545116771986,1.7219545116771986,0.0,0.001400972723055657,0.0,0.002170277519854374,0.3234610063189226,6.8554515022938975,0.0005837388410710023,0.0011456264431735249,5.203362694154865e-08,5.5961153143342935e-08,0.00024925130187872577,11.37482609841724
11.246402166930077,0.003016966088369988,0.02944718864416744,5550,6.376773404891898,6.376773411268671,6.970005487196875,6.970005487196875,0.09539273322509811,7.065398220421973,0.0,0.07220911747483669,2.232406420700121,4.2817931419243886e-07,0.08065435411987122,0.0018240702013922188,33.01733149874734,14.089254638989479,4.7535655900742535,0.005119418407097337,0.11260163850920346,0.35936554057082404,-0.35936554057082404,0.45439527614517006,0.09502973557434605,0.36892106676093545,1.0325618816549604,1.0325618816549604,0.7324050570971733,1.7649669387521336,0.2545048260877345,0.5360382935681184,14.141236405397397,4.760483533456489,9.983359142920675,9.983359142920675,1.2794181695934951e-05,0.16593208628598122,10.149291229206655,1.948906682146716e-05,0.12133909711584091,34.36475514077718,True,0.5352593217389854,7.3397841789814535,7.3397841789814535,0.2936838059580228,7.633467984939476,5.623201083465038,0.001508483044184994,0.005889437728833488,6.376773404891898,6.376773404891898,0.0,0.0036104558737418344,4.2817931419243886e-07,0.0027361053020883283,8.254332874686835,14.089254638989479,0.0036892106676093546,0.002545048260877345,3.838254508780485e-07,1.9489066821467161e-07,0.001213390971158409,34.36475514077718
7.275573728352306,0.03755200457216379,0.04386913260923967,5575,6.229615682193357,6.229615688422973,5.954908107786575,5.954908107786575,0.09539273322509811,6.050300841011673,0.0,0.04058801135024077,2.714357748327902,0.00036698424915673343,0.09915683296259414,0.0031624571084016145,31.454166414843847,9.59343544453003,4.097327145222156,0.007918824472580207,0.11260163850920346,0.3493463033593063,-0.3493463033593063,0.45439527614517006,0.10504897278586377,0.10303851362617446,1.0652267384206189,1.0652267384206189,0.7324050570971733,1.797631795517792,0.1552653588725134,0.46213771885872773,9.635949190477055,4.104182531758894,9.935542806646355,9.935542806646355,2.002794603297989e-05,0.16593208628598122,10.101474892932336,2.2549433538810717e-05,0.18950261307279312,27.363548385086133,True,0.46136579103352326,7.655577434029824,7.655577434029824,0.2936838059580228,7.949261239987846,3.637786864176153,0.018776002286081894,0.008773826521847935,6.229615682193357,6.229615682193357,0.0,0.0020294005675120384,0.00036698424915673343,0.004743685662602422,7.863541603710962,9.59343544453003,0.0010303851362617445,0.001552653588725134,6.008383809893967e-07,2.2549433538810718e-07,0.0018950261307279313,27.363548385086133
0.893695046365698,0.0034208256095038525,0.03190281476794735,5600,1.362873891373033,1.3628738927359068,2.099028372748089,2.099028372748089,0.09539273322509811,2.1944211059731873,0.0,0.03556277239895862,3.1554597818253094,0.0,0.05724859467258047,0.0009732564729753462,0.5492566132959993,1.8099786106946119,2.3453544554111425,0.0029925298967158295,0.11260163850920346,0.10021371135321194,-0.10021371135321194,0.45439527614517006,0.3541815647919581,0.08493511117368806,0.37625126730428116,0.37625126730428116,0.7324050570971733,1.1086563244014545,0.13790191938117527,0.26427827109351676,1.8144616843559676,2.3470195560406566,1.9472228362037587,1.9472228362037587,1.2862410618965462e-05,0.16593208628598122,2.11315492248974,2.3151793666258632e-05,0.19325933341445278,3.772504758692195,True,0.26409077801769976,0.968463499559718,0.968463499559718,0.2936838059580228,1.2621473055177408,0.446847523182849,0.0017104128047519263,0.006380562953589471,1.362873891373033,1.362873891373033,0.0,0.0017781386199479312,0.0,0.0014598847094630194,0.13731415332399982,1.8099786106946119,0.0008493511117368806,0.0013790191938117527,3.8587231856896383e-07,2.3151793666258634e-07,0.0019325933341445278,3.772504758692195
1.8215729729222465,0.0109400169801116,0.041030167878300224,5625,1.8626289296273373,1.8626289314899662,2.4416428024417387,2.4416428024417387,0.09539273322509811,2.537035535666837,0.0,0.06610264210989422,2.0177539081063114,0.0,0.07578595710229907,0.0011142854970577253,1.5498442244053012,3.0612982632948658,2.7496566129657745,0.0022507308729987478,0.11260163850920346,0.1735003122902664,-0.1735003122902664,0.45439527614517006,0.28089496385490365,0.17323854859827428,0.383818992627294,0.383818992627294,0.7324050570971733,1.1162240497244673,0.24740126415371447,0.31011003303265067,3.076674670933945,2.754045230583848,3.0558095315412186,3.0558095315412186,2.8335506466759973e-06,0.16593208628598122,3.2217416178272,1.031281364365182e-05,0.1368996348472515,6.246402920512096,True,0.309615867454179,1.3674508535509813,1.3674508535509813,0.2936838059580228,1.6611346595090042,0.9107864864611233,0.0054700084900558,0.008206033575660045,1.8626289296273373,1.8626289296273373,0.0,0.003305132105494711,0.0,0.001671428245586588,0.3874610561013253,3.0612982632948658,0.001732385485982743,0.002474012641537145,8.500651940027992e-08,1.031281364365182e-07,0.001368996348472515,6.246402920512096
4.423900602779785,0.018193290493783598,0.023955331398296583,5650,1.673102231774626,1.6731022334477281,1.9203680490681492,1.9203680490681492,0.09539273322509811,2.0157607822932473,0.0,0.03915518686258219,1.1617271160546805,0.0,0.07283737423868727,0.0014058096412703865,1.0976695779498165,6.26654625346773,3.503307063359933,0.002172703411069613,0.11260163850920346,0.2043359384025114,-0.2043359384025114,0.45439527614517006,0.25005933774265865,0.07661477971379875,0.9284372185374105,0.9284372185374105,0.7324050570971733,1.6608422756345838,0.11569040498162597,0.39472477129914385,6.277516563419268,3.505497268691241,2.6765686570387364,2.6765686570387364,3.16886555802549e-06,0.16593208628598122,2.8425007433247176,3.8168804566496625e-06,0.0495113706170939,10.446388665239187,True,0.3944781505682649,1.4969212917273267,1.4969212917273267,0.2936838059580228,1.7906050976853494,2.2119503013898925,0.009096645246891799,0.004791066279659317,1.673102231774626,1.673102231774626,0.0,0.0019577593431291096,0.0,0.0021087144619055796,0.2744173944874541,6.26654625346773,0.0007661477971379876,0.0011569040498162597,9.506596674076469e-08,3.816880456649663e-08,0.000495113706170939,10.446388665239187
0.6674218516553042,0.0771401855847691,0.04771200543638173,5675,2.9288888200052643,2.928888822934153,3.1178803241830355,3.1178803241830355,0.09539273322509811,3.2132730574081334,0.0,0.05199084949175079,2.695241234097395,6.607168717850645e-07,0.08081284492480735,0.0020855277926881974,5.5153756879953795,1.4809889752618963,2.2169589045082403,0.003645237272990715,0.11260163850920346,0.12336438092504887,0.12336438092504887,0.45439527614517006,0.5777596570702189,0.15527198648326257,1.4155689856572269,1.4155689856572269,0.7324050570971733,2.1479740427544,0.136029821417876,0.2500643797364879,1.4903231229624043,2.2207879107209427,5.404176001190262,5.404176001190262,1.0458383728219752e-05,0.16593208628598122,5.5701080874762425,2.6125935904411182e-05,0.14318765542380898,6.18061910149793,True,0.2496332273247856,1.395205502475858,1.395205502475858,0.2936838059580228,1.6888893084338807,0.3337109258276521,0.03857009279238455,0.009542401087276347,2.9288888200052643,2.9288888200052643,0.0,0.0025995424745875397,6.607168717850645e-07,0.003128291689032296,1.3788439219988449,1.4809889752618963,0.0015527198648326258,0.00136029821417876,3.137515118465926e-07,2.6125935904411184e-07,0.0014318765542380898,6.18061910149793
13.204465980535728,0.01588729726942173,0.030682754850378472,5700,3.2582093380714627,3.2582093413296724,2.033596740499158,2.033596740499158,0.09539273322509811,2.1289894737242565,0.0,0.038145294428183096,0.9029454877981822,0.006113984882731892,0.158191974541713,0.007307365479816784,7.430466628897181,16.27150196716246,5.033794983283417,0.009716807437799874,0.11260163850920346,0.38957103029813933,-0.38957103029813933,0.45439527614517006,0.06482424584703071,0.06244778220813221,0.09789798183210896,0.09789798183210896,0.7324050570971733,0.8303030389292823,0.10916538437399237,0.5670433371361341,16.28796518776629,5.035835128912762,3.1910285610660063,3.1910285610660063,1.626105718969826e-06,0.16593208628598122,3.3569606473519875,2.3168440248683164e-06,0.023363877417258,28.024573292546343,True,0.566813613375071,6.212898838435851,6.212898838435851,0.2936838059580228,6.506582644393873,6.602232990267864,0.007943648634710865,0.006136550970075694,3.2582093380714627,3.2582093380714627,0.0,0.001907264721409155,0.006113984882731892,0.010961048219725177,1.8576166572242951,16.27150196716246,0.0006244778220813222,0.0010916538437399238,4.878317156909478e-08,2.3168440248683163e-08,0.00023363877417258,28.024573292546343
0.011528282968700275,0.14628743978265768,0.05715890487001541,5725,0.8568243990620366,0.856824399918861,1.2568559630319627,1.2568559630319627,0.09539273322509811,1.3522486962570608,0.0,0.05128657968077255,1.2859166135199729,0.0,0.06843424462068175,0.0027089872707516164,0.06623252386944091,0.25742415655974166,1.5073698419888018,0.003183608174612973,0.11260163850920346,0.0765477245560161,0.0765477245560161,0.45439527614517006,0.5309430007011862,0.0766042416399095,0.5310241779062946,0.5310241779062946,0.7324050570971733,1.263429235003468,0.12601287993921248,0.16983374571675436,0.25833891036912354,1.5082705090491908,1.205131942525615,1.205131942525615,2.2749898838600074e-06,0.16593208628598122,1.3710640288115963,3.2618582343140243e-06,0.1760609526083295,1.2315610204391398,True,0.16973232912099662,0.5923378420473039,0.5923378420473039,0.2936838059580228,0.8860216480053267,0.005764141484350138,0.07314371989132884,0.011431780974003082,0.8568243990620366,0.8568243990620366,0.0,0.0025643289840386278,0.0,0.004063480906127424,0.016558130967360227,0.25742415655974166,0.0007660424163990951,0.0012601287993921249,6.824969651580022e-08,3.261858234314024e-08,0.001760609526083295,1.2315610204391398
2.2815015961217466,0.025441021968575117,0.025065497270417673,5750,2.230189759397385,2.230189761627575,2.7238161244072367,2.7238161244072367,0.09539273322509811,2.819208857632335,0.0,0.042836820988653955,1.947903565023395,0.0,0.05620687546948051,0.0013271904575651854,2.549372205130252,3.6498728228223487,2.9104640333757525,0.0034186254965032055,0.11260163850920346,0.2843423180029596,-0.2843423180029596,0.45439527614517006,0.17005295814221047,0.10687166839113613,0.22019057380707363,0.22019057380707363,0.7324050570971733,0.9525956309042469,0.10262906778869088,0.32787996295758154,3.655199379905163,2.911857573122319,3.3463873147751,3.3463873147751,8.84902123991269e-06,0.16593208628598122,3.5123194010610814,1.2309506213608305e-05,0.24499040817448198,7.684567968746564,True,0.3277230480848551,2.474250408037341,2.474250408037341,0.2936838059580228,2.7679342139953635,1.1407507980608733,0.012720510984287559,0.005013099454083535,2.230189759397385,2.230189759397385,0.0,0.0021418410494326977,0.0,0.001990785686347778,0.637343051282563,3.6498728228223487,0.0010687166839113613,0.0010262906778869087,2.654706371973807e-07,1.2309506213608306e-07,0.00244990408174482,7.684567968746564
4.147455694116383,0.09626622757603498,0.050257805895837344,5775,3.2259921226802275,3.22599212590622,3.531247535380033,3.531247535380033,0.09539273322509811,3.6266402686051316,0.0,0.04606657345193278,1.2608406436861177,0.0,0.049646904103355705,0.0004350080504454656,6.794003319059177,5.936679940263758,3.4365303076842197,0.001358463277186276,0.11260163850920346,0.14230319992154733,-0.14230319992154733,0.45439527614517006,0.3120920762236227,0.08842364689275391,1.4601934620886223,1.4601934620886223,0.7324050570971733,2.1925985191857955,0.132401248486446,0.3872563420110242,5.949555942997756,3.439171159020571,5.497090361709953,5.497090361709953,4.5365022882541916e-06,0.16593208628598122,5.663022447995934,5.4738147955774406e-06,0.05405516920683214,12.9987902469615,True,0.3869589777970833,2.6823495733551157,2.6823495733551157,0.2936838059580228,2.9760333793131384,2.0737278470581915,0.04813311378801749,0.01005156117916747,3.2259921226802275,3.2259921226802275,0.0,0.0023033286725966393,0.0,0.0006525120756681983,1.6985008297647943,5.936679940263758,0.0008842364689275391,0.00132401248486446,1.3609506864762573e-07,5.473814795577441e-08,0.0005405516920683214,12.9987902469615
4.177897975562482,0.33517244528300016,0.08179202408829225,5800,6.766919469173228,6.766919475940147,6.633239124441406,6.633239124441406,0.09539273322509811,6.728631857666504,0.0,0.04873766535430818,2.7559621019773757,0.0,0.056587097894111794,0.0005481582097712074,37.848951186971554,5.97309053436404,3.443990698501948,0.001527839734549375,0.11260163850920346,0.21580974723782848,-0.21580974723782848,0.45439527614517006,0.23858552890734158,0.4461432744108618,0.9478728221751295,0.9478728221751295,0.7324050570971733,1.6802778792723028,0.1754050190052757,0.3888050290499602,6.016840265791204,3.4529248390016365,11.66314388213308,11.66314388213308,4.45847040459598e-05,0.16593208628598122,11.82907596841906,2.9405684881414585e-05,0.3798944597125654,24.488416595232184,True,0.3877990301016825,6.926916538973948,6.926916538973948,0.2936838059580228,7.220600344931971,2.088948987781241,0.16758622264150008,0.01635840481765845,6.766919469173228,6.766919469173228,0.0,0.0024368832677154092,0.0,0.0008222373146568112,9.462237796742889,5.97309053436404,0.004461432744108618,0.001754050190052757,1.337541121378794e-06,2.9405684881414586e-07,0.0037989445971256543,24.488416595232184
3.0088185463895982,0.1929102228125985,0.0644169984124262,5825,3.493021835285462,3.4930218387784837,3.9429035561221646,3.9429035561221646,0.09539273322509811,4.0382962893472625,0.0,0.025616911776750857,1.2972378677946264,0.0002695041255754081,0.0964165808125629,0.003497188311032211,8.242787322218803,4.556494254071095,3.134594634601871,0.007141135699896517,0.11260163850920346,0.10264255626582952,-0.10264255626582952,0.45439527614517006,0.35175271987934054,0.1571946674479635,1.0650560079525317,1.0650560079525317,0.7324050570971733,1.7974610650497052,0.0657953642226571,0.3532969922605018,4.569260099528368,3.1375827702169494,5.932362867628418,5.932362867628418,6.07468533586394e-06,0.16593208628598122,6.0982949539144,5.328051868107875e-06,0.02978782025162228,11.733284850416105,True,0.3529605232642749,3.0202169442586806,3.0202169442586806,0.2936838059580228,3.3139007502167033,1.5044092731947991,0.09645511140629925,0.012883399682485239,3.493021835285462,3.493021835285462,0.0,0.001280845588837543,0.0002695041255754081,0.0052457824665483165,2.0606968305547007,4.556494254071095,0.0015719466744796352,0.0006579536422265709,1.822405600759182e-07,5.328051868107875e-08,0.0002978782025162228,11.733284850416105
7.625489005562903,0.28310632243890455,0.0769917346876802,5850,3.637402659231583,3.6374026628689853,4.488770445861257,4.488770445861257,0.09539273322509811,4.584163179086355,0.0,0.047751074831682325,1.5313980970796583,0.0004523339133530201,0.10126814315714985,0.0033401091824397876,8.990259968819451,9.99463204383821,4.161428797844135,0.006691538999659808,0.11260163850920346,0.1736711733261151,-0.1736711733261151,0.45439527614517006,0.28072410281905497,0.24923940570989916,1.4266026218677772,1.4266026218677772,0.7324050570971733,2.1590076789649504,0.1894931099422668,0.46923187828884994,10.031059566709267,4.167184801477373,5.562532822449171,5.562532822449171,3.022787907405583e-06,0.16593208628598122,5.728464908735152,1.0676927790964508e-05,0.06993682238812776,19.86223264847501,True,0.46858374279092235,3.605177169794247,3.605177169794247,0.2936838059580228,3.8988609757522696,3.8127445027814515,0.14155316121945227,0.01539834693753604,3.637402659231583,3.637402659231583,0.0,0.0023875537415841163,0.0004523339133530201,0.005010163773659681,2.247564992204863,9.99463204383821,0.0024923940570989915,0.001894931099422668,9.068363722216749e-08,1.0676927790964507e-07,0.0006993682238812777,19.86223264847501
5.0649801093147175,0.07865373588192381,0.04245356375929826,5875,1.4202455651863246,1.42024556660657,1.1065386864644413,1.1065386864644413,0.09539273322509811,1.2019314196895394,0.0,0.018225293922970273,1.1979358292933755,0.0010593081988852203,0.11254701520700816,0.0028086020563648987,0.7180401090649877,7.025420963650515,3.6505510679197477,0.0030944784614124177,0.11260163850920346,0.3693837198637841,-0.3693837198637841,0.45439527614517006,0.08501155628138596,0.03727355435912996,0.14829119268410507,-0.14829119268410507,0.7324050570971733,0.5841138644130682,0.10324456123031216,0.41115444918441485,7.029959155298694,3.6514070142659527,1.8804337845257093,1.8804337845257093,5.236652505352773e-07,0.16593208628598122,2.0463658708116905,2.5878120175022637e-06,0.17373869940906742,11.21481027717091,True,0.41105806821479673,2.273014222210647,2.273014222210647,0.2936838059580228,2.5666980281686698,2.5324900546573588,0.03932686794096191,0.008490712751859654,1.4202455651863246,1.4202455651863246,0.0,0.0009112646961485137,0.0010593081988852203,0.004212903084547348,0.17951002726624693,7.025420963650515,0.00037273554359129965,0.0010324456123031215,1.570995751605832e-08,2.5878120175022637e-08,0.0017373869940906742,11.21481027717091
0.5818008834394033,0.5409866951721943,0.10429801874128063,5900,2.1996833501616266,2.1996833523613097,2.8552786368171335,2.8552786368171335,0.09539273322509811,2.950671370042232,0.0,0.028478467070689344,1.8648798452452333,2.2445206647618843e-05,0.08473763724314334,0.001774050290110667,2.5081283307801074,1.3520078691427937,2.1627587321292383,0.00299665026101602,0.11260163850920346,0.04566989832378382,-0.04566989832378382,0.45439527614517006,0.40872537782138624,0.11620782359055959,0.5314124895905404,0.5314124895905404,0.7324050570971733,1.2638175466877137,0.12409702526150994,0.24366897539135318,1.3548754911824257,2.16399119033712,3.654702971762433,3.654702971762433,1.0306169223023666e-05,0.16593208628598122,3.8206350580484143,9.210369526722672e-06,0.261601509449824,4.770103603920641,True,0.24353019856542701,1.5488961791864115,1.5488961791864115,0.2936838059580228,1.8425799851444344,0.29090044171970164,0.27049334758609717,0.020859603748256128,2.1996833501616266,2.1996833501616266,0.0,0.0014239233535344672,2.2445206647618843e-05,0.002661075435166,0.6270320826950269,1.3520078691427937,0.0011620782359055958,0.0012409702526150995,3.0918507669071e-07,9.210369526722673e-08,0.00261601509449824,4.770103603920641
5.239939848404233,0.001178547934942209,0.005373969901473423,5925,4.2724792406304,4.27247924490288,4.318309747650312,4.318309747650312,0.09539273322509811,4.4137024808754095,0.0,0.054506086725162384,2.2322359694231135,0.0,0.07096736231552012,0.002036064826977411,13.429908033976648,7.231213040196955,3.689091489740904,0.004013885002131184,0.11260163850920346,0.16141162165399198,-0.16141162165399198,0.45439527614517006,0.2929836544911781,0.23170720750916068,0.7917405647116457,0.7917405647116457,0.7324050570971733,1.524145621808819,0.13774930709509656,0.4158130464020203,7.251060819639386,3.692779385623595,4.879211437907404,4.879211437907404,2.0948837568681647e-05,0.16593208628598122,5.045143524193386,1.376069490695123e-05,0.24375211833857507,17.494715535449625,True,0.41539778324609905,6.939955642852221,6.939955642852221,0.2936838059580228,7.233639448810243,2.6199699242021164,0.0005892739674711045,0.0010747939802946847,4.2724792406304,4.2724792406304,0.0,0.0027253043362581194,0.0,0.003054097240466116,3.357477008494162,7.231213040196955,0.002317072075091607,0.0013774930709509656,6.284651270604494e-07,1.376069490695123e-07,0.002437521183385751,17.494715535449625
13.139536450682282,0.1462033052301277,0.10224033496278676,5950,6.6055880851290105,6.605588091734599,7.078289498904801,7.078289498904801,0.09539273322509811,7.173682232129899,0.0,0.04635894066388548,1.8087674696429117,0.0004480285376288962,0.10116668461589808,0.0028184606114045373,35.680060540525105,16.199416332407843,5.024849852156953,0.003948806360694693,0.11260163850920346,0.014239602972171028,-0.014239602972171028,0.45439527614517006,0.44015567317299903,0.17714287911305376,2.0205700734790097,2.0205700734790097,0.7324050570971733,2.752975130576183,0.17616608468827596,0.5670775645040533,16.29041881464779,5.0361390975346465,10.123379146223273,10.123379146223273,2.6094192421859153e-06,0.16593208628598122,10.289311232509254,1.1145239547024573e-05,0.23231978073115622,38.40118764128511,True,0.5658063768641002,7.8422622011574985,7.8422622011574985,0.2936838059580228,8.135946007115521,6.569768225341141,0.07310165261506385,0.020448066992557353,6.6055880851290105,6.6055880851290105,0.0,0.002317947033194274,0.0004480285376288962,0.004227690917106806,8.920015135131276,16.199416332407843,0.0017714287911305376,0.0017616608468827596,7.828257726557745e-08,1.1145239547024573e-07,0.002323197807311562,38.40118764128511
2.2483926801007588,0.7141396481522814,0.11604354374965452,5975,1.1961315715378724,1.196131572734004,1.116337434014154,1.116337434014154,0.09539273322509811,1.2117301672392522,0.0,0.050604344021021555,1.0751002241769156,1.1565231458016524e-06,0.08107541766109808,0.0021774480423211173,0.33567714828718354,3.607963984886133,2.899464130981718,0.004944573481692224,0.11260163850920346,0.35193097467295154,-0.35193097467295154,0.45439527614517006,0.10246430147221855,0.04632849476616305,0.40450911780403204,-0.40450911780403204,0.7324050570971733,0.32789593929314126,0.16637147282905232,0.326554246771714,3.6103194620803034,2.9000840671086907,1.839781962327688,1.839781962327688,2.1172600021971753e-06,0.16593208628598122,2.0057140486136693,5.851944205371798e-06,0.041268004010318736,6.400827063913228,True,0.3264844409418465,1.4950463951487043,1.4950463951487043,0.2936838059580228,1.788730201106727,1.1241963400503794,0.3570698240761407,0.023208708749930904,1.1961315715378724,1.1961315715378724,0.0,0.002530217201051078,1.1565231458016524e-06,0.003266172063481676,0.08391928707179588,3.607963984886133,0.0004632849476616305,0.0016637147282905233,6.351780006591526e-08,5.851944205371799e-08,0.0004126800401031874,6.400827063913228
3.8894112957877462,0.043059847013458996,0.034975357062230567,6000,1.7330490966384255,1.7330490983714746,2.2750034159905326,2.2750034159905326,0.09539273322509811,2.370396149215631,0.0,0.059546839514702375,1.3254962536260515,0.003367949665055379,0.13803403884838086,0.005826286208545321,1.1884463000351269,5.627138531181798,3.3721590442425646,0.0067201296669337635,0.11260163850920346,0.13580973797989027,-0.13580973797989027,0.45439527614517006,0.3185855381652798,0.14191441914698685,0.9226171954662427,0.9226171954662427,0.7324050570971733,1.655022252563416,0.18199003209601433,0.3801851773773962,5.647149124554707,3.376373102977457,2.416145493738777,2.416145493738777,1.4368629244968563e-06,0.16593208628598122,2.5820775800247584,3.174072592636096e-06,0.16506645437437978,9.650504350498448,True,0.3797106674169327,1.770375531588694,1.770375531588694,0.2936838059580228,2.0640593375467167,1.9447056478938731,0.021529923506729498,0.006995071412446114,1.7330490966384255,1.7330490966384255,0.0,0.002977341975735119,0.003367949665055379,0.008739429312817982,0.2971115750087817,5.627138531181798,0.0014191441914698686,0.0018199003209601434,4.3105887734905686e-08,3.174072592636096e-08,0.0016506645437437979,9.650504350498448
6.034000320917899,0.09504123498478001,0.04726220544329668,6025,4.979303845571266,4.979303850550569,3.7871758796351136,3.7871758796351136,0.09539273322509811,3.8825686128602115,0.0,0.03819875535540672,1.2947523534212917,0.003318438625899669,0.1376058905486207,0.005405645615766881,19.333810701064653,8.159136500776041,3.8564202248226787,0.0072737154384758555,0.11260163850920346,0.32674336028155454,-0.32674336028155454,0.45439527614517006,0.12765191586361552,0.12196133634913481,0.6612103146860807,0.6612103146860807,0.7324050570971733,1.393615371783254,0.13759077193872066,0.43449610449287024,8.172171955205322,3.858701095813503,5.978342507600395,5.978342507600395,2.7689171385255733e-06,0.16593208628598122,6.144274593886376,7.71134126057779e-06,0.09469422217218178,21.062745708956317,True,0.43423927465926665,8.563883090942538,8.563883090942538,0.2936838059580228,8.857566896900561,3.0170001604589496,0.047520617492390005,0.009452441088659336,4.979303845571266,4.979303845571266,0.0,0.001909937767770336,0.003318438625899669,0.00810846842365032,4.833452675266163,8.159136500776041,0.0012196133634913482,0.0013759077193872067,8.30675141557672e-08,7.71134126057779e-08,0.0009469422217218178,21.062745708956317
9.94614198727437,0.3887103167804997,0.08622521802506417,6050,7.817205249174077,7.817205256991282,7.246596210390399,7.246596210390399,0.09539273322509811,7.341988943615497,0.0,0.06411662881327329,2.032075718608596,0.0004931261175494322,0.10220644315394593,0.0037035433034987826,51.78380233296159,12.629142358232645,4.5537504636978445,0.006617407670623516,0.11260163850920346,0.21032378849036784,-0.21032378849036784,0.45439527614517006,0.24407148765480222,0.3246357208199784,2.0573726799987675,2.0573726799987675,0.7324050570971733,2.7897777370959407,0.2373965224688232,0.5137042779894916,12.688828299193771,4.562138163967503,12.400416655598564,12.400416655598564,9.344432061040698e-06,0.16593208628598122,12.566348741884545,1.9029905737155467e-05,0.08005361191058998,38.59264498797704,True,0.512759809111927,9.745921292538721,9.745921292538721,0.2936838059580228,10.039605098496745,4.973070993637185,0.19435515839024986,0.017245043605012833,7.817205249174077,7.817205249174077,0.0,0.0032058314406636645,0.0004931261175494322,0.005555314955248174,12.945950583240398,12.629142358232645,0.003246357208199784,0.002373965224688232,2.803329618312209e-07,1.9029905737155468e-07,0.0008005361191058998,38.59264498797704
2.312361504485841,0.039469210151382716,0.031134781233542987,6075,5.070941019928309,5.07094102499925,5.153328833563297,5.153328833563297,0.09539273322509811,5.248721566788395,0.0,0.05944140699352429,2.8699652127474184,0.0,0.07705641660506167,0.0011362489534239638,19.777420162878236,3.688877580364388,2.9206450948481835,0.0014300469028814017,0.11260163850920346,0.12012720444574321,-0.12012720444574321,0.45439527614517006,0.33426807169942685,0.21672853232126257,0.869650719673711,0.869650719673711,0.7324050570971733,1.6020557767708843,0.18028398340131874,0.33059516335258754,3.7479833269375917,2.935970900333368,7.999508549975367,7.999508549975367,2.1073683338939686e-05,0.16593208628598122,8.165440636261348,3.2463836968586706e-05,0.2843204281461072,14.897806684644946,True,0.32886945239022436,6.103487230072774,6.103487230072774,0.2936838059580228,6.397171036030796,1.1561807522429206,0.019734605075691358,0.006226956246708598,5.070941019928309,5.070941019928309,0.0,0.002972070349676215,0.0,0.0017043734301359457,4.944355040719559,3.688877580364388,0.0021672853232126256,0.0018028398340131874,6.322105001681906e-07,3.246383696858671e-07,0.002843204281461072,14.897806684644946
5.516721859132637,0.018233065354655853,0.04036734557305263,6100,4.349231221644586,4.349231225993817,4.602443458761265,4.602443458761265,0.09539273322509811,4.6978361919863625,0.0,0.029684791697801312,3.2207344381718666,0.0,0.059787617135875194,0.0007117253042722678,13.877407768567437,7.555738088398602,3.748770286582457,0.0023763744779526095,0.11260163850920346,0.2699938326866281,-0.2699938326866281,0.45439527614517006,0.18440144345854198,0.11614731247064544,0.8991382284643888,0.8991382284643888,0.7324050570971733,1.6315432855615621,0.10734654729716005,0.4225413408317237,7.576434931200988,3.7525324577924577,7.263310544974246,7.263310544974246,3.88469739832299e-05,0.16593208628598122,7.429242631260227,2.043500695252858e-05,0.1871883896259917,18.15653220333783,True,0.42211771415150373,4.445171447581644,4.445171447581644,0.2936838059580228,4.738855253539667,2.7583609295663183,0.009116532677327926,0.008073469114610527,4.349231221644586,4.349231221644586,0.0,0.0014842395848900657,0.0,0.0010675879564084017,3.4693519421418593,7.555738088398602,0.0011614731247064545,0.0010734654729716005,1.1654092194968968e-06,2.043500695252858e-07,0.0018718838962599172,18.15653220333783
3.444859530529744,0.0043639685825993535,0.015687921257171583,6125,2.36309569535769,2.3630956977207855,2.446935310628093,2.446935310628093,0.09539273322509811,2.542328043853191,0.0,0.05141648545051081,1.1097393315673694,0.00026838729309031317,0.09638253011870612,0.0030835168018827973,3.0429814086975187,5.089686153250065,3.256033278400402,0.004879834501279911,0.11260163850920346,0.2290679378011379,-0.2290679378011379,0.45439527614517006,0.22532733834403215,0.1731013116905563,0.15746341184020152,0.15746341184020152,0.7324050570971733,0.8898684689373748,0.18671292911498014,0.3669050993224662,5.100526513666707,3.258434527203901,3.4761084094147368,3.4761084094147368,1.358337258683134e-06,0.16593208628598122,3.642040495700718,6.63279620361286e-06,0.05738496339404734,9.952913120478257,True,0.36663471474871145,3.126182567978581,3.126182567978581,0.2936838059580228,3.4198663739366038,1.722429765264872,0.0021819842912996767,0.0031375842514343166,2.36309569535769,2.36309569535769,0.0,0.0025708242725255405,0.00026838729309031317,0.004625275202824196,0.7607453521743797,5.089686153250065,0.001731013116905563,0.0018671292911498015,4.075011776049402e-08,6.63279620361286e-08,0.0005738496339404734,9.952913120478257
1.2141526240453315,0.020635129087518744,0.025610237503243958,6150,1.087836049682212,1.087836050770048,1.1402348643212734,1.1402348643212734,0.09539273322509811,1.2356275975463715,0.0,0.014685860843158987,1.2722347679859791,0.0001447824093171696,0.09203255622538992,0.004024837660873877,0.29056412372668494,2.255661375782381,2.5018859396713125,0.005055252823887961,0.11260163850920346,0.22090693166177275,-0.22090693166177275,0.45439527614517006,0.2334883444833973,0.022972838022471527,0.007888421939691304,0.007888421939691304,0.7324050570971733,0.7402934790368646,0.03343560301024346,0.2818116807986982,2.258201644076254,2.5027313945200764,2.0161386725081893,2.0161386725081893,3.6808330820977335e-06,0.16593208628598122,2.1820707587941706,5.51951426307763e-06,0.0667788940832861,4.04680275137742,True,0.28171648118898734,0.7093120431242651,0.7093120431242651,0.2936838059580228,1.002995849082288,0.6070763120226658,0.010317564543759372,0.005122047500648792,1.087836049682212,1.087836049682212,0.0,0.0007342930421579495,0.0001447824093171696,0.006037256491310816,0.07264103093167124,2.255661375782381,0.00022972838022471527,0.0003343560301024346,1.10424992462932e-07,5.51951426307763e-08,0.000667788940832861,4.04680275137742
2.704484636856328,0.4177192654226677,0.09109392184208402,6175,11.764960292129096,11.764960303894057,8.523212420023048,8.523212420023048,0.09539273322509811,8.618605153248147,0.0,0.03316065931746037,2.06763619518347,0.0,0.0764960114423639,0.0015978240422263065,124.7643064971539,4.180110027151016,3.04453173786836,0.0032887013394168594,0.11260163850920346,0.06816212898067875,-0.06816212898067875,0.45439527614517006,0.3862331471644913,0.26775228346889807,1.4931748116133,1.4931748116133,0.7324050570971733,2.225579868710473,0.1246870903726659,0.3433222740891855,4.198395460308417,3.048998648195849,17.531080115055612,17.531080115055612,1.0201695917461171e-05,0.16593208628598122,17.697012201341593,2.4555557196130796e-05,0.21461185275352715,48.725593511978104,True,0.3428192926225674,17.60265087166753,17.60265087166753,0.2936838059580228,17.896334677625553,1.352242318428164,0.20885963271133384,0.018218784368416806,11.764960292129096,11.764960292129096,0.0,0.0016580329658730188,0.0,0.0023967360633394596,31.191076624288474,4.180110027151016,0.0026775228346889806,0.001246870903726659,3.060508775238351e-07,2.4555557196130797e-07,0.0021461185275352714,48.725593511978104
6.694629824986763,0.03115309665577015,0.02934382848649597,6200,9.955590821767219,9.95559083172281,7.038167550683531,7.038167550683531,0.09539273322509811,7.133560283908629,0.0,0.04788766203915261,2.4819467974863367,0.0007794085939297612,0.10791789021272491,0.0018778473321365893,87.81674703231997,8.924548443674833,3.9873982733600877,0.002508534951153244,0.11260163850920346,0.32606251494334804,-0.32606251494334804,0.45439527614517006,0.12833276120182205,0.344126999465924,0.3210713718706969,0.3210713718706969,0.7324050570971733,1.0534764289678702,0.14803507499155885,0.45089866890537855,9.026239399177864,4.004370050306364,13.718172340408671,13.718172340408671,1.7678294653095884e-05,0.16593208628598122,13.884104426694652,2.864750212431416e-05,0.3396601254663856,44.217395851557804,True,0.44898761884309735,16.051027556554818,16.051027556554818,0.2936838059580228,16.34471136251284,3.3473149124933816,0.015576548327885076,0.005868765697299195,9.955590821767219,9.955590821767219,0.0,0.0023943831019576306,0.0007794085939297612,0.002816770998204884,21.95418675807999,8.924548443674833,0.0034412699946592402,0.0014803507499155885,5.303488395928765e-07,2.864750212431416e-07,0.003396601254663856,44.217395851557804
3.672830721505894,0.23092104208726283,0.06998482943984148,6225,2.290309853052957,2.2903098553432666,2.53698633169007,2.53698633169007,0.09539273322509811,2.6323790649151677,0.0,0.05528091485082487,1.6197318952384303,0.004512663739142998,0.14717636294964917,0.009173975622116803,2.862043801279225,5.366001182271353,3.3164630759568245,0.016928417593457888,0.11260163850920346,0.2656005990221826,-0.2656005990221826,0.45439527614517006,0.18879467712298745,0.06294463948053523,0.6554280310517323,0.6554280310517323,0.7324050570971733,1.3878330881489056,0.13735110026920797,0.3736129047395931,5.373150143479918,3.3180056392252193,4.134593189016172,4.134593189016172,2.9001728022183596e-06,0.16593208628598122,4.300525275302154,1.2713415055510874e-05,0.15570838529862133,10.362292761633341,True,0.3734392095726421,1.4819939606766366,1.4819939606766366,0.2936838059580228,1.7756777666346593,1.836415360752947,0.11546052104363141,0.013996965887968296,2.290309853052957,2.290309853052957,0.0,0.0027640457425412435,0.004512663739142998,0.013760963433175205,0.7155109503198063,5.366001182271353,0.0006294463948053523,0.0013735110026920796,8.700518406655078e-08,1.2713415055510873e-07,0.0015570838529862133,10.362292761633341
1.7301605398856383,0.001286541870000546,0.025497934860050555,6250,0.8452346674899626,0.8452346683351973,1.1640373107609019,1.1640373107609019,0.09539273322509811,1.259430043986,0.0,0.04088165165029452,0.3236998785602746,0.0,0.05829256279935568,0.0010674839110794677,0.04933868903966009,2.9424450762762517,2.715355670488267,0.0015424911541665415,0.11260163850920346,0.14160318142920797,-0.14160318142920797,0.45439527614517006,0.3127920947159621,0.08359230025095357,0.30498748392087405,0.30498748392087405,0.7324050570971733,1.0373925410180473,0.12832448324800813,0.30611693231236115,2.953527677561204,2.718583043545235,1.255473646339367,1.255473646339367,2.9423854461209494e-07,0.16593208628598122,1.4214057326253482,4.079364471564327e-07,0.004020178012074176,4.676642234846724,True,0.3057535247857923,0.7265276725240121,0.7265276725240121,0.2936838059580228,1.0202114784820349,0.8650802699428192,0.000643270935000273,0.005099586972010111,0.8452346674899626,0.8452346674899626,0.0,0.002044082582514726,0.0,0.0016012258666192015,0.012334672259915023,2.9424450762762517,0.0008359230025095357,0.0012832448324800814,8.827156338362847e-09,4.079364471564327e-09,4.020178012074176e-05,4.676642234846724
4.035453607417885,0.4612549690763953,0.09721807334614326,6275,7.1125432851981625,7.112543292310706,7.625456744166475,7.625456744166475,0.09539273322509811,7.720849477391573,0.0,0.03260319985231639,3.535971155497543,1.4656418209713692e-05,0.08382837017668272,0.002814108539915408,41.98739563376743,5.8025286861704135,3.408843848440661,0.004169481552114313,0.11260163850920346,0.022508440473313185,-0.022508440473313185,0.45439527614517006,0.4318868356718569,0.32383139165361735,2.33354736512161,2.33354736512161,0.7324050570971733,3.0659524222187833,0.1384511311146584,0.38478045527165056,5.842774351611441,3.417183143994563,10.920927774705214,10.920927774705214,8.595512255401079e-05,0.16593208628598122,11.086859860991195,2.938950128155405e-05,0.4410221841998301,25.694620681565873,True,0.3838414368448757,8.371448887279296,8.371448887279296,0.2936838059580228,8.66513269323732,2.0177268037089426,0.23062748453819765,0.019443614669228653,7.1125432851981625,7.1125432851981625,0.0,0.0016301599926158196,1.4656418209713692e-05,0.004221162809873112,10.496848908441857,5.8025286861704135,0.0032383139165361734,0.001384511311146584,2.5786536766203234e-06,2.938950128155405e-07,0.004410221841998301,25.694620681565873
5.713475556193865,0.03132954628176632,0.030714913994075336,6300,4.926334797464761,4.926334802391095,4.418039709518862,4.418039709518862,0.09539273322509811,4.51343244274396,0.0,0.046638705292887515,2.1540854717112476,0.0,0.06432116139492106,0.0010795691307305508,18.662207195559034,7.785705760945393,3.790287755939411,0.0016264091222730893,0.11260163850920346,0.2912479602211082,-0.2912479602211082,0.45439527614517006,0.16314731592406187,0.18927703379718008,0.33837320510900837,0.33837320510900837,0.7324050570971733,1.0707782622061817,0.14876832842138846,0.42716090801778184,7.8039674655212306,3.793558208722566,8.457004311269843,8.457004311269843,2.7148648640281875e-05,0.16593208628598122,8.622936397555824,1.6632400480465758e-05,0.23303728023927023,20.265800987505326,True,0.42679264964302704,5.486761734416544,5.486761734416544,0.2936838059580228,5.780445540374567,2.8567377780969325,0.01566477314088316,0.006142982798815068,4.926334797464761,4.926334797464761,0.0,0.0023319352646443757,0.0,0.0016193536960958262,4.665551798889759,7.785705760945393,0.001892770337971801,0.0014876832842138847,8.144594592084562e-07,1.663240048046576e-07,0.0023303728023927025,20.265800987505326
2.213041968312688,0.2199022825077226,0.06875988519664523,6325,11.071745768306581,11.071745779378325,7.920439771670449,7.920439771670449,0.09539273322509811,8.015832504895547,0.0,0.033772628550450136,2.969880134668946,0.0,0.05721790831627567,0.00170880301030085,109.82919645862395,3.563145686364236,2.887629647564436,0.0035023292126766708,0.11260163850920346,0.20498719158977502,-0.20498719158977502,0.45439527614517006,0.24940808455539504,0.1729328805874829,0.42894666613498955,0.42894666613498955,0.7324050570971733,1.1613517232321628,0.10128451998475009,0.3255949999732691,3.5780186263679616,2.8915651261238566,18.14985708821163,18.14985708821163,3.2661390710910434e-05,0.16593208628598122,18.31578917449761,4.594071014009789e-05,0.2345315263645725,43.3317554362375,True,0.32515185859980567,14.850625560077924,14.850625560077924,0.2936838059580228,15.144309366035948,1.106520984156344,0.1099511412538613,0.013751977039329047,11.071745768306581,11.071745768306581,0.0,0.0016886314275225069,0.0,0.002563204515451275,27.45729911465599,3.563145686364236,0.0017293288058748291,0.001012845199847501,9.79841721327313e-07,4.5940710140097886e-07,0.002345315263645725,43.3317554362375
0.7815531942465818,0.005624907591307848,0.012283939291234603,6350,1.484716782430715,1.4847167839154316,1.7692309576705476,1.7692309576705476,0.09539273322509811,1.8646236908956457,0.0,0.048112182549079174,1.000350629196023,2.1247604246510268e-05,0.08460951236537123,0.003849847983347236,0.7335448214342326,1.648797172176272,2.284054972412113,0.00504691586321182,0.11260163850920346,0.09391730823874062,-0.09391730823874062,0.45439527614517006,0.36047796790642944,0.11357617613714706,0.18258291182229547,0.18258291182229547,0.7324050570971733,0.9149879689194688,0.11172176093517286,0.2573259226000627,1.6519361700036153,2.285276690056898,2.1560303690351263,2.1560303690351263,2.5331981021595567e-06,0.16593208628598122,2.3219624553211076,2.9344861192291285e-06,0.017844343151422373,3.7235791555925,True,0.25718835517924715,1.7891667132894598,1.7891667132894598,0.2936838059580228,2.0828505192474824,0.3907765971232909,0.002812453795653924,0.002456787858246921,1.484716782430715,1.484716782430715,0.0,0.002405609127453959,2.1247604246510268e-05,0.005774771975020854,0.18338620535855815,1.648797172176272,0.0011357617613714705,0.0011172176093517286,7.59959430647867e-08,2.9344861192291287e-08,0.00017844343151422374,3.7235791555925
2.0479308420567746,0.30161918196071813,0.07814067489231287,6375,3.1692457523741737,3.169245755543419,3.2343882713492977,3.2343882713492977,0.09539273322509811,3.3297810045743956,0.0,0.024787216372923148,2.035645178085188,0.00017520840597098035,0.0932366312168535,0.003889163624776419,6.650187414691854,3.3527783161406957,2.831059342604902,0.008432130502845765,0.11260163850920346,0.28138822683151343,-0.28138822683151343,0.45439527614517006,0.17300704931365662,0.1390888640197335,0.37823265223082403,0.37823265223082403,0.7324050570971733,1.1106377093279973,0.07103979259535385,0.3189974723096567,3.359791396778863,2.832973375905625,5.896523885601937,5.896523885601937,2.263483618652536e-05,0.16593208628598122,6.0624559718879185,1.82806155577766e-05,0.16703192758705385,9.385994851530086,True,0.31878194900469375,2.183596253527853,2.183596253527853,0.2936838059580228,2.4772800594858757,1.0239654210283873,0.15080959098035907,0.015628134978462573,3.1692457523741737,3.1692457523741737,0.0,0.0012393608186461575,0.00017520840597098035,0.005833745437164629,1.6625468536729635,3.3527783161406957,0.001390888640197335,0.0007103979259535385,6.790450855957608e-07,1.82806155577766e-07,0.0016703192758705384,9.385994851530086
0.2329164212057576,0.08439099676408279,0.04455356682959528,6400,2.3445870760448795,2.3445870783894667,2.6572106336922054,2.6572106336922054,0.09539273322509811,2.752603366917304,0.0,0.03453985689297122,3.081460208696508,0.0,0.05774568682214168,0.0020191985390910364,2.9889833951161946,0.7790077440449076,1.8826141535489376,0.0029653926097141436,0.11260163850920346,0.03539690471753859,0.03539690471753859,0.45439527614517006,0.48979218086270865,0.07739468195963707,0.5922187581833808,0.5922187581833808,0.7324050570971733,1.324623815280554,0.09250007619645947,0.21217879994345817,0.7820416789292473,1.884331204317278,4.020576511643647,4.020576511643647,1.490128280862206e-05,0.16593208628598122,4.186508597929628,1.817980302680325e-05,0.22967759201891133,4.047157234211224,True,0.21198545719636905,1.976780970304726,1.976780970304726,0.2936838059580228,2.270464776262749,0.1164582106028788,0.042195498382041396,0.008910713365919056,2.3445870760448795,2.3445870760448795,0.0,0.001726992844648561,0.0,0.0030287978086365546,0.7472458487790486,0.7790077440449076,0.0007739468195963708,0.0009250007619645948,4.4703848425866175e-07,1.817980302680325e-07,0.0022967759201891133,4.047157234211224
10.952644279401664,0.0007602931784213007,0.02233731629741236,6425,7.670826224736541,7.670826232407368,5.144249442916198,5.144249442916198,0.09539273322509811,5.239642176141296,0.0,0.05652549057294191,2.4330915827702744,0.017307634969774933,0.21155848497825952,0.007604303312861849,50.238545973090396,13.760226636726374,4.709477946655887,0.008567601355344573,0.11260163850920346,0.43457250062554703,-0.43457250062554703,0.45439527614517006,0.019822775519623023,0.18868070027927208,0.07492200729308107,-0.07492200729308107,0.7324050570971733,0.6574830498040922,0.21934103102244076,0.5306778766026048,13.7854659827973,4.7128783959075875,11.20997657224207,11.20997657224207,4.2747786789565244e-05,0.16593208628598122,11.37590865852805,3.219261296563155e-05,0.10940718088923834,39.5085753622344,True,0.5302949804111914,11.911613316100745,11.911613316100745,0.2936838059580228,12.205297122058768,5.476322139700832,0.00038014658921065037,0.0044674632594824725,7.670826224736541,7.670826224736541,0.0,0.0028262745286470954,0.017307634969774933,0.011406454969292774,12.559636493272599,13.760226636726374,0.0018868070027927208,0.0021934103102244076,1.2824336036869573e-06,3.2192612965631555e-07,0.0010940718088923835,39.5085753622344
0.37270114935825904,0.03182881930336445,0.03916394953011094,6450,1.5827026104741944,1.582702612056897,2.332876725182767,2.332876725182767,0.09539273322509811,2.428269458407865,0.0,0.04599970121347282,1.2210458969045215,0.0,0.07284953810782425,0.0015068302804986714,0.9333273826125268,1.0210951865754283,2.0104925465214616,0.001999044149442123,0.11260163850920346,0.20443161493550177,0.20443161493550177,0.45439527614517006,0.6588268910806718,0.16964725209613937,0.9760662003335606,0.9760662003335606,0.7324050570971733,1.708471257430734,0.16145513563306774,0.22673386857989886,1.027370361936889,2.0135927988777786,2.266884736327036,2.266884736327036,1.2075204867098605e-06,0.16593208628598122,2.432816822613017,7.438832249129506e-06,0.08993927317709464,3.0559981746440106,True,0.22638477505378302,0.9742484568876287,0.9742484568876287,0.2936838059580228,1.2679322628456515,0.18635057467912952,0.015914409651682226,0.007832789906022188,1.5827026104741944,1.5827026104741944,0.0,0.002299985060673641,0.0,0.002260245420748007,0.2333318456531317,1.0210951865754283,0.0016964725209613937,0.0016145513563306773,3.622561460129581e-08,7.438832249129505e-08,0.0008993927317709465,3.0559981746440106
0.5635033053437188,0.3042477411173181,0.07938418302501135,6475,1.580016643074118,1.5800166446541346,2.3329334594338036,2.3329334594338036,0.09539273322509811,2.4283261926589015,0.0,0.021858976751258218,1.9633907063650966,0.0,0.0740525808103599,0.001276950969286921,1.013268452983206,1.3240381631329898,2.150668572236589,0.0016275507848041205,0.11260163850920346,0.01628276501712933,-0.01628276501712933,0.45439527614517006,0.4381125111280407,0.10347008137956193,0.6176981223149477,0.6176981223149477,0.7324050570971733,1.350103179412121,0.11074032418922819,0.24231235840954135,1.3269732708890083,2.1519432585370724,2.5380791566481964,2.5380791566481964,1.4598923115241837e-05,0.16593208628598122,2.7040112429341776,1.1233720519455325e-05,0.2571318405026758,3.6148466273455364,True,0.24216882663077482,0.46478226796505573,0.46478226796505573,0.2936838059580228,0.7584660739230785,0.2817516526718594,0.15212387055865906,0.015876836605002272,1.580016643074118,1.580016643074118,0.0,0.001092948837562911,0.0,0.0019154264539303814,0.2533171132458015,1.3240381631329898,0.0010347008137956194,0.0011074032418922819,4.379676934572551e-07,1.1233720519455325e-07,0.0025713184050267577,3.6148466273455364
6.68805484804333,0.08554039589150053,0.046908351018644864,6500,3.7636302217223774,3.7636302254860077,3.7571323591103276,3.7571323591103276,0.09539273322509811,3.852525092335426,0.0,0.0319141146242332,1.402178816298892,0.0003241005205059165,0.09800279201973729,0.0025968808069426735,9.869976207909016,8.916956755516889,3.9861273843419487,0.0037395165579360576,0.11260163850920346,0.1354751809082098,-0.1354751809082098,0.45439527614517006,0.31892009523696024,0.06772170284197064,1.5645069207463673,1.5645069207463673,0.7324050570971733,2.2969119778435405,0.08168617659636905,0.4492323735057472,8.937540183488426,3.9895719063920216,6.287953996893776,6.287953996893776,1.5463751554882958e-06,0.16593208628598122,6.453886083179758,3.858145270244402e-06,0.18582071113163073,18.5534278197282,True,0.44884451464458264,3.8345948821652014,3.8345948821652014,0.2936838059580228,4.128278688123224,3.344027424021665,0.042770197945750266,0.009381670203728973,3.7636302217223774,3.7636302217223774,0.0,0.00159570573121166,0.0003241005205059165,0.00389532121041401,2.467494051977254,8.916956755516889,0.0006772170284197064,0.0008168617659636905,4.639125466464887e-08,3.858145270244402e-08,0.0018582071113163075,18.5534278197282
4.68470216677267,0.14628743978265768,0.05715890487001541,6525,2.312163648776079,2.312163651088243,3.2677908608362287,3.2677908608362287,0.09539273322509811,3.363183594061327,0.0,0.05684663453758554,1.4436934321612478,4.980274860109588e-05,0.08705710624839218,0.002931743018058987,2.7911429380157737,6.576235991661606,3.56441728111117,0.00557579485749941,0.11260163850920346,0.2880414940849211,-0.2880414940849211,0.45439527614517006,0.16635378206024898,0.1392509679113873,0.2845310303472478,0.2845310303472478,0.7324050570971733,1.016936087444421,0.16041743415013301,0.4015501235933371,6.584932329118804,3.5661122986180485,2.9997737132897226,2.9997737132897226,5.424115729391764e-06,0.16593208628598122,3.165705799575704,6.658627531103349e-06,0.07658564947226068,12.02416447802095,True,0.4013592618278106,2.624781609280025,2.624781609280025,0.2936838059580228,2.918465415238048,2.342351083386335,0.07314371989132884,0.011431780974003082,2.312163648776079,2.312163648776079,0.0,0.0028423317268792773,4.980274860109588e-05,0.004397614527088481,0.6977857345039434,6.576235991661606,0.001392509679113873,0.0016041743415013301,1.6272347188175292e-07,6.658627531103349e-08,0.0007658564947226068,12.02416447802095
2.9200019974173026,0.16751411403327876,0.06398731870141279,6550,5.437011939211589,5.437011944648601,5.860446417795805,5.860446417795805,0.09539273322509811,5.9558391510209026,0.0,0.041391851441525164,2.607851465503484,0.0,0.04810708765731024,0.000768251909124304,23.34076628327389,4.447043064228052,3.1088013335134375,0.002534807361372245,0.11260163850920346,0.16884815159809718,-0.16884815159809718,0.45439527614517006,0.2855471245470729,0.19598522009134264,1.0443808922186792,1.0443808922186792,0.7324050570971733,1.7767859493158524,0.12287948820014619,0.3511966166198919,4.489862727878458,3.118929618434378,9.830780103933048,9.830780103933048,1.2351980406475285e-05,0.16593208628598122,9.996712190219029,3.210062797453664e-05,0.286789947684575,17.2850813022849,True,0.35005615504122306,3.9619671398418603,3.9619671398418603,0.2936838059580228,4.255650945799883,1.4600009987086513,0.08375705701663938,0.01279746374028256,5.437011939211589,5.437011939211589,0.0,0.002069592572076258,0.0,0.0011523778636864561,5.8351915708184725,4.447043064228052,0.0019598522009134263,0.001228794882001462,3.705594121942585e-07,3.210062797453664e-07,0.00286789947684575,17.2850813022849
0.17036839938594384,0.8116724005444376,0.13282828818882758,6575,2.9438144495819136,2.943814452525728,2.2232334697681857,2.2232334697681857,0.09539273322509811,2.318626202993284,0.0,0.03802758137854242,2.2542647079718394,0.00036645687548144074,0.0991430633776687,0.004262104723205458,5.565127003438537,0.6605740559198742,1.812757070667413,0.008472857624602485,0.11260163850920346,0.05062330829363937,-0.05062330829363937,0.45439527614517006,0.4037719678515307,0.0930392626755814,0.5594532125706703,0.5594532125706703,0.7324050570971733,1.2918582696678436,0.1815643597256774,0.20429399368053314,0.663096390378801,1.8143073070891609,5.352734120791487,5.352734120791487,1.8223244509589318e-05,0.16593208628598122,5.518666207077468,3.076620744169104e-05,0.12151378005254612,5.525879335377544,True,0.20411943450386533,3.0692242357174933,3.0692242357174933,0.2936838059580228,3.362908041675516,0.08518419969297192,0.4058362002722188,0.026565657637765517,2.9438144495819136,2.9438144495819136,0.0,0.0019013790689271209,0.00036645687548144074,0.006393157084808187,1.3912817508596342,0.6605740559198742,0.000930392626755814,0.001815643597256774,5.466973352876796e-07,3.076620744169104e-07,0.0012151378005254613,5.525879335377544
2.5273092276530504,0.028146582131271747,0.027159593380362636,6600,2.85250194190142,2.852501944753922,4.030924447834395,4.030924447834395,0.09539273322509811,4.126317181059493,0.0,0.028283046117130672,2.6282541976998317,0.0,0.07183357592550588,0.0028802852261265556,4.9705309627608045,3.959110275654644,2.989751310001992,0.0057873869914138575,0.11260163850920346,0.241996156204858,-0.241996156204858,0.45439527614517006,0.21239911994031205,0.1259580596497458,0.019981580738271054,0.019981580738271054,0.7324050570971733,0.7523866378354443,0.11651540966151251,0.3368472418278174,3.966051391317068,2.9914947630654387,4.410220296121782,4.410220296121782,2.1841580412931262e-05,0.16593208628598122,4.576152382407763,1.8042969409687473e-05,0.21825095968892103,9.347747441926652,True,0.3366509261387749,2.2195676057431295,2.2195676057431295,0.2936838059580228,2.513251411701152,1.2636546138265252,0.014073291065635873,0.005431918676072528,2.85250194190142,2.85250194190142,0.0,0.0014141523058565338,0.0,0.004320427839189834,1.2426327406902011,3.959110275654644,0.001259580596497458,0.0011651540966151252,6.552474123879378e-07,1.8042969409687474e-07,0.0021825095968892104,9.347747441926652
2.399221917983935,0.060765813437051674,0.04478189538595706,6625,2.287808683144817,2.2878086854326254,3.09498332070038,3.09498332070038,0.09539273322509811,3.190376053925478,0.0,0.032771041621582654,1.615223980168715,0.0,0.07102936310987516,0.0019285342571120682,2.8190589327040194,3.7983756725720075,2.948942193235091,0.0036525208861917812,0.11260163850920346,0.07562047806748312,-0.07562047806748312,0.45439527614517006,0.37877479807768694,0.16987685010787598,0.8446032116815537,0.8446032116815537,0.7324050570971733,1.577008268778727,0.0869067594726689,0.33244103191775315,3.8117244435752524,2.9523638092259477,3.77255209257476,3.77255209257476,1.012937623539557e-05,0.16593208628598122,3.938484178860741,1.371129864142908e-05,0.05101022062043885,8.037509066443542,True,0.33205575231661727,1.2807024702151106,1.2807024702151106,0.2936838059580228,1.5743862761731335,1.1996109589919675,0.030382906718525837,0.008956379077191412,2.287808683144817,2.287808683144817,0.0,0.0016385520810791327,0.0,0.002892801385668102,0.7047647331760049,3.7983756725720075,0.0016987685010787599,0.0008690675947266891,3.038812870618671e-07,1.371129864142908e-07,0.0005101022062043885,8.037509066443542
0.5131260241482432,0.05152090673364862,0.04293176710255043,6650,2.06363168144465,2.0636316835082815,1.85675343985659,1.85675343985659,0.09539273322509811,1.952146173081688,0.0,0.028918831708792003,1.372396431984598,0.0,0.07352272130894069,0.002412057439273858,2.135403855329487,1.2461885473120557,2.116328153954766,0.0032677646739218942,0.11260163850920346,0.1168998632589281,0.1168998632589281,0.45439527614517006,0.5712951394040982,0.07813146746389442,1.0290709678416432,1.0290709678416432,0.7324050570971733,1.7614760249388164,0.11339215382384983,0.23847413511869875,1.2496031925703608,2.117856516987024,3.585729673638769,3.585729673638769,2.5370042465354777e-06,0.16593208628598122,3.75166175992475,6.836467074133826e-06,0.07258410764449336,4.142286260959004,True,0.238302038921746,1.9786953687161533,1.9786953687161533,0.2936838059580228,2.272379174674176,0.2565630120741216,0.02576045336682431,0.008586353420510087,2.06363168144465,2.06363168144465,0.0,0.0014459415854396003,0.0,0.0036180861589107873,0.5338509638323717,1.2461885473120557,0.0007813146746389442,0.0011339215382384982,7.611012739606433e-08,6.836467074133825e-08,0.0007258410764449336,4.142286260959004
3.3748952695685577,0.30659796187464405,0.07934695519506725,6675,1.6631444933914392,1.6631444950545835,1.9688919269668366,1.9688919269668366,0.09539273322509811,2.0642846601919347,0.0,0.05024120567929521,0.7912868296430275,0.0005506829200785528,0.1034666341872573,0.004305102268168667,1.1920936462775031,5.004566311851107,3.2370888028531875,0.0055237049286017414,0.11260163850920346,0.04251950312358532,-0.04251950312358532,0.45439527614517006,0.41187577302158473,0.11610539251178748,1.6975220309625532,1.6975220309625532,0.7324050570971733,2.4299270880597263,0.157404227856028,0.3656933801703497,5.052035773384968,3.247673413417743,2.485001734988183,2.485001734988183,1.656969209673174e-07,0.16593208628598122,2.6509338212741644,2.219867950111881e-06,0.050995702289293614,8.835115700574992,True,0.3645015355719528,0.946091993641876,0.946091993641876,0.2936838059580228,1.2397757995998988,1.6874476347842788,0.15329898093732203,0.015869391039013452,1.6631444933914392,1.6631444933914392,0.0,0.0025120602839647605,0.0005506829200785528,0.006457653402253001,0.2980234115693758,5.004566311851107,0.0011610539251178749,0.0015740422785602802,4.9709076290195215e-09,2.219867950111881e-08,0.0005099570228929361,8.835115700574992
2.8069343797114463,0.13996605756916936,0.056029899771589696,6700,5.97770458352228,5.977704589499985,6.05902683548117,6.05902683548117,0.09539273322509811,6.154419568706268,0.0,0.04079320631302034,3.057717498373126,3.412887309676624e-05,0.08584199221984815,0.0038445218805812863,28.90228500420961,4.307247030929558,3.0753908140226405,0.006614516622402563,0.11260163850920346,0.12047888775031274,-0.12047888775031274,0.45439527614517006,0.3339163883948573,0.18503301123612056,0.9916253836152521,0.9916253836152521,0.7324050570971733,1.7240304407124254,0.10916818919144852,0.3469475880592441,4.331370841880658,3.08119457088487,10.96002667960946,10.96002667960946,2.2134434239359702e-05,0.16593208628598122,11.12595876589544,3.518451383094051e-05,0.184988949928045,19.007812553490204,True,0.3462940754690105,4.564310870437088,4.564310870437088,0.2936838059580228,4.85799467639511,1.4034671898557232,0.06998302878458468,0.01120597995431794,5.97770458352228,5.97770458352228,0.0,0.002039660315651017,3.412887309676624e-05,0.005766782820871929,7.225571251052402,4.307247030929558,0.0018503301123612057,0.0010916818919144854,6.64033027180791e-07,3.518451383094051e-07,0.0018498894992804498,19.007812553490204
0.3160482632031195,0.07306452264401286,0.04215592404126258,6725,2.611602669364331,2.611602671975934,2.8080894747786687,2.8080894747786687,0.09539273322509811,2.9034822080037666,0.0,0.035872220970554834,2.8766802180397084,0.00013685951159551394,0.09169869700417589,0.0050748961627772714,4.0247786164356185,0.9257936227678363,1.962181699455896,0.005839877279830248,0.11260163850920346,0.12737634679421983,-0.12737634679421983,0.45439527614517006,0.3270189293509502,0.15183225329452468,0.30267007533646406,0.30267007533646406,0.7324050570971733,1.0350751324336374,0.07561096873867065,0.22120562968699586,0.9302549597367855,1.9644972575060986,4.60929082953807,4.60929082953807,2.4023081952071103e-05,0.16593208628598122,4.775222915824052,3.7217432745139906e-05,0.21397361909440432,4.760536600055243,True,0.2209448940333243,2.205352630194518,2.205352630194518,0.2936838059580228,2.4990364361525406,0.15802413160155976,0.03653226132200643,0.008431184808252517,2.611602669364331,2.611602669364331,0.0,0.0017936110485277418,0.00013685951159551394,0.007612344244165907,1.0061946541089046,0.9257936227678363,0.0015183225329452469,0.0007561096873867065,7.206924585621331e-07,3.7217432745139905e-07,0.0021397361909440433,4.760536600055243
4.489227746378372,0.05871464352696465,0.04937963510850157,6750,4.479725456507529,4.479725460987255,4.82236882351363,4.82236882351363,0.09539273322509811,4.917761556738728,0.0,0.026655492331485554,2.768431659259977,0.0,0.07052006946608054,0.001924503668894718,14.85129194677683,6.344251568536089,3.518779777697147,0.003084342196472822,0.11260163850920346,0.2686372468921644,-0.2686372468921644,0.45439527614517006,0.18575802925300564,0.1612698181099101,1.2081146566841494,1.2081146566841494,0.7324050570971733,1.9405197137813228,0.14842587341302943,0.39664665039319746,6.363335273024365,3.5225652168029997,7.490680106779218,7.490680106779218,6.538867778247302e-06,0.16593208628598122,7.656612193065199,1.5363130317814254e-05,0.16209145358469768,16.82958488508052,True,0.3962204037095472,4.409361008454666,4.409361008454666,0.2936838059580228,4.703044814412689,2.244613873189186,0.029357321763482325,0.009875927021700315,4.479725456507529,4.479725456507529,0.0,0.0013327746165742779,0.0,0.0028867555033420767,3.7128229866942073,6.344251568536089,0.0016126981810991009,0.0014842587341302943,1.9616603334741906e-07,1.5363130317814254e-07,0.0016209145358469768,16.82958488508052
0.5876245291245918,0.12060598588087523,0.062129014690760966,6775,2.2046882544149637,2.204688256619652,2.2835380875534392,2.2835380875534392,0.09539273322509811,2.378930820778537,0.0,0.014825802503711061,2.052493305532627,0.0,0.05313628180418722,0.000865827389794034,2.656579149586265,1.3608779014265617,2.1665667153774626,0.0020629864716942953,0.11260163850920346,0.10688911851898686,-0.10688911851898686,0.45439527614517006,0.3475061576261832,0.05189220713545825,0.16917132990343708,0.16917132990343708,0.7324050570971733,0.9015763870006104,0.12106069418940026,0.24411381717343994,1.3640879780999364,2.167941769995378,4.138487148205371,4.138487148205371,7.393596548479503e-06,0.16593208628598122,4.304419234491353,1.2219178616701293e-05,0.17132922714343135,4.60173520017322,True,0.24395898375667247,1.3862125553809208,1.3862125553809208,0.2936838059580228,1.6798963613389435,0.2938122645622959,0.060302992940437616,0.012425802938152194,2.2046882544149637,2.2046882544149637,0.0,0.0007412901251855531,0.0,0.001298741084691051,0.6641447873965662,1.3608779014265617,0.0005189220713545825,0.0012106069418940026,2.218078964543851e-07,1.2219178616701293e-07,0.0017132922714343136,4.60173520017322
1.1914406391334087,0.03115310395107218,0.03466701185926179,6800,2.4588546996018468,2.4588547020607012,3.1836232068006076,3.1836232068006076,0.09539273322509811,3.279015940025706,0.0,0.015229232548658564,2.9101838389541728,0.0,0.062069305171539225,0.0012413801089057803,3.4504745794614182,2.2246657012138447,2.491531327600545,0.0017931445737936996,0.11260163850920346,0.03932216037442632,0.03932216037442632,0.45439527614517006,0.4937174365195964,0.0705414010721789,0.9707049784611738,0.9707049784611738,0.7324050570971733,1.703110035558347,0.052576824798766665,0.2808516201311609,2.2326492564314533,2.494205225673988,4.187411911421339,4.187411911421339,5.445689538621019e-06,0.16593208628598122,4.35334399770732,1.9935037644239832e-05,0.17746983563993649,6.169999094722102,True,0.28055053480014563,1.2712759743390052,1.2712759743390052,0.2936838059580228,1.564959780297028,0.5957203195667043,0.01557655197553609,0.006933402371852359,2.4588546996018468,2.4588546996018468,0.0,0.0007614616274329283,0.0,0.0018620701633586703,0.8626186448653546,2.2246657012138447,0.000705414010721789,0.0005257682479876667,1.6337068615863057e-07,1.9935037644239833e-07,0.0017746983563993648,6.169999094722102
4.527733240190013,0.004020537261142931,0.010872676071496857,6825,6.075704728575821,6.075704734651526,6.956903638603666,6.956903638603666,0.09539273322509811,7.0522963718287635,0.0,0.017507407815749228,2.5797095688924845,0.0,0.07505409935501545,0.0014329294149891007,29.68193153201683,6.39001091252247,3.5278470904155714,0.0015151791512610531,0.11260163850920346,0.010422130149890685,0.010422130149890685,0.45439527614517006,0.46481740629506074,0.2280712859748034,1.571069843647054,1.571069843647054,0.7324050570971733,2.3034749007442272,0.04729143884710564,0.39771391980374193,6.4112442453048235,3.532043491985243,10.079709367653994,10.079709367653994,6.3522940762931355e-06,0.16593208628598122,10.245641453939974,1.6987728027745662e-05,0.18400415375322537,22.161868741787504,True,0.3972413980691903,5.6659969877976675,5.6659969877976675,0.2936838059580228,5.95968079375569,2.2638666200950066,0.0020102686305714657,0.0021745352142993712,6.075704728575821,6.075704728575821,0.0,0.0008753703907874614,0.0,0.002149394122483651,7.420482883004207,6.39001091252247,0.002280712859748034,0.00047291438847105644,1.9056882228879406e-07,1.6987728027745662e-07,0.0018400415375322537,22.161868741787504
8.872147788751828,0.24369798283351118,0.07190457737909517,6850,8.174838662281205,8.174838670456044,8.303716982283149,8.303716982283149,0.09539273322509811,8.399109715508247,0.0,0.05208790682006146,2.578506796372714,0.0020656140179901713,0.1254490265901281,0.006760199144067926,57.086652202959854,11.415039851939158,4.378615078984162,0.00976866739521417,0.11260163850920346,0.2984827605930295,-0.2984827605930295,0.45439527614517006,0.15591251555214056,0.6219000069887035,0.6827606930947786,0.6827606930947786,0.7324050570971733,1.415165750191952,0.17042792223417488,0.4954394011503541,11.559525806006523,4.399930264874049,11.094051324484477,11.094051324484477,6.121018733989702e-06,0.16593208628598122,11.259983410770458,2.86385756482441e-05,0.1936671859502526,38.458516095471964,True,0.4930392760808727,11.89768850682173,11.89768850682173,0.2936838059580228,12.191372312779754,4.436073894375914,0.12184899141675559,0.014380915475819035,8.174838662281205,8.174838662281205,0.0,0.0026043953410030732,0.0020656140179901713,0.010140298716101889,14.271663050739964,11.415039851939158,0.006219000069887035,0.001704279222341749,1.8363056201969104e-07,2.8638575648244103e-07,0.0019366718595025258,38.458516095471964
1.4314781176173077,0.06585469273482414,0.039057953743839836,6875,1.8481310186483886,1.8481310204965196,1.3574185677401664,1.3574185677401664,0.09539273322509811,1.4528113009652646,0.0,0.022503221734263137,1.3730666108856666,0.0,0.06058998332830757,0.0015795564776704286,1.614219280787124,2.5486332749847413,2.596443946709292,0.00291417654217994,0.11260163850920346,0.19951204564499941,-0.19951204564499941,0.45439527614517006,0.25488323050017064,0.04343879076998977,0.09808233177877657,0.09808233177877657,0.7324050570971733,0.8304873888759499,0.07763074397678456,0.2924775141496526,2.5518567802176113,2.5974532169104707,3.048509830615352,3.048509830615352,3.656653111961717e-06,0.16593208628598122,3.2144419169013334,6.069498351317535e-06,0.05173625777972472,5.562019833877805,True,0.2923638686612087,2.427451088907604,2.427451088907604,0.2936838059580228,2.7211348948656267,0.7157390588086538,0.03292734636741207,0.007811590748767968,1.8481310186483886,1.8481310186483886,0.0,0.0011251610867131568,0.0,0.002369334716505643,0.403554820196781,2.5486332749847413,0.0004343879076998977,0.0007763074397678456,1.096995933588515e-07,6.069498351317535e-08,0.0005173625777972473,5.562019833877805
6.839275379642401,0.02110355329667446,0.030028231220956336,6900,2.061110246192075,2.0611102482531853,1.7077006006729885,1.7077006006729885,0.09539273322509811,1.8030933338980866,0.0,0.05114077520262764,0.9416247320511718,0.003030029190439809,0.13504570092604698,0.005987904222085123,2.1323684307111335,9.091436043399163,4.015200829695953,0.0066122024791304464,0.11260163850920346,0.3760484925879835,-0.3760484925879835,0.45439527614517006,0.07834678355718656,0.12984736197672556,0.237796736324003,0.237796736324003,0.7324050570971733,0.9702017934211763,0.16310431599556724,0.45243225026518386,9.108261097718804,4.017989578795594,3.187547950945745,3.187547950945745,1.4864166539375825e-06,0.16593208628598122,3.3534800372317264,4.122007532691254e-06,0.01921080740612202,15.139524144932809,True,0.4521182325192858,2.822448270486138,2.822448270486138,0.2936838059580228,3.1161320764441607,3.4196376898212004,0.01055177664833723,0.006005646244191268,2.061110246192075,2.061110246192075,0.0,0.0025570387601313825,0.003030029190439809,0.008981856333127685,0.5330921076777834,9.091436043399163,0.0012984736197672556,0.0016310431599556724,4.459249961812747e-08,4.122007532691254e-08,0.0001921080740612202,15.139524144932809
2.1345675203723578,0.130117781650544,0.05500901876693411,6925,4.106300451759714,4.106300455866015,3.8941618463857806,3.8941618463857806,0.09539273322509811,3.989554579610879,0.0,0.022210976121090964,2.306493543213217,2.4499329120690764e-05,0.08494967969879777,0.0013771598583716155,12.203171302129302,3.4633802568867695,2.8610159206430152,0.001451536963033588,0.11260163850920346,0.19459595813499936,-0.19459595813499936,0.45439527614517006,0.2597993180101707,0.11661972341001615,0.4902912124472517,0.4902912124472517,0.7324050570971733,1.222696269544425,0.05964094707628308,0.3224544059031118,3.473280536967424,2.863673935259981,6.880386030989804,6.880386030989804,1.7308252498969698e-05,0.16593208628598122,7.046318117275786,2.5126177408477777e-05,0.10568288843713955,11.769838982964961,True,0.32215510907547995,4.63961805410913,4.63961805410913,0.2936838059580228,4.933301860067153,1.0672837601861789,0.065058890825272,0.011001803753386823,4.106300451759714,4.106300451759714,0.0,0.0011105488060545482,2.4499329120690764e-05,0.0020657397875574234,3.0507928255323256,3.4633802568867695,0.0011661972341001617,0.0005964094707628307,5.19247574969091e-07,2.512617740847778e-07,0.0010568288843713955,11.769838982964961
1.335053717130586,0.5783303851625947,0.10291602730959934,6950,2.213738269896982,2.21373827211072,2.5321332177509293,2.5321332177509293,0.09539273322509811,2.6275259509760276,0.0,0.07214699766279649,2.074392703264979,0.0009938553799136534,0.11152547192214025,0.0054048625711391515,2.568385938484923,2.4194099141475016,2.5554452462711446,0.012757418173096478,0.11260163850920346,0.14703892745576902,-0.14703892745576902,0.45439527614517006,0.30735634868940104,0.21376312148338966,0.5502660347101894,0.5502660347101894,0.7324050570971733,1.2826710918073627,0.18512490131671266,0.2880392024816072,2.4274798284090875,2.558037171703258,3.848615740698962,3.848615740698962,5.848248634808317e-06,0.16593208628598122,4.014547826984943,1.6644713326341336e-05,0.08680280532012172,6.27008567456978,True,0.2877473474051383,1.719078468221353,1.719078468221353,0.2936838059580228,2.0127622741793756,0.667526858565293,0.28916519258129736,0.02058320546191987,2.213738269896982,2.213738269896982,0.0,0.0036073498831398244,0.0009938553799136534,0.008107293856708726,0.6420964846212307,2.4194099141475016,0.002137631214833897,0.0018512490131671266,1.754474590442495e-07,1.6644713326341336e-07,0.0008680280532012172,6.27008567456978
7.814261986738478,0.002707493670865424,0.011942025864150782,6975,6.155816711345634,6.155816717501451,4.969426718142553,4.969426718142553,0.09539273322509811,5.064819451367651,0.0,0.015922036151177234,1.3092956557242692,0.0007501563190911392,0.10738898170964264,0.002481275294681702,30.890747290864102,10.21058210503832,4.195400147874804,0.003106799834530133,0.11260163850920346,0.3772388859300911,-0.3772388859300911,0.45439527614517006,0.07715639021507897,0.12182521825544296,0.3822784535417426,0.3822784535417426,0.7324050570971733,1.114683510638916,0.08775842907505142,0.472809403488724,10.233321528096536,4.1989563185665,10.84299025580508,10.84299025580508,4.540452563694724e-06,0.16593208628598122,11.008922342091061,7.695358228629166e-06,0.03097812203659312,28.007632786406987,True,0.47240897280645894,6.849548285089947,6.849548285089947,0.2936838059580228,7.143232091047969,3.907130993369239,0.001353746835432712,0.0023884051728301566,6.155816711345634,6.155816711345634,0.0,0.0007961018075588618,0.0007501563190911392,0.003721912942022553,7.7226868227160255,10.21058210503832,0.0012182521825544297,0.0008775842907505142,1.3621357691084171e-07,7.695358228629165e-08,0.0003097812203659312,28.007632786406987
2.1682732973980055,0.7352446688877468,0.12092314465180702,7000,2.3504593252930768,2.350459327643536,1.9319282939170017,1.9319282939170017,0.09539273322509811,2.0273210271421,0.0,0.013099442831220758,1.9950885158376757,6.646573522573397e-05,0.08815265203634584,0.0025127561516896943,3.151294519280606,3.5062779282610266,2.872505788578777,0.004099540091960402,0.11260163850920346,0.24718928082663627,-0.24718928082663627,0.45439527614517006,0.2072059953185338,0.05821616968928384,0.05510927871247173,0.05510927871247173,0.7324050570971733,0.787514335809645,0.09528781043905574,0.323557200119999,3.5098812283356606,2.8734677014391417,4.403980858270236,4.403980858270236,2.05825138896314e-05,0.16593208628598122,4.569912944556218,1.9151908573201894e-05,0.07224735630991543,8.127253389910697,True,0.32344888714619974,2.105174897372905,2.105174897372905,0.2936838059580228,2.398858703330928,1.0841366486990027,0.3676223344438734,0.024184628930361406,2.3504593252930768,2.3504593252930768,0.0,0.0006549721415610379,6.646573522573397e-05,0.0037691342275345415,0.7878236298201515,3.5062779282610266,0.0005821616968928385,0.0009528781043905574,6.17475416688942e-07,1.9151908573201895e-07,0.0007224735630991543,8.127253389910697
0.6849837387971697,0.6527689755715018,0.11522682346136011,7025,2.582377932828166,2.5823779354105443,3.5686774503648895,3.5686774503648895,0.09539273322509811,3.6640701835899874,0.0,0.02122594725727677,3.5764476809127577,8.904512752093398e-05,0.08943637258277427,0.0026508793285735513,3.8607262249683623,1.5070936940388866,2.2276374440521463,0.0031021286073647093,0.11260163850920346,0.08025321075939645,-0.08025321075939645,0.45439527614517006,0.3741420653857736,0.2003422168909666,0.5406175883085723,0.5406175883085723,0.7324050570971733,1.2730226454057456,0.11054342932724404,0.25111561797204124,1.5132046007415842,2.2301238152078775,4.168996895743874,4.168996895743874,3.01344319639614e-05,0.16593208628598122,4.334928982029855,3.309499660871481e-05,0.29248389330981756,5.757736496847202,True,0.2508356484811001,1.7113378364266496,1.7113378364266496,0.2936838059580228,2.0050216423846723,0.34249186939858484,0.3263844877857509,0.023045364692272023,2.582377932828166,2.582377932828166,0.0,0.0010612973628638387,8.904512752093398e-05,0.0039763189928603265,0.9651815562420906,1.5070936940388866,0.002003422168909666,0.0011054342932724404,9.040329589188419e-07,3.309499660871481e-07,0.0029248389330981755,5.757736496847202
1.7333793732316334,0.061526032733475344,0.04670150017814285,7050,1.6085575808523815,1.6085575824609393,1.5101801344638257,1.5101801344638257,0.09539273322509811,1.6055728676889238,0.0,0.0221625861465837,1.3304479730928451,0.0,0.04795185831006358,0.001018445079849711,0.9965911718928971,2.9466423028310023,2.716578661999211,0.0012882039253675408,0.11260163850920346,0.09998775409720417,-0.09998775409720417,0.45439527614517006,0.3544075220479659,0.04736289726685543,0.6788350202172454,0.6788350202172454,0.7324050570971733,1.4112400773144187,0.10394258767295493,0.3060708315805891,2.952120620030228,2.718173629186011,2.1915138908803815,2.1915138908803815,3.447447162212032e-06,0.16593208628598122,2.3574459771663627,8.973127346161048e-06,0.038951506229824594,5.715679239668278,True,0.3058912356460374,2.3201499460960076,2.3201499460960076,0.2936838059580228,2.6138337520540302,0.8666896866158167,0.030763016366737672,0.00934030003562857,1.6085575808523815,1.6085575808523815,0.0,0.0011081293073291851,0.0,0.0015276676197745667,0.24914779297322429,2.9466423028310023,0.0004736289726685543,0.0010394258767295493,1.0342341486636095e-07,8.973127346161049e-08,0.00038951506229824593,5.715679239668278
4.793182006235926,0.020805760561305675,0.030256659961111116,7075,3.735058848573794,3.735058852308853,3.4136450433370413,3.4136450433370413,0.09539273322509811,3.5090377765621397,0.0,0.02266011051237323,1.484419334856232,0.0013060745084108546,0.11613965285404461,0.005016967070014986,9.828767603488856,6.70464895824815,3.589333690015281,0.0106769617857474,0.11260163850920346,0.3024076702522971,-0.3024076702522971,0.45439527614517006,0.15198760589287294,0.12469172168323887,0.17469868652448217,0.17469868652448217,0.7324050570971733,0.9071037436216555,0.061024195415213936,0.4043969914742679,6.715327771081427,3.5913949469506625,6.659218040464635,6.659218040464635,4.258697795521334e-06,0.16593208628598122,6.825150126750617,1.0091740268720511e-05,0.11348077017548477,15.322901649275126,True,0.4041648905453429,3.692315767726754,3.692315767726754,0.2936838059580228,3.9859995736847766,2.396591003117963,0.010402880280652838,0.006051331992222224,3.735058848573794,3.735058848573794,0.0,0.0011330055256186615,0.0013060745084108546,0.007525450605022479,2.457191900872214,6.70464895824815,0.0012469172168323888,0.0006102419541521393,1.2776093386564e-07,1.0091740268720511e-07,0.0011348077017548479,15.322901649275126
0.25224250986183044,0.38978225753762874,0.08867582157975512,7100,1.0554877329339425,1.0554877339894302,0.6374499196785539,0.6374499196785539,0.09539273322509811,0.732842652903652,0.0,0.03595128833657911,0.7186517155913911,0.0002848408578209165,0.0968772289734102,0.006365955048478336,0.27969976238549316,0.8140325126139787,1.9022375034401855,0.010520709215399035,0.11260163850920346,0.048546092686851394,-0.048546092686851394,0.45439527614517006,0.40584918345831866,0.039534808699352754,0.09196977346446145,0.09196977346446145,0.7324050570971733,0.8243748305616347,0.103017019032993,0.21427481965228107,0.8153108859681117,1.9029456716592155,1.621886751580538,1.621886751580538,1.7310116915600768e-06,0.16593208628598122,1.7878188378665192,1.7667609955716467e-06,0.009946782028341684,2.2913491277029103,True,0.21419507874339647,1.5882687384739964,1.5882687384739964,0.2936838059580228,1.8819525444320193,0.12612125493091522,0.19489112876881437,0.017735164315951023,1.0554877329339425,1.0554877329339425,0.0,0.0017975644168289557,0.0002848408578209165,0.009548932572717505,0.06992494059637329,0.8140325126139787,0.00039534808699352757,0.00103017019032993,5.19303507468023e-08,1.7667609955716467e-08,9.946782028341685e-05,2.2913491277029103
2.7565818658566696,0.0024039663457849914,0.0085228724611164,7125,2.630470953940903,2.630470956571374,2.8656059560237805,2.8656059560237805,0.09539273322509811,2.9609986892488784,0.0,0.0251378192411321,1.8399920215930459,0.0,0.07427640983995204,0.0017556713146319302,4.125965501301373,4.244818438967148,3.0602957163880986,0.002603498078980088,0.11260163850920346,0.2757691438680076,-0.2757691438680076,0.45439527614517006,0.17862613227716245,0.0880529334609931,0.18502167295305316,0.18502167295305316,0.7324050570971733,0.9174267300502265,0.06448686001941148,0.34482579820701126,4.25329264697622,3.0623512423872468,4.727411157878731,4.727411157878731,4.815881379350577e-06,0.16593208628598122,4.893343244164712,1.7974433458973983e-05,0.14627005318924774,9.294857079448322,True,0.3445943425909537,1.981537755335557,1.981537755335557,0.2936838059580228,2.2752215612935798,1.3782909329283348,0.0012019831728924957,0.0017045744922232799,2.630470953940903,2.630470953940903,0.0,0.001256890962056605,0.0,0.0026335069719478953,1.0314913753253432,4.244818438967148,0.000880529334609931,0.0006448686001941148,1.444764413805173e-07,1.7974433458973983e-07,0.0014627005318924775,9.294857079448322
0.4412882716596259,0.2652723477923371,0.07410672302381097,7150,2.243199418962505,2.2431994212057043,2.368148680165003,2.368148680165003,0.09539273322509811,2.463541413390101,0.0,0.031051640260382506,1.800423909099168,0.0,0.072175562523746,0.0023616272660241145,2.6170930363368905,1.1327245273499584,2.0642953196129157,0.0025081639358215634,0.11260163850920346,0.08557775361305076,0.08557775361305076,0.45439527614517006,0.5399730297582208,0.08536173166910019,0.9331765365928849,0.9331765365928849,0.7324050570971733,1.6655815936900582,0.08445343232461952,0.23263026466774134,1.1362662327794388,2.065957894468369,3.629465445315739,3.629465445315739,2.5359162916551597e-06,0.16593208628598122,3.7953975316017203,1.1625104636939172e-05,0.06584111668751469,4.405750637774833,True,0.23244305599824733,2.345299261505631,2.345299261505631,0.2936838059580228,2.638983067463654,0.22064413582981296,0.13263617389616855,0.014821344604762194,2.243199418962505,2.243199418962505,0.0,0.0015525820130191253,0.0,0.003542440899036172,0.6542732590842226,1.1327245273499584,0.0008536173166910019,0.0008445343232461952,7.60774887496548e-08,1.1625104636939172e-07,0.0006584111668751469,4.405750637774833
0.9039751257150975,0.30221181872625424,0.07835283384449288,7175,1.3701923714335689,1.370192372803761,1.215534500105484,1.215534500105484,0.09539273322509811,1.3109272333305821,0.0,0.04749630062062561,1.8786078231908783,0.0004756309823512313,0.10180896564147945,0.004617619679967548,0.6216372038575237,1.824595977689103,2.350776064967507,0.00623283865892948,0.11260163850920346,0.02992784653937547,-0.02992784653937547,0.45439527614517006,0.4244674296057946,0.028985154637563324,0.5811496204929741,0.5811496204929741,0.7324050570971733,1.3135546775901474,0.11685616084696072,0.2648276901513591,1.8276305610086736,2.3518988723305725,2.4534042241463916,2.4534042241463916,2.538790076679994e-06,0.16593208628598122,2.619336310432373,1.1412005145166858e-05,0.10988478753182594,3.9812960159238786,True,0.2647012601913197,1.2457081227335514,1.2457081227335514,0.2936838059580228,1.5393919286915743,0.45198756285754876,0.15110590936312712,0.015670566768898577,1.3701923714335689,1.3701923714335689,0.0,0.0023748150310312806,0.0004756309823512313,0.006926429519951323,0.15540930096438094,1.824595977689103,0.00028985154637563325,0.0011685616084696072,7.616370230039982e-08,1.1412005145166858e-07,0.0010988478753182595,3.9812960159238786
4.695864498265981,0.004504607615833378,0.013369600902928767,7200,10.02549781439541,10.025497824420906,7.842455143883351,7.842455143883351,0.09539273322509811,7.937847877108449,0.0,0.03483624912791514,3.054895280774037,0.0,0.0707290515325089,0.001326077356456453,88.80072632035576,6.589459975558832,3.5669943466160636,0.0018143427142687004,0.11260163850920346,0.1353357538802925,-0.1353357538802925,0.45439527614517006,0.31905952226487755,0.18399861955582045,1.7243355298847454,1.7243355298847454,0.7324050570971733,2.4567405869819186,0.09770790291297402,0.40235437689054776,6.621640076828047,3.5732547632964846,14.48334265247396,14.48334265247396,5.066413637142485e-05,0.16593208628598122,14.64927473875994,2.9001423316317572e-05,0.25247140720130173,41.17707236089077,True,0.40164944365197786,15.109270904932723,15.109270904932723,0.2936838059580228,15.402954710890747,2.3479322491329904,0.002252303807916689,0.0026739201805857536,10.02549781439541,10.02549781439541,0.0,0.0017418124563957573,0.0,0.0019891160346846796,22.20018158008894,6.589459975558832,0.0018399861955582044,0.0009770790291297401,1.5199240911427455e-06,2.9001423316317575e-07,0.0025247140720130175,41.17707236089077
7.3244625788360125,0.09621394233102376,0.047780279011403734,7225,6.920338251835911,6.920338258756249,6.077064289438886,6.077064289438886,0.09539273322509811,6.172457022663984,0.0,0.030618785082329274,2.3837238500455085,0.0001261715897460394,0.09123261277468601,0.003799782968103363,39.78375369441908,9.64956212630607,4.106374434337572,0.006296314833125596,0.11260163850920346,0.36280224035139924,-0.36280224035139924,0.45439527614517006,0.09159303579377082,0.1123995472117568,0.8462375918474588,0.8462375918474588,0.7324050570971733,1.5786426489446321,0.072209260307638,0.46277343613426425,9.671031749721699,4.109828250839859,10.767035264035144,10.767035264035144,2.9833670634249147e-05,0.16593208628598122,10.932967350321125,2.206312594496139e-05,0.24505689514575194,30.247387676096597,True,0.46238453070245844,9.260016511627715,9.260016511627715,0.2936838059580228,9.553700317585738,3.6622312894180062,0.04810697116551188,0.009556055802280748,6.920338251835911,6.920338251835911,0.0,0.0015309392541164638,0.0001261715897460394,0.005699674452155044,9.94593842360477,9.64956212630607,0.001123995472117568,0.00072209260307638,8.950101190274743e-07,2.2063125944961393e-07,0.0024505689514575193,30.247387676096597
0.42715301948963413,0.0214661841827809,0.03324337155070497,7250,0.9716226747094389,0.9716226756810615,0.8159960326383325,0.8159960326383325,0.09539273322509811,0.9113887658634306,0.0,0.03231762314881539,1.7159777612455311,0.0,0.05403984240058758,0.0015332138367033905,0.20772446836493294,1.1100085755214752,2.0535694450398014,0.0015931882060251559,0.11260163850920346,0.0734705121690663,-0.0734705121690663,0.45439527614517006,0.38092476397610375,0.026988611004765937,0.5187777263400314,0.5187777263400314,0.7324050570971733,1.2511827834372047,0.0851283963414368,0.23131910034616396,1.1115772126743035,2.0543136215919358,1.8217569088584433,1.8217569088584433,8.067068397438757e-06,0.16593208628598122,1.9876889951444245,1.3819229923964558e-05,0.06256628218748399,2.3701835584806803,True,0.23123530483961174,0.6790265927990148,0.6790265927990148,0.2936838059580228,0.9727103987570376,0.21357650974481707,0.01073309209139045,0.006648674310140994,0.9716226747094389,0.9716226747094389,0.0,0.0016158811574407694,0.0,0.0022998207550550855,0.051931117091233235,1.1100085755214752,0.00026988611004765935,0.000851283963414368,2.420120519231627e-07,1.3819229923964558e-07,0.0006256628218748399,2.3701835584806803
0.48131759892675935,0.041023375888679214,0.03303057205682483,7275,2.7747611166489605,2.774761119423722,3.9749711246078725,3.9749711246078725,0.09539273322509811,4.07036385783297,0.0,0.02644113159546114,3.0958553166690925,0.0,0.048376907665993625,0.000473243541264572,4.856286660404484,1.1963340521181272,2.09377056648921,0.0005661673738704819,0.11260163850920346,0.10672195487324454,0.10672195487324454,0.45439527614517006,0.5611172310184146,0.2342668807428945,1.624545615337361,1.624545615337361,0.7324050570971733,2.356950672434534,0.1330042379677008,0.23612419022892822,1.2033804221817705,2.096986974481361,4.441419290432805,4.441419290432805,2.973452100498326e-05,0.16593208628598122,4.607351376718786,3.8159647888769054e-05,0.18419238501533186,5.46049126624833,True,0.2357620173867338,0.5651172997432481,0.5651172997432481,0.2936838059580228,0.8588011057012709,0.24065879946337967,0.020511687944339607,0.006606114411364966,2.7747611166489605,2.7747611166489605,0.0,0.001322056579773057,0.0,0.000709865311896858,1.214071665101121,1.1963340521181272,0.0023426688074289453,0.0013300423796770082,8.920356301494978e-07,3.8159647888769054e-07,0.0018419238501533187,5.46049126624833
1.5463888927639806,0.027744894439467926,0.0358822720746988,7300,1.9758920713814978,1.97589207335739,2.1942814729003173,2.1942814729003173,0.09539273322509811,2.289674206125415,0.0,0.01084995416900401,1.4900398433094661,0.0,0.05022528021587451,0.0008681765753322879,1.8669659488883916,2.701219979616893,2.643538858566141,0.0012347101724275531,0.11260163850920346,0.05744093585336729,-0.05744093585336729,0.45439527614517006,0.39695434029180277,0.054017481050062204,0.802948273184298,0.802948273184298,0.7324050570971733,1.5353533302814713,0.03179736851321054,0.29792167255248264,2.7086643905160392,2.645802050829941,3.4256213451605295,3.4256213451605295,6.861473696994817e-07,0.16593208628598122,3.5915534314465107,8.087868710557139e-06,0.09260996935765192,5.941725998460919,True,0.2976668333726855,1.524129015053663,1.524129015053663,0.2936838059580228,1.8178128210116857,0.7731944463819903,0.013872447219733963,0.007176454414939761,1.9758920713814978,1.9758920713814978,0.0,0.0005424977084502006,0.0,0.0013022648629984319,0.4667414872220979,2.701219979616893,0.0005401748105006221,0.00031797368513210544,2.058442109098445e-08,8.087868710557139e-08,0.0009260996935765192,5.941725998460919
1.1565461801905719,0.004254493435418394,0.018035235063778948,7325,0.7337994248468985,0.7337994255806979,0.855263522015965,0.855263522015965,0.09539273322509811,0.9506562552410631,0.0,0.013755458235798938,0.7407399218293156,0.0,0.05739265205798733,0.0009739565059488011,0.03918893999734904,2.17688887663308,2.4754283705531352,0.0019889328946399005,0.11260163850920346,0.13513107767795762,-0.13513107767795762,0.45439527614517006,0.31926419846721243,0.03155178339244259,0.3460042356627909,0.3460042356627909,0.7324050570971733,1.0784092927599642,0.032944148079794115,0.27883751938812323,2.179515633094562,2.4763182695796195,1.269724524814582,1.269724524814582,9.640190361016605e-07,0.16593208628598122,1.4356566111005633,1.7120073265563895e-06,0.022051732882492635,3.5075071506599715,True,0.27873731529073437,0.4589690454214137,0.4589690454214137,0.2936838059580228,0.7526528513794365,0.5782730900952859,0.002127246717709197,0.00360704701275579,0.7337994248468985,0.7337994248468985,0.0,0.0006877729117899469,0.0,0.0014609347589232017,0.00979723499933726,2.17688887663308,0.00031551783392442595,0.00032944148079794115,2.8920571083049814e-08,1.7120073265563894e-08,0.00022051732882492637,3.5075071506599715
0.1669380500486528,0.34959396404149146,0.0837351425835128,7350,1.528601726579475,1.5286017281080768,1.5009803853382286,1.5009803853382286,0.09539273322509811,1.5963731185633268,0.0,0.05179177670336791,1.40463757891812,0.00026411740933639027,0.09625168943022203,0.006376613430862469,0.872124200960952,0.6538024745905991,1.808580530677433,0.011002885462508022,0.11260163850920346,0.08631908721052922,-0.08631908721052922,0.45439527614517006,0.36807618893464084,0.11688413335753649,0.2380374534729746,-0.2380374534729746,0.7324050570971733,0.4943676036241987,0.15731689603516688,0.2037079796397587,0.6546476576650896,1.8091029957088836,2.682700170774906,2.682700170774906,5.040236217650315e-06,0.16593208628598122,2.848632257060887,5.684017763115301e-06,0.039382805976543325,2.6910029597638423,True,0.20364914921592897,1.4728139999186691,1.4728139999186691,0.2936838059580228,1.766497805876692,0.0834690250243264,0.17479698202074573,0.016747028516702563,1.528601726579475,1.528601726579475,0.0,0.0025895888351683957,0.00026411740933639027,0.009564920146293704,0.218031050240238,0.6538024745905991,0.001168841333575365,0.0015731689603516689,1.5120708652950944e-07,5.6840177631153013e-08,0.00039382805976543325,2.6910029597638423
2.3577782781984253,0.15644922605298572,0.06023390701472609,7375,5.514767276227726,5.514767281742493,3.9848537352268574,3.9848537352268574,0.09539273322509811,4.080246468451955,0.0,0.03258128676737744,2.3495122890939886,0.0,0.07123489343077889,0.0009255810092892349,24.201525474071328,3.7461829745615542,2.9355058704539116,0.002439434560972938,0.11260163850920346,0.1060938692140328,-0.1060938692140328,0.45439527614517006,0.34830140693113726,0.07521980992697767,0.9217402958673774,0.9217402958673774,0.7324050570971733,1.6541453529645507,0.0941515670018759,0.33082733648113727,3.7559711279216024,2.938032798463845,8.977106880221626,8.977106880221626,1.281393060758492e-05,0.16593208628598122,9.143038966507607,1.5858370370436346e-05,0.09458043532040293,16.58614964981218,True,0.3305428002215547,7.398305383444445,7.398305383444445,0.2936838059580228,7.6919891894024675,1.1788891390992127,0.07822461302649286,0.012046781402945218,5.514767276227726,5.514767276227726,0.0,0.0016290643383688721,0.0,0.0013883715139338523,6.050381368517832,3.7461829745615542,0.0007521980992697768,0.000941515670018759,3.844179182275476e-07,1.5858370370436348e-07,0.0009458043532040294,16.58614964981218
0.22751998497756148,0.017358304004253977,0.02343147533066877,7400,1.0366202330339878,1.0366202340706079,0.972927245564452,0.972927245564452,0.09539273322509811,1.06831997878955,0.0,0.03643803369650185,0.8046270317996421,0.0,0.06371057362114045,0.002417491898781275,0.2366521494282099,0.7691124251354337,1.8769905501973403,0.00368862201943333,0.11260163850920346,0.04628850603387924,0.04628850603387924,0.45439527614517006,0.5006837821790493,0.051033867320239824,0.8894484913862165,0.8894484913862165,0.7324050570971733,1.6218535484833898,0.08381908830818278,0.2114901062322666,0.7712616014734754,1.8782150086815161,1.715090299699579,1.715090299699579,5.678472559779065e-07,0.16593208628598122,1.8810223859855602,3.312842817752749e-06,0.01725955241488792,1.9989904498607913,True,0.2113522301884173,0.8315793062106115,0.8315793062106115,0.2936838059580228,1.1252631121686343,0.11375999248878074,0.008679152002126989,0.004686295066133754,1.0366202330339878,1.0366202330339878,0.0,0.0018219016848250926,0.0,0.0036262378481719125,0.05916303735705247,0.7691124251354337,0.0005103386732023983,0.0008381908830818279,1.7035417679337196e-08,3.312842817752749e-08,0.00017259552414887922,1.9989904498607913
0.882939945593838,0.017497271508838064,0.029333578767122864,7425,2.0955270749937918,2.0955270770893186,2.1729579356948845,2.1729579356948845,0.09539273322509811,2.268350668919983,0.0,0.02864882943172209,2.445746438264351,0.0,0.06486364289826331,0.0007064859075271308,2.3653460502138333,1.7946590189051757,2.339648841639172,0.000842903929066318,0.11260163850920346,0.25446580933399354,-0.25446580933399354,0.45439527614517006,0.19992946681117651,0.09699276794457617,0.1504615666107414,0.1504615666107414,0.7324050570971733,0.8828666237079147,0.07654905513523626,0.2635761771056122,1.7977026848995326,2.3407843543611078,4.016378901234246,4.016378901234246,1.3350565805770745e-05,0.16593208628598122,4.182310987520228,2.8076214931825915e-05,0.12444968826323523,4.94308069748262,True,0.2634483165012191,1.0078350332998802,1.0078350332998802,0.2936838059580228,1.301518839257903,0.441469972796919,0.008748635754419032,0.005866715753424573,2.0955270749937918,2.0955270749937918,0.0,0.0014324414715861046,0.0,0.0010597288612906961,0.5913365125534583,1.7946590189051757,0.0009699276794457618,0.0007654905513523626,4.0051697417312234e-07,2.807621493182592e-07,0.0012444968826323523,4.94308069748262
0.4798128020217055,0.026169622558238292,0.026121960410741867,7450,1.9986276538369965,1.9986276558356242,1.8123512164275741,1.8123512164275741,0.09539273322509811,1.9077439496526722,0.0,0.026161808055945146,1.8281139920373886,0.0,0.0470462670864406,0.0013003136133533252,1.922122761945452,1.193960971100961,2.0926852113490697,0.00153795077034228,0.11260163850920346,0.06803309776538802,0.06803309776538802,0.45439527614517006,0.5224283739105581,0.060250691277461285,0.6523078748843879,0.6523078748843879,0.7324050570971733,1.3847129319815612,0.09747513880542753,0.23578528050935404,1.1967860334556135,2.0939771631325828,3.0861531023308384,3.0861531023308384,1.2404537394110887e-05,0.16593208628598122,3.2520851886168196,1.1068101413025297e-05,0.1199663012724132,3.937370884749957,True,0.23563980460873607,2.5948931701737745,2.5948931701737745,0.2936838059580228,2.888576976131797,0.23990640101085275,0.013084811279119146,0.005224392082148374,1.9986276538369965,1.9986276538369965,0.0,0.0013080904027972574,0.0,0.0019504704200299877,0.480530690486363,1.193960971100961,0.0006025069127746129,0.0009747513880542754,3.721361218233266e-07,1.1068101413025298e-07,0.001199663012724132,3.937370884749957
1.1352836978970822,0.22067579852376262,0.06827233288515784,7475,2.9752872699477693,2.9752872729230564,3.526211154827277,3.526211154827277,0.09539273322509811,3.6216038880523755,0.0,0.038567116286188176,2.089984461964745,8.868997605227011e-05,0.08941753556150812,0.003050177625436781,5.521177740108625,2.14768123816461,2.4654969253344103,0.004519604573720411,0.11260163850920346,0.04522840396155481,-0.04522840396155481,0.45439527614517006,0.40916687218361525,0.1282551445748736,0.5371793554544325,0.5371793554544325,0.7324050570971733,1.2695844125516058,0.10387546512105827,0.27796408883062057,2.1566727354088546,2.4685614510155354,4.873892732882284,4.873892732882284,1.8098033877462137e-05,0.16593208628598122,5.039824819168266,2.6752887440134532e-05,0.13397082248353837,7.205151294947191,True,0.2776190181870271,2.7896360037766903,2.7896360037766903,0.2936838059580228,3.083319809734713,0.5676418489485411,0.11033789926188131,0.013654466577031569,2.9752872699477693,2.9752872699477693,0.0,0.0019283558143094088,8.868997605227011e-05,0.004575266438155172,1.3802944350271562,2.14768123816461,0.0012825514457487361,0.0010387546512105827,5.42941016323864e-07,2.6752887440134534e-07,0.0013397082248353836,7.205151294947191
0.052913175807905104,0.016900585999678808,0.021775771521487262,7500,1.0925082249926197,1.092508226085128,1.5091885017963307,1.5091885017963307,0.09539273322509811,1.6045812350214288,0.0,0.03437548518216933,2.4573518876012663,0.0,0.04777114097844585,0.0004041251129063068,0.2156013979995302,0.3969360888297873,1.6300286412773528,0.001064719227501077,0.11260163850920346,0.06226318774336714,-0.06226318774336714,0.45439527614517006,0.3921320884018029,0.05238662197352861,0.26955409737038233,-0.26955409737038233,0.7324050570971733,0.46285095972679097,0.10654671781852719,0.18363542865461463,0.3979608557916296,1.6308413871898622,1.6372046873166273,1.6372046873166273,1.7092252540994405e-05,0.16593208628598122,1.8031367736026085,1.8969035522320715e-05,0.33676519280037487,1.5898893482427026,True,0.18354391212504698,0.9660465217759698,0.9660465217759698,0.2936838059580228,1.2597303277339926,0.026456587903952552,0.008450292999839404,0.004355154304297453,1.0925082249926197,1.0925082249926197,0.0,0.0017187742591084666,0.0,0.0006061876693594602,0.05390034949988255,0.3969360888297873,0.0005238662197352862,0.001065467178185272,5.127675762298321e-07,1.8969035522320715e-07,0.0033676519280037487,1.5898893482427026
3.6881732126793163,0.026490632467897623,0.045799814939256916,7525,2.496061241877892,2.496061244373953,2.28572717716973,2.28572717716973,0.09539273322509811,2.3811199103948284,0.0,0.01506485901127302,2.8292898882452353,0.0,0.06669083103097319,0.0014339913958354416,3.567769114920613,5.384542587574156,3.3204617186185503,0.0030640519455302035,0.11260163850920346,0.3987653519053507,-0.3987653519053507,0.45439527614517006,0.0556299242398194,0.05881889487931447,0.19097170992357837,-0.19097170992357837,0.7324050570971733,0.5414333471735949,0.051453178979723214,0.37401406162830964,5.389679182394779,3.3215682592581204,3.413507031283136,3.413507031283136,2.6236296233113303e-05,0.16593208628598122,3.5794391175691174,2.0840123305797732e-05,0.25162929260326794,10.645562232942718,True,0.37388946332815165,3.752272071343601,3.752272071343601,0.2936838059580228,4.0459558773016235,1.8440866063396582,0.013245316233948812,0.009159962987851383,2.496061241877892,2.496061241877892,0.0,0.0007532429505636511,0.0,0.0021509870937531624,0.8919422787301533,5.384542587574156,0.0005881889487931448,0.0005145317897972321,7.87088886993399e-07,2.0840123305797733e-07,0.0025162929260326796,10.645562232942718
0.6274825253361382,0.26827652461319706,0.07507548888080154,7550,3.1583180896147667,3.1583180927730847,3.699026351305351,3.699026351305351,0.09539273322509811,3.794419084530449,0.0,0.027643960328167367,3.924235422472555,0.00100171894805707,0.11164994388710776,0.004446885969228405,6.406068960750417,1.4211928820568787,2.192137945900926,0.007084639255486851,0.11260163850920346,0.30816680258168055,-0.30816680258168055,0.45439527614517006,0.1462284735634895,0.24775482372498042,0.18739896759104957,-0.18739896759104957,0.7324050570971733,0.5450060895061237,0.09103989138206345,0.2469873477737296,1.424349651014352,2.1934612063298715,5.008800925300664,5.008800925300664,3.9760313001663724e-05,0.16593208628598122,5.174733011586644,5.786221366666998e-05,0.42100284705874935,6.66057682758157,True,0.2468383464680233,3.312687438844375,3.312687438844375,0.2936838059580228,3.6063712448023977,0.3137412626680691,0.13413826230659853,0.015015097776160308,3.1583180896147667,3.1583180896147667,0.0,0.0013821980164083684,0.00100171894805707,0.006670328953842608,1.6015172401876043,1.4211928820568787,0.0024775482372498044,0.0009103989138206345,1.1928093900499116e-06,5.786221366666998e-07,0.004210028470587494,6.66057682758157
1.334676800111798,0.01045497280295371,0.016320471194963937,7575,1.0924311615636408,1.092431162656072,0.8002957903659486,0.8002957903659486,0.09539273322509811,0.8956885235910467,0.0,0.03361664617184375,1.1238172495758412,3.077691606051566e-05,0.08554769466179563,0.0030123067419516526,0.3182501364838618,2.4189025041860517,2.5552821300928175,0.005784935782102769,0.11260163850920346,0.19826831650944626,-0.19826831650944626,0.45439527614517006,0.2561269596357238,0.03843496059385899,0.0782944250169394,0.0782944250169394,0.7324050570971733,0.8106994821141127,0.08300956504455136,0.2878069476886141,2.42105679502558,2.5559745483219127,1.3583263744100635,1.3583263744100635,1.0937634892093468e-06,0.16593208628598122,1.5242584606960448,5.582044720640841e-06,0.03194224366262119,4.2744902062309675,True,0.2877289802545601,1.8536625884704092,1.8536625884704092,0.2936838059580228,2.147346394428432,0.667338400055899,0.005227486401476855,0.0032640942389927877,1.0924311615636408,1.0924311615636408,0.0,0.0016808323085921876,3.077691606051566e-05,0.004518460112927479,0.07956253412096545,2.4189025041860517,0.00038434960593858986,0.0008300956504455136,3.28129046762804e-08,5.582044720640841e-08,0.0003194224366262119,4.2744902062309675
1.6233739421383484,0.003953645571525111,0.009903209880689677,7600,2.713860953186963,2.7138609559008238,3.001237925308394,3.001237925308394,0.09539273322509811,3.0966306585334924,0.0,0.01742562978113224,2.6277793078747598,0.0,0.06696054047016857,0.0009860989557479599,4.392957564115314,2.8026674832581486,2.674116926399751,0.0013506779447077213,0.11260163850920346,0.046053959320331184,0.046053959320331184,0.45439527614517006,0.5004492354655012,0.08053828896708409,1.5091828748984932,1.5091828748984932,0.7324050570971733,2.2415879319956664,0.043311110177359384,0.30145320089798594,2.812882692425735,2.6771650760809846,4.542906217457054,4.542906217457054,1.047559383539154e-05,0.16593208628598122,4.708838303743035,1.2713204285148549e-05,0.13603441098305416,7.435361972728826,True,0.30110997421897623,2.2136003563966384,2.2136003563966384,0.2936838059580228,2.507284162354661,0.8116869710691742,0.0019768227857625553,0.0019806419761379357,2.713860953186963,2.713860953186963,0.0,0.0008712814890566121,0.0,0.0014791484336219398,1.0982393910288284,2.8026674832581486,0.0008053828896708409,0.00043311110177359386,3.1426781506174614e-07,1.271320428514855e-07,0.0013603441098305417,7.435361972728826
5.557336694342774,0.020798315838305492,0.022266004077842065,7625,6.655200176820841,6.655200183476041,6.777897476433781,6.777897476433781,0.09539273322509811,6.873290209658879,0.0,0.048072366641961004,2.7299593432790243,0.0001580658350993907,0.09257242359688023,0.0011917576789224553,36.349400908053084,7.603257022559046,3.7574004102703413,0.0018624557998963044,0.11260163850920346,0.12825707543053166,0.12825707543053166,0.45439527614517006,0.5826523515757017,0.22979223445625813,2.026117174548239,2.026117174548239,0.7324050570971733,2.7585222316454123,0.14049384738798087,0.42356374695748006,7.626502540882672,3.7616123082146546,10.887163511713666,10.887163511713666,8.912946754855958e-05,0.16593208628598122,11.053095597999647,2.2422479868554235e-05,0.471420685154482,26.15209741876366,True,0.42308948030559784,7.270943762433008,7.270943762433008,0.2936838059580228,7.564627568391031,2.778668347171387,0.010399157919152746,0.004453200815568413,6.655200176820841,6.655200176820841,0.0,0.00240361833209805,0.0001580658350993907,0.0017876365183836828,9.087350227013271,7.603257022559046,0.002297922344562581,0.0014049384738798088,2.6738840264567873e-06,2.2422479868554235e-07,0.00471420685154482,26.15209741876366
0.2125166859162306,0.13011778165054444,0.055009018766934197,7650,3.055148170600696,3.0551481736558443,2.5362326036745984,2.5362326036745984,0.09539273322509811,2.6316253368996962,0.0,0.05914508693688797,2.4710335936979235,0.0,0.06369908600916209,0.0024892263372657706,6.295068198763968,0.7413129426575206,1.8609953209266126,0.003540614994936922,0.11260163850920346,0.147716634306931,-0.147716634306931,0.45439527614517006,0.30667864183823906,0.18374168072093383,0.12298447260173395,0.12298447260173395,0.7324050570971733,0.8553895296989072,0.16364026287945624,0.20985801652158081,0.7460133454493839,1.8637206408610274,6.1108850083998885,6.1108850083998885,1.6567750744258937e-05,0.16593208628598122,6.27681709468587,3.269539542575356e-05,0.18773593012474982,5.5645902970624554,True,0.2095511410042507,1.6903594365053167,1.6903594365053167,0.2936838059580228,1.9840432424633396,0.1062583429581153,0.06505889082527222,0.01100180375338684,3.055148170600696,3.055148170600696,0.0,0.0029572543468443986,0.0,0.003733839505898656,1.573767049690992,0.7413129426575206,0.0018374168072093384,0.0016364026287945623,4.970325223277681e-07,3.269539542575356e-07,0.0018773593012474982,5.5645902970624554
3.354237458399233,0.0008269405993387435,0.013217574498229119,7675,4.460526915008343,4.46052691946887,5.765470554309682,5.765470554309682,0.09539273322509811,5.86086328753478,0.0,0.026476751416825088,2.0339083062849044,1.7660179459410992e-05,0.08420240162995055,0.0012074955807676354,14.823069887287309,4.979403651489801,3.2314577413632106,0.0019286769295646304,0.11260163850920346,0.17806274884313722,-0.17806274884313722,0.45439527614517006,0.27633252730203284,0.24459186583834963,0.7507945422844481,0.7507945422844481,0.7324050570971733,1.4831995993816214,0.08384873668412111,0.36425404024093344,4.9947370234323625,3.2348908303164077,7.6264578606908735,7.6264578606908735,1.447118452651403e-05,0.16593208628598122,7.792389946976855,2.164129267002357e-05,0.09952626909138634,14.833306813104954,True,0.3638674687653247,2.7354328717365597,2.7354328717365597,0.2936838059580228,3.0291166776945824,1.6771187291996166,0.00041347029966937177,0.002643514899645824,4.460526915008343,4.460526915008343,0.0,0.0013238375708412545,1.7660179459410992e-05,0.001811243371151453,3.705767471821827,4.979403651489801,0.002445918658383496,0.0008384873668412111,4.3413553579542085e-07,2.164129267002357e-07,0.0009952626909138635,14.833306813104954
7.744382677825381,0.0879392830472353,0.06474036783919414,7700,3.521032573290565,3.521032576811598,2.405240457919607,2.405240457919607,0.09539273322509811,2.5006331911447055,0.0,0.023797751207563132,1.8703337205702568,5.6907262922803106e-05,0.08754369027219458,0.002832111987772825,8.62761355654997,10.130681155974312,4.182873097686163,0.004612206623762746,0.11260163850920346,0.42464458607955813,-0.42464458607955813,0.45439527614517006,0.029750690065611953,0.08001290488315492,0.05526431091485229,0.05526431091485229,0.7324050570971733,0.7876693680120256,0.1532906166272589,0.4711341223102278,10.138355086465136,4.184078373166266,6.005455793100477,6.005455793100477,3.478834431674361e-06,0.16593208628598122,6.171387879386459,1.6669722732384325e-05,0.0967283647221339,19.74652172513606,True,0.4709984063042604,4.467022937370887,4.467022937370887,0.2936838059580228,4.760706743328909,3.8721913389126903,0.04396964152361765,0.012948073567838829,3.521032573290565,3.521032573290565,0.0,0.0011898875603781568,5.6907262922803106e-05,0.004248167981659237,2.1569033891374927,10.130681155974312,0.0008001290488315492,0.0015329061662725891,1.0436503295023083e-07,1.6669722732384325e-07,0.0009672836472213391,19.74652172513606
1.7934834399626363,0.0005549797959294445,0.01843182257944117,7725,1.7966262101366648,1.796626211933291,2.0120896958254617,2.0120896958254617,0.09539273322509811,2.10748242905056,0.0,0.07686074043916916,1.3840382762186496,0.0,0.06223934818129771,0.0017664574603808835,1.4434365341719078,3.024851444700545,2.7392100059223856,0.0022366772132085006,0.11260163850920346,0.1719588460625034,-0.1719588460625034,0.45439527614517006,0.28243643008266667,0.11270758942166768,0.29280627182481866,0.29280627182481866,0.7324050570971733,1.025211328921992,0.21641746832034095,0.30887874594923614,3.0384336457301964,2.7431103366483134,3.2105289029975226,3.2105289029975226,6.7017932763487935e-06,0.16593208628598122,3.376460989283504,8.116144647578171e-06,0.03426503855634905,6.093169269166116,True,0.3084395622797656,1.2915194882154362,1.2915194882154362,0.2936838059580228,1.5852032941734588,0.8967417199813181,0.00027748989796472223,0.003686364515888234,1.7966262101366648,1.7966262101366648,0.0,0.003843037021958458,0.0,0.0026496861905713253,0.36085913354297694,3.024851444700545,0.0011270758942166768,0.0021641746832034097,2.010537982904638e-07,8.116144647578171e-08,0.0003426503855634905,6.093169269166116
0.4152626532604633,0.6477560693072804,0.1148652086934071,7750,0.5979126066590554,0.597912607256968,0.7905592810132357,0.7905592810132357,0.09539273322509811,0.8859520142383338,0.0,0.037647688227454554,1.616700099098548,0.0012601592106571372,0.11549872125383022,0.007507614638878582,0.0015231373826076343,1.0907896633061993,2.04440876255717,0.01360473388375627,0.11260163850920346,0.23009574983689898,-0.23009574983689898,0.45439527614517006,0.22429952630827107,0.02482631152429992,0.2618815604028007,-0.2618815604028007,0.7324050570971733,0.4705234966943726,0.11390990160917809,0.23025174923252317,1.0916793848547794,2.0448346208155526,0.9213358168229979,0.9213358168229979,1.2325020721049107e-06,0.16593208628598122,1.0872679031089791,8.732258005368267e-06,0.06982501891405374,2.260055159531925,True,0.23020379689059803,0.4383238068540781,0.4383238068540781,0.2936838059580228,0.7320076128121009,0.20763132663023165,0.3238780346536402,0.02297304173868142,0.5979126066590554,0.5979126066590554,0.0,0.0018823844113727277,0.0012601592106571372,0.011261421958317874,0.0003807843456519086,1.0907896633061993,0.0002482631152429992,0.0011390990160917809,3.697506216314732e-08,8.732258005368268e-08,0.0006982501891405374,2.260055159531925
0.23373623454443582,0.009890708077136101,0.01565754275073653,7775,0.6400203550048994,0.6400203556449198,0.8965946753959163,0.8965946753959163,0.09539273322509811,0.9919874086210144,0.0,0.01752387426115228,1.504219297543374,0.0,0.029708705641978302,0.0003601098562021761,0.03217253887699768,0.7805064377768446,1.8834627540405111,0.000882726425569904,0.11260163850920346,0.039510904740189645,-0.039510904740189645,0.45439527614517006,0.4148843714049804,0.033902604979428486,0.6685695766920773,0.6685695766920773,0.7324050570971733,1.4009746337892506,0.057047660355780176,0.2121542345952226,0.7816558724216123,1.884113042784469,0.8431253660359921,0.8431253660359921,2.1624618371826156e-06,0.16593208628598122,1.0090574523219733,6.4393220027244684e-06,0.04263374439586689,1.5562672352236737,True,0.21208101101064594,0.2912756305048564,0.2912756305048564,0.2936838059580228,0.5849594364628792,0.11686811727221791,0.0049453540385680506,0.003131508550147306,0.6400203550048994,0.6400203550048994,0.0,0.000876193713057614,0.0,0.0005401647843032641,0.00804313471924942,0.7805064377768446,0.0003390260497942849,0.0005704766035578018,6.487385511547847e-08,6.439322002724469e-08,0.0004263374439586689,1.5562672352236737
1.612983744648222,0.020021354545961434,0.021872096383610103,7800,4.097479446917479,4.097479451014959,3.7883757595485346,3.7883757595485346,0.09539273322509811,3.8837684927736325,0.0,0.034494326213901014,3.7298404952338142,0.00012572161142439562,0.09121256489053221,0.0010842991372526382,12.282642435227501,2.7890101205730113,2.670032969905987,0.002664241413272538,0.11260163850920346,0.2051447078633808,-0.2051447078633808,0.45439527614517006,0.24925056828178926,0.18430653977809602,0.16052606091976063,0.16052606091976063,0.7324050570971733,0.8929311180169339,0.1299688034310865,0.3009741755492055,2.7986309355271977,2.6729109167935983,7.526690940174452,7.526690940174452,3.116149470132343e-05,0.16593208628598122,7.692623026460434,4.7386253674212e-05,0.285711921223934,10.787505313150886,True,0.3006501139853386,3.588310031980423,3.588310031980423,0.2936838059580228,3.8819938379384458,0.806491872324111,0.010010677272980717,0.00437441927672202,4.097479446917479,4.097479446917479,0.0,0.0017247163106950507,0.00012572161142439562,0.0016264487058789572,3.0706606088068753,2.7890101205730113,0.0018430653977809604,0.001299688034310865,9.348448410397029e-07,4.7386253674212e-07,0.0028571192122393402,10.787505313150886
1.4499011551142842,0.01632980030632558,0.019626751316370702,7825,4.285824754261343,4.285824758547168,4.67522595748288,4.67522595748288,0.09539273322509811,4.770618690707978,0.0,0.029966267790763012,3.3028715883135003,0.00010495950955820108,0.09024497484419562,0.0019475901782275468,13.434026627273013,2.5731958863742146,2.604118414074913,0.0036889582969487425,0.11260163850920346,0.14486267528342062,-0.14486267528342062,0.45439527614517006,0.30953260086174944,0.1565590832541897,0.5257598645364515,0.5257598645364515,0.7324050570971733,1.2581649216336248,0.07984924220397407,0.29347625039495073,2.5802731251870012,2.606322858327989,7.176915935243981,7.176915935243981,8.129919125139942e-05,0.16593208628598122,7.342848021529963,1.8068380291358795e-05,0.4022080834372416,10.965481567342321,True,0.2932280263380077,4.263590104589218,4.263590104589218,0.2936838059580228,4.557273910547241,0.7249505775571421,0.00816490015316279,0.0039253502632741405,4.285824754261343,4.285824754261343,0.0,0.0014983133895381507,0.00010495950955820108,0.0029213852673413204,3.3585066568182533,2.5731958863742146,0.0015655908325418971,0.0007984924220397408,2.4389757375419828e-06,1.8068380291358795e-07,0.004022080834372417,10.965481567342321
0.18860270945600685,0.00013897111479532764,0.010708278642701127,7850,1.3463835057415372,1.3463835070879207,1.3097486589412248,1.3097486589412248,0.09539273322509811,1.405141392166323,0.0,0.025438151831321597,1.1509644221446773,0.0,0.03263743871304373,0.0003366197561496771,0.6568659089185875,0.6960300170353684,1.834284134474202,0.0007560161671572123,0.11260163850920346,0.07512765657708687,0.07512765657708687,0.45439527614517006,0.5295229327222569,0.026318214041826642,0.7695387811856399,0.7695387811856399,0.7324050570971733,1.5019438382828132,0.06996435521214073,0.206626677952068,0.6972643463904648,1.835023560380463,2.5276565237832966,2.5276565237832966,3.915862903026087e-06,0.16593208628598122,2.693588610069278,5.314013914073854e-06,0.07766016640180946,2.306658931218869,True,0.20654341737607257,0.6011818264367313,0.6011818264367313,0.2936838059580228,0.8948656323947541,0.09430135472800343,6.948555739766382e-05,0.0021416557285402252,1.3463835057415372,1.3463835057415372,0.0,0.00127190759156608,0.0,0.0005049296342245157,0.16421647722964688,0.6960300170353684,0.0002631821404182664,0.0006996435521214073,1.174758870907826e-07,5.314013914073854e-08,0.0007766016640180947,2.306658931218869
2.4802875339304635,0.054291979743369856,0.06251738343437065,7875,3.307622772134546,3.307622775442169,2.3813565243708883,2.3813565243708883,0.09539273322509811,2.4767492575959866,0.0,0.03355938986168193,1.583002377783853,0.0010980330581243146,0.11313658187146518,0.0049285231501942405,7.380684089945925,3.9002018253469455,2.9748928642706027,0.005026394140347659,0.11260163850920346,0.33288712280094535,-0.33288712280094535,0.45439527614517006,0.12150815334422471,0.09149171711046031,0.4700822048727053,-0.4700822048727053,0.7324050570971733,0.262322852224468,0.08428735919513906,0.3350694140652468,3.903414654158357,2.975706115331518,4.825987079871853,4.825987079871853,1.2218211960787354e-05,0.16593208628598122,4.9919191661578335,1.0417519143038769e-05,0.14368251563703585,10.346152727409242,True,0.3349778406551359,5.040738122140472,5.040738122140472,0.2936838059580228,5.334421928098495,1.2401437669652318,0.027145989871684928,0.01250347668687413,3.307622772134546,3.307622772134546,0.0,0.0016779694930840966,0.0010980330581243146,0.007392784725291361,1.8451710224864812,3.9002018253469455,0.000914917171104603,0.0008428735919513906,3.665463588236206e-07,1.041751914303877e-07,0.0014368251563703586,10.346152727409242
1.9588248529355508,0.00507342285098511,0.03423885102768035,7900,2.433194689170612,2.4331946916038065,3.416020734583668,3.416020734583668,0.09539273322509811,3.511413467808766,0.0,0.04362101977534908,2.4604000489694755,0.0,0.07479459959082364,0.0019883522057088363,3.2605508521868947,3.238489046289412,2.7995802416923263,0.005031917588599541,0.11260163850920346,0.08846542267174351,-0.08846542267174351,0.45439527614517006,0.36592985347342655,0.14160441366297277,1.1013649143450843,1.1013649143450843,0.7324050570971733,1.8337699714422577,0.1425835016344635,0.31550117332713445,3.2469272830593017,2.8019232178589912,3.71567990491824,3.71567990491824,1.8265795548136808e-06,0.16593208628598122,3.8816119912042213,1.600029282062709e-05,0.15028601426052757,7.485126889998777,True,0.3152373503483502,1.704663138501889,1.704663138501889,0.2936838059580228,1.9983469444599118,0.9794124264677754,0.002536711425492555,0.00684777020553607,2.433194689170612,2.433194689170612,0.0,0.002181050988767454,0.0,0.0029825283085632547,0.8151377130467237,3.238489046289412,0.0014160441366297277,0.0014258350163446351,5.479738664441042e-08,1.600029282062709e-07,0.0015028601426052756,7.485126889998777
0.10759659118376746,0.01067372912725073,0.01964282854179285,7925,0.7950942074099057,0.7950942082049999,1.012768978834814,1.012768978834814,0.09539273322509811,1.108161712059912,0.0,0.01747285880417184,1.0763968889414606,0.0,0.06211077575339969,0.0022346686264112766,0.09422791174013159,0.5300119458366748,1.7280191933161342,0.0035083838528502226,0.11260163850920346,0.0833018935658949,0.0833018935658949,0.45439527614517006,0.537697169711065,0.0491502329300523,0.8653418121206197,0.8653418121206197,0.7324050570971733,1.597746869217793,0.04092867866452728,0.1946965683224759,0.5315487100701389,1.729073871476779,1.1536602839065084,1.1536602839065084,3.836017124683717e-06,0.16593208628598122,1.3195923701924896,4.224954240523121e-06,0.08132245783209624,1.4176666739496293,True,0.19457780982294065,0.22019374917662682,0.22019374917662682,0.2936838059580228,0.5138775551346496,0.05379829559188373,0.005336864563625365,0.003928565708358571,0.7950942074099057,0.7950942074099057,0.0,0.0008736429402085921,0.0,0.003352002939616915,0.023556977935032898,0.5300119458366748,0.000491502329300523,0.00040928678664527276,1.1508051374051149e-07,4.2249542405231213e-08,0.0008132245783209624,1.4176666739496293
4.732531397007467,0.012615786907393733,0.024223458537489726,7950,6.0486482553242595,6.048648261372907,6.174082652103429,6.174082652103429,0.09539273322509811,6.269475385328527,0.0,0.03405615083594937,2.5533858211716702,6.1972258902152e-05,0.08787224611544583,0.002027597400241737,29.529163580661724,6.632881963440787,3.5754382080416502,0.004317088527217157,0.11260163850920346,0.3294768300173683,-0.3294768300173683,0.45439527614517006,0.12491844612780174,0.24105300837972532,0.012871801898567403,0.012871801898567403,0.7324050570971733,0.7452768589957407,0.09653950184590013,0.40285648258112516,6.644608929505146,3.5777138959754913,10.206979251732855,10.206979251732855,3.314085093970097e-05,0.16593208628598122,10.372911338018836,2.2902658631704197e-05,0.11010525726613511,22.450523774423495,True,0.4026002363682822,6.3655546689927665,6.3655546689927665,0.2936838059580228,6.659238474950789,2.3662656985037334,0.006307893453696867,0.004844691707497946,6.0486482553242595,6.0486482553242595,0.0,0.0017028075417974686,6.1972258902152e-05,0.0030413961003626054,7.382290895165431,6.632881963440787,0.002410530083797253,0.0009653950184590013,9.94225528191029e-07,2.2902658631704198e-07,0.0011010525726613512,22.450523774423495
0.25428228780477424,4.135435510488339e-05,0.0031113404581484603,7975,2.583989642515603,2.5839896450995923,2.495100361644556,2.495100361644556,0.09539273322509811,2.5904930948696543,0.0,0.04087331025745745,2.2644598469133737,0.0,0.07207180102860304,0.0014090241735286039,3.9072269947694247,0.8176935719739895,1.9042641052115192,0.0018421557989693148,0.11260163850920346,3.0078457106341716e-05,3.0078457106341716e-05,0.45439527614517006,0.4544253546022764,0.13838657714732933,0.417482197968995,0.417482197968995,0.7324050570971733,1.1498872550661683,0.11637299226161378,0.21537573936476156,0.8330628925143326,1.912722790618451,4.469220406373125,4.469220406373125,1.3798001685348378e-05,0.16593208628598122,4.635152492659106,2.9094697179090388e-05,0.14234244291801676,4.514402979136974,True,0.2144232774437203,2.6478791868140603,2.6478791868140603,0.2936838059580228,2.941562992772083,0.12714114390238712,2.0677177552441695e-05,0.0006222680916296922,2.583989642515603,2.583989642515603,0.0,0.0020436655128728723,0.0,0.0021135362602929058,0.9768067486923562,0.8176935719739895,0.0013838657714732932,0.0011637299226161379,4.139400505604513e-07,2.909469717909039e-07,0.0014234244291801677,4.514402979136974
0.9360349792880375,0.049103536624002464,0.035296769497278134,8000,2.092565763405389,2.092565765497955,2.3883292635895197,2.3883292635895197,0.09539273322509811,2.4837219968146176,0.0,0.018410263669507935,2.218670896470079,0.0,0.035296769497278134,0.0001908630746836238,2.1570571409522317,1.870026185145277,2.3674890073215495,0.001105212079186041,0.11260163850920346,0.01162946849345231,0.01162946849345231,0.45439527614517006,0.46602474463862237,0.09411573102149269,0.9638834982732175,0.9638834982732175,0.7324050570971733,1.6962885553703908,0.05112235519081065,0.26679601625301785,1.8751996947392309,2.369379310030362,3.4370740667624533,3.4370740667624533,1.902264895486135e-05,0.16593208628598122,3.6030061530484345,1.3808590245210524e-05,0.1669110691574386,5.005813853758769,True,0.2665831650518241,1.85670567407985,1.85670567407985,0.2936838059580228,2.1503894800378727,0.46801748964401874,0.024551768312001232,0.007059353899455627,2.092565763405389,2.092565763405389,0.0,0.0009205131834753967,0.0,0.00028629461202543574,0.5392642852380579,1.870026185145277,0.000941157310214927,0.0005112235519081066,5.706794686458404e-07,1.3808590245210524e-07,0.0016691106915743862,5.005813853758769
0.3982123109832328,0.028123817973754295,0.02979401921313032,8025,2.728643658704446,2.72864366143309,2.062762240509975,2.062762240509975,0.09539273322509811,2.158154973735073,0.0,0.004957303678518212,2.0504714319718835,0.0,0.037973706193157014,0.00042483634933240604,4.614080160182002,1.0630448367076246,2.03104065715549,0.000939851720630197,0.11260163850920346,0.016291640884383063,0.016291640884383063,0.45439527614517006,0.4706869170295531,0.033073221353261684,0.6418540905731073,0.6418540905731073,0.7324050570971733,1.3742591476702806,0.0297431471479713,0.22891711762174222,1.0670516844820557,2.0329819381199536,5.0608205974596014,5.0608205974596014,2.634677015050562e-05,0.16593208628598122,5.226752683745582,9.712406666421715e-06,0.20762984038376964,5.167925873102637,True,0.2286985261849241,2.6359715255862812,2.6359715255862812,0.2936838059580228,2.929655331544304,0.1991061554916164,0.014061908986877147,0.005958803842626065,2.728643658704446,2.728643658704446,0.0,0.0002478651839259106,0.0,0.0006372545239986091,1.1535200400455006,1.0630448367076246,0.00033073221353261686,0.000297431471479713,7.904031045151685e-07,9.712406666421714e-08,0.002076298403837696,5.167925873102637
1.510409544531706,0.021518241335824917,0.03334857550961807,8050,3.2271581334031527,3.227158136630311,3.9672970064306483,3.9672970064306483,0.09539273322509811,4.062689739655746,0.0,0.012873023358102151,2.472832402952501,0.0,0.051186194995326104,0.0009813136440236176,6.870475062686909,2.653599306734452,2.6289872027534322,0.0015722514037065608,0.11260163850920346,0.00829524618654981,-0.00829524618654981,0.45439527614517006,0.44610002995862025,0.18328137315712595,0.6675718136921912,0.6675718136921912,0.7324050570971733,1.3999768707893645,0.03476910426822135,0.29631106806618923,2.661787324109929,2.631498490379298,5.636092971759295,5.636092971759295,1.8489338116699093e-05,0.16593208628598122,5.802025058045276,1.4014317648059941e-05,0.12194834574411904,8.376526118533977,True,0.29602829293963595,2.030280210464169,2.030280210464169,0.2936838059580228,2.3239640164221917,0.755204772265853,0.010759120667912458,0.006669715101923614,3.2271581334031527,3.2271581334031527,0.0,0.0006436511679051076,0.0,0.0014719704660354264,1.7176187656717272,2.653599306734452,0.0018328137315712595,0.0003476910426822135,5.546801435009728e-07,1.4014317648059942e-07,0.0012194834574411906,8.376526118533977
1.2806947622862144,0.0635409714331363,0.03882526133379142,8075,1.5625261843755622,1.5625261859380883,1.2879281215141043,1.2879281215141043,0.09539273322509811,1.3833208547392024,0.0,0.04461152085934282,1.9490607675073428,0.0003029634121203374,0.0974058441944175,0.0036517963536298846,1.0416462039187384,2.3460370444442815,2.531677852697584,0.005256857022486877,0.11260163850920346,0.2744619724670632,-0.2744619724670632,0.45439527614517006,0.17993330367810684,0.07396321405891124,0.21689153797372174,-0.21689153797372174,0.7324050570971733,0.5155135191234516,0.10151114951520539,0.2851757028264803,2.348883661139803,2.5326068188350863,3.0604674780001195,3.0604674780001195,1.1921884619438459e-05,0.16593208628598122,3.2263995642861008,1.3140416308885798e-05,0.0964002087482174,4.859588167695419,True,0.2850710997079883,1.0294897109989822,1.0294897109989822,0.2936838059580228,1.3231735169570051,0.6403473811431072,0.03177048571656815,0.007765052266758284,1.5625261843755622,1.5625261843755622,0.0,0.0022305760429671413,0.0003029634121203374,0.005477694530444827,0.2604115509796846,2.3460370444442815,0.0007396321405891123,0.0010151114951520539,3.5765653858315373e-07,1.3140416308885798e-07,0.0009640020874821741,4.859588167695419
3.228893985931478,0.002946021923119435,0.009492142309312463,8100,4.083795531994977,4.083795536078774,4.352986441850819,4.352986441850819,0.09539273322509811,4.4483791750759165,0.0,0.023818700268930383,2.931195840017915,0.0,0.07589717606576692,0.0013774288888347187,11.973149225354112,4.826423864228325,3.196912347871058,0.0017797312227570434,0.11260163850920346,0.30076355315388714,-0.30076355315388714,0.45439527614517006,0.15363172299128292,0.12145056765205305,0.20071401713192605,0.20071401713192605,0.7324050570971733,0.9331190742290993,0.08684818088492421,0.3604204308635598,4.843718997086213,3.200845064307393,6.0523845096928355,6.0523845096928355,1.97912513873452e-05,0.16593208628598122,6.218316595978817,3.895372702886754e-05,0.21455713763415243,13.52881175543421,True,0.35997760050970923,5.260830338910269,5.260830338910269,0.2936838059580228,5.554514144868292,1.614446992965739,0.0014730109615597176,0.0018984284618624927,4.083795531994977,4.083795531994977,0.0,0.0011909350134465192,0.0,0.002066143333252078,2.993287306338528,4.826423864228325,0.0012145056765205304,0.0008684818088492422,5.93737541620356e-07,3.895372702886754e-07,0.0021455713763415245,13.52881175543421
2.1476340916067262,0.032800938402281155,0.05148766007456836,8125,7.670359991885429,7.67035999955579,9.032193345261188,9.032193345261188,0.09539273322509811,9.127586078486287,0.0,0.03440517102964012,3.3577384201995955,0.0,0.0517478967535163,0.001242062198696167,49.54348329656142,3.480018763388264,2.8654808397269225,0.0016492699259497792,0.11260163850920346,0.00815283179204035,-0.00815283179204035,0.45439527614517006,0.4462424443531297,0.6255535884237682,0.8353967170475952,0.8353967170475952,0.7324050570971733,1.5678017741447685,0.07941545129545771,0.3235873474194988,3.5108844823443928,2.873735435525622,11.701703587284042,11.701703587284042,6.63216961683946e-05,0.16593208628598122,11.867635673570023,5.027271608151962e-05,0.20248408607707818,24.649425001919003,True,0.3226578663247881,8.65816233386569,8.65816233386569,0.2936838059580228,8.951846139823713,1.0738170458033631,0.016400469201140577,0.010297532014913673,7.670359991885429,7.670359991885429,0.0,0.0017202585514820062,0.0,0.0018630932980442506,12.385870824140355,3.480018763388264,0.006255535884237682,0.0007941545129545772,1.989650885051838e-06,5.027271608151962e-07,0.002024840860770782,24.649425001919003
1.6110384751505697,0.11112926843251614,0.0506891578354288,8150,2.6759434816919896,2.675943484367933,3.2453087332787405,3.2453087332787405,0.09539273322509811,3.3407014665038384,0.0,0.00876077119799082,2.5268086105549985,0.0,0.05704917757169605,0.001313716038867816,4.247045584815295,2.786451998842452,2.6692669046148527,0.001842154621954074,0.11260163850920346,0.028375989318286943,0.028375989318286943,0.45439527614517006,0.482771265463457,0.11157246808134347,1.6068347735881403,1.6068347735881403,0.7324050570971733,2.3392398306853135,0.040750418476401436,0.3011098895379868,2.8026649652515685,2.674116174359345,4.3980894097109395,4.3980894097109395,1.0699042125512719e-05,0.16593208628598122,4.56402149599692,1.5612986892469732e-05,0.1536816644938899,7.400847715326745,True,0.30056385377069117,1.8290503659460406,1.8290503659460406,0.2936838059580228,2.1227341719040633,0.8055192375752849,0.05556463421625807,0.01013783156708576,2.6759434816919896,2.6759434816919896,0.0,0.00043803855989954103,0.0,0.001970574058301724,1.0617613962038237,2.786451998842452,0.0011157246808134347,0.00040750418476401436,3.2097126376538154e-07,1.5612986892469733e-07,0.001536816644938899,7.400847715326745
1.7473363394577723,0.00043991378538044135,0.005612128720909412,8175,1.0743580196598135,1.0743580207341714,0.9046532763932611,0.9046532763932611,0.09539273322509811,1.0000460096183592,0.0,0.02689938849455433,1.321470864831472,0.0,0.04943222387632836,0.0011030518926234065,0.29420943247779996,2.964831141928675,2.7218685030886287,0.0017394291172580117,0.11260163850920346,0.4239168961963018,-0.4239168961963018,0.45439527614517006,0.030478379948868272,0.03701660717349781,0.35856785456298457,0.35856785456298457,0.7324050570971733,1.0909729116601579,0.06791357165354736,0.3065713251347387,2.967414306019275,2.722618444699602,2.043518652527381,2.043518652527381,2.598706942519105e-06,0.16593208628598122,2.2094507388133624,7.557275153304814e-06,0.10004931304515746,4.992801567790042,True,0.30648688047305755,0.6845314519116253,0.6845314519116253,0.2936838059580228,0.9782152578696481,0.8736681697288862,0.00021995689269022067,0.0011224257441818824,1.0743580196598135,1.0743580196598135,0.0,0.0013449694247277167,0.0,0.0016545778389351097,0.07355235811944999,2.964831141928675,0.00037016607173497815,0.0006791357165354736,7.796120827557315e-08,7.557275153304814e-08,0.0010004931304515745,4.992801567790042
4.892046363240434,0.15019567553456892,0.1097615066465393,8200,2.8488074070370577,2.848807409885865,2.705279355163616,2.705279355163616,0.09539273322509811,2.800672088388714,0.0,0.0686782344563281,2.278927235657182,0.008774409078334345,0.17367181581636146,0.012887550201426326,4.975723970141059,6.821484034500395,3.6117970890749524,0.014862482546231853,0.11260163850920346,0.28031883618778736,-0.28031883618778736,0.45439527614517006,0.1740764399573827,0.07525159273036365,0.5000766541717302,0.5000766541717302,0.7324050570971733,1.2324817112689035,0.16908983704789612,0.40725318954266976,6.8474352810257315,3.6167604554153847,4.405020901901006,4.405020901901006,4.272022298663477e-06,0.16593208628598122,4.570952988186987,1.5263527067312856e-05,0.185474976082587,13.493133845747366,True,0.406694306310582,3.677922980090064,3.677922980090064,0.2936838059580228,3.9716067860480866,2.446023181620217,0.07509783776728446,0.021952301329307863,2.8488074070370577,2.8488074070370577,0.0,0.0034339117228164052,0.008774409078334345,0.01933132530213949,1.2439309925352648,6.821484034500395,0.0007525159273036365,0.0016908983704789612,1.281606689599043e-07,1.5263527067312855e-07,0.0018547497608258701,13.493133845747366
2.864006825872815,0.06390508710897702,0.05927293070036538,8225,2.6037557664780784,2.6037557690818343,2.155173295068173,2.155173295068173,0.09539273322509811,2.250566028293271,0.0,0.02394344528522434,1.7410545449362513,6.684316328943224e-06,0.08258540448072313,0.003219434896592229,4.183452929561774,4.377876970516901,3.092337680805109,0.004074911412604097,0.11260163850920346,0.3249325284072867,-0.3249325284072867,0.45439527614517006,0.12946274773788335,0.04423498934835814,0.21006411140905978,-0.21006411140905978,0.7324050570971733,0.5223409456881135,0.09662677919374188,0.34833457021921277,4.382793213149261,3.093512171722262,5.118995599373305,5.118995599373305,1.4020695399763e-05,0.16593208628598122,5.284927685659286,1.3531969908776747e-05,0.08260890551754009,9.511574783623029,True,0.34820232060578227,1.7026815815169818,1.7026815815169818,0.2936838059580228,1.9963653874750047,1.4320034129364074,0.03195254355448851,0.011854586140073077,2.6037557664780784,2.6037557664780784,0.0,0.0011971722642612171,6.684316328943224e-06,0.004829152344888343,1.0458632323904435,4.377876970516901,0.0004423498934835814,0.0009662677919374188,4.2062086199289e-07,1.3531969908776748e-07,0.0008260890551754009,9.511574783623029
1.290225414425209,0.3070820677058379,0.07934734470761609,8250,2.181281044854492,2.181281047035773,2.1238112554761006,2.1238112554761006,0.09539273322509811,2.2192039887011985,0.0,0.023893545749624774,1.611346844725524,0.0,0.07539249006568711,0.0020561370492087555,2.497062338315133,2.358930132819547,2.535880897992923,0.00297735984050584,0.11260163850920346,0.023172995179726708,-0.023172995179726708,0.45439527614517006,0.43122228096544335,0.0579556810290949,1.1529401170797868,1.1529401170797868,0.7324050570971733,1.8853451741769602,0.0947588687518732,0.28577232921278106,2.3651529486658687,2.537905377019623,3.8437266814667095,3.8437266814667095,3.4012087093066605e-06,0.16593208628598122,4.009658767752691,4.423483028052419e-06,0.2844748762278293,5.987650895652341,True,0.2855443695370023,1.7819422209498774,1.7819422209498774,0.2936838059580228,2.0756260269079,0.6451127072126045,0.15354103385291895,0.015869468941523218,2.181281044854492,2.181281044854492,0.0,0.0011946772874812388,0.0,0.0030842055738131333,0.6242655845787832,2.358930132819547,0.000579556810290949,0.000947588687518732,1.0203626127919982e-07,4.4234830280524194e-08,0.0028447487622782932,5.987650895652341
1.295873915922754,0.0882553960418948,0.052993258702515235,8275,2.2555715437269073,2.255571545982479,1.5763224010760732,1.5763224010760732,0.09539273322509811,1.6717151343011714,0.0,0.016263009098266105,2.243990205605935,0.0,0.053195417427026326,0.0015086124880304135,2.8713606623707375,2.36656557954473,2.53836457952747,0.0022035423790699687,0.11260163850920346,0.28583459146960455,-0.28583459146960455,0.45439527614517006,0.1685606846755655,0.045925821985469004,0.18529617374696472,0.18529617374696472,0.7324050570971733,0.917701230844138,0.09354879319571918,0.28601295647188196,2.371730455622925,2.540042355139275,4.293657402806062,4.293657402806062,3.497387475896539e-06,0.16593208628598122,4.459589489092044,1.4473900931234482e-05,0.10357393746948003,6.048147400961248,True,0.28582403617216423,2.0980211402027282,2.0980211402027282,0.2936838059580228,2.391704946160751,0.647936957961377,0.0441276980209474,0.010598651740503048,2.2555715437269073,2.2555715437269073,0.0,0.0008131504549133053,0.0,0.0022629187320456203,0.7178401655926844,2.36656557954473,0.00045925821985469005,0.0009354879319571918,1.0492162427689616e-07,1.4473900931234482e-07,0.0010357393746948003,6.048147400961248
0.11292364007528641,0.024314492297065615,0.04234553100976736,8300,0.5495943179048081,0.5495943184544023,0.8192033921221099,0.8192033921221099,0.09539273322509811,0.914596125347208,0.0,0.024481050245473708,1.478732935677136,0.0,0.047712967389730555,0.0005883005735953224,0.0011187683346119892,0.541756542913059,1.7360411285472157,0.0006794200059743776,0.11260163850920346,0.027516020264990115,-0.027516020264990115,0.45439527614517006,0.42687925588017994,0.04378798652863729,0.00435189787586765,-0.00435189787586765,0.7324050570971733,0.7280531592213056,0.07075456045824603,0.1955713713368586,0.5429374278093422,1.7368428786446553,0.9088599030782545,0.9088599030782545,3.1975705748708014e-06,0.16593208628598122,1.0747919893642357,1.038153397223287e-05,0.05676052855067051,1.1725384591601484,True,0.19548109295419447,0.11123391080360434,-0.11123391080360434,0.2936838059580228,0.18244989515441845,0.056461820037643204,0.012157246148532808,0.008469106201953472,0.5495943179048081,0.5495943179048081,0.0,0.0012240525122736855,0.0,0.0008824508603929836,0.0002796920836529973,0.541756542913059,0.0004378798652863729,0.0007075456045824603,9.592711724612404e-08,1.038153397223287e-07,0.0005676052855067051,1.1725384591601484
2.182059320796882,0.46366931597606886,0.09344221294115214,8325,3.414898937027252,3.4148989404421504,4.291161013787995,4.291161013787995,0.09539273322509811,4.386553747013093,0.0,0.026525094067780662,2.082736987815699,0.000934501993523077,0.11056962534155558,0.006539557234088807,7.735397760599099,3.5238029331384104,2.8771795154269104,0.014820886038095147,0.11260163850920346,0.1448729208105375,-0.1448729208105375,0.45439527614517006,0.30952235533463257,0.20004314752073782,1.1514646303987979,1.1514646303987979,0.7324050570971733,1.8838696874959713,0.08001230241673307,0.3243043334695257,3.5347868829773677,2.880102891593268,5.425574521355346,5.425574521355346,3.367597881825477e-05,0.16593208628598122,5.5915066076413265,1.5704028914573163e-05,0.2939049620962818,10.231914935278178,True,0.3239751564939813,3.0182599583015848,3.0182599583015848,0.2936838059580228,3.3119437642596075,1.091029660398441,0.23183465798803443,0.01868844258823043,3.414898937027252,3.414898937027252,0.0,0.0013262547033890332,0.000934501993523077,0.009809335851133211,1.9338494401497748,3.5238029331384104,0.0020004314752073782,0.0008001230241673307,1.0102793645476432e-06,1.5704028914573165e-07,0.002939049620962818,10.231914935278178
19.30351501084943,0.003885713133936597,0.03641932451647912,8350,4.6592597181665525,4.659259722825812,4.1541495974910285,4.1541495974910285,0.09539273322509811,4.249542330716126,0.0,0.028652010308817488,2.793635275262554,0.005738368069689928,0.15575201693479804,0.008902941153104544,16.408157631176223,22.97837626087675,5.793576562534153,0.01813326918772179,0.11260163850920346,0.46737900482751904,-0.46737900482751904,0.45439527614517006,-0.012983728682348965,0.15151939008812487,0.059874142928102,0.059874142928102,0.7324050570971733,0.7922792000252753,0.19360235410269397,0.6525745300520157,22.99611125729625,5.795426076721051,6.708665719790867,6.708665719790867,3.8776747779025607e-05,0.16593208628598122,6.874597806076848,2.0917960574967326e-05,0.18296859117994374,41.42646726988288,True,0.6523662717056299,6.786628261394418,6.786628261394418,0.2936838059580228,7.080312067352441,9.651757505424715,0.0019428565669682984,0.0072838649032958246,4.6592597181665525,4.6592597181665525,0.0,0.0014326005154408745,0.005738368069689928,0.013354411729656816,4.102039407794056,22.97837626087675,0.0015151939008812487,0.0019360235410269397,1.1633024333707681e-06,2.0917960574967325e-07,0.0018296859117994373,41.42646726988288
1.8248746213323972,0.08061002916268067,0.045826967722353874,8375,1.3193303012305335,1.3193303025498637,1.3481036583754968,1.3481036583754968,0.09539273322509811,1.443496391600595,0.0,0.049914418826415424,1.4761493795645495,0.00087201200708418,0.1095298494253557,0.004303522288573929,0.5440859679078096,3.0655779838018278,2.7508792030867886,0.009639454632259549,0.11260163850920346,0.16290087182693969,-0.16290087182693969,0.45439527614517006,0.29149440431823037,0.11842192619907128,0.43659222455880664,0.43659222455880664,0.7324050570971733,1.16899728165598,0.11228908790970091,0.3104243993019055,3.086476507645678,2.7568370748722484,2.3902416493490377,2.3902416493490377,2.656147548201614e-06,0.16593208628598122,2.556173735635019,1.0982063497596872e-05,0.12603589963706419,5.49622817082511,True,0.3097535331172563,0.9774324301639387,0.9774324301639387,0.2936838059580228,1.2711162361219615,0.9124373106661986,0.04030501458134034,0.009165393544470775,1.3193303012305335,1.3193303012305335,0.0,0.002495720941320771,0.00087201200708418,0.006455283432860894,0.1360214919769524,3.0655779838018278,0.0011842192619907128,0.001122890879097009,7.968442644604842e-08,1.0982063497596872e-07,0.0012603589963706419,5.49622817082511
0.8525479283207662,0.09583030665661174,0.047540527060207005,8400,0.7546075252394688,0.7546075259940763,0.8743507419609015,0.8743507419609015,0.09539273322509811,0.9697434751859996,0.0,0.011045309638164084,0.9426012915335635,3.6923912726713076e-05,0.0860765049762765,0.001939325657650454,0.03496202532783736,1.7512161042463912,2.3233352199070314,0.0030377723691710425,0.11260163850920346,0.017101966226472032,-0.017101966226472032,0.45439527614517006,0.437293309918698,0.04029390434907277,0.48485977128220636,0.48485977128220636,0.7324050570971733,1.2172648283793797,0.03289834482919458,0.2618124612593622,1.7559457511608283,2.32512103264601,1.1912879033401111,1.1912879033401111,1.8599487818011174e-06,0.16593208628598122,1.3572199896260924,2.153435677837074e-06,0.07642396045909404,3.0032557760288547,True,0.26161137580102445,0.6543126376326539,0.6543126376326539,0.2936838059580228,0.9479964435906767,0.4262739641603831,0.04791515332830587,0.009508105412041402,0.7546075252394688,0.7546075252394688,0.0,0.0005522654819082042,3.6923912726713076e-05,0.0029089884864756813,0.00874050633195934,1.7512161042463912,0.0004029390434907277,0.00032898344829194575,5.579846345403352e-08,2.153435677837074e-08,0.0007642396045909405,3.0032557760288547
0.9036954064361178,0.442420081777423,0.09266998253073593,8425,0.9804482490339089,0.9804482500143572,0.836001567247485,0.836001567247485,0.09539273322509811,0.9313943004725831,0.0,0.042377318531900174,0.926358957164383,0.0,0.07926380092412483,0.0017617253000193427,0.2005848551592165,1.8241985689010183,2.350628953081126,0.005334269792389752,0.11260163850920346,0.26961375430299694,-0.26961375430299694,0.45439527614517006,0.1847815218421731,0.02234270071317676,0.27599812883077596,-0.27599812883077596,0.7324050570971733,0.45640692826639734,0.12442026829935439,0.264758146382045,1.8259610531615726,2.3512812635279055,1.833301914843534,1.833301914843534,2.895432497335075e-06,0.16593208628598122,1.9992340011295153,2.777087820222569e-06,0.04027302162008441,3.553016700754452,True,0.26468469515039783,0.7730671249926561,0.7730671249926561,0.2936838059580228,1.0667509309506789,0.4518477032180589,0.2212100408887115,0.018533996506147187,0.9804482490339089,0.9804482490339089,0.0,0.0021188659265950088,0.0,0.002642587950029014,0.05014621378980413,1.8241985689010183,0.00022342700713176762,0.001244202682993544,8.686297492005226e-08,2.777087820222569e-08,0.0004027302162008441,3.553016700754452
0.2351207489613866,0.01747549525378833,0.027087289554911527,8450,1.1762993180430896,1.1762993192193891,1.467352245993599,1.467352245993599,0.09539273322509811,1.5627449792186972,0.0,0.028453520197395377,1.764076333419655,0.0,0.04379995638465231,0.00038224082984725694,0.38139861148620513,0.783034759194695,1.8848925127916356,0.0005466836683930712,0.11260163850920346,0.06005427897306914,0.06005427897306914,0.45439527614517006,0.5144495551182392,0.09015603125279509,0.8630903047888051,0.8630903047888051,0.7324050570971733,1.5954953618859784,0.08468921463278394,0.21238203154020222,0.7852371462892009,1.8861360766209674,1.945686742165328,1.945686742165328,1.3238411564099322e-05,0.16593208628598122,2.1116188284513093,8.186613862204382e-06,0.11640558041964025,2.1913083346640843,True,0.21224200420299302,0.48067612680077554,0.48067612680077554,0.2936838059580228,0.7743599327587983,0.1175603744806933,0.008737747626894166,0.005417457910982306,1.1762993180430896,1.1762993180430896,0.0,0.001422676009869769,0.0,0.0005733612447708854,0.09534965287155128,0.783034759194695,0.0009015603125279509,0.0008468921463278394,3.9715234692297963e-07,8.186613862204383e-08,0.0011640558041964026,2.1913083346640843
0.801044915789754,0.08863510109249229,0.053596386394759325,8475,3.1591863110376437,3.15918631419683,3.1486657636063624,3.1486657636063624,0.09539273322509811,3.2440584968314603,0.0,0.023170167397751778,1.7388440196722739,3.034092566268282e-05,0.08550825976717537,0.0032691619499958225,6.411432996181546,1.6770538166460507,2.295011126070371,0.007017230350618733,0.11260163850920346,0.06272217793316148,0.06272217793316148,0.45439527614517006,0.5171174540783315,0.1406157920634817,1.5211359605414154,1.5211359605414154,0.7324050570971733,2.2535410176385886,0.10252749177811118,0.25872273430636883,1.6839774980333135,2.297681585764903,4.739397766696854,4.739397766696854,1.4854376639976579e-05,0.16593208628598122,4.905329852982835,1.4072726021944424e-05,0.14912178120701491,6.9046734916787464,True,0.25842203614248715,3.8998095947248315,3.8998095947248315,0.2936838059580228,4.193493400682854,0.400522457894877,0.04431755054624614,0.010719277278951866,3.1591863110376437,3.1591863110376437,0.0,0.001158508369887589,3.034092566268282e-05,0.0049037429249937335,1.6028582490453864,1.6770538166460507,0.0014061579206348172,0.0010252749177811118,4.456312991992974e-07,1.4072726021944424e-07,0.0014912178120701492,6.9046734916787464
0.30106520026068356,0.007649801252662347,0.01645188710816964,8500,1.7367466410493786,1.7367466427861251,2.195364886765862,2.195364886765862,0.09539273322509811,2.2907576199909605,0.0,0.03431395602850466,2.184696717647374,0.0,0.059552583429476065,0.0007791891202751785,1.2611481116367769,0.90002046924243,1.948694086227183,0.0010427923441068303,0.11260163850920346,0.012514932811427903,0.012514932811427903,0.45439527614517006,0.46691020895659796,0.11137561610037024,0.42299543930141115,0.42299543930141115,0.7324050570971733,1.1554004963985844,0.08751668544237366,0.21959773673103655,0.9029138252269359,1.9502177777893528,2.9018997663634702,2.9018997663634702,1.0274554348074258e-05,0.16593208628598122,3.0678318526494515,1.623120851560657e-05,0.08073827355518305,3.1153832741608425,True,0.21942616654931668,1.2890746684604686,1.2890746684604686,0.2936838059580228,1.5827584744184913,0.15053260013034178,0.0038249006263311736,0.003290377421633928,1.7367466410493786,1.7367466410493786,0.0,0.001715697801425233,0.0,0.0011687836804127679,0.3152870279091942,0.90002046924243,0.0011137561610037024,0.0008751668544237367,3.0823663044222777e-07,1.623120851560657e-07,0.0008073827355518305,3.1153832741608425
2.5452321860565186,0.3176496504218691,0.08033870321601688,8525,4.10410242794516,4.104102432049263,3.689617946263408,3.689617946263408,0.09539273322509811,3.785010679488506,0.0,0.05679340213578073,2.7490550788674213,0.005997882042451714,0.1574459943602748,0.007017954161080775,12.272402282796197,3.9815348927355303,2.995378383348765,0.015526249597364988,0.11260163850920346,0.3483218029571737,-0.3483218029571737,0.45439527614517006,0.10607347318799636,0.13614715756049742,0.08124811501438789,0.08124811501438789,0.7324050570971733,0.8136531721115612,0.12286531847728961,0.3376435348152024,3.9942681880656528,2.998566533309725,7.25942068282251,7.25942068282251,2.177122232227258e-05,0.16593208628598122,7.425352769108491,2.2365931475596356e-05,0.13592155245293805,12.624561250733892,True,0.3372845438739037,4.216382962869289,4.216382962869289,0.2936838059580228,4.510066768827311,1.2726160930282593,0.15882482521093455,0.016067740643203376,4.10410242794516,4.10410242794516,0.0,0.0028396701067890367,0.005997882042451714,0.010526931241621164,3.068100570699049,3.9815348927355303,0.0013614715756049742,0.0012286531847728961,6.531366696681774e-07,2.2365931475596357e-07,0.0013592155245293804,12.624561250733892
5.059108020847646,0.1503034995803424,0.05744862380829459,8550,3.526456109807577,3.526456113334033,4.34624363325415,4.34624363325415,0.09539273322509811,4.441636366479248,0.0,0.0296633483242222,1.2652072354462598,0.00016532419490054338,0.09285784565549546,0.0035762055288153273,8.376108304355558,7.018504901289115,3.6492461005518373,0.00547482834446923,0.11260163850920346,0.030757466932889888,0.030757466932889888,0.45439527614517006,0.48515274307805994,0.06160343981788115,1.8696831794335638,1.8696831794335638,0.7324050570971733,2.602088236530737,0.0819438731673241,0.4113423214797861,7.038809516866703,3.6530754826930014,5.52310182542017,5.52310182542017,9.285137711374756e-06,0.16593208628598122,5.689033911706152,6.115901922285814e-06,0.09582094100251995,15.264590394318597,True,0.4109111267379193,3.047673684888867,3.047673684888867,0.2936838059580228,3.3413574908468897,2.529554010423823,0.0751517497901712,0.011489724761658918,3.526456109807577,3.526456109807577,0.0,0.0014831674162111101,0.00016532419490054338,0.005364308293222991,2.0940270760888895,7.018504901289115,0.0006160343981788115,0.000819438731673241,2.7855413134124265e-07,6.115901922285814e-08,0.0009582094100251995,15.264590394318597
3.8484953049126704,0.0013872374437153834,0.008259073757504298,8575,4.6539125702756445,4.6539125749295565,3.6403261391918065,3.6403261391918065,0.09539273322509811,3.735718872416905,0.0,0.03930930737256051,1.8810455625171143,6.843971396007724e-05,0.08827282986408383,0.0031589518791760333,16.492423810480965,5.577901879113284,3.361758217750768,0.006170761449775311,0.11260163850920346,0.11161191733777026,-0.11161191733777026,0.45439527614517006,0.3427833588073998,0.21616711660921684,1.3733547453295398,1.3733547453295398,0.7324050570971733,2.105759802426713,0.10197075743586277,0.3793782617254543,5.613141781778426,3.369206994286997,5.818570895213821,5.818570895213821,1.20644092550861e-05,0.16593208628598122,5.984502981499801,9.030202821074299e-06,0.12377747670364778,16.292705426582007,True,0.37853951720809825,7.699883709285084,7.699883709285084,0.2936838059580228,7.9935675152431065,1.9242476524563352,0.0006936187218576917,0.0016518147515008595,4.6539125702756445,4.6539125702756445,0.0,0.0019654653686280257,6.843971396007724e-05,0.0047384278187640495,4.123105952620241,5.577901879113284,0.0021616711660921682,0.0010197075743586278,3.61932277652583e-07,9.0302028210743e-08,0.0012377747670364778,16.292705426582007
2.4749617177585805,4.891989219268922e-06,0.012674798269785178,8600,3.292071432534918,3.292071435826989,3.7990614950938726,3.7990614950938726,0.09539273322509811,3.8944542283189705,0.0,0.013255974948963353,2.13658243466973,0.0,0.07475652721927264,0.0015987034920109532,7.129904352163716,3.8935226020091163,2.97320110531317,0.002274558062922755,0.11260163850920346,0.18985931143299717,-0.18985931143299717,0.45439527614517006,0.2645359647121729,0.17361300148725145,0.3277488840346291,0.3277488840346291,0.7324050570971733,1.0601539411318024,0.05274300050912425,0.3350098821171722,3.9013258411027962,2.9751774201581984,5.449280027278952,5.449280027278952,1.3894847746387269e-05,0.16593208628598122,5.615212113564934,1.916885422067809e-05,0.09349920887440902,10.214348401740969,True,0.3347873458076488,3.149235580995794,3.149235580995794,0.2936838059580228,3.442919386953817,1.2374808588792903,2.445994609634461e-06,0.002534959653957036,3.292071432534918,3.292071432534918,0.0,0.0006627987474481676,0.0,0.00239805523801643,1.782476088040929,3.8935226020091163,0.0017361300148725145,0.0005274300050912425,4.1684543239161804e-07,1.916885422067809e-07,0.0009349920887440901,10.214348401740969
1.1068984635366208,0.0030229335450051575,0.013807620944456193,8625,1.3019033783964078,1.3019033796983113,1.3453621985886006,1.3453621985886006,0.09539273322509811,1.4407549318136987,0.0,0.04355468053922431,2.429178981242475,1.0374467881886158e-05,0.08322094207987138,0.0012335722861270414,0.535771306522088,2.1085724007970286,2.45209242157551,0.0016486832144657474,0.11260163850920346,0.3243167490112526,-0.3243167490112526,0.45439527614517006,0.13007852713391743,0.06644815114496104,0.31023866400511607,-0.31023866400511607,0.7324050570971733,0.4221663930920572,0.10205627284780414,0.2761991648794862,2.1108817979053773,2.452887400284474,2.4061638462003185,2.4061638462003185,1.912949386901468e-06,0.16593208628598122,2.5720959324862998,1.8595062182355694e-05,0.14282496859269794,4.109292832742654,True,0.2761096489663271,0.8207976412392138,0.8207976412392138,0.2936838059580228,1.1144814471972366,0.5534492317683104,0.0015114667725025788,0.002761524188891239,1.3019033783964078,1.3019033783964078,0.0,0.0021777340269612156,1.0374467881886158e-05,0.001850358429190562,0.133942826630522,2.1085724007970286,0.0006644815114496104,0.0010205627284780414,5.738848160704404e-08,1.8595062182355695e-07,0.0014282496859269794,4.109292832742654
0.48705979008836053,0.025982817327174,0.03316722318049719,8650,0.8366805178286818,0.8366805186653623,1.0116803434703887,1.0116803434703887,0.09539273322509811,1.1070730766954868,0.0,0.01242489899370898,0.8459759113099733,0.0,0.06630526651150387,0.0009302560778945652,0.08742124433300695,1.2053771421888935,2.0978966901256664,0.0011453003572618847,0.11260163850920346,0.042413144831615235,0.042413144831615235,0.45439527614517006,0.4968084209767853,0.054011071390786834,0.4476739869509351,0.4476739869509351,0.7324050570971733,1.1800790440481084,0.05739822273627921,0.2363827417711561,1.208423412507961,2.0992831357334474,1.4611349881221052,1.4611349881221052,2.3432499001403284e-06,0.16593208628598122,1.6270670744080864,2.5795186359008966e-06,0.04074417019545802,2.33060597924713,True,0.2362266257101516,0.37356124965619286,0.37356124965619286,0.2936838059580228,0.6672450556142157,0.24352989504418027,0.012991408663587,0.006633444636099438,0.8366805178286818,0.8366805178286818,0.0,0.0006212449496854491,0.0,0.0013953841168418478,0.021855311083251738,1.2053771421888935,0.0005401107139078684,0.0005739822273627921,7.029749700420985e-08,2.5795186359008966e-08,0.0004074417019545802,2.33060597924713
0.6268685578633278,0.5980863669031726,0.10688996660026688,8675,2.0886908434268885,2.088690845515579,2.1470229793279234,2.1470229793279234,0.09539273322509811,2.2424157125530213,0.0,0.042702463789913686,1.017065948462792,0.0015226265948465626,0.11902084820767692,0.006245697518851817,2.2401629343490015,1.4202688081257742,2.191750312828058,0.013172793156776214,0.11260163850920346,0.18634014101510166,0.18634014101510166,0.45439527614517006,0.6407354171602717,0.11264832838080797,0.7998684427157928,0.7998684427157928,0.7324050570971733,1.5322734998129661,0.11315736913330585,0.24692538461906183,1.4230364629117571,2.1929109199398575,3.81474640177117,3.81474640177117,2.103255859439483e-06,0.16593208628598122,3.9806784880571513,5.833166797359465e-06,0.028482444236446754,4.718425139752686,True,0.2467946983450017,1.405929330837282,1.405929330837282,0.2936838059580228,1.699613136795305,0.3134342789316639,0.2990431834515863,0.021377993320053378,2.0886908434268885,2.0886908434268885,0.0,0.0021351231894956844,0.0015226265948465626,0.009368546278277726,0.5600407335872504,1.4202688081257742,0.0011264832838080799,0.0011315736913330586,6.309767578318449e-08,5.833166797359465e-08,0.0002848244423644675,4.718425139752686
0.5168320990449261,0.0073263307883656426,0.013198839485143393,8700,3.092773768033055,3.0927737711258287,1.448788652587418,1.448788652587418,0.09539273322509811,1.5441813858125162,0.0,0.03285807789754087,0.968090446430855,0.0,0.07047319048411001,0.002607731980693655,6.503684748959897,1.2519603833335293,2.1189103553607542,0.0036787516360520093,0.11260163850920346,0.05807499489390222,0.05807499489390222,0.45439527614517006,0.5124702710390723,0.022699544304444055,1.6454313655707304,1.6454313655707304,0.7324050570971733,2.3778364226679036,0.0777924119346599,0.238714676130575,1.254383713363979,2.1199927291567473,3.7950682741410926,3.7950682741410926,2.634723390894312e-06,0.16593208628598122,3.961000360427074,2.8099968913425232e-06,0.07194670755529572,6.2426533170657645,True,0.23859279905684305,5.34919612163596,5.34919612163596,0.2936838059580228,5.642879927593983,0.25841604952246305,0.0036631653941828213,0.0026397678970286787,3.092773768033055,3.092773768033055,0.0,0.0016429038948770434,0.0,0.0039115979710404826,1.6259211872399741,1.2519603833335293,0.00022699544304444056,0.0007779241193465989,7.904170172682936e-08,2.8099968913425233e-08,0.0007194670755529572,6.2426533170657645
0.5909311337247207,0.0005531846886176472,0.018927211736790052,8725,0.9830080503392685,0.9830080513222765,1.5212379351412675,1.5212379351412675,0.09539273322509811,1.6166306683663656,0.0,0.058321548633876105,1.9225321162485516,9.021176093922886e-05,0.08949798720462546,0.0029553103076895974,0.13479574467062355,1.36590749553371,2.168720452261237,0.005382461817595191,0.11260163850920346,0.18291530828154406,-0.18291530828154406,0.45439527614517006,0.271479967863626,0.09347100361248029,0.137287631918256,-0.137287631918256,0.7324050570971733,0.5951174251789173,0.18624193781498558,0.24474102789422011,1.3771302815721105,2.173511943514897,1.3732832635792813,1.3732832635792813,2.0772127731032582e-05,0.16593208628598122,1.5392153498652625,1.0514306338626246e-05,0.24965889170701158,2.69487578488707,True,0.24420149808024055,0.7610167301714291,0.7610167301714291,0.2936838059580228,1.054700536129452,0.29546556686236036,0.0002765923443088236,0.0037854423473580104,0.9830080503392685,0.9830080503392685,0.0,0.0029160774316938053,9.021176093922886e-05,0.004432965461534396,0.03369893616765589,1.36590749553371,0.0009347100361248029,0.0018624193781498558,6.231638319309774e-07,1.0514306338626246e-07,0.0024965889170701157,2.69487578488707
0.43198953291980063,0.013016596932141189,0.021076091522255386,8750,0.8952154629787648,0.8952154638739802,0.8557113292165822,0.8557113292165822,0.09539273322509811,0.9511040624416803,0.0,0.034746227147314,1.283289305408889,0.0,0.07731589593700268,0.001740599000033509,0.08022382907871922,1.1177968180240223,2.057259106380277,0.002056573679304339,0.11260163850920346,0.2672506965401532,-0.2672506965401532,0.45439527614517006,0.18714457960501685,0.042556789622762624,0.5254760637099165,-0.5254760637099165,0.7324050570971733,0.2069289933872568,0.08728739913198193,0.23168417188078197,1.1184242119040115,2.057555772479169,1.186955270473123,1.186955270473123,8.94991167925507e-06,0.16593208628598122,1.3528873567591042,6.7670539965418795e-06,0.10903478873486347,2.2665238573030915,True,0.23165076678898996,1.2322341142854016,1.2322341142854016,0.2936838059580228,1.5259179202434243,0.21599476645990032,0.0065082984660705945,0.004215218304451078,0.8952154629787648,0.8952154629787648,0.0,0.0017373113573657,0.0,0.0026108985000502637,0.020055957269679806,1.1177968180240223,0.00042556789622762625,0.0008728739913198193,2.684973503776521e-07,6.767053996541879e-08,0.0010903478873486346,2.2665238573030915
0.7915862663087619,0.07397069060355543,0.04208817102714173,8775,1.6946728105123243,1.694672812206997,1.3736809093109166,1.3736809093109166,0.09539273322509811,1.4690736425360147,0.0,0.023273054136540648,1.127998873017638,0.0007693939358019708,0.1077379511824859,0.00382298636462959,1.3078449700726649,1.6633553373125582,2.2897113387547456,0.005925931293175901,0.11260163850920346,0.1699717598167475,-0.1699717598167475,0.45439527614517006,0.28442351632842255,0.04680280177816819,0.0547743957301553,-0.0547743957301553,0.7324050570971733,0.677630661367018,0.05055624735492772,0.2579372464320534,1.6659213957270456,2.290705774267337,3.2734331310647136,3.2734331310647136,1.6137936885781844e-06,0.16593208628598122,3.439365217350695,6.8760530282765524e-06,0.06748662596562538,4.135501603119537,True,0.2578252713539996,1.3135164119445384,1.3135164119445384,0.2936838059580228,1.607200217902561,0.39579313315438097,0.03698534530177772,0.008417634205428346,1.6946728105123243,1.6946728105123243,0.0,0.0011636527068270325,0.0007693939358019708,0.0057344795469443845,0.3269612425181662,1.6633553373125582,0.0004680280177816819,0.0005055624735492771,4.841381065734553e-08,6.876053028276553e-08,0.0006748662596562538,4.135501603119537
0.7453381777186916,0.009347538095951902,0.018057811163431303,8800,1.9255399347873121,1.9255399367128518,1.9698503731044854,1.9698503731044854,0.09539273322509811,2.0652431063295835,0.0,0.03810327465250506,1.5535095675402015,2.277120642092191e-06,0.08150901313516225,0.002824412989888068,1.8317247113950796,1.5960019408769757,2.2633297039478553,0.004669455520554612,0.11260163850920346,0.1517969817331083,-0.1517969817331083,0.45439527614517006,0.30259829441206176,0.08957194702196121,0.1781261839174737,0.1781261839174737,0.7324050570971733,0.910531241014647,0.08741118013927918,0.25499537224514346,1.5991610280239321,2.2645793877902376,3.6176362764470875,3.6176362764470875,4.836017039989137e-06,0.16593208628598122,3.7835683627330687,7.4277995242386725e-06,0.04608638900982846,4.368802448511382,True,0.25485465578437594,1.231318909638992,1.231318909638992,0.2936838059580228,1.525002715597015,0.3726690888593458,0.004673769047975951,0.003611562232686261,1.9255399347873121,1.9255399347873121,0.0,0.0019051637326252533,2.277120642092191e-06,0.004236619484832102,0.4579311778487699,1.5960019408769757,0.0008957194702196121,0.0008741118013927918,1.450805111996741e-07,7.427799524238673e-08,0.0004608638900982846,4.368802448511382
0.38295841396329267,0.18780336573781475,0.0644154840790724,8825,1.0866427421450786,1.0866427432317214,1.0012489411504886,1.0012489411504886,0.09539273322509811,1.0966416743755867,0.0,0.03322964359946542,1.5322471785810303,0.0,0.06595907607209668,0.0012037353350218927,0.2546207936891872,1.0380274848377589,2.0188363385930828,0.0016577961959964535,0.11260163850920346,0.08406851339960969,-0.08406851339960969,0.45439527614517006,0.37032676274556037,0.09032839425388493,0.09143102057956598,-0.09143102057956598,0.7324050570971733,0.6409740365176073,0.10227141886074664,0.2274603995241543,1.0404918466197084,2.0200450218591866,1.7940796844090576,1.7940796844090576,1.4556050921356417e-06,0.16593208628598122,1.9600117706950388,8.333015550544359e-06,0.07035736614903525,2.492686196044954,True,0.22732429979586558,1.291245040438524,1.291245040438524,0.2936838059580228,1.584928846396547,0.19147920698164633,0.09390168286890738,0.01288309681581448,1.0866427421450786,1.0866427421450786,0.0,0.001661482179973271,0.0,0.001805603002532839,0.0636551984222968,1.0380274848377589,0.0009032839425388493,0.0010227141886074665,4.3668152764069246e-08,8.333015550544359e-08,0.0007035736614903525,2.492686196044954
0.9362469507987183,0.04287978937034609,0.04452068331872731,8850,1.2730628543227054,1.2730628555957682,1.0759006594490472,1.0759006594490472,0.09539273322509811,1.1712933926741453,0.0,0.012904777859070769,1.54597423592043,2.996736111671971e-07,0.08054742452554411,0.0013031198768414444,0.620396358007768,1.8703257894909922,2.3675985483653426,0.0015069490763467024,0.11260163850920346,0.24453578388187266,-0.24453578388187266,0.45439527614517006,0.2098594922632974,0.029598845809916462,0.04611280661506245,0.04611280661506245,0.7324050570971733,0.7785178637122357,0.03984144284740105,0.2667045147161837,1.8729748048663621,2.3685666972662904,2.5869627661410037,2.5869627661410037,9.13185883145875e-06,0.16593208628598122,2.752894852426985,7.843580960352235e-06,0.07767218806959827,3.8010269356045874,True,0.26659549955393463,0.4377013234533442,0.4377013234533442,0.2936838059580228,0.731385129411367,0.46812347539935917,0.021439894685173044,0.008904136663745461,1.2730628543227054,1.2730628543227054,0.0,0.0006452388929535385,2.996736111671971e-07,0.0019546798152621668,0.155099089501942,1.8703257894909922,0.0002959884580991646,0.0003984144284740105,2.739557649437625e-07,7.843580960352234e-08,0.0007767218806959828,3.8010269356045874
6.287514886550183e-07,0.001915728443492859,0.006797269807845562,8875,1.4629472628093305,1.4629472642722778,1.4932730206341245,1.4932730206341245,0.09539273322509811,1.5886657538592226,0.0,0.015616866669069274,2.1063012771607883,0.0,0.02351622902530113,0.00020993811664599279,0.8802971102237096,0.16063497956353126,1.4007929385150533,0.00027512776829920037,0.11260163850920346,0.13751380215057163,0.13751380215057163,0.45439527614517006,0.5919090782957417,0.061599335130355676,0.7797118455820206,0.7797118455820206,0.7324050570971733,1.5121169026791939,0.03804748038945487,0.1578190899462607,0.1612584466778083,1.4015699773113128,2.781552049552401,2.781552049552401,1.327156610112745e-05,0.16593208628598122,2.947484135838382,2.08503014370242e-05,0.08482649386721769,1.8489152427401392,True,0.15773159409684628,0.3275923743968381,0.3275923743968381,0.2936838059580228,0.6212761803548609,3.1437574432750916e-07,0.0009578642217464295,0.0013594539615691126,1.4629472628093305,1.4629472628093305,0.0,0.0007808433334534638,0.0,0.0003149071749689892,0.2200742775559274,0.16063497956353126,0.0006159933513035568,0.00038047480389454875,3.9814698303382347e-07,2.0850301437024201e-07,0.0008482649386721769,1.8489152427401392
0.04478378348320905,0.00014368421459520775,0.0019256868774745746,8900,1.5613733886336867,1.56137339019506,1.5709672166355337,1.5709672166355337,0.09539273322509811,1.6663599498606319,0.0,0.019296281757264153,1.8408935004255367,0.0,0.01885446459168279,0.00016384862932226647,1.114356605128346,0.3740812182814178,1.611621793497761,0.0004004947791995791,0.11260163850920346,0.005667822215308926,0.005667822215308926,0.45439527614517006,0.460063098360479,0.06295648824206955,0.2349025015289713,0.2349025015289713,0.7324050570971733,0.9673075586261446,0.04400395598104145,0.1815815349979919,0.3752800288375953,1.6126010356158365,3.098520925561133,3.098520925561133,6.275613522791721e-06,0.16593208628598122,3.264453011847114,1.1418317004850355e-05,0.21446500628663123,2.2413177734101075,True,0.18147127072120697,0.2558380087653671,0.2558380087653671,0.2936838059580228,0.5495218147233899,0.022391891741604525,7.184210729760387e-05,0.0003851373754949149,1.5613733886336867,1.5613733886336867,0.0,0.0009648140878632076,0.0,0.0002457729439833997,0.2785891512820865,0.3740812182814178,0.0006295648824206955,0.0004400395598104145,1.882684056837516e-07,1.1418317004850355e-07,0.0021446500628663125,2.2413177734101075
1.742668255667273,0.010157617695606636,0.03120492650850271,8925,1.2343000989963049,1.2343001002306049,0.8266127705006734,0.8266127705006734,0.09539273322509811,0.9220055037257715,0.0,0.0367170973493878,0.7073042107106648,0.0005926872458350136,0.10434516883973109,0.006183404753294047,0.44171431216110824,2.9587495421348695,2.720101608084496,0.010442565508698608,0.11260163850920346,0.30853576483426937,-0.30853576483426937,0.45439527614517006,0.1458595113109007,0.04801969085582752,0.4383959761101808,-0.4383959761101808,0.7324050570971733,0.2940090809869925,0.10546962445238864,0.30633346945877016,2.9601411735007006,2.7205060806346197,2.01896337320015,2.01896337320015,9.27785459162021e-08,0.16593208628598122,2.1848954594861314,2.3292380235968e-06,0.035934164453670626,5.199730051271193,True,0.30628792518284953,1.6033080060975227,1.6033080060975227,0.2936838059580228,1.8969918120555453,0.8713341278336365,0.005078808847803318,0.006240985301700542,1.2343000989963049,1.2343000989963049,0.0,0.0018358548674693902,0.0005926872458350136,0.00927510712994107,0.11042857804027706,2.9587495421348695,0.00048019690855827517,0.0010546962445238863,2.7833563774860627e-09,2.3292380235968e-08,0.0003593416445367063,5.199730051271193
2.0156914037735363,0.030403878969845755,0.026835558723023307,8950,1.6543784519310654,1.6543784535854438,1.9372125901128119,1.9372125901128119,0.09539273322509811,2.03260532333791,0.0,0.019551178549867782,1.315957904350699,1.1922896949596853e-05,0.0834529548142999,0.002365508369714716,1.0618980986928195,3.3114917816635345,2.819750472362498,0.0028007624597533786,0.11260163850920346,0.09049306557443626,-0.09049306557443626,0.45439527614517006,0.3639022105707338,0.08171586928621179,0.8591166246221081,0.8591166246221081,0.7324050570971733,1.5915216817192814,0.1054897064533095,0.31770994893245863,3.318004529096016,2.8215390550564696,2.6624725404952785,2.6624725404952785,1.434617886153533e-06,0.16593208628598122,2.8284046267812597,5.840402361811396e-06,0.05361683773651444,6.266705581340434,True,0.3175085515726224,1.4481081867860235,1.4481081867860235,0.2936838059580228,1.7417919927440464,1.0078457018867681,0.015201939484922877,0.005367111744604662,1.6543784519310654,1.6543784519310654,0.0,0.000977558927493389,1.1922896949596853e-05,0.003548262554572074,0.26547452467320487,3.3114917816635345,0.0008171586928621178,0.001054897064533095,4.303853658460599e-08,5.8404023618113964e-08,0.0005361683773651444,6.266705581340434
2.707784117801294,0.005466049423827335,0.019330948548988702,8975,4.583008321851485,4.583008326434494,3.945383130793541,3.945383130793541,0.09539273322509811,4.040775864018639,0.0,0.042751880543285034,1.9808562375987735,0.0,0.045245229550367555,0.00033320480846721443,15.85202966899514,4.184211797316134,3.0455345993935508,0.0013020732200154804,0.11260163850920346,0.16474923245709383,-0.16474923245709383,0.45439527614517006,0.2896460436880762,0.29055452998395814,1.1450658133620033,1.1450658133620033,0.7324050570971733,1.8774708704591767,0.08859332365425711,0.343774029893819,4.214852648340555,3.0530106303525453,8.272964413324251,8.272964413324251,6.768628488950214e-06,0.16593208628598122,8.438896499610232,2.030547247160912e-05,0.12540123556197258,14.09840210798421,True,0.34293221648353034,4.435484228518256,4.435484228518256,0.2936838059580228,4.729168034476278,1.353892058900647,0.0027330247119136675,0.0038661897097977405,4.583008321851485,4.583008321851485,0.0,0.002137594027164252,0.0,0.0004998072127008217,3.963007417248785,4.184211797316134,0.0029055452998395814,0.0008859332365425711,2.0305885466850643e-07,2.0305472471609123e-07,0.0012540123556197258,14.09840210798421
0.724508714709801,0.00023931886586325835,0.010350026925582595,9000,1.0572946155180092,1.0572946165753039,0.9681245692472613,0.9681245692472613,0.09539273322509811,1.0635173024723594,0.0,0.019355213089149458,0.9563200826297177,0.0,0.06553630169928301,0.0012715834897322142,0.2826017473532824,1.5654533361103027,2.251180776750627,0.0020590657328703535,0.11260163850920346,0.09572683201462556,-0.09572683201462556,0.45439527614517006,0.3586684441305445,0.02233728531717736,0.4790916407766802,0.4790916407766802,0.7324050570971733,1.2114966978738535,0.05438363920017183,0.25361739765275804,1.568359938796151,2.252341781941396,2.002076233822015,2.002076233822015,5.260904731150049e-07,0.16593208628598122,2.168008320107996,4.498643163124959e-06,0.03480300483187758,3.061832846591275,True,0.2534866665543497,0.6364689127921385,0.6364689127921385,0.2936838059580228,0.9301527187501613,0.3622543573549005,0.00011965943293162917,0.002070005385116519,1.0572946155180092,1.0572946155180092,0.0,0.0009677606544574729,0.0,0.0019073752345983212,0.0706504368383206,1.5654533361103027,0.0002233728531717736,0.0005438363920017183,1.5782714193450147e-08,4.498643163124959e-08,0.0003480300483187758,3.061832846591275
0.052589483787152266,0.10050645594417462,0.048070959736895846,9025,0.4885679785797848,0.48856797906835275,0.43853009460545656,0.43853009460545656,0.09539273322509811,0.5339228278305547,0.0,0.020337101980792173,0.7533470959918039,2.3693597241059188e-05,0.08486760693165124,0.0031703787999646333,0.00878489445441586,0.3960486607824103,1.6293239712440726,0.004936523883642417,0.11260163850920346,0.04760893648665043,0.04760893648665043,0.45439527614517006,0.5020042126318205,0.02804993900819094,0.47717660305485265,0.47717660305485265,0.7324050570971733,1.209581660152026,0.054202816201692164,0.18350893729037637,0.39654480298010736,1.629718034504418,0.7115910522964517,0.7115910522964517,1.2137604815218486e-06,0.16593208628598122,0.8775231385824329,1.9979994285803605e-06,0.020055411699606666,0.9797942797469729,True,0.18346456511764458,0.514644304287215,0.514644304287215,0.2936838059580228,0.8083281102452378,0.026294741893576133,0.05025322797208731,0.00961419194737917,0.4885679785797848,0.4885679785797848,0.0,0.0010168550990396086,2.3693597241059188e-05,0.00475556819994695,0.002196223613603965,0.3960486607824103,0.0002804993900819094,0.0005420281620169216,3.6412814445655457e-08,1.9979994285803606e-08,0.00020055411699606668,0.9797942797469729
0.0,0.22970814370507409,0.06988563756248109,9050,0.3268043533266636,0.32680435365346794,0.4886689629094937,0.4886689629094937,0.09539273322509811,0.5840616961345918,0.0,0.04235466062193731,0.2059060569191778,0.0,0.06964134716337184,0.0031149884105400342,0.0,0.06320963307442078,1.251415260225828,0.0032948792817343356,0.11260163850920346,0.24664146008507892,0.24664146008507892,0.45439527614517006,0.701036736230249,0.05266566648056117,0.0553866547120927,-0.0553866547120927,0.7324050570971733,0.6770184023850806,0.13776001002282523,0.1410259584256567,0.06372214140605044,1.2524324491939387,0.47814913366083756,0.47814913366083756,8.962758800772346e-08,0.16593208628598122,0.6440812199468188,1.612905407188211e-07,0.00135491199986736,0.5275532115997899,True,0.14091142127100206,0.05178597444828953,0.05178597444828953,0.2936838059580228,0.3454697804063123,0.0,0.11485407185253704,0.013977127512496218,0.3268043533266636,0.3268043533266636,0.0,0.0021177330310968656,0.0,0.004672482615810051,0.0,0.06320963307442078,0.0005266566648056117,0.0013776001002282522,2.6888276402317036e-09,1.612905407188211e-09,1.35491199986736e-05,0.5275532115997899
3.8896371293274155,0.18227109030596544,0.06277925495573569,9075,5.007622944326235,5.007622949333857,4.388311385534242,4.388311385534242,0.09539273322509811,4.48370411875934,0.0,0.0205884940413543,1.6826098729308074,0.0001084407624651537,0.09041348944711396,0.0034713937014467567,19.2959831076196,5.627410168382635,3.3722162988190254,0.007530565438660169,0.11260163850920346,0.12929564517730208,-0.12929564517730208,0.45439527614517006,0.325099630967868,0.13147148596418862,1.3514431642985927,1.3514431642985927,0.7324050570971733,2.083848221395766,0.06183414696788397,0.38020793955788357,5.648109922817509,3.376575250821549,8.033452942089223,8.033452942089223,1.1219577628255103e-05,0.16593208628598122,8.199385028375204,1.1850888749294248e-05,0.05232649864772144,17.516340582850326,True,0.3797171143766269,6.304338112293228,6.304338112293228,0.2936838059580228,6.59802191825125,1.9448185646637077,0.09113554515298272,0.012555850991147139,5.007622944326235,5.007622944326235,0.0,0.001029424702067715,0.0001084407624651537,0.005207090552170135,4.8239957769049,5.627410168382635,0.0013147148596418861,0.0006183414696788397,3.365873288476531e-07,1.1850888749294249e-07,0.0005232649864772144,17.516340582850326
8.7212103954826,0.11484761178676328,0.08399892996506027,9100,3.047514543942579,3.0475145469900937,2.6157356885250413,2.6157356885250413,0.09539273322509811,2.7111284217501397,0.0,0.060484533553119876,1.6890389423746353,0.002440528462601802,0.12940170505763746,0.00555509374354695,5.959346435538369,11.243746036083364,4.353169550750955,0.010353486123877768,0.11260163850920346,0.30951259966404737,-0.30951259966404737,0.45439527614517006,0.14488267648112269,0.09164336002840742,0.6577273419117952,0.6577273419117952,0.7324050570971733,1.3901323990089685,0.2191921239608219,0.49046634914034337,11.261160500799676,4.355765263065889,4.197928068721382,4.197928068721382,1.0367790602856998e-06,0.16593208628598122,4.363860155007362,9.178682167913077e-06,0.07701896707558775,20.23360204169465,True,0.49017406765462623,4.630728668638406,4.630728668638406,0.2936838059580228,4.924412474596429,4.3606051977413,0.05742380589338164,0.016799785993012056,3.047514543942579,3.047514543942579,0.0,0.003024226677655994,0.002440528462601802,0.008332640615320425,1.4898366088845922,11.243746036083364,0.0009164336002840742,0.002191921239608219,3.1103371808570994e-08,9.178682167913077e-08,0.0007701896707558775,20.23360204169465
0.7895662966074826,0.0028899010394123348,0.011215658463724031,9125,1.2614087447721176,1.2614087460335264,1.525727398644307,1.525727398644307,0.09539273322509811,1.621120131869405,0.0,0.01948661412017621,2.02688259263529,0.0,0.04734256955863011,0.00040727837330246746,0.4426470786410507,1.6604266414212783,2.288575431017245,0.0004965449667100871,0.11260163850920346,0.13102361951137692,-0.13102361951137692,0.45439527614517006,0.32337165663379314,0.065535697400192,0.39815481413419496,0.39815481413419496,0.7324050570971733,1.1305598712313683,0.08583028494615873,0.257825406503533,1.6633584332524334,2.28971253899946,2.1707385272975515,2.1707385272975515,1.8259768454070907e-06,0.16593208628598122,2.3366706135835327,1.4604244241750413e-05,0.11342799286478202,3.435201775209673,True,0.2576973662702026,0.8602998483630017,0.8602998483630017,0.2936838059580228,1.1539836543210245,0.3947831483037413,0.0014449505197061674,0.002243131692744806,1.2614087447721176,1.2614087447721176,0.0,0.0009743307060088105,0.0,0.0006109175599537011,0.11066176966026267,1.6604266414212783,0.00065535697400192,0.0008583028494615872,5.477930536221272e-08,1.4604244241750415e-07,0.00113427992864782,3.435201775209673
0.9563787699043782,0.3000618507135343,0.0791339690507097,9150,2.094309599199783,2.0943096012940927,2.260333365200994,2.260333365200994,0.09539273322509811,2.355726098426092,0.0,0.03181210082354645,1.0452016334455951,0.00012540279355576883,0.09119833887484072,0.003917669448110045,2.3392698620702315,1.8987357298266387,2.377946199902826,0.004818005144886754,0.11260163850920346,0.07853993002922055,0.07853993002922055,0.45439527614517006,0.5329352061743906,0.04559384792708618,1.1930899129117152,1.1930899129117152,0.7324050570971733,1.9254949700088884,0.11961183065489855,0.26803085816268624,1.9053544555145316,2.380345773896719,3.831160519601347,3.831160519601347,1.4855186211249027e-06,0.16593208628598122,3.997092605887328,6.837669328420241e-06,0.048270152655213006,5.231637281924599,True,0.26776066217525407,0.8450642701413426,0.8450642701413426,0.2936838059580228,1.1387480760993653,0.4781893849521891,0.15003092535676715,0.015826793810141942,2.094309599199783,2.094309599199783,0.0,0.0015906050411773225,0.00012540279355576883,0.005876504172165068,0.5848174655175579,1.8987357298266387,0.0004559384792708618,0.0011961183065489856,4.456555863374708e-08,6.837669328420241e-08,0.00048270152655213006,5.231637281924599
0.11289196368869743,0.15338243141708974,0.05797777896400275,9175,1.519113216715421,1.5191132182345342,1.4353334107019977,1.4353334107019977,0.09539273322509811,1.5307261439270958,0.0,0.03500984402013921,2.4837534907046335,0.0,0.058755155706035,0.0007982307535555339,0.8614333553102689,0.5416871585132447,1.735993993530684,0.0009306705460489815,0.11260163850920346,0.04799925398458127,-0.04799925398458127,0.45439527614517006,0.4063960221605888,0.08183916965721241,0.031650550897457386,-0.031650550897457386,0.7324050570971733,0.7007545061997159,0.10938441130746747,0.19553655266015732,0.5424818303825562,1.7365336586895104,2.6337736391990036,2.6337736391990036,8.494439243674509e-06,0.16593208628598122,2.799705725484985,1.1673650814224733e-05,0.12192960868094149,2.426971209199409,True,0.1954757854736305,1.5931960271423717,1.5931960271423717,0.2936838059580228,1.8868798331003946,0.056445981844348715,0.07669121570854487,0.011595555792800551,1.519113216715421,1.519113216715421,0.0,0.0017504922010069604,0.0,0.0011973461303333007,0.21535833882756722,0.5416871585132447,0.0008183916965721241,0.0010938441130746747,2.5483317731023524e-07,1.1673650814224734e-07,0.001219296086809415,2.426971209199409
0.9229242058967974,0.11442851505026275,0.05331113607587454,9200,2.4810784385363713,2.48107844101745,2.5057144604854136,2.5057144604854136,0.09539273322509811,2.6011071937105115,0.0,0.025223610499282144,2.06614512991114,0.0,0.07176500965229712,0.0015359520502309938,3.4982514182800473,1.8514757602989402,2.360689443002679,0.0047293219578962795,0.11260163850920346,0.11171608658452209,-0.11171608658452209,0.45439527614517006,0.34267918956064797,0.08579545929421299,0.35488841423601547,0.35488841423601547,0.7324050570971733,1.0872934713331888,0.06078980613430771,0.2660379754540644,1.856807534184873,2.362647252294178,4.248418511400766,4.248418511400766,5.735647118387063e-06,0.16593208628598122,4.414350597686748,1.7353442430753046e-05,0.11869949794927179,5.7426739429319555,True,0.2658175229003749,2.5125007614623267,2.5125007614623267,0.2936838059580228,2.8061845674203494,0.4614621029483987,0.05721425752513137,0.010662227215174909,2.4810784385363713,2.4810784385363713,0.0,0.0012611805249641073,0.0,0.0023039280753464906,0.8745628545700118,1.8514757602989402,0.0008579545929421299,0.0006078980613430772,1.7206941355161188e-07,1.7353442430753045e-07,0.0011869949794927179,5.7426739429319555
1.9439298889755157,0.0870307249680966,0.07782394353786415,9225,0.586096127989517,0.5860961285756131,0.7330205097128722,0.7330205097128722,0.09539273322509811,0.8284132429379704,0.0,0.03839833371622271,0.5160432944897452,5.07945641793546e-05,0.08712703053026677,0.0031103428521886715,0.0,3.2193289785144703,2.794248861923694,0.0038679320432487806,0.11260163850920346,0.3801068203077351,-0.3801068203077351,0.45439527614517006,0.07428845583743494,0.049057375953029274,0.5370738438278368,-0.5370738438278368,0.7324050570971733,0.19533121326933647,0.1311018638731867,0.31473115712861277,3.222329468702553,2.7950848082200888,0.8162704760248894,0.8162704760248894,8.027194386303586e-07,0.16593208628598122,0.9822025623108707,1.080860525803734e-06,0.017341931958745962,4.845081474319678,True,0.31463702819757355,0.28460023436133186,0.28460023436133186,0.2936838059580228,0.5782840403193547,0.9719649444877578,0.0435153624840483,0.01556478870757283,0.586096127989517,0.586096127989517,0.0,0.0019199166858111358,5.07945641793546e-05,0.004665514278283007,0.0,3.2193289785144703,0.0004905737595302927,0.001311018638731867,2.4081583158910756e-08,1.080860525803734e-08,0.00017341931958745962,4.845081474319678
0.008268657442905317,0.14515622222787183,0.05688440320458315,9250,0.7596369723871917,0.7596369731468287,0.5935707489948473,0.5935707489948473,0.09539273322509811,0.6889634822199454,0.0,0.007428274960062891,0.605638797996587,0.0,0.056545396417919024,0.0006361902024569971,0.09382928575057825,0.24101438421403182,1.4909321584639081,0.0008574099794730937,0.11260163850920346,0.254844572064317,0.254844572064317,0.45439527614517006,0.709239848209487,0.02610281449895258,0.9295961495690409,0.9295961495690409,0.7324050570971733,1.6620012066662142,0.0382519621994469,0.1679688133626227,0.24177704956192506,1.4917082972270501,0.9859674844716868,0.9859674844716868,1.1049285170494407e-06,0.16593208628598122,1.151899570757668,1.4188347621527897e-06,0.024955153604235843,1.114416844206091,True,0.167881418858421,0.7947885147361008,0.7947885147361008,0.2936838059580228,1.0884723206941236,0.0041343287214526585,0.07257811111393592,0.011376880640916631,0.7596369723871917,0.7596369723871917,0.0,0.0003714137480031446,0.0,0.0009542853036854957,0.023457321437644563,0.24101438421403182,0.0002610281449895258,0.00038251962199446895,3.314785551148322e-08,1.4188347621527898e-08,0.00024955153604235843,1.114416844206091
0.3447650843911629,0.00807044866601414,0.014533904943055466,9275,0.7482028588927089,0.7482028596409117,0.7097637830203946,0.7097637830203946,0.09539273322509811,0.8051565162454927,0.0,0.012423564851097402,1.1865155673413186,0.0,0.05935908313307884,0.0007593729916084318,0.059232214108942825,0.9744986833707804,1.987166998724522,0.0018454123927468217,0.11260163850920346,0.036879734813945464,-0.036879734813945464,0.45439527614517006,0.4175155413312246,0.025138999353757498,0.46324505469581145,0.46324505469581145,0.7324050570971733,1.1956501117929847,0.03663606355154286,0.22385480572200173,0.9761918816601687,1.9880242313122531,1.3418888509548013,1.3418888509548013,8.389306759968317e-07,0.16593208628598122,1.5078209372407825,4.552375140305004e-06,0.031416141493066416,1.9195263637735474,True,0.22375827991946737,0.5278742126017323,0.5278742126017323,0.2936838059580228,0.8215580185597551,0.17238254219558144,0.00403522433300707,0.0029067809886110935,0.7482028588927089,0.7482028588927089,0.0,0.0006211782425548702,0.0,0.0011390594874126476,0.014808053527235706,0.9744986833707804,0.000251389993537575,0.0003663606355154286,2.516792027990495e-08,4.552375140305004e-08,0.0003141614149306642,1.9195263637735474
0.014942711797282642,0.2389123745528856,0.07099023041799708,9300,0.7732010802107945,0.7732010809839955,0.7630257088837853,0.7630257088837853,0.09539273322509811,0.8584184421088834,0.0,0.021792322624885122,1.0847973822041155,0.0,0.07712369946598119,0.0034163733864333093,0.08799801099848478,0.2727350200339782,1.5222403852958695,0.0056911059399484,0.11260163850920346,0.2176622756102251,0.2176622756102251,0.45439527614517006,0.6720575517553952,0.04493018211128195,0.3492280674914702,0.3492280674914702,0.7324050570971733,1.0816331245886435,0.09506302047709998,0.17150306389720382,0.2736288998927536,1.523095497870851,1.4923429990410566,1.4923429990410566,2.733601725004533e-06,0.16593208628598122,1.6582750853270378,5.641787126452765e-06,0.029802902593615642,1.2169734679417148,True,0.17140677681159994,0.10279391821499126,-0.10279391821499126,0.2936838059580228,0.19088988774303153,0.007471355898641321,0.1194561872764428,0.014198046083599418,0.7732010802107945,0.7732010802107945,0.0,0.0010896161312442562,0.0,0.005124560079649964,0.021999502749621196,0.2727350200339782,0.0004493018211128195,0.0009506302047709998,8.200805175013599e-08,5.641787126452765e-08,0.00029802902593615644,1.2169734679417148
2.8366998262386804,0.09345970589273367,0.04599161283234649,9325,1.842125818455957,1.842125820298083,2.0280179631384323,2.0280179631384323,0.09539273322509811,2.12341069636353,0.0,0.02518316814523529,2.6287243768777957,0.0,0.061979058326605045,0.0010479033358064631,1.4664424449012678,4.344100245116734,3.0842505235975675,0.0013265898907059734,0.11260163850920346,0.04955273173881192,-0.04955273173881192,0.45439527614517006,0.40484254440635814,0.0813117512318669,0.626375742233174,0.626375742233174,0.7324050570971733,1.3587807993303473,0.13698327696488996,0.3474965793404463,4.351688412667238,3.0860700881483436,2.6265460965122025,2.6265460965122025,4.943402494652978e-06,0.16593208628598122,2.7924781827981837,1.8458229782028513e-05,0.1495110872537009,8.033624170880033,True,0.34729169337246,2.358120944618372,2.358120944618372,0.2936838059580228,2.6518047505763946,1.4183499131193402,0.046729852946366834,0.009198322566469299,1.842125818455957,1.842125818455957,0.0,0.0012591584072617647,0.0,0.0015718550037096947,0.36661061122531696,4.344100245116734,0.0008131175123186691,0.0013698327696488996,1.4830207483958933e-07,1.8458229782028513e-07,0.001495110872537009,8.033624170880033
0.7202274852415438,0.03636717894387642,0.030783794024836393,9350,1.7272736286227428,1.7272736303500165,1.8203508334943581,1.8203508334943581,0.09539273322509811,1.9157435667194562,0.0,0.047557191730275596,1.7155615895533145,0.0,0.06560020424421757,0.0012656516914269973,1.2309158685485708,1.55915722428277,2.248662173801533,0.002886967994975743,0.11260163850920346,0.020448116802675664,0.020448116802675664,0.45439527614517006,0.4748433929478457,0.04718451295900484,0.649755303810379,0.649755303810379,0.7324050570971733,1.3821603609075523,0.1389551705318161,0.2533597548364002,1.562634230284637,2.250053690960767,2.8781103518770506,2.8781103518770506,1.0696764890904389e-05,0.16593208628598122,3.0440424381630318,1.245785049143443e-05,0.06042331740123466,3.985356323554359,True,0.2532030677103416,1.7022263467637582,1.7022263467637582,0.2936838059580228,1.9959101527217809,0.3601137426207719,0.01818358947193821,0.006156758804967279,1.7272736286227428,1.7272736286227428,0.0,0.0023778595865137798,0.0,0.001898477537140496,0.3077289671371427,1.55915722428277,0.0004718451295900484,0.001389551705318161,3.2090294672713164e-07,1.245785049143443e-07,0.0006042331740123467,3.985356323554359
0.18355235011605814,4.442578340424497e-05,0.010845174392459632,9375,0.6382841133631701,0.6382841140014542,0.9616687290177659,0.9616687290177659,0.09539273322509811,1.057061462242864,0.0,0.0172889657528398,1.2901227444897325,0.0,0.058218636151772266,0.001259646974628536,0.0019614595108150288,0.6862964296772915,1.828430099451542,0.001377827820255388,0.11260163850920346,0.056374952585996674,-0.056374952585996674,0.45439527614517006,0.3980203235591734,0.04350065712142691,0.21082606336320064,-0.21082606336320064,0.7324050570971733,0.5215789937339727,0.0502948515535836,0.20595148855077783,0.6872862553462497,1.829027294693154,0.9150079352162481,0.9150079352162481,4.682922778260892e-06,0.16593208628598122,1.0809400215022293,5.964606240202518e-06,0.09680580113336795,1.4236984627278026,True,0.20588424338209044,0.4768238886438715,0.4768238886438715,0.2936838059580228,0.7705076946018943,0.09177617505802907,2.2212891702122484e-05,0.0021690348784919266,0.6382841133631701,0.6382841133631701,0.0,0.0008644482876419901,0.0,0.001889470461942804,0.0004903648777037572,0.6862964296772915,0.00043500657121426907,0.0005029485155358359,1.4048768334782674e-07,5.964606240202519e-08,0.0009680580113336796,1.4236984627278026
1.2378095489966425,0.0342099364679459,0.03275937493880977,9400,1.1460252661034755,1.1460252672495006,1.230365423840803,1.230365423840803,0.09539273322509811,1.3257581570659012,0.0,0.038904169796353236,1.2557292611055757,0.00014741543475985022,0.09214147580650105,0.004325359293225441,0.27300374316300413,2.28786466603033,2.5125688962921093,0.008499447102204117,0.11260163850920346,0.1152161551703747,-0.1152161551703747,0.45439527614517006,0.33917912097479536,0.07463529514148995,0.5750728389337473,0.5750728389337473,0.7324050570971733,1.3074778960309206,0.091273373313464,0.28341055380752334,2.301078958870798,2.516930769307155,1.595264058287655,1.595264058287655,4.283863787473426e-06,0.16593208628598122,1.7611961445736362,3.9544104335444514e-06,0.07810324551637834,4.155723435708759,True,0.2829193997154414,1.4711286624671978,1.4711286624671978,0.2936838059580228,1.7648124684252204,0.6189047744983213,0.01710496823397295,0.006551874987761954,1.1460252661034755,1.1460252661034755,0.0,0.0019452084898176618,0.00014741543475985022,0.006488038939838162,0.06825093579075103,2.28786466603033,0.0007463529514148995,0.00091273373313464,1.2851591362420278e-07,3.9544104335444516e-08,0.0007810324551637835,4.155723435708759
0.0073558092162681644,0.02599865608185281,0.03410777272968323,9425,0.2610459136161872,0.2610459138772331,0.21017031296049948,0.21017031296049948,0.09539273322509811,0.3055630461855976,0.0,0.011388804833985078,0.5619958686504698,0.0,0.040501363930870685,0.0005047858720880448,0.0,0.2359686206905957,1.4857660143429094,0.0006206701192967715,0.11260163850920346,0.08065641359086134,-0.08065641359086134,0.45439527614517006,0.3737388625543087,0.015975903412587134,0.45973150678346486,-0.45973150678346486,0.7324050570971733,0.27267355031370843,0.031390163981219736,0.16733147777065965,0.23624285865005065,1.486048206096937,0.21152448866423568,0.21152448866423568,6.326424608078001e-07,0.16593208628598122,0.3774565749502169,1.4923151635683296e-06,0.006670933991790539,0.5223803444678928,True,0.16729970251396042,0.184261120757156,-0.184261120757156,0.2936838059580228,0.1094226852008668,0.0036779046081340822,0.012999328040926406,0.006821554545936647,0.2610459136161872,0.2610459136161872,0.0,0.0005694402416992539,0.0,0.0007571788081320672,0.0,0.2359686206905957,0.00015975903412587136,0.00031390163981219737,1.8979273824234005e-08,1.4923151635683297e-08,6.670933991790539e-05,0.5223803444678928
0.4910376497710601,0.41934573705224254,0.09109997719801811,9450,0.672112836981733,0.6721128376538458,0.7321482161061673,0.7321482161061673,0.09539273322509811,0.8275409493312654,0.0,0.02281458833321892,1.145857269647217,2.097645395286451e-05,0.08458000589004692,0.004085583559699788,0.010865051757934813,1.211630278917643,2.100740786433229,0.010154602926365493,0.11260163850920346,0.1431500719259543,-0.1431500719259543,0.45439527614517006,0.31124520421921575,0.029203720452147548,0.013902395227947673,-0.013902395227947673,0.7324050570971733,0.7185026618692256,0.07491180838943602,0.2366230611130738,1.213120243385027,2.1014173792822715,0.9233509182813937,0.9233509182813937,1.7686082594749658e-06,0.16593208628598122,1.089283004567375,4.1798011549501354e-06,0.03313988147941555,2.3685337978597483,True,0.23654687564290205,0.921615529584603,0.921615529584603,0.2936838059580228,1.2152993355426258,0.24551882488553006,0.20967286852612127,0.018219995439603624,0.672112836981733,0.672112836981733,0.0,0.001140729416660946,2.097645395286451e-05,0.006128375339549682,0.002716262939483703,1.211630278917643,0.0002920372045214755,0.0007491180838943602,5.305824778424897e-08,4.1798011549501357e-08,0.00033139881479415554,2.3685337978597483
0.8198016158461259,0.00481320571079058,0.01070711380456921,9475,1.6838573532434675,1.6838573549273248,1.2850437092913556,1.2850437092913556,0.09539273322509811,1.3804364425164537,0.0,0.01896728583327737,1.1122448762355273,0.0,0.06404675742393626,0.001208692667710959,1.2680721574813338,1.704144790136821,2.305428967863369,0.0019882659789591988,0.11260163850920346,0.2507873977603236,-0.2507873977603236,0.45439527614517006,0.20360787838484645,0.02677252085239294,0.011202897523160282,0.011202897523160282,0.7324050570971733,0.7436079546203336,0.054744337463474006,0.25971388912876403,1.7069001746665347,2.3064838975917517,3.186886090994615,3.186886090994615,3.75304533358094e-06,0.16593208628598122,3.352818177280596,4.811187614648984e-06,0.035175607702809426,4.123397504946648,True,0.2595951023022868,1.5186434219927012,1.5186434219927012,0.2936838059580228,1.812327227950724,0.40990080792306294,0.00240660285539529,0.0021414227609138424,1.6838573532434675,1.6838573532434675,0.0,0.0009483642916638686,0.0,0.0018130390015664384,0.31701803937033346,1.704144790136821,0.00026772520852392937,0.0005474433746347401,1.125913600074282e-07,4.811187614648984e-08,0.0003517560770280943,4.123397504946648
0.0390640140503627,0.002897598876419827,0.013255173163005467,9500,0.6831862717597603,0.6831862724429465,0.807205055849314,0.807205055849314,0.09539273322509811,0.9025977890744121,0.0,0.02171316911023003,1.4628048290719313,0.0,0.033157791608051886,0.0004623052117888729,0.05280566183394776,0.3571809612515786,1.59764618400152,0.0005569658368346471,0.11260163850920346,0.19308188126503534,0.19308188126503534,0.45439527614517006,0.6474771574102054,0.03948499977342375,0.7571665658094574,0.7571665658094574,0.7324050570971733,1.4895716229066307,0.04972379704391349,0.17998943119886718,0.3581564988458749,1.5984617772639076,0.9901061629169197,0.9901061629169197,6.3253472814234e-06,0.16593208628598122,1.1560382492029009,7.909285657001817e-06,0.03622584013969793,1.0802342210618583,True,0.17989759405300934,0.3020684971743114,0.3020684971743114,0.2936838059580228,0.5957523031323342,0.01953200702518135,0.0014487994382099134,0.0026510346326010935,0.6831862717597603,0.6831862717597603,0.0,0.0010856584555115015,0.0,0.0006934578176833093,0.01320141545848694,0.3571809612515786,0.0003948499977342375,0.000497237970439135,1.89760418442702e-07,7.909285657001817e-08,0.0003622584013969793,1.0802342210618583
0.708022595980977,0.0009158955693482351,0.00878780277546019,9525,1.8840699209405125,1.8840699228245825,2.174902331576038,2.174902331576038,0.09539273322509811,2.2702950648011364,0.0,0.02523387115480664,1.8973734408612724,0.0,0.07012311551670389,0.0023944797765887674,1.60361029975993,1.5411752246082633,2.241440785784108,0.006248913169385468,0.11260163850920346,0.08190476597319352,-0.08190476597319352,0.45439527614517006,0.37249051017197654,0.0735708164276064,0.16601448816083764,0.16601448816083764,0.7324050570971733,0.8984195452580109,0.05304203519750174,0.2525052474689964,1.5437190940466725,2.2424649266867345,3.08823359191848,3.08823359191848,1.315674083258089e-05,0.16593208628598122,3.254165678204461,1.890143715364776e-05,0.12866472721816075,4.189781299546666,True,0.2523899275150549,1.8565940049844256,1.8565940049844256,0.2936838059580228,2.1502778109424483,0.3540112979904885,0.00045794778467411756,0.0017575605550920381,1.8840699209405125,1.8840699209405125,0.0,0.0012616935577403321,0.0,0.0035917196648831513,0.4009025749399825,1.5411752246082633,0.0007357081642760641,0.0005304203519750174,3.9470222497742666e-07,1.890143715364776e-07,0.0012866472721816075,4.189781299546666
0.09354023799956832,0.02063758742652766,0.03193613598063674,9550,0.8333007206426885,0.8333007214759892,0.720518580507416,0.720518580507416,0.09539273322509811,0.8159113137325141,0.0,0.012472063465614977,1.6246346483001473,0.0,0.04065127791895989,0.0007192759106100617,0.07735952444257063,0.4982150268923426,1.705843486115968,0.0013790599931924748,0.11260163850920346,0.2793739244147136,-0.2793739244147136,0.45439527614517006,0.17502135173045646,0.03428127944423827,0.7564149341508658,-0.7564149341508658,0.7324050570971733,-0.024009877053692483,0.03527273546664955,0.192113380305187,0.49862371246430426,1.706132928324621,1.4555348460738344,1.4555348460738344,8.658466189794954e-06,0.16593208628598122,1.6214669323598156,8.51242701924233e-06,0.03911217938755883,1.4171212924152854,True,0.1920807886353445,0.4289620109299671,0.4289620109299671,0.2936838059580228,0.7226458168879899,0.04677011899978416,0.01031879371326383,0.006387227196127349,0.8333007206426885,0.8333007206426885,0.0,0.0006236031732807489,0.0,0.0010789138659150926,0.019339881110642658,0.4982150268923426,0.0003428127944423827,0.0003527273546664955,2.597539856938486e-07,8.51242701924233e-08,0.0003911217938755883,1.4171212924152854
0.08910831297181249,0.04960680342656021,0.033923695370931824,9575,0.23886933624898576,0.2388693364878551,0.3509709140777021,0.3509709140777021,0.09539273322509811,0.4463636473028002,0.0,0.01613466004804543,0.7381122596022582,0.0,0.0588168850056853,0.0016244205040760764,0.0,0.48791643741895085,1.698510155558923,0.0019696461485455637,0.11260163850920346,0.09354299283373413,0.09354299283373413,0.45439527614517006,0.5479382689789042,0.01746741781887362,0.15310137055402673,0.15310137055402673,0.7324050570971733,0.8855064276512,0.08458273211693959,0.19132224347376736,0.4887505264247475,1.6991069492035875,0.35701317359614704,0.35701317359614704,6.371630335441874e-07,0.16593208628598122,0.5229452598821283,1.9119665489905807e-06,0.010831474093255812,0.8073002891746729,True,0.19125504352555833,0.049633554650024,0.049633554650024,0.2936838059580228,0.3433173606080468,0.04455415648590624,0.024803401713280104,0.006784739074186365,0.23886933624898576,0.23886933624898576,0.0,0.0008067330024022715,0.0,0.0024366307561141144,0.0,0.48791643741895085,0.00017467417818873622,0.0008458273211693959,1.911489100632562e-08,1.911966548990581e-08,0.00010831474093255813,0.8073002891746729
0.7539194344242707,0.006888539823720952,0.012768271137125009,9600,1.212867833909449,1.2128678351223168,0.7518186987173562,0.7518186987173562,0.09539273322509811,0.8472114319424543,0.0,0.030374422491374196,1.2518318483170918,0.00025469289635014287,0.09595910073751472,0.0049110847548940505,0.4308723030607643,1.6085477076982089,2.268285341592423,0.01038018414056572,0.11260163850920346,0.2856582413994262,-0.2856582413994262,0.45439527614517006,0.16873703474574386,0.024403166636662157,0.3953398157907517,-0.3953398157907517,0.7324050570971733,0.33706524130642157,0.08875109250466895,0.25544425635989276,1.609259358556554,2.2685658668577497,2.006440998251314,2.006440998251314,2.8436308847070125e-06,0.16593208628598122,2.1723730845372953,6.028474101013212e-06,0.035505997016743354,3.322718048032778,True,0.2554126687525685,1.5894372876391856,1.5894372876391856,0.2936838059580228,1.8831210935972085,0.37695971721213534,0.003444269911860476,0.002553654227425002,1.212867833909449,1.212867833909449,0.0,0.00151872112456871,0.00025469289635014287,0.007366627132341076,0.10771807576519107,1.6085477076982089,0.00024403166636662157,0.0008875109250466895,8.530892654121037e-08,6.028474101013212e-08,0.00035505997016743355,3.322718048032778
0.0,0.0060214344582733,0.01225648001320343,9625,0.4048545001592989,0.4048545005641534,0.4065923750817355,0.4065923750817355,0.09539273322509811,0.5019851083068336,0.0,0.011190199828554778,1.3187083490741993,0.0,0.03289999491467375,0.0005628154242515419,0.0,0.06632104129365815,1.2575287193570033,0.0007948990380805968,0.11260163850920346,0.002842251344268354,0.002842251344268354,0.45439527614517006,0.4572375274894384,0.023688391667909783,0.5454450429470425,-0.5454450429470425,0.7324050570971733,0.1869600141501307,0.056074616502662225,0.14163511799615694,0.0664826583169851,1.2578423128910092,0.5367992948513572,0.5367992948513572,1.6730435247523732e-06,0.16593208628598122,0.7027313811373385,5.899689966493394e-06,0.053001612604433375,0.4793690432084949,True,0.14159980684726603,0.261814089459533,0.261814089459533,0.2936838059580228,0.5554978954175558,0.0,0.00301071722913665,0.0024512960026406862,0.4048545001592989,0.4048545001592989,0.0,0.000559509991427739,0.0,0.0008442231363773129,0.0,0.06632104129365815,0.00023688391667909782,0.0005607461650266222,5.01913057425712e-08,5.899689966493394e-08,0.0005300161260443337,0.4793690432084949
0.6997572047899231,0.09007148818542332,0.045413852382483716,9650,0.6825323296744671,0.6825323303569995,0.5749408634204585,0.5749408634204585,0.09539273322509811,0.6703335966455566,0.0,0.015726672421806788,0.989910258683133,0.0,0.07905505326670931,0.0025563923624889505,0.04555370268530704,1.5289691376374708,2.2365149160594346,0.004367666644828187,0.11260163850920346,0.15910060704015544,-0.15910060704015544,0.45439527614517006,0.2952946691050146,0.026592725694747077,0.2662680563824481,0.2662680563824481,0.7324050570971733,0.9986731134796214,0.0636920766126989,0.25192867602348334,1.5310213466378437,2.237344473716937,1.3113189099691709,1.3113189099691709,8.772296579063328e-07,0.16593208628598122,1.477250996255152,4.082033775380549e-06,0.058560603891142975,2.6329964533114714,True,0.2518352664637151,0.4276984321097652,0.4276984321097652,0.2936838059580228,0.721382238067788,0.34987860239496155,0.04503574409271166,0.009082770476496744,0.6825323296744671,0.6825323296744671,0.0,0.0007863336210903395,0.0,0.003834588543733426,0.01138842567132676,1.5289691376374708,0.0002659272569474708,0.000636920766126989,2.6316889737189984e-08,4.082033775380549e-08,0.0005856060389114298,2.6329964533114714
4.9948617522639465,0.04594980856531383,0.03684691228815675,9675,3.638838662722347,3.638838666361186,3.0564432805953343,3.0564432805953343,0.09539273322509811,3.151836013820432,0.0,0.05416725567884284,0.9389227751917129,0.0024146189530212755,0.12913877240043015,0.0029419121315349115,9.200931464241743,6.942796740301521,3.6349187350469694,0.0055819236026843026,0.11260163850920346,0.21196369665691922,-0.21196369665691922,0.45439527614517006,0.24243157948825084,0.18252579429481136,0.5697863748177018,0.5697863748177018,0.7324050570971733,1.302191431914875,0.19217149572047879,0.4114441833193965,7.043610391917134,3.6539801039037827,5.465181886582322,5.465181886582322,1.6629640211430031e-06,0.16593208628598122,5.631113972868302,4.365325353192534e-06,0.018345413825689723,15.423109802471417,True,0.40929784176327727,5.160047528509213,5.160047528509213,0.2936838059580228,5.453731334467236,2.4974308761319732,0.022974904282656916,0.00736938245763135,3.638838662722347,3.638838662722347,0.0,0.0027083627839421423,0.0024146189530212755,0.0044128681973023675,2.3002328660604356,6.942796740301521,0.0018252579429481137,0.0019217149572047878,4.988892063429009e-08,4.365325353192535e-08,0.00018345413825689725,15.423109802471417
0.0245723717928229,0.023714682667798415,0.02364292714199239,9700,0.2908281831144549,0.2908281834052831,0.32379383975139225,0.32379383975139225,0.09539273322509811,0.41918657297649037,0.0,0.033493567625674354,0.3029227916576759,0.0,0.02865454065756511,0.0001950106977371751,0.0,0.30997698872300866,1.5567557711627322,0.0009157934932078511,0.11260163850920346,0.15568063916819141,0.15568063916819141,0.45439527614517006,0.6100759153133615,0.02322764742151688,0.13345873983300827,0.13345873983300827,0.7324050570971733,0.8658637969301816,0.09284482065290563,0.17537492522731268,0.3107850367006583,1.557480974294781,0.5233651871981865,0.5233651871981865,3.577597553121672e-07,0.16593208628598122,0.6892972734841677,3.6889838854718953e-07,0.001954342792992365,0.6328247614545127,True,0.17529326615913995,0.04586823337028195,0.04586823337028195,0.2936838059580228,0.33955203932830474,0.01228618589641145,0.011857341333899207,0.004728585428398479,0.2908281831144549,0.2908281831144549,0.0,0.001674678381283718,0.0,0.00029251604660576264,0.0,0.30997698872300866,0.00023227647421516883,0.0009284482065290562,1.0732792659365016e-08,3.6889838854718954e-09,1.954342792992365e-05,0.6328247614545127
1.2190632878359708,0.09754648731069282,0.09738363690735333,9725,1.4118978163255784,1.4118978177374761,1.529254761596825,1.529254761596825,0.09539273322509811,1.6246474948219232,0.0,0.022683418511416715,1.6675845632493589,0.00030198387389254424,0.09737768321418434,0.0016450811431468633,0.6547325571155085,2.2623528803338226,2.504111990622315,0.0019038527120492533,0.11260163850920346,0.3143860286993203,-0.3143860286993203,0.45439527614517006,0.14000924744584975,0.07456819974415621,0.5512371208365374,-0.5512371208365374,0.7324050570971733,0.18116793626063585,0.11208094833884262,0.2820363682029313,2.2642027815988524,2.504726812946075,2.51452563331821,2.51452563331821,7.966407369475326e-06,0.16593208628598122,2.6804577196041914,1.4132895490867444e-05,0.13151699461576447,4.522801269155428,True,0.28196713819573566,0.9503246885927173,0.9503246885927173,0.2936838059580228,1.2440084945507401,0.6095316439179854,0.04877324365534641,0.019476727381470667,1.4118978163255784,1.4118978163255784,0.0,0.0011341709255708358,0.00030198387389254424,0.002467621714720295,0.16368313927887712,2.2623528803338226,0.0007456819974415622,0.0011208094833884262,2.389922210842598e-07,1.4132895490867445e-07,0.0013151699461576448,4.522801269155428
0.07411899052264273,0.011243389519228209,0.016363180575862456,9750,0.527388111784626,0.5273881123120141,0.5095206173138789,0.5095206173138789,0.09539273322509811,0.604913350538977,0.0,0.021328186047777798,0.5886882469713798,0.0,0.06957686295227117,0.0022223339080976014,0.009993141091052283,0.4519174155272586,1.67224803125577,0.002764272290060284,0.11260163850920346,0.08082857011329653,-0.08082857011329653,0.45439527614517006,0.37356670603187353,0.03334800229460357,0.0022185384396727903,-0.0022185384396727903,0.7324050570971733,0.7301865186575005,0.06522820403877222,0.18835691000652804,0.4526224654303765,1.67277222403305,1.057598013376819,1.057598013376819,3.7735713615766933e-07,0.16593208628598122,1.2235300996628002,1.1885423202984719e-06,0.01674459449493536,1.0333107800997117,True,0.1882978850356697,0.07764089137992608,0.07764089137992608,0.2936838059580228,0.3713246973379489,0.037059495261321365,0.005621694759614104,0.0032726361151724915,0.527388111784626,0.527388111784626,0.0,0.00106640930238889,0.0,0.003333500862146402,0.0024982852727630706,0.4519174155272586,0.00033348002294603574,0.0006522820403877223,1.132071408473008e-08,1.1885423202984719e-08,0.0001674459449493536,1.0333107800997117
0.06436951336040586,0.11696236766214241,0.05133195239353685,9775,1.0104749003870246,1.0104749013974994,1.0570869934552167,1.0570869934552167,0.09539273322509811,1.1524797266803148,0.0,0.047568416602807286,1.2954339691074204,0.0,0.0741508718460294,0.002808555288843133,0.1775443154024981,0.42733869464332797,1.6537114766036527,0.003039942903194757,0.11260163850920346,0.031036887794498647,0.031036887794498647,0.45439527614517006,0.4854321639396687,0.08440524466634963,0.26667378344494574,0.26667378344494574,0.7324050570971733,0.999078840542119,0.13946405297119874,0.18643733089844902,0.4299748845315948,1.6557247017854329,1.7266271619080404,1.7266271619080404,4.093973339096062e-06,0.16593208628598122,1.8925592481940217,5.895799143514648e-06,0.06363808280385265,1.5925985142159693,True,0.18621063842416033,0.9667187639742069,0.9667187639742069,0.2936838059580228,1.2604025699322297,0.03218475668020293,0.058481183831071204,0.01026639047870737,1.0104749003870246,1.0104749003870246,0.0,0.0023784208301403644,0.0,0.0042128329332647,0.044386078850624525,0.42733869464332797,0.0008440524466634963,0.0013946405297119873,1.2281920017288185e-07,5.8957991435146486e-08,0.0006363808280385265,1.5925985142159693
0.16995810377483475,0.012771542146204462,0.03482546637156826,9800,0.6358708881559778,0.6358708887918487,0.7614429727318442,0.7614429727318442,0.09539273322509811,0.8568357059569424,0.0,0.03301003574997417,1.3105591315905594,0.0,0.06618863594404258,0.0016510199724323487,0.02155733514071683,0.6597659060110677,1.8122597527952913,0.005899917727602457,0.11260163850920346,0.05612505127882561,-0.05612505127882561,0.45439527614517006,0.39827022486634445,0.03173132177805669,0.18782387244601373,0.18782387244601373,0.7324050570971733,0.920228929543187,0.09180861776579056,0.20415309486173785,0.6610600652336208,1.813056003749816,1.1623767252064674,1.1623767252064674,1.874395920913195e-06,0.16593208628598122,1.3283088114924486,9.140386315009435e-06,0.04083152503517938,1.4051269382147362,True,0.20406343569163132,0.22872703294230756,0.22872703294230756,0.2936838059580228,0.5224108389003304,0.08497905188741738,0.006385771073102231,0.006965093274313653,0.6358708881559778,0.6358708881559778,0.0,0.0016505017874987088,0.0,0.0024765299586485233,0.005389333785179208,0.6597659060110677,0.0003173132177805669,0.0009180861776579057,5.623187762739585e-08,9.140386315009435e-08,0.0004083152503517938,1.4051269382147362
0.8994917262856341,0.002531873757985581,0.009921551393948755,9825,3.3993010001801145,3.3993010035794153,3.8250667704928,3.8250667704928,0.09539273322509811,3.920459503717898,0.0,0.03205000858622982,2.135234448826247,0.0,0.07814671358519554,0.003421684624366931,7.729141806405461,1.8182240274451442,2.348415376449388,0.00903290553829421,0.11260163850920346,0.04501355976115656,-0.04501355976115656,0.45439527614517006,0.4093817163840135,0.13710506073796913,0.5565362865396953,0.5565362865396953,0.7324050570971733,1.2889413436368686,0.08344791658858616,0.2646172253189283,1.8225803600131474,2.350029762639753,5.763435336304507,5.763435336304507,3.597823876400088e-05,0.16593208628598122,5.929367422590488,1.922122428841796e-05,0.18547133408784428,7.613603131566634,True,0.2644354427725627,3.100992588090251,3.100992588090251,0.2936838059580228,3.3946763940482736,0.44974586314281706,0.0012659368789927905,0.001984310278789751,3.3993010001801145,3.3993010001801145,0.0,0.001602500429311491,0.0,0.005132526936550396,1.9322854516013652,1.8182240274451442,0.0013710506073796914,0.0008344791658858616,1.0793471629200264e-06,1.922122428841796e-07,0.0018547133408784427,7.613603131566634
1.0411935785317563,0.06369312600313592,0.03831346372594788,9850,6.1456163159930135,6.14561632213863,4.454666866047184,4.454666866047184,0.09539273322509811,4.550059599272282,0.0,0.029185863983831738,2.6059835157128672,0.0007905549881035331,0.10811680970706906,0.006270311318705685,30.90025492611294,2.017504726477393,2.4203889349320464,0.014507911152865293,0.11260163850920346,0.18733697779626857,-0.18733697779626857,0.45439527614517006,0.2670582983489015,0.13418498682930902,0.2765477118562826,0.2765477118562826,0.7324050570971733,1.0089527689534559,0.09334643892474534,0.2727469653865236,2.0227349980169422,2.422228883835841,8.78733976628526,8.78733976628526,6.602711687496259e-05,0.16593208628598122,8.953271852571241,2.7289614434177578e-05,0.3120612468522447,16.465344314612345,True,0.2725397841067836,9.5744466711609,9.5744466711609,0.2936838059580228,9.868130477118923,0.5205967892658782,0.03184656300156796,0.0076626927451895754,6.1456163159930135,6.1456163159930135,0.0,0.001459293199191587,0.0007905549881035331,0.009405466978058528,7.725063731528235,2.017504726477393,0.0013418498682930902,0.0009334643892474534,1.9808135062488776e-06,2.728961443417758e-07,0.003120612468522447,16.465344314612345
0.7793635879372338,0.3935382008875562,0.08994841163796266,9875,1.3417696553402254,1.341769656681995,1.1840599118062416,1.1840599118062416,0.09539273322509811,1.2794526450313397,0.0,0.044304252414712975,1.0242290217845396,0.0009746092996701144,0.11121873315287016,0.008012589249121006,0.5581458046095967,1.6456161605200381,2.2828157157285056,0.013993169914179085,0.11260163850920346,0.12754537346446326,-0.12754537346446326,0.45439527614517006,0.3268499026807068,0.05366772739221161,0.5084576089353362,0.5084576089353362,0.7324050570971733,1.2408626660325095,0.13406101323741626,0.25713666324037704,1.647618442967026,2.283595903299409,2.2771539866904673,2.2771539866904673,2.222308234058343e-06,0.16593208628598122,2.4430860729764485,3.5814571497285794e-06,0.03165038986125341,3.7487654433354645,True,0.2570488128337469,1.4627043247831302,1.4627043247831302,0.2936838059580228,1.7563881307411529,0.3896817939686169,0.1967691004437781,0.017989682327592533,1.3417696553402254,1.3417696553402254,0.0,0.002215212620735649,0.0009746092996701144,0.012018883873681508,0.13953645115239918,1.6456161605200381,0.000536677273922116,0.0013406101323741625,6.666924702175029e-08,3.5814571497285796e-08,0.0003165038986125341,3.7487654433354645
0.012665788327698454,0.027993184250699188,0.031144715744151057,9900,1.1608453351667405,1.160845336327586,1.3064775766245873,1.3064775766245873,0.09539273322509811,1.4018703098496854,0.0,0.015970373467187875,1.5461346995642633,0.0,0.030237557255887854,0.00026373348501575455,0.4175214926457689,0.2626996959943492,1.5125423845833135,0.00043473944455956674,0.11260163850920346,0.13693532229019711,0.13693532229019711,0.45439527614517006,0.5913305984353672,0.05067077854596147,0.20204648848541773,0.20204648848541773,0.7324050570971733,0.934451545582591,0.038809203584641135,0.17042861135493143,0.26373712573998304,1.5135534302679547,2.2219107424558624,2.2219107424558624,5.469435888191744e-06,0.16593208628598122,2.3878428287418436,1.1892355456143648e-05,0.05376950439118858,1.5571107305332934,True,0.1703147659441227,0.18564590677929316,0.18564590677929316,0.2936838059580228,0.47932971273731595,0.006332894163849227,0.013996592125349594,0.006228943148830212,1.1608453351667405,1.1608453351667405,0.0,0.0007985186733593938,0.0,0.00039560022752363185,0.10438037316144222,0.2626996959943492,0.0005067077854596147,0.0003880920358464114,1.640830766457523e-07,1.1892355456143648e-07,0.0005376950439118858,1.5571107305332934
0.7016403511138063,0.003230245744093585,0.033665647917300395,9925,1.0238230092187584,1.0238230102425814,1.1494175625463414,1.1494175625463414,0.09539273322509811,1.2448102957714395,0.0,0.025236971988042978,1.4019999284539733,0.0,0.06632098865631844,0.001330574469636133,0.1734564892464458,1.5317521512731795,2.2376397501992167,0.003133469230672879,0.11260163850920346,0.07555534352785265,-0.07555534352785265,0.45439527614517006,0.3788399326173174,0.04766007566760052,0.3160541745066533,0.3160541745066533,0.7324050570971733,1.0484592316038266,0.13497882985670664,0.25209947600604843,1.5347773831869511,2.2388613252446583,1.6874995121974705,1.6874995121974705,4.62265499249444e-06,0.16593208628598122,1.8534315984834517,4.976613540983806e-06,0.03151207395748949,2.9635071193604183,True,0.251961924642154,0.9831854319483874,0.9831854319483874,0.2936838059580228,1.2768692379064102,0.35082017555690315,0.0016151228720467925,0.00673312958346008,1.0238230092187584,1.0238230092187584,0.0,0.0012618485994021489,0.0,0.0019958617044541997,0.04336412231161145,1.5317521512731795,0.0004766007566760052,0.0013497882985670665,1.386796497748332e-07,4.9766135409838067e-08,0.00031512073957489493,2.9635071193604183
0.04337641361134828,0.004995722087510646,0.012664519992764408,9950,0.7615518150936658,0.7615518158552176,0.7995933940565104,0.7995933940565104,0.09539273322509811,0.8949861272816085,0.0,0.0183630334932353,1.2718801730566787,0.0,0.02692445636642101,0.00013098687963673702,0.07955236193055656,0.3699924533892246,1.6082700497223454,0.0013155095400454956,0.11260163850920346,0.007143118715005559,0.007143118715005559,0.45439527614517006,0.4615383948601756,0.041637938876683996,0.02695803331086466,0.02695803331086466,0.7324050570971733,0.759363090408038,0.044552005896954475,0.1811606032855026,0.3707139068486576,1.608862798049493,1.4647515187433415,1.4647515187433415,1.9954216866041264e-06,0.16593208628598122,1.6306836050293227,6.0701720791557736e-06,0.030325023966904154,1.1804312330594056,True,0.1810938588467147,0.33790749322439384,0.33790749322439384,0.2936838059580228,0.6315912991824166,0.02168820680567414,0.002497861043755323,0.002532903998552882,0.7615518150936658,0.7615518150936658,0.0,0.0009181516746617651,0.0,0.00019648031945510553,0.01988809048263914,0.3699924533892246,0.00041637938876684,0.00044552005896954477,5.986265059812379e-08,6.070172079155774e-08,0.00030325023966904153,1.1804312330594056
0.129483488714924,0.2365973330233485,0.07320200507531419,9975,1.0565849263332476,1.0565849273898325,1.0577265224361863,1.0577265224361863,0.09539273322509811,1.1531192556612844,0.0,0.04268915138201962,1.5444883957214453,0.0,0.06721469250093884,0.0020811296395057697,0.2869714885638096,0.5773540026227421,1.7598381423847727,0.006828023829609049,0.11260163850920346,0.10314756527211977,0.10314756527211977,0.45439527614517006,0.5575428414172898,0.022970590357376197,0.7980982171534577,0.7980982171534577,0.7324050570971733,1.530503274250631,0.12990202559875946,0.1982958826286827,0.5791801992007408,1.761038894670135,1.8970722469009265,1.8970722469009265,4.1541501803456454e-06,0.16593208628598122,2.0630043331869077,1.0228635775299795e-05,0.05624750354164381,1.9107101931153418,True,0.1981606759418997,0.4653921499822652,0.4653921499822652,0.2936838059580228,0.759075955940288,0.064741744357462,0.11829866651167426,0.014640401015062837,1.0565849263332476,1.0565849263332476,0.0,0.002134457569100981,0.0,0.0031216944592586545,0.0717428721409524,0.5773540026227421,0.00022970590357376198,0.0012990202559875947,1.2462450541036935e-07,1.0228635775299795e-07,0.0005624750354164381,1.9107101931153418
0.028741459722506277,0.01816875895736536,0.022387483965449696,10000,0.5845826151588269,0.5845826157434095,0.6914519471911379,0.6914519471911379,0.09539273322509811,0.786844680416236,0.0,0.021242251491568758,1.0184509619333233,0.0,0.04527267331467287,0.000547392816155525,0.012474115197598017,0.32436791076508126,1.5695330638032188,0.0008099879061891967,0.11260163850920346,0.061970397476412975,-0.061970397476412975,0.45439527614517006,0.3924248786687571,0.03645630053725225,0.20062463927649254,-0.20062463927649254,0.7324050570971733,0.5317804178206808,0.056513585415406284,0.1767906040575841,0.32496090892426494,1.570053426377094,1.0838089315464727,1.0838089315464727,4.762129780214968e-07,0.16593208628598122,1.249741017832454,4.083910040620433e-06,0.027558865860220938,0.9430902052987638,True,0.17673201037394323,0.10883933904845214,-0.10883933904845214,0.2936838059580228,0.18484446690957065,0.014370729861253139,0.00908437947868268,0.004477496793089939,0.5845826151588269,0.5845826151588269,0.0,0.001062112574578438,0.0,0.0008210892242332874,0.0031185287993995042,0.32436791076508126,0.00036456300537252245,0.0005651358541540628,1.4286389340644904e-08,4.083910040620433e-08,0.0002755886586022094,0.9430902052987638
0.852247745829996,0.011129858515496527,0.016939955658038852,10025,3.0496700485415458,3.0496700515912156,2.804158602683116,2.804158602683116,0.09539273322509811,2.8995513359082143,0.0,0.006560669774212881,2.2973152887816477,0.0,0.04668671422556906,0.0007967152354991173,6.073614422089546,1.750785867615999,2.323172652232504,0.0033890418295626987,0.11260163850920346,0.045241916163315354,-0.045241916163315354,0.45439527614517006,0.4091533599818547,0.12801352237973632,0.09289278631943232,0.09289278631943232,0.7324050570971733,0.8252978434166056,0.025791726669883257,0.26188010206838247,1.7575381359278694,2.3257217415158693,5.663837198369569,5.663837198369569,1.6524975695809496e-05,0.16593208628598122,5.82976928465555,3.166724653157589e-05,0.17099861924176724,6.758708272430894,True,0.2615930704128784,2.5591803255138075,2.5591803255138075,0.2936838059580228,2.85286413147183,0.426123872914998,0.005564929257748263,0.0033879911316077706,3.0496700485415458,3.0496700485415458,0.0,0.0003280334887106441,0.0,0.0011950728532486759,1.5184036055223864,1.750785867615999,0.0012801352237973632,0.0002579172666988326,4.957492708742848e-07,3.166724653157589e-07,0.0017099861924176724,6.758708272430894
1.0913046181472343,0.011266220056278309,0.016305776552144366,10050,2.4401223712958915,2.440122373736014,2.6003837376283148,2.6003837376283148,0.09539273322509811,2.6957764708534127,0.0,0.025191968799371477,1.9853301049004262,0.0,0.03618470728141735,0.0004590426248692374,3.3036513812247037,2.0870288284069525,2.444655262824648,0.0036771298004082804,0.11260163850920346,0.03380201682154005,-0.03380201682154005,0.45439527614517006,0.42059325932363,0.042900116584297925,1.0660682431854798,1.0660682431854798,0.7324050570971733,1.798473300282653,0.062477651004953616,0.2754384746313896,2.0912972210017515,2.4461318131490475,4.048211666781091,4.048211666781091,7.593204556532884e-06,0.16593208628598122,4.214143753067073,1.110119850874094e-05,0.08866704673845485,5.911499568749876,True,0.2752722126307554,2.3416508357526897,2.3416508357526897,0.2936838059580228,2.6353346417107124,0.5456523090736172,0.005633110028139154,0.0032611553104288735,2.4401223712958915,2.4401223712958915,0.0,0.001259598439968574,0.0,0.0006885639373038562,0.8259128453061759,2.0870288284069525,0.00042900116584297925,0.0006247765100495362,2.277961366959865e-07,1.110119850874094e-07,0.0008866704673845486,5.911499568749876
4.065026544412662,0.012642988500078944,0.01921433333674303,10075,3.6589674459252657,3.658967449584233,2.9978767267552984,2.9978767267552984,0.09539273322509811,3.0932694599803967,0.0,0.0460243596758808,1.3865722439210535,0.0,0.061977170977435256,0.0007118284637904471,9.385284149064365,5.8379794229630875,3.416191098188032,0.0015435080712878143,0.11260163850920346,0.19489409420604303,-0.19489409420604303,0.45439527614517006,0.259501181939127,0.05315867885056687,1.1460258769384022,1.1460258769384022,0.7324050570971733,1.8784309340355756,0.14904704145468786,0.3849742254046575,5.851096514383084,3.4189039903193934,6.6886861069737975,6.6886861069737975,2.7326836815459476e-06,0.16593208628598122,6.854618193259778,6.713676605255772e-06,0.03406830335398663,13.891677389311512,True,0.3846687492784385,3.4442805142105577,3.4442805142105577,0.2936838059580228,3.7379643201685804,2.032513272206331,0.006321494250039472,0.003842866667348606,3.6589674459252657,3.6589674459252657,0.0,0.00230121798379404,0.0,0.0010677426956856705,2.346321037266091,5.8379794229630875,0.0005315867885056687,0.0014904704145468786,8.198051044637843e-08,6.713676605255772e-08,0.00034068303353986635,13.891677389311512
0.22030035528721348,0.004866872131553901,0.01137571124264554,10100,1.0918500163895772,1.0918500174814272,0.9319487289937118,0.9319487289937118,0.09539273322509811,1.02734146221881,0.0,0.03064633494651371,1.3265148934272732,0.0,0.07674250186254941,0.0032736705006415566,0.27049741449340786,0.7557896725571147,1.8693616465873766,0.00594500483923066,0.11260163850920346,0.057550479383707775,-0.057550479383707775,0.45439527614517006,0.3968447967614623,0.039544618477332254,0.0490662572370415,0.0490662572370415,0.7324050570971733,0.7814713143342148,0.07326241592699564,0.2105560389781701,0.7567602563010365,1.869919683822039,1.6969103988583911,1.6969103988583911,2.921449753539692e-06,0.16593208628598122,1.8628424851443723,8.880407208461032e-06,0.048367258091172705,2.0381775403987645,True,0.21049320306561758,1.4855737655423509,1.4855737655423509,0.2936838059580228,1.7792575715003738,0.11015017764360674,0.0024334360657769505,0.002275142248529108,1.0918500163895772,1.0918500163895772,0.0,0.0015323167473256854,0.0,0.004910505750962335,0.06762435362335197,0.7557896725571147,0.00039544618477332255,0.0007326241592699565,8.764349260619076e-08,8.880407208461032e-08,0.0004836725809117271,2.0381775403987645
0.5250709102361918,0.03577724493989898,0.03694763841245001,10125,1.3477901788185458,1.3477901801663361,1.200194203977757,1.200194203977757,0.09539273322509811,1.295586937202855,0.0,0.028634813402909576,1.2673579721087096,0.0,0.03615807157566898,0.00025121019921128904,0.5795326168845619,1.2647651249314589,2.124617768369084,0.0011098418755914332,0.11260163850920346,0.07102784291043773,-0.07102784291043773,0.45439527614517006,0.3833674332347323,0.037462192166657145,0.183618371292403,0.183618371292403,0.7324050570971733,0.9160234283895763,0.07223199397344283,0.2393569665255123,1.2671933378108688,2.125696823221452,2.2948097991362624,2.2948097991362624,7.817445989487558e-07,0.16593208628598122,2.4607418854222436,5.624296733682587e-06,0.03689621121984617,3.048526602879547,True,0.23923546317030386,1.528827343602221,1.528827343602221,0.2936838059580228,1.822511149560244,0.2625354551180959,0.01788862246994949,0.007389527682490002,1.3477901788185458,1.3477901788185458,0.0,0.001431740670145479,0.0,0.00037681529881693356,0.14488315422114048,1.2647651249314589,0.00037462192166657146,0.0007223199397344283,2.3452337968462676e-08,5.624296733682587e-08,0.0003689621121984617,3.048526602879547
0.4852161147147745,0.006671780343164846,0.012671608216410757,10150,0.42863344992738317,0.42863345035601663,0.43061179228942625,0.43061179228942625,0.09539273322509811,0.5260045255145244,0.0,0.013646068357708138,0.8488479730301676,0.0,0.056899327379342494,0.0010066524719743166,0.0,1.20247576103546,2.096574557900857,0.0026269917394128386,0.11260163850920346,0.12164641745700011,-0.12164641745700011,0.45439527614517006,0.33274885868816995,0.020138349181246136,0.4068418600445329,-0.4068418600445329,0.7324050570971733,0.3255631970526404,0.041649229068529255,0.23615026448053322,1.203888516577552,2.0972185363807667,0.5976961395149915,0.5976961395149915,4.3791201638504396e-07,0.16593208628598122,0.7636282258009727,3.0058020566582216e-06,0.0458736466496677,1.8828564177053173,True,0.23607775144209092,0.44232096152688116,0.44232096152688116,0.2936838059580228,0.736004767484904,0.24260805735738725,0.003335890171582423,0.0025343216432821515,0.42863344992738317,0.42863344992738317,0.0,0.0006823034178854069,0.0,0.001509978707961475,0.0,1.20247576103546,0.00020138349181246135,0.00041649229068529254,1.3137360491551319e-08,3.0058020566582214e-08,0.000458736466496677,1.8828564177053173
0.05773288499100761,0.012460654662858395,0.031669394887081,10175,0.5753693683307213,0.5753693689060906,0.5911311342617094,0.5911311342617094,0.09539273322509811,0.6865238674868075,0.0,0.024734185042370974,0.8244513028246399,0.0,0.024406340696051854,0.00020098333731155787,0.014091094747845992,0.4099542323857359,1.6402766842434104,0.0010792008919272434,0.11260163850920346,0.012232787646161869,-0.012232787646161869,0.45439527614517006,0.4421624884990082,0.031038575386512984,0.30717216281066884,-0.30717216281066884,0.7324050570971733,0.42523289428650446,0.06947579186399877,0.18476566700155406,0.4107257400778561,1.6408788809735082,1.0995024136179121,1.0995024136179121,1.5257355595640712e-06,0.16593208628598122,1.2654344999038933,3.0075298673412755e-06,0.012658674233507,1.0329470137280594,True,0.1846978586570182,0.049026515605694376,0.049026515605694376,0.2936838059580228,0.34271032156371717,0.028866442495503804,0.006230327331429197,0.006333878977416201,0.5753693683307213,0.5753693683307213,0.0,0.0012367092521185488,0.0,0.0003014750059673368,0.003522773686961498,0.4099542323857359,0.0003103857538651298,0.0006947579186399877,4.577206678692213e-08,3.007529867341276e-08,0.00012658674233507,1.0329470137280594
0.18058259907066002,0.03850202006294701,0.035201339837829304,10200,0.40365791295550457,0.40365791335916246,0.516941291978677,0.516941291978677,0.09539273322509811,0.6123340252037751,0.0,0.025763191513627548,0.35934180344984956,0.0,0.03414361121236951,0.00019104094511679964,0.003302828113936062,0.6805426899713749,1.8249501136258937,0.0011941857683834154,0.11260163850920346,0.11699919182898222,0.11699919182898222,0.45439527614517006,0.5713944679741523,0.02510979333407848,0.39610229899453187,0.39610229899453187,0.7324050570971733,1.1285073560917052,0.05698282819179561,0.20560503170255764,0.6821941595930039,1.8259504583163593,0.4494890911433982,0.4494890911433982,1.6701451755671265e-07,0.16593208628598122,0.6154211774293794,4.222729554083886e-07,0.010268271784274688,1.204107226649356,True,0.20549239124133378,0.41814348078198615,0.41814348078198615,0.2936838059580228,0.711827286740009,0.09029129953533001,0.019251010031473503,0.007040267967565861,0.40365791295550457,0.40365791295550457,0.0,0.0012881595756813774,0.0,0.00028656141767519945,0.0008257070284840155,0.6805426899713749,0.0002510979333407848,0.0005698282819179562,5.010435526701379e-09,4.222729554083886e-09,0.00010268271784274688,1.204107226649356
0.5448743948974151,0.2135005646536804,0.0673239765003039,10225,0.783313522987985,0.7833135237712985,1.0197279523374512,1.0197279523374512,0.09539273322509811,1.1151206855625493,0.0,0.030441264213256197,1.1362919104919875,0.0,0.062014748288218007,0.001659434913467784,0.05308712992092759,1.2953992569771968,2.1381560775997275,0.002008073400124764,0.11260163850920346,0.062952091126321,-0.062952091126321,0.45439527614517006,0.39144318501884906,0.053722322120685916,0.44340463432702737,0.44340463432702737,0.7324050570971733,1.1758096914242007,0.08859534411344892,0.24088485455895484,1.2979265403778724,2.139265790049834,1.3044654368384225,1.3044654368384225,9.911589387163417e-07,0.16593208628598122,1.4703975231244037,4.023302312272822e-06,0.028306420468412686,2.490354363936703,True,0.24075989910770165,0.3547598827528192,0.3547598827528192,0.2936838059580228,0.648443688710842,0.27243719744870754,0.1067502823268402,0.013464795300060782,0.783313522987985,0.783313522987985,0.0,0.0015220632106628098,0.0,0.0024891523702016763,0.013271782480231897,1.2953992569771968,0.0005372232212068591,0.0008859534411344893,2.9734768161490253e-08,4.0233023122728216e-08,0.0002830642046841269,2.490354363936703
0.0,0.05278253624904483,0.041550075683898846,10250,0.4641767314472837,0.46417673191146047,0.46434064832536426,0.46434064832536426,0.09539273322509811,0.5597333815504624,0.0,0.029914816171657865,0.9917114587759852,0.0,0.048276557981056956,0.0009718257879097918,0.0013468757013343719,0.12834578070844527,1.3582537937111696,0.0017171592401208295,0.11260163850920346,0.07737042595235544,0.07737042595235544,0.45439527614517006,0.5317657020975255,0.02706393819802117,0.0024106435842816687,0.0024106435842816687,0.7324050570971733,0.734815700681455,0.08012789173257372,0.15300847041377796,0.12877153999139954,1.3588475163511649,0.9161311728905337,0.9161311728905337,1.0309795936369924e-06,0.16593208628598122,1.082063259176515,5.724395362651397e-06,0.04582831035538728,0.6320442834090135,True,0.15294161626575725,0.1280610580796329,-0.1280610580796329,0.2936838059580228,0.1656227478783899,0.0,0.026391268124522416,0.00831001513677977,0.4641767314472837,0.4641767314472837,0.0,0.0014957408085828933,0.0,0.0014577386818646876,0.00033671892533359296,0.12834578070844527,0.0002706393819802117,0.0008012789173257372,3.092938780910977e-08,5.724395362651397e-08,0.0004582831035538728,0.6320442834090135
0.19996093268906634,0.0024476434391811352,0.01736090827562007,10275,0.4919362279824678,0.491936228474404,0.5689636701171144,0.5689636701171144,0.09539273322509811,0.6643564033422125,0.0,0.033640180348755655,1.1389974275845745,0.0,0.04116572385949029,0.0003087460863029453,0.0018632067911269648,0.7176968645172829,1.8471699147852707,0.001162830111083289,0.11260163850920346,0.07181410278563993,-0.07181410278563993,0.45439527614517006,0.3825811733595301,0.01922845886249786,0.063753118050905,0.063753118050905,0.7324050570971733,0.7961581751480783,0.0830628342736154,0.20807487841131733,0.7189086894345118,1.847884832647991,0.9305875177104859,0.9305875177104859,3.1966893927612657e-06,0.16593208628598122,1.096519603996467,3.5446139265745745e-06,0.09296313596168465,1.3188731677014716,True,0.20799437748142635,0.1052223976931039,-0.1052223976931039,0.2936838059580228,0.1884614082649189,0.09998046634453317,0.0012238217195905676,0.003472181655124014,0.4919362279824678,0.4919362279824678,0.0,0.001682009017437783,0.0,0.00046311912945441795,0.0004658016977817412,0.7176968645172829,0.00019228458862497862,0.0008306283427361539,9.590068178283796e-08,3.544613926574575e-08,0.0009296313596168465,1.3188731677014716
0.04180317360593729,0.06167078658876257,0.05037137588562664,10300,0.5246750824080519,0.524675082932727,0.42205297205163206,0.42205297205163206,0.09539273322509811,0.5174457052767302,0.0,0.012761356116258577,0.696719294414393,0.0,0.04914444502354215,0.0003009573233690873,0.0002950959792972124,0.36536976893579015,1.604458244162316,0.0006270841620039053,0.11260163850920346,0.1687867240465331,-0.1687867240465331,0.45439527614517006,0.28560855209863695,0.016393751305347058,0.5647252216726624,-0.5647252216726624,0.7324050570971733,0.16767983542451087,0.05947543929985379,0.18069603871512166,0.365706915339058,1.604737062977835,0.8724798896653554,0.8724798896653554,8.2070814228815e-07,0.16593208628598122,1.0384119759513366,1.7070331065393266e-06,0.013137769209406047,0.9539094956937294,True,0.18066464325685885,0.29944333346500707,0.29944333346500707,0.2936838059580228,0.5931271394230299,0.020901586802968646,0.030835393294381286,0.010074275177125329,0.5246750824080519,0.5246750824080519,0.0,0.0006380678058129289,0.0,0.0004514359850536309,7.37739948243031e-05,0.36536976893579015,0.0001639375130534706,0.000594754392998538,2.46212442686445e-08,1.7070331065393266e-08,0.00013137769209406046,0.9539094956937294
0.016798066283371882,0.0018538716097258323,0.015765289093649146,10325,0.42187240914120877,0.42187240956308114,0.4792889528009565,0.4792889528009565,0.09539273322509811,0.5746816860260546,0.0,0.016595138122105207,0.7108209834599246,0.0,0.048153883973214365,0.0009832328386460386,0.0,0.2804839497070954,1.5296073542796544,0.001792348496187118,0.11260163850920346,0.14462369604820724,0.14462369604820724,0.45439527614517006,0.5990189721933773,0.014302897195408625,0.2483569693703528,0.2483569693703528,0.7324050570971733,0.9807620264675261,0.04158959218676959,0.17230347876262175,0.28111614795801376,1.5302038739560602,0.7567558636651325,0.7567558636651325,3.258710325932375e-07,0.16593208628598122,0.9226879499511137,1.8138511575419942e-06,0.03506326015710786,0.7180495771876926,True,0.1722363096636903,0.06990790077474632,-0.06990790077474632,0.2936838059580228,0.22377590518327647,0.008399033141685941,0.0009269358048629162,0.0031530578187298295,0.42187240914120877,0.42187240914120877,0.0,0.0008297569061052603,0.0,0.0014748492579690579,0.0,0.2804839497070954,0.00014302897195408627,0.0004158959218676959,9.776130977797125e-09,1.8138511575419942e-08,0.0003506326015710786,0.7180495771876926
0.009470571104357112,0.026081439897279624,0.024801036597597883,10350,0.8414755845241435,0.8414755853656191,0.8873032649614816,0.8873032649614816,0.09539273322509811,0.9826959981865797,0.0,0.034552672056990266,1.7030973590841896,0.0,0.0338585422372773,0.00043003228202212663,0.10127313313290727,0.2473240585457591,1.4973168593017525,0.0011544350913327748,0.11260163850920346,0.06934358002264573,0.06934358002264573,0.45439527614517006,0.5237388561678158,0.032878494553340486,0.017149264839919187,0.017149264839919187,0.7324050570971733,0.7495543219370925,0.09191836003055989,0.16866342453029592,0.24788155193087166,1.4978770449929095,1.5456616641535068,1.5456616641535068,3.868142313669394e-06,0.16593208628598122,1.711593750439488,9.011335869391953e-06,0.09623003429392157,1.1414372962457562,True,0.1686003466980004,0.5991044236291834,0.5991044236291834,0.2936838059580228,0.8927882295872062,0.004735285552178556,0.013040719948639812,0.004960207319519577,0.8414755845241435,0.8414755845241435,0.0,0.0017276336028495135,0.0,0.0006450484230331899,0.025318283283226817,0.2473240585457591,0.00032878494553340487,0.0009191836003055989,1.1604426941008182e-07,9.011335869391952e-08,0.0009623003429392158,1.1414372962457562
0.8336395570201584,0.05292945294265228,0.050530536770054146,10375,1.3169674109460696,1.316967412263037,1.5759274424531504,1.5759274424531504,0.09539273322509811,1.6713201756782485,0.0,0.011171229332923934,1.5081664655476472,0.0,0.05005652507890686,0.0007286232079553351,0.534897631662862,1.7240704685326032,2.313038639390556,0.0021036184995328992,0.11260163850920346,0.17941670332365056,-0.17941670332365056,0.45439527614517006,0.2749785728215195,0.05191587078552264,0.7350039774779397,0.7350039774779397,0.7324050570971733,1.467409034575113,0.04149906164615227,0.2607138642763202,1.7301838771211124,2.3153645415325412,2.2496392353712786,2.2496392353712786,1.536310195074215e-06,0.16593208628598122,2.41557132165726,9.21856145368829e-06,0.0858991722179801,3.6315976753298003,True,0.2604519638608616,0.7450977327004039,0.7450977327004039,0.2936838059580228,1.0387815386584267,0.4168197785100792,0.02646472647132614,0.01010610735401083,1.3169674109460696,1.3169674109460696,0.0,0.0005585614666461968,0.0,0.0010929348119330027,0.1337244079157155,1.7240704685326032,0.0005191587078552264,0.0004149906164615227,4.608930585222645e-08,9.21856145368829e-08,0.000858991722179801,3.6315976753298003
0.7399763644492185,0.17392709255786876,0.06187243290477428,10400,0.6168031129982703,0.6168031136150733,0.6638064171252709,0.6638064171252709,0.09539273322509811,0.759199150350369,0.0,0.01817355816317415,0.9632483700653337,0.0,0.06591366147256764,0.0015790909193244165,0.02305734591353036,1.5881513954169946,2.2602187887097203,0.0028909338495967983,0.11260163850920346,0.16958125239879324,-0.16958125239879324,0.45439527614517006,0.2848140237463768,0.030966599060228788,0.20194623925599886,0.20194623925599886,0.7324050570971733,0.9343512963531722,0.0572667282562145,0.2545954969690226,1.5901919940466147,2.2610281495853353,1.1736069093649628,1.1736069093649628,1.2545836631908096e-06,0.16593208628598122,1.339538995650944,3.851205191391067e-06,0.024281230413778374,2.6844475959921557,True,0.2545043616001895,0.1212360630571277,0.1212360630571277,0.2936838059580228,0.4149198690151505,0.3699881822246093,0.08696354627893438,0.012374486580954858,0.6168031129982703,0.6168031129982703,0.0,0.0009086779081587076,0.0,0.0023686363789866246,0.00576433647838259,1.5881513954169946,0.0003096659906022879,0.000572667282562145,3.763750989572429e-08,3.851205191391067e-08,0.00024281230413778374,2.6844475959921557
0.06584770867098214,0.02983199377476664,0.02641206114596048,10425,0.493724684206646,0.4937246847003707,0.4383713771392981,0.4383713771392981,0.09539273322509811,0.5337641103643962,0.0,0.023444845265851548,0.7168252919381983,0.0,0.03633858328344314,0.00030403777962124105,0.008826160930817412,0.4311341757101626,1.6566080837989756,0.0007075047694123723,0.11260163850920346,0.03613840029859583,0.03613840029859583,0.45439527614517006,0.4905336764437659,0.015688708743986115,0.46794002957103575,0.46794002957103575,0.7324050570971733,1.200345086668209,0.10548341641977997,0.18662504078458675,0.432163883882502,1.6573917278780605,0.8972553404854491,0.8972553404854491,8.963877428499673e-08,0.16593208628598122,1.0631874267714303,1.9820352719613764e-06,0.03628856712866472,0.9833905919667442,True,0.18653680116943733,0.03619193054611919,-0.03619193054611919,0.2936838059580228,0.2574918754119036,0.03292385433549107,0.01491599688738332,0.005282412229192096,0.493724684206646,0.493724684206646,0.0,0.0011722422632925774,0.0,0.00045605666943186155,0.002206540232704353,0.4311341757101626,0.00015688708743986116,0.0010548341641977998,2.689163228549902e-09,1.9820352719613766e-08,0.00036288567128664717,0.9833905919667442
0.051859364144175114,0.3623762377824029,0.08584534932463028,10450,0.8233154379455115,0.8233154387688268,1.051044770300241,1.051044770300241,0.09539273322509811,1.1464375035253391,0.0,0.024910038382681014,1.6381398159831062,0.0,0.0762798347186262,0.002809644220660158,0.08303401325943907,0.39404057352722877,1.627726511728817,0.003989860821112329,0.11260163850920346,0.13146276841291848,0.13146276841291848,0.45439527614517006,0.5858580445580885,0.053302839395667524,0.42876998898191865,0.42876998898191865,0.7324050570971733,1.161175046079092,0.09722818282634203,0.18342187535663307,0.3955716234037708,1.628944849254504,1.4404908093733633,1.4404908093733633,7.260992307267583e-06,0.16593208628598122,1.6064228956593445,8.232846348066568e-06,0.1569015760429133,1.4709359800068211,True,0.1832846885428001,0.0916870469617887,0.0916870469617887,0.2936838059580228,0.3853708529198115,0.025929682072087557,0.18118811889120146,0.017169069864926056,0.8233154379455115,0.8233154379455115,0.0,0.0012455019191340508,0.0,0.004214466330990237,0.020758503314859768,0.39404057352722877,0.0005330283939566753,0.0009722818282634204,2.178297692180275e-07,8.232846348066567e-08,0.001569015760429133,1.4709359800068211
3.679644053624975,0.11555534039310533,0.051215196944127246,10475,4.967643698558285,4.967643703525928,5.4307622008848035,5.4307622008848035,0.09539273322509811,5.526154934109901,0.0,0.02001426867259428,1.7430014558535816,0.00024006937581636661,0.0954941723178867,0.002434422589886392,18.91088414232325,5.374235919340411,3.3182398321442954,0.003862424257328198,0.11260163850920346,0.29089308138031866,0.29089308138031866,0.45439527614517006,0.7452883575254887,0.09553252134872486,1.758771372299667,1.758771372299667,0.7324050570971733,2.49117642939684,0.055771971035610046,0.37411086800794635,5.393671739069311,3.322427983613122,8.646386601463384,8.646386601463384,8.526820960411952e-06,0.16593208628598122,8.812318687749364,1.62573740672593e-05,0.07261097819353489,16.9845753796558,True,0.3736392752483502,3.9945393922908714,3.9945393922908714,0.2936838059580228,4.288223198248894,1.8398220268124874,0.057777670196552666,0.01024303938882545,4.967643698558285,4.967643698558285,0.0,0.001000713433629714,0.00024006937581636661,0.0036516338848295877,4.727721035580813,5.374235919340411,0.0009553252134872486,0.0005577197103561005,2.5580462881235855e-07,1.62573740672593e-07,0.0007261097819353489,16.9845753796558
0.024708029080725495,0.04174458180783025,0.03114607341300081,10500,0.7888575153118381,0.7888575161006958,0.9197620184892539,0.9197620184892539,0.09539273322509811,1.015154751714352,0.0,0.027776017471866726,1.2639877383821347,0.0,0.05369263427747047,0.0012101928835380718,0.08125684105391327,0.31045833171123327,1.5571878782881348,0.0013582870732609964,0.11260163850920346,0.0041405555638375224,-0.0041405555638375224,0.45439527614517006,0.45025472058133253,0.03298009234513059,0.0883290782651368,-0.0883290782651368,0.7324050570971733,0.6440759788320365,0.1137325120948262,0.17540569422622362,0.3110897806473829,1.557754229609586,1.471292002061315,1.471292002061315,4.106268731455443e-06,0.16593208628598122,1.6372240883472962,4.9529647529215065e-06,0.05613378439272636,1.1643183042183647,True,0.17534192213379285,0.3049580418520429,0.3049580418520429,0.2936838059580228,0.5986418478100657,0.012354014540362748,0.020872290903915125,0.0062292146826001624,0.7888575153118381,0.7888575153118381,0.0,0.0013888008735933365,0.0,0.0018152893253071077,0.020314210263478318,0.31045833171123327,0.0003298009234513059,0.001137325120948262,1.2318806194366327e-07,4.9529647529215066e-08,0.0005613378439272635,1.1643183042183647
0.11276173073298168,4.937108605573837e-05,0.022761573264047458,10525,1.0444408322140706,1.0444408332585116,1.4576253203318443,1.4576253203318443,0.09539273322509811,1.5530180535569424,0.0,0.04332439248600149,1.6595203973936665,0.0,0.015688087420650663,4.760024824074581e-05,0.20660378584937095,0.5414018388127474,1.7358001350997072,0.002292810790809467,0.11260163850920346,0.22857956282695047,0.22857956282695047,0.45439527614517006,0.6829748389721205,0.05735012718429217,0.6581809970765632,0.6581809970765632,0.7324050570971733,1.3905860541737365,0.10283337032749411,0.19562229194267117,0.5436040610229604,1.7372950976528736,1.592113094407054,1.592113094407054,1.1596499943420506e-05,0.16593208628598122,1.7580451806930353,9.038890561867412e-06,0.04797320006274542,1.7027711083077997,True,0.1954539566947251,0.5561805008977688,0.5561805008977688,0.2936838059580228,0.8498643068557916,0.05638086536649084,2.4685543027869183e-05,0.004552314652809491,1.0444408322140706,1.0444408322140706,0.0,0.002166219624300075,0.0,7.140037236111872e-05,0.05165094646234274,0.5414018388127474,0.0005735012718429218,0.001028333703274941,3.4789499830261517e-07,9.038890561867412e-08,0.0004797320006274542,1.7027711083077997
0.17413406993472252,0.8199448769628419,0.1287076528652729,10550,1.517643801249453,1.5176438027670969,1.5336017159786226,1.5336017159786226,0.09539273322509811,1.6289944492037207,0.0,0.02992039526590031,2.027875754272927,0.00015722857448212412,0.09253908188354013,0.0038355300584700116,1.0005154524446571,0.6679690662401163,1.8172937453817424,0.009993995632456825,0.11260163850920346,0.23141156590922463,0.23141156590922463,0.45439527614517006,0.6858068420543947,0.03924924293425609,1.2178809013255152,1.2178809013255152,0.7324050570971733,1.9502859584226886,0.11008263412556012,0.2048198794596438,0.6707243543714795,1.8189776275158434,2.758619768645152,2.758619768645152,5.6066574140787935e-06,0.16593208628598122,2.924551854931133,1.0508261024246317e-05,0.07062998829665454,2.96812916998395,True,0.20463027155544883,0.1323295376114461,0.1323295376114461,0.2936838059580228,0.4260133435694689,0.08706703496736126,0.40997243848142095,0.025741530573054578,1.517643801249453,1.517643801249453,0.0,0.0014960197632950156,0.00015722857448212412,0.005753295087705017,0.2501288631111643,0.6679690662401163,0.00039249242934256094,0.001100826341255601,1.681997224223638e-07,1.0508261024246317e-07,0.0007062998829665454,2.96812916998395
0.36499736579209136,0.017448018810435006,0.031544018565812744,10575,2.59509486851054,2.595094871105635,1.7385708563532842,1.7385708563532842,0.09539273322509811,1.8339635895783823,0.0,0.010635817782532603,1.248033469230403,0.0,0.031544018565812744,0.0002210852894059508,4.044052494635769,1.0083174606639458,2.004150118589818,0.0007248993881622765,0.11260163850920346,0.21965835181652693,-0.21965835181652693,0.45439527614517006,0.23473692432864313,0.02895491165838166,0.6038572853447896,0.6038572853447896,0.7324050570971733,1.3362623424419628,0.03246088485127729,0.2257863801815609,1.0103833799168693,2.0051782826528184,4.20254675662671,4.20254675662671,5.766235653221778e-06,0.16593208628598122,4.368478842912691,5.304287166135045e-06,0.025126327764843068,4.813686014943775,True,0.22567060721312912,3.5462185033373883,3.5462185033373883,0.2936838059580228,3.839902309295411,0.18249868289604568,0.008724009405217503,0.006308803713162549,2.59509486851054,2.59509486851054,0.0,0.0005317908891266302,0.0,0.0003316279341089262,1.0110131236589424,1.0083174606639458,0.0002895491165838166,0.0003246088485127729,1.7298706959665334e-07,5.304287166135045e-08,0.00025126327764843066,4.813686014943775
0.8482223508901408,0.03858399784505584,0.0405408184108249,10600,2.9379396449950455,2.937939647932985,1.211408383051507,1.211408383051507,0.09539273322509811,1.3068011162766051,0.0,0.009602655663424307,1.544720432629251,0.0,0.04265259386889912,0.0007486086338005908,5.893336097870191,1.745014251340797,2.3209898755633205,0.001053248285002885,0.11260163850920346,0.21786261729713582,-0.21786261729713582,0.45439527614517006,0.23653265884803423,0.03575502662754731,0.1789587106080257,0.1789587106080257,0.7324050570971733,0.911363767705199,0.03929403744739624,0.26141587732900906,1.746623981393871,2.321599024437394,3.421537078060486,3.421537078060486,6.177055094876207e-06,0.16593208628598122,3.587469164346467,7.625046050974688e-06,0.13782366713310032,6.611531293461219,True,0.26134728616160086,5.468412044395955,5.468412044395955,0.2936838059580228,5.762095850353978,0.4241111754450704,0.01929199892252792,0.00810816368216498,2.9379396449950455,2.9379396449950455,0.0,0.00048013278317121536,0.0,0.0011229129507008863,1.4733340244675477,1.745014251340797,0.00035755026627547307,0.0003929403744739624,1.853116528462862e-07,7.625046050974689e-08,0.0013782366713310033,6.611531293461219
1.1898533795788235,0.04916028025300756,0.03826044842679,10625,1.0284607792358935,1.0284607802643544,1.1969764156692029,1.1969764156692029,0.09539273322509811,1.292369148894301,0.0,0.02138833073867799,0.5982222045187849,0.0,0.054202990902025815,0.0011858023375918546,0.25497922748068885,2.222496584405657,2.490804006033542,0.0035769084037623996,0.11260163850920346,0.053943433797099594,-0.053943433797099594,0.45439527614517006,0.40045184234807046,0.0307358662662673,0.9241780041325577,0.9241780041325577,0.7324050570971733,1.656583061229731,0.04380116664654925,0.280679045813994,2.228071540111115,2.4926726165208213,1.7048808108879534,1.7048808108879534,1.7815120670244562e-06,0.16593208628598122,1.8708128971739346,1.7033215038851624e-06,0.012816364183524333,3.9455828146058582,True,0.28046863719270476,0.30376287846823025,0.30376287846823025,0.2936838059580228,0.597446684426253,0.5949266897894118,0.02458014012650378,0.007652089685358,1.0284607792358935,1.0284607792358935,0.0,0.0010694165369338996,0.0,0.001778703506387782,0.06374480687017221,2.222496584405657,0.00030735866266267303,0.00043801166646549247,5.3445362010733684e-08,1.7033215038851625e-08,0.00012816364183524333,3.9455828146058582
1.0049131814761754,0.01514041846284886,0.020018327801871145,10650,4.242545358561855,4.2425453628044005,2.4298102817156355,2.4298102817156355,0.09539273322509811,2.525203014940734,0.0,0.021827035879724524,1.5055179179331377,0.000657591811559811,0.10564355302136993,0.00224870673780294,13.567899994825165,1.9668760460433272,2.40245358070894,0.004293393924408537,0.11260163850920346,0.19408528650152568,-0.19408528650152568,0.45439527614517006,0.2603099896436444,0.05817766410487234,0.0407015382694671,0.0407015382694671,0.7324050570971733,0.7731065953666404,0.04865738113521456,0.2706487364818638,1.9700783539540525,2.4035947969246867,5.857081822725936,5.857081822725936,7.921789847512411e-06,0.16593208628598122,6.023013909011918,1.1913338840728227e-05,0.14081888318964503,10.123025768624993,True,0.2705202336546653,7.053172660609843,7.053172660609843,0.2936838059580228,7.346856466567866,0.5024565907380877,0.00757020923142443,0.004003665560374229,4.242545358561855,4.242545358561855,0.0,0.0010913517939862263,0.000657591811559811,0.00337306010670441,3.3919749987062913,1.9668760460433272,0.0005817766410487234,0.00048657381135214564,2.3765369542537232e-07,1.1913338840728228e-07,0.0014081888318964503,10.123025768624993
0.0,0.0032300981518080807,0.008768038131977778,10675,0.6297672842708061,0.6297672849005733,0.5478100026300525,0.5478100026300525,0.09539273322509811,0.6432027358551506,0.0,0.010591894215842916,1.4794187228238984,0.0,0.017510067056786715,0.0001507929336552653,0.03270192185944664,0.054355453263478966,1.2331425599573766,0.0005450749683177835,0.11260163850920346,0.03295831987836645,-0.03295831987836645,0.45439527614517006,0.4214369562668036,0.02976697197421521,0.07346800820820243,-0.07346800820820243,0.7324050570971733,0.6589370488889709,0.048985317351951385,0.1388940195837105,0.05452177781373423,1.2334989888923167,1.2384311282838325,1.2384311282838325,1.9592452032437456e-06,0.16593208628598122,1.4043632145698137,8.092569448297183e-06,0.061263575615154345,0.697822957165185,True,0.13885388509805988,0.37781332439712856,0.37781332439712856,0.2936838059580228,0.6714971303551514,0.0,0.0016150490759040403,0.0017536076263955558,0.6297672842708061,0.6297672842708061,0.0,0.0005295947107921458,0.0,0.00022618940048289797,0.00817548046486166,0.054355453263478966,0.00029766971974215213,0.0004898531735195138,5.8777356097312365e-08,8.092569448297183e-08,0.0006126357561515434,0.697822957165185
0.0010552712511294826,0.0068367716593812355,0.012756184453907719,10700,0.7218176679640833,0.7218176686859009,0.9284217364277512,0.9284217364277512,0.09539273322509811,1.0238144696528493,0.0,0.01586179326509343,1.4643463966518746,0.0,0.04566054075692642,0.0010053760785125679,0.03383150467380068,0.18704322231932385,1.432484938835243,0.0013622489946556165,0.11260163850920346,0.14660732187982461,0.14660732187982461,0.45439527614517006,0.6010025980249947,0.03566648130241899,0.4734582008218612,0.4734582008218612,0.7324050570971733,1.2058632579190345,0.06162402045924121,0.16136394719639208,0.18753349318180096,1.4330513747603175,1.1893293856514047,1.1893293856514047,8.730474160220782e-06,0.16593208628598122,1.3552614719373859,8.243092261452429e-06,0.05076987101279115,0.9275981266518096,True,0.16130016557745383,0.28805563895891473,0.28805563895891473,0.2936838059580228,0.5817394449169375,0.0005276356255647413,0.0034183858296906178,0.002551236890781544,0.7218176679640833,0.7218176679640833,0.0,0.0007930896632546715,0.0,0.001508064117768852,0.00845787616845017,0.18704322231932385,0.00035666481302418994,0.0006162402045924121,2.6191422480662346e-07,8.243092261452428e-08,0.0005076987101279116,0.9275981266518096
0.3878884103014275,0.23813800786494044,0.07063744123009293,10725,0.6633314149178057,0.6633314155811371,0.9183959857931292,0.9183959857931292,0.09539273322509811,1.0137887190182273,0.0,0.027528377092667776,1.1213078035674457,0.0,0.06156145619544757,0.00099415275447567,0.017737607674731985,1.0461339146393125,2.0228068804223565,0.0018573661891292102,0.11260163850920346,0.044075705695916234,-0.044075705695916234,0.45439527614517006,0.4103195704492538,0.04428187798460017,0.23096678359901401,0.23096678359901401,0.7324050570971733,0.9633718406961873,0.08152219512023247,0.22786650450696838,1.0478625679767566,2.0236515852460526,1.1315538959072917,1.1315538959072917,1.026736228233009e-06,0.16593208628598122,1.297485982193273,4.707305560305754e-06,0.05378306166839157,2.0457040260142256,True,0.22777138935131655,0.14453063848819842,0.14453063848819842,0.2936838059580228,0.4382144444462212,0.19394420515071376,0.11906900393247022,0.014127488246018586,0.6633314149178057,0.6633314149178057,0.0,0.001376418854633389,0.0,0.0014912291317135049,0.004434401918682996,1.0461339146393125,0.00044281877984600173,0.0008152219512023247,3.0802086846990266e-08,4.707305560305754e-08,0.0005378306166839157,2.0457040260142256
0.7779546656612432,0.007163909436450067,0.015683399382068898,10750,1.454066348164007,1.4540663496180735,1.5007497940078527,1.5007497940078527,0.09539273322509811,1.5961425272329508,0.0,0.03596967056779378,1.211840062291465,0.0,0.026208028956118942,0.00021967457070931948,0.854923142947895,1.6435685728535514,2.2820173839903855,0.0013160637601456675,0.11260163850920346,0.05613528327602413,0.05613528327602413,0.45439527614517006,0.5105305594211942,0.03679918582337707,1.0348921878668502,1.0348921878668502,0.7324050570971733,1.7672972449640236,0.08371051849433397,0.2572043787684535,1.6491626430157096,2.2841972757390936,2.6590294858668146,2.6590294858668146,8.161785949665821e-07,0.16593208628598122,2.824961572152796,6.159342587409719e-06,0.03570369328914676,3.710751889619098,True,0.25695891936397736,0.41797605672822935,0.41797605672822935,0.2936838059580228,0.7116598626862521,0.3889773328306216,0.0035819547182250333,0.00313667987641378,1.454066348164007,1.454066348164007,0.0,0.001798483528389689,0.0,0.00032951185606397925,0.21373078573697374,1.6435685728535514,0.00036799185823377075,0.0008371051849433397,2.4485357848997463e-08,6.159342587409719e-08,0.00035703693289146755,3.710751889619098
0.010596856644121197,0.03494101145449591,0.03320943446102183,10775,0.4091295250424395,0.409129525451569,0.3576304714637948,0.3576304714637948,0.09539273322509811,0.4530232046888929,0.0,0.02890275004563953,1.0583745257604986,0.0,0.03149089723081786,0.00029471558771036976,0.0,0.2529496844780065,1.5029410347923566,0.0008869503620841993,0.11260163850920346,0.012448457788011513,-0.012448457788011513,0.45439527614517006,0.44194681835715854,0.017681059233230455,0.15272402827144604,0.15272402827144604,0.7324050570971733,0.8851290853686193,0.06871666091252397,0.16927821672182009,0.25334806634499607,1.5033369312349294,0.8225463784082399,0.8225463784082399,2.1987272868706e-06,0.16593208628598122,0.9884784646942211,4.5063711697995674e-06,0.019366523610212183,0.6944349948088964,True,0.16923363812974745,0.09472671912636577,-0.09472671912636577,0.2936838059580228,0.19895708683165703,0.005298428322060599,0.017470505727247954,0.006641886892204366,0.4091295250424395,0.4091295250424395,0.0,0.0014451375022819766,0.0,0.0004420733815655546,0.0,0.2529496844780065,0.00017681059233230455,0.0006871666091252397,6.596181860611799e-08,4.5063711697995677e-08,0.00019366523610212183,0.6944349948088964
0.2831696208126811,0.4050495573930012,0.0888298789033321,10800,1.6159700601541176,1.6159700617700878,1.7473039075216228,1.7473039075216228,0.09539273322509811,1.842696640746721,0.0,0.046339363200321726,1.5822100546058386,1.113006496924131e-06,0.08105499123073329,0.0030217929898550553,1.191773151777792,0.8688790960656003,1.932136844066149,0.004615385476696471,0.11260163850920346,0.2636690210228735,0.2636690210228735,0.45439527614517006,0.7180642971680435,0.1146394576102297,1.5868126614179259,1.5868126614179259,0.7324050570971733,2.319217718515099,0.1346647163797418,0.2179213652650407,0.8748424889254841,1.9353301496934032,2.7071383186158124,2.7071383186158124,3.2835568067477865e-06,0.16593208628598122,2.8730704049017937,1.1059112313134904e-05,0.05256967233733408,3.1545377272600694,True,0.21756179378721816,0.29602636072540045,0.29602636072540045,0.2936838059580228,0.5897101666834232,0.14158481040634055,0.2025247786965006,0.01776597578066642,1.6159700601541176,1.6159700601541176,0.0,0.0023169681600160863,1.113006496924131e-06,0.004532689484782583,0.297943287944448,0.8688790960656003,0.001146394576102297,0.0013466471637974182,9.850670420243359e-08,1.1059112313134904e-07,0.0005256967233733408,3.1545377272600694
0.1320276280426722,0.06865262650150683,0.0519285076511258,10825,0.7627971281523043,0.7627971289151015,1.0589927732068403,1.0589927732068403,0.09539273322509811,1.1543855064319384,0.0,0.02412114673217686,1.5022924640480815,0.0,0.05027295500833197,0.0006022669065819584,0.04004249896253438,0.5827124779184615,1.7633560623447366,0.001873812562452045,0.11260163850920346,0.07315996181885376,-0.07315996181885376,0.45439527614517006,0.3812353143263163,0.04595814319381589,0.21628856082953796,-0.21628856082953796,0.7324050570971733,0.5161164962676353,0.08007829145470924,0.19864293719356102,0.5838809626820703,1.764121039287671,1.2540412583639213,1.2540412583639213,1.2307347774879056e-06,0.16593208628598122,1.4199733446499025,1.048701868125401e-05,0.06928558351157874,1.470308879284027,True,0.19855679952871508,0.40383041795199015,0.40383041795199015,0.2936838059580228,0.6975142239100129,0.0660138140213361,0.034326313250753415,0.01038570153022516,0.7627971281523043,0.7627971281523043,0.0,0.0012060573366088432,0.0,0.0009034003598729376,0.010010624740633595,0.5827124779184615,0.0004595814319381589,0.0008007829145470925,3.6922043324637165e-08,1.0487018681254011e-07,0.0006928558351157873,1.470308879284027
0.11332182178187114,0.13336666264772867,0.05480555718957182,10850,0.6774937955045478,0.6774937961820415,0.7754242016779196,0.7754242016779196,0.09539273322509811,0.8708169349030177,0.0,0.013446536952880773,1.3891383649775209,0.0,0.05479726627502371,0.0005616408460074189,0.03754923470585471,0.5426282753629122,1.7366330669763015,0.0010072597422349481,0.11260163850920346,0.059823908465163944,-0.059823908465163944,0.45439527614517006,0.3945713676800061,0.03210241534886033,0.015187731026060414,0.015187731026060414,0.7324050570971733,0.7475927881232337,0.055851560024833775,0.19563657120731143,0.5437910731555421,1.7374219098694736,1.267364779072255,1.267364779072255,4.1484336277249756e-06,0.16593208628598122,1.4332968653582363,6.294215104641602e-06,0.10198052156718633,1.3672290536778615,True,0.19554774619712548,0.28928096437079176,0.28928096437079176,0.2936838059580228,0.5829647703288146,0.05666091089093557,0.06668333132386434,0.010961111437914365,0.6774937955045478,0.6774937955045478,0.0,0.0006723268476440387,0.0,0.0008424612690111283,0.009387308676463677,0.5426282753629122,0.00032102415348860333,0.0005585156002483378,1.2445300883174926e-07,6.294215104641602e-08,0.0010198052156718633,1.3672290536778615
0.0449913074148066,1.2503686293019456e-06,0.008103269309175645,10875,0.5951509181087163,0.5951509187038673,0.5176939497997943,0.5176939497997943,0.09539273322509811,0.6130866830248924,0.0,0.032814660943238275,0.9119703138823902,0.0,0.017527742308823594,0.00011800080460908442,0.022200003081594918,0.37468054321211985,1.6121115447466416,0.0017534681052797357,0.11260163850920346,0.020483404672963,-0.020483404672963,0.45439527614517006,0.43391187147220706,0.0219128640530072,0.27416039943140785,-0.27416039943140785,0.7324050570971733,0.45824465766576544,0.0636664162790792,0.18158165611508792,0.3752813466961626,1.6126021112403732,1.1672345618166982,1.1672345618166982,2.366471544441976e-07,0.16593208628598122,1.3331666481026794,3.3796711866251915e-06,0.04692087032649669,1.0026411715015757,True,0.18152641751919035,0.25494320490683686,0.25494320490683686,0.2936838059580228,0.5486270108648597,0.0224956537074033,6.251843146509728e-07,0.001620653861835129,0.5951509181087163,0.5951509181087163,0.0,0.0016407330471619138,0.0,0.00017700120691362662,0.005550000770398729,0.37468054321211985,0.000219128640530072,0.0006366641627907919,7.0994146333259275e-09,3.379671186625192e-08,0.00046920870326496686,1.0026411715015757
0.040231580538318934,0.02678640152846612,0.03101487447066259,10900,0.4942161290254614,0.4942161295196776,0.5660948556675016,0.5660948556675016,0.09539273322509811,0.6614875888925997,0.0,0.01264508532122871,1.7277221144070114,0.0,0.03323755070774957,0.0005094395937735219,7.550620738003696e-07,0.3606940731791977,1.6005781158010985,0.0014185595622032091,0.11260163850920346,0.046404119831841784,0.046404119831841784,0.45439527614517006,0.5007993959770118,0.02352642700881653,0.10180981688484558,-0.10180981688484558,0.7324050570971733,0.6305952402123277,0.03315837135213676,0.18029228690404517,0.36138300306568005,1.601151397790673,0.6217996769919726,0.6217996769919726,1.7551837007476155e-05,0.16593208628598122,0.7877317632779538,1.0461373647601493e-05,0.15308736986047847,0.8981171234054851,True,0.18022773440695844,0.708259209834245,0.708259209834245,0.2936838059580228,1.0019430157922677,0.020115790269159467,0.01339320076423306,0.006202974894132518,0.4942161290254614,0.4942161290254614,0.0,0.0006322542660614355,0.0,0.0007641593906602828,1.887655184500924e-07,0.3606940731791977,0.0002352642700881653,0.00033158371352136763,5.265551102242847e-07,1.0461373647601494e-07,0.0015308736986047848,0.8981171234054851
0.8871007712728736,0.05435074276881435,0.03548096914829668,10925,0.6982143758422571,0.6982143765404715,0.8465281349971285,0.8465281349971285,0.09539273322509811,0.9419208682222266,0.0,0.015244514959113404,0.8442515206183614,0.0,0.06198581694192033,0.0011670829717975995,0.029626973275278457,1.800588988575997,2.3418602716289043,0.0016711591815230735,0.11260163850920346,0.06436706231366845,-0.06436706231366845,0.45439527614517006,0.3900282138315016,0.038999736905893805,0.4518510379241548,0.4518510379241548,0.7324050570971733,1.1842560950213281,0.08650462409407338,0.26384145308476264,1.8040256893375948,2.343140234427364,1.1719799700598728,1.1719799700598728,1.052501347668027e-06,0.16593208628598122,1.337912056345854,3.0023974708692927e-06,0.014806787441193259,2.987948081876656,True,0.2636973271636256,0.372903694392683,0.372903694392683,0.2936838059580228,0.6665875003507058,0.4435503856364368,0.027175371384407176,0.007096193829659337,0.6982143758422571,0.6982143758422571,0.0,0.0007622257479556702,0.0,0.0017506244576963991,0.007406743318819614,1.800588988575997,0.00038999736905893803,0.0008650462409407338,3.157504043004081e-08,3.002397470869293e-08,0.00014806787441193258,2.987948081876656
0.14772333942239035,0.0005368534729102148,0.004309248944874035,10950,0.5650628422151838,0.5650628427802465,0.7848836463398796,0.7848836463398796,0.09539273322509811,0.8802763795649777,0.0,0.017840122459829133,1.8514048162022507,0.0,0.04265251814581189,0.0008795841708874883,0.0017803031105834294,0.6152016918804614,1.7843479405725888,0.0016183626716892434,0.11260163850920346,0.1592903509252926,-0.1592903509252926,0.45439527614517006,0.29510492521987747,0.03538885518845238,0.2514943679136609,-0.2514943679136609,0.7324050570971733,0.4809106891835124,0.03804835479743334,0.20098670819097236,0.6161241352245062,1.784935752290916,0.9284157571070564,0.9284157571070564,1.2109476393835349e-06,0.16593208628598122,1.0943478433930376,1.1312993433035715e-05,0.1546736647777307,1.2601941966952384,True,0.2009205196224757,0.17279783600444681,0.17279783600444681,0.2936838059580228,0.4664816419624696,0.07386166971119518,0.0002684267364551074,0.000861849788974807,0.5650628422151838,0.5650628422151838,0.0,0.0008920061229914567,0.0,0.0013193762563312324,0.00044507577764585734,0.6152016918804614,0.0003538885518845238,0.0003804835479743334,3.6328429181506045e-08,1.1312993433035715e-07,0.001546736647777307,1.2601941966952384
1.3634922444170203,0.007800127452055827,0.039299601168922865,10975,0.8417749574989886,0.8417749583407635,0.6995677535103269,0.6995677535103269,0.09539273322509811,0.794960486735425,0.0,0.017165734552607913,0.8240246277457469,0.0,0.040548777631593584,0.0005975522575321791,0.09878333388700641,2.4576416095759828,2.5676867064487032,0.0020942127667457323,0.11260163850920346,0.29372164548050095,-0.29372164548050095,0.45439527614517006,0.16067363066466914,0.014443893078495404,0.18151406274649895,-0.18151406274649895,0.7324050570971733,0.5508909943506743,0.12788270074960678,0.2891939434503372,2.459540643999493,2.568292269954645,1.0032742482133725,1.0032742482133725,8.294813964131864e-07,0.16593208628598122,1.1692063344993537,2.19997758503659e-06,0.02018804192398394,4.020998315070713,True,0.28912575600129115,1.3884348683211125,1.3884348683211125,0.2936838059580228,1.6821186742791352,0.6817461222085102,0.0039000637260279136,0.007859920233784573,0.8417749574989886,0.8417749574989886,0.0,0.0008582867276303957,0.0,0.0008963283862982686,0.024695833471751603,2.4576416095759828,0.00014443893078495404,0.0012788270074960677,2.488444189239559e-08,2.1999775850365902e-08,0.0002018804192398394,4.020998315070713
0.07441464975748617,0.06007814065957173,0.04208186287310261,11000,0.5226593999310128,0.5226594004536722,0.3888367804543255,0.3888367804543255,0.09539273322509811,0.48422951367942363,0.0,0.01241405486611542,0.9299198183387449,0.0,0.05580350118575689,0.0011749366359985922,0.010805919880960562,0.4526470392985236,1.6727904869262968,0.0023556863106843928,0.11260163850920346,0.02569558189162119,0.02569558189162119,0.45439527614517006,0.48009085803679125,0.015906098147943006,0.276233726011048,0.276233726011048,0.7324050570971733,1.0086387831082213,0.03206954855709805,0.1884300899698118,0.45349735895429316,1.6734221253822101,1.0663500069351965,1.0663500069351965,1.4844238611661292e-06,0.16593208628598122,1.2322820932211778,4.240899492087388e-06,0.01905800977495983,1.0567242181867402,True,0.18835896643841418,0.02454650633970884,0.02454650633970884,0.2936838059580228,0.31823031229773163,0.037207324878743085,0.030039070329785866,0.008416372574620521,0.5226593999310128,0.5226593999310128,0.0,0.000620702743305771,0.0,0.0017624049539978885,0.0027014799702401405,0.4526470392985236,0.00015906098147943005,0.0003206954855709805,4.4532715834983875e-08,4.240899492087388e-08,0.0001905800977495983,1.0567242181867402
0.02205974359090973,0.008247687246395463,0.018206912961312605,11025,0.5887800804262724,0.5887800810150524,0.7197012889957034,0.7197012889957034,0.09539273322509811,0.8150940222208015,0.0,0.01596924898149517,1.3986029451308635,0.0,0.04814348795948122,0.0007373708069147186,0.00163404125240704,0.300879926633111,1.5485252288027516,0.0008020331136227438,0.11260163850920346,0.09267003375982868,-0.09267003375982868,0.45439527614517006,0.3617252423853414,0.028911461474477998,0.4446184144666213,-0.4446184144666213,0.7324050570971733,0.287786642630552,0.03917718242229488,0.17440278967190864,0.30123365509914296,1.5488475700038609,0.924457106995269,0.924457106995269,5.435951978421342e-06,0.16593208628598122,1.0903891932812502,5.374110042195431e-06,0.032092715250068266,0.9117701644539752,True,0.17436649352128128,0.39299587950061166,0.39299587950061166,0.2936838059580228,0.6866796854586344,0.011029871795454865,0.004123843623197732,0.003641382592262521,0.5887800804262724,0.5887800804262724,0.0,0.0007984624490747586,0.0,0.001106056210372078,0.00040851031310176,0.300879926633111,0.00028911461474477997,0.0003917718242229488,1.6307855935264027e-07,5.3741100421954317e-08,0.00032092715250068264,0.9117701644539752
0.7468117455591269,0.00032804699394617387,0.016653137359668092,11050,1.4829303786666879,1.4829303801496183,1.8032351121904988,1.8032351121904988,0.09539273322509811,1.898627845415597,0.0,0.006933888894057122,1.529554814642243,0.0,0.05822091639809336,0.0007464759656670459,0.7770478857315454,1.5981579086047033,2.264182703806971,0.0009317437518059473,0.11260163850920346,0.197495314195425,0.197495314195425,0.45439527614517006,0.651890590340595,0.033133423445000254,1.2283352995387045,1.2283352995387045,0.7324050570971733,1.9607403566358779,0.06512557926011572,0.2551630734076121,1.6029300015242838,2.2660687191161006,2.2655786335585506,2.2655786335585506,2.3045906299382666e-06,0.16593208628598122,2.431510719844532,1.097033239379588e-05,0.07230014098569496,3.655422961123902,True,0.25495070497469047,1.0310660211440186,1.0310660211440186,0.2936838059580228,1.3247498271020415,0.37340587277956344,0.00016402349697308694,0.0033306274719336186,1.4829303786666879,1.4829303786666879,0.0,0.0003466944447028561,0.0,0.001119713948500569,0.19426197143288634,1.5981579086047033,0.00033133423445000257,0.0006512557926011572,6.9137718898148e-08,1.097033239379588e-07,0.0007230014098569495,3.655422961123902
0.02246636880696473,0.11774914009116533,0.05128511389007673,11075,1.595479397951923,1.5954793995474024,1.1726794904854727,1.1726794904854727,0.09539273322509811,1.2680722237105708,0.0,0.01774767816894738,2.1710610039307694,0.0,0.07568844760125899,0.0023076327291173425,1.1105405660103216,0.3023766520876634,1.5498878541008734,0.0024245172771386646,0.11260163850920346,0.03397540701877466,-0.03397540701877466,0.45439527614517006,0.4204198691263954,0.062000984923052026,0.2717823607563389,0.2717823607563389,0.7324050570971733,1.0041874178535122,0.09985090828505576,0.17459306794595103,0.30309143496680896,1.5505374056018437,3.102375536932905,3.102375536932905,2.6551594200937156e-05,0.16593208628598122,3.2683076232188863,1.9885817157351283e-05,0.074350111580949,2.2625678172252592,True,0.17451992737615016,1.285628808185053,1.285628808185053,0.2936838059580228,1.5793126141430758,0.011233184403482366,0.058874570045582664,0.010257022778015346,1.595479397951923,1.595479397951923,0.0,0.000887383908447369,0.0,0.0034614490936760137,0.2776351415025804,0.3023766520876634,0.0006200098492305202,0.0009985090828505576,7.965478260281147e-07,1.9885817157351283e-07,0.00074350111580949,2.2625678172252592
1.5243803765879036,0.002420884860912964,0.02641850677925586,11100,2.1536909661811894,2.1536909683348804,1.8152052740188414,1.8152052740188414,0.09539273322509811,1.9105980072439395,0.0,0.013943059585687539,1.5918222787833853,0.0,0.05235220775727275,0.0006636627567084099,2.40603042465326,2.672106776466057,2.634657999847692,0.0020883756070008202,0.11260163850920346,0.1556570839620221,-0.1556570839620221,0.45439527614517006,0.29873819218314795,0.05221299372765706,0.48651074827676466,0.48651074827676466,0.7324050570971733,1.218915805373938,0.12941850577662267,0.29685437199522213,2.6775545935037273,2.636323499037928,3.5005147242560386,3.5005147242560386,2.302045377094038e-06,0.16593208628598122,3.66644681054202,8.086689846924845e-06,0.07035356909578286,6.200202328619428,True,0.29666683404081085,2.717062490613834,2.717062490613834,0.2936838059580228,3.0107462965718566,0.7621901882939518,0.001210442430456482,0.005283701355851172,2.1536909661811894,2.1536909661811894,0.0,0.000697152979284377,0.0,0.0009954941350626147,0.601507606163315,2.672106776466057,0.0005221299372765706,0.0012941850577662267,6.906136131282114e-08,8.086689846924845e-08,0.0007035356909578286,6.200202328619428
0.034758066271804056,0.03204867278786505,0.02916774468200811,11125,0.7904380495842463,0.7904380503746844,0.937857933736246,0.937857933736246,0.09539273322509811,1.0332506669613442,0.0,0.012043826522419362,1.744828064651997,0.0,0.04123901853254087,0.0008892065277647458,0.08757249392344227,0.3439061886668063,1.5864351529937528,0.0013450234458330548,0.11260163850920346,0.08265169633689617,0.08265169633689617,0.45439527614517006,0.5370469724820662,0.0404969170029947,0.03824464429060892,-0.03824464429060892,0.7324050570971733,0.6941604128065644,0.035447909166630924,0.17871699351636047,0.3447585453816527,1.587161430427487,1.4949437437788178,1.4949437437788178,7.454006189681917e-06,0.16593208628598122,1.660875830064799,9.237226971695724e-06,0.04925373379884586,1.1986625829080575,True,0.17863521348004696,0.035118381809680965,-0.035118381809680965,0.2936838059580228,0.2585654241483418,0.017379033135902028,0.016024336393932526,0.005833548936401622,0.7904380495842463,0.7904380495842463,0.0,0.0006021913261209681,0.0,0.0013338097916471186,0.021893123480860567,0.3439061886668063,0.000404969170029947,0.00035447909166630925,2.236201856904575e-07,9.237226971695725e-08,0.0004925373379884585,1.1986625829080575
1.1586208245672143,0.00409171918967044,0.011063844241488862,11150,1.3322734159952283,1.3322734173275017,1.6248050162845937,1.6248050162845937,0.09539273322509811,1.7201977495096918,0.0,0.026537910075850407,0.87700508601264,0.0,0.05228953116272372,0.0006887898803588728,0.5097360439112357,2.1797348284732108,2.476392504882496,0.0012185744731016898,0.11260163850920346,0.004611642832270446,0.004611642832270446,0.45439527614517006,0.4590069189774405,0.03439540929381159,0.9347967243697811,0.9347967243697811,0.7324050570971733,1.6672017814669544,0.05673709255794895,0.27901704595963,2.184225714609391,2.4779126207626048,2.017093510666981,2.017093510666981,3.922299719904189e-06,0.16593208628598122,2.1830255969529624,3.4054839153924194e-06,0.017535955131861215,4.226458212790986,True,0.2788458784056047,1.136766703297993,1.136766703297993,0.2936838059580228,1.4304505092560156,0.5793104122836071,0.00204585959483522,0.0022127688482977722,1.3322734159952283,1.3322734159952283,0.0,0.0013268955037925205,0.0,0.001033184820538309,0.12743401097780893,2.1797348284732108,0.0003439540929381159,0.0005673709255794894,1.1766899159712567e-07,3.405483915392419e-08,0.00017535955131861217,4.226458212790986
0.004006892580436812,0.03476846063023609,0.030510238575365414,11175,1.379166178936397,1.379166180315563,1.5659005161150024,1.5659005161150024,0.09539273322509811,1.6612932493401005,0.0,0.012808405270511119,1.9902039641122073,0.0,0.030510238575365414,0.00017056588996383114,0.7203492716181964,0.21464690888651192,1.4633000203825939,0.0003645174476521681,0.11260163850920346,0.19882484101460784,0.19882484101460784,0.45439527614517006,0.6532201171597779,0.05089551316818424,0.5424604922098512,0.5424604922098512,0.7324050570971733,1.2748655493070244,0.038461148919340396,0.16489658547533217,0.21568989065718192,1.4644242571799861,2.5915907517654455,2.5915907517654455,1.1215535758163382e-05,0.16593208628598122,2.7575228380514267,1.5638214631370936e-05,0.06832272104041533,1.8018636858258372,True,0.1647699945586311,0.09118668001767932,-0.09118668001767932,0.2936838059580228,0.20249712594034347,0.002003446290218406,0.017384230315118043,0.006102047715073083,1.379166178936397,1.379166178936397,0.0,0.000640420263525556,0.0,0.0002558488349457467,0.1800873179045491,0.21464690888651192,0.0005089551316818425,0.000384611489193404,3.3646607274490146e-07,1.5638214631370935e-07,0.0006832272104041533,1.8018636858258372
0.0,0.0009135381709830526,0.014592738151789235,11200,0.8474988113420115,0.8474988121895104,0.7581619630296569,0.7581619630296569,0.09539273322509811,0.853554696254755,0.0,0.02316776152886248,1.3767218412828748,0.0,0.017568796724422502,7.621864956014108e-05,0.07535536074110949,0.1392952131498818,1.3732227393258372,0.0010962676131589682,0.11260163850920346,0.0985371175922426,0.0985371175922426,0.45439527614517006,0.5529323937374127,0.025048396508940626,0.32253916427692275,0.32253916427692275,0.7324050570971733,1.054944221374096,0.04985640776780758,0.15465748947179916,0.1394964469265984,1.373492231413986,1.3213310361474804,1.3213310361474804,9.722219514691068e-06,0.16593208628598122,1.4872631224334616,6.9833072215075036e-06,0.17673501347541312,1.0127976571209827,True,0.15462714421841345,1.075548621869674,1.075548621869674,0.2936838059580228,1.3692324278276966,0.0,0.0004567690854915263,0.002918547630357847,0.8474988113420115,0.8474988113420115,0.0,0.001158388076443124,0.0,0.00011432797434021161,0.018838840185277372,0.1392952131498818,0.00025048396508940625,0.0004985640776780758,2.91666585440732e-07,6.983307221507504e-08,0.0017673501347541312,1.0127976571209827
0.11116176338314378,0.012388240989691712,0.02101565061650874,11225,0.8977746253196365,0.8977746262174111,1.065953116104392,1.065953116104392,0.09539273322509811,1.1613458493294901,0.0,0.014488451705620058,2.2460451815122924,0.0,0.058457439106183506,0.0008472871943728576,0.09664552545398793,0.5378892058505659,1.7334093030842777,0.0011420130469045522,0.11260163850920346,0.12315826773351018,-0.12315826773351018,0.45439527614517006,0.3312370084116599,0.03869516978409743,0.2508718767996535,-0.2508718767996535,0.7324050570971733,0.4815331802975198,0.02907945183696754,0.19524632960093455,0.538691743125168,1.7339562269816695,1.5097280825217905,1.5097280825217905,2.728701591767735e-06,0.16593208628598122,1.6756601688077717,1.2783084371913723e-05,0.11933896815684869,1.52967004380993,True,0.19518474506847916,0.7323638515324032,0.7323638515324032,0.2936838059580228,1.026047657490426,0.05558088169157189,0.006194120494845856,0.004203130123301748,0.8977746253196365,0.8977746253196365,0.0,0.000724422585281003,0.0,0.0012709307915592864,0.02416138136349698,0.5378892058505659,0.00038695169784097426,0.0002907945183696754,8.186104775303206e-08,1.2783084371913723e-07,0.001193389681568487,1.52967004380993
0.12021381606486876,0.2559896816556997,0.07288339618819711,11250,0.34760126689116244,0.3476012672387637,0.37546542508522046,0.37546542508522046,0.09539273322509811,0.4708581583103186,0.0,0.01728195998598058,0.8568175590687517,0.0,0.06102702196196688,0.0012221216623438788,0.0,0.557588728920224,1.7467186410691942,0.0034416847353098525,0.11260163850920346,0.11211100609263991,-0.11211100609263991,0.45439527614517006,0.34228427005253015,0.021744310610643375,0.18101131281866245,-0.18101131281866245,0.7324050570971733,0.5513937442785108,0.05458125742522796,0.19672729009160062,0.5581710161198884,1.7471084366542038,0.43328768212919144,0.43328768212919144,2.3172740163616284e-06,0.16593208628598122,0.5992197684151727,2.464296301368089e-06,0.05196037650151521,1.1118486580086824,True,0.1966833984661469,0.47967356707996744,0.47967356707996744,0.2936838059580228,0.7733573730379902,0.06010690803243438,0.12799484082784984,0.014576679237639424,0.34760126689116244,0.34760126689116244,0.0,0.0008640979992990291,0.0,0.001833182493515818,0.0,0.557588728920224,0.00021744310610643375,0.0005458125742522796,6.951822049084885e-08,2.464296301368089e-08,0.0005196037650151521,1.1118486580086824
0.8283007320154123,0.024116290008441288,0.032331127131129546,11275,0.6505644783216402,0.6505644789722047,0.5802740699216953,0.5802740699216953,0.09539273322509811,0.6756668031467934,0.0,0.03437853928539741,0.9745968101988247,0.0,0.059102728755757866,0.0006308999899795242,0.04019483084765975,1.7163889605220017,2.310110285633237,0.0013609378510589648,0.11260163850920346,0.18143990976954388,-0.18143990976954388,0.45439527614517006,0.2729553663756262,0.026549780396634293,0.04780258952322036,0.04780258952322036,0.7324050570971733,0.7802076466203937,0.07160465998815059,0.26020489721284623,1.7183132348315424,2.3108444739295133,1.2823693237478249,1.2823693237478249,5.63920673199037e-07,0.16593208628598122,1.448301410033806,3.6226608515239916e-06,0.01990935327215867,2.8135228510237464,True,0.26012222640036936,0.31587354964705894,0.31587354964705894,0.2936838059580228,0.6095573556050817,0.41415036600770616,0.012058145004220644,0.0064662254262259095,0.6505644783216402,0.6505644783216402,0.0,0.0017189269642698705,0.0,0.0009463499849692863,0.010048707711914937,1.7163889605220017,0.00026549780396634294,0.0007160465998815059,1.691762019597111e-08,3.6226608515239916e-08,0.0001990935327215867,2.8135228510237464
0.0023061708170708027,0.015444231112587192,0.02179749171248157,11300,0.48886075310786975,0.4888607535967305,0.6469379121095469,0.6469379121095469,0.09539273322509811,0.742330645334645,0.0,0.05044097038986951,1.6942082985750704,0.0,0.037353010831247854,0.0005894330618864793,0.0,0.20072425670022365,1.448022607353941,0.0016673233179857576,0.11260163850920346,0.05502258275784189,0.05502258275784189,0.45439527614517006,0.5094178589030119,0.04624727112783433,0.19944341236172647,-0.19944341236172647,0.7324050570971733,0.5329616447354468,0.1213488587914774,0.1631298861078413,0.20136259693900235,1.448734439216562,0.8189393016287437,0.8189393016287437,4.814127840953662e-06,0.16593208628598122,0.984871387914725,7.996357333421137e-06,0.055271959978262425,0.7084548125141263,True,0.1630497326666488,0.25085609582218427,0.25085609582218427,0.2936838059580228,0.5445399017802071,0.0011530854085354013,0.007722115556293596,0.004359498342496314,0.48886075310786975,0.48886075310786975,0.0,0.002522048519493476,0.0,0.000884149592829719,0.0,0.20072425670022365,0.0004624727112783433,0.0012134885879147741,1.4442383522860986e-07,7.996357333421138e-08,0.0005527195997826243,0.7084548125141263
0.21215498985703787,0.008607058503529719,0.020519649308982382,11325,0.5396446182724687,0.5396446188121133,0.4980302762113441,0.4980302762113441,0.09539273322509811,0.5934230094364422,0.0,0.01851658369541785,0.9068882962380602,0.0,0.04946554715588866,0.0010618568941638852,0.016629829091156997,0.7406372737032278,1.8606028548077376,0.0015392306533990713,0.11260163850920346,0.13593443385532128,-0.13593443385532128,0.45439527614517006,0.3184608422898488,0.023439698539027762,0.549145043331993,0.549145043331993,0.7324050570971733,1.2815501004291663,0.0481112088291852,0.20958342154142132,0.7418066835379835,1.8612820000081178,0.8963470145754744,0.8963470145754744,2.459956742524932e-06,0.16593208628598122,1.0622791008614556,2.8948279318738343e-06,0.05696078542996945,1.4027281374915463,True,0.20950694867228137,0.2908109309829646,0.2908109309829646,0.2936838059580228,0.5844947369409874,0.10607749492851894,0.004303529251764859,0.004103929861796476,0.5396446182724687,0.5396446182724687,0.0,0.0009258291847708926,0.0,0.0015927853412458278,0.004157457272789249,0.7406372737032278,0.00023439698539027762,0.00048111208829185203,7.379870227574795e-08,2.8948279318738344e-08,0.0005696078542996945,1.4027281374915463
0.345241064435466,0.006024487028642556,0.01976456978810007,11350,0.7007198082584845,0.7007198089592043,0.7449051368769259,0.7449051368769259,0.09539273322509811,0.8402978701020241,0.0,0.025659954500481343,1.0383703842333294,0.0,0.04207294998740177,0.00047154881071483746,0.04254733379220833,0.9752988068870696,1.9875721780645046,0.0014854035900531335,0.11260163850920346,0.11132406891899194,-0.11132406891899194,0.45439527614517006,0.3430712072261781,0.02823243208218948,0.2978382081650076,0.2978382081650076,0.7324050570971733,1.030243265262181,0.054935965505460545,0.22392424100337793,0.9774107829797758,1.9886408766482275,1.294309169869226,1.294309169869226,1.908112448515895e-06,0.16593208628598122,1.4602412561552072,3.8434434553976465e-06,0.0331210135422114,1.869394449013483,True,0.2238039037810913,0.35188167986170993,0.35188167986170993,0.2936838059580228,0.6455654858197327,0.172620532217733,0.003012243514321278,0.003952913957620014,0.7007198082584845,0.7007198082584845,0.0,0.0012829977250240672,0.0,0.0007073232160722562,0.010636833448052083,0.9752988068870696,0.0002823243208218948,0.0005493596550546054,5.724337345547685e-08,3.8434434553976466e-08,0.000331210135422114,1.869394449013483
0.0,0.004573783253770003,0.01529469627910599,11375,0.30896153304501855,0.3089615333539801,0.19908963242193006,0.19908963242193006,0.09539273322509811,0.2944823656470282,0.0,0.015707996731783753,1.0998116374265448,0.0,0.03528798742082018,0.0004381907344012604,0.0,0.013281136602224429,1.1152438137264835,0.001110912038227799,0.11260163850920346,0.04467050040005377,-0.04467050040005377,0.45439527614517006,0.4097247757451163,0.014797643813119285,0.6382190701662454,-0.6382190701662454,0.7324050570971733,0.09418598693092797,0.03375313297936473,0.12559861724862037,0.01332277370766072,1.1154243202607697,0.031008988255231767,0.031008988255231767,9.184392245140717e-07,0.16593208628598122,0.19694107454121298,4.357979817983356e-06,0.0430604092327937,0.3299473694613679,True,0.12557829191529307,0.16543539899864937,-0.16543539899864937,0.2936838059580228,0.12824840695937342,0.0,0.0022868916268850015,0.003058939255821198,0.30896153304501855,0.30896153304501855,0.0,0.0007853998365891877,0.0,0.0006572861016018905,0.0,0.013281136602224429,0.00014797643813119286,0.0003375313297936473,2.7553176735422147e-08,4.357979817983356e-08,0.00043060409232793703,0.3299473694613679
0.19616945848927067,0.01630891959473635,0.02151395783762351,11400,0.4915452098605491,0.49154521035209436,0.5974562992812154,0.5974562992812154,0.09539273322509811,0.6928490325063135,0.0,0.01610480761287107,1.6113629295162173,0.0,0.0505289437748187,0.0005015097881057672,0.0,0.710497630433209,1.842910214929923,0.0007680019193605645,0.11260163850920346,0.2299713221616905,-0.2299713221616905,0.45439527614517006,0.22442395398347956,0.02530009737951096,0.4661235547130566,-0.4661235547130566,0.7324050570971733,0.2662815023841167,0.048246442362490316,0.20756136174189482,0.7111959771987957,1.8433243606103145,0.732520612135631,0.732520612135631,5.184955719055767e-06,0.16593208628598122,0.8984526984216122,6.560257431542317e-06,0.1314178226616505,1.3161921907413712,True,0.20751472825555978,0.21067751439327065,0.21067751439327065,0.2936838059580228,0.5043613203512934,0.09808472924463534,0.008154459797368174,0.004302791567524702,0.4915452098605491,0.4915452098605491,0.0,0.0008052403806435535,0.0,0.0007522646821586508,0.0,0.710497630433209,0.0002530009737951096,0.00048246442362490316,1.55548671571673e-07,6.560257431542317e-08,0.0013141782266165051,1.3161921907413712
0.5082386051100387,0.061714650699268625,0.03834503256787342,11425,0.48055399378328145,0.48055399426383544,0.30959670791855254,0.30959670791855254,0.09539273322509811,0.40498944114365065,0.0,0.016939197712070798,0.863199348897203,0.0,0.05337763717026076,0.0006677654401952486,0.00012878417605099196,1.2385654476051333,2.1129085531188685,0.0009072363188831676,0.11260163850920346,0.3083953190159241,-0.3083953190159241,0.45439527614517006,0.14599995712924593,0.0152894905363634,0.4667796619667709,-0.4667796619667709,0.7324050570971733,0.2656253951304024,0.08054799721195585,0.23796050075320088,1.2394257563713447,2.113294999706432,0.8594435098696751,0.8594435098696751,7.499773336015902e-07,0.16593208628598122,1.0253755961556563,4.022389611871033e-06,0.03384340119759968,2.0149427515092277,True,0.2379169862303805,0.08471430331870522,0.08471430331870522,0.2936838059580228,0.378398109276728,0.25411930255501936,0.030857325349634313,0.007669006513574685,0.48055399378328145,0.48055399378328145,0.0,0.0008469598856035399,0.0,0.0010016481602928729,3.219604401274799e-05,1.2385654476051333,0.000152894905363634,0.0008054799721195586,2.2499320008047704e-08,4.0223896118710334e-08,0.00033843401197599683,2.0149427515092277
0.10318460666111944,0.1230816117323178,0.05323216338095578,11450,0.4929387321946272,0.49293873268756594,0.5408394392200538,0.5408394392200538,0.09539273322509811,0.636232172445152,0.0,0.014342468283421722,1.1627552443843627,0.0,0.0528478701073203,0.0005198733762241225,0.017761821936925562,0.520163493465301,1.721223608505227,0.0008442192271819101,0.11260163850920346,0.18890548845956145,0.18890548845956145,0.45439527614517006,0.6433007646047315,0.029895605559272235,0.5656035160758611,0.5656035160758611,0.7324050570971733,1.2980085731730344,0.050081506310317284,0.19392182592748414,0.5215634357370067,1.7221934891267068,0.7489546648332476,0.7489546648332476,1.4274674164195279e-06,0.16593208628598122,0.9148867511192288,5.080373902059945e-06,0.025256797913450844,1.1438715892211686,True,0.1938126157706484,0.07687627045617554,-0.07687627045617554,0.2936838059580228,0.21680753550184725,0.05159230333055972,0.0615408058661589,0.010646432676191156,0.4929387321946272,0.4929387321946272,0.0,0.0007171234141710862,0.0,0.0007798100643361838,0.0044404554842313905,0.520163493465301,0.00029895605559272234,0.0005008150631031728,4.282402249258584e-08,5.0803739020599447e-08,0.0002525679791345084,1.1438715892211686
0.01351351855369197,0.18192800542447152,0.06264953335052653,11475,0.7826792802048687,0.7826792809875479,0.8497899424927217,0.8497899424927217,0.09539273322509811,0.9451826757178198,0.0,0.028825599946822655,2.0725747917560446,0.0,0.06455244759383924,0.0014163637485429957,0.08423288921864804,0.26651164689164747,1.5162476604224444,0.002160187091866083,0.11260163850920346,0.07466149834378899,0.07466149834378899,0.45439527614517006,0.529056774488959,0.04573696493829572,0.3772371734877037,0.3772371734877037,0.7324050570971733,1.109642230584877,0.10837913543262448,0.17080131506749263,0.2671477344553953,1.516863361494501,1.473710804212782,1.473710804212782,4.93931475090827e-06,0.16593208628598122,1.6396428904987632,1.1425580694526334e-05,0.0756701076094054,1.1863637681955739,True,0.17073198611179016,0.14520874362353475,-0.14520874362353475,0.2936838059580228,0.14847506233448804,0.006756759276845985,0.09096400271223576,0.012529906670105307,0.7826792802048687,0.7826792802048687,0.0,0.0014412799973411328,0.0,0.002124545622814494,0.02105822230466201,0.26651164689164747,0.0004573696493829572,0.0010837913543262447,1.4817944252724808e-07,1.1425580694526334e-07,0.000756701076094054,1.1863637681955739
0.021473259722658247,0.005293643681798965,0.014137496319770829,11500,0.3678129444908739,0.3678129448586869,0.15626598357550092,0.15626598357550092,0.09539273322509811,0.25165871680059904,0.0,0.03390011009738332,1.3139973843251558,0.0,0.032248018666067454,0.0005332964182784593,0.0,0.29870331654470905,1.5465375710275635,0.0011010661196720509,0.11260163850920346,0.21037236486637587,-0.21037236486637587,0.45439527614517006,0.2440229112787942,0.015240782894724567,0.7237501098953122,-0.7237501098953122,0.7324050570971733,0.008654947201861097,0.0772456179801625,0.1741668148113007,0.29893765021989427,1.546751909205532,0.2695460608077398,0.2695460608077398,1.970062525319878e-06,0.16593208628598122,0.435478147093721,6.923955700016398e-06,0.03348366113066086,0.6864819910955408,True,0.17414267997912297,0.10623992674771865,-0.10623992674771865,0.2936838059580228,0.18744387921030414,0.010736629861329124,0.0026468218408994826,0.002827499263954166,0.3678129444908739,0.3678129444908739,0.0,0.001695005504869166,0.0,0.000799944627417689,0.0,0.29870331654470905,0.00015240782894724566,0.000772456179801625,5.910187575959634e-08,6.923955700016398e-08,0.0003348366113066086,0.6864819910955408
0.2547951212137316,0.005891058937348315,0.021545710733987745,11525,0.9503984510687029,0.9503984520191013,0.9377997482442593,0.9377997482442593,0.09539273322509811,1.0331924814693574,0.0,0.02851300637582005,1.5409738719628365,0.0,0.03893401867445193,0.0007358726992410609,0.18712380845948903,0.818612997956191,1.9047723459280743,0.0025202565886454343,0.11260163850920346,0.005665404040778199,0.005665404040778199,0.45439527614517006,0.46006068018594826,0.023523144901969207,0.3610387759577819,0.3610387759577819,0.7324050570971733,1.0934438330549552,0.06036031324639509,0.21460207698610023,0.8205678454460578,1.9058519997472312,1.7962454189256867,1.7962454189256867,2.883933653378797e-06,0.16593208628598122,1.962177505211668,6.56194636012072e-06,0.1376335988497425,1.9551894154372107,True,0.21448050618624392,0.529092638991481,0.529092638991481,0.2936838059580228,0.8227764449495037,0.1273975606068658,0.0029455294686741573,0.004309142146797549,0.9503984510687029,0.9503984510687029,0.0,0.0014256503187910026,0.0,0.0011038090488615913,0.04678095211487226,0.818612997956191,0.00023523144901969209,0.0006036031324639509,8.65180096013639e-08,6.56194636012072e-08,0.001376335988497425,1.9551894154372107
0.0,0.01604261631586279,0.02469481706473241,11550,0.36453926841504175,0.36453926877958104,0.3576843340213833,0.3576843340213833,0.09539273322509811,0.4530770672464814,0.0,0.023180387178062718,0.8736983132672594,0.0,0.024065267116403107,0.00010731687837457876,0.0,0.12242990829674354,1.34989985466808,0.0007548871555415199,0.11260163850920346,0.3088554815961889,0.3088554815961889,0.45439527614517006,0.763250757741359,0.01764821687163135,0.22562935550525753,0.22562935550525753,0.7324050570971733,0.9580344126024308,0.04957038627196595,0.15205358539643737,0.12275725314569665,1.35036731175396,0.5489177508065547,0.5489177508065547,2.233902342273196e-06,0.16593208628598122,0.7148498370925359,3.01856762123273e-06,0.032951787438777955,0.5022512440676983,True,0.15200094895795999,0.29815314500970647,0.29815314500970647,0.2936838059580228,0.5918369509677293,0.0,0.008021308157931395,0.004938963412946483,0.36453926841504175,0.36453926841504175,0.0,0.001159019358903136,0.0,0.00016097531756186813,0.0,0.12242990829674354,0.0001764821687163135,0.0004957038627196595,6.701707026819587e-08,3.0185676212327296e-08,0.00032951787438777956,0.5022512440676983
0.11656981888687604,0.033836016631556665,0.030654926893411854,11575,0.7933545144898727,0.7933545152832272,0.754457315909546,0.754457315909546,0.09539273322509811,0.8498500491346441,0.0,0.03319560170940239,1.0931478153566339,0.0,0.04038069154776853,0.00045955836757488063,0.11722742429819026,0.5497083992588194,1.7414232254649293,0.0008264128821734116,0.11260163850920346,0.07779996946880124,-0.07779996946880124,0.45439527614517006,0.3765953066763688,0.03551409121951271,0.02438151248018139,0.02438151248018139,0.7324050570971733,0.7567865695773547,0.08396119459443711,0.19615831426788433,0.5506462751038442,1.742055439373531,1.5996638394417824,1.5996638394417824,1.3269838952644772e-06,0.16593208628598122,1.7655959257277636,4.724245322114885e-06,0.02331406031566167,1.4574807711112372,True,0.19608712593956534,0.11081245622308528,0.11081245622308528,0.2936838059580228,0.40449626218110807,0.05828490944343802,0.016918008315778332,0.006130985378682371,0.7933545144898727,0.7933545144898727,0.0,0.0016597800854701195,0.0,0.000689337551362321,0.029306856074547565,0.5497083992588194,0.0003551409121951271,0.0008396119459443711,3.9809516857934316e-08,4.724245322114885e-08,0.00023314060315661673,1.4574807711112372
0.0,0.09771903158550632,0.04752277738852966,11600,0.4302951102489065,0.43029511067920156,0.5467649576743749,0.5467649576743749,0.09539273322509811,0.642157690899473,0.0,0.005972807427143123,1.0215403191315342,0.0,0.048306924463025876,0.0004638597151797051,0.003529663211342235,0.015014413589785931,1.122533316244138,0.0010491996755927606,0.11260163850920346,0.15333566977780455,0.15333566977780455,0.45439527614517006,0.6077309459229746,0.026421801964151694,0.40044190770334886,0.40044190770334886,0.7324050570971733,1.1328469648005222,0.041672128460844136,0.12643404330855648,0.01509055645516631,1.1228436260257988,0.6530553037293326,0.6530553037293326,8.164059323111795e-07,0.16593208628598122,0.8189873900153138,3.860878260713305e-06,0.03153019805285186,0.5065467452418528,True,0.12639910191559295,0.12833827812135518,0.12833827812135518,0.2936838059580228,0.42202208407937797,0.0,0.04885951579275316,0.009504555477705933,0.4302951102489065,0.4302951102489065,0.0,0.00029864037135715615,0.0,0.0006957895727695577,0.0008824158028355588,0.015014413589785931,0.00026421801964151697,0.00041672128460844136,2.4492177969335385e-08,3.8608782607133055e-08,0.0003153019805285186,0.5065467452418528
0.1494872443566253,0.027804766922604918,0.02747367089423286,11625,0.8179567132545381,0.8179567140724948,0.744345422497483,0.744345422497483,0.09539273322509811,0.8397381557225811,0.0,0.020581119200820244,1.1883357716073242,0.0,0.05688940070649264,0.0014470005586173116,0.12684188250359196,0.6187958869585418,1.7866358032523957,0.002380877647005016,0.11260163850920346,0.00674319519629496,0.00674319519629496,0.45439527614517006,0.461138471341465,0.017127032808953675,0.2977169995573058,0.2977169995573058,0.7324050570971733,1.030122056654479,0.05058627405969982,0.2012811226923549,0.6202356445570362,1.7875504076292743,1.6298706997237589,1.6298706997237589,2.333923871976425e-06,0.16593208628598122,1.79580278600974,4.6856200809904285e-06,0.055231996057891475,1.567032937358589,True,0.20117813673178464,0.21460764702948798,0.21460764702948798,0.2936838059580228,0.5082914529875108,0.07474362217831265,0.013902383461302459,0.005494734178846572,0.8179567132545381,0.8179567132545381,0.0,0.0010290559600410123,0.0,0.0021705008379259674,0.03171047062589799,0.6187958869585418,0.00017127032808953674,0.0005058627405969983,7.001771615929275e-08,4.685620080990429e-08,0.0005523199605789148,1.567032937358589
0.5928022034478442,0.07850136206320968,0.0423098075397061,11650,0.540300089403431,0.5403000899437311,0.6867326881342714,0.6867326881342714,0.09539273322509811,0.7821254213593695,0.0,0.0171720280145425,1.2762785239598458,0.0,0.07937949703946766,0.0025256511038326715,0.0009618127060110725,1.3687513979489978,2.169936493126442,0.003774927829146176,0.11260163850920346,0.19123527924012823,-0.19123527924012823,0.45439527614517006,0.2631599969050418,0.02883594506183262,0.06340416607666055,-0.06340416607666055,0.7324050570971733,0.6690008910205127,0.09592874379529812,0.24441598449972074,1.3703635394377272,2.170625277122328,0.9034153255623016,0.9034153255623016,3.7013433441752686e-06,0.16593208628598122,1.0693474118482829,4.811187180589466e-06,0.02754509432600711,2.2595760198328794,True,0.24433842628631725,0.3623104749398379,0.3623104749398379,0.2936838059580228,0.6559942808978607,0.2964011017239221,0.03925068103160484,0.008461961507941219,0.540300089403431,0.540300089403431,0.0,0.0008586014007271252,0.0,0.003788476655749007,0.0002404531765027681,1.3687513979489978,0.0002883594506183262,0.0009592874379529811,1.1104030032525805e-07,4.811187180589466e-08,0.0002754509432600711,2.2595760198328794
0.0,0.00029648551568828285,0.019865436804335813,11675,0.4141165201804987,0.41411652059461523,0.5800230257287038,0.5800230257287038,0.09539273322509811,0.6754157589538019,0.0,0.026339780034403924,0.9014715120583392,0.0,0.024423759903111887,0.00021634656710700038,0.0,0.1590731338184116,1.398839734502985,0.0010189608385057706,0.11260163850920346,0.056078208451790124,0.056078208451790124,0.45439527614517006,0.5104734845969602,0.020155418115562554,0.03392185097635281,0.03392185097635281,0.7324050570971733,0.7663269080735261,0.0716601613221156,0.15756223914598944,0.15943164172927884,1.399288920118351,0.6605861249785007,0.6605861249785007,3.762716389928671e-06,0.16593208628598122,0.8265182112644819,3.3022663600905377e-06,0.02439794329124756,0.5801147741014469,True,0.15751166010521261,0.2834894474588704,0.2834894474588704,0.2936838059580228,0.5771732534168932,0.0,0.00014824275784414143,0.003973087360867163,0.4141165201804987,0.4141165201804987,0.0,0.0013169890017201962,0.0,0.0003245198506605006,0.0,0.1590731338184116,0.00020155418115562555,0.000716601613221156,1.1288149169786012e-07,3.3022663600905375e-08,0.0002439794329124756,0.5801147741014469
0.20677550970351039,0.06770592586116186,0.04101740771580055,11700,0.475127730720695,0.4751277311958227,0.35019029400371227,0.35019029400371227,0.09539273322509811,0.4455830272288104,0.0,0.015983783260306507,0.9711314152096637,0.0,0.06516391784462967,0.0019216294129771653,0.0008032615733318538,0.7305561114544099,1.8547257521886245,0.004582380750309081,0.11260163850920346,0.14089570644381522,-0.14089570644381522,0.45439527614517006,0.31349956970135484,0.017832870886122478,0.2949122783323105,-0.2949122783323105,0.7324050570971733,0.4374927787648628,0.041790135073721625,0.20889826517444415,0.7313622834666664,1.8551972190475519,0.8974422607848902,0.8974422607848902,4.271769748749217e-07,0.16593208628598122,1.0633743470708714,3.736206878952913e-06,0.027398992794871447,1.3558807603413403,True,0.2088451772289115,0.3063839083468527,0.3063839083468527,0.2936838059580228,0.6000677143048755,0.10338775485175519,0.03385296293058093,0.008203481543160111,0.475127730720695,0.475127730720695,0.0,0.0007991891630153254,0.0,0.0028824441194657477,0.00020081539333296344,0.7305561114544099,0.0001783287088612248,0.00041790135073721627,1.281530924624765e-08,3.7362068789529134e-08,0.0002739899279487145,1.3558807603413403
0.030736641195731603,0.03638557088494632,0.03288234213845835,11725,0.7045495973465635,0.7045495980511132,0.7772409235600404,0.7772409235600404,0.09539273322509811,0.8726336567851385,0.0,0.019954144712008424,1.327029232950474,0.0,0.036287052432476846,0.000398065232124139,0.01989140538930012,0.3309915889347265,1.5753186846737437,0.0012878928622848044,0.11260163850920346,0.2811208954838733,0.2811208954838733,0.45439527614517006,0.7355161716290434,0.025397035439085707,0.4944720056023061,0.4944720056023061,0.7324050570971733,1.2268770626994794,0.04673919010085011,0.17749632395345416,0.33214569823262363,1.5763208292545252,1.0531200202260473,1.0531200202260473,1.0526365340629812e-06,0.16593208628598122,1.2190521065120286,6.825615728167896e-06,0.11261171456660317,1.084093996416751,True,0.1773834808216136,0.6672735032282706,0.6672735032282706,0.2936838059580228,0.9609573091862934,0.015368320597865802,0.01819278544247316,0.0065764684276916705,0.7045495973465635,0.7045495973465635,0.0,0.0009977072356004214,0.0,0.0005970978481862085,0.00497285134732503,0.3309915889347265,0.00025397035439085706,0.00046739190100850115,3.1579096021889434e-08,6.825615728167897e-08,0.0011261171456660318,1.084093996416751
0.018718983803057497,0.21852796457033796,0.06799470160710518,11750,0.5230319147507103,0.5230319152737423,0.6436610319932877,0.6436610319932877,0.09539273322509811,0.7390537652183858,0.0,0.013585355788393955,0.5678207842531137,0.0,0.07214571725273534,0.002300356211495687,0.03941531442646583,0.28817285369333034,1.536817337362841,0.003940963268235993,0.11260163850920346,0.38145063246015776,0.38145063246015776,0.45439527614517006,0.8358459086053278,0.029396235293593122,0.7115280145840533,0.7115280145840533,0.7324050570971733,1.4439330716812266,0.0586761098520869,0.17317278840138095,0.2893623321951698,1.5379240951985418,0.5459295174450585,0.5459295174450585,3.683103795227144e-07,0.16593208628598122,0.7118616037310397,1.1389611615619012e-06,0.007949515445819465,0.958371054710277,True,0.1730481656445806,0.060800158782341296,-0.060800158782341296,0.2936838059580228,0.2328836471756815,0.009359491901528749,0.10926398228516898,0.013598940321421036,0.5230319147507103,0.5230319147507103,0.0,0.0006792677894196978,0.0,0.003450534317243531,0.009853828606616457,0.28817285369333034,0.00029396235293593123,0.000586761098520869,1.1049311385681431e-08,1.1389611615619011e-08,7.949515445819466e-05,0.958371054710277
0.1422697271566469,0.03188527988498602,0.02917413888280967,11775,1.3318855703353365,1.331885571667222,1.3486245683360647,1.3486245683360647,0.09539273322509811,1.4440173015611628,0.0,0.016141724824217357,1.3403829208145304,0.0,0.02917413888280967,0.0002579468744997559,0.6350825343980778,0.6040190028479961,1.7771865946141867,0.0011617337482517343,0.11260163850920346,0.07518701791035365,0.07518701791035365,0.45439527614517006,0.5295822940555237,0.028246443347500316,0.8583615857336925,0.8583615857336925,0.7324050570971733,1.5907666428308658,0.0485016524579957,0.20030334461508964,0.6066336368018161,1.7788668928654088,2.455566011654032,2.455566011654032,3.43968885631443e-06,0.16593208628598122,2.6214980979400133,5.532275758649417e-06,0.07890415185185863,2.1903382256231874,True,0.2001141402620149,0.5277930623274383,0.5277930623274383,0.2936838059580228,0.8214768682854611,0.07113486357832345,0.01594263994249301,0.0058348277765619344,1.3318855703353365,1.3318855703353365,0.0,0.000807086241210868,0.0,0.0003869203117496339,0.15877063359951946,0.6040190028479961,0.0002824644334750032,0.00048501652457995706,1.031906656894329e-07,5.5322757586494166e-08,0.0007890415185185863,2.1903382256231874
0.050252603710756356,0.07781072280296442,0.05496491669780362,11800,0.41409635990484384,0.4140963603189402,0.444622654771507,0.444622654771507,0.09539273322509811,0.5400153879966051,0.0,0.04600684728369984,0.49618053659060923,0.0,0.03536570190419937,0.00028044205768378114,0.01620188552106358,0.3895893438809848,1.6241709252127856,0.0017490571908503779,0.11260163850920346,0.1689052797212861,0.1689052797212861,0.45439527614517006,0.6233005558664562,0.017752954418956208,0.5522164944503473,0.5522164944503473,0.7324050570971733,1.2846215515475206,0.13174099820343413,0.18297822380640683,0.3906310498788042,1.6250048398843038,0.5525797544540682,0.5525797544540682,2.593008768540486e-07,0.16593208628598122,0.7185118407400494,8.420207658154056e-07,0.0054779424199420095,0.8870315623628836,True,0.18288432363967785,0.14447573400966138,-0.14447573400966138,0.2936838059580228,0.14920807194836141,0.025126301855378178,0.03890536140148221,0.010992983339560725,0.41409635990484384,0.41409635990484384,0.0,0.002300342364184992,0.0,0.0004206630865256717,0.004050471380265895,0.3895893438809848,0.0001775295441895621,0.0013174099820343413,7.779026305621458e-09,8.420207658154056e-09,5.4779424199420096e-05,0.8870315623628836
0.08642060951861438,0.02224122700703768,0.023282999725731567,11825,0.8033492237185502,0.8033492245218995,0.6250788741877457,0.6250788741877457,0.09539273322509811,0.7204716074128438,0.0,0.02101894760861055,0.7575114978299373,0.0,0.025001858218006687,0.00011326844200514341,0.08277196344039746,0.48159966915597485,1.6939738245467006,0.0011155783623116701,0.11260163850920346,0.002386417662053608,0.002386417662053608,0.45439527614517006,0.45678169380722367,0.02729122155086201,0.49707681383868374,0.49707681383868374,0.7324050570971733,1.229481870935857,0.06440848320198513,0.19085063708556071,0.48291196722775115,1.6949186767009152,1.4346534150554329,1.4346534150554329,1.0085192107875793e-06,0.16593208628598122,1.600585501341414,1.799194522915367e-06,0.059478443727604365,1.367362081718361,True,0.19074424517539867,0.7285635240446607,0.7285635240446607,0.2936838059580228,1.0222473300026835,0.04321030475930719,0.01112061350351884,0.004656599945146314,0.8033492237185502,0.8033492237185502,0.0,0.0010509473804305276,0.0,0.00016990266300771512,0.020692990860099365,0.48159966915597485,0.0002729122155086201,0.0006440848320198513,3.0255576323627374e-08,1.7991945229153672e-08,0.0005947844372760436,1.367362081718361
0.12952927857499927,0.00012850747437886945,0.006609552162529335,11850,1.1186448138366096,1.1186448149552544,1.2964897166277722,1.2964897166277722,0.09539273322509811,1.3918824498528704,0.0,0.02228158866038261,1.4336492290837912,0.0,0.023927622735015093,0.00010929801504340171,0.3548384230051963,0.5774506884909683,1.7599017623949613,0.0006196902130454996,0.11260163850920346,0.27461498643801374,0.27461498643801374,0.45439527614517006,0.7290102625831838,0.02654277701203507,1.057404743448958,1.057404743448958,0.7324050570971733,1.7898098005461311,0.044957723530717884,0.1983360758018422,0.5797236324800731,1.761395844800898,1.8324770179816905,1.8324770179816905,2.04470510472194e-06,0.16593208628598122,1.9984091042676717,7.405384419275015e-06,0.04553970765179919,1.853404475468599,True,0.19816783965992513,0.15638197189587066,0.15638197189587066,0.2936838059580228,0.45006577785389346,0.06476463928749963,6.425373718943472e-05,0.001321910432505867,1.1186448138366096,1.1186448138366096,0.0,0.0011140794330191306,0.0,0.00016394702256510257,0.08870960575129908,0.5774506884909683,0.00026542777012035073,0.00044957723530717885,6.13411531416582e-08,7.405384419275015e-08,0.0004553970765179919,1.853404475468599
0.13715429203744783,0.06420425975700494,0.04707505023503115,11875,0.5752681490605852,0.5752681496358534,0.7410485990099047,0.7410485990099047,0.09539273322509811,0.8364413322350028,0.0,0.03446664932649468,0.5544329402635665,0.0,0.05479526612889706,0.0007093278848717815,0.0022678139836933113,0.5934290748050107,1.7703434784594536,0.001258613890410216,0.11260163850920346,0.011273135347636631,-0.011273135347636631,0.45439527614517006,0.4431221407975334,0.05731338996468706,0.10894844476697851,-0.10894844476697851,0.7324050570971733,0.6234566123301948,0.09655779035525557,0.19955406796250452,0.5963124051245696,1.7722126683269122,0.9405529827071248,0.9405529827071248,5.128728065589647e-07,0.16593208628598122,1.106485068993106,9.460796085780271e-07,0.006236516561938481,1.283746889415183,True,0.199343594102052,0.4570311076456085,0.4570311076456085,0.2936838059580228,0.7507149136036313,0.06857714601872392,0.03210212987850247,0.00941501004700623,0.5752681490605852,0.5752681490605852,0.0,0.0017233324663247342,0.0,0.0010639918273076723,0.0005669534959233278,0.5934290748050107,0.0005731338996468706,0.0009655779035525557,1.538618419676894e-08,9.460796085780271e-09,6.236516561938481e-05,1.283746889415183
0.0,0.13241618527671162,0.05698960165694013,11900,1.2965960339752893,1.2965960352718853,0.9153441359613976,0.9153441359613976,0.09539273322509811,1.0107368691864957,0.0,0.02398882211856911,0.9168291001088791,0.0,0.04914118001003617,0.0008237144907127048,0.5779542983266828,0.13893550521227918,1.3727405333637317,0.002185269775936463,0.11260163850920346,0.13868760203829322,0.13868760203829322,0.45439527614517006,0.5930828781834633,0.04461571566456387,0.18534675403390743,0.18534675403390743,0.7324050570971733,0.9177518111310807,0.06215783039233521,0.15463240058523653,0.13933006021183933,1.3732694204081541,2.4539859926040535,2.4539859926040535,2.2766347405533075e-06,0.16593208628598122,2.6199180788900347,4.355363137605712e-06,0.019545137139655083,1.6613244382656196,True,0.1545728470321594,1.2216041028451095,1.2216041028451095,0.2936838059580228,1.5152879088031324,0.0,0.06620809263835581,0.011397920331388027,1.2965960339752893,1.2965960339752893,0.0,0.0011994411059284556,0.0,0.0012355717360690572,0.1444885745816707,0.13893550521227918,0.0004461571566456387,0.0006215783039233521,6.829904221659922e-08,4.355363137605712e-08,0.00019545137139655082,1.6613244382656196
0.044865570908284406,0.1457370180953177,0.0591002027341605,11925,0.39280975909253596,0.3928097594853457,0.46995817126626316,0.46995817126626316,0.09539273322509811,0.5653509044913613,0.0,0.02259992212819158,0.9447657880275475,0.0,0.07315965661396348,0.002455402811710995,0.0,0.37431752687605124,1.6118149449597086,0.0051404179443923035,0.11260163850920346,0.15139084166683026,-0.15139084166683026,0.45439527614517006,0.3030044344783398,0.018886573971841174,0.3487260245265902,-0.3487260245265902,0.7324050570971733,0.3836790325705831,0.060590022350472776,0.18154217875138348,0.3748519214359554,1.6122515181164971,0.6344665757039082,0.6344665757039082,1.641806844557009e-06,0.16593208628598122,0.8003986619898894,2.858994088765756e-06,0.018232798111798645,0.8800388931296838,True,0.18149301989423422,0.05966565332409479,0.05966565332409479,0.2936838059580228,0.3533494592821176,0.022432785454142203,0.07286850904765885,0.0118200405468321,0.39280975909253596,0.39280975909253596,0.0,0.0011299961064095791,0.0,0.0036831042175664926,0.0,0.37431752687605124,0.00018886573971841174,0.0006059002235047278,4.925420533671027e-08,2.858994088765756e-08,0.00018232798111798645,0.8800388931296838
0.0,0.12493462460263272,0.055030928299476256,11950,0.18877569490838783,0.18877569509716352,0.21991363078925397,0.21991363078925397,0.09539273322509811,0.3153063640143521,0.0,0.01834115269767532,0.9898672732920604,0.0,0.052532148895767586,0.0014761968604702518,0.0,0.03987210331294447,1.1996800022860188,0.003191757418466021,0.11260163850920346,0.21633290587371912,0.21633290587371912,0.45439527614517006,0.6707281820188892,0.017497087846340437,0.2432246402711507,-0.2432246402711507,0.7324050570971733,0.4891804168260226,0.048148811297012324,0.1351266797569185,0.04001670326040526,1.2000417537925652,0.15198877899946778,0.15198877899946778,1.4845483395328261e-06,0.16593208628598122,0.317920865285449,2.8989832820861757e-06,0.05633959292399941,0.3064725775550895,True,0.13508594594093068,0.027578425437772836,-0.027578425437772836,0.2936838059580228,0.26610538052024996,0.0,0.06246731230131636,0.011006185659895251,0.18877569490838783,0.18877569490838783,0.0,0.000917057634883766,0.0,0.002214295290705378,0.0,0.03987210331294447,0.00017497087846340438,0.00048148811297012324,4.4536450185984785e-08,2.8989832820861756e-08,0.0005633959292399942,0.3064725775550895
0.009195025107072279,0.012771542146204462,0.03482546637156826,11975,0.23155831710564057,0.2315583173371989,0.37324187202442394,0.37324187202442394,0.09539273322509811,0.46863460524952205,0.0,0.030092589530265595,1.1955711222661258,0.0,0.03012547475627484,0.0002829948733445437,0.0,0.2459075799369451,1.495890693537341,0.0014592735468862135,0.11260163850920346,0.17907005980441548,0.17907005980441548,0.45439527614517006,0.6334653359495855,0.01292821919405757,0.22012757978240693,0.22012757978240693,0.7324050570971733,0.9525326368795802,0.08423038950600026,0.1684887884904341,0.24633962331000425,1.496326125959539,0.2112887327451986,0.2112887327451986,1.7421621574225605e-06,0.16593208628598122,0.3772208190311798,4.73695768633606e-06,0.025259328302654926,0.49856767473453656,True,0.16843975808188028,0.060179816579890244,0.060179816579890244,0.2936838059580228,0.35386362253791304,0.0045975125535361394,0.006385771073102231,0.006965093274313653,0.23155831710564057,0.23155831710564057,0.0,0.0015046294765132797,0.0,0.00042449231001681555,0.0,0.2459075799369451,0.0001292821919405757,0.0008423038950600027,5.226486472267681e-08,4.73695768633606e-08,0.00025259328302654926,0.49856767473453656
0.0,0.019809096164220552,0.02164960675158997,12000,0.16368623223640458,0.1636862324000908,0.15269893501074253,0.15269893501074253,0.09539273322509811,0.24809166823584064,0.0,0.007708306457118201,0.9216282640753574,0.0,0.02164960675158997,5.2912824319050326e-05,0.0,0.1408749050989911,1.375333058894352,0.00031758931743818187,0.11260163850920346,0.024812083017078213,0.024812083017078213,0.45439527614517006,0.47920735916224827,0.014289077883711377,0.16828289631450466,-0.16828289631450466,0.7324050570971733,0.5641221607826686,0.09104154545385998,0.15489885516883106,0.14110222982603282,1.3756357675009567,0.28514384721079894,0.28514384721079894,4.324719093904926e-07,0.16593208628598122,0.45107593349678016,3.296567947920283e-06,0.028212167285794596,0.3205958651732289,True,0.15486476968070945,0.020178264926588918,0.020178264926588918,0.2936838059580228,0.3138620708846117,0.0,0.009904548082110276,0.004329921350317994,0.16368623223640458,0.16368623223640458,0.0,0.00038541532285591004,0.0,7.93692364785755e-05,0.0,0.1408749050989911,0.0001428907788371138,0.0009104154545385998,1.2974157281714779e-08,3.296567947920283e-08,0.000282121672857946,0.3205958651732289
0.057800438742898363,0.020105467350334805,0.021900668137018093,12025,0.6339408477338468,0.6339408483677876,0.5928180662916056,0.5928180662916056,0.09539273322509811,0.6882107995167037,0.0,0.00879717462246385,1.6160839941276257,0.0,0.05457099187140643,0.0008137714956123799,0.02831306621396127,0.41013421319620363,1.6404172180666317,0.0012065497395219375,0.11260163850920346,0.0360391496611982,-0.0360391496611982,0.45439527614517006,0.41835612648397186,0.02305126488359752,0.09887264474002377,-0.09887264474002377,0.7324050570971733,0.6335324123571495,0.04216966421225659,0.1847878801091441,0.4109786334010251,1.641076152575515,1.2103195995172937,1.2103195995172937,3.6622739637568627e-06,0.16593208628598122,1.376251685803275,7.534954202223595e-06,0.08512847630412353,1.0976506094038636,True,0.18471368299718421,0.42664221926895773,0.42664221926895773,0.2936838059580228,0.7203260252269805,0.028900219371449182,0.010052733675167402,0.004380133627403619,0.6339408477338468,0.6339408477338468,0.0,0.0004398587311231925,0.0,0.00122065724341857,0.0070782665534903175,0.41013421319620363,0.0002305126488359752,0.0004216966421225659,1.0986821891270587e-07,7.534954202223595e-08,0.0008512847630412352,1.0976506094038636
0.1736230276985246,0.09629894274342421,0.08267409159066624,12050,0.40221168940865226,0.40221168981086397,0.2741517202956977,0.2741517202956977,0.09539273322509811,0.3695444535207958,0.0,0.02054611680537762,0.2639679452717708,5.541478556655451e-06,0.08235403452749858,0.001971307281742944,0.0005474204874349216,0.6669678007594737,1.8166809663261865,0.0023471598330570124,0.11260163850920346,0.29814014009342105,-0.29814014009342105,0.45439527614517006,0.15625513605174898,0.02082348696673979,0.7847223815430451,-0.7847223815430451,0.7324050570971733,-0.052317324445871734,0.07153167693550062,0.20459295582126114,0.6674274803323185,1.8169623493970322,0.16715106387017337,0.16715106387017337,3.4426903777273974e-08,0.16593208628598122,0.3330831501561546,2.928793717140515e-07,0.004126439439145941,1.225766777065547,True,0.20456127162362134,0.033103081110660515,-0.033103081110660515,0.2936838059580228,0.2605807248473623,0.0868115138492623,0.048149471371712105,0.01653481831813325,0.40221168940865226,0.40221168940865226,0.0,0.001027305840268881,5.541478556655451e-06,0.002956960922614416,0.0001368551218587304,0.6669678007594737,0.00020823486966739792,0.0007153167693550063,1.0328071133182191e-09,2.928793717140515e-09,4.126439439145941e-05,1.225766777065547
1.571618392166859,0.09464882576758549,0.0886468097760648,12075,0.6943876698819357,0.6943876705763233,0.7136213409426363,0.7136213409426363,0.09539273322509811,0.8090140741677344,0.0,0.016493807056414362,0.7929326156247314,7.331316779255658e-05,0.0885623108909077,0.002872064108580778,0.03610696063290493,2.7345320330087755,2.653642051052396,0.003435916313006799,0.11260163850920346,0.31383833000677663,-0.31383833000677663,0.45439527614517006,0.14055694613839345,0.019144251558042277,0.21339957042734436,-0.21339957042734436,0.7324050570971733,0.5190054866698289,0.06698463294370256,0.29890112516672684,2.7373716958017953,2.654500436930071,1.2589617865393687,1.2589617865393687,2.3480922482619976e-07,0.16593208628598122,1.42489387282535,1.566051185634609e-06,0.05466831621741672,4.295423508366838,True,0.29880446950184364,0.41544808699388636,0.41544808699388636,0.2936838059580228,0.7091318929519091,0.7858091960834295,0.047324412883792744,0.01772936195521296,0.6943876698819357,0.6943876698819357,0.0,0.0008246903528207182,7.331316779255658e-05,0.004308096162871167,0.009026740158226233,2.7345320330087755,0.00019144251558042276,0.0006698463294370256,7.0442767447859925e-09,1.566051185634609e-08,0.0005466831621741672,4.295423508366838
0.0,0.011972066051103347,0.023261533073738686,12100,0.39533455615500807,0.39533455655034266,0.43170527957521776,0.43170527957521776,0.09539273322509811,0.5270980128003159,0.0,0.008528353647587937,1.4657160178445325,0.0,0.031875887614554635,0.0002956781023776364,0.0,0.1597583655010984,1.3996978427526203,0.00042085058124714575,0.11260163850920346,0.06857583247803134,-0.06857583247803134,0.45439527614517006,0.3858194436671387,0.028385435412823234,0.5232003721896528,-0.5232003721896528,0.7324050570971733,0.2092046849075205,0.02089363229305949,0.15764650322618606,0.1600298077958399,1.4000372580096008,0.5247620673621224,0.5247620673621224,1.3200453096716052e-06,0.16593208628598122,0.6906941536481036,9.207095682686888e-06,0.06305020533844925,0.5677246205351112,True,0.1576082845087209,0.20312830427970496,-0.20312830427970496,0.2936838059580228,0.09055550167831784,0.0,0.005986033025551674,0.004652306614747737,0.39533455615500807,0.39533455615500807,0.0,0.00042641768237939686,0.0,0.00044351715356645457,0.0,0.1597583655010984,0.0002838543541282324,0.0002089363229305949,3.9601359290148155e-08,9.207095682686888e-08,0.0006305020533844926,0.5677246205351112
0.09135435138036006,0.02590882040970055,0.02696150218480465,12125,0.35718403139322974,0.35718403175041374,0.22357946632166353,0.22357946632166353,0.09539273322509811,0.31897219954676165,0.0,0.014579382946380878,0.23474211852122573,0.0,0.043387506393478215,0.0004190824140420051,0.004363664005054951,0.49315341027726806,1.702248823621135,0.0011324231806048605,0.11260163850920346,0.08756246166202175,0.08756246166202175,0.45439527614517006,0.5419577378071918,0.012429103296719143,0.4153051999105063,0.4153051999105063,0.7324050570971733,1.1477102570076796,0.04003609963643235,0.1917568377911198,0.49416193177614853,1.7029665225145139,0.5869482091615879,0.5869482091615879,8.774290734686739e-08,0.16593208628598122,0.7528802954475691,1.465844067565914e-07,0.004725685602469082,0.9173817497556224,True,0.19167602371259213,0.25151658180666625,0.25151658180666625,0.2936838059580228,0.545200387764689,0.04567717569018003,0.012954410204850275,0.00539230043696093,0.35718403139322974,0.35718403139322974,0.0,0.000728969147319044,0.0,0.0006286236210630077,0.0010909160012637377,0.49315341027726806,0.00012429103296719143,0.0004003609963643235,2.6322872204060214e-09,1.465844067565914e-09,4.725685602469082e-05,0.9173817497556224
0.0,0.0010824476786285286,0.016177161429622364,12150,0.7408168144104359,0.7408168151512527,0.6906849030227921,0.6906849030227921,0.09539273322509811,0.7860776362478902,0.0,0.015619894062559541,1.2099445432869533,0.0,0.018614274581476187,0.0001236422168945037,0.07103631587270927,0.1361754692465897,1.3690196055043549,0.00047814785905220573,0.11260163850920346,0.26918398539483746,0.26918398539483746,0.45439527614517006,0.7235792615400075,0.036036271003939205,0.3771837237099306,0.3771837237099306,0.7324050570971733,1.1095887808071039,0.03866180381187538,0.15426614097232838,0.13691237186474217,1.3700167183584306,1.419876652539891,1.419876652539891,1.966076764351899e-06,0.16593208628598122,1.5858087388258721,7.188101163294024e-06,0.03483629231832167,0.9005899513135673,True,0.15415386442120974,0.1903282557530543,-0.1903282557530543,0.2936838059580228,0.10335555020496852,0.0,0.0005412238393142643,0.0032354322859244732,0.7408168144104359,0.7408168144104359,0.0,0.0007809947031279771,0.0,0.00018546332534175554,0.017759078968177317,0.1361754692465897,0.00036036271003939206,0.00038661803811875384,5.898230293055697e-08,7.188101163294024e-08,0.00034836292318321673,0.9005899513135673
0.5071462413349446,0.014416170376946424,0.018430261954446376,12175,0.673076676203408,0.6730766768764848,0.7178299208374166,0.7178299208374166,0.09539273322509811,0.8132226540625147,0.0,0.00909266635928293,0.8787178599756258,0.0,0.04892041546551007,0.0006878635070864712,0.021583231067718183,1.236859848732876,2.1121420092474144,0.0012843060618306316,0.11260163850920346,0.08094617847360386,-0.08094617847360386,0.45439527614517006,0.3734490976715662,0.019712373477333466,0.3501162618661243,0.3501162618661243,0.7324050570971733,1.0825213189632976,0.06791134996117117,0.2379324574490009,1.2388712888537032,2.1130459509174377,1.1520402195130437,1.1520402195130437,1.4478508009424338e-06,0.16593208628598122,1.317972305799025,2.5873314995556737e-06,0.014855752428855944,2.182310883596155,True,0.23783067212680012,0.541803397477126,0.541803397477126,0.2936838059580228,0.8354872034351488,0.2535731206674723,0.007208085188473212,0.0036860523908892754,0.673076676203408,0.673076676203408,0.0,0.00045463331796414657,0.0,0.0010317952606297067,0.005395807766929546,1.236859848732876,0.00019712373477333465,0.0006791134996117117,4.343552402827301e-08,2.5873314995556737e-08,0.00014855752428855943,2.182310883596155
0.07016249330451786,0.022710208879245353,0.026798707265678925,12200,0.6464704462365299,0.6464704468830004,0.7319753976913534,0.7319753976913534,0.09539273322509811,0.8273681309164516,0.0,0.02788221989858296,1.003668145099447,0.0,0.03222591015462246,0.00020125759697981377,0.06010444561411382,0.4420681225711595,1.6648820365833021,0.0011713878112988908,0.11260163850920346,0.18063849110933405,0.18063849110933405,0.45439527614517006,0.6350337672545041,0.022566131030374355,0.8071049983974369,0.8071049983974369,0.7324050570971733,1.5395100554946102,0.06321553203019555,0.18758199824894967,0.4434099417047391,1.665890337596769,0.9312848262898241,0.9312848262898241,1.6021585049499173e-06,0.16593208628598122,1.0972169125758053,3.0375433642715002e-06,0.024563390219969887,1.1581602991196285,True,0.1874684618926398,0.04992033707883542,0.04992033707883542,0.2936838059580228,0.3436041430368582,0.03508124665225893,0.011355104439622676,0.005359741453135785,0.6464704462365299,0.6464704462365299,0.0,0.0013941109949291482,0.0,0.0003018863954697207,0.015026111403528455,0.4420681225711595,0.00022566131030374355,0.0006321553203019554,4.806475514849752e-08,3.0375433642715e-08,0.0002456339021996989,1.1581602991196285
0.011532095335639378,0.01422698803350797,0.02187200146633956,12225,1.5298370042338088,1.529837005763646,0.9979640195919088,0.9979640195919088,0.09539273322509811,1.093356752817007,0.0,0.020679205930902972,1.2756401717504897,0.0,0.047910362955215426,0.0008038548582323054,0.944338780004645,0.2574421705003672,1.5073875939559098,0.002034028421391094,0.11260163850920346,0.015343833915956562,0.015343833915956562,0.45439527614517006,0.4697391100611266,0.03420586780602828,0.24355704953748414,0.24355704953748414,0.7324050570971733,0.9759621066346574,0.045223840275237244,0.16980734526499197,0.2581006283133211,1.508036050210338,2.415149299558551,2.415149299558551,4.060050000321964e-06,0.16593208628598122,2.581081385844532,4.160285685778006e-06,0.11961889217818944,2.0448482037040243,True,0.16973432802175725,2.1939855350121484,2.1939855350121484,0.2936838059580228,2.487669340970171,0.005766047667819689,0.007113494016753985,0.004374400293267912,1.5298370042338088,1.5298370042338088,0.0,0.0010339602965451487,0.0,0.0012057822873484583,0.23608469500116125,0.2574421705003672,0.0003420586780602828,0.00045223840275237246,1.218015000096589e-07,4.160285685778006e-08,0.0011961889217818945,2.0448482037040243
0.029869460433090557,0.0013079425429634028,0.007552080263505686,12250,0.3208248262356835,0.3208248265565083,0.38880113590346743,0.38880113590346743,0.09539273322509811,0.48419386912856555,0.0,0.014168472835173048,0.7390122141584886,0.0,0.04488481349844253,0.000758270038803576,0.0,0.32813172816068836,1.5728278346594973,0.0012223699529751223,0.11260163850920346,0.0009762652097811131,-0.0009762652097811131,0.45439527614517006,0.45341901093538894,0.01594264882913728,0.1470882047300186,-0.1470882047300186,0.7324050570971733,0.5853168523671547,0.03432019951545196,0.17715473112826335,0.3286582017685453,1.5732871896079184,0.560425793202222,0.560425793202222,9.122325489127923e-07,0.16593208628598122,0.7263578794882032,2.2067645677600915e-06,0.021002952600797136,0.6686142080811399,True,0.17710300700382028,0.16662400980783776,0.16662400980783776,0.2936838059580228,0.46030781576586055,0.014934730216545278,0.0006539712714817014,0.0015104160527011374,0.3208248262356835,0.3208248262356835,0.0,0.0007084236417586524,0.0,0.0011374050582053641,0.0,0.32813172816068836,0.0001594264882913728,0.0003432019951545196,2.736697646738377e-08,2.2067645677600916e-08,0.00021002952600797137,0.6686142080811399
0.45534526328710173,0.0025341704727144254,0.00817492187630684,12275,0.4365872509640638,0.4365872514006511,0.29898604906187237,0.29898604906187237,0.09539273322509811,0.3943787822869705,0.0,0.051676729307985406,0.4692934135253814,1.0833459318414159e-05,0.08329142208147393,0.0030847216697454135,0.0,1.1551794679312173,2.0747927558051447,0.0041774062045403255,0.11260163850920346,0.31987845405437365,-0.31987845405437365,0.45439527614517006,0.13451682209079643,0.031863542416395864,0.3072157473374791,-0.3072157473374791,0.7324050570971733,0.4251893097596942,0.10975130137190273,0.23365282294777562,1.1557090582555554,2.0750390961521146,0.4848824364598274,0.4848824364598274,2.3212661156135056e-07,0.16593208628598122,0.6508145227458086,6.316932121594317e-07,0.013913118975593702,1.8311184654881558,True,0.23362508461861248,0.6571413584052428,0.6571413584052428,0.2936838059580228,0.9508251643632656,0.22767263164355087,0.0012670852363572127,0.001634984375261368,0.4365872509640638,0.4365872509640638,0.0,0.0025838364653992703,1.0833459318414159e-05,0.00462708250461812,0.0,1.1551794679312173,0.0003186354241639586,0.0010975130137190273,6.9637983468405164e-09,6.316932121594317e-09,0.00013913118975593703,1.8311184654881558
0.20098258408254208,0.04174762742774707,0.045623111157200524,12300,0.5830682986221871,0.5830682992052554,0.7344437265038564,0.7344437265038564,0.09539273322509811,0.8298364597289545,0.0,0.014383844694877301,1.715405512371709,0.0,0.04540815532272929,0.0008343431211980445,0.007094286545731092,0.7196312336169113,1.8483108119179616,0.0011078648027848328,0.11260163850920346,0.20898310562904182,-0.20898310562904182,0.45439527614517006,0.24541217051612824,0.02361040858169693,0.4522369883659584,0.4522369883659584,0.7324050570971733,1.1846420454631317,0.03887466186434972,0.20819733127045936,0.7207539999840293,1.8489723199162793,0.8711994067603033,0.8711994067603033,1.4535414053559214e-06,0.16593208628598122,1.0371314930462845,1.0085577602265844e-05,0.08384571875181103,1.4383969911326533,True,0.20812284437934678,0.3914779455671792,0.3914779455671792,0.2936838059580228,0.685161751525202,0.10049129204127104,0.020873813713873535,0.009124622231440106,0.5830682986221871,0.5830682986221871,0.0,0.0007191922347438651,0.0,0.0012515146817970667,0.001773571636432773,0.7196312336169113,0.0002361040858169693,0.00038874661864349725,4.360624216067764e-08,1.0085577602265844e-07,0.0008384571875181103,1.4383969911326533
0.075605326124158,0.0002632563585207581,0.016254055000083402,12325,0.30816502621420694,0.30816502652237193,0.2230131235015737,0.2230131235015737,0.09539273322509811,0.3184058567266718,0.0,0.008857981854486895,0.8356997110975539,0.0,0.032692792975224545,0.0003095858234836694,0.0,0.45557670771608477,1.6749642269899085,0.0008050790803529765,0.11260163850920346,0.19588343207869474,-0.19588343207869474,0.45439527614517006,0.2585118440664753,0.014723894600291538,0.32084531332224453,-0.32084531332224453,0.7324050570971733,0.41155974377492877,0.08387848327029905,0.18862578766496052,0.455841147298314,1.6751600901255301,0.37612156713425027,0.37612156713425027,7.16533699956089e-07,0.16593208628598122,0.5420536534202315,2.2834210093707416e-06,0.013148828119096663,0.8069516703897154,True,0.18860373315300735,0.37724540725692157,0.37724540725692157,0.2936838059580228,0.6709292132149444,0.037802663062079,0.00013162817926037906,0.0032508110000166804,0.30816502621420694,0.30816502621420694,0.0,0.00044289909272434477,0.0,0.0004643787352255041,0.0,0.45557670771608477,0.00014723894600291538,0.0008387848327029905,2.1496010998682668e-08,2.2834210093707416e-08,0.00013148828119096664,0.8069516703897154
0.5640496222404158,0.1338038240814533,0.1073299767782868,12350,0.2782580477071398,0.2782580479853978,0.377878219703343,0.377878219703343,0.09539273322509811,0.4732709529284411,0.0,0.027973839562557955,0.8107273361376306,0.0007226060014021626,0.10688133183832532,0.0014270627350525674,0.0,1.32487551901407,2.151032370967068,0.001969198347859024,0.11260163850920346,0.23316807278983723,-0.23316807278983723,0.45439527614517006,0.22122720335533283,0.01514749997175583,0.16341652181407418,-0.16341652181407418,0.7324050570971733,0.5689885352830991,0.11620812817424032,0.24225531265849345,1.3258063427119502,2.1514366429430454,0.3478507405598501,0.3478507405598501,7.573847067209189e-07,0.16593208628598122,0.5137828268458313,2.8082502682762605e-06,0.017958345129261474,1.9792813678567067,True,0.24220979096755232,0.20560474201408663,0.20560474201408663,0.2936838059580228,0.4992885479721094,0.2820248111202079,0.06690191204072665,0.021465995355657363,0.2782580477071398,0.2782580477071398,0.0,0.0013986919781278978,0.0007226060014021626,0.0021405941025788512,0.0,1.32487551901407,0.0001514749997175583,0.0011620812817424032,2.2721541201627566e-08,2.8082502682762604e-08,0.00017958345129261475,1.9792813678567067
0.18967348183495422,0.0008280246890530751,0.005000206385422312,12375,0.2063192463524895,0.20631924655880873,0.23168915368060566,0.23168915368060566,0.09539273322509811,0.3270818869057038,0.0,0.011288862974381864,0.3629840779105117,0.0,0.0343687951540728,0.0002715805728982779,0.0,0.6980856348583104,1.8355151912791954,0.00041733740877044235,0.11260163850920346,0.07062781780314376,-0.07062781780314376,0.45439527614517006,0.3837674583420263,0.01372017099914262,0.129862253523771,-0.129862253523771,0.7324050570971733,0.6025428035734023,0.04254638498723855,0.2067293670086286,0.6987882069609648,1.8359355279930174,0.3577310003943105,0.3577310003943105,3.0291742738094566e-07,0.16593208628598122,0.5236630866802917,4.382881873359421e-07,0.008870170880536852,1.0022788704970282,True,0.2066820364017233,0.09661434359719467,-0.09661434359719467,0.2936838059580228,0.19706946236082812,0.09483674091747711,0.00041401234452653757,0.0010000412770844625,0.2063192463524895,0.2063192463524895,0.0,0.0005644431487190932,0.0,0.0004073708593474169,0.0,0.6980856348583104,0.0001372017099914262,0.00042546384987238547,9.087522821428369e-09,4.382881873359421e-09,8.870170880536851e-05,1.0022788704970282
0.05812666942354354,0.1299670908544952,0.08927602692701161,12400,0.27453823067093985,0.27453823094547813,0.16675559135379964,0.16675559135379964,0.09539273322509811,0.26214832457889775,0.0,0.022526212386754556,0.4573549527931205,6.439996132296778e-05,0.08802495864929956,0.0011262511206016402,0.0,0.4110024544020312,1.6410947312231097,0.0020058808014664434,0.11260163850920346,0.17782077265845692,-0.17782077265845692,0.45439527614517006,0.27657450348671314,0.00869435298350479,0.4243979939939997,-0.4243979939939997,0.7324050570971733,0.3080070631031736,0.10931599011233417,0.18480834965906578,0.4112117454563928,1.6412579398778566,0.24493327494509787,0.24493327494509787,1.5517091908145887e-07,0.16593208628598122,0.4108653612310791,6.398001078934001e-07,0.014151742229230173,0.8016444897653354,True,0.1847899720954903,0.2780693804346237,0.2780693804346237,0.2936838059580228,0.5717531863926465,0.02906333471177177,0.0649835454272476,0.017855205385402324,0.27453823067093985,0.27453823067093985,0.0,0.0011263106193377277,6.439996132296778e-05,0.0016893766809024603,0.0,0.4110024544020312,8.69435298350479e-05,0.0010931599011233418,4.655127572443766e-09,6.398001078934001e-09,0.00014151742229230173,0.8016444897653354
0.9597603445977052,0.01803246032579664,0.027569649765703492,12425,0.6919923107144955,0.6919923114064879,0.5855075056403314,0.5855075056403314,0.09539273322509811,0.6809002388654295,0.0,0.04057421132813262,0.8188346404064625,0.0,0.07852231455536422,0.00296128403289227,0.03437536718031572,1.9034992172731207,2.3796735908442694,0.003869816802718148,0.11260163850920346,0.2197977656234724,-0.2197977656234724,0.45439527614517006,0.23459751052169767,0.04334945474764904,0.17119912727068254,0.17119912727068254,0.7324050570971733,0.9036041843678558,0.08777719610548748,0.2683649080969099,1.9135532683397873,2.383312426149562,0.8472844414158816,0.8472844414158816,9.98074848698313e-07,0.16593208628598122,1.0132165277018628,1.5996168606711913e-06,0.04761236922586435,3.106753774952536,True,0.2679551692428805,1.120685786672861,1.120685786672861,0.2936838059580228,1.4143695926308837,0.4798801722988526,0.00901623016289832,0.005513929953140699,0.6919923107144955,0.6919923107144955,0.0,0.0020287105664066308,0.0,0.004441926049338405,0.00859384179507893,1.9034992172731207,0.00043349454747649045,0.0008777719610548749,2.9942245460949394e-08,1.5996168606711913e-08,0.0004761236922586435,3.106753774952536
0.19150426944068538,0.001062473053480506,0.01875176319006099,12450,0.3037015879146793,0.3037015882183809,0.39837957984597083,0.39837957984597083,0.09539273322509811,0.49377231307106895,0.0,0.0415257606585774,0.7234815644655294,0.0,0.06937786168698806,0.0015584700798079584,0.0,0.7015938757446123,1.8376120078799087,0.004448522537070364,0.11260163850920346,0.18956463395703516,-0.18956463395703516,0.45439527614517006,0.2648306421881349,0.014848179975963471,0.36016428027523273,-0.36016428027523273,0.7324050570971733,0.37224077682194057,0.11033932992972227,0.20695949891395166,0.7022093043731484,1.8379792982962935,0.3693224810781136,0.3693224810781136,7.106342510081859e-07,0.16593208628598122,0.5352545673640948,1.9026476029841905e-06,0.02736279276039316,1.1112687240691919,True,0.2069181414075851,0.02036736434711134,0.02036736434711134,0.2936838059580228,0.31405117030513413,0.09575213472034269,0.000531236526740253,0.003750352638012198,0.3037015879146793,0.3037015879146793,0.0,0.00207628803292887,0.0,0.0023377051197119377,0.0,0.7015938757446123,0.00014848179975963471,0.0011033932992972227,2.1319027530245576e-08,1.9026476029841904e-08,0.0002736279276039316,1.1112687240691919
0.006247491314985692,0.010471825167313487,0.022978536313699824,12475,0.7396143872396775,0.7396143879792919,0.8310240323644555,0.8310240323644555,0.09539273322509811,0.9264167655895537,0.0,0.02326578372067554,1.5883907163802276,0.0,0.03612785938490323,0.0005996744083251341,0.04447029727708735,0.22948035019065913,1.4790410735945918,0.0013628468752568145,0.11260163850920346,0.009368610070211225,0.009368610070211225,0.45439527614517006,0.4637638862153813,0.030725407404008264,0.38884232222931703,0.38884232222931703,0.7324050570971733,1.1212473793264903,0.04876863136601388,0.166619824644059,0.2301390604840493,1.4797281110004388,1.2897548231067453,1.2897548231067453,1.0076519709154008e-05,0.16593208628598122,1.4556869093927265,7.641277503463302e-06,0.04496358383008099,0.9964754329863869,True,0.16654246309957316,0.47936692212144283,0.47936692212144283,0.2936838059580228,0.7730507280794656,0.003123745657492846,0.005235912583656743,0.004595707262739965,0.7396143872396775,0.7396143872396775,0.0,0.001163289186033777,0.0,0.0008995116124877012,0.011117574319271838,0.22948035019065913,0.00030725407404008263,0.0004876863136601388,3.022955912746202e-07,7.641277503463302e-08,0.00044963583830080994,0.9964754329863869
0.1637756262440369,0.10575635765176117,0.04875698670866314,12500,0.5632702450076518,0.563270245570922,0.5784517608876791,0.5784517608876791,0.09539273322509811,0.6738444941127772,0.0,0.018585458579134708,0.929725987597593,0.0,0.05838111690543591,0.001377560175332139,0.012109307836772918,0.6475292374921333,1.8046920140601206,0.0017526672105487803,0.11260163850920346,0.15712627938435436,-0.15712627938435436,0.45439527614517006,0.2972689967608157,0.022184780528079397,0.43913211890582515,0.43913211890582515,0.7324050570971733,1.1715371760029984,0.1055729829110503,0.2033012614572443,0.6488157294591634,1.805490986578474,1.010480884985354,1.010480884985354,2.434891183443596e-06,0.16593208628598122,1.1764129712713352,3.112829834485299e-06,0.015292143174913238,1.3627704151817392,True,0.20321129583456415,0.11473056961814143,0.11473056961814143,0.2936838059580228,0.4084143755761642,0.08188781312201845,0.052878178825880584,0.009751397341732628,0.5632702450076518,0.5632702450076518,0.0,0.0009292729289567354,0.0,0.002066340262998208,0.0030273269591932295,0.6475292374921333,0.00022184780528079398,0.001055729829110503,7.304673550330787e-08,3.1128298344852995e-08,0.00015292143174913239,1.3627704151817392
0.11472130031382434,0.016094635354306885,0.03574746583358644,12525,0.3711072152438297,0.3711072156149369,0.34289318737626245,0.34289318737626245,0.09539273322509811,0.43828592060136057,0.0,0.011370466079655353,1.3532748872019615,0.0,0.03574746583358644,0.0005230774784717827,0.0,0.5456855640108061,1.7387053296212274,0.0005624888409629249,0.11260163850920346,0.09509073012079627,-0.09509073012079627,0.45439527614517006,0.3593045460243738,0.01787248894937213,0.21886132498717425,-0.21886132498717425,0.7324050570971733,0.513543732109999,0.042727663045006116,0.19583622331356948,0.5464092379758422,1.739194993202634,0.7168739356548812,0.7168739356548812,8.819068765648639e-07,0.16593208628598122,0.8828060219408624,7.744077337677863e-06,0.04255740743184916,0.9917350592693512,True,0.1957810863870882,0.013278678659318477,0.013278678659318477,0.2936838059580228,0.30696248461734127,0.05736065015691217,0.008047317677153443,0.007149493166717289,0.3711072152438297,0.3711072152438297,0.0,0.0005685233039827677,0.0,0.0007846162177076741,0.0,0.5456855640108061,0.00017872488949372128,0.00042727663045006117,2.6457206296945915e-08,7.744077337677863e-08,0.0004255740743184916,0.9917350592693512
0.38368941391860484,2.518624979785944e-05,0.0008526101531555257,12550,1.3977768462774258,1.3977768476752028,1.3547078892391287,1.3547078892391287,0.09539273322509811,1.4501006224642268,0.0,0.01938169175697706,1.767688369254099,0.0,0.03268728067253633,0.00016981265966189532,0.7645107678750123,1.0392307592248335,2.019426681632786,0.000584448568862125,0.11260163850920346,0.04466966848853399,-0.04466966848853399,0.45439527614517006,0.40972560765663607,0.029842781052874256,0.5012554227920246,0.5012554227920246,0.7324050570971733,1.233660479889198,0.0450104665079718,0.2275451341637541,1.0420276150666228,2.0207975387248065,2.722285604863619,2.722285604863619,2.556300277420048e-06,0.16593208628598122,2.8882176911496003,9.482588519425132e-06,0.09013386186206124,2.823036965772309,True,0.22739077339532207,0.5192069160830121,0.5192069160830121,0.2936838059580228,0.8128907220410349,0.19184470695930242,1.259312489892972e-05,0.00017052203063110515,1.3977768462774258,1.3977768462774258,0.0,0.0009690845878488531,0.0,0.000254718989492843,0.19112769196875307,1.0392307592248335,0.0002984278105287426,0.000450104665079718,7.668900832260144e-08,9.482588519425132e-08,0.0009013386186206124,2.823036965772309
0.0,0.004806601774618224,0.016110886807843155,12575,0.6182557491383064,0.6182557497565622,0.4267044661317154,0.4267044661317154,0.09539273322509811,0.5220971993568135,0.0,0.01611360982275964,1.3889358883722656,0.0,0.017814783398662794,8.134352118445773e-05,0.02386427898646821,0.08493676256899066,1.2914391232641744,0.0005468507586434789,0.11260163850920346,0.03431174583068913,-0.03431174583068913,0.45439527614517006,0.4200835303144809,0.02041633257971451,0.048257248714765555,-0.048257248714765555,0.7324050570971733,0.6841478083824077,0.03227037060230566,0.14546319293827414,0.08516996008856131,1.2918389283295861,1.1794972044991823,1.1794972044991823,3.4391479239137234e-06,0.16593208628598122,1.3454292907851635,5.06396559170252e-06,0.12025646206722056,0.7174413409422925,True,0.14541817422882644,0.5782771357590036,0.5782771357590036,0.2936838059580228,0.8719609417170264,0.0,0.002403300887309112,0.003222177361568631,0.6182557491383064,0.6182557491383064,0.0,0.000805680491137982,0.0,0.0001220152817766866,0.005966069746617052,0.08493676256899066,0.0002041633257971451,0.0003227037060230566,1.031744377174117e-07,5.06396559170252e-08,0.0012025646206722056,0.7174413409422925
0.458808799365728,0.002075105331248328,0.010627001053317571,12600,2.3268482964218276,2.3268482987486756,2.268815802314644,2.268815802314644,0.09539273322509811,2.364208535539742,0.0,0.016136072930104845,3.0717121561334073,0.0,0.06212542355640684,0.0013181961384040204,2.9533801482815036,1.160692210805925,2.0773542643002463,0.002662754635648125,0.11260163850920346,0.05212920775893348,0.05212920775893348,0.45439527614517006,0.5065244839041035,0.06671671697119118,1.1064694809128133,1.1064694809128133,0.7324050570971733,1.8388745380099865,0.060205908947693496,0.23418962752801736,1.165981829030195,2.079806384973804,4.0446602673697445,4.0446602673697445,5.641919445690684e-06,0.16593208628598122,4.210592353655725,2.2937867842483905e-05,0.21377345668043152,4.464644354173647,True,0.23391351469783128,2.0826235946956078,2.0826235946956078,0.2936838059580228,2.3763074006536304,0.229404399682864,0.001037552665624164,0.0021254002106635144,2.3268482964218276,2.3268482964218276,0.0,0.0008068036465052423,0.0,0.0019772942076060306,0.7383450370703759,1.160692210805925,0.0006671671697119118,0.0006020590894769349,1.692575833707205e-07,2.2937867842483906e-07,0.0021377345668043154,4.464644354173647
0.0,0.030277094581155795,0.030986357109748563,12625,0.18298916232664408,0.18298916250963324,0.2049234311161824,0.2049234311161824,0.09539273322509811,0.3003161643412805,0.0,0.019508468868174183,1.0515337372275613,0.0,0.034607146792629155,0.00041373702435149067,0.0,0.05814912605573962,1.2411412989426316,0.0013808930679663507,0.11260163850920346,0.18991854776667583,0.18991854776667583,0.45439527614517006,0.6443138239118459,0.017957289192771442,0.2156209914030407,-0.2156209914030407,0.7324050570971733,0.5167840656941326,0.04394304172150175,0.13979928544916373,0.058340862690689985,1.241538532517464,0.15038770240781668,0.15038770240781668,2.1677260381244455e-06,0.16593208628598122,0.3163197886937979,2.6258247082886614e-06,0.08532480705130444,0.26554247874453124,True,0.1397545562937944,0.14231524023983083,-0.14231524023983083,0.2936838059580228,0.15136856571819196,0.0,0.015138547290577897,0.006197271421949713,0.18298916232664408,0.18298916232664408,0.0,0.0009754234434087092,0.0,0.000620605536527236,0.0,0.05814912605573962,0.00017957289192771443,0.0004394304172150175,6.503178114373336e-08,2.6258247082886613e-08,0.0008532480705130443,0.26554247874453124
0.0003659009294714146,0.21389963583672533,0.06736466303435577,12650,1.4646718740316387,1.4646718754963106,0.5989802728426489,0.5989802728426489,0.09539273322509811,0.694373006067747,0.0,0.02527998045056524,1.3634777765991999,1.2281307182170791e-05,0.0835044696006915,0.003910114920264866,0.8760297712978347,0.17566873056525129,1.4191285370447249,0.006537424150479721,0.11260163850920346,0.11040035764362227,-0.11040035764362227,0.45439527614517006,0.3439949185015478,0.018023091081673354,0.4548335238548241,-0.4548335238548241,0.7324050570971733,0.2775715332423492,0.07475692936114876,0.15981607105676102,0.1758165960328302,1.4193048962662256,2.401555475068166,2.401555475068166,5.271209016109418e-06,0.16593208628598122,2.567487561354147,6.001176471246249e-06,0.15317498680870587,1.9895549693419763,True,0.15979621271769023,2.0930863990468302,2.0930863990468302,0.2936838059580228,2.386770205004853,0.0001829504647357073,0.10694981791836267,0.013472932606871156,1.4646718740316387,1.4646718740316387,0.0,0.001263999022528262,1.2281307182170791e-05,0.005865172380397299,0.21900744282445866,0.17566873056525129,0.00018023091081673353,0.0007475692936114877,1.5813627048328254e-07,6.001176471246249e-08,0.0015317498680870586,1.9895549693419763
0.00666201205374412,0.008144689494289148,0.017307673798763572,12675,0.43498373133724894,0.43498373177223265,0.47739631086714907,0.47739631086714907,0.09539273322509811,0.5727890440922472,0.0,0.020309826549227434,1.175296891894891,0.0,0.027377249455637173,0.0001486793657465271,0.0,0.23195893169315918,1.4816211495492688,0.0008403011846168185,0.11260163850920346,0.10514048937066611,0.10514048937066611,0.45439527614517006,0.5595357655158362,0.014842902720119686,0.05221990460713477,-0.05221990460713477,0.7324050570971733,0.6801851524900385,0.04513031677668695,0.16689300467405305,0.23247265895431507,1.4821541858724396,0.7468357593646382,0.7468357593646382,5.4269711790083005e-06,0.16593208628598122,0.9127678456506194,5.097166574070584e-06,0.09763182492023716,0.6806223231652303,True,0.16683298390534873,0.38288628141379977,0.38288628141379977,0.2936838059580228,0.6765700873718226,0.00333100602687206,0.004072344747144574,0.0034615347597527144,0.43498373133724894,0.43498373133724894,0.0,0.0010154913274613717,0.0,0.00022301904861979062,0.0,0.23195893169315918,0.00014842902720119686,0.0004513031677668695,1.62809135370249e-07,5.0971665740705845e-08,0.0009763182492023716,0.6806223231652303
0.0,0.04284696698008583,0.03267563878805514,12700,0.17764416593394786,0.17764416611159203,0.2169926076768347,0.2169926076768347,0.09539273322509811,0.3123853409019328,0.0,0.012254324341480388,0.9244863577349508,0.0,0.03918313090237105,0.0003982308871086952,0.0,0.06888790516183063,1.2624650551251169,0.0011048262760266236,0.11260163850920346,0.2950786856967773,0.2950786856967773,0.45439527614517006,0.7494739618419474,0.013544163587693357,0.03719731993377784,-0.03719731993377784,0.7324050570971733,0.6952077371633955,0.04892457282926265,0.14220122888900721,0.06910056703360036,1.2628698671084237,0.10652975336458076,0.10652975336458076,1.2490236933490518e-06,0.16593208628598122,0.272461839650562,2.6173786202695094e-06,0.0174416000242036,0.27649991190007805,True,0.14215564639235057,0.10439251537495431,0.10439251537495431,0.2936838059580228,0.3980763213329771,0.0,0.021423483490042916,0.0065351277576110285,0.17764416593394786,0.17764416593394786,0.0,0.0006127162170740195,0.0,0.0005973463306630429,0.0,0.06888790516183063,0.00013544163587693358,0.0004892457282926265,3.747071080047155e-08,2.6173786202695095e-08,0.00017441600024203598,0.27649991190007805
0.05347987295165382,0.0043604443364431145,0.010944502863542736,12725,0.27036074369088986,0.27036074396125065,0.33325313380116156,0.33325313380116156,0.09539273322509811,0.4286458670262597,0.0,0.009102839711071843,0.8510011070064604,0.0,0.04210647042398324,0.0005380570018962947,0.0,0.3984855990496814,1.6312571576225345,0.0010197395854590486,0.11260163850920346,0.04951276074584682,-0.04951276074584682,0.45439527614517006,0.40488251539932324,0.013415552982115652,0.18640115579592687,-0.18640115579592687,0.7324050570971733,0.5460039013012464,0.054482211171150895,0.18373223136383854,0.3990462531446037,1.6317010789484245,0.46161079375469005,0.46161079375469005,4.144861040399504e-07,0.16593208628598122,0.6275428800406713,2.9087390085840833e-06,0.02294108218473255,0.7021260594310795,True,0.18368224509073494,0.06430846692731701,0.06430846692731701,0.2936838059580228,0.3579922728853398,0.02673993647582691,0.0021802221682215572,0.0021889005727085474,0.27036074369088986,0.27036074369088986,0.0,0.0004551419855535922,0.0,0.0008070855028444421,0.0,0.3984855990496814,0.00013415552982115652,0.000544822111711509,1.2434583121198513e-08,2.9087390085840833e-08,0.0002294108218473255,0.7021260594310795
0.031664384457412036,0.14057779749377197,0.056129926261326325,12750,0.22717176577846412,0.22717176600563588,0.1322836467483838,0.1322836467483838,0.09539273322509811,0.22767637997348192,0.0,0.018373285706763387,0.4340353312222217,0.0,0.07829022875947121,0.003041983023092745,0.0,0.3340202977618606,1.5779448916305607,0.00598097610715395,0.11260163850920346,0.25270552118507883,-0.25270552118507883,0.45439527614517006,0.2016897549600912,0.012378060829199171,0.3930317417059031,-0.3930317417059031,0.7324050570971733,0.3393733153912702,0.04896305461798757,0.17769871562970463,0.3342207021239703,1.578118242337993,0.1489910131983242,0.1489910131983242,5.932514340844419e-07,0.16593208628598122,0.3149230994843054,6.54403482431078e-07,0.003664076503142504,0.6646708548492404,True,0.17767919605427754,0.0019340925222089966,-0.0019340925222089966,0.2936838059580228,0.2917497134358138,0.015832192228706018,0.07028889874688599,0.011225985252265265,0.22717176577846412,0.22717176577846412,0.0,0.0009186642853381694,0.0,0.004562974534639118,0.0,0.3340202977618606,0.0001237806082919917,0.0004896305461798758,1.7797543022533255e-08,6.54403482431078e-09,3.664076503142504e-05,0.6646708548492404
0.03229281359601865,0.06721822872124406,0.0395431841289796,12775,0.43225914765491413,0.4322591480871733,0.44526146670555855,0.44526146670555855,0.09539273322509811,0.5406541999306567,0.0,0.009872163403050473,1.1957038758794614,0.0,0.04498462093291061,0.0006711691707660687,0.0,0.3360544242626076,1.5797020133332362,0.001936228410047603,0.11260163850920346,0.16837625708701015,-0.16837625708701015,0.45439527614517006,0.2860190190581599,0.025000883594898875,0.5483357387067263,-0.5483357387067263,0.7324050570971733,0.18406931839044705,0.06378586790047938,0.17790822990967092,0.3363755363939707,1.5799789103010304,0.6024261171771632,0.6024261171771632,1.298371546903967e-06,0.16593208628598122,0.7683582034631444,5.753253303680412e-06,0.09258835882282215,0.829291939415112,True,0.1778770508546301,0.20986235689523636,0.20986235689523636,0.2936838059580228,0.5035461628532591,0.016146406798009324,0.03360911436062203,0.00790863682579592,0.43225914765491413,0.43225914765491413,0.0,0.0004936081701525237,0.0,0.001006753756149103,0.0,0.3360544242626076,0.00025000883594898876,0.0006378586790047938,3.895114640711901e-08,5.753253303680413e-08,0.0009258835882282215,0.829291939415112
0.17327179522875358,0.013844951415215356,0.018326723167379932,12800,0.6411829260856979,0.6411829267268808,0.7080265924445387,0.7080265924445387,0.09539273322509811,0.8034193256696368,0.0,0.03358967248363843,1.3485793469665344,0.0,0.03532386225119804,0.00033476600171884887,0.02759449106010664,0.6662792259963,1.816259288459433,0.0009105255376035381,0.11260163850920346,0.018031847412088464,0.018031847412088464,0.45439527614517006,0.4724271235572585,0.05801400764351494,0.35188681800890176,0.35188681800890176,0.7324050570971733,1.084291875106075,0.08018204482875106,0.20467904001594356,0.6686772036292377,1.8177268514786815,1.195823819113827,1.195823819113827,9.933437021416322e-07,0.16593208628598122,1.3617559053998083,7.3833930454277e-06,0.04231377789128158,1.4155713273671224,True,0.20451379000068506,0.011488492160262043,0.011488492160262043,0.2936838059580228,0.30517229811828483,0.08663589761437679,0.006922475707607678,0.0036653446334759866,0.6411829260856979,0.6411829260856979,0.0,0.0016794836241819215,0.0,0.0005021490025782733,0.00689862276502666,0.6662792259963,0.0005801400764351495,0.0008018204482875106,2.9800311064248963e-08,7.3833930454277e-08,0.00042313777891281584,1.4155713273671224
0.0,0.0009566963975385923,0.011017868546941909,12825,0.25087301417997754,0.2508730144308506,0.2595982139246367,0.2595982139246367,0.09539273322509811,0.35499094714973484,0.0,0.01728394008364733,1.0122817563452353,0.0,0.030408934082281337,0.00030085324764329266,0.0,0.15005356261088712,1.387367477482154,0.0010448621495853876,0.11260163850920346,0.01319686042631052,-0.01319686042631052,0.45439527614517006,0.44119841571885954,0.015074466605255457,0.3196225190215848,-0.3196225190215848,0.7324050570971733,0.4127825380755885,0.03718795304093343,0.15625585602337938,0.15030129403724804,1.3876871084228208,0.3528519542352555,0.3528519542352555,8.563081655292462e-07,0.16593208628598122,0.5187840405212367,3.693185009614917e-06,0.038458371851523454,0.4058312461107418,True,0.15621986505254576,0.1430311182113655,-0.1430311182113655,0.2936838059580228,0.1506526877466573,0.0,0.00047834819876929613,0.0022035737093883817,0.25087301417997754,0.25087301417997754,0.0,0.0008641970041823665,0.0,0.000451279871464939,0.0,0.15005356261088712,0.00015074466605255457,0.00037187953040933433,2.5689244965877385e-08,3.693185009614917e-08,0.00038458371851523453,0.4058312461107418
0.13432430388207292,0.0007929575261148569,0.004792552735393533,12850,0.14897016958672218,0.14897016973569235,0.2057639022061376,0.2057639022061376,0.09539273322509811,0.3011566354312357,0.0,0.012021648681831957,0.9439620528060466,0.0,0.03773644678070796,0.0005765423245303785,0.0,0.5875265454910459,1.7665028020112163,0.0007129285684400004,0.11260163850920346,0.04673063622050122,-0.04673063622050122,0.45439527614517006,0.40766463992466884,0.011635044501109443,0.1326422637157264,-0.1326422637157264,0.7324050570971733,0.5997627933814469,0.04469538468121774,0.19897184180523358,0.5883534245900666,1.7670419966273467,0.2102702649955322,0.2102702649955322,1.1531976366546918e-06,0.16593208628598122,0.3762023512815134,3.880474487022217e-06,0.020485670023211312,0.8072479866425571,True,0.19891112760259,0.06804753542790165,-0.06804753542790165,0.2936838059580228,0.22563627053012114,0.06716215194103646,0.00039647876305742846,0.0009585105470787066,0.14897016958672218,0.14897016958672218,0.0,0.0006010824340915979,0.0,0.0008648134867955677,0.0,0.5875265454910459,0.00011635044501109443,0.0004469538468121774,3.4595929099640755e-08,3.880474487022217e-08,0.00020485670023211313,0.8072479866425571
0.08776076596701965,0.06475381299062644,0.04125780669882697,12875,0.5495422401126167,0.5495422406621588,0.5708760384702689,0.5708760384702689,0.09539273322509811,0.666268771695367,0.0,0.02058638173543584,0.683066567348374,0.0,0.04357354241627299,0.00032804780830342044,0.008619951974061076,0.4847563149102277,1.69624443617901,0.000960573007477779,0.11260163850920346,0.10001713913954069,0.10001713913954069,0.45439527614517006,0.5544124152847107,0.022247150819775657,0.32808853279270755,0.32808853279270755,0.7324050570971733,1.0604935898898808,0.054062692609621425,0.19110115754919238,0.48600908054974923,1.6971435150309793,1.0326636977894625,1.0326636977894625,1.3299094005628085e-06,0.16593208628598122,1.1985957840754438,1.604137618937881e-06,0.01162420584371309,1.123363181065564,True,0.1909999197883209,0.006640320510820474,0.006640320510820474,0.2936838059580228,0.30032412646884327,0.043880382983509825,0.03237690649531322,0.008251561339765394,0.5495422401126167,0.5495422401126167,0.0,0.0010293190867717921,0.0,0.0004920717124551307,0.002154987993515269,0.4847563149102277,0.00022247150819775657,0.0005406269260962143,3.989728201688425e-08,1.604137618937881e-08,0.0001162420584371309,1.123363181065564
0.23862948961925456,0.008857257699093957,0.014479701743753178,12900,0.7014667620453245,0.7014667627467912,0.7944153659878651,0.7944153659878651,0.09539273322509811,0.8898080992129632,0.0,0.012597661912209809,1.5643773067365814,0.0,0.04507233281609021,0.00045096148899272304,0.02240004021717968,0.7894272293214217,1.888497174627709,0.0010612278430381147,0.11260163850920346,0.059622682547392225,-0.059622682547392225,0.45439527614517006,0.39477259359777783,0.0263356365658888,0.10189828675782098,0.10189828675782098,0.7324050570971733,0.8343033438549943,0.057407381828821706,0.21272879500509684,0.7907044473405823,1.889215636018948,1.1687322247570375,1.1687322247570375,1.1766949293325397e-06,0.16593208628598122,1.3346643110430187,9.141212173317118e-06,0.08224658241538609,1.626099663479136,True,0.21264789506805312,0.6703052917669835,0.6703052917669835,0.2936838059580228,0.9639890977250063,0.11931474480962728,0.004428628849546978,0.0028959403487506356,0.7014667620453245,0.7014667620453245,0.0,0.0006298830956104905,0.0,0.0006764422334890846,0.00560001005429492,0.7894272293214217,0.000263356365658888,0.0005740738182882171,3.530084787997619e-08,9.141212173317118e-08,0.0008224658241538609,1.626099663479136
0.0,0.06228245392859799,0.03785525033662034,12925,0.37181944318450894,0.37181944355632834,0.2834349897392353,0.2834349897392353,0.09539273322509811,0.3788277229643334,0.0,0.007004532410120723,0.9202532549524101,0.0,0.03785525033662034,0.00019244131681304895,0.0,0.06491035189851241,1.2547751006250658,0.0003820012238705058,0.11260163850920346,0.09654580730720791,-0.09654580730720791,0.45439527614517006,0.35784946883796215,0.021004912535260083,0.37903050377573194,-0.37903050377573194,0.7324050570971733,0.35337455332144135,0.10000353998645377,0.14131452089932692,0.06502251809146778,1.2549951334662444,0.6760314554366362,0.6760314554366362,1.7133646511639375e-06,0.16593208628598122,0.8419635417226174,2.5262036529323306e-06,0.018915502779648544,0.47748027692635975,True,0.14128974483868406,0.030155516632046353,-0.030155516632046353,0.2936838059580228,0.26352828932597644,0.0,0.031141226964298996,0.007571050067324069,0.37181944318450894,0.37181944318450894,0.0,0.0003502266205060362,0.0,0.00028866197521957345,0.0,0.06491035189851241,0.00021004912535260082,0.0010000353998645378,5.140093953491812e-08,2.5262036529323306e-08,0.00018915502779648545,0.47748027692635975
0.04148046112250684,0.05834517710280729,0.03957164458263497,12950,0.2367173742692545,0.23671737450597186,0.1609266686982504,0.1609266686982504,0.09539273322509811,0.2563194019233485,0.0,0.012831519231854127,0.8689682568761367,0.0,0.0498171293517065,0.0007421729880931062,0.0,0.3644144818744798,1.6036675259399662,0.0017083122782044452,0.11260163850920346,0.13665950299365542,-0.13665950299365542,0.45439527614517006,0.31773577315151463,0.011960790047875253,0.22814718118853639,-0.22814718118853639,0.7324050570971733,0.5042578759086369,0.031912886300475604,0.18061980959033902,0.36488858319512596,1.6040600824381015,0.4234531812062565,0.4234531812062565,8.12957263849187e-07,0.16593208628598122,0.5893852674922377,2.6378284320691287e-06,0.016532820336823618,0.6613179553505046,True,0.180575607081516,0.06510477363634518,-0.06510477363634518,0.2936838059580228,0.22857903232167762,0.02074023056125342,0.029172588551403644,0.007914328916526995,0.2367173742692545,0.2367173742692545,0.0,0.0006415759615927064,0.0,0.0011132594821396593,0.0,0.3644144818744798,0.00011960790047875254,0.00031912886300475605,2.4388717915475608e-08,2.6378284320691287e-08,0.0001653282033682362,0.6613179553505046
0.0010225985899805978,0.023385817779323692,0.024236160045083315,12975,0.48619814036781545,0.4861981408540136,0.5731456478956489,0.5731456478956489,0.09539273322509811,0.668538381120747,0.0,0.028828249813946782,1.208594324352212,0.0,0.028933123356430262,0.0003094921661921314,0.0003781492035579955,0.18660507496713336,1.431978095471441,0.000917313150106748,0.11260163850920346,0.0145922438013526,-0.0145922438013526,0.45439527614517006,0.43980303234381746,0.03208541143506462,0.26420408331533296,-0.26420408331533296,0.7324050570971733,0.46820097378184033,0.07261535197812795,0.16129627279068506,0.1870133203706311,1.4324503675228304,0.8775506231258066,0.8775506231258066,2.528338732196406e-06,0.16593208628598122,1.0434827094117878,4.380467228567076e-06,0.023699988654225124,0.6931389707450011,True,0.16124309417915378,0.11547900146618864,-0.11547900146618864,0.2936838059580228,0.17820480449183415,0.0005112992949902989,0.011692908889661846,0.004847232009016663,0.48619814036781545,0.48619814036781545,0.0,0.001441412490697339,0.0,0.00046423824928819714,9.453730088949887e-05,0.18660507496713336,0.00032085411435064617,0.0007261535197812795,7.585016196589218e-08,4.380467228567076e-08,0.00023699988654225123,0.6931389707450011
0.0,0.014787605627285538,0.019289120400394103,13000,0.18595284229321665,0.1859528424791695,0.14737450695786147,0.14737450695786147,0.09539273322509811,0.2427672401829596,0.0,0.009397907085927248,1.2580840720785726,0.0,0.03944565232912263,0.00043479416496897724,0.0,0.04303859958596377,1.2074574645221612,0.0010946030729149664,0.11260163850920346,0.16645666498413714,0.16645666498413714,0.45439527614517006,0.6208519411293072,0.012496829792388496,0.22065448592042103,0.22065448592042103,0.7324050570971733,0.9530595430175943,0.0365798192899893,0.13598937477070655,0.043140632353091686,1.2077032314459544,0.2616386828613976,0.2616386828613976,2.171672279969173e-06,0.16593208628598122,0.4275707691473788,5.221709863615602e-06,0.031110445254290187,0.24216714368528555,True,0.1359617010099384,0.079511187800509,-0.079511187800509,0.2936838059580228,0.2141726181575138,0.0,0.007393802813642769,0.003857824080078821,0.18595284229321665,0.18595284229321665,0.0,0.00046989535429636244,0.0,0.0006521912474534658,0.0,0.04303859958596377,0.00012496829792388496,0.000365798192899893,6.515016839907518e-08,5.221709863615602e-08,0.0003111044525429019,0.24216714368528555
0.0011872565301873051,0.002272239286547073,0.011551172415197923,13025,0.15270967130304683,0.15270967145575648,0.1989374217711869,0.1989374217711869,0.09539273322509811,0.294330154996285,0.0,0.0068870221640782246,1.1911219983373749,0.0,0.025962836740109345,0.00021062907432107164,0.0,0.18875252778442805,1.434456589067801,0.00038137100464939543,0.11260163850920346,0.10868739247063364,0.10868739247063364,0.45439527614517006,0.5630826686158037,0.012703225114950086,0.15897083332727246,0.15897083332727246,0.7324050570971733,0.8913758904244458,0.07496526842878835,0.1615571037247006,0.18902214581345764,1.434766771744872,0.1825426931979212,0.1825426931979212,4.6891055617373285e-07,0.16593208628598122,0.34847477948390243,5.536893692130932e-06,0.03399189357098944,0.3473791495059681,True,0.16152217664392343,0.08135484637607615,-0.08135484637607615,0.2936838059580228,0.21232895958194664,0.0005936282650936526,0.0011361196432735365,0.002310234483039585,0.15270967130304683,0.15270967130304683,0.0,0.00034435110820391123,0.0,0.0003159436114816075,0.0,0.18875252778442805,0.00012703225114950087,0.0007496526842878836,1.4067316685211985e-08,5.5368936921309316e-08,0.00033991893570989437,0.3473791495059681
0.0050738685861092215,0.030094538601608156,0.02652801962470044,13050,0.18886169397259397,0.18886169416145565,0.30775409436015655,0.30775409436015655,0.09539273322509811,0.40314682758525466,0.0,0.010556679555900828,1.1407366854871401,0.0,0.028746060685569827,0.00029308929666731166,0.0,0.22205874285209223,1.4712310928324788,0.0007179723630090461,0.11260163850920346,0.08643031841753956,0.08643031841753956,0.45439527614517006,0.5408255945627096,0.020804230418407548,0.1411010000854891,0.1411010000854891,0.7324050570971733,0.8735060571826624,0.08171393875170063,0.16571595917002518,0.2225018372330491,1.4717010040619471,0.2371708959649242,0.2371708959649242,2.7780481315958793e-06,0.16593208628598122,0.4031029822509054,3.897798484129688e-06,0.021119246421439596,0.4360142087416253,True,0.16566304639093404,0.0011785383101859948,0.0011785383101859948,0.2936838059580228,0.2948623442682088,0.0025369342930546108,0.015047269300804078,0.005305603924940089,0.18886169397259397,0.18886169397259397,0.0,0.0005278339777950415,0.0,0.0004396339450009675,0.0,0.22205874285209223,0.0002080423041840755,0.0008171393875170064,8.334144394787637e-08,3.8977984841296875e-08,0.00021119246421439597,0.4360142087416253
0.0,0.0068524456662006905,0.015209444992169427,13075,0.2632236185995869,0.2632236188628105,0.32273419771735834,0.32273419771735834,0.09539273322509811,0.41812693094245645,0.0,0.016504525898908183,0.6193209065527132,0.0,0.04544880635452748,0.0012722799061106055,0.0,0.1267998792132664,1.3560897066937858,0.0027357857856643636,0.11260163850920346,0.22943160779115568,0.22943160779115568,0.45439527614517006,0.6838268839363257,0.01502116272214309,0.08056549421549264,0.08056549421549264,0.7324050570971733,0.8129705513126659,0.037461274130895686,0.15274345476106707,0.12708793510948677,1.3564939482087834,0.41280400332933886,0.41280400332933886,2.9814262931670425e-07,0.16593208628598122,0.5787360896153201,1.6848241383896782e-06,0.013747626522486671,0.39988758222477433,True,0.15269793650008248,0.11286805829531021,0.11286805829531021,0.2936838059580228,0.406551864253333,0.0,0.0034262228331003453,0.0030418889984338855,0.2632236185995869,0.2632236185995869,0.0,0.0008252262949454092,0.0,0.0019084198591659083,0.0,0.1267998792132664,0.0001502116272214309,0.00037461274130895684,8.944278879501128e-09,1.6848241383896783e-08,0.0001374762652248667,0.39988758222477433
0.03184827570959651,0.04313167925109784,0.05032718163428533,13100,0.5037585214008401,0.5037585219045987,0.3881035124191167,0.3881035124191167,0.09539273322509811,0.48349624564421484,0.0,0.015264149070676714,1.0146098493514,0.0,0.05029309304096332,0.0010015646124661025,0.014501894448080047,0.33461695733880303,1.5784608520365082,0.0014305271362870544,0.11260163850920346,0.1438849422362598,0.1438849422362598,0.45439527614517006,0.5982802183814299,0.017850418871928342,0.52842930475675,0.52842930475675,0.7324050570971733,1.2608343618539233,0.04106183858977752,0.17778788713641033,0.335136976152988,1.5789101624198594,0.900962666248555,0.900962666248555,1.3577621433597814e-06,0.16593208628598122,1.0668947525345363,4.5853930977249425e-06,0.02034117408391183,0.8926145414333518,True,0.1777372940465527,0.08102328618203125,0.08102328618203125,0.2936838059580228,0.37470709214005404,0.015924137854798254,0.02156583962554892,0.010065436326857066,0.5037585214008401,0.5037585214008401,0.0,0.0007632074535338357,0.0,0.0015023469186991538,0.0036254736120200116,0.33461695733880303,0.00017850418871928343,0.00041061838589777523,4.073286430079344e-08,4.5853930977249426e-08,0.0002034117408391183,0.8926145414333518
0.004409576592399195,0.0003907002212939492,0.020092482631129546,13125,0.2963041287404867,0.2963041290367909,0.30188702253449673,0.30188702253449673,0.09539273322509811,0.39727975575959484,0.0,0.0074706561411910025,0.6872499875191633,0.0,0.02158357602653348,0.00013203585395860488,0.0,0.21753329087458653,1.4664046428527342,0.0004397504896461511,0.11260163850920346,0.10620513387961616,-0.10620513387961616,0.45439527614517006,0.3481901422655539,0.02320269986366406,0.4499602234145593,-0.4499602234145593,0.7324050570971733,0.28244483368261397,0.08681552650416524,0.1651662302151428,0.2179199186518609,1.4668189356183625,0.36616680187722583,0.36616680187722583,9.952419306616093e-07,0.16593208628598122,0.532098888163207,1.5340721445662058e-06,0.007679201056393445,0.5220046606083649,True,0.16511958016676762,0.0048010552849823696,0.0048010552849823696,0.2936838059580228,0.29848486124300516,0.0022047882961995975,0.0001953501106469746,0.004018496526225909,0.2963041287404867,0.2963041287404867,0.0,0.00037353280705955014,0.0,0.00019805378093790734,0.0,0.21753329087458653,0.00023202699863664062,0.0008681552650416525,2.9857257919848273e-08,1.534072144566206e-08,7.679201056393444e-05,0.5220046606083649
0.03853513164327716,0.0020412074677027547,0.00766139904950502,13150,0.3437593545138383,0.3437593548575977,0.27674891283850744,0.27674891283850744,0.09539273322509811,0.37214164606360556,0.0,0.014442729325810741,0.9687807960954762,0.0,0.061639300071459874,0.0013741331395228016,0.0,0.3555780692485619,1.596303672006606,0.002607353581885293,0.11260163850920346,0.22811415790859138,-0.22811415790859138,0.45439527614517006,0.22628111823657868,0.016621392809486855,0.5661738331112646,-0.5661738331112646,0.7324050570971733,0.16623122398590873,0.052836924118512416,0.1797660904146095,0.3557863838293738,1.596478317987648,0.35829184223947486,0.35829184223947486,8.298113763922417e-07,0.16593208628598122,0.5242239285254561,3.51820800241147e-06,0.0198825993950189,0.7248346785430174,True,0.17974642498923865,0.11532817066813475,-0.11532817066813475,0.2936838059580228,0.17835563528988804,0.01926756582163858,0.0010206037338513774,0.001532279809901004,0.3437593545138383,0.3437593545138383,0.0,0.0007221364662905371,0.0,0.0020611997092842022,0.0,0.3555780692485619,0.00016621392809486855,0.0005283692411851242,2.4894341291767252e-08,3.51820800241147e-08,0.000198825993950189,0.7248346785430174
0.0,0.060888325715091174,0.03842114112263938,13175,0.33037302893435233,0.33037302926472534,0.3726547200680611,0.3726547200680611,0.09539273322509811,0.4680474532931592,0.0,0.010775165721555,1.4220921700349225,0.0,0.03874633826987364,0.0004414341335595406,0.0,0.015232236742879672,1.1234189480707062,0.0008715661909435375,0.11260163850920346,0.23819041652881512,0.23819041652881512,0.45439527614517006,0.6925856926739852,0.016129492627925457,0.17169415407440525,0.17169415407440525,0.7324050570971733,0.9040992111715785,0.04519119944694774,0.12654764110843042,0.01533943499668889,1.1238524727112418,0.5552821569731617,0.5552821569731617,2.030349472896421e-06,0.16593208628598122,0.721214243259143,6.902775860487378e-06,0.04468992811602157,0.38599480238587425,True,0.12649882551923675,0.11094287276110731,-0.11094287276110731,0.2936838059580228,0.18274093319691548,0.0,0.030444162857545587,0.007684228224527876,0.33037302893435233,0.33037302893435233,0.0,0.00053875828607775,0.0,0.0006621512003393108,0.0,0.015232236742879672,0.00016129492627925458,0.0004519119944694774,6.091048418689263e-08,6.902775860487378e-08,0.0004468992811602157,0.38599480238587425
0.0,0.020016482590725748,0.021771344287792115,13200,0.09531571875139687,0.09531571884671258,0.021286299012483814,0.021286299012483814,0.09539273322509811,0.11667903223758193,0.0,0.008807957437717078,0.8314706958774442,0.0,0.02816321451147713,0.00029071767237788955,0.0,0.0326588040797194,1.1807174703223775,0.0006540221188799842,0.11260163850920346,0.05076434559108456,-0.05076434559108456,0.45439527614517006,0.4036309305540855,0.011079839436429264,0.19793163136920233,0.19793163136920233,0.7324050570971733,0.9303366884663756,0.05601871500647693,0.13297190085409824,0.032726783287553116,1.1809054540016777,0.0044786836699438615,0.0044786836699438615,5.970880343707334e-07,0.16593208628598122,0.17041076995592508,2.581040517759378e-06,0.01425878957147449,0.14402712452768024,True,0.13295073358191623,0.056553661981330994,-0.056553661981330994,0.2936838059580228,0.2371301439766918,0.0,0.010008241295362874,0.004354268857558423,0.09531571875139687,0.09531571875139687,0.0,0.0004403978718858539,0.0,0.00043607650856683435,0.0,0.0326588040797194,0.00011079839436429264,0.0005601871500647693,1.7912641031122e-08,2.581040517759378e-08,0.0001425878957147449,0.14402712452768024
413.4826270730374,0.06509502849885762,0.03987571353764913,13225,82.27110851273281,82.27110859500391,62.61055285129088,62.61055285129088,0.09539273322509811,62.70594558451598,0.0,0.07955480758031006,1.4071335752230052,0.027819161657962044,0.24679077210074316,0.02903221903301805,6683.697491919513,429.9100448560398,21.734272228753046,0.03722701866890195,0.11260163850920346,0.498766995105248,-0.498766995105248,0.45439527614517006,-0.044371718960077994,1.3596783946787205,3.33064867524142,3.33064867524142,0.7324050570971733,4.063053732338593,0.8265937216181607,2.4516544650366354,431.50969667607706,21.772811477411455,45.003266980201126,45.003266980201126,3.0377720297276687e-06,0.16593208628598122,45.16919906648711,4.923593407394682e-06,0.04147567880870586,2389.9849853910328,True,2.4473148821053923,166.99089553297745,166.99089553297745,0.2936838059580228,167.28457933893546,206.7413135365187,0.03254751424942881,0.007975142707529826,82.27110851273281,82.27110851273281,0.0,0.003977740379015503,0.027819161657962044,0.043548328549527074,1670.9243729798782,429.9100448560398,0.013596783946787205,0.008265937216181607,9.113316089183006e-08,4.923593407394682e-08,0.0004147567880870586,2389.9849853910328
1.2764191737577582,0.021519901074791292,0.02261023676369779,13250,1.3562873160181976,1.356287317374485,1.1958543289955343,1.1958543289955343,0.09539273322509811,1.2912470622206325,0.0,0.009707945854582975,0.788450056348379,0.0,0.056443203311590855,0.00060365736654615,0.6627434914493585,2.3402489537522904,2.5297872249931657,0.0013774302558243732,0.11260163850920346,0.08053680861201706,-0.08053680861201706,0.45439527614517006,0.373858467533153,0.025719750208770088,0.560475751743445,0.560475751743445,0.7324050570971733,1.2928808088406183,0.0549265297608325,0.2850478354247019,2.345404176548313,2.5314712457464923,2.6034332484333857,2.6034332484333857,6.287636869256429e-07,0.16593208628598122,2.769365334719367,2.260538951673794e-06,0.012621914693612197,4.518037334159322,True,0.28485821191175364,0.8179394447603231,0.8179394447603231,0.2936838059580228,1.111623250718346,0.6382095868788791,0.010759950537395646,0.0045220473527395584,1.3562873160181976,1.3562873160181976,0.0,0.00048539729272914874,0.0,0.0009054860498192251,0.16568587286233963,2.3402489537522904,0.00025719750208770087,0.0005492652976083251,1.8862910607769287e-08,2.2605389516737943e-08,0.00012621914693612197,4.518037334159322
0.0,0.020119439067882716,0.021829564400708042,13275,0.08435562586648292,0.08435562595083855,0.026974763471928703,0.026974763471928703,0.09539273322509811,0.12236749669702682,0.0,0.008812263662156714,0.8282961021575538,0.0,0.0273464917335299,0.0003030193957227546,0.0,0.051866906048538344,1.2277430702536047,0.0006801590837066153,0.11260163850920346,0.10297017917134677,0.10297017917134677,0.45439527614517006,0.5573654553165168,0.011493889133123467,0.13799760355118706,-0.13799760355118706,0.7324050570971733,0.5944074535459862,0.05580287203851331,0.13827342043605345,0.0519783146830859,1.2279875318588407,0.006399806765337135,-0.006399806765337135,5.989475741672066e-07,0.16593208628598122,0.15953227952064408,2.5565671210280756e-06,0.01413374897241694,0.15235765524133518,True,0.13824589365630668,0.07186491753518484,-0.07186491753518484,0.2936838059580228,0.22181888842283795,0.0,0.010059719533941358,0.0043659128801416085,0.08435562586648292,0.08435562586648292,0.0,0.0004406131831078357,0.0,0.00045452909358413194,0.0,0.051866906048538344,0.00011493889133123468,0.0005580287203851331,1.7968427225016198e-08,2.5565671210280756e-08,0.0001413374897241694,0.15235765524133518
0.0,0.020051539000018215,0.021791180907669287,13300,0.06663910307460916,0.06663910314124827,0.017446354519443305,0.017446354519443305,0.09539273322509811,0.11283908774454142,0.0,0.008808433071561825,0.8303832183275626,0.0,0.02788590197052642,0.00029472332321892866,0.0,0.03731740564299073,1.1931771354042469,0.000662521578378637,0.11260163850920346,0.1335547040911388,0.1335547040911388,0.45439527614517006,0.5879499802363088,0.011189425842308871,0.015388438524400971,0.015388438524400971,0.7324050570971733,0.7477934956215743,0.05594278431101684,0.13437844627879028,0.03740231975357584,1.1933967935452288,0.0006174019817353216,-0.0006174019817353216,5.977156547601953e-07,0.16593208628598122,0.1653146843042459,2.5726634738141138e-06,0.014215990281319443,0.12003654670000016,True,0.13435371241000726,0.06185006742949889,-0.06185006742949889,0.2936838059580228,0.2318337385285239,0.0,0.010025769500009107,0.004358236181533858,0.06663910307460916,0.06663910307460916,0.0,0.00044042165357809126,0.0,0.000442084984828393,0.0,0.03731740564299073,0.00011189425842308871,0.0005594278431101684,1.7931469642805857e-08,2.572663473814114e-08,0.00014215990281319442,0.12003654670000016
0.0,0.020047028727324778,0.021788700607952245,13325,0.06603033718173748,0.06603033724776783,0.016662974690224694,0.016662974690224694,0.09539273322509811,0.11205570791532281,0.0,0.008807488853781052,0.8303455108334858,0.0,0.027815164205526117,0.00029446377675631955,0.0,0.03700272659960146,1.1923609279443241,0.0006623530688029098,0.11260163850920346,0.13183173155030492,0.13183173155030492,0.45439527614517006,0.586227007695475,0.011175088992154095,0.010805273354281053,0.010805273354281053,0.7324050570971733,0.7432103304514543,0.05594085393033914,0.13428630656535726,0.037086483754471614,1.1925785132211577,0.0003012689336415464,-0.0003012689336415464,5.976673915391243e-07,0.16593208628598122,0.16563081735233967,2.5724169865179726e-06,0.014215035738767338,0.11910974181521952,True,0.13426180610449445,0.06345015619334543,-0.06345015619334543,0.2936838059580228,0.23023364976467736,0.0,0.010023514363662389,0.004357740121590449,0.06603033718173748,0.06603033718173748,0.0,0.0004403744426890526,0.0,0.0004416956651344793,0.0,0.03700272659960146,0.00011175088992154095,0.0005594085393033914,1.793002174617373e-08,2.572416986517973e-08,0.0001421503573876734,0.11910974181521952
0.0,0.01996388575101038,0.02174285073543071,13350,0.06112181596794919,0.061121816029071,0.008902920680982224,0.008902920680982224,0.09539273322509811,0.10429565390608034,0.0,0.008792090256797174,0.8298614630251027,0.0,0.02679659725872624,0.00029013786978548885,0.0,0.032473969492474775,1.180205353673177,0.000658692016371608,0.11260163850920346,0.10297117931750677,0.10297117931750677,0.45439527614517006,0.5573664554626768,0.010957832263435226,0.027466359477285263,-0.027466359477285263,0.7324050570971733,0.704938697619888,0.055920025381511154,0.13291446204012405,0.03254248146062039,1.1803953476690028,0.0062300694666018175,0.0062300694666018175,5.967606823662897e-07,0.16593208628598122,0.17216215575258303,2.569418969225279e-06,0.014205448722132474,0.10961198646121434,True,0.13289306840298723,0.084875447205148,-0.084875447205148,0.2936838059580228,0.2088083587528748,0.0,0.00998194287550519,0.004348570147086142,0.06112181596794919,0.06112181596794919,0.0,0.00043960451283985876,0.0,0.0004352068046782333,0.0,0.032473969492474775,0.00010957832263435226,0.0005592002538151115,1.790282047098869e-08,2.569418969225279e-08,0.00014205448722132475,0.10961198646121434
0.0,0.019491863871352155,0.02148042079070259,13375,0.2653621004277623,0.26536210069312444,0.1118703293476718,0.1118703293476718,0.09539273322509811,0.2072630625727699,0.0,0.008720612096780602,0.8279276025153184,0.0,0.02242145319612005,0.00026951510102539715,0.007195607467147482,0.03518244449650432,1.187569838984055,0.0006399514956432387,0.11260163850920346,0.2965577000576467,0.2965577000576467,0.45439527614517006,0.7509529762028168,0.010633551308890479,0.4572737169808384,0.4572737169808384,0.7324050570971733,1.1896787740780117,0.05588093337769294,0.13375087131090824,0.03527762402667202,1.1878233851964979,0.12736824228179922,0.12736824228179922,5.915397405160039e-07,0.16593208628598122,0.29330032856778043,2.5584341064991076e-06,0.014181575959984156,0.31803277007824626,True,0.1337223215894139,0.16217848496664033,-0.16217848496664033,0.2936838059580228,0.13150532099138246,0.0,0.009745931935676078,0.004296084158140518,0.2653621004277623,0.2653621004277623,0.0,0.0004360306048390301,0.0,0.0004042726515380957,0.0017989018667868705,0.03518244449650432,0.0001063355130889048,0.0005588093337769294,1.7746192215480117e-08,2.5584341064991077e-08,0.00014181575959984157,0.31803277007824626
0.0,0.0199397058525973,0.021729482508116238,13400,0.0596249490341279,0.05962494909375284,0.008633211413206568,0.008633211413206568,0.09539273322509811,0.10402594463830468,0.0,0.008787993307893545,0.8297630704162995,0.0,0.026548464232358748,0.0002889345549008951,0.0,0.031404303757019754,1.1772125948035854,0.0006574980508380118,0.11260163850920346,0.09402282341442292,0.09402282341442292,0.45439527614517006,0.548418099559593,0.010906073230659386,0.026869545613420587,-0.026869545613420587,0.7324050570971733,0.7055355114837527,0.055916979127040065,0.1325767909727742,0.03146953120582802,1.1773965366229793,0.008711570816512026,0.008711570816512026,5.96494171736029e-07,0.16593208628598122,0.17464365710249324,2.5688589099486206e-06,0.01420422256373011,0.10702812004944412,True,0.13255607882068068,0.08979412654776159,-0.08979412654776159,0.2936838059580228,0.2038896794102612,0.0,0.00996985292629865,0.004345896501623247,0.0596249490341279,0.0596249490341279,0.0,0.0004393996653946773,0.0,0.00043340183235134267,0.0,0.031404303757019754,0.00010906073230659387,0.0005591697912704006,1.789482515208087e-08,2.5688589099486207e-08,0.0001420422256373011,0.10702812004944412
0.0,0.019926358858778248,0.021722099346235882,13425,0.05866743348305147,0.058667433541718904,0.008563307058696623,0.008563307058696623,0.09539273322509811,0.10395604028379474,0.0,0.008785787762813479,0.8297108175202197,0.0,0.026439570569902236,0.000288381638540266,0.0,0.030949125314445183,1.1759236348943631,0.0006568602028514203,0.11260163850920346,0.08970229351070624,0.08970229351070624,0.45439527614517006,0.5440975696558763,0.010876756216274071,0.024367514550665215,-0.024367514550665215,0.7324050570971733,0.7080375425465081,0.055915302818062895,0.13243136523114352,0.031012981695077275,1.1761050302946434,0.009307162772561495,0.009307162772561495,5.963462399535193e-07,0.16593208628598122,0.1752392490585427,2.568565270862076e-06,0.014203623500771605,0.10560602034347503,True,0.13241093981003998,0.09170118897127655,-0.09170118897127655,0.2936838059580228,0.20198261698674624,0.0,0.009963179429389124,0.004344419869247176,0.05866743348305147,0.05866743348305147,0.0,0.00043928938814067394,0.0,0.000432572457810399,0.0,0.030949125314445183,0.00010876756216274071,0.000559153028180629,1.789038719860558e-08,2.5685652708620763e-08,0.00014203623500771607,0.10560602034347503
0.0,0.01991404252755724,0.021715284142800204,13450,0.05769017970354802,0.0576901797612382,0.008595331061756709,0.008595331061756709,0.09539273322509811,0.10398806428685482,0.0,0.008783760785187769,0.8296625817419918,0.0,0.026339078988407528,0.00028787464074036336,0.0,0.03054472692560985,1.174770497869663,0.0006562759616176384,0.11260163850920346,0.08529925344427136,0.08529925344427136,0.45439527614517006,0.5396945295894414,0.010850250661916524,0.021463794895331123,-0.021463794895331123,0.7324050570971733,0.7109412622018422,0.055913775774916914,0.1323012539683499,0.030607337970269405,1.1749495297800752,0.009907758012855566,0.009907758012855566,5.962097102010571e-07,0.16593208628598122,0.17583984429883678,2.56829425445802e-06,0.014203070540700212,0.10421569926087565,True,0.13228109468010174,0.09344561889173028,-0.09344561889173028,0.2936838059580228,0.2002381870662925,0.0,0.00995702126377862,0.0043430568285600405,0.05769017970354802,0.05769017970354802,0.0,0.00043918803925938846,0.0,0.00043181196111054504,0.0,0.03054472692560985,0.00010850250661916524,0.0005591377577491692,1.7886291306031712e-08,2.56829425445802e-08,0.00014203070540700212,0.10421569926087565
0.0,0.019841112663995242,0.021674885808229537,13475,0.04825657767795994,0.04825657772621652,0.010571282751990263,0.010571282751990263,0.09539273322509811,0.10596401597708838,0.0,0.008771935960214935,0.8293765948382565,0.0,0.025741330495916166,0.00028493283511569264,0.0,0.028468716278374016,1.1687267503343024,0.0006529038589784297,0.11260163850920346,0.0225653690657453,0.0225653690657453,0.45439527614517006,0.47696064521091536,0.010703817394184346,0.010320902143187483,0.010320902143187483,0.7324050570971733,0.7427259592403608,0.05590516537275984,0.13161880489342317,0.028523424034096842,1.1688887919137823,0.01448529652865263,0.01448529652865263,5.954007344581257e-07,0.16593208628598122,0.18041738281463385,2.5666880721542035e-06,0.014199798290057977,0.09265495484013456,True,0.1316005587444467,0.1034707385329969,-0.1034707385329969,0.2936838059580228,0.1902130674250259,0.0,0.009920556331997621,0.004334977161645908,0.04825657767795994,0.04825657767795994,0.0,0.00043859679801074676,0.0,0.00042739925267353896,0.0,0.028468716278374016,0.00010703817394184346,0.0005590516537275984,1.786202203374377e-08,2.5666880721542034e-08,0.00014199798290057976,0.09265495484013456
0.0,0.01983486470708684,0.021671421422784668,13500,0.04805926612841322,0.048059266176472486,0.0108841800119161,0.0108841800119161,0.09539273322509811,0.10627691323701421,0.0,0.008770936625716822,0.8293520605463272,0.0,0.02568990884622695,0.0002846835964505012,0.0,0.02831752735978516,1.1682781250186285,0.0006526218651874069,0.11260163850920346,0.010822045316528361,0.010822045316528361,0.45439527614517006,0.4652173214616984,0.010692103810745255,0.01447249677323037,0.01447249677323037,0.7324050570971733,0.7468775538704037,0.05590446218276514,0.13156807038431728,0.028371435845037807,1.1684382256052284,0.01495985508010711,0.01495985508010711,5.953313738084785e-07,0.16593208628598122,0.18089194136608833,2.5665503330815717e-06,0.014199518065035631,0.09230208671829036,True,0.13155004279433885,0.10430547857553507,-0.10430547857553507,0.2936838059580228,0.18937832738248772,0.0,0.00991743235354342,0.0043342842845569335,0.04805926612841322,0.04805926612841322,0.0,0.0004385468312858411,0.0,0.00042702539467575186,0.0,0.02831752735978516,0.00010692103810745255,0.0005590446218276514,1.7859941214254354e-08,2.5665503330815716e-08,0.0001419951806503563,0.09230208671829036
0.0,0.019797109367620025,0.02165050752209293,13525,0.05982412378408968,0.05982412384391381,0.009662713928426311,0.009662713928426311,0.09539273322509811,0.10505544715352443,0.0,0.008764760895674798,0.8290988836466501,0.0,0.025528924563194753,0.00028409054474978274,0.0,0.028002578110663246,1.1673397087085526,0.0006516406831651759,0.11260163850920346,0.07728042185447642,-0.07728042185447642,0.45439527614517006,0.37711485429069364,0.010602854574140654,0.02691862796285438,0.02691862796285438,0.7324050570971733,0.7593236850600277,0.055895290693629716,0.13146072730275898,0.02805120051312386,1.1674849262265827,0.010251228696330439,0.010251228696330439,5.948507517670045e-07,0.16593208628598122,0.17618331498231166,2.5649710731405046e-06,0.014194934659107858,0.10372670623939201,True,0.13144437557083638,0.1048775338421161,-0.1048775338421161,0.2936838059580228,0.1888062721159067,0.0,0.009898554683810012,0.004330101504418586,0.05982412378408968,0.05982412378408968,0.0,0.00043823804478373995,0.0,0.00042613581712467414,0.0,0.028002578110663246,0.00010602854574140654,0.0005589529069362972,1.7845522553010136e-08,2.5649710731405047e-08,0.00014194934659107858,0.10372670623939201
0.0,0.01983165387240804,0.021669643604549645,13550,0.04790179849330533,0.04790179854120713,0.010778494112089393,0.010778494112089393,0.09539273322509811,0.10617122733718751,0.0,0.008770409314056846,0.8293305531892586,0.0,0.02567623229693904,0.00028463356368213494,0.0,0.02828783784596645,1.1681898862772861,0.0006525376838366636,0.11260163850920346,0.0038669352949707303,0.0038669352949707303,0.45439527614517006,0.4582622114401408,0.010684471838036539,0.01548767214118063,0.01548767214118063,0.7324050570971733,0.7478927292383539,0.05590367704283924,0.13155802320068105,0.028341385103099543,1.1683489979272212,0.0145598129652732,0.0145598129652732,5.952905301046902e-07,0.16593208628598122,0.18049189925125442,2.5664161464003294e-06,0.014199128431416772,0.09211277910361206,True,0.13154010696660134,0.10435480943193606,-0.10435480943193606,0.2936838059580228,0.18932899652608673,0.0,0.00991582693620402,0.004333928720909929,0.04790179849330533,0.04790179849330533,0.0,0.00043852046570284236,0.0,0.00042695034552320244,0.0,0.02828783784596645,0.00010684471838036539,0.0005590367704283924,1.7858715903140704e-08,2.5664161464003294e-08,0.00014199128431416773,0.09211277910361206
0.0,0.019827378041070487,0.021667344067988894,13575,0.03445078780333547,0.03445078783778626,0.002218976236528891,0.002218976236528891,0.09539273322509811,0.097611709461627,0.0,0.008772459666840312,0.8289874326626044,0.0,0.026708978196431404,0.0002893271667634194,0.0,0.0310994397183315,1.1763503323453957,0.000654542182823073,0.11260163850920346,0.006367127025158681,0.006367127025158681,0.45439527614517006,0.46076240317032874,0.01057141494526742,0.0035356459476617585,0.0035356459476617585,0.7324050570971733,0.735940703044835,0.05590239432394156,0.13247845438598213,0.03116044815427951,1.1765232227053413,0.017164410617568543,-0.017164410617568543,5.945311937706471e-07,0.16593208628598122,0.14876767566841267,2.5642608298708907e-06,0.014195244734017377,0.08147673310786352,True,0.1324589866464409,0.07471078882606116,-0.07471078882606116,0.2936838059580228,0.21897301713196163,0.0,0.009913689020535243,0.004333468813597779,0.03445078780333547,0.03445078780333547,0.0,0.0004386229833420156,0.0,0.0004339907501451291,0.0,0.0310994397183315,0.00010571414945267419,0.0005590239432394157,1.7835935813119413e-08,2.564260829870891e-08,0.0001419524473401738,0.08147673310786352
0.0,0.01979210755391536,0.021647806819823527,13600,0.03318193510977719,0.033181935142959126,0.007187776855563488,0.007187776855563488,0.09539273322509811,0.1025805100806616,0.0,0.008772694996258117,0.8285812224265268,0.0,0.027712037526041965,0.00029344919681577433,0.0,0.034219571678206204,1.1849853282782346,0.000654942964984251,0.11260163850920346,0.01697954137742047,0.01697954137742047,0.45439527614517006,0.47137481752259053,0.010447156496566308,0.04273888450419727,0.04273888450419727,0.7324050570971733,0.7751439416013706,0.055913314208311485,0.13345307464632622,0.03429114846138184,1.185178693324534,0.03973143297624254,-0.03973143297624254,5.929934529451601e-07,0.16593208628598122,0.12620065330973868,2.5620988894427044e-06,0.014195929280626619,0.08331153788458988,True,0.13343130142334883,0.04195278444437334,-0.04195278444437334,0.2936838059580228,0.25173102151364946,0.0,0.00989605377695768,0.004329561363964706,0.03318193510977719,0.03318193510977719,0.0,0.00043863474981290586,0.0,0.0004401737952236615,0.0,0.034219571678206204,0.00010447156496566309,0.0005591331420831149,1.7789803588354802e-08,2.5620988894427046e-08,0.0001419592928062662,0.08331153788458988
0.0,0.019812236935698446,0.021658959140702604,13625,0.03129107711072458,0.031291077142015664,0.002719049957818062,0.002719049957818062,0.09539273322509811,0.09811178318291618,0.0,0.008772447120901061,0.8288131054075496,0.0,0.027141216381164488,0.00029106516702606856,0.0,0.03219297529171009,1.1794240097972122,0.0006546570642342491,0.11260163850920346,0.00962841835956213,0.00962841835956213,0.45439527614517006,0.4640236945047322,0.010507287132590859,0.01759984169599116,0.01759984169599116,0.7324050570971733,0.7500048987931645,0.055906810421928146,0.13282541389756175,0.032257784742187906,1.1796045231673966,0.027723693741133787,-0.027723693741133787,5.938708881182703e-07,0.16593208628598122,0.13820839254484743,2.5633324776040904e-06,0.014195532542695885,0.07940332255543216,True,0.132805087794501,0.06096884653970322,-0.06096884653970322,0.2936838059580228,0.23271495941831957,0.0,0.009906118467849223,0.004331791828140521,0.03129107711072458,0.03129107711072458,0.0,0.0004386223560450531,0.0,0.0004365977505391028,0.0,0.03219297529171009,0.00010507287132590859,0.0005590681042192814,1.7816126643548107e-08,2.5633324776040905e-08,0.00014195532542695885,0.07940332255543216
0.0,0.01976124349887587,0.021630676395754847,13650,0.03095271105056955,0.03095271108152226,4.064415416164813e-05,-4.064415416164813e-05,0.09539273322509811,0.09535208907093647,0.0,0.008763794153028087,0.8284169142453499,0.0,0.027146763215574757,0.0002912981030677492,0.0,0.03070327240664262,1.175223492736113,0.0006535656667353975,0.11260163850920346,0.010571850806314176,-0.010571850806314176,0.45439527614517006,0.4438234253388559,0.01039204310428072,0.02018245658450135,0.02018245658450135,0.7324050570971733,0.7525875136816746,0.055897125716801596,0.1323523469785068,0.030766310595447297,1.1754032798879408,0.033202554654551214,-0.033202554654551214,5.92384842437296e-07,0.16593208628598122,0.13272953163143,2.561308073470765e-06,0.014193997600848447,0.07754275239689942,True,0.13233210264883022,0.05629249280045234,-0.05629249280045234,0.2936838059580228,0.23739131315757045,0.0,0.009880621749437934,0.00432613527915097,0.03095271105056955,0.03095271105056955,0.0,0.00043818970765140434,0.0,0.00043694715460162385,0.0,0.03070327240664262,0.0001039204310428072,0.000558971257168016,1.777154527311888e-08,2.561308073470765e-08,0.00014193997600848448,0.07754275239689942
0.0,0.019224620178730722,0.02133075499498022,13675,0.04843247065349538,0.048432470701927854,0.030292377722745234,-0.030292377722745234,0.09539273322509811,0.06510035550235288,0.0,0.008681417972308736,0.8245864231419783,0.0,0.02593589774064411,0.00028915051198521687,0.0,0.012960373568954707,1.1138436364886273,0.0006407021173724861,0.11260163850920346,0.0851529836647269,0.0851529836647269,0.45439527614517006,0.539548259809897,0.009356017735697239,0.008557286825627508,0.008557286825627508,0.7324050570971733,0.7409623439228008,0.05583070796251244,0.12543615838651034,0.012991792622210648,1.1139815450948558,0.03687203401776215,-0.03687203401776215,5.766209984028711e-07,0.16593208628598122,0.12906005226821907,2.542968293595186e-06,0.014191333766151235,0.07693292530036125,True,0.1254206296501054,0.04612036714879572,-0.04612036714879572,0.2936838059580228,0.24756343880922707,0.0,0.009612310089365361,0.0042661509989960445,0.04843247065349538,0.04843247065349538,0.0,0.0004340708986154368,0.0,0.0004337257679778253,0.0,0.012960373568954707,9.356017735697239e-05,0.0005583070796251244,1.729862995208613e-08,2.542968293595186e-08,0.00014191333766151235,0.07693292530036125
0.0,0.019574965539036926,0.021527026209975007,13700,0.030854889013474655,0.030854889044329547,0.013876513263304649,-0.013876513263304649,0.09539273322509811,0.08151621996179347,0.0,0.008733705598814494,0.8270894433595771,0.0,0.026758740021358026,0.0002904300139326202,0.0,0.02286451427116595,1.1512101658988771,0.0006486588167160171,0.11260163850920346,0.0021757494674981004,-0.0021757494674981004,0.45439527614517006,0.45221952667767196,0.009994059602398835,0.017293316315573293,0.017293316315573293,0.7324050570971733,0.7496983734127466,0.055870315520278054,0.1296487286882236,0.02291978345905409,1.1513928117813197,0.03943319363618339,-0.03943319363618339,5.868915286523232e-07,0.16593208628598122,0.12649889264979783,2.5548997467941463e-06,0.014192749556266069,0.06948523599952647,True,0.12962816246076717,0.05204607414645451,-0.05204607414645451,0.2936838059580228,0.24163773181156828,0.0,0.009787482769518463,0.004305405241995001,0.030854889013474655,0.030854889013474655,0.0,0.0004366852799407247,0.0,0.0004356450208989303,0.0,0.02286451427116595,9.994059602398835e-05,0.0005587031552027806,1.7606745859569695e-08,2.5548997467941464e-08,0.0001419274955626607,0.06948523599952647
0.0,0.019105630692258457,0.02126371378375507,13725,0.04656289165315681,0.0465628916997197,0.031420083966334805,-0.031420083966334805,0.09539273322509811,0.06397264925876331,0.0,0.008664636547062423,0.8236672293174105,0.0,0.02568432707044297,0.0002892394203301913,0.0,0.011253909744661434,1.1060844462900261,0.0006388737921458846,0.11260163850920346,0.08221661410281245,0.08221661410281245,0.45439527614517006,0.5366118902479825,0.009208866802583015,0.0015069156255401728,-0.0015069156255401728,0.7324050570971733,0.7308981414716331,0.055816283262017964,0.12456180625802574,0.011281953833443424,1.1062165421836139,0.035439734704417136,-0.035439734704417136,5.731567529126496e-07,0.16593208628598122,0.13049235158156408,2.5384550193369386e-06,0.014188645088324894,0.07328163098932895,True,0.12454693204264644,0.04284244992521852,-0.04284244992521852,0.2936838059580228,0.2508413560328043,0.0,0.009552815346129229,0.004252742756751015,0.04656289165315681,0.04656289165315681,0.0,0.0004332318273531212,0.0,0.0004338591304952869,0.0,0.011253909744661434,9.208866802583016e-05,0.0005581628326201797,1.7194702587379488e-08,2.5384550193369387e-08,0.00014188645088324895,0.07328163098932895
0.0,0.018932606904564775,0.021165881621066827,13750,0.04326624995642046,0.04326624999968671,0.03103557627166384,-0.03103557627166384,0.09539273322509811,0.06435715695343427,0.0,0.008641625060815093,0.8223050938093004,0.0,0.02540403350752765,0.0002901152865154198,0.0,0.009522197306209226,1.0975817467880609,0.0006370414911713269,0.11260163850920346,0.07147786059162109,0.07147786059162109,0.45439527614517006,0.5258731367367911,0.009078164277725212,0.025953557359836177,-0.025953557359836177,0.7324050570971733,0.7064514997373371,0.05579547929959621,0.12360383557560341,0.009547035824934222,1.0977089342124569,0.03738698864678058,-0.03738698864678058,5.680433362964942e-07,0.16593208628598122,0.12854509763920063,2.531796841738683e-06,0.014185244259073538,0.06814581245957178,True,0.12358951406194678,0.03487371985037818,-0.03487371985037818,0.2936838059580228,0.2588100861076446,0.0,0.009466303452282387,0.004233176324213365,0.04326624995642046,0.04326624995642046,0.0,0.00043208125304075465,0.0,0.00043517292977312974,0.0,0.009522197306209226,9.078164277725213e-05,0.0005579547929959621,1.7041300088894827e-08,2.531796841738683e-08,0.0001418524425907354,0.06814581245957178
0.0,0.019458129828888615,0.021461776275654237,13775,0.03136311370962974,0.031363113740992855,0.020920961067382074,-0.020920961067382074,0.09539273322509811,0.07447177215771604,0.0,0.008715544810989666,0.8262324748181583,0.0,0.026504276811205686,0.0002900867032481901,0.0,0.019003207492557052,1.137852121828273,0.0006460599633511356,0.11260163850920346,0.008084858953735119,0.008084858953735119,0.45439527614517006,0.4624801350989052,0.009774332698832626,0.016545108712189616,0.016545108712189616,0.7324050570971733,0.7489501658093629,0.055853523659624225,0.12814209675893484,0.01904748259940192,1.1380126175369554,0.04118018520108083,-0.04118018520108083,5.834621652437666e-07,0.16593208628598122,0.12475190108490039,2.550728906172435e-06,0.014191225573098909,0.06605688249765328,True,0.12812402467755857,0.04945325758606886,-0.04945325758606886,0.2936838059580228,0.24423054837195393,0.0,0.009729064914444308,0.004292355255130847,0.03136311370962974,0.03136311370962974,0.0,0.00043577724054948337,0.0,0.00043513005487228514,0.0,0.019003207492557052,9.774332698832626e-05,0.0005585352365962423,1.7503864957313e-08,2.5507289061724354e-08,0.0001419122557309891,0.06605688249765328
0.0,0.01916370894205055,0.021296525539236298,13800,0.03892477232240275,0.03892477236132751,0.0361417301352265,-0.0361417301352265,0.09539273322509811,0.059251003089871614,0.0,0.008673848625870301,0.8239176351165989,0.0,0.02628511430571901,0.0002916672954036459,0.0,0.012581591168535508,1.1121676921779864,0.0006415362948925377,0.11260163850920346,0.0494032237799521,0.0494032237799521,0.45439527614517006,0.5037984999251222,0.009255295446983785,0.007297119041632771,0.007297119041632771,0.7324050570971733,0.7397021761388061,0.05581612426620715,0.125247649705959,0.012612957713984184,1.1123074250171563,0.054036385270217244,-0.054036385270217244,5.746489813059761e-07,0.16593208628598122,0.11189570101576397,2.5392873184450624e-06,0.014185449919864134,0.06701132777288292,True,0.1252319155579176,0.02925076854558112,-0.02925076854558112,0.2936838059580228,0.2644330374124417,0.0,0.009581854471025275,0.0042593051078472595,0.03892477232240275,0.03892477232240275,0.0,0.00043369243129351507,0.0,0.00043750094310546884,0.0,0.012581591168535508,9.255295446983786e-05,0.0005581612426620715,1.7239469439179284e-08,2.5392873184450623e-08,0.00014185449919864134,0.06701132777288292
0.0,0.01918741298655413,0.021309896510907214,13825,0.03401755112525744,0.034017551159274996,0.03430225435414888,-0.03430225435414888,0.09539273322509811,0.06109047887094923,0.0,0.008678543615782835,0.8240222237564084,0.0,0.026590838021372694,0.0002927940408618368,0.0,0.013658259495397462,1.1168685564871812,0.0006425306482577612,0.11260163850920346,0.007875912063046275,-0.007875912063046275,0.45439527614517006,0.4465193640821238,0.009282655181426645,0.017498274391716695,0.017498274391716695,0.7324050570971733,0.74990333148889,0.05582009405323899,0.12577808433658694,0.013693245832940551,1.1170181431784856,0.061350619794523054,-0.061350619794523054,5.752313282650808e-07,0.16593208628598122,0.10458146649145816,2.539660924830721e-06,0.014184614836210939,0.06319753095245319,True,0.125761240628551,0.021845048269755807,-0.021845048269755807,0.2936838059580228,0.271838757688267,0.0,0.009593706493277065,0.004261979302181443,0.03401755112525744,0.03401755112525744,0.0,0.00043392718078914176,0.0,0.0004391910612927552,0.0,0.013658259495397462,9.282655181426645e-05,0.0005582009405323899,1.7256939847952422e-08,2.539660924830721e-08,0.0001418461483621094,0.06319753095245319
0.0,0.019256824526425853,0.021348933615687436,13850,0.03261639156132233,0.03261639159393872,0.03153337195869142,-0.03153337195869142,0.09539273322509811,0.06385936126640669,0.0,0.008687308381196631,0.8246116239053165,0.0,0.02649680769208075,0.00029173080880534244,0.0,0.014718936061908047,1.1213216224005764,0.0006431724476135929,0.11260163850920346,0.01269332380302568,0.01269332380302568,0.45439527614517006,0.46708859994819574,0.009397053079797706,0.014449274847916915,0.014449274847916915,0.7324050570971733,0.7468543319450902,0.0558274200817725,0.1262800583897617,0.014756444524144123,1.1214761068035362,0.054527305804787304,-0.054527305804787304,5.773722578392141e-07,0.16593208628598122,0.11140478048119391,2.542634822426232e-06,0.014186546390769657,0.06289964118488799,True,0.12626266319131946,0.03133149158327292,-0.03133149158327292,0.2936838059580228,0.2623523143747499,0.0,0.009628412263212927,0.004269786723137488,0.03261639156132233,0.03261639156132233,0.0,0.0004343654190598316,0.0,0.0004375962132080137,0.0,0.014718936061908047,9.397053079797706e-05,0.0005582742008177251,1.7321167735176424e-08,2.542634822426232e-08,0.00014186546390769657,0.06289964118488799
0.0,0.019104728146380534,0.021263308044841514,13875,0.03478260609834443,0.03478260613312704,0.03776807953409757,-0.03776807953409757,0.09539273322509811,0.057624653691000546,0.0,0.008667035667700048,0.8233278184601825,0.0,0.02651135125308101,0.0002934470935859575,0.0,0.01225920287241954,1.1107212846403958,0.0006417811172825739,0.11260163850920346,0.012342994019807485,-0.012342994019807485,0.45439527614517006,0.4420522821253626,0.009178409795182953,0.010823834975851376,0.010823834975851376,0.7324050570971733,0.7432288920730247,0.05580705951606039,0.1250848388077136,0.012290277385196162,1.1108615234659716,0.06395135882795706,-0.06395135882795706,5.727539132314604e-07,0.16593208628598122,0.10198072745802415,2.5361620227864536e-06,0.014181542000867655,0.06251206973404522,True,0.12506904768476876,0.01623081681455757,-0.01623081681455757,0.2936838059580228,0.2774529891434652,0.0,0.009552364073190267,0.004252661608968303,0.03478260609834443,0.03478260609834443,0.0,0.00043335178338500243,0.0,0.0004401706403789363,0.0,0.01225920287241954,9.178409795182952e-05,0.0005580705951606039,1.7182617396943812e-08,2.5361620227864536e-08,0.00014181542000867654,0.06251206973404522
0.0,0.01906254228051607,0.02123949602329571,13900,0.034319420720372744,0.034319420754692166,0.03975222370248432,-0.03975222370248432,0.09539273322509811,0.0556405095226138,0.0,0.008660946984500022,0.822995861708417,0.0,0.026391716371395885,0.00029344808639815596,0.0,0.011447109650231109,1.1069911662252128,0.0006412655295091871,0.11260163850920346,0.004790238774129374,0.004790238774129374,0.45439527614517006,0.45918551491929943,0.009135373835857314,0.004500878883462844,0.004500878883462844,0.7324050570971733,0.7369059359806361,0.055800219545303086,0.12466459449244716,0.011476706326326391,1.1071293905813264,0.06335074095636156,-0.06335074095636156,5.715302226251956e-07,0.16593208628598122,0.10258134532961966,2.5345282224395433e-06,0.014180239996646183,0.06121012101931023,True,0.12464903020208462,0.01588562990374698,-0.01588562990374698,0.2936838059580228,0.2777981760542758,0.0,0.009531271140258035,0.004247899204659142,0.034319420720372744,0.034319420720372744,0.0,0.0004330473492250011,0.0,0.00044017212959723395,0.0,0.011447109650231109,9.135373835857314e-05,0.0005580021954530309,1.714590667875587e-08,2.5345282224395433e-08,0.00014180239996646184,0.06121012101931023
0.0,0.019064144993306442,0.02124040474956017,13925,0.03411995446725163,0.03411995450137158,0.03956674443882028,-0.03956674443882028,0.09539273322509811,0.055825988786277835,0.0,0.008661140525581371,0.8230071676059003,0.0,0.026371369473973453,0.00029338739921879776,0.0,0.01148559534860224,1.107170869869579,0.0006413407463772205,0.11260163850920346,0.003671118701674636,0.003671118701674636,0.45439527614517006,0.4580663948468447,0.009144377866303953,0.004042752600045274,0.004042752600045274,0.7324050570971733,0.7364478096972186,0.055799606617876765,0.12468482228644671,0.011515228108843645,1.1073090308820448,0.06282519424634639,-0.06282519424634639,5.715738643649673e-07,0.16593208628598122,0.10310689203963483,2.534586881211813e-06,0.014180069964987205,0.06105012442510281,True,0.12466926512868338,0.01668841565857304,-0.01668841565857304,0.2936838059580228,0.27699539029944975,0.0,0.009532072496653221,0.004248080949912034,0.03411995446725163,0.03411995446725163,0.0,0.0004330570262790686,0.0,0.00044008109882819665,0.0,0.01148559534860224,9.144377866303952e-05,0.0005579960661787677,1.714721593094902e-08,2.534586881211813e-08,0.00014180069964987206,0.06105012442510281
0.0,0.01907055568493765,0.02124403921267187,13950,0.03344159600808094,0.03344159604152254,0.03875383489241741,-0.03875383489241741,0.09539273322509811,0.0566388983326807,0.0,0.008661926169152583,0.8230523911958332,0.0,0.02629002795467597,0.00029314643681579034,0.0,0.011646158911949872,1.10791737076092,0.000641645173964551,0.11260163850920346,0.0010650229062661443,-0.0010650229062661443,0.45439527614517006,0.4533302532389039,0.009181220786281084,0.0025108875980375256,0.0025108875980375256,0.7324050570971733,0.7349159446952108,0.055797182603778674,0.12476885604544738,0.01167595289820609,1.1080553233219266,0.060719945344671594,-0.060719945344671594,5.717484638608553e-07,0.16593208628598122,0.10521214094130962,2.534821557637795e-06,0.014179390561846464,0.060536277008903884,True,0.12475332235966195,0.01988696601224965,-0.01988696601224965,0.2936838059580228,0.27379683994577314,0.0,0.009535277842468826,0.004248807842534374,0.03344159600808094,0.03344159600808094,0.0,0.0004330963084576292,0.0,0.0004397196552236855,0.0,0.011646158911949872,9.181220786281085e-05,0.0005579718260377868,1.7152453915825657e-08,2.534821557637795e-08,0.00014179390561846464,0.060536277008903884
0.0,0.01900990278123127,0.02120984061524272,13975,0.030890821252985864,0.030890821283876685,0.03529733134800733,-0.03529733134800733,0.09539273322509811,0.06009540187709078,0.0,0.008654694298960616,0.822541734407912,0.0,0.02577851085970168,0.0002926133543606791,0.0,0.01109857289350057,1.1053497645630999,0.0006423867953376037,0.11260163850920346,0.006643728646659797,0.006643728646659797,0.45439527614517006,0.46103900479182985,0.009303643738968805,0.006931913076466012,0.006931913076466012,0.7324050570971733,0.7393369701736393,0.05577552465139844,0.12447932125495456,0.011126875107365751,1.1054840040355207,0.050072221017538665,-0.050072221017538665,5.697643593716734e-07,0.16593208628598122,0.11585986526844255,2.53246504995636e-06,0.014174238127630943,0.05740054488940092,True,0.12446420566906496,0.030428518380158642,-0.030428518380158642,0.2936838059580228,0.26325528757786415,0.0,0.009504951390615635,0.004241968123048544,0.030890821252985864,0.030890821252985864,0.0,0.00043273471494803084,0.0,0.00043892003154101864,0.0,0.01109857289350057,9.303643738968805e-05,0.0005577552465139844,1.7092930781150202e-08,2.53246504995636e-08,0.00014174238127630942,0.05740054488940092
0.0,0.01896504392771703,0.021184500197220842,14000,0.03084032577456056,0.030840325805400883,0.03277476119714516,-0.03277476119714516,0.09539273322509811,0.06261797202795295,0.0,0.008650031262794278,0.8221544655439131,0.0,0.025560790863388274,0.0002927313825703019,0.0,0.010811257831998345,1.1039771986158424,0.0006428303925076822,0.11260163850920346,0.0162370587981136,0.0162370587981136,0.45439527614517006,0.47063233494328366,0.00935960321214509,0.014913441452698573,0.014913441452698573,0.7324050570971733,0.7473184985498719,0.05576431690728597,0.1243246362041199,0.010838947702176782,1.1041102670353735,0.04581901042915222,-0.04581901042915222,5.682769882794148e-07,0.16593208628598122,0.120113075856829,2.5306474108793373e-06,0.014171285077886108,0.05703559865361368,True,0.12430965248071618,0.033106026283794,-0.033106026283794,0.2936838059580228,0.2605777796742288,0.0,0.009482521963858515,0.0042369000394441685,0.03084032577456056,0.03084032577456056,0.0,0.00043250156313971396,0.0,0.00043909707385545284,0.0,0.010811257831998345,9.359603212145092e-05,0.0005576431690728597,1.7048309648382443e-08,2.5306474108793372e-08,0.00014171285077886107,0.05703559865361368
0.0,0.01891329315729373,0.02115522378179411,14025,0.02922525691318106,0.029225256942406318,0.033315166546087176,-0.033315166546087176,0.09539273322509811,0.06207756667901094,0.0,0.008645685042872688,0.8216768107295795,0.0,0.025507422919722824,0.00029352027109245374,0.0,0.010451358051033912,1.102231883730243,0.000643262606911906,0.11260163850920346,0.00346452664769914,0.00346452664769914,0.45439527614517006,0.4578598027928692,0.00936985969286334,0.00834470649083352,0.00834470649083352,0.7324050570971733,0.7407497635880068,0.05575647160161624,0.12412776378501487,0.010477952374128944,1.102361869727594,0.04663633061308152,-0.04663633061308152,5.664911856432795e-07,0.16593208628598122,0.1192957556728997,2.5283523545013283e-06,0.01416844714210237,0.05502986102062791,True,0.12411312714743003,0.030068147438633397,-0.030068147438633397,0.2936838059580228,0.2636156585193894,0.0,0.009456646578646866,0.004231044756358822,0.02922525691318106,0.02922525691318106,0.0,0.00043228425214363443,0.0,0.0004402804066386806,0.0,0.010451358051033912,9.36985969286334e-05,0.0005575647160161624,1.6994735569298384e-08,2.5283523545013285e-08,0.0001416844714210237,0.05502986102062791
0.0,0.017627482654708038,0.02041468296702682,14050,0.10413971832417201,0.10413971842831174,0.016851641649692453,0.016851641649692453,0.09539273322509811,0.11224437487479057,0.0,0.008569519581423341,0.8098484822527943,0.0,0.02482982076613555,0.000313528883178466,0.0,0.007970827733112269,1.0892794922314877,0.0006639822196720029,0.11260163850920346,0.23091622722173422,0.23091622722173422,0.45439527614517006,0.6853115033669043,0.010825858297456227,0.006817378213297309,0.006817378213297309,0.7324050570971733,0.7392224353104706,0.05563460159646989,0.12267316114348048,0.008000182722809245,1.0894437405457154,0.02113407823832905,-0.02113407823832905,5.232278555124301e-07,0.16593208628598122,0.14479800804765217,2.473770915636195e-06,0.014106089275477324,0.1267116992081214,True,0.1226546665125336,0.011224840415082371,0.011224840415082371,0.2936838059580228,0.30490864637310516,0.0,0.008813741327354019,0.0040829365934053645,0.10413971832417201,0.10413971832417201,0.0,0.00042847597907116707,0.0,0.000470293324767699,0.0,0.007970827733112269,0.00010825858297456227,0.000556346015964699,1.5696835665372903e-08,2.473770915636195e-08,0.00014106089275477325,0.1267116992081214
0.0,0.018477404504675055,0.02090698066361571,14075,0.02770898069050953,0.027708980718218507,0.03068674892493141,-0.03068674892493141,0.09539273322509811,0.0647059843001667,0.0,0.008609232993947186,0.8177376716295572,0.0,0.024875700676174697,0.0002996096437897373,0.0,0.007717226193119137,1.0878477443826484,0.0006468963104523644,0.11260163850920346,0.007837622862151394,0.007837622862151394,0.45439527614517006,0.46223289900732145,0.009508517227327054,0.02368800270681115,-0.02368800270681115,0.7324050570971733,0.7087170543903621,0.05570029975119206,0.1225076663246372,0.007739425284597849,1.0879740034589642,0.04685967651727242,-0.04685967651727242,5.519373899780055e-07,0.16593208628598122,0.1190724097687088,2.509616917530402e-06,0.014147467336326923,0.05051978588151065,True,0.12249344934450479,0.008881577278874675,-0.008881577278874675,0.2936838059580228,0.2848022286791481,0.0,0.009238702252337527,0.004181396132723142,0.02770898069050953,0.02770898069050953,0.0,0.0004304616496973593,0.0,0.0004494144656846059,0.0,0.007717226193119137,9.508517227327055e-05,0.0005570029975119206,1.6558121699340164e-08,2.509616917530402e-08,0.00014147467336326924,0.05051978588151065
0.0,0.018384851527499135,0.020853940062770002,14100,0.025918166649287817,0.02591816667520598,0.025137222937176948,-0.025137222937176948,0.09539273322509811,0.07025551028792117,0.0,0.008605166985329675,0.8168806671436202,0.0,0.02464626891947791,0.0003010318288133974,0.0,0.007645529790942348,1.0874387202041655,0.0006487921323993824,0.11260163850920346,0.02057500511128202,0.02057500511128202,0.45439527614517006,0.4749702812564521,0.00966948168753658,0.02054755520669671,-0.02054755520669671,0.7324050570971733,0.7118575018904766,0.055689708913297685,0.12246171615587084,0.007667791436415283,1.0875659262294146,0.04267161564512918,-0.04267161564512918,5.486192365649435e-07,0.16593208628598122,0.12326047064085204,2.5057717229296783e-06,0.014142574901006613,0.048603775480333046,True,0.12244739254772749,0.007776708812749167,-0.007776708812749167,0.2936838059580228,0.2859070971452736,0.0,0.009192425763749568,0.004170788012554,0.025918166649287817,0.025918166649287817,0.0,0.0004302583492664838,0.0,0.0004515477432200961,0.0,0.007645529790942348,9.66948168753658e-05,0.0005568970891329768,1.6458577096948304e-08,2.5057717229296783e-08,0.00014142574901006614,0.048603775480333046
0.0,0.018453216602859923,0.020893300852862957,14125,0.018200159010670066,0.018200159028870223,0.01165323539736643,-0.01165323539736643,0.09539273322509811,0.08373949782773168,0.0,0.008619403196716401,0.817446391408327,0.0,0.02443909431320737,0.0003000828156406335,0.0,0.009315120838529957,1.0965148736647878,0.0006510375479092997,0.11260163850920346,0.0012344941166289591,0.0012344941166289591,0.45439527614517006,0.455629770261799,0.009938898795501496,0.009763441645500137,0.009763441645500137,0.7324050570971733,0.7421684987426734,0.05569227094600764,0.12348592985114867,0.009343509269118025,1.0966618294318808,0.03016802883078834,-0.03016802883078834,5.500544139526803e-07,0.16593208628598122,0.13576405745519288,2.509026235249062e-06,0.014143076474936633,0.04259942675855858,True,0.12346938238951607,0.022659927540264635,-0.022659927540264635,0.2936838059580228,0.27102387841775816,0.0,0.009226608301429962,0.0041786601705725915,0.018200159010670066,0.018200159010670066,0.0,0.00043097015983582006,0.0,0.00045012422346095025,0.0,0.009315120838529957,9.938898795501496e-05,0.0005569227094600765,1.650163241858041e-08,2.509026235249062e-08,0.00014143076474936632,0.04259942675855858
0.0,0.01802685186170805,0.020647668943437014,14150,0.019215316211495595,0.019215316230710912,0.009786171106723224,0.009786171106723224,0.09539273322509811,0.10517890433182134,0.0,0.008606209959289443,0.8134447104428557,0.0,0.024381731074479638,0.000307988148871255,0.0,0.009144281626227744,1.0956257372584794,0.0006605005690273681,0.11260163850920346,0.03325522958542276,0.03325522958542276,0.45439527614517006,0.4876505057305928,0.01060188518108666,0.01667782060340728,-0.01667782060340728,0.7324050570971733,0.715727236493766,0.05566326036791536,0.12338677277884555,0.009174043808343349,1.0957812288934703,0.01712122757354248,-0.01712122757354248,5.346726457178331e-07,0.16593208628598122,0.14881085871243874,2.4913314370778688e-06,0.01412343502693256,0.04319877703778921,True,0.12336926416441621,0.008554315625308728,-0.008554315625308728,0.2936838059580228,0.28512949033271406,0.0,0.009013425930854024,0.004129533788687403,0.019215316211495595,0.019215316211495595,0.0,0.00043031049796447217,0.0,0.0004619822233068825,0.0,0.009144281626227744,0.0001060188518108666,0.0005566326036791536,1.6040179371534992e-08,2.4913314370778687e-08,0.0001412343502693256,0.04319877703778921
0.0,0.018206562972636564,0.020751551820191498,14175,0.015910362326301136,0.015910362342211496,0.001334717562356702,0.001334717562356702,0.09539273322509811,0.09672745078745482,0.0,0.008610910278006197,0.8151382209567442,0.0,0.0240771159573081,0.0003044787607235246,0.0,0.009200365602871336,1.095918536284033,0.0006563537863490369,0.11260163850920346,0.02218926964155188,0.02218926964155188,0.45439527614517006,0.47658454578672194,0.010341452465813793,0.005848803660448709,-0.005848803660448709,0.7324050570971733,0.7265562534367246,0.05567220752754013,0.1234186998785682,0.009228439870850886,1.0960647691448373,0.022333636892097247,-0.022333636892097247,5.411300611478472e-07,0.16593208628598122,0.14359844939388397,2.49877824169921e-06,0.014131256992099673,0.04005307382605344,True,0.1234022338173754,0.015445165911022907,-0.015445165911022907,0.2936838059580228,0.2782386400469999,0.0,0.009103281486318282,0.0041503103640382994,0.015910362326301136,0.015910362326301136,0.0,0.0004305455139003099,0.0,0.0004567181410852869,0.0,0.009200365602871336,0.00010341452465813794,0.0005567220752754013,1.6233901834435413e-08,2.4987782416992098e-08,0.00014131256992099673,0.04005307382605344
0.0,0.018214656183457967,0.02075628372413031,14200,0.013054382962766195,0.013054382975820577,0.005867556776439159,0.005867556776439159,0.09539273322509811,0.10126029000153727,0.0,0.0086168605135629,0.8151603310362436,0.0,0.024151594904594453,0.0003046870445448881,0.0,0.00981288234464397,1.099059993663658,0.0006576602799611304,0.11260163850920346,0.005753037492681301,-0.005753037492681301,0.45439527614517006,0.44864223865248876,0.010460094211677665,0.010221129320130973,-0.010221129320130973,0.7324050570971733,0.7221839277770423,0.05567487370419335,0.12377213742790737,0.00984135428935696,1.0992036001834458,0.018126575564180403,-0.018126575564180403,5.409260938679844e-07,0.16593208628598122,0.14780551072180081,2.4991577131901567e-06,0.01413064712141709,0.03781642110619352,True,0.12375596709704259,0.018748724895769675,-0.018748724895769675,0.2936838059580228,0.2749350810622531,0.0,0.009107328091728983,0.004151256744826063,0.013054382962766195,0.013054382962766195,0.0,0.000430843025678145,0.0,0.0004570305668173322,0.0,0.00981288234464397,0.00010460094211677665,0.0005567487370419335,1.622778281603953e-08,2.499157713190157e-08,0.0001413064712141709,0.03781642110619352
0.0,0.018217236585931662,0.020757730219726246,14225,0.011851278714940757,0.011851278726792036,0.0025402161665029482,0.0025402161665029482,0.09539273322509811,0.09793294939160106,0.0,0.00861459112478038,0.8152214052237678,0.0,0.024068037538308718,0.00030457390318136025,0.0,0.009332698902383054,1.0966058947600148,0.0006567044695095881,0.11260163850920346,0.0037999028806613433,0.0037999028806613433,0.45439527614517006,0.4581951790258314,0.010374096054119541,0.0035001670791993122,-0.0035001670791993122,0.7324050570971733,0.728904890017974,0.055677243886705634,0.12349579609820777,0.00936045612109121,1.0967494502366355,0.020531558535120037,-0.020531558535120037,5.412124248845815e-07,0.16593208628598122,0.14540052775086118,2.4993529592250383e-06,0.01413230729502614,0.0361336100675068,True,0.12347963151488774,0.015734548349481625,-0.015734548349481625,0.2936838059580228,0.27794925760854117,0.0,0.009108618292965831,0.004151546043945249,0.011851278714940757,0.011851278714940757,0.0,0.000430729556239019,0.0,0.0004568608547720404,0.0,0.009332698902383054,0.00010374096054119542,0.0005567724388670564,1.6236372746537445e-08,2.4993529592250384e-08,0.0001413230729502614,0.0361336100675068
0.0,0.018032278272740787,0.020650790923768654,14250,0.014709449889447085,0.014709449904156534,0.010218432854421144,0.010218432854421144,0.09539273322509811,0.10561116607951926,0.0,0.008613342230109544,0.813572473599105,0.0,0.02414227056099912,0.0003087555520311633,0.0,0.008428366207135652,1.0918061338208709,0.0006601789749539515,0.11260163850920346,0.01787740761180645,0.01787740761180645,0.45439527614517006,0.4722726837569765,0.010579520411487547,0.02232376353750254,0.02232376353750254,0.7324050570971733,0.7547288206346758,0.05568785784486494,0.12295694868711737,0.008457380847773713,1.0919640193106723,0.012624028746592186,-0.012624028746592186,5.342023544418085e-07,0.16593208628598122,0.15330805753938903,2.4926628376823258e-06,0.014131455610443187,0.037981943148626046,True,0.12293917052069006,0.00032402040422008227,-0.00032402040422008227,0.2936838059580228,0.2933597855538027,0.0,0.009016139136370394,0.004130158184753731,0.014709449889447085,0.014709449889447085,0.0,0.0004306671115054772,0.0,0.00046313332804674495,0.0,0.008428366207135652,0.00010579520411487547,0.0005568785784486495,1.6026070633254255e-08,2.492662837682326e-08,0.00014131455610443187,0.037981943148626046
0.0,0.01813984757871767,0.020713050434349702,14275,0.010005472571053855,0.010005472581059327,0.005633358812451583,0.005633358812451583,0.09539273322509811,0.1010260920375497,0.0,0.008613877862529346,0.8145326528341259,0.0,0.02409912336677938,0.000306301569238348,0.0,0.008923291740281305,1.0944631766366202,0.000658108155911273,0.11260163850920346,0.009073863959772555,0.009073863959772555,0.45439527614517006,0.4634691401049426,0.010458047469932601,0.0017075464839888532,0.0017075464839888532,0.7324050570971733,0.7341126035811621,0.05568119143815605,0.12325587265878207,0.008952702674831121,1.0946187226442585,0.017217319606441767,-0.017217319606441767,5.382762358004261e-07,0.16593208628598122,0.14871476667953945,2.4965456769307654e-06,0.014131885308757471,0.033834196790460236,True,0.12323835792190296,0.00933412340587042,-0.00933412340587042,0.2936838059580228,0.28434968255215237,0.0,0.009069923789358836,0.004142610086869941,0.010005472571053855,0.010005472571053855,0.0,0.0004306938931264673,0.0,0.000459452353857522,0.0,0.008923291740281305,0.00010458047469932602,0.0005568119143815605,1.614828707401278e-08,2.4965456769307654e-08,0.0001413188530875747,0.033834196790460236
0.0,0.01764690500525168,0.02042616503986085,14300,0.020241232104779586,0.020241232125020818,0.012380192290371697,0.012380192290371697,0.09539273322509811,0.10777292551546981,0.0,0.008608983209894918,0.8100691251608545,0.0,0.02437951128647638,0.00031818754884090593,0.0,0.006071227120105217,1.0779180795457974,0.0006668229046612646,0.11260163850920346,0.00554356607405343,0.00554356607405343,0.45439527614517006,0.4599388422192235,0.010881768188057509,0.0032505901028633266,0.0032505901028633266,0.7324050570971733,0.7356556472000366,0.05572345072302417,0.12139193007039022,0.0060941911886338756,1.0780653007976904,0.0033023876882684045,-0.0033023876882684045,5.202480276153223e-07,0.16593208628598122,0.1626296985977128,2.4780776836266346e-06,0.014130890332760696,0.040936276699895,True,0.12137535271473149,0.04293093294199929,0.04293093294199929,0.2936838059580228,0.3366147389000221,0.0,0.00882345250262584,0.00408523300797217,0.020241232104779586,0.020241232104779586,0.0,0.0004304491604947459,0.0,0.0004772813232613589,0.0,0.006071227120105217,0.00010881768188057509,0.0005572345072302417,1.560744082845967e-08,2.4780776836266348e-08,0.00014130890332760695,0.040936276699895
0.0,0.017944300151142567,0.020599692182009237,14325,0.009257166526690593,0.009257166535947759,0.006700751848176617,0.006700751848176617,0.09539273322509811,0.10209348507327473,0.0,0.008610382467568779,0.8127820622285856,0.0,0.02423415380247769,0.0003109326278111026,0.0,0.007446352487009201,1.0862922504458494,0.0006609439111463398,0.11260163850920346,0.0007435549605017688,0.0007435549605017688,0.45439527614517006,0.4551388311056718,0.010559974083054164,0.0053524916410444545,0.0053524916410444545,0.7324050570971733,0.7377575487382177,0.05569668622169025,0.12233433028480817,0.00747094518543407,1.0864346295499325,0.014056890914118048,-0.014056890914118048,5.311096863520212e-07,0.16593208628598122,0.15187519537186317,2.4892436101319057e-06,0.014131931881617805,0.03149645233835832,True,0.12231829816297514,0.012521076755709182,0.012521076755709182,0.2936838059580228,0.306204882713732,0.0,0.008972150075571284,0.004119938436401848,0.009257166526690593,0.009257166526690593,0.0,0.00043051912337843895,0.0,0.0004663989417166539,0.0,0.007446352487009201,0.00010559974083054164,0.0005569668622169026,1.5933290590560636e-08,2.489243610131906e-08,0.00014131931881617807,0.03149645233835832
0.0,0.01797918223217365,0.020619973382771724,14350,0.008196249305127325,0.008196249313323575,0.007653673592499063,0.007653673592499063,0.09539273322509811,0.10304640681759718,0.0,0.008611901302023562,0.8130812708198816,0.0,0.02416566463119116,0.0003101195698756344,0.0,0.007847791921748316,1.0885877639504933,0.0006607424661885955,0.11260163850920346,0.0035082275018944453,-0.0035082275018944453,0.45439527614517006,0.4508870486432756,0.010571600986127314,0.0038666530132404064,0.0038666530132404064,0.7324050570971733,0.7362717101104137,0.055692932687577267,0.12259307193081825,0.00787345284509853,1.0887324790879784,0.014005537019927627,-0.014005537019927627,5.322967465100671e-07,0.16593208628598122,0.1519265492660536,2.4905265951131205e-06,0.014131359119874131,0.030857401241535576,True,0.12257677676777319,0.007341666134049907,0.007341666134049907,0.2936838059580228,0.3010254720920727,0.0,0.008989591116086826,0.004123994676554345,0.008196249305127325,0.008196249305127325,0.0,0.0004305950651011781,0.0,0.0004651793548134516,0.0,0.007847791921748316,0.00010571600986127314,0.0005569293268757727,1.5968902395302012e-08,2.4905265951131207e-08,0.0001413135911987413,0.030857401241535576
0.0,0.01798672342416263,0.020624376652505938,14375,0.007594351193135154,0.007594351200729505,0.010074419768561313,0.010074419768561313,0.09539273322509811,0.10546715299365943,0.0,0.008613393568209745,0.8131327005780171,0.0,0.024204355480122442,0.00030992538952129305,0.0,0.008195938385010192,1.090531422086534,0.0006611658626381699,0.11260163850920346,0.0024242788741738464,-0.0024242788741738464,0.45439527614517006,0.4519709972709962,0.010621979542306417,0.0033726203123074505,0.0033726203123074505,0.7324050570971733,0.7357776774094807,0.055690591469658476,0.12281241186934255,0.0082229362852844,1.0906804073947862,0.012357584585079212,-0.012357584585079212,5.3245951845706e-07,0.16593208628598122,0.153574501700902,2.4908028215260467e-06,0.014130479509008125,0.03060855577044378,True,0.1227956358780297,0.004112824396784731,0.004112824396784731,0.2936838059580228,0.2977966303548075,0.0,0.008993361712081316,0.004124875330501188,0.007594351193135154,0.007594351193135154,0.0,0.0004306696784104873,0.0,0.0004648880842819396,0.0,0.008195938385010192,0.00010621979542306417,0.0005569059146965848,1.59737855537118e-08,2.490802821526047e-08,0.00014130479509008126,0.03060855577044378
0.0,0.017987324647998904,0.02062472559057697,14400,0.007463715989515785,0.007463715996979501,0.009859862368492081,0.009859862368492081,0.09539273322509811,0.1052525955935902,0.0,0.008613109009844225,0.8131356766755127,0.0,0.024210703101170735,0.000309871157208463,0.0,0.008204605884785384,1.0905792795554556,0.0006611072616784356,0.11260163850920346,0.001972130845615927,-0.001972130845615927,0.45439527614517006,0.45242314529955413,0.01061925206038086,0.001707127347352122,0.001707127347352122,0.7324050570971733,0.7341121844445254,0.05568979327290954,0.12281779446147402,0.008231607993084665,1.0907282094669826,0.012634692480896798,-0.012634692480896798,5.324871957911264e-07,0.16593208628598122,0.15329739380508442,2.490807734098674e-06,0.014130319935663391,0.03048682603810367,True,0.12280102470792376,0.0038573771598192086,0.0038573771598192086,0.2936838059580228,0.297541183117842,0.0,0.008993662323999452,0.004124945118115394,0.007463715989515785,0.007463715989515785,0.0,0.0004306554504922113,0.0,0.00046480673581269453,0.0,0.008204605884785384,0.0001061925206038086,0.0005568979327290953,1.597461587373379e-08,2.490807734098674e-08,0.00014130319935663392,0.03048682603810367
0.0,0.017988400046366926,0.02062534524938033,14425,0.007431440959636546,0.0074314409670679865,0.009109870394330213,0.009109870394330213,0.09539273322509811,0.10450260361942833,0.0,0.008612514356175525,0.8131447003581072,0.0,0.024210165822762506,0.00030979432381097896,0.0,0.008159046750743854,1.090327441847668,0.0006609124262040064,0.11260163850920346,0.0005841014260230537,-0.0005841014260230537,0.45439527614517006,0.453811174719147,0.010605310671806352,0.00041796588370124343,0.00041796588370124343,0.7324050570971733,0.7328230229808745,0.055689134864157094,0.1227893803211425,0.00818588256956744,1.0904758673324961,0.013303537784178643,-0.013303537784178643,5.325390127172725e-07,0.16593208628598122,0.15262854850180257,2.4908386855204454e-06,0.014130337835672458,0.03040936270523877,True,0.12277266736687009,0.003954977636181856,0.003954977636181856,0.2936838059580228,0.29763878359420465,0.0,0.008994200023183463,0.004125069049876066,0.007431440959636546,0.007431440959636546,0.0,0.00043062571780877625,0.0,0.00046469148571646844,0.0,0.008159046750743854,0.00010605310671806351,0.0005568913486415709,1.5976170381518176e-08,2.4908386855204454e-08,0.00014130337835672457,0.03040936270523877
0.0,0.01798617214152709,0.020624099399068348,14450,0.007049220245336487,0.007049220252385708,0.009064774356156644,0.009064774356156644,0.09539273322509811,0.10445750758125476,0.0,0.008617555609681615,0.8130361932721308,0.0,0.02427529535696184,0.00031021199948553797,0.0,0.008229958293496261,1.0907191175745017,0.0006613801285932603,0.11260163850920346,0.00327736026366493,0.00327736026366493,0.45439527614517006,0.457672636408835,0.010659644426294046,0.0003316118788072586,-0.0003316118788072586,0.7324050570971733,0.732073445218366,0.0556953299031926,0.12283373570067388,0.00825731718162521,1.0908697814547015,0.011640309823627848,-0.011640309823627848,5.314912610159814e-07,0.16593208628598122,0.15429177646235337,2.4910460899314887e-06,0.014131670606372354,0.03009818757367967,True,0.12281677069939259,0.004465369769585281,0.004465369769585281,0.2936838059580228,0.2981491757276081,0.0,0.008993086070763545,0.00412481987981367,0.007049220245336487,0.007049220245336487,0.0,0.00043087778048408077,0.0,0.00046531799922830695,0.0,0.008229958293496261,0.00010659644426294046,0.000556953299031926,1.594473783047944e-08,2.491046089931489e-08,0.00014131670606372355,0.03009818757367967
0.0,0.017976994507437727,0.020618787339535295,14475,0.006961598024598265,0.006961598031559863,0.008810911012723965,0.008810911012723965,0.09539273322509811,0.10420364423782208,0.0,0.008619641646842775,0.8129192799469781,0.0,0.024294681829498444,0.0003106302362843621,0.0,0.008150069672206179,1.0902777363041751,0.0006616683559602149,0.11260163850920346,0.002545796506579212,0.002545796506579212,0.45439527614517006,0.45694107265174927,0.010681005905065929,0.0007950536255402207,-0.0007950536255402207,0.7324050570971733,0.7316100034716331,0.055699588776170726,0.12278391946544052,0.008177109283480309,1.0904273702121228,0.010931212124376866,-0.010931212124376866,5.307539145236605e-07,0.16593208628598122,0.15500087416160435,2.49083825926612e-06,0.01413249654012858,0.02992602159841273,True,0.12276707044073273,0.006171101543681723,0.006171101543681723,0.2936838059580228,0.2998549075017045,0.0,0.008988497253718863,0.004123757467907059,0.006961598024598265,0.006961598024598265,0.0,0.00043098208234213875,0.0,0.0004659453544265431,0.0,0.008150069672206179,0.00010681005905065929,0.0005569958877617073,1.5922617435709814e-08,2.49083825926612e-08,0.0001413249654012858,0.02992602159841273
0.0,0.01798449881279518,0.020623194293237602,14500,0.006617275154472341,0.006617275161089616,0.00847248203573478,0.00847248203573478,0.09539273322509811,0.1038652152608329,0.0,0.00862613260381195,0.8128928038412948,0.0,0.02434357868738781,0.00031101515033090743,0.0,0.008228038440253438,1.0907085356526796,0.0006620862142449728,0.11260163850920346,0.0032754296406338756,0.0032754296406338756,0.45439527614517006,0.45767070578580393,0.010732612165153508,0.002496918756670574,-0.002496918756670574,0.7324050570971733,0.7299081383405027,0.05570845014492149,0.12283272265020034,0.008255682194584347,1.0908607846905602,0.009075632501891112,-0.009075632501891112,5.299479881989095e-07,0.16593208628598122,0.1568564537840901,2.4914669699166914e-06,0.014134560230066881,0.02966582825396861,True,0.12281557915755104,0.006915819042201787,0.006915819042201787,0.2936838059580228,0.3005996250002246,0.0,0.00899224940639759,0.00412463885864752,0.006617275154472341,0.006617275154472341,0.0,0.0004313066301905975,0.0,0.00046652272549636115,0.0,0.008228038440253438,0.00010732612165153509,0.000557084501449215,1.5898439645967286e-08,2.4914669699166914e-08,0.0001413456023006688,0.02966582825396861
0.0,0.017987756656002607,0.020625081224438055,14525,0.00650903132143748,0.006509031327946511,0.007992043595005535,0.007992043595005535,0.09539273322509811,0.10338477682010365,0.0,0.008626571500445341,0.8129274638790347,0.0,0.024319066757609347,0.00031107628247635104,0.0,0.008139392913096465,1.0902185840783176,0.0006619998407028599,0.11260163850920346,0.0015726618719590912,0.0015726618719590912,0.45439527614517006,0.45596793801712915,0.010720997386295263,0.00036794631407122136,0.00036794631407122136,0.7324050570971733,0.7327730034112445,0.05571039241732957,0.12277753514238635,0.008166858340232938,1.090370671903184,0.009085974468673735,-0.009085974468673735,5.30019389984604e-07,0.16593208628598122,0.15684611181730748,2.4916575080024295e-06,0.01413540234750861,0.02947097054482777,True,0.12276040980258819,0.007924714595336113,0.007924714595336113,0.2936838059580228,0.3016085205533589,0.0,0.008993878328001303,0.0041250162448876115,0.00650903132143748,0.00650903132143748,0.0,0.0004313285750222671,0.0,0.00046661442371452653,0.0,0.008139392913096465,0.00010720997386295262,0.0005571039241732957,1.590058169953812e-08,2.4916575080024296e-08,0.0001413540234750861,0.02947097054482777
0.0,0.018007804363876945,0.020636719784354482,14550,0.006196867123063163,0.006196867129260031,0.007659802757597978,0.007659802757597978,0.09539273322509811,0.10305253598269609,0.0,0.00862816106161396,0.8131043513196792,0.0,0.024350307850815173,0.00031079796201819246,0.0,0.008198337759688895,1.0905446727294814,0.0006617443650472003,0.11260163850920346,0.0018872586806978897,-0.0018872586806978897,0.45439527614517006,0.45250801746447217,0.010712753202151665,0.0008479279298743148,-0.0008479279298743148,0.7324050570971733,0.731557129167299,0.0557119690493456,0.12281457767844214,0.008226424995848714,1.0906996416522619,0.008854577863930846,-0.008854577863930846,5.305526967600251e-07,0.16593208628598122,0.15707750842205037,2.4925577976912727e-06,0.014136573723153358,0.0292297098195748,True,0.12279712792226938,0.007116808031179922,0.007116808031179922,0.2936838059580228,0.3008006139892027,0.0,0.009003902181938472,0.004127343956870896,0.006196867123063163,0.006196867123063163,0.0,0.00043140805308069797,0.0,0.0004661969430272887,0.0,0.008198337759688895,0.00010712753202151665,0.0005571196904934559,1.591658090280075e-08,2.4925577976912726e-08,0.0001413657372315336,0.0292297098195748
0.0,0.01802911405118457,0.020649079259966212,14575,0.005904934240356093,0.005904934246261028,0.007056190597087772,0.007056190597087772,0.09539273322509811,0.10244892382218589,0.0,0.008629291930820963,0.8132965016470637,0.0,0.024392488132942355,0.00031046295835410523,0.0,0.008239090070716716,1.0907694335705402,0.0006613882648979187,0.11260163850920346,0.002149822508113186,-0.002149822508113186,0.45439527614517006,0.45224545363705687,0.010695689399452231,0.00031943118419541783,-0.00031943118419541783,0.7324050570971733,0.7320856259129779,0.05571307720647196,0.12284011511105825,0.008267616788191228,1.0909264361348845,0.008954613771867431,-0.008954613771867431,5.311884388437498e-07,0.16593208628598122,0.15697747251411379,2.493479826706405e-06,0.01413771605313599,0.02899106191977258,True,0.12282243636349292,0.006296231858799128,0.006296231858799128,0.2936838059580228,0.2999800378168219,0.0,0.009014557025592285,0.004129815851993243,0.005904934240356093,0.005904934240356093,0.0,0.00043146459654104817,0.0,0.00046569443753115785,0.0,0.008239090070716716,0.00010695689399452232,0.0005571307720647196,1.5935653165312495e-08,2.493479826706405e-08,0.00014137716053135992,0.02899106191977258
0.0,0.018277890041171307,0.020793008126785754,14600,0.017841332220952057,0.01784133223879339,0.0028480797654479723,0.0028480797654479723,0.09539273322509811,0.09824081299054609,0.0,0.008668353566405277,0.8152336007289992,0.0,0.025303353573152755,0.00030904087113819544,0.0,0.009111425226183169,1.095453785813781,0.0006598578167837334,0.11260163850920346,0.015440212169829381,0.015440212169829381,0.45439527614517006,0.46983548831499944,0.010759340592232757,0.036337820079084704,0.036337820079084704,0.7324050570971733,0.768742877176258,0.05577054077424942,0.12336787018423259,0.009141914134170877,1.0956133575091414,0.0017483314980991649,-0.0017483314980991649,5.350051117688214e-07,0.16593208628598122,0.16418375478788205,2.5054449583232354e-06,0.014159386095163342,0.04195421685732497,True,0.12334990214827961,0.004643289668776085,0.004643289668776085,0.2936838059580228,0.2983270956267989,0.0,0.009138945020585654,0.004158601625357151,0.017841332220952057,0.017841332220952057,0.0,0.00043341767832026385,0.0,0.00046356130670729316,0.0,0.009111425226183169,0.00010759340592232757,0.0005577054077424942,1.605015335306464e-08,2.5054449583232356e-08,0.00014159386095163342,0.04195421685732497
0.0,0.018167914008104802,0.020729406314160696,14625,0.006896283864004423,0.006896283870900706,0.0005300163996799778,-0.0005300163996799778,0.09539273322509811,0.09486271682541814,0.0,0.008637267347664512,0.8144999471784302,0.0,0.02474708772199504,0.00030837230953786036,0.0,0.008304950903539169,1.091131503353885,0.0006584058909832151,0.11260163850920346,0.002727682083840388,0.002727682083840388,0.45439527614517006,0.45712295822901045,0.01055124951119625,0.00866737334974077,0.00866737334974077,0.7324050570971733,0.7410724304469141,0.05572417258544349,0.12287965844812032,0.00833160302915472,1.0912776151592203,0.011927054312985824,-0.011927054312985824,5.347129001230115e-07,0.16593208628598122,0.1540050319729954,2.4997944569287703e-06,0.01414734933166029,0.030129763619732724,True,0.12286320601797293,0.0035629347225401564,0.0035629347225401564,0.2936838059580228,0.29724674068056295,0.0,0.009083957004052401,0.004145881262832139,0.006896283864004423,0.006896283864004423,0.0,0.0004318633673832256,0.0,0.00046255846430679056,0.0,0.008304950903539169,0.00010551249511196251,0.0005572417258544349,1.6041387003690343e-08,2.4997944569287702e-08,0.0001414734933166029,0.030129763619732724
0.0,0.018078485540214406,0.020677695230774295,14650,0.005392668445455627,0.005392668450848295,0.004697931916423093,0.004697931916423093,0.09539273322509811,0.1000906651415212,0.0,0.008633308184843697,0.8137135791583314,0.0,0.024533772627254934,0.000309827107995606,0.0,0.008272782765422699,1.09095483915341,0.0006604940210660559,0.11260163850920346,0.0015107410880940142,-0.0015107410880940142,0.45439527614517006,0.45288453505707604,0.010657690424448982,0.002019565219567254,0.002019565219567254,0.7324050570971733,0.7344246223167405,0.055718664416065,0.12286086591664463,0.008301163523181377,1.0911107212307167,0.009330328358483048,-0.009330328358483048,5.32308069689458e-07,0.16593208628598122,0.15660175792749817,2.495761601894973e-06,0.014141355667996547,0.028541857130319197,True,0.12284331333776688,0.0054697158266286405,0.0054697158266286405,0.2936838059580228,0.29915352178465143,0.0,0.009039242770107203,0.004135539046154859,0.005392668445455627,0.005392668445455627,0.0,0.00043166540924218487,0.0,0.000464740661993409,0.0,0.008272782765422699,0.00010657690424448982,0.00055718664416065,1.596924209068374e-08,2.4957616018949733e-08,0.00014141355667996548,0.028541857130319197
0.0,0.018092100211614004,0.020685604685855445,14675,0.004961692684340507,0.0049616926893022,0.004717264839033994,0.004717264839033994,0.09539273322509811,0.10010999806413211,0.0,0.008637329242511005,0.8137889168969745,0.0,0.024591223492309945,0.00030985259537148394,0.0,0.00838071954795357,1.091546269983837,0.0006605780008127865,0.11260163850920346,0.0001069879261944573,0.0001069879261944573,0.45439527614517006,0.4545022640713645,0.010685907279710269,0.0026837752763090306,0.0026837752763090306,0.7324050570971733,0.7350888323734823,0.05572379777172983,0.12292728249127671,0.00840899230829047,1.0917005578406722,0.008157675333381825,-0.008157675333381825,5.321670577162514e-07,0.16593208628598122,0.1577744109525994,2.496535508974108e-06,0.01414295800938507,0.028227796191430017,True,0.12290990942425212,0.005203616161751634,0.005203616161751634,0.2936838059580228,0.2988874221197744,0.0,0.009046050105807002,0.004137120937171089,0.004961692684340507,0.004961692684340507,0.0,0.00043186646212555027,0.0,0.00046477889305722594,0.0,0.00838071954795357,0.00010685907279710268,0.0005572379777172983,1.596501173148754e-08,2.496535508974108e-08,0.0001414295800938507,0.028227796191430017
0.0,0.01813618974937703,0.02071119735845436,14700,0.0040931967511890965,0.004093196755282293,0.006805073534894401,0.006805073534894401,0.09539273322509811,0.10219780675999252,0.0,0.00864830222493154,0.8140591345190591,0.0,0.02464596373220352,0.0003095452213847126,0.0,0.009013419464721444,1.0949390302495314,0.0006609787163477727,0.11260163850920346,0.000901237790101761,0.000901237790101761,0.45439527614517006,0.4552965139352718,0.010799171358165282,0.0042954320969574855,0.0042954320969574855,0.7324050570971733,0.7367004891941308,0.05573368683722386,0.12330880638196842,0.009041883665296619,1.0950888198754019,0.004164556157114252,-0.004164556157114252,5.321487194500707e-07,0.16593208628598122,0.16176753012886697,2.498839211404214e-06,0.014145954326292384,0.028020512583684085,True,0.12329193982316583,0.0009250827705178377,0.0009250827705178377,0.2936838059580228,0.29460888872854063,0.0,0.009068094874688515,0.004142239471690872,0.0040931967511890965,0.0040931967511890965,0.0,0.00043241511124657707,0.0,0.0004643178320770689,0.0,0.009013419464721444,0.00010799171358165282,0.0005573368683722386,1.5964461583502122e-08,2.498839211404214e-08,0.00014145954326292385,0.028020512583684085
0.0,0.018120709201127294,0.020702220054115258,14725,0.004013223624716143,0.004013223628729367,0.006049333508331381,0.006049333508331381,0.09539273322509811,0.1014420667334295,0.0,0.008644837182477527,0.8139540539163737,0.0,0.024623749607704682,0.00030965427776178224,0.0,0.008811262315098765,1.093868324343725,0.0006608443564607892,0.11260163850920346,0.00204651392650701,0.00204651392650701,0.45439527614517006,0.45644179007167707,0.010765277036123615,0.0021876661966638844,0.0021876661966638844,0.7324050570971733,0.7345927232938372,0.05573038932309958,0.1231883873208892,0.00883964654072487,1.094019394492439,0.005462263247037247,-0.005462263247037247,5.320408948024714e-07,0.16593208628598122,0.16046982303894397,2.498072624707113e-06,0.014145004950456631,0.027728455482018046,True,0.12317137657310348,0.002263837705444194,0.002263837705444194,0.2936838059580228,0.295947643663467,0.0,0.009060354600563647,0.004140444010823052,0.004013223624716143,0.004013223624716143,0.0,0.00043224185912387635,0.0,0.00046448141664267337,0.0,0.008811262315098765,0.00010765277036123615,0.0005573038932309958,1.5961226844074144e-08,2.498072624707113e-08,0.00014145004950456632,0.027728455482018046
0.0,0.01811713188903985,0.020700145835274603,14750,0.003873185281220023,0.003873185285093208,0.0059966642630336076,0.0059966642630336076,0.09539273322509811,0.10138939748813172,0.0,0.008643811384279304,0.8139314624278253,0.0,0.024606118847235056,0.00030962897615988393,0.0,0.008790037023821303,1.0937551973163158,0.000660790630230683,0.11260163850920346,0.0004978514106118714,-0.0004978514106118714,0.45439527614517006,0.4538974247345582,0.010759945301112399,0.0007177635766079105,0.0007177635766079105,0.7324050570971733,0.7331228206737812,0.05572871959806752,0.12317568361637897,0.008818444755378812,1.0939065746121048,0.005772809978418586,-0.005772809978418586,5.320179674165254e-07,0.16593208628598122,0.16015927630756263,2.497914057690385e-06,0.014144688180458139,0.027564825920545943,True,0.12315863828332627,0.0022269852612637475,0.0022269852612637475,0.2936838059580228,0.29591079121928654,0.0,0.009058565944519925,0.004140029167054921,0.003873185281220023,0.003873185281220023,0.0,0.00043219056921396524,0.0,0.0004644434642398259,0.0,0.008790037023821303,0.00010759945301112399,0.0005572871959806752,1.596053902249576e-08,2.497914057690385e-08,0.00014144688180458138,0.027564825920545943
0.0,0.018169079110038733,0.020730242029797036,14775,0.004181692821615509,0.004181692825797202,0.003624284215932444,0.003624284215932444,0.09539273322509811,0.09901701744103056,0.0,0.008655009522284667,0.8142616050954313,0.0,0.02485120653379892,0.0003094676868055583,0.0,0.008989864221324506,1.0948148945120149,0.0006602084797936175,0.11260163850920346,0.0065403735165288635,0.0065403735165288635,0.45439527614517006,0.4609356496616989,0.010804601098374906,0.0023119603388784826,-0.0023119603388784826,0.7324050570971733,0.7300930967582948,0.05574411468199925,0.123294749696459,0.009018158324374864,1.0949639843539374,0.004266824800112201,-0.004266824800112201,5.317557383727887e-07,0.16593208628598122,0.16166526148586902,2.500950395067731e-06,0.014151563183182541,0.028106140762053027,True,0.12327796193448257,0.0028231008040185412,0.0028231008040185412,0.2936838059580228,0.29650690676204133,0.0,0.009084539555019366,0.004146048405959407,0.004181692821615509,0.004181692821615509,0.0,0.00043275047611423335,0.0,0.00046420153020833744,0.0,0.008989864221324506,0.00010804601098374905,0.0005574411468199926,1.595267215118366e-08,2.500950395067731e-08,0.0001415156318318254,0.028106140762053027
0.0,0.018146109374722164,0.020716930146837256,14800,0.0033737384882924167,0.003373738491666155,0.004335471580322742,0.004335471580322742,0.09539273322509811,0.09972820480542086,0.0,0.008648892157501828,0.8141297253845297,0.0,0.024731101976151488,0.0003094490821042646,0.0,0.0088602557602479,1.0941289315792329,0.0006603381573608996,0.11260163850920346,0.0016127493907096002,0.0016127493907096002,0.45439527614517006,0.45600802553587966,0.010769182624513927,6.928721147414496e-05,-6.928721147414496e-05,0.7324050570971733,0.7323357698856992,0.05573572301188014,0.12321746262215008,0.008888267428211132,1.0942776083076524,0.005433266066286024,-0.005433266066286024,5.320452787804954e-07,0.16593208628598122,0.1604988202196952,2.4995426465630604e-06,0.014148214825431514,0.02715362535770342,True,0.1232007213774351,0.002447059820478381,0.002447059820478381,0.2936838059580228,0.2961308657785012,0.0,0.009073054687361082,0.004143386029367451,0.0033737384882924167,0.0033737384882924167,0.0,0.0004324446078750914,0.0,0.00046417362315639683,0.0,0.0088602557602479,0.00010769182624513928,0.0005573572301188014,1.5961358363414862e-08,2.4995426465630604e-08,0.00014148214825431514,0.02715362535770342
0.0,0.018154007761802315,0.020721516306789565,14825,0.003192627438154869,0.0031926274413474963,0.0038931049844510013,0.0038931049844510013,0.09539273322509811,0.09928583820954912,0.0,0.008652279669514077,0.8141595785275837,0.0,0.024808790781879007,0.0003095948855458695,0.0,0.008878393309356308,1.0942252265020165,0.0006603445188147332,0.11260163850920346,0.0014534594570807524,0.0014534594570807524,0.45439527614517006,0.4558487356022508,0.010790586154249816,0.0005510756837606712,-0.0005510756837606712,0.7324050570971733,0.7318539814134126,0.05574101834574279,0.12322827342465349,0.008906379695412496,1.0943736175814645,0.004702204812836008,-0.004702204812836008,5.317055196935272e-07,0.16593208628598122,0.1612298814731452,2.5001440555932604e-06,0.01415012153193157,0.02699619241449015,True,0.1232115643444836,0.0033587385387672253,0.0033587385387672253,0.2936838059580228,0.29704254449679,0.0,0.009077003880901158,0.004144303261357913,0.003192627438154869,0.003192627438154869,0.0,0.00043261398347570386,0.0,0.0004643923283188042,0.0,0.008878393309356308,0.00010790586154249815,0.0005574101834574279,1.5951165590805816e-08,2.5001440555932606e-08,0.0001415012153193157,0.02699619241449015
0.0,0.0182043322375105,0.02075063362337803,14850,0.003192023671465225,0.003192023674657249,0.0036314765322643106,0.0036314765322643106,0.09539273322509811,0.09902420975736242,0.0,0.008659299037151662,0.8145312273655995,0.0,0.02492962043130894,0.000308786123759636,0.0,0.009206773194731309,1.0959519316883788,0.0006592133195892665,0.11260163850920346,0.004860716073324722,0.004860716073324722,0.45439527614517006,0.4592559922184948,0.010832382431687453,0.002311683938257092,-0.002311683938257092,0.7324050570971733,0.7300933731589162,0.055746114671527174,0.12342319064434693,0.009236103949194824,1.096104651027902,0.0028744600202277315,-0.0028744600202277315,5.31617269014754e-07,0.16593208628598122,0.16305762626575349,2.5033958933857725e-06,0.014156596286838427,0.027354625763501967,True,0.12340599419495739,0.00072421689411023,0.00072421689411023,0.2936838059580228,0.294408022852133,0.0,0.00910216611875525,0.0041501267246756065,0.003192023671465225,0.003192023671465225,0.0,0.00043296495185758313,0.0,0.00046317918563945404,0.0,0.009206773194731309,0.00010832382431687454,0.0005574611467152717,1.594851807044262e-08,2.5033958933857726e-08,0.00014156596286838427,0.027354625763501967
0.0,0.018174158958291553,0.02073318415585005,14875,0.0026734109294988292,0.0026734109321722398,0.00388985237359267,0.00388985237359267,0.09539273322509811,0.09928258559869078,0.0,0.008655397878547988,0.8143038355281949,0.0,0.024859910746164206,0.0003092741739926143,0.0,0.0090168113762127,1.0949568921996329,0.0006598829816621465,0.11260163850920346,0.001075027934324957,0.001075027934324957,0.45439527614517006,0.455470304079495,0.010813075768635145,0.0005434675529126798,-0.0005434675529126798,0.7324050570971733,0.7318615895442606,0.055743223148934415,0.12331073299890571,0.009045137902078691,1.0951059298996582,0.0037478617918998702,-0.0037478617918998702,5.315683107774318e-07,0.16593208628598122,0.16218422449408135,2.501517935170749e-06,0.014152965366507968,0.02662775337601309,True,0.12329395110819283,0.0022599045380535254,0.0022599045380535254,0.2936838059580228,0.2959437104960763,0.0,0.009087079479145777,0.00414663683117001,0.0026734109294988292,0.0026734109294988292,0.0,0.00043276989392739945,0.0,0.00046391126098892146,0.0,0.0090168113762127,0.00010813075768635146,0.0005574322314893441,1.5947049323322954e-08,2.5015179351707492e-08,0.00014152965366507968,0.02662775337601309
0.0,0.018207121458484243,0.02075222624619237,14900,0.0023312436177692028,0.0023312436201004465,0.002740541457229684,0.002740541457229684,0.09539273322509811,0.0981332746823278,0.0,0.008657249327713685,0.8145820231445489,0.0,0.024936716204502905,0.0003085539743048537,0.0,0.009089929082793775,1.095341119580136,0.0006586973672124222,0.11260163850920346,0.0017959449522943483,0.0017959449522943483,0.45439527614517006,0.4561912210974644,0.010798082362424492,0.0009263396306394833,-0.0009263396306394833,0.7324050570971733,0.7314787174665338,0.055743427477700704,0.1233543040023427,0.009118889764752898,1.095492878083933,0.0038307037393795484,-0.0038307037393795484,5.3180697047703e-07,0.16593208628598122,0.16210138254660167,2.5036239470703594e-06,0.01415722864743407,0.026377900482210715,True,0.12333721574463985,0.0009513685304020081,0.0009513685304020081,0.2936838059580228,0.2946351744884248,0.0,0.009103560729242122,0.0041504452492384745,0.0023312436177692028,0.0023312436177692028,0.0,0.00043286246638568425,0.0,0.00046283096145728056,0.0,0.009089929082793775,0.00010798082362424492,0.000557434274777007,1.59542091143109e-08,2.5036239470703594e-08,0.00014157228647434072,0.026377900482210715
0.0,0.01822915848353701,0.020764961682071613,14925,0.0017452407633025554,0.0017452407650477963,0.0020727900259153165,0.0020727900259153165,0.09539273322509811,0.09746552325101343,0.0,0.008660075040998022,0.8147482201767533,0.0,0.025044851350523957,0.00030814794194320653,0.0,0.009088389841138723,1.0953330469519291,0.0006576641430349025,0.11260163850920346,0.0005501973042294495,0.0005501973042294495,0.45439527614517006,0.4549454734493995,0.010799429244903687,0.0007118407101486257,0.0007118407101486257,0.7324050570971733,0.7331168978073219,0.0557458495370482,0.12335382129979523,0.00911807106233604,1.0954885912679417,0.002994375242177716,-0.002994375242177716,5.313287104741592e-07,0.16593208628598122,0.1629377110438035,2.505548766714987e-06,0.014162435983126,0.025803545990588577,True,0.12333630675339598,0.0010757094343808449,0.0010757094343808449,0.2936838059580228,0.29475951539240364,0.0,0.009114579241768506,0.004152992336414323,0.0017452407633025554,0.0017452407633025554,0.0,0.00043300375204990114,0.0,0.0004622219129148098,0.0,0.009088389841138723,0.00010799429244903687,0.000557458495370482,1.5939861314224773e-08,2.505548766714987e-08,0.00014162435983126,0.025803545990588577
0.0,0.01825660037054877,0.020780820107857395,14950,0.0017344543267982843,0.0017344543285327386,0.00164581870975343,0.00164581870975343,0.09539273322509811,0.09703855193485154,0.0,0.008664627833890676,0.8149387381625159,0.0,0.025172896920778284,0.0003077057074806609,0.0,0.009177797750454788,1.0958008233286896,0.0006565578743617252,0.11260163850920346,0.002783389574912698,0.002783389574912698,0.45439527614517006,0.45717866572008276,0.01082302043762914,0.0009861805545615665,0.0009861805545615665,0.7324050570971733,0.7333912376517349,0.055749889613214365,0.12340689056250212,0.009208300912421667,1.095959892207222,0.0016503935608188358,-0.0016503935608188358,5.306284928723688e-07,0.16593208628598122,0.16428169272516238,2.5079309057294753e-06,0.01416877211629503,0.02589896405684969,True,0.12338897914455285,0.0009430436606727155,0.0009430436606727155,0.2936838059580228,0.2946268496186955,0.0,0.009128300185274385,0.004156164021571479,0.0017344543267982843,0.0017344543267982843,0.0,0.00043323139169453386,0.0,0.0004615585612209913,0.0,0.009177797750454788,0.0001082302043762914,0.0005574988961321437,1.5918854786171064e-08,2.5079309057294753e-08,0.0001416877211629503,0.02589896405684969
0.0,0.01824078398599749,0.020771681355697458,14975,0.001594901610167794,0.0015949016117626955,0.0018702070641027219,0.0018702070641027219,0.09539273322509811,0.09726294028920084,0.0,0.008661995435237147,0.814828964507496,0.0,0.025099118604403163,0.00030795965918137627,0.0,0.009123694927351792,1.0955180345660012,0.0006571936844425226,0.11260163850920346,0.0013561401829212394,0.0013561401829212394,0.45439527614517006,0.4557514163280913,0.010808448075811234,0.0006806146809683611,0.0006806146809683611,0.7324050570971733,0.7330856717781417,0.05574753987093411,0.1233748729205115,0.009153810458737435,1.0956755478622278,0.002425615799805242,-0.002425615799805242,5.310317439807201e-07,0.16593208628598122,0.16350647048617598,2.5065577572674975e-06,0.014165116907738915,0.02569561610726648,True,0.12335713666369427,0.001017308579266074,0.001017308579266074,0.2936838059580228,0.29470111453728887,0.0,0.009120391992998744,0.004154336271139492,0.001594901610167794,0.001594901610167794,0.0,0.0004330997717618574,0.0,0.0004619394887720644,0.0,0.009123694927351792,0.00010808448075811235,0.0005574753987093411,1.59309523194216e-08,2.5065577572674974e-08,0.00014165116907738915,0.02569561610726648
0.0,0.018294718907631458,0.02080282559632361,15000,0.0007420684902221898,0.0007420684909642583,0.0010483320621853809,0.0010483320621853809,0.09539273322509811,0.0964410652872835,0.0,0.008668113748262514,0.8152206819013033,0.0,0.025304433419991054,0.0003065626276917113,0.0,0.009294734193642209,1.0964092018100047,0.0006540792783451963,0.11260163850920346,2.4672658412272508e-05,-2.4672658412272508e-05,0.45439527614517006,0.4543706034867578,0.010859121529977001,0.001152163413172036,0.001152163413172036,0.7324050570971733,0.7335572205103453,0.055748315282960446,0.12347506678370876,0.00932486797945338,1.0965653560002415,3.5993895027869316e-05,3.5993895027869316e-05,5.292779742382915e-07,0.16593208628598122,0.1659680801810091,2.511862571800862e-06,0.014179320235279043,0.025045885453342652,True,0.12345748356446645,0.0005700379659280275,-0.0005700379659280275,0.2936838059580228,0.29311376799209476,0.0,0.009147359453815729,0.004160565119264722,0.0007420684902221898,0.0007420684902221898,0.0,0.00043340568741312576,0.0,0.0004598439415375669,0.0,0.009294734193642209,0.00010859121529977001,0.0005574831528296044,1.5878339227148747e-08,2.5118625718008618e-08,0.00014179320235279042,0.025045885453342652
0.0,0.018295598474591612,0.02080332447816101,15025,0.0010537701142004914,0.0010537701152542615,0.0001492573344573228,0.0001492573344573228,0.09539273322509811,0.09554199055955544,0.0,0.008667243286530677,0.8152328191121114,0.0,0.025310186225310165,0.0003064919768036006,0.0,0.009253293587158946,1.0961940413287588,0.0006538515010409395,0.11260163850920346,0.0002938963020328589,-0.0002938963020328589,0.45439527614517006,0.4541013798431372,0.010839577162126614,0.0020676058601772906,-0.0020676058601772906,0.7324050570971733,0.730337451236996,0.05574739506124648,0.12345081376231397,0.009283316372108828,1.096349968199833,0.0010571329600593538,-0.0010571329600593538,5.293535249050734e-07,0.16593208628598122,0.16487495332592186,2.5118890780325765e-06,0.01417940074445935,0.025316332692994235,True,0.12343325613958414,0.000225788402035354,-0.000225788402035354,0.2936838059580228,0.29345801755598744,0.0,0.009147799237295806,0.004160664895632202,0.0010537701142004914,0.0010537701142004914,0.0,0.0004333621643265339,0.0,0.00045973796520540095,0.0,0.009253293587158946,0.00010839577162126614,0.0005574739506124648,1.58806057471522e-08,2.5118890780325767e-08,0.00014179400744459352,0.025316332692994235
0.0,0.018295042302027054,0.020803009023943157,15050,0.0004151022426630801,0.00041510224307818235,0.0007165057607349257,0.0007165057607349257,0.09539273322509811,0.09610923898583304,0.0,0.008667793571314612,0.815225144482577,0.0,0.02530654880759526,0.0003065366398179952,0.0,0.009279358693268475,1.0963294279712512,0.0006539954967338025,0.11260163850920346,0.0001271457475994775,-0.0001271457475994775,0.45439527614517006,0.4542681303975706,0.010851928598621207,3.567904217072204e-05,-3.567904217072204e-05,0.7324050570971733,0.7323693780550026,0.055747976576919656,0.12346607495128184,0.009309451855650722,1.0964855007534848,0.0003661038477315026,-0.0003661038477315026,5.293057511404988e-07,0.16593208628598122,0.16556598243824971,2.511872314490923e-06,0.014179349825365192,0.024703612077931182,True,0.12344850089871492,0.0004435062495272146,-0.0004435062495272146,0.2936838059580228,0.2932402997084956,0.0,0.009147521151013527,0.0041606018047886315,0.0004151022426630801,0.0004151022426630801,0.0,0.00043338967856573063,0.0,0.0004598049597269928,0.0,0.009279358693268475,0.00010851928598621207,0.0005574797657691966,1.5879172534214963e-08,2.511872314490923e-08,0.00014179349825365194,0.024703612077931182
0.0,0.018310458814333797,0.020811910114428372,15075,0.002547022166115208,0.0025470221686622304,0.0008829942288504922,-0.0008829942288504922,0.09539273322509811,0.09450973899624762,0.0,0.008671801437048147,0.8153011510928203,0.0,0.025502683327741076,0.00030649906441616,0.0,0.009193141884364334,1.0958808734021772,0.0006528049046548576,0.11260163850920346,0.004741652451257572,0.004741652451257572,0.45439527614517006,0.45913692859642763,0.010858561107274565,0.0009106895592044806,-0.0009106895592044806,0.7324050570971733,0.7314943675379688,0.05575457997109345,0.12341522994100451,0.00922252014781773,1.0960339530989833,0.0006786995614800617,-0.0006786995614800617,5.281227678527089e-07,0.16593208628598122,0.16525338672450116,2.5138170793842563e-06,0.014186388498502223,0.026759150426631295,True,0.12339799291479084,0.002807788149698398,0.002807788149698398,0.2936838059580228,0.2964915941077212,0.0,0.009155229407166898,0.004162382022885674,0.002547022166115208,0.002547022166115208,0.0,0.0004335900718524074,0.0,0.00045974859662424003,0.0,0.009193141884364334,0.00010858561107274566,0.0005575457997109345,1.5843683035581268e-08,2.5138170793842565e-08,0.00014186388498502224,0.026759150426631295
0.0,0.018299808447552635,0.020805759719690703,15100,0.00043047823888466447,0.0004304782393151427,3.715409343116316e-06,-3.715409343116316e-06,0.09539273322509811,0.095389017815755,0.0,0.008668518245019637,0.8152522752011215,0.0,0.025372148845890764,0.00030644157307975776,0.0,0.00921048274987538,1.095971260020255,0.0006533884682225462,0.11260163850920346,0.0003726345640842621,-0.0003726345640842621,0.45439527614517006,0.4540226415810858,0.010848510120511776,0.0001153257688996101,0.0001153257688996101,0.7324050570971733,0.7325203828660729,0.055748991317077876,0.12342557728073333,0.009240178350465726,1.0961258464226231,0.0005972449544660308,-0.0005972449544660308,5.288170663041134e-07,0.16593208628598122,0.1653348413315152,2.512644129818628e-06,0.014182184696299088,0.024652943280637298,True,0.12340817059698958,0.000646286067771118,0.000646286067771118,0.2936838059580228,0.2943300920257939,0.0,0.009149904223776317,0.00416115194393814,0.00043047823888466447,0.00043047823888466447,0.0,0.00043342591225098187,0.0,0.00045966235961963665,0.0,0.00921048274987538,0.00010848510120511776,0.0005574899131707788,1.5864511989123402e-08,2.512644129818628e-08,0.00014182184696299088,0.024652943280637298
0.0,0.01829827700564779,0.020804876319076744,15125,0.0002815404172579558,0.00028154041753949624,0.00026789904319611535,0.00026789904319611535,0.09539273322509811,0.09566063226829423,0.0,0.00866841895743652,0.8152425963219065,0.0,0.025349935560910135,0.00030649382301442985,0.0,0.009241962154476934,1.0961351244575932,0.0006536457346464386,0.11260163850920346,5.916555694129855e-05,5.916555694129855e-05,0.45439527614517006,0.45445444170211136,0.010850918141066927,8.981348263636946e-05,-8.981348263636946e-05,0.7324050570971733,0.7323152436145369,0.05574893100672255,0.12344408834484702,0.009271810449746424,1.0962902406775807,0.0004891609613324466,-0.0004891609613324466,5.290064456049075e-07,0.16593208628598122,0.16544292532464877,2.512350764107271e-06,0.014181098177250882,0.02453462848771902,True,0.12342662200276588,0.0002714952399454629,0.0002714952399454629,0.2936838059580228,0.29395530119796826,0.0,0.009149138502823895,0.004160975263815349,0.0002815404172579558,0.0002815404172579558,0.0,0.000433420947871826,0.0,0.0004597407345216448,0.0,0.009241962154476934,0.00010850918141066927,0.0005574893100672255,1.5870193368147225e-08,2.5123507641072713e-08,0.00014181098177250883,0.02453462848771902
0.0,0.018319606524500376,0.020817174706293934,15150,0.00040852187302320756,0.0004085218734317294,0.00027368349939276004,-0.00027368349939276004,0.09539273322509811,0.09511904972570535,0.0,0.008670139596961302,0.8154019279392183,0.0,0.025440056216608498,0.0003058707270407655,0.0,0.009280755147529202,1.0963366760249138,0.0006521466692552151,0.11260163850920346,0.000699026619894072,0.000699026619894072,0.45439527614517006,0.45509430276506413,0.010864073664925197,0.0005083887145237442,0.0005083887145237442,0.7324050570971733,0.732913445811697,0.05574836225693897,0.12346641988145812,0.00931004298889847,1.0964885640316948,0.00011151921618668403,0.00011151921618668403,5.282352115330062e-07,0.16593208628598122,0.1660436055021679,2.5145895477591223e-06,0.014187364200937547,0.02471286728865044,True,0.1234493170415058,3.7565364970904014e-06,-3.7565364970904014e-06,0.2936838059580228,0.2936800494215257,0.0,0.009159803262250188,0.004163434941258787,0.00040852187302320756,0.00040852187302320756,0.0,0.0004335069798480651,0.0,0.0004588060905611483,0.0,0.009280755147529202,0.00010864073664925196,0.0005574836225693897,1.5847056345990186e-08,2.5145895477591224e-08,0.00014187364200937547,0.02471286728865044
0.0,0.01833561828661945,0.020826425179290002,15175,0.0014768588707110921,0.001476858872187951,1.8397372285178237e-06,1.8397372285178237e-06,0.09539273322509811,0.09539457296232663,0.0,0.00867293154142965,0.815492508901827,0.0,0.025528696305579333,0.0003053419175198239,0.0,0.009372984826435546,1.0968141767843715,0.0006506930046103267,0.11260163850920346,0.0027517764493099617,0.0027517764493099617,0.45439527614517006,0.45714705259448,0.01090442845616331,0.0006140980262338003,0.0006140980262338003,0.7324050570971733,0.7330191551234071,0.055748295752544856,0.12351996112512889,0.009402028266516675,1.0969640565700336,0.001697174234980725,0.001697174234980725,5.268717654004393e-07,0.16593208628598122,0.16762926052096194,2.5169198944213806e-06,0.01419450022283891,0.025883110549332962,True,0.12350308441418516,0.0002752578073091927,-0.0002752578073091927,0.2936838059580228,0.2934085481507136,0.0,0.009167809143309724,0.004165285035858001,0.0014768588707110921,0.0014768588707110921,0.0,0.0004336465770714825,0.0,0.00045801287627973583,0.0,0.009372984826435546,0.0001090442845616331,0.0005574829575254486,1.5806152962013178e-08,2.5169198944213807e-08,0.0001419450022283891,0.025883110549332962
0.0,0.01830982316376084,0.020811537398457782,15200,8.577172298438109e-05,8.577172307015281e-05,2.0741131437337912e-05,2.0741131437337912e-05,0.09539273322509811,0.09541347435653545,0.0,0.008669524513896954,0.8153252720967957,0.0,0.02540134577277383,0.000306147803467423,0.0,0.009267030600719798,1.096265417470241,0.0006527911640361297,0.11260163850920346,9.308776437072508e-05,9.308776437072508e-05,0.45439527614517006,0.4544883639095408,0.010861206389580524,0.00011954824861803992,0.00011954824861803992,0.7324050570971733,0.7325246053457913,0.05574863827979888,0.12345854591650463,0.009296553448064022,1.0964186364146684,2.9271043319428758e-05,-2.9271043319428758e-05,5.284909891453113e-07,0.16593208628598122,0.1659028152426618,2.5136420503650545e-06,0.01418478294337861,0.0243707065834499,True,0.12344129321077928,0.00011198141925616856,0.00011198141925616856,0.2936838059580228,0.29379578737727896,0.0,0.00915491158188042,0.004162307479691557,8.577172298438109e-05,8.577172298438109e-05,0.0,0.0004334762256948477,0.0,0.0004592217052011345,0.0,0.009267030600719798,0.00010861206389580524,0.0005574863827979888,1.5854729674359337e-08,2.5136420503650544e-08,0.0001418478294337861,0.0243707065834499
0.0,0.0183234721079526,0.02081940295022905,15225,0.00034851014902957396,0.0003485101493780841,0.00027478445552832353,-0.00027478445552832353,0.09539273322509811,0.09511794876956979,0.0,0.00866988526338144,0.8154343124362482,0.0,0.025435608343972623,0.00030563850351059563,0.0,0.009305250384518427,1.096463725744543,0.000651748187725106,0.11260163850920346,0.00015735857964216393,0.00015735857964216393,0.45439527614517006,0.4545526347248122,0.010868508240427264,0.00011902866073520979,-0.00011902866073520979,0.7324050570971733,0.7322860284364381,0.05574655539193961,0.12348066175073963,0.009334466755174107,1.096615044145175,0.00027770517978992215,0.00027770517978992215,5.280668722741562e-07,0.16593208628598122,0.16620979146577114,2.515069546165897e-06,0.01418854429681977,0.024679406267998572,True,0.1234636230493787,0.0006447793518344902,-0.0006447793518344902,0.2936838059580228,0.2930390266061883,0.0,0.0091617360539763,0.00416388059004581,0.00034851014902957396,0.00034851014902957396,0.0,0.000433494263169072,0.0,0.00045845775526589345,0.0,0.009305250384518427,0.00010868508240427264,0.0005574655539193961,1.5842006168224683e-08,2.515069546165897e-08,0.0001418854429681977,0.024679406267998572
0.0,0.01830855198371939,0.020810811129841032,15250,0.00031822624993089533,0.00031822625024912157,0.00017182524952594203,0.00017182524952594203,0.09539273322509811,0.09556455847462406,0.0,0.008669503907379306,0.8153091753653794,0.0,0.025397236173385556,0.00030609295601103525,0.0,0.009272059459606513,1.096291533686023,0.0006526412716277533,0.11260163850920346,0.0005645581728762616,-0.0005645581728762616,0.45439527614517006,0.4538307179722938,0.010869547898791103,0.00030699072048945286,-0.00030699072048945286,0.7324050570971733,0.7320980663766838,0.05574781029467631,0.12346148918541644,0.009301594660969074,1.0964447751875086,0.00024497937030557027,0.00024497937030557027,5.282342968678131e-07,0.16593208628598122,0.1661770656562868,2.5137989342040673e-06,0.014185420278703786,0.024607407326490787,True,0.12344423393972914,6.190064991662414e-05,-6.190064991662414e-05,0.2936838059580228,0.29362190530810617,0.0,0.009154275991859695,0.0041621622259682065,0.00031822624993089533,0.00031822624993089533,0.0,0.0004334751953689653,0.0,0.00045913943401655285,0.0,0.009272059459606513,0.00010869547898791102,0.0005574781029467631,1.5847028906034392e-08,2.5137989342040675e-08,0.00014185420278703785,0.024607407326490787
0.0,0.018311597723257966,0.020812561149505884,15275,3.60670480331231e-05,3.606704806919015e-05,1.7235830822581732e-06,-1.7235830822581732e-06,0.09539273322509811,0.09539100964201586,0.0,0.008669572282882055,0.815338573371315,0.0,0.025405663638221155,0.0003060663610398919,0.0,0.009273019429118203,1.0962965182606215,0.0006526186306714881,0.11260163850920346,5.078079268194813e-05,-5.078079268194813e-05,0.45439527614517006,0.4543444953524881,0.010863283363711243,1.8388227019272563e-05,1.8388227019272563e-05,0.7324050570971733,0.7324234453241926,0.055748213093353614,0.12346201666515208,0.009302498269409543,1.0964494596636474,5.5328524521475186e-05,5.5328524521475186e-05,5.283917946759708e-07,0.16593208628598122,0.1659874148105027,2.5138706745843442e-06,0.014185418196080879,0.024327985861377466,True,0.12344479521104604,2.2871983286154585e-05,-2.2871983286154585e-05,0.2936838059580228,0.29366093397473664,0.0,0.009155798861628983,0.004162512229901177,3.60670480331231e-05,3.60670480331231e-05,0.0,0.00043347861414410276,0.0,0.00045909954155983786,0.0,0.009273019429118203,0.00010863283363711244,0.0005574821309335361,1.5851753840279123e-08,2.5138706745843443e-08,0.0001418541819608088,0.024327985861377466
0.0,0.018313009994966656,0.0208133752693874,15300,0.00019631268650836272,0.0001963126867046754,0.0001458745249645066,-0.0001458745249645066,0.09539273322509811,0.09524685870013361,0.0,0.008669655876692415,0.8153483043767131,0.0,0.025414885123352157,0.0003060217683397117,0.0,0.009269817516525317,1.0962798915481593,0.0006524788772400378,0.11260163850920346,0.0001461182161844321,0.0001461182161844321,0.45439527614517006,0.4545413943613545,0.010862814150421868,0.0003824435748468469,-0.0003824435748468469,0.7324050570971733,0.7320226135223264,0.05574817056586824,0.12346012057539996,0.00929925034417154,1.0964326207471908,1.8867841662995044e-05,-1.8867841662995044e-05,5.283134830026084e-07,0.16593208628598122,0.16591321844431822,2.5140430677603023e-06,0.014185953463926605,0.02448583607237601,True,0.12344292301581353,5.868868102831826e-05,5.868868102831826e-05,0.2936838059580228,0.2937424946390511,0.0,0.009156504997483328,0.00416267505387748,0.00019631268650836272,0.00019631268650836272,0.0,0.00043348279383462077,0.0,0.00045903265250956754,0.0,0.009269817516525317,0.00010862814150421868,0.0005574817056586824,1.5849404490078253e-08,2.5140430677603025e-08,0.00014185953463926606,0.02448583607237601
0.0,0.01830940482143617,0.020811294077793138,15325,7.168194794198887e-05,7.168194801367083e-05,2.8099921348390122e-05,-2.8099921348390122e-05,0.09539273322509811,0.09536463330374972,0.0,0.008669211321187914,0.815325561544932,0.0,0.025394772127362974,0.0003061362355681658,0.0,0.009260930131806764,1.096233726581728,0.0006528003706154382,0.11260163850920346,5.164448183103687e-06,-5.164448183103687e-06,0.45439527614517006,0.45439011169698695,0.010857577244851832,5.844627924078694e-06,5.844627924078694e-06,0.7324050570971733,0.7324109017250974,0.055748228111736374,0.12345498460184245,0.009290455477203355,1.0963870088611705,0.00015325809103092225,-0.00015325809103092225,5.285557646399825e-07,0.16593208628598122,0.1657788281949503,2.5135733731794658e-06,0.014184532390596983,0.02435018259531563,True,0.12343772476448997,3.678354398828354e-05,3.678354398828354e-05,0.2936838059580228,0.2937205895020111,0.0,0.009154702410718085,0.004162258815558628,7.168194794198887e-05,7.168194794198887e-05,0.0,0.00043346056605939574,0.0,0.0004592043533522487,0.0,0.009260930131806764,0.00010857577244851831,0.0005574822811173637,1.5856672939199475e-08,2.513573373179466e-08,0.00014184532390596984,0.02435018259531563
0.0,0.018311117640822494,0.020812283581822206,15350,1.978665691014723e-05,1.9786656929933886e-05,2.3453065908646265e-05,-2.3453065908646265e-05,0.09539273322509811,0.09536928015918947,0.0,0.008669478469723345,0.8153358550563581,0.0,0.02540349278190245,0.00030608169258802874,0.0,0.009269272333285202,1.0962770602650767,0.0006526562054877897,0.11260163850920346,2.611576560412887e-05,-2.611576560412887e-05,0.45439527614517006,0.45436916037956593,0.010861603397543792,2.4741860012778005e-05,-2.4741860012778005e-05,0.7324050570971733,0.7323803152371605,0.05574821188745644,0.12345983414226891,0.00929875974508084,1.0964300769733222,1.0503822966329013e-05,-1.0503822966329013e-05,5.284303128972208e-07,0.16593208628598122,0.1659215824630149,2.5138037327517713e-06,0.0141852208121227,0.024307662341257197,True,0.12344260420867101,1.729021373353401e-06,1.729021373353401e-06,0.2936838059580228,0.29368553497939615,0.0,0.009155558820411247,0.004162456716364441,1.978665691014723e-05,1.978665691014723e-05,0.0,0.0004334739234861673,0.0,0.0004591225388820431,0.0,0.009269272333285202,0.00010861603397543792,0.0005574821188745644,1.585290938691662e-08,2.5138037327517715e-08,0.00014185220812122702,0.024307662341257197
0.0,0.01830561224708005,0.020809108658181176,15375,0.0001518413587354838,0.00015184135888732518,0.00017556648379861428,0.00017556648379861428,0.09539273322509811,0.09556829970889673,0.0,0.008669129777502985,0.8152953414521231,0.0,0.02537896163957811,0.00030627027694769273,0.0,0.009264874183152716,1.096254216443503,0.0006531243102139327,0.11260163850920346,0.0002452784720662349,0.0002452784720662349,0.45439527614517006,0.4546405546172363,0.010858509626933082,5.954089569848442e-05,5.954089569848442e-05,0.7324050570971733,0.7324645979928718,0.05574866905183673,0.12345735630226332,0.009294516271868,1.0964080716116031,0.00012915264676410798,-0.00012915264676410798,5.286937553309669e-07,0.16593208628598122,0.1658029336392171,2.513156802084265e-06,0.014183348864639152,0.024432151569175917,True,0.12344003195670356,6.37836015323634e-05,6.37836015323634e-05,0.2936838059580228,0.29374758955955516,0.0,0.009152806123540025,0.0041618217316362355,0.0001518413587354838,0.0001518413587354838,0.0,0.00043345648887514927,0.0,0.0004594054154215391,0.0,0.009264874183152716,0.00010858509626933082,0.0005574866905183674,1.5860812659929006e-08,2.5131568020842653e-08,0.00014183348864639153,0.024432151569175917
0.0,0.018310574783017453,0.020811971728486263,15400,3.767910567521197e-05,3.767910571289108e-05,1.2144015883175374e-06,1.2144015883175374e-06,0.09539273322509811,0.09539394762668643,0.0,0.008669552085906765,0.8153300068357886,0.0,0.02540480557843641,0.0003061033547027329,0.0,0.009267277353115605,1.0962666990870447,0.0006526795113495427,0.11260163850920346,2.5639036911884183e-06,-2.5639036911884183e-06,0.45439527614517006,0.45439271224147887,0.010862725565642873,3.4787798744440046e-05,3.4787798744440046e-05,0.7324050570971733,0.7324398448959177,0.05574838188286764,0.12345867395700494,0.009296772726616461,1.0964197735250216,2.3079368956874236e-05,2.3079368956874236e-05,5.284052257687136e-07,0.16593208628598122,0.1659551656549381,2.5137808386886858e-06,0.014185214941698698,0.024323275046213486,True,0.12344143752294412,7.312782268281692e-05,7.312782268281692e-05,0.2936838059580228,0.2937569337807056,0.0,0.009155287391508726,0.004162394345697253,3.767910567521197e-05,3.767910567521197e-05,0.0,0.00043347760429533825,0.0,0.00045915503205409933,0.0,0.009267277353115605,0.00010862725565642873,0.0005574838188286764,1.585215677306141e-08,2.513780838688686e-08,0.00014185214941698699,0.024323275046213486
0.0,0.018310343180188093,0.020811837207973954,15425,1.3753469114834594e-05,1.3753469128588063e-05,4.806950400546017e-06,4.806950400546017e-06,0.09539273322509811,0.09539754017549866,0.0,0.008669449835820502,0.8153298030737197,0.0,0.025400750584250915,0.000306108759116859,0.0,0.009268286156847261,1.096271938574266,0.0006527176607845275,0.11260163850920346,5.499652892981821e-06,5.499652892981821e-06,0.45439527614517006,0.45440077579806304,0.010861399493451506,4.795844008032013e-06,-4.795844008032013e-06,0.7324050570971733,0.7324002612531653,0.055748300259059066,0.12345927020729729,0.009297793882124422,1.0964250687431667,1.866465703162512e-05,-1.866465703162512e-05,5.284576580582296e-07,0.16593208628598122,0.1659134216289496,2.513720469664808e-06,0.01418499127090924,0.024300202189285885,True,0.12344202749784258,2.2826893555649708e-05,2.2826893555649708e-05,0.2936838059580228,0.29370663285157844,0.0,0.009155171590094047,0.004162367441594791,1.3753469114834594e-05,1.3753469114834594e-05,0.0,0.0004334724917910251,0.0,0.00045916313867528844,0.0,0.009268286156847261,0.00010861399493451506,0.0005574830025905907,1.5853729741746888e-08,2.513720469664808e-08,0.0001418499127090924,0.024300202189285885
0.0,0.018311087345315058,0.02081226671805366,15450,3.346948581397711e-05,3.346948584744659e-05,1.1433990636480762e-05,1.1433990636480762e-05,0.09539273322509811,0.0954041672157346,0.0,0.008669492525753306,0.8153351891946249,0.0,0.02540298210016814,0.0003060757465266961,0.0,0.009270695979584265,1.096284453467755,0.0006526455717931294,0.11260163850920346,1.1712328136959105e-05,-1.1712328136959105e-05,0.45439527614517006,0.4543835638170331,0.010862684407202698,5.0617322004731236e-05,5.0617322004731236e-05,0.7324050570971733,0.732455674419178,0.0557481490897433,0.12346066578187392,0.009300184202773912,1.0964374626520934,4.25605373859661e-05,4.25605373859661e-05,5.284098206060343e-07,0.16593208628598122,0.16597464682336718,2.5138214542630678e-06,0.014185279798289945,0.024322752851205734,True,0.12344343669548036,3.097749203351263e-05,-3.097749203351263e-05,0.2936838059580228,0.2936528284659893,0.0,0.009155543672657529,0.004162453343610733,3.346948581397711e-05,3.346948581397711e-05,0.0,0.00043347462628766533,0.0,0.00045911361979004414,0.0,0.009270695979584265,0.00010862684407202698,0.000557481490897433,1.585229461818103e-08,2.513821454263068e-08,0.00014185279798289944,0.024322752851205734
0.0,0.018311370555350592,0.020812431026255938,15475,4.161015084064739e-05,4.1610150882257544e-05,7.985092018283901e-06,7.985092018283901e-06,0.09539273322509811,0.0954007183171164,0.0,0.008669542834143845,0.8153360412663514,0.0,0.025405605416059317,0.00030605673757493236,0.0,0.009270602707333533,1.0962839691087438,0.0006525866187723977,0.11260163850920346,1.6383559973132122e-05,-1.6383559973132122e-05,0.45439527614517006,0.4543788925851969,0.010864091866597125,2.1027788266181346e-06,-2.1027788266181346e-06,0.7324050570971733,0.7324029543183467,0.055748065172550314,0.12346060356233607,0.009300077627475136,1.0964369100887992,8.635304446155678e-05,8.635304446155678e-05,5.283488426389833e-07,0.16593208628598122,0.16601843933044277,2.5138980672785227e-06,0.014185540364180108,0.024330964552649482,True,0.12344338215585723,2.938657148621182e-05,-2.938657148621182e-05,0.2936838059580228,0.2936544193865366,0.0,0.009155685277675296,0.0041624862052511875,4.161015084064739e-05,4.161015084064739e-05,0.0,0.00043347714170719224,0.0,0.0004590851063623985,0.0,0.009270602707333533,0.00010864091866597125,0.0005574806517255032,1.58504652791695e-08,2.5138980672785228e-08,0.00014185540364180108,0.024330964552649482
0.0,0.01831064345954525,0.020812010652670465,15500,6.140694455206418e-06,6.140694461347112e-06,6.453968945732691e-06,6.453968945732691e-06,0.09539273322509811,0.09539918719404385,0.0,0.00866947230100017,0.8153317899812824,0.0,0.025401924535170012,0.0003060944788473406,0.0,0.009269097598375851,1.0962761528021132,0.0006526837758413552,0.11260163850920346,3.1113260008930332e-06,-3.1113260008930332e-06,0.45439527614517006,0.45439216481916916,0.010862051809070503,5.824959775302396e-06,5.824959775302396e-06,0.7324050570971733,0.7324108820569486,0.055748235074816556,0.12345973887600137,0.009298596577075154,1.0964292309264942,9.067773840770732e-06,9.067773840770732e-06,5.284318027526426e-07,0.16593208628598122,0.165941154059822,2.5137670356412983e-06,0.01418513070834432,0.02429357265300555,True,0.12344250202684538,4.588234833846627e-06,4.588234833846627e-06,0.2936838059580228,0.29368839419285664,0.0,0.009155321729772625,0.004162402130534093,6.140694455206418e-06,6.140694455206418e-06,0.0,0.0004334736150500085,0.0,0.0004591417182710109,0.0,0.009269097598375851,0.00010862051809070502,0.0005574823507481655,1.585295408257928e-08,2.5137670356412982e-08,0.0001418513070834432,0.02429357265300555
0.0,0.018310548526804693,0.020811955900752035,15525,4.412665300360696e-06,4.412665304773362e-06,2.9644764166919524e-06,2.9644764166919524e-06,0.09539273322509811,0.0953956977015148,0.0,0.008669438431015069,0.8153312093700722,0.0,0.02540146235671893,0.0003060919634614154,0.0,0.009267668547223887,1.0962687308902734,0.0006526778076396246,0.11260163850920346,8.504752097515667e-06,-8.504752097515667e-06,0.45439527614517006,0.45438677139307254,0.01086185671703759,1.3895564602295352e-06,1.3895564602295352e-06,0.7324050570971733,0.7324064466536335,0.055748173427431116,0.12345890382700271,0.009297166401985385,1.0964218149693594,3.5846154647078965e-06,3.5846154647078965e-06,5.284281625173664e-07,0.16593208628598122,0.16593567090144593,2.513766393473746e-06,0.014185135800914375,0.02429034917278252,True,0.12344166630733712,1.2078127373249536e-06,1.2078127373249536e-06,0.2936838059580228,0.2936850137707601,0.0,0.009155274263402347,0.004162391180150407,4.412665300360696e-06,4.412665300360696e-06,0.0,0.00043347192155075346,0.0,0.0004591379451921231,0.0,0.009267668547223887,0.0001086185671703759,0.0005574817342743111,1.585284487552099e-08,2.513766393473746e-08,0.00014185135800914375,0.02429034917278252
0.0,0.018310481034909176,0.020811916765207827,15550,1.9904561038708127e-05,1.9904561058612687e-05,2.3216304586029524e-05,-2.3216304586029524e-05,0.09539273322509811,0.09536951692051208,0.0,0.008669316525416748,0.8153314275555698,0.0,0.025400686622974716,0.0003060729547208388,0.0,0.00926236438835656,1.0962411782365353,0.0006526341805457427,0.11260163850920346,1.8290819617572396e-05,1.8290819617572396e-05,0.45439527614517006,0.45441356696478763,0.010861035464364531,2.110788702880395e-05,-2.110788702880395e-05,0.7324050570971733,0.7323839492101445,0.05574791250480491,0.12345579928330139,0.00929185026417465,1.0963942439369418,1.8431611490482558e-05,-1.8431611490482558e-05,5.284080483254157e-07,0.16593208628598122,0.16591365467449073,2.513791942507705e-06,0.014185229936927673,0.024300450847465366,True,0.12343856383310542,1.7948249965094032e-05,-1.7948249965094032e-05,0.2936838059580228,0.2936658577080577,0.0,0.009155240517454588,0.004162383353041566,1.9904561038708127e-05,1.9904561038708127e-05,0.0,0.0004334658262708374,0.0,0.0004591094320812582,0.0,0.00926236438835656,0.00010861035464364531,0.0005574791250480491,1.585224144976247e-08,2.513791942507705e-08,0.00014185229936927675,0.024300450847465366
0.0,0.018309115805913656,0.02081113045849442,15575,2.8202729495201322e-05,2.820272952340405e-05,7.739838207260208e-06,7.739838207260208e-06,0.09539273322509811,0.09540047306330537,0.0,0.0086691822960729,0.8153204429039174,0.0,0.0253963477688636,0.0003060934281230237,0.0,0.009255859838591472,1.0962073793354308,0.0006526702871216983,0.11260163850920346,4.1233742131940865e-05,4.1233742131940865e-05,0.45439527614517006,0.454436509887302,0.01086095652231162,4.229338577277364e-05,-4.229338577277364e-05,0.7324050570971733,0.7323627637114005,0.05574776814012927,0.123452010901028,0.009285365198965627,1.0963605998267218,2.0685763438998972e-05,-2.0685763438998972e-05,5.283977996699549e-07,0.16593208628598122,0.16591140052254222,2.51370970640732e-06,0.01418505864370254,0.02430142464182306,True,0.12343475802112323,4.603129311608889e-07,4.603129311608889e-07,0.2936838059580228,0.29368426627095395,0.0,0.009154557902956828,0.004162226091698884,2.8202729495201322e-05,2.8202729495201322e-05,0.0,0.000433459114803645,0.0,0.00045914014218453555,0.0,0.009255859838591472,0.00010860956522311621,0.0005574776814012927,1.585193399009865e-08,2.51370970640732e-08,0.0001418505864370254,0.02430142464182306
0.0,0.01831020741033562,0.020811759328619343,15600,7.393363180122915e-06,7.393363187516277e-06,6.963669018089647e-07,-6.963669018089647e-07,0.09539273322509811,0.0953920368581963,0.0,0.008669357590832098,0.815328772499348,0.0,0.025400147057600825,0.0003060888624345141,0.0,0.009263994630632787,1.096249647431213,0.000652668197800497,0.11260163850920346,8.199626891691736e-06,8.199626891691736e-06,0.45439527614517006,0.45440347577206175,0.010861500739657347,1.2808900419769564e-05,-1.2808900419769564e-05,0.7324050570971733,0.7323922481967535,0.055748033308819646,0.12345675815217652,0.009293492043387305,1.0964027595216408,5.971655397785103e-06,-5.971655397785103e-06,5.284175418716788e-07,0.16593208628598122,0.16592611463058343,2.5137579780368885e-06,0.014185135017031072,0.024289432418659083,True,0.12343951747838765,2.4210927149215244e-06,-2.4210927149215244e-06,0.2936838059580228,0.29368138486530787,0.0,0.00915510370516781,0.004162351865723868,7.393363180122915e-06,7.393363180122915e-06,0.0,0.0004334678795416049,0.0,0.0004591332936517711,0.0,0.009263994630632787,0.00010861500739657347,0.0005574803330881965,1.5852526256150364e-08,2.5137579780368885e-08,0.00014185135017031074,0.024289432418659083
0.0,0.018310449217441627,0.020811898630517578,15625,3.4827549435208203e-06,3.4827549470035754e-06,2.5453242403078447e-06,-2.5453242403078447e-06,0.09539273322509811,0.0953901879008578,0.0,0.008669396414343186,0.815330612886376,0.0,0.025400989347829698,0.0003060878527631836,0.0,0.0092657991974088,1.09625902138194,0.0006526677399069072,0.11260163850920346,4.7524272794863265e-07,4.7524272794863265e-07,0.45439527614517006,0.454395751387898,0.010861621329340735,6.105736257366878e-06,-6.105736257366878e-06,0.7324050570971733,0.7323989513609159,0.05574809195223208,0.12345781096748695,0.009295294845111815,1.0964121094319164,2.696691374148852e-06,-2.696691374148852e-06,5.284218927425844e-07,0.16593208628598122,0.16592938959460707,2.5137686483697084e-06,0.014185151754528504,0.02428747752774286,True,0.12344057300069258,3.0645096432690977e-06,-3.0645096432690977e-06,0.2936838059580228,0.2936807414483795,0.0,0.009155224608720813,0.004162379726103516,3.4827549435208203e-06,3.4827549435208203e-06,0.0,0.0004334698207171593,0.0,0.0004591317791447754,0.0,0.0092657991974088,0.00010861621329340736,0.0005574809195223208,1.585265678227753e-08,2.5137686483697085e-08,0.00014185151754528505,0.02428747752774286
0.0,0.018310436750619274,0.0208118915436765,15650,4.970477532386224e-06,4.9704775373567e-06,8.24174920507903e-06,-8.24174920507903e-06,0.09539273322509811,0.09538449147589304,0.0,0.00866937891955075,0.8153304649453774,0.0,0.025401254196990502,0.00030608306252144165,0.0,0.009264316333103853,1.0962513186044942,0.0006526531520163507,0.11260163850920346,3.814597768214689e-06,3.814597768214689e-06,0.45439527614517006,0.45439909074293827,0.010861613933690338,6.049493603832445e-06,-6.049493603832445e-06,0.7324050570971733,0.7323990076035695,0.0557480383289213,0.12345694264593901,0.009293807950999643,1.0964043979857747,1.955394161395896e-06,-1.955394161395896e-06,5.28409870475351e-07,0.16593208628598122,0.16593013089181982,2.5137811289004084e-06,0.01418520051179795,0.024287466552292376,True,0.12343970565525406,7.941721884563435e-07,-7.941721884563435e-07,0.2936838059580228,0.29368301178583434,0.0,0.009155218375309637,0.0041623783087353,4.970477532386224e-06,4.970477532386224e-06,0.0,0.0004334689459775375,0.0,0.0004591245937821625,0.0,0.009264316333103853,0.00010861613933690338,0.000557480383289213,1.585229611426053e-08,2.5137811289004084e-08,0.0001418520051179795,0.024287466552292376
0.0,0.01831044581929553,0.02081189669882099,15675,3.6677331647208277e-06,3.6677331683885608e-06,4.107069357300874e-06,-4.107069357300874e-06,0.09539273322509811,0.09538862615574081,0.0,0.008669391674766252,0.8153305759846206,0.0,0.025401061945011422,0.0003060865516964342,0.0,0.009265394288889029,1.0962569181352126,0.0006526637646923103,0.11260163850920346,1.321930176323427e-06,1.321930176323427e-06,0.45439527614517006,0.4543965980753464,0.010861618910580953,6.026045640594724e-06,-6.026045640594724e-06,0.7324050570971733,0.7323990310515327,0.055748077313933206,0.12345757387011724,0.009294888833153062,1.0964100038022666,2.513677988758012e-06,-2.513677988758012e-06,5.284186319774682e-07,0.16593208628598122,0.16592957260799246,2.5137720665581944e-06,0.01418516517634531,0.0242872532870369,True,0.12344033617164385,2.452348217940603e-06,-2.452348217940603e-06,0.2936838059580228,0.29368135360980485,0.0,0.009155222909647764,0.0041623793397641985,3.6677331647208277e-06,3.6677331647208277e-06,0.0,0.0004334695837383126,0.0,0.0004591298275446513,0.0,0.009265394288889029,0.00010861618910580953,0.000557480773139332,1.5852558959324047e-08,2.5137720665581943e-08,0.0001418516517634531,0.0242872532870369
0.0,0.018310120325641832,0.020811709270518532,15700,6.12627494951356e-06,6.126274955639835e-06,5.225912364251184e-06,-5.225912364251184e-06,0.09539273322509811,0.09538750731273386,0.0,0.00866930337601278,0.815328161438269,0.0,0.025399869086431128,0.0003060788664653462,0.0,0.009261166452544078,1.0962349544216865,0.0006526425961904255,0.11260163850920346,4.001468135450548e-06,4.001468135450548e-06,0.45439527614517006,0.4543992776133055,0.010861438696540555,3.169911452216567e-07,3.169911452216567e-07,0.7324050570971733,0.7324053740883185,0.05574789249690874,0.12345510273681498,0.009290657725372263,1.0963880580018721,2.029489076654789e-06,-2.029489076654789e-06,5.28397587147147e-07,0.16593208628598122,0.16593005679690456,2.513775794321858e-06,0.014185206146921484,0.024285264576006143,True,0.12343786302129342,1.1837018525973075e-05,-1.1837018525973075e-05,0.2936838059580228,0.2936719689394968,0.0,0.009155060162820916,0.004162341854103707,6.12627494951356e-06,6.12627494951356e-06,0.0,0.000433465168800639,0.0,0.0004591182996980193,0.0,0.009261166452544078,0.00010861438696540556,0.0005574789249690874,1.5851927614414408e-08,2.5137757943218583e-08,0.00014185206146921485,0.024285264576006143
0.0,0.01830672236224795,0.02080975316102735,15725,1.3813062981061923e-05,1.3813062994874985e-05,2.4845222889216534e-05,-2.4845222889216534e-05,0.09539273322509811,0.0953678880022089,0.0,0.008668585901159402,0.8153014547409132,0.0,0.0253915328452815,0.00030603120920088807,0.0,0.009220379512230354,1.0960228072503109,0.0006524677187451844,0.11260163850920346,1.3287722621879716e-05,-1.3287722621879716e-05,0.45439527614517006,0.4543819884225482,0.010860472943757924,1.2159842280534683e-05,-1.2159842280534683e-05,0.7324050570971733,0.7323928972548928,0.055746425571153675,0.12343123799721065,0.00924984576578116,1.0961761184794914,2.2701933040103484e-06,-2.2701933040103484e-06,5.281816888733644e-07,0.16593208628598122,0.1659298160926772,2.5137952828200346e-06,0.014185605508515041,0.024249946521037923,True,0.12341397490006994,2.6719527851382097e-06,2.6719527851382097e-06,0.2936838059580228,0.29368647791080793,0.0,0.009153361181123976,0.0041619506322054705,1.3813062981061923e-05,1.3813062981061923e-05,0.0,0.0004334292950579701,0.0,0.0004590468138013321,0.0,0.009220379512230354,0.00010860472943757923,0.0005574642557115367,1.584545066620093e-08,2.5137952828200345e-08,0.0001418560550851504,0.024249946521037923
0.0,0.018301835518519938,0.02080693932176601,15750,2.1393185819247274e-05,2.139318584064046e-05,4.0773637442925725e-05,-4.0773637442925725e-05,0.09539273322509811,0.09535195958765519,0.0,0.008667552067428998,0.8152634256880495,0.0,0.02537833199348198,0.00030596757001462207,0.0,0.009164070306462303,1.0957291507664322,0.0006522381497606645,0.11260163850920346,1.7415126392306135e-05,-1.7415126392306135e-05,0.45439527614517006,0.45437786101877775,0.010858910934897876,1.6656766277933777e-05,-1.6656766277933777e-05,0.7324050570971733,0.7323884003308954,0.055744346750714324,0.12339820706224389,0.009193506583260685,1.0958827752167233,5.720490291599711e-06,-5.720490291599711e-06,5.278945746609654e-07,0.16593208628598122,0.16592636579568962,2.513800467179809e-06,0.014186086751926785,0.024198032493505408,True,0.12338090869588979,3.5205102555946333e-06,3.5205102555946333e-06,0.2936838059580228,0.2936873264682784,0.0,0.009150917759259969,0.004161387864353202,2.1393185819247274e-05,2.1393185819247274e-05,0.0,0.00043337760337144995,0.0,0.0004589513550219331,0.0,0.009164070306462303,0.00010858910934897875,0.0005574434675071433,1.583683723982896e-08,2.513800467179809e-08,0.00014186086751926785,0.024198032493505408
0.0,0.01826640747924735,0.020786528903117985,15775,7.317401154466425e-05,7.317401161783826e-05,9.133369224412213e-05,-9.133369224412213e-05,0.09539273322509811,0.09530139953285399,0.0,0.008660152719933723,0.8149874740646355,0.0,0.02528230197438334,0.00030552428813159334,0.0,0.008770431463783899,1.0936505817589186,0.0006506239833191931,0.11260163850920346,0.00010123609029061287,0.00010123609029061287,0.45439527614517006,0.45449651223546067,0.010846003424239723,8.809746425852971e-05,8.809746425852971e-05,0.7324050570971733,0.7324931545614318,0.055729504374086074,0.12316438400775798,0.008799607720671627,1.0938062243173214,1.5889091067866623e-05,1.5889091067866623e-05,5.258375338587713e-07,0.16593208628598122,0.16594797537704908,2.5138170587297106e-06,0.014189499708390368,0.023833100052133675,True,0.12314685839910362,1.2960098040470935e-05,1.2960098040470935e-05,0.2936838059580228,0.29369676605606326,0.0,0.009133203739623674,0.004157305780623597,7.317401154466425e-05,7.317401154466425e-05,0.0,0.00043300763599668615,0.0,0.00045828643219739,0.0,0.008770431463783899,0.00010846003424239724,0.0005572950437408607,1.577512601576314e-08,2.5138170587297108e-08,0.0001418949970839037,0.023833100052133675
0.0,0.018216141963984245,0.020757553121761963,15800,0.0005034650294966508,0.0005034650300001158,5.1368858984823795e-06,5.1368858984823795e-06,0.09539273322509811,0.0953978701109966,0.0,0.008649609907992881,0.8145803086645476,0.0,0.025162347877330352,0.00030461975712353694,0.0,0.0082102995901824,1.0906107035078219,0.0006475139513367563,0.11260163850920346,0.00015565123369687406,0.00015565123369687406,0.45439527614517006,0.45455092737886693,0.010823590977537956,0.00011297581761426922,0.00011297581761426922,0.7324050570971733,0.7325180329147876,0.0557059315905473,0.12282219539398338,0.008238701578925743,1.0907672935529409,0.0010993053929994612,0.0010993053929994612,5.2199776831481e-07,0.16593208628598122,0.16703139167898068,2.514810274782542e-06,0.014197931052082183,0.023670071701345986,True,0.12280456309676287,0.00014797163773400124,-0.00014797163773400124,0.2936838059580228,0.2935358343202888,0.0,0.009108070981992122,0.0041515106243523925,0.0005034650294966508,0.0005034650294966508,0.0,0.0004324804953996441,0.0,0.0004569296356853054,0.0,0.0082102995901824,0.00010823590977537957,0.000557059315905473,1.56599330494443e-08,2.514810274782542e-08,0.00014197931052082184,0.023670071701345986
0.0,0.018203099300391656,0.020750021010005837,15825,0.000563227037683816,0.000563227038247043,2.5141157496591515e-05,2.5141157496591515e-05,0.09539273322509811,0.0954178743825947,0.0,0.008646862933242853,0.8144819045261946,0.0,0.025124104425240927,0.00030450283651282646,0.0,0.008080193013201778,1.089889893832409,0.0006470584604820641,0.11260163850920346,0.000260255260669251,0.000260255260669251,0.45439527614517006,0.4546555314058393,0.010812986272035885,0.0005740562013347716,0.0005740562013347716,0.7324050570971733,0.7329791132985081,0.05570087771773051,0.12274102417052474,0.008108358277764408,1.090046422903769,0.0010853017770780793,0.0010853017770780793,5.214034791505885e-07,0.16593208628598122,0.1670173880630593,2.5146689683866353e-06,0.014198647042374613,0.023591237203629444,True,0.12272339873905,0.00010167661941984374,-0.00010167661941984374,0.2936838059580228,0.29358212933860295,0.0,0.009101549650195828,0.004150004202001167,0.000563227037683816,0.000563227037683816,0.0,0.0004323431466621427,0.0,0.0004567542547692397,0.0,0.008080193013201778,0.00010812986272035885,0.0005570087771773052,1.5642104374517655e-08,2.5146689683866354e-08,0.00014198647042374613,0.023591237203629444
0.0,0.0181670241771128,0.020729130855009083,15850,0.0013440350558962017,0.0013440350572402366,0.0005630622085196352,-0.0005630622085196352,0.09539273322509811,0.09482967101657848,0.0,0.008632581129979673,0.8142844082296055,0.0,0.02489683642045556,0.00030350366492897174,0.0,0.007652361473670585,1.0874777770274862,0.0006450702535425064,0.11260163850920346,0.0004524300229186151,0.0004524300229186151,0.45439527614517006,0.4548477061680887,0.010724850400850767,0.0014727740318933868,0.0014727740318933868,0.7324050570971733,0.7338778311290667,0.05567570310074847,0.12246903907055715,0.007679185158163301,1.0876309600436016,0.0011866185597153578,-0.0011866185597153578,5.206649271640269e-07,0.16593208628598122,0.16474546772626586,2.5139253682442406e-06,0.014198338621345041,0.02391864902344839,True,0.12245179041041893,0.002221101583420315,-0.002221101583420315,0.2936838059580228,0.2914627043746025,0.0,0.0090835120885564,0.004145826171001817,0.0013440350558962017,0.0013440350558962017,0.0,0.00043162905649898366,0.0,0.0004552554973934576,0.0,0.007652361473670585,0.00010724850400850767,0.0005567570310074847,1.5619947814920806e-08,2.5139253682442407e-08,0.00014198338621345042,0.02391864902344839
0.0,0.01815599624316422,0.020722804477509675,15875,0.000853881777088458,0.0008538817779423398,0.0004348036613353867,-0.0004348036613353867,0.09539273322509811,0.09495792956376273,0.0,0.008633402288809013,0.8141784361743881,0.0,0.024968799644502646,0.00030321537523143784,0.0,0.007497417076560889,1.0865876265788645,0.0006433898173433263,0.11260163850920346,0.00020664411388565673,0.00020664411388565673,0.45439527614517006,0.4546019202590557,0.010744635945566773,0.001064965611240587,0.001064965611240587,0.7324050570971733,0.7334700227084139,0.05567229589661376,0.12236901034122415,0.007524281853321868,1.0867426184370859,0.0010327838521975163,0.0010327838521975163,5.17900870933808e-07,0.16593208628598122,0.16696487013817873,2.5158807884172346e-06,0.014207240369568658,0.023266633465972505,True,0.12235155800248292,0.0011013719631943752,-0.0011013719631943752,0.2936838059580228,0.2925824339948284,0.0,0.00907799812158211,0.004144560895501935,0.000853881777088458,0.000853881777088458,0.0,0.0004316701144404507,0.0,0.00045482306284715677,0.0,0.007497417076560889,0.00010744635945566773,0.0005567229589661376,1.553702612801424e-08,2.5158807884172346e-08,0.00014207240369568658,0.023266633465972505
0.0,0.018096237593757447,0.020688263687481633,15900,0.0017924575635024577,0.0017924575652949154,0.0014181783500352707,-0.0014181783500352707,0.09539273322509811,0.09397455487506284,0.0,0.008617363389328841,0.8137941368503423,0.0,0.024862820616660734,0.0003011646534553734,0.0,0.006687312796043696,1.0817759915625833,0.0006369904519107651,0.11260163850920346,0.0017982780334782622,-0.0017982780334782622,0.45439527614517006,0.4525969981116918,0.010686048237662584,0.00175838008860274,0.00175838008860274,0.7324050570971733,0.734163437185776,0.05563341609571693,0.12182692576601015,0.0067122690669486895,1.0819284386946846,0.0023799075398457104,0.0023799075398457104,5.1126036925242e-07,0.16593208628598122,0.16831199382582693,2.5197615177602947e-06,0.014227376818033812,0.023353665990511096,True,0.12180975996762505,0.0014365327927014504,-0.0014365327927014504,0.2936838059580228,0.29224727316532134,0.0,0.009048118796878724,0.0041376527374963265,0.0017924575635024577,0.0017924575635024577,0.0,0.00043086816946644207,0.0,0.0004517469801830601,0.0,0.006687312796043696,0.00010686048237662584,0.0005563341609571694,1.5337811077572598e-08,2.5197615177602948e-08,0.00014227376818033813,0.023353665990511096
0.0,0.018138903055897604,0.02071293023554647,15925,0.0010698705860049936,0.001069870587074864,0.0007187284803627791,-0.0007187284803627791,0.09539273322509811,0.09467400474473534,0.0,0.00862880109222055,0.8140686000356333,0.0,0.024938517739307484,0.000302625412908841,0.0,0.007258535417554148,1.0851970387839516,0.0006415487687810814,0.11260163850920346,0.0004189474977537855,-0.0004189474977537855,0.45439527614517006,0.45397632864741627,0.010721348218024762,0.0012574682891707267,0.0012574682891707267,0.7324050570971733,0.733662525386344,0.055661144407078,0.12221237731037521,0.007284892496999622,1.0853515816900872,0.001419827963287018,0.001419827963287018,5.159950388442898e-07,0.16593208628598122,0.16735191424926824,2.5169773135288577e-06,0.014212942819121185,0.023231816756658065,True,0.12219497552437894,0.0011974513716552782,-0.0011974513716552782,0.2936838059580228,0.2924863545863675,0.0,0.009069451527948802,0.004142586047109294,0.0010698705860049936,0.0010698705860049936,0.0,0.00043144005461102756,0.0,0.00045393811936326155,0.0,0.007258535417554148,0.00010721348218024763,0.00055661144407078,1.5479851165328694e-08,2.516977313528858e-08,0.00014212942819121185,0.023231816756658065
0.0,0.01800643686657144,0.020636217623040753,15950,0.002859890719613242,0.002859890722473133,0.0021083333278193034,-0.0021083333278193034,0.09539273322509811,0.09328439989727881,0.0,0.008593040945619367,0.813214284948127,0.0,0.024606283818114763,0.00029867279072465865,0.0,0.005733374004029587,1.0757190465076627,0.000629541321883276,0.11260163850920346,0.004057309011438581,0.004057309011438581,0.45439527614517006,0.45845258515660864,0.010626878607636859,0.001508584333177243,0.001508584333177243,0.7324050570971733,0.7339136414303505,0.055579232600580494,0.12114427507703121,0.0057556363488768,1.075865910321282,0.002997206129081803,0.002997206129081803,5.036600134086825e-07,0.16593208628598122,0.16892929241506302,2.523331455410725e-06,0.014248782482435513,0.023405977194926146,True,0.12112773796951132,0.0029544843232672258,-0.0029544843232672258,0.2936838059580228,0.29072932163475557,0.0,0.00900321843328572,0.00412724352460815,0.002859890719613242,0.002859890719613242,0.0,0.0004296520472809684,0.0,0.00044800918608698797,0.0,0.005733374004029587,0.00010626878607636858,0.000555792326005805,1.5109800402260476e-08,2.5233314554107248e-08,0.00014248782482435514,0.023405977194926146
0.0,0.018069008766853578,0.020672486728524713,15975,0.001769737958957852,0.00176973796072759,0.0014457075255504687,-0.0014457075255504687,0.09539273322509811,0.09394702569954765,0.0,0.00860991497663314,0.813617649869683,0.0,0.024760268140436224,0.00030054457827042354,0.0,0.006426815273043619,1.0801674202718512,0.0006352651520897504,0.11260163850920346,0.001008164070150419,0.001008164070150419,0.45439527614517006,0.4554034402153205,0.010664766463205983,0.001722262158351584,0.001722262158351584,0.7324050570971733,0.7341273192555249,0.05561806683931884,0.1216455850013691,0.0064509772539614475,1.080317975908021,0.0022249862392906272,0.0022249862392906272,5.095599793203423e-07,0.16593208628598122,0.16815707252527184,2.5201613613419412e-06,0.014231185201483783,0.02305204825082357,True,0.12162863218854403,0.0021532873703487,-0.0021532873703487,0.2936838059580228,0.2915305185876741,0.0,0.009034504383426789,0.004134497345704943,0.001769737958957852,0.001769737958957852,0.0,0.00043049574883165703,0.0,0.0004508168674056353,0.0,0.006426815273043619,0.00010664766463205983,0.0005561806683931884,1.5286799379610268e-08,2.5201613613419413e-08,0.00014231185201483783,0.02305204825082357
0.0,0.018041448881868205,0.020656525876866415,16000,0.002060732452020004,0.0020607324540807366,0.0020620361638362256,-0.0020620361638362256,0.09539273322509811,0.09333069706126189,0.0,0.008601654151615443,0.8134481394818852,0.0,0.024703378425348085,0.00029943999382150483,0.0,0.006061884226757505,1.0778581031541195,0.0006319597841372129,0.11260163850920346,0.0010119984433160645,0.0010119984433160645,0.45439527614517006,0.4554072745884861,0.010643944317169078,0.001337317656322834,0.001337317656322834,0.7324050570971733,0.7337423747534961,0.05559794130276163,0.12138528835759414,0.006084985436565422,1.0780063166452911,0.0027233073922663664,0.0027233073922663664,5.06315672891035e-07,0.16593208628598122,0.16865539367824758,2.5223193957859544e-06,0.014241773291639233,0.022958765995177766,True,0.12136859927415691,0.0025984871713325974,-0.0025984871713325974,0.2936838059580228,0.2910853187866902,0.0,0.009020724440934103,0.004131305175373283,0.002060732452020004,0.002060732452020004,0.0,0.00043008270758077217,0.0,0.0004491599907322573,0.0,0.006061884226757505,0.00010643944317169078,0.0005559794130276163,1.518947018673105e-08,2.5223193957859544e-08,0.00014241773291639233,0.022958765995177766
0.0,0.0180252163058926,0.02064711321359366,16025,0.0020219773325326597,0.002021977334554637,0.0024538555007642404,-0.0024538555007642404,0.09539273322509811,0.09293887772433387,0.0,0.008597621737456821,0.8133410828791512,0.0,0.024672914459414597,0.00029906223830497797,0.0,0.005882919917049768,1.076700195026152,0.0006306655197388842,0.11260163850920346,0.0009539212928734719,0.0009539212928734719,0.45439527614517006,0.45534919743804353,0.010631998287267689,0.000746977184607478,0.000746977184607478,0.7324050570971733,0.7331520342817808,0.05558926287706486,0.12125477375339314,0.005905497390399456,1.0768472341102753,0.002663465447968333,0.002663465447968333,5.049436302701855e-07,0.16593208628598122,0.16859555173394955,2.5229489199319693e-06,0.014245741851753882,0.022730112897536743,True,0.1212382169101256,0.002420447468711062,-0.002420447468711062,0.2936838059580228,0.29126335848931173,0.0,0.0090126081529463,0.004129422642718732,0.0020219773325326597,0.0020219773325326597,0.0,0.0004298810868728411,0.0,0.00044859335745746695,0.0,0.005882919917049768,0.00010631998287267689,0.0005558926287706486,1.5148308908105565e-08,2.5229489199319694e-08,0.00014245741851753882,0.022730112897536743
0.0,0.018040051160479464,0.020655696628389123,16050,0.0013819398604721172,0.0013819398618540569,0.002431778273029969,-0.002431778273029969,0.09539273322509811,0.09296095495206814,0.0,0.008603697790935217,0.8134186042979454,0.0,0.024717067384095015,0.0003002013752750051,0.0,0.006120336729724568,1.078232580998741,0.0006336718187556386,0.11260163850920346,0.0002065616739085896,-0.0002065616739085896,0.45439527614517006,0.45418871447126147,0.010639171375362036,0.0003824489788298857,-0.0003824489788298857,0.7324050570971733,0.7320226081183434,0.055606574569720936,0.12142747539643303,0.00614357708946623,1.078380974027287,0.0015089389911141227,0.0015089389911141227,5.07731005889837e-07,0.16593208628598122,0.16744102527709534,2.5204977342817074e-06,0.014235537776784416,0.022338781722699704,True,0.12141076609679147,0.001081393320806534,-0.001081393320806534,0.2936838059580228,0.29260241263721626,0.0,0.009020025580239732,0.004131139325677825,0.0013819398604721172,0.0013819398604721172,0.0,0.00043018488954676086,0.0,0.00045030206291250764,0.0,0.006120336729724568,0.00010639171375362037,0.0005560657456972094,1.5231930176695107e-08,2.5204977342817073e-08,0.00014235537776784415,0.022338781722699704
0.0,0.01799326316063221,0.02062851833245421,16075,0.0033796573438430824,0.0033796573472227396,0.0023786769624572074,-0.0023786769624572074,0.09539273322509811,0.0930140562626409,0.0,0.008597735957872613,0.8130581708234744,0.0,0.02461127917649975,0.00030086229981053745,0.0,0.005871483752995902,1.07662560768435,0.0006344150285836161,0.11260163850920346,0.0064781238706060895,0.0064781238706060895,0.45439527614517006,0.46087340001577615,0.010620442035286608,0.002846204524097562,-0.002846204524097562,0.7324050570971733,0.7295588525730757,0.05560159264635688,0.12124657591443558,0.0058943131343856,1.0767744302120543,7.573288120288346e-06,7.573288120288346e-06,5.073648880867783e-07,0.16593208628598122,0.1659396595741015,2.5178757008545724e-06,0.014230853134212754,0.024059225869117584,True,0.12122981825248075,0.0011769827529984345,0.0011769827529984345,0.2936838059580228,0.2948607887110212,0.0,0.008996631580316106,0.004125703666490842,0.0033796573438430824,0.0033796573438430824,0.0,0.0004298867978936307,0.0,0.00045129344971580617,0.0,0.005871483752995902,0.00010620442035286608,0.0005560159264635688,1.522094664260335e-08,2.5178757008545724e-08,0.00014230853134212753,0.024059225869117584
0.0,0.018032078593215983,0.020651067917912744,16100,0.0013144505409851516,0.0013144505422996024,0.00244258023290983,-0.00244258023290983,0.09539273322509811,0.09295015299218828,0.0,0.008602673183422272,0.8133572228762533,0.0,0.024699052780395348,0.00030031318219338166,0.0,0.006076309524460785,1.0779506864912733,0.0006337966886315462,0.11260163850920346,0.0003668191197713777,0.0003668191197713777,0.45439527614517006,0.45476209526494143,0.010635704480199753,0.000693174505401517,-0.000693174505401517,0.7324050570971733,0.7317118825917718,0.055605703154497595,0.12139571192943534,0.00609943614689047,1.0780988869760029,0.001253222494968037,0.001253222494968037,5.076685943075803e-07,0.16593208628598122,0.16718530878094925,2.5200510407753025e-06,0.01423473753001967,0.022222418260313074,True,0.12137902431054494,0.0006979177337583242,-0.0006979177337583242,0.2936838059580228,0.29298588822426447,0.0,0.009016039296607992,0.004130213583582549,0.0013144505409851516,0.0013144505409851516,0.0,0.0004301336591711136,0.0,0.0004504697732900725,0.0,0.006076309524460785,0.00010635704480199753,0.0005560570315449759,1.523005782922741e-08,2.5200510407753026e-08,0.0001423473753001967,0.022222418260313074
0.0,0.018038144089047914,0.020654574020823033,16125,0.0009658001483415519,0.000965800149307352,0.0018439905101822057,-0.0018439905101822057,0.09539273322509811,0.09354874271491591,0.0,0.008607292978766336,0.8133699969341528,0.0,0.02472003263565174,0.00030127623563388595,0.0,0.006259767378587586,1.0791186917143325,0.0006362460047488077,0.11260163850920346,0.0005578427558467491,0.0005578427558467491,0.45439527614517006,0.4549531189010168,0.01065278102702004,0.00014216337538230928,-0.00014216337538230928,0.7324050570971733,0.732262893721791,0.05561870297153831,0.12152731625412458,0.006283359888055166,1.079267647171183,0.0009103614229923895,0.0009103614229923895,5.096101941341973e-07,0.16593208628598122,0.1668424477089736,2.5180146873916916e-06,0.014226861163224283,0.022062857298077367,True,0.12151054362412876,0.00032154588217697677,0.00032154588217697677,0.2936838059580228,0.29400535184019977,0.0,0.009019072044523957,0.004130914804164607,0.0009658001483415519,0.0009658001483415519,0.0,0.00043036464893831685,0.0,0.0004519143534508289,0.0,0.006259767378587586,0.00010652781027020041,0.0005561870297153831,1.528830582402592e-08,2.5180146873916917e-08,0.00014226861163224285,0.022062857298077367
0.0,0.018045856688971407,0.020659032394609717,16150,0.0005699976910289435,0.0005699976915989412,0.00033925062484638224,-0.00033925062484638224,0.09539273322509811,0.09505348260025173,0.0,0.008612294327004477,0.813394268924694,0.0,0.0246950275344558,0.0003023096668384042,0.0,0.006562020861875336,1.0810063013714077,0.0006393049631482461,0.11260163850920346,0.0008076840246089567,0.0008076840246089567,0.45439527614517006,0.455202960169779,0.010689768179184916,0.00045380281740825534,0.00045380281740825534,0.7324050570971733,0.7328588599145816,0.055632193541463086,0.12173993286111276,0.006586274664218312,1.0811558664806082,0.0007852323517030801,0.0007852323517030801,5.121600203076707e-07,0.16593208628598122,0.1667173186376843,2.515455770437038e-06,0.014216418688216164,0.02197625691636671,True,0.12172309158325731,0.00018578355369786026,0.00018578355369786026,0.2936838059580228,0.29386958951172065,0.0,0.009022928344485703,0.004131806478921944,0.0005699976910289435,0.0005699976910289435,0.0,0.0004306147163502239,0.0,0.00045346450025760633,0.0,0.006562020861875336,0.00010689768179184916,0.0005563219354146309,1.536480060923012e-08,2.5154557704370378e-08,0.00014216418688216164,0.02197625691636671
0.0,0.018041801326522,0.020656688255191426,16175,0.0007038421939203418,0.000703842194624184,0.0011370082591597719,-0.0011370082591597719,0.09539273322509811,0.09425572496593834,0.0,0.008609660579461003,0.8133814784266551,0.0,0.024708175106043225,0.000301764455227001,0.0,0.006401109529157235,1.0800069342567082,0.000637694333351371,0.11260163850920346,0.0006156237510712703,0.0006156237510712703,0.45439527614517006,0.4550108998962413,0.010669171852103039,0.0001227926238037691,0.0001227926238037691,0.7324050570971733,0.7325278497209771,0.055625090912482654,0.12162737838686724,0.006425030093752731,1.080156285428859,0.0008509414813564209,0.0008509414813564209,5.108178042402506e-07,0.16593208628598122,0.16678302776733764,2.5167982682712964e-06,0.014221895370202495,0.021945521823055106,True,0.12161056119867628,0.0002569228624172415,0.0002569228624172415,0.2936838059580228,0.29394072882044003,0.0,0.009020900663261,0.0041313376510382855,0.0007038421939203418,0.0007038421939203418,0.0,0.0004304830289730502,0.0,0.0004526466828405015,0.0,0.006401109529157235,0.00010669171852103039,0.0005562509091248265,1.5324534127207517e-08,2.5167982682712964e-08,0.00014221895370202496,0.021945521823055106
0.0,0.018046336430662113,0.020659313662397146,16200,0.0005395532381130463,0.0005395532386525995,0.0007947094209352912,-0.0007947094209352912,0.09539273322509811,0.09459802380416282,0.0,0.008611477454818078,0.8134056468886282,0.0,0.024708757132722026,0.00030207194061213045,0.0,0.00650038067903831,1.0806249383195938,0.0006386207627258291,0.11260163850920346,0.0003760539150383102,0.0003760539150383102,0.45439527614517006,0.45477133006020837,0.010679303543443883,0.00020456475768015903,0.00020456475768015903,0.7324050570971733,0.7326096218548535,0.05562973368816791,0.12169698083877137,0.006524506180572952,1.0807744153836656,0.0007613456201313873,0.0007613456201313873,5.116538845435948e-07,0.16593208628598122,0.1666934319061126,2.516095981372337e-06,0.014218811192646822,0.021883965643439876,True,0.12168014947494257,0.00024721444655523284,0.00024721444655523284,0.2936838059580228,0.293931020404578,0.0,0.009023168215331057,0.00413186273247943,0.0005395532381130463,0.0005395532381130463,0.0,0.0004305738727409039,0.0,0.0004531079109181957,0.0,0.00650038067903831,0.00010679303543443884,0.0005562973368816791,1.5349616536307846e-08,2.5160959813723373e-08,0.00014218811192646822,0.021883965643439876
0.0,0.01805762347617701,0.020665827586610636,16225,0.0008914806857724231,0.0008914806866639037,0.0018227389078498413,0.0018227389078498413,0.09539273322509811,0.09721547213294796,0.0,0.008618450444547687,0.8134456603655329,0.0,0.024629172831817956,0.0003036628184220361,0.0,0.007043313783482968,1.0839244528339802,0.0006436177897586003,0.11260163850920346,0.00037603138691860716,0.00037603138691860716,0.45439527614517006,0.45477130753208866,0.010760382561430578,0.0001355412348157392,-0.0001355412348157392,0.7324050570971733,0.7322695158623576,0.05564951419484614,0.12206843611452688,0.007068312948142989,1.084073259411914,0.00014051957739569243,0.00014051957739569243,5.160466740334509e-07,0.16593208628598122,0.1660726058633769,2.511762794590103e-06,0.014201011126905451,0.02278933815238645,True,0.12205168024854252,0.0006868734711497626,-0.0006868734711497626,0.2936838059580228,0.29299693248687303,0.0,0.009028811738088505,0.004133165517322127,0.0008914806857724231,0.0008914806857724231,0.0,0.00043092252222738436,0.0,0.00045549422763305414,0.0,0.007043313783482968,0.00010760382561430578,0.0005564951419484614,1.548140022100353e-08,2.5117627945901032e-08,0.00014201011126905452,0.02278933815238645
0.0,0.01804817910005818,0.020660377234336377,16250,0.00036626535126597866,0.00036626535163224405,0.00038026292378551263,-0.00038026292378551263,0.09539273322509811,0.0950124703013126,0.0,0.008612609081303813,0.8134121809687211,0.0,0.02469576494697774,0.0003023300441464852,0.0,0.0065854493774779935,1.0811507817428643,0.0006394329517265961,0.11260163850920346,0.00025689354646152296,0.00025689354646152296,0.45439527614517006,0.4546521696916316,0.010689530864487451,0.00012522643694234947,0.00012522643694234947,0.7324050570971733,0.7325302835341156,0.05563294732651296,0.12175619594044731,0.006609738241394694,1.081300296687003,0.0006600551225167672,0.0006600551225167672,5.123686441667501e-07,0.16593208628598122,0.16659214140849798,2.5153840570006477e-06,0.014215884078757847,0.021797429393522735,True,0.12173936031126054,9.382392201390255e-05,9.382392201390255e-05,0.2936838059580228,0.2937776298800367,0.0,0.00902408955002909,0.004132075446867276,0.00036626535126597866,0.00036626535126597866,0.0,0.00043063045406519065,0.0,0.0004534950662197278,0.0,0.0065854493774779935,0.00010689530864487451,0.0005563294732651296,1.5371059325002503e-08,2.5153840570006478e-08,0.00014215884078757848,0.021797429393522735
0.0,0.01803427044487138,0.020652312524902596,16275,0.00047785074226401337,0.0004778507427418641,0.0005591081054664021,-0.0005591081054664021,0.09539273322509811,0.09483362511963171,0.0,0.00860884492573372,0.8133224792440192,0.0,0.024661856869937878,0.0003019690251218062,0.0,0.006423817314056544,1.080148719977655,0.0006382994244062315,0.11260163850920346,0.000631954964066761,0.000631954964066761,0.45439527614517006,0.4550272311092368,0.010674843304332191,6.898899781837553e-05,6.898899781837553e-05,0.7324050570971733,0.7324740460949917,0.0556248615347056,0.1216433509679547,0.006447790606473533,1.0802981357596397,0.0006489280992202362,0.0006489280992202362,5.112240675063438e-07,0.16593208628598122,0.16658101438520145,2.515875540472743e-06,0.014219018091133026,0.0217378892924853,True,0.12162652650458992,6.221375820775199e-05,6.221375820775199e-05,0.2936838059580228,0.29374601971623054,0.0,0.00901713522243569,0.00413046250498052,0.00047785074226401337,0.00047785074226401337,0.0,0.000430442246286686,0.0,0.0004529535376827093,0.0,0.006423817314056544,0.00010674843304332192,0.0005562486153470559,1.5336722025190314e-08,2.5158755404727432e-08,0.00014219018091133026,0.0217378892924853
0.0,0.018020520740989143,0.020644318689570017,16300,0.0003773361070042283,0.00037733610738156445,5.557646857473619e-06,5.557646857473619e-06,0.09539273322509811,0.09539829087195559,0.0,0.00860614452579592,0.8132254242888153,0.0,0.02458250227599593,0.0003021307858330644,0.0,0.006406600142776798,1.0800412402626096,0.000638833381580534,0.11260163850920346,0.00036086825410042156,0.00036086825410042156,0.45439527614517006,0.4547561443992705,0.010671900951387375,0.0007277041041630072,-0.0007277041041630072,0.7324050570971733,0.7316773529930103,0.05562186346164045,0.12163127506047999,0.006430579041042199,1.080190891259807,5.9982175142636596e-05,-5.9982175142636596e-05,5.116708307064566e-07,0.16593208628598122,0.16587210411083858,2.5146085472781675e-06,0.01421534350215123,0.02161169533859118,True,0.12161442411149453,0.00022023800957771122,-0.00022023800957771122,0.2936838059580228,0.2934635679484451,0.0,0.009010260370494572,0.004128863737914003,0.0003773361070042283,0.0003773361070042283,0.0,0.00043030722628979604,0.0,0.00045319617874959656,0.0,0.006406600142776798,0.00010671900951387376,0.0005562186346164045,1.5350124921193698e-08,2.5146085472781676e-08,0.0001421534350215123,0.02161169533859118
0.0,0.017969417689303824,0.020614678703879365,16325,0.0010750150531402382,0.0010750150542152533,0.0019154997875313884,-0.0019154997875313884,0.09539273322509811,0.09347723343756673,0.0,0.008588343003632579,0.8129312997045435,0.0,0.024499671370427883,0.00029952965382372995,0.0,0.005592694679718096,1.07478432108215,0.0006311582642725636,0.11260163850920346,0.00014117176820271915,0.00014117176820271915,0.45439527614517006,0.4545364479133728,0.010602814097359858,0.0006146655767980125,-0.0006146655767980125,0.7324050570971733,0.7317903915203753,0.055577926535266574,0.12103918070396023,0.00561489175801827,1.0749325814183541,0.0008607261950552281,0.0008607261950552281,5.045355559321931e-07,0.16593208628598122,0.16679281248103645,2.519988603029544e-06,0.01424015325031443,0.021458315223985457,True,0.12102248634569512,0.000985167283065247,-0.000985167283065247,0.2936838059580228,0.29269863867495755,0.0,0.008984708844651912,0.004122935740775873,0.0010750150531402382,0.0010750150531402382,0.0,0.00042941715018162893,0.0,0.0004492944807355949,0.0,0.005592694679718096,0.00010602814097359858,0.0005557792653526658,1.513606667796579e-08,2.519988603029544e-08,0.00014240153250314432,0.021458315223985457
0.0,0.01798204399940484,0.020621990894429627,16350,0.0005500238917654724,0.0005500238923154963,0.0009751852676823103,-0.0009751852676823103,0.09539273322509811,0.0944175479574158,0.0,0.008596134100159596,0.8129745651617779,0.0,0.02453733615865421,0.0003011203841096726,0.0,0.005899840919516345,1.0768104219459596,0.0006352804686154206,0.11260163850920346,0.0003236744130701297,0.0003236744130701297,0.45439527614517006,0.4547189505582402,0.010629053565961333,1.3422792302208997e-05,1.3422792302208997e-05,0.7324050570971733,0.7324184798894755,0.055599996215961664,0.12126753961084917,0.005922934870116538,1.0769606059625088,0.00010237657506276254,0.00010237657506276254,5.079712433807436e-07,0.16593208628598122,0.16603446286104398,2.5165311835616405e-06,0.014226505529851382,0.021251368228609534,True,0.12125062864300601,0.0006679961408075363,0.0006679961408075363,0.2936838059580228,0.29435180209883033,0.0,0.00899102199970242,0.004124398178885926,0.0005500238917654724,0.0005500238917654724,0.0,0.0004298067050079798,0.0,0.0004516805761645089,0.0,0.005899840919516345,0.00010629053565961333,0.0005559999621596167,1.5239137301422305e-08,2.5165311835616406e-08,0.00014226505529851382,0.021251368228609534
0.0,0.017974390872832036,0.02061754434171174,16375,0.0004328150810153881,0.0004328150814482032,0.00084910939394367,-0.00084910939394367,0.09539273322509811,0.09454362383115444,0.0,0.008592750810079739,0.8129371400764809,0.0,0.024489556515446813,0.0003006856441782045,0.0,0.005817412995710632,1.0762719672993337,0.0006343067653607998,0.11260163850920346,0.00040534826559207593,0.00040534826559207593,0.45439527614517006,0.45480062441076213,0.010619125822699383,7.162307313290928e-05,7.162307313290928e-05,0.7324050570971733,0.7324766801703062,0.05559208575270513,0.12120693476695987,0.005840380554110097,1.0764223825466734,0.00011172216047905525,0.00011172216047905525,5.072516573480604e-07,0.16593208628598122,0.16604380844646027,2.517029410579536e-06,0.014228735088570936,0.021046038242739262,True,0.12118999776214849,0.00018368121459766407,-0.00018368121459766407,0.2936838059580228,0.29350012474342513,0.0,0.008987195436416018,0.004123508868342348,0.0004328150810153881,0.0004328150810153881,0.0,0.00042963754050398697,0.0,0.0004510284662673068,0.0,0.005817412995710632,0.00010619125822699382,0.0005559208575270513,1.521754972044181e-08,2.5170294105795362e-08,0.00014228735088570938,0.021046038242739262
0.0,0.017973958606831153,0.020617286449416013,16400,0.00028927356632059415,0.00028927356660986774,0.0002931433895675961,-0.0002931433895675961,0.09539273322509811,0.09509958983553052,0.0,0.008593055255739415,0.8129317354283185,0.0,0.024462556195058847,0.00030088061447574953,0.0,0.005883049667191158,1.0767010408481603,0.0006349975665707725,0.11260163850920346,0.0002676784336245186,-0.0002676784336245186,0.45439527614517006,0.45412759771154554,0.010624669132425435,0.0001176584014095372,0.0001176584014095372,0.7324050570971733,0.7325227154985828,0.055593647692278036,0.12125532529517187,0.005906250235700129,1.0768521322781621,2.604744761169897e-05,-2.604744761169897e-05,5.079046661257702e-07,0.16593208628598122,0.16590603883836952,2.5162771022344817e-06,0.01422576698999517,0.02096821474936912,True,0.12123831215107807,0.0004962753490470595,-0.0004962753490470595,0.2936838059580228,0.29318753060897573,0.0,0.008986979303415576,0.004123457289883203,0.00028927356632059415,0.00028927356632059415,0.0,0.0004296527627869707,0.0,0.0004513209217136243,0.0,0.005883049667191158,0.00010624669132425435,0.0005559364769227804,1.5237139983773106e-08,2.5162771022344817e-08,0.0001422576698999517,0.02096821474936912
0.0,0.017960864948531663,0.02060967500927106,16425,0.000238696418818617,0.0002386964190573134,0.00014906000954977017,-0.00014906000954977017,0.09539273322509811,0.09524367321554834,0.0,0.008590138197571597,0.8128427008366799,0.0,0.02442418895461748,0.0003007446393750798,0.0,0.005784398186192812,1.0760552311560014,0.0006344914680908833,0.11260163850920346,0.00021169361478701187,0.00021169361478701187,0.45439527614517006,0.45460696975995707,0.010617480063793965,8.415051852106448e-05,8.415051852106448e-05,0.7324050570971733,0.7324892076156944,0.05558817628084626,0.12118269966896195,0.005807530308819239,1.0762071539215265,0.00014297679535332786,-0.00014297679535332786,5.072907441210887e-07,0.16593208628598122,0.1657891094906279,2.5162131778736797e-06,0.014226734345772402,0.020810450237830902,True,0.12116559291511775,0.0004362604217534316,-0.0004362604217534316,0.2936838059580228,0.29324754553626936,0.0,0.008980432474265831,0.004121935001854212,0.000238696418818617,0.000238696418818617,0.0,0.0004295069098785799,0.0,0.00045111695906261974,0.0,0.005784398186192812,0.00010617480063793966,0.0005558817628084626,1.521872232363266e-08,2.51621317787368e-08,0.00014226734345772402,0.020810450237830902
0.0,0.017901883911122685,0.0205753789113705,16450,0.0007504558214171164,0.0007504558221675723,0.0009995628843766924,-0.0009995628843766924,0.09539273322509811,0.09439317034072142,0.0,0.008575708060554427,0.8124518771092022,0.0,0.024323818161666396,0.00029946823353580886,0.0,0.005165719900257922,1.0718729427549611,0.0006299610663970483,0.11260163850920346,0.0010997842350862208,0.0010997842350862208,0.45439527614517006,0.4554950603802563,0.010570423224281929,0.0006009911942449486,0.0006009911942449486,0.7324050570971733,0.7330060482914182,0.05555733801580647,0.1207118381795779,0.005187672184169735,1.0720254967644773,6.246573619661522e-05,-6.246573619661522e-05,5.023632231281407e-07,0.16593208628598122,0.1658696205497846,2.51841747751594e-06,0.014240870970939769,0.02066390779002367,True,0.12069466034661969,0.0004921138057399355,0.0004921138057399355,0.2936838059580228,0.2941759197637627,0.0,0.008950941955561342,0.004115075782274101,0.0007504558214171164,0.0007504558214171164,0.0,0.0004287854030277214,0.0,0.0004492023503037133,0.0,0.005165719900257922,0.00010570423224281928,0.0005555733801580647,1.507089669384422e-08,2.51841747751594e-08,0.00014240870970939768,0.02066390779002367
0.0,0.01789728972890714,0.020572710413191198,16475,0.0006506595291475148,0.0006506595297981743,0.0012399174627606563,-0.0012399174627606563,0.09539273322509811,0.09415281576233746,0.0,0.008573793290230497,0.8124282972683696,0.0,0.024314148937661265,0.0002991157903034315,0.0,0.005090161436926136,1.071345367312294,0.0006289943456917268,0.11260163850920346,0.0007053139028680988,0.0007053139028680988,0.45439527614517006,0.45510059004803816,0.010564207981944154,0.00015629862827504226,0.00015629862827504226,0.7324050570971733,0.7325613557254483,0.055552062361774804,0.12065240035651356,0.005111912168458142,1.0714976375026346,0.00011671599814469524,0.00011671599814469524,5.014809755158677e-07,0.16593208628598122,0.1660488022841259,2.519215332317283e-06,0.014244223732868034,0.02048501644048059,True,0.12063525448206239,0.00020946173188551853,0.00020946173188551853,0.2936838059580228,0.2938932676899083,0.0,0.00894864486445357,0.00411454208263824,0.0006506595291475148,0.0006506595291475148,0.0,0.0004286896645115249,0.0,0.00044867368545514725,0.0,0.005090161436926136,0.00010564207981944153,0.000555520623617748,1.504442926547603e-08,2.519215332317283e-08,0.00014244223732868034,0.02048501644048059
0.0,0.01786222321630193,0.02055229326745363,16500,0.0006505604378729284,0.0006505604385234888,0.001296785067465292,-0.001296785067465292,0.09539273322509811,0.09409594815763282,0.0,0.008564117490728645,0.8122067273337867,0.0,0.024213171013230124,0.00029810124205899237,0.0,0.004778910492138292,1.0691296643427284,0.0006260043320625273,0.11260163850920346,0.0003221221791969153,0.0003221221791969153,0.45439527614517006,0.454717398324367,0.01054666421701846,2.9149573510078852e-05,2.9149573510078852e-05,0.7324050570971733,0.7324342066706834,0.055530108793510356,0.12040282359834187,0.004799881915083129,1.069281180093032,0.00035166615764087306,0.00035166615764087306,4.984367795491025e-07,0.16593208628598122,0.1662837524436221,2.5208323994274043e-06,0.014253318279971701,0.02014974000361022,True,0.12038576267508257,0.000454105083942169,-0.000454105083942169,0.2936838059580228,0.2932297008740806,0.0,0.008931111608150966,0.004110458653490727,0.0006505604378729284,0.0006505604378729284,0.0,0.0004282058745364323,0.0,0.00044715186308848855,0.0,0.004778910492138292,0.00010546664217018459,0.0005553010879351035,1.4953103386473074e-08,2.5208323994274045e-08,0.000142533182799717,0.02014974000361022
0.0,0.017839568648134407,0.020539090542300225,16525,0.0007138323092464127,0.0007138323099602449,0.001287201108484154,-0.001287201108484154,0.09539273322509811,0.09410553211661396,0.0,0.008558362145886584,0.8120592233196111,0.0,0.024152312967678183,0.000297583117380526,0.0,0.00459705180979146,1.067801562001118,0.0006243734109246341,0.11260163850920346,0.0001841346141102096,0.0001841346141102096,0.45439527614517006,0.45457941075928027,0.010542989858280418,0.0005252904696623206,0.0005252904696623206,0.7324050570971733,0.7329303475668356,0.0555175512105777,0.12025322597577981,0.004617559088752002,1.0679526238548005,0.0004276128478363783,0.0004276128478363783,4.966851179439339e-07,0.16593208628598122,0.1663596991338176,2.5216131993662704e-06,0.014258291905467112,0.02001600778135902,True,0.12023621616202831,0.0006310370502329854,-0.0006310370502329854,0.2936838059580228,0.2930527689077898,0.0,0.008919784324067204,0.004107818108460045,0.0007138323092464127,0.0007138323092464127,0.0,0.00042791810729432924,0.0,0.000446374676070789,0.0,0.00459705180979146,0.00010542989858280418,0.000555175512105777,1.4900553538318016e-08,2.5216131993662706e-08,0.00014258291905467114,0.02001600778135902
0.0,0.017805584701317767,0.020519261981798976,16550,0.0008187238647513205,0.0008187238655700443,0.0005206899180376784,-0.0005206899180376784,0.09539273322509811,0.09487204330706044,0.0,0.008551422321482757,0.8118246114487142,0.0,0.024037424412818042,0.00029727766783321124,0.0,0.004439745879369884,1.066631418110152,0.0006232757870112471,0.11260163850920346,0.0005372738312750536,-0.0005372738312750536,0.45439527614517006,0.453858002313895,0.010549893705534273,0.0013833859758611844,0.0013833859758611844,0.7324050570971733,0.7337884430730345,0.0555040187128248,0.12012118566420624,0.004459567294004442,1.0667799917191103,0.0002747405577067652,0.0002747405577067652,4.951312692967004e-07,0.16593208628598122,0.16620682684368798,2.5214499934657047e-06,0.014260663466032244,0.019941787936245764,True,0.12010445603091255,0.0008958367861905958,-0.0008958367861905958,0.2936838059580228,0.2927879691718322,0.0,0.008902792350658884,0.0041038523963597955,0.0008187238647513205,0.0008187238647513205,0.0,0.00042757111607413784,0.0,0.00044591650174981686,0.0,0.004439745879369884,0.00010549893705534273,0.000555040187128248,1.485393807890101e-08,2.5214499934657047e-08,0.00014260663466032243,0.019941787936245764
0.0,0.01782183112642377,0.020528743542669724,16575,0.0006582513136062951,0.0006582513142645465,0.0008940296352792226,-0.0008940296352792226,0.09539273322509811,0.09449870358981889,0.0,0.00855473505293701,0.8119367997587363,0.0,0.024092366278600518,0.00029742328990123014,0.0,0.004513587399585603,1.067183237489612,0.0006237984614732376,0.11260163850920346,0.00016913117217942641,-0.00016913117217942641,0.45439527614517006,0.45422614497299063,0.010546541501300633,0.0007888261747609482,0.0007888261747609482,0.7324050570971733,0.7331938832719342,0.05551047584736757,0.12018349395284839,0.0045337791061170135,1.0673333431972378,0.00035006593217681847,0.00035006593217681847,4.958738004783388e-07,0.16593208628598122,0.16628215221815804,2.5215273498781884e-06,0.01425952658024106,0.01986558020321303,True,0.12016659180271907,0.0007705755839863548,-0.0007705755839863548,0.2936838059580228,0.29291323037403644,0.0,0.008910915563211885,0.004105748708533945,0.0006582513136062951,0.0006582513136062951,0.0,0.0004277367526468505,0.0,0.0004461349348518452,0.0,0.004513587399585603,0.00010546541501300632,0.0005551047584736757,1.4876214014350163e-08,2.5215273498781885e-08,0.0001425952658024106,0.01986558020321303
0.0,0.017822878737266845,0.020529345589868818,16600,0.0003222588274200528,0.0003222588277423116,0.00021582184417329175,-0.00021582184417329175,0.09539273322509811,0.09517691138092482,0.0,0.008557273614149336,0.8119251192336636,0.0,0.02408286219159156,0.0002980453211745594,0.0,0.004632128054844243,1.0680597388684694,0.0006254619550555028,0.11260163850920346,0.00035535000537878503,-0.00035535000537878503,0.45439527614517006,0.45403992613979127,0.01054963392251231,0.00044909463878972655,0.00044909463878972655,0.7324050570971733,0.732854151735963,0.05551813095690061,0.12028207430987174,0.0046524433993515284,1.068208822005306,2.395906336699616e-05,2.395906336699616e-05,4.971722700125787e-07,0.16593208628598122,0.1659560453493482,2.519925191727646e-06,0.014253481395813856,0.01964987960851308,True,0.12026528730289902,0.00037965910266590797,-0.00037965910266590797,0.2936838059580228,0.2933041468553569,0.0,0.008911439368633423,0.004105869117973763,0.0003222588274200528,0.0003222588274200528,0.0,0.00042786368070746685,0.0,0.00044706798176183914,0.0,0.004632128054844243,0.00010549633922512311,0.0005551813095690061,1.491516810037736e-08,2.519925191727646e-08,0.00014253481395813856,0.01964987960851308
0.0,0.017835715543540243,0.02053683085492489,16625,0.00017931246055012882,0.00017931246072944127,0.00037016649165634574,-0.00037016649165634574,0.09539273322509811,0.09502256673344177,0.0,0.008560787799670769,0.8120061650953039,0.0,0.02412827220020451,0.0002983927613762657,0.0,0.004723747596572005,1.0687295249261335,0.00062643432780637,0.11260163850920346,4.17901360305617e-05,4.17901360305617e-05,0.45439527614517006,0.4544370662812006,0.010550167066817783,0.00013374069542038125,0.00013374069542038125,0.7324050570971733,0.7325387977925937,0.055526065972304854,0.12035758586473197,0.004744375863855984,1.0688794299036801,6.032928867460985e-05,-6.032928867460985e-05,4.981716420876346e-07,0.16593208628598122,0.1658717569973066,2.5194508349152864e-06,0.01425066524667875,0.019607221654440794,True,0.12034070631714047,2.1655234150319558e-05,2.1655234150319558e-05,0.2936838059580228,0.2937054611921731,0.0,0.008917857771770121,0.004107366170984978,0.00017931246055012882,0.00017931246055012882,0.0,0.0004280393899835385,0.0,0.0004475891420643986,0.0,0.004723747596572005,0.00010550167066817783,0.0005552606597230486,1.4945149262629037e-08,2.5194508349152864e-08,0.0001425066524667875,0.019607221654440794
0.0,0.01782898601212457,0.020532907127148448,16650,0.00021370309504103083,0.00021370309525473393,0.00029021589353461774,-0.00029021589353461774,0.09539273322509811,0.0951025173315635,0.0,0.008558944871001214,0.8119636533493539,0.0,0.02410446783221683,0.0002982102135417488,0.0,0.004675498140321395,1.068377614321658,0.0006259241480793011,0.11260163850920346,0.0001647877993894431,-0.0001647877993894431,0.45439527614517006,0.4542304883457806,0.010549519979907038,0.000284519311930187,0.000284519311930187,0.7324050570971733,0.7326895764091035,0.05552190463985353,0.12031790056344056,0.004695948374116905,1.0685269901142382,1.772555036422263e-05,-1.772555036422263e-05,4.976475437538254e-07,0.16593208628598122,0.165914360735617,2.519698946004146e-06,0.014252138971992687,0.019588813993050392,True,0.12030108060294865,0.00018894270804298285,-0.00018894270804298285,0.2936838059580228,0.2934948632499798,0.0,0.008914493006062285,0.0041065814254296895,0.00021370309504103083,0.00021370309504103083,0.0,0.00042794724355006073,0.0,0.0004473153203126232,0.0,0.004675498140321395,0.00010549519979907037,0.0005552190463985353,1.4929426312614762e-08,2.519698946004146e-08,0.00014252138971992688,0.019588813993050392
0.0,0.01783133115270663,0.020534273095295142,16675,0.00014069224476257678,0.000140692244903269,0.00019901205321019855,-0.00019901205321019855,0.09539273322509811,0.09519372117188792,0.0,0.008559910572955215,0.8119758958339224,0.0,0.024109864980440883,0.0002983625927982707,0.0,0.0047104012013674005,1.0686323626386809,0.0006263455781495939,0.11260163850920346,7.838426548600896e-05,-7.838426548600896e-05,0.45439527614517006,0.45431689187968405,0.0105508607710325,0.00020068441113652025,0.00020068441113652025,0.7324050570971733,0.7326057415083098,0.05552437967753608,0.12034659469014722,0.004730938593285299,1.0687818187698268,7.988979829740006e-05,-7.988979829740006e-05,4.980226741644881e-07,0.16593208628598122,0.16585219648768382,2.519369868377203e-06,0.014250714706700425,0.019552452745319086,True,0.1203297656834004,8.102490811889851e-05,-8.102490811889851e-05,0.2936838059580228,0.2936027810499039,0.0,0.008915665576353315,0.004106854619059029,0.00014069224476257678,0.00014069224476257678,0.0,0.0004279955286477608,0.0,0.00044754388919740604,0.0,0.0047104012013674005,0.00010550860771032501,0.0005552437967753608,1.4940680224934643e-08,2.5193698683772032e-08,0.00014250714706700424,0.019552452745319086
0.0,0.01783858530710747,0.020538498865114514,16700,0.0003313798849462083,0.00033137988527758813,0.00017553086070823398,0.00017553086070823398,0.09539273322509811,0.09556826408580635,0.0,0.008563360188542372,0.8120102267770993,0.0,0.02412562638210064,0.00029890295407016513,0.0,0.0048383862626885975,1.0695585096353322,0.0006278268664808838,0.11260163850920346,3.0695725233842452e-06,-3.0695725233842452e-06,0.45439527614517006,0.4543922065726467,0.01056150068268351,0.0006340589870396096,-0.0006340589870396096,0.7324050570971733,0.7317709981101337,0.055533028918895555,0.12045093846424026,0.0048592724215917385,1.0697084817048237,0.00022477873800388903,-0.00022477873800388903,4.992699008939007e-07,0.16593208628598122,0.16570730754797733,2.518224984236693e-06,0.014245837419259453,0.019876724845299062,True,0.12043405136198518,0.00025629349658579104,0.00025629349658579104,0.2936838059580228,0.2939400994546086,0.0,0.008919292653553734,0.004107699773022903,0.0003313798849462083,0.0003313798849462083,0.0,0.00042816800942711863,0.0,0.00044835443110524773,0.0,0.0048383862626885975,0.0001056150068268351,0.0005553302891889556,1.4978097026817018e-08,2.518224984236693e-08,0.00014245837419259454,0.019876724845299062
0.0,0.01783237204920962,0.02053487950144503,16725,9.288033368239261e-05,9.288033377527293e-05,0.0001453333982255195,-0.0001453333982255195,0.09539273322509811,0.0952473998268726,0.0,0.008560405202694354,0.8119808231523182,0.0,0.024112128150585527,0.000298440068153286,0.0,0.004728605796744898,1.0687648587342757,0.0006265578718259507,0.11260163850920346,6.589305899917797e-05,-6.589305899917797e-05,0.45439527614517006,0.4543293830861709,0.010552154810476179,8.04731568675443e-05,8.04731568675443e-05,0.7324050570971733,0.7324855302540408,0.05552561996249535,0.12036152363268342,0.0047491946221707645,1.068914400687888,0.00010065123882652127,-0.00010065123882652127,4.982014762615485e-07,0.16593208628598122,0.1658314350471547,2.5192052759101104e-06,0.014250013067234415,0.01952364643418486,True,0.1203446849621854,3.2611183563957535e-05,-3.2611183563957535e-05,0.2936838059580228,0.29365119477445883,0.0,0.00891618602460481,0.004106975900289006,9.288033368239261e-05,9.288033368239261e-05,0.0,0.00042802026013471773,0.0,0.00044766010222992896,0.0,0.004728605796744898,0.0001055215481047618,0.0005552561996249536,1.4946044287846456e-08,2.5192052759101105e-08,0.00014250013067234414,0.01952364643418486
0.0,0.017831779426747074,0.020534533462410593,16750,6.380662220665372e-05,6.380662227046033e-05,6.406281101108136e-05,-6.406281101108136e-05,0.09539273322509811,0.09532867041408703,0.0,0.008560444734923872,0.8119754910655084,0.0,0.024108018211560105,0.00029847120992448965,0.0,0.00473580319315352,1.0688171722257862,0.0006266457264519385,0.11260163850920346,4.190619464189416e-05,4.190619464189416e-05,0.45439527614517006,0.45443718233981195,0.010553329907781512,1.0288563139559948e-05,1.0288563139559948e-05,0.7324050570971733,0.7324153456603129,0.05552582438814454,0.12036740584461036,0.004756397407491322,1.0689666398158655,0.00010865675603541347,-0.00010865675603541347,4.9825400151249e-07,0.16593208628598122,0.1658234295299458,2.5191004032410936e-06,0.014249662715209799,0.019501463581584194,True,0.12035057554756874,5.083411413808747e-05,-5.083411413808747e-05,0.2936838059580228,0.2936329718438847,0.0,0.008915889713373537,0.004106906692482119,6.380662220665372e-05,6.380662220665372e-05,0.0,0.00042802223674619363,0.0,0.00044770681488673445,0.0,0.00473580319315352,0.00010553329907781512,0.0005552582438814454,1.4947620045374702e-08,2.5191004032410937e-08,0.000142496627152098,0.019501463581584194
0.0,0.017820803335665825,0.020528132963196583,16775,5.856017177829957e-05,5.8560171836859746e-05,5.148831421311617e-05,5.148831421311617e-05,0.09539273322509811,0.09544422153931123,0.0,0.008558311326070872,0.8118987660476529,0.0,0.024078174725171004,0.00029833525788526,0.0,0.004673621268932542,1.0683638886323221,0.0006261400978815457,0.11260163850920346,6.717469735173509e-05,-6.717469735173509e-05,0.45439527614517006,0.4543281014478183,0.010555377413638576,2.5284980149642422e-05,-2.5284980149642422e-05,0.7324050570971733,0.7323797721170237,0.05552133015478137,0.12031623040887315,0.0046939157523776765,1.0685121576975771,7.085338966753008e-05,-7.085338966753008e-05,4.97563814849839e-07,0.16593208628598122,0.1658612328963137,2.5192459569640423e-06,0.014251227572961508,0.019426947625102328,True,0.12029953506770252,6.575293996818887e-05,-6.575293996818887e-05,0.2936838059580228,0.2936180530180546,0.0,0.008910401667832912,0.004105626592639316,5.856017177829957e-05,5.856017177829957e-05,0.0,0.0004279155663035436,0.0,0.00044750288682789,0.0,0.004673621268932542,0.00010555377413638576,0.0005552133015478137,1.492691444549517e-08,2.5192459569640423e-08,0.00014251227572961508,0.019426947625102328
0.0,0.017773698156089424,0.020500649057804392,16800,0.00032866481685556935,0.0003286648171842341,2.350557755931293e-05,-2.350557755931293e-05,0.09539273322509811,0.0953692276475388,0.0,0.008547881782968395,0.8115794085039906,0.0,0.023966408130416752,0.0002973967320559619,0.0,0.004336431512295395,1.0658515870142504,0.0006229466454209144,0.11260163850920346,0.00044835517592095586,-0.00044835517592095586,0.45439527614517006,0.4539469209692491,0.010567249099903909,0.0004903408902654505,0.0004903408902654505,0.7324050570971733,0.7328953979874387,0.05549798206262711,0.1200329538572333,0.004355527054644695,1.065996416983384,0.0002628983731951251,0.0002628983731951251,4.937715114511029e-07,0.16593208628598122,0.16619498465917634,2.520945718186293e-06,0.014262034236646804,0.01932887708258322,True,0.1200166457639553,0.00017022981826714245,-0.00017022981826714245,0.2936838059580228,0.29351357613975565,0.0,0.008886849078044712,0.0041001298115608785,0.00032866481685556935,0.00032866481685556935,0.0,0.00042739408914841976,0.0,0.00044609509808394285,0.0,0.004336431512295395,0.00010567249099903909,0.0005549798206262712,1.4813145343533086e-08,2.520945718186293e-08,0.00014262034236646803,0.01932887708258322
0.0,0.017751343326477098,0.02048759656415056,16825,0.00037711713273209355,0.00037711713310921067,0.00021934529335519704,-0.00021934529335519704,0.09539273322509811,0.09517338793174292,0.0,0.008542667630216555,0.8114302480118725,0.0,0.02391585903180494,0.00029683627110722107,0.0,0.0041665800485035905,1.0645490514918972,0.0006211297185194996,0.11260163850920346,0.0004895403781624563,-0.0004895403781624563,0.45439527614517006,0.4539057357670076,0.010572452942250702,7.93050805719675e-05,7.93050805719675e-05,0.7324050570971733,0.7324843621777453,0.055485777333160784,0.11988619206139947,0.004185190115169527,1.0646930453385024,0.0005614492141061966,0.0005614492141061966,4.91712026945948e-07,0.16593208628598122,0.16649353550008741,2.5221032030554496e-06,0.014268464357312608,0.019192582864196086,True,0.11986997811689654,0.00031907680114517945,-0.00031907680114517945,0.2936838059580228,0.2933647291568776,0.0,0.008875671663238549,0.0040975193128301125,0.00037711713273209355,0.00037711713273209355,0.0,0.00042713338151082776,0.0,0.0004452544066608316,0.0,0.0041665800485035905,0.00010572452942250702,0.0005548577733316078,1.4751360808378438e-08,2.5221032030554495e-08,0.0001426846435731261,0.019192582864196086
0.0,0.0177032983980695,0.020459506167755697,16850,0.0016129128398672745,0.0016129128414801874,8.182070551353282e-05,8.182070551353282e-05,0.09539273322509811,0.09547455393061165,0.0,0.008533847640989864,0.8110896095707328,0.0,0.023800274669053007,0.0002962978241833187,0.0,0.003915931437304087,1.062577403567934,0.0006189489219121812,0.11260163850920346,0.0007836024596780677,0.0007836024596780677,0.45439527614517006,0.4551788786048481,0.010595166056356553,0.0033344892044595564,-0.0033344892044595564,0.7324050570971733,0.7290705678927137,0.05546729989747125,0.11966397395852031,0.003933742760483549,1.062719556443613,0.0011257120518287644,0.0011257120518287644,4.886023689427835e-07,0.16593208628598122,0.16705779833780998,2.522908814691619e-06,0.01427612433048744,0.02014695961808409,True,0.11964796731037854,2.5804071468626955e-05,-2.5804071468626955e-05,0.2936838059580228,0.29365800188655417,0.0,0.00885164919903475,0.00409190123355114,0.0016129128398672745,0.0016129128398672745,0.0,0.0004266923820494932,0.0,0.0004444467362749781,0.0,0.003915931437304087,0.00010595166056356553,0.0005546729989747125,1.4658071068283506e-08,2.522908814691619e-08,0.00014276124330487441,0.02014695961808409
0.0,0.017743620048572883,0.020483083486651867,16875,0.00036628165197709524,0.0003662816523433769,0.0001730490199883944,-0.0001730490199883944,0.09539273322509811,0.09521968420510972,0.0,0.008541245533372219,0.8113755390952696,0.0,0.023897296595662337,0.00029674898134266685,0.0,0.004125238595719606,1.0642280203316248,0.0006207767046464079,0.11260163850920346,0.00037398569856855746,-0.00037398569856855746,0.45439527614517006,0.4540212904466015,0.01057565910439742,4.060985819409613e-05,-4.060985819409613e-05,0.7324050570971733,0.7323644472389792,0.05548279676406701,0.11984998373429288,0.004143687963459153,1.0643714840861942,0.0006519792743797104,0.0006519792743797104,4.912114235896709e-07,0.16593208628598122,0.16658406556036093,2.5222308734903815e-06,0.01426968800002659,0.01913545411533248,True,0.11983382947902704,0.0002725322794844276,-0.0002725322794844276,0.2936838059580228,0.29341127367853836,0.0,0.008871810024286442,0.004096616697330374,0.00036628165197709524,0.00036628165197709524,0.0,0.00042706227666861095,0.0,0.0004451234720140003,0.0,0.004125238595719606,0.00010575659104397422,0.0005548279676406701,1.4736342707690125e-08,2.5222308734903816e-08,0.0001426968800002659,0.01913545411533248
0.0,0.01773765341300959,0.02047959630066726,16900,0.00038111216181746044,0.0003811121621985726,0.00014114482558395813,-0.00014114482558395813,0.09539273322509811,0.09525158839951416,0.0,0.008540115230223855,0.811333510681709,0.0,0.023882860933537385,0.00029667526362706326,0.0,0.004092583589147693,1.063973303722316,0.00062048815463208,0.11260163850920346,0.000276491416462632,-0.000276491416462632,0.45439527614517006,0.4541187847287074,0.010578313994768032,0.0002169720387651397,-0.0002169720387651397,0.7324050570971733,0.7321880850584082,0.05548040451578081,0.11982126051506009,0.004110912372445269,1.0641163970638188,0.000723103760346705,0.000723103760346705,4.908138827942035e-07,0.16593208628598122,0.16665519004632792,2.522345293705831e-06,0.014270690379409803,0.019113794411324193,True,0.1198051479689162,0.0002447593141808313,-0.0002447593141808313,0.2936838059580228,0.29343904664384196,0.0,0.008868826706504795,0.004095919260133452,0.00038111216181746044,0.00038111216181746044,0.0,0.00042700576151119275,0.0,0.0004450128954405949,0.0,0.004092583589147693,0.00010578313994768033,0.0005548040451578082,1.4724416483826105e-08,2.522345293705831e-08,0.00014270690379409803,0.019113794411324193
0.0,0.017737361887554592,0.0204794211674124,16925,0.00028054601500048036,0.0002805460152810264,0.00015431556540521085,0.00015431556540521085,0.09539273322509811,0.09554704879050332,0.0,0.00854111917159565,0.8113225589392326,0.0,0.02387988430991859,0.0002969653491386551,0.0,0.0041346713727921066,1.0643014103483905,0.0006212189363157984,0.11260163850920346,1.796992223823679e-05,1.796992223823679e-05,0.45439527614517006,0.4544132460674083,0.010577744313899072,0.00011376430045584307,-0.00011376430045584307,0.7324050570971733,0.7322912927967175,0.05548372670800393,0.11985813552765133,0.004153013548258858,1.0644438790596815,0.000595548870845175,0.000595548870845175,4.913661945649532e-07,0.16593208628598122,0.1665276351568264,2.5215967308574903e-06,0.014267977447025649,0.019055620988982558,True,0.11984209331589898,4.211113861629645e-05,4.211113861629645e-05,0.2936838059580228,0.2937259170966391,0.0,0.008868680943777296,0.00409588423348248,0.00028054601500048036,0.00028054601500048036,0.0,0.0004270559585797826,0.0,0.00044544802370798266,0.0,0.0041346713727921066,0.00010577744313899071,0.0005548372670800393,1.4740985836948596e-08,2.5215967308574905e-08,0.0001426797744702565,0.019055620988982558
0.0,0.01774031025392997,0.02048114496807352,16950,0.0002619581665065757,0.0002619581667685339,8.722392927675016e-05,8.722392927675016e-05,0.09539273322509811,0.09547995715437486,0.0,0.008541483146808132,0.8113449243719788,0.0,0.02388733943939377,0.0002969540313249164,0.0,0.004143116198406248,1.064367042796809,0.0006212406306241054,0.11260163850920346,5.232498410578934e-05,-5.232498410578934e-05,0.45439527614517006,0.45434295116106427,0.010576255066721529,6.505767759590331e-05,6.505767759590331e-05,0.7324050570971733,0.7324701147747692,0.055484329238877396,0.11986555234590571,0.0041615074346188375,1.064509746818747,0.0005730205114278797,0.0005730205114278797,4.914758320513508e-07,0.16593208628598122,0.1665051067974091,2.521657395893617e-06,0.014267910924451883,0.01904728860296972,True,0.11984948363778661,1.3397012811333653e-05,-1.3397012811333653e-05,0.2936838059580228,0.29367040894521146,0.0,0.008870155126964985,0.004096228993614704,0.0002619581665065757,0.0002619581665065757,0.0,0.00042707415734040665,0.0,0.0004454310469873746,0.0,0.004143116198406248,0.0001057625506672153,0.000554843292388774,1.4744274961540523e-08,2.521657395893617e-08,0.00014267910924451883,0.01904728860296972
0.0,0.017737367062066967,0.020479425517411984,16975,0.0002804397189186308,0.0002804397191990705,1.5901048502589554e-05,1.5901048502589554e-05,0.09539273322509811,0.0954086342736007,0.0,0.008540526535206048,0.8113275469480381,0.0,0.02387967834033288,0.0002968254945055602,0.0,0.004113338789390397,1.0641353162414469,0.000620874404511349,0.11260163850920346,2.7107639846035703e-05,-2.7107639846035703e-05,0.45439527614517006,0.454368168505324,0.010576668362294447,3.44844261820354e-05,-3.44844261820354e-05,0.7324050570971733,0.7323705726709913,0.05548200302068429,0.11983945729355697,0.004131661308522246,1.0642780001907515,0.0006174452772323424,0.0006174452772323424,4.911290945117728e-07,0.16593208628598122,0.16654953156321356,2.5219220255030407e-06,0.014269153636566282,0.01903392991463209,True,0.11982339084564947,9.907909474321519e-05,-9.907909474321519e-05,0.2936838059580228,0.2935847268632796,0.0,0.008868683531033483,0.004095885103482397,0.0002804397189186308,0.0002804397189186308,0.0,0.0004270263267603024,0.0,0.0004452382417583403,0.0,0.004113338789390397,0.00010576668362294447,0.0005548200302068429,1.4733872835353182e-08,2.5219220255030407e-08,0.00014269153636566281,0.01903392991463209
0.0,0.01773223615702857,0.02047642331434217,17000,0.00025699142925935303,0.00025699142951634445,0.0002511375847756153,-0.0002511375847756153,0.09539273322509811,0.0951415956403225,0.0,0.008538930726582726,0.8112964014032922,0.0,0.0238710860282018,0.0002967006278073943,0.0,0.004058407836598343,1.063705634261016,0.0006204376187579348,0.11260163850920346,0.00020249126242788407,0.00020249126242788407,0.45439527614517006,0.45459776740759794,0.010570998315267883,0.00012538459062105822,-0.00012538459062105822,0.7324050570971733,0.7322796725065522,0.05547890298761058,0.11979101361917754,0.004076538816236509,1.0638477784753433,0.00045445779611502646,0.00045445779611502646,4.907634712216112e-07,0.16593208628598122,0.16638654408209624,2.5220969826128582e-06,0.014270313156059517,0.018952041573743986,True,0.11977500794631825,6.242589496968654e-05,6.242589496968654e-05,0.2936838059580228,0.2937462318529925,0.0,0.008866118078514285,0.004095284662868434,0.00025699142925935303,0.00025699142925935303,0.0,0.00042694653632913636,0.0,0.00044505094171109143,0.0,0.004058407836598343,0.00010570998315267883,0.0005547890298761058,1.4722904136648336e-08,2.5220969826128582e-08,0.00014270313156059517,0.018952041573743986
0.0,0.017732961694618243,0.020476846640633036,17025,0.00024016813783116613,0.00024016813807133425,0.00031898227019583336,-0.00031898227019583336,0.09539273322509811,0.09507375095490228,0.0,0.008538903789223761,0.8113028662459815,0.0,0.023873244817108206,0.00029669378099511027,0.0,0.004056312431380366,1.0636891861416078,0.0006204291005300936,0.11260163850920346,0.00016793125993380675,0.00016793125993380675,0.45439527614517006,0.45456320740510386,0.010568702730736144,2.5229237502144564e-05,-2.5229237502144564e-05,0.7324050570971733,0.7323798278596712,0.055478913851999864,0.1197891567663663,0.00407443332988979,1.063831288016848,0.00038877721019928146,0.00038877721019928146,4.908111410147879e-07,0.16593208628598122,0.1663208634961805,2.5220970292673457e-06,0.014270240724670336,0.0189335351239797,True,0.11977315586095802,8.166298038730924e-05,8.166298038730924e-05,0.2936838059580228,0.2937654689384101,0.0,0.008866480847309122,0.004095369328126607,0.00024016813783116613,0.00024016813783116613,0.0,0.0004269451894611881,0.0,0.0004450406714926654,0.0,0.004056312431380366,0.00010568702730736144,0.0005547891385199986,1.4724334230443637e-08,2.5220970292673456e-08,0.00014270240724670335,0.0189335351239797
0.0,0.01764739151329897,0.02042669901845366,17050,0.0069863040064438945,0.006986304013430198,0.0030189040317327165,-0.0030189040317327165,0.09539273322509811,0.0923738291933654,0.0,0.008517655908025838,0.8107433993064583,0.0,0.023699272368506216,0.00029592903256326616,0.0,0.0034304723328474254,1.0585702341880876,0.0006166961576579869,0.11260163850920346,0.00022226272588660168,-0.00022226272588660168,0.45439527614517006,0.45417301341928346,0.01048844930720066,0.014627579015089043,-0.014627579015089043,0.7324050570971733,0.7177774780820843,0.055443303706177595,0.11921279104400614,0.003447176684589696,1.058712662046527,0.0029297841242501843,-0.0029297841242501843,4.87356300425645e-07,0.16593208628598122,0.16300230216173103,2.521565479305469e-06,0.01427665885742697,0.024997712198929586,True,0.11919675343235223,0.003511315097060097,0.003511315097060097,0.2936838059580228,0.2971951210550829,0.0,0.008823695756649486,0.0040853398036907315,0.0069863040064438945,0.0069863040064438945,0.0,0.0004258827954012919,0.0,0.0004438935488448992,0.0,0.0034304723328474254,0.0001048844930720066,0.000554433037061776,1.462068901276935e-08,2.521565479305469e-08,0.0001427665885742697,0.024997712198929586
0.0,0.017731785884883,0.020476158356184826,17075,0.00023621469783509182,0.00023621469807130651,0.0003578596591938682,-0.0003578596591938682,0.09539273322509811,0.09503487356590425,0.0,0.008538609581308431,0.8112951896222738,0.0,0.023870860203893913,0.0002966830566890526,0.0,0.00404709867055735,1.0636168112259436,0.0006203770437148449,0.11260163850920346,5.0906975012976474e-05,5.0906975012976474e-05,0.45439527614517006,0.45444618312018303,0.010567505922900868,0.00011688769011908295,-0.00011688769011908295,0.7324050570971733,0.7322881694070542,0.05547841885789405,0.11978098927366371,0.004065178663126163,1.0637587536196103,0.00034371804310373566,0.00034371804310373566,4.907635991363571e-07,0.16593208628598122,0.16627580432908495,2.5220895690112597e-06,0.014270328062386888,0.018919595518405392,True,0.11976500632614352,0.00012855752364149264,0.00012855752364149264,0.2936838059580228,0.2938123634816643,0.0,0.0088658929424415,0.004095231671236966,0.00023621469783509182,0.00023621469783509182,0.0,0.00042693047906542156,0.0,0.0004450245850335789,0.0,0.00404709867055735,0.00010567505922900868,0.0005547841885789406,1.4722907974090712e-08,2.5220895690112597e-08,0.0001427032806238689,0.018919595518405392
0.0,0.017731921292115205,0.020476235753564283,17100,0.00020338883726941595,0.00020338883747280477,0.0003409524181478135,-0.0003409524181478135,0.09539273322509811,0.0950517808069503,0.0,0.008538575378107465,0.8112966670770798,0.0,0.02386895169569884,0.0002967062902001714,0.0,0.004050436208941056,1.063643037395626,0.0006204542702406163,0.11260163850920346,4.177152877704593e-06,4.177152877704593e-06,0.45439527614517006,0.45439945329804776,0.010565359872729723,4.369884886890052e-05,-4.369884886890052e-05,0.7324050570971733,0.7323613582483044,0.05547858095242405,0.11978392465728406,0.004068503564038174,1.063784822364244,0.00026278629526177433,0.00026278629526177433,4.90870285246338e-07,0.16593208628598122,0.166194872581243,2.5219781820464293e-06,0.0142698812817405,0.018890199214145885,True,0.11976795943608384,0.0001400102482885246,0.0001400102482885246,0.2936838059580228,0.2938238162063113,0.0,0.008865960646057602,0.004095247150712857,0.00020338883726941595,0.00020338883726941595,0.0,0.00042692876890537327,0.0,0.0004450594353002571,0.0,0.004050436208941056,0.00010565359872729723,0.0005547858095242405,1.4726108557390139e-08,2.5219781820464293e-08,0.000142698812817405,0.018890199214145885
0.0,0.017728811853769066,0.02047440812753048,17125,9.008878356022824e-05,9.008878365031702e-05,0.00011523088074445742,-0.00011523088074445742,0.09539273322509811,0.09527750234435366,0.0,0.008537575816377735,0.811278394079346,0.0,0.02384392376903489,0.00029677129584748045,0.0,0.004054417640747331,1.0636743091108756,0.0006206984060503349,0.11260163850920346,1.058693146205325e-05,-1.058693146205325e-05,0.45439527614517006,0.454384689213708,0.010556447982008648,8.456256109301563e-05,-8.456256109301563e-05,0.7324050570971733,0.7323204945360803,0.0554776776279386,0.11978734165844822,0.004072375703766005,1.0638151682890988,0.00011148866482893482,-0.00011148866482893482,4.912147286232977e-07,0.16593208628598122,0.16582059762115228,2.521431207663131e-06,0.014267990580058875,0.01877889082394229,True,0.11977148068277264,8.72304796449841e-05,8.72304796449841e-05,0.2936838059580228,0.2937710364376678,0.0,0.008864405926884533,0.004094881625506096,9.008878356022824e-05,9.008878356022824e-05,0.0,0.0004268787908188868,0.0,0.00044515694377122067,0.0,0.004054417640747331,0.00010556447982008649,0.000554776776279386,1.473644185869893e-08,2.521431207663131e-08,0.00014267990580058874,0.01877889082394229
0.0,0.0177278889578093,0.02047386834041711,17150,5.606645946162485e-05,5.606645951769131e-05,6.262696646497368e-05,-6.262696646497368e-05,0.09539273322509811,0.09533010625863314,0.0,0.008537139094650745,0.8112741942683135,0.0,0.02383732937261357,0.00029671327976718554,0.0,0.00404806479965288,1.0636244041202185,0.0006205747641789428,0.11260163850920346,3.082268794590837e-05,-3.082268794590837e-05,0.45439527614517006,0.45436445345722415,0.010556571039301193,1.2561583294767864e-05,-1.2561583294767864e-05,0.7324050570971733,0.7323924955138785,0.055476619891132395,0.11978172220488043,0.004066008724973981,1.0637652626825451,9.438258420554901e-05,-9.438258420554901e-05,4.91120620899322e-07,0.16593208628598122,0.16583770370177567,2.5215096103932116e-06,0.014268320199867294,0.018737831340503632,True,0.1197658612985558,4.218055022447986e-05,-4.218055022447986e-05,0.2936838059580228,0.2936416254077983,0.0,0.00886394447890465,0.004094773668083422,5.606645946162485e-05,5.606645946162485e-05,0.0,0.00042685695473253726,0.0,0.0004450699196507783,0.0,0.00404806479965288,0.00010556571039301194,0.000554766198911324,1.473361862697966e-08,2.5215096103932116e-08,0.00014268320199867295,0.018737831340503632
0.0,0.017719601907404625,0.020469026896340232,17175,0.00022899757103270952,0.0002289975712617071,2.4930093815725418e-05,-2.4930093815725418e-05,0.09539273322509811,0.09536780313128239,0.0,0.008534837584757139,0.8112220000158912,0.0,0.023814940452098077,0.00029639457782452007,0.0,0.003981017181971538,1.0630953023764174,0.0006196659927426021,0.11260163850920346,0.00022200845007408487,0.00022200845007408487,0.45439527614517006,0.45461728459524414,0.010564131072001576,0.00020369686131349596,-0.00020369686131349596,0.7324050570971733,0.7322013602358598,0.05547071144640576,0.11972218276006091,0.003998855050078432,1.063236500931649,0.00023240293345064278,0.00023240293345064278,4.901481593308655e-07,0.16593208628598122,0.16616448921943186,2.522220881438966e-06,0.01427170388261975,0.01883806022261311,True,0.11970628356997472,0.0003417406062372619,-0.0003417406062372619,0.2936838059580228,0.29334206535178553,0.0,0.008859800953702313,0.0040938053792680465,0.00022899757103270952,0.00022899757103270952,0.0,0.00042674187923785696,0.0,0.0004445918667367801,0.0,0.003981017181971538,0.00010564131072001576,0.0005547071144640576,1.4704444779925966e-08,2.522220881438966e-08,0.00014271703882619752,0.01883806022261311
0.0,0.01772607461342912,0.020472808462358928,17200,6.066663223088581e-05,6.066663229155245e-05,5.448142508045206e-05,-5.448142508045206e-05,0.09539273322509811,0.09533825180001766,0.0,0.008536634963770665,0.811262768905189,0.0,0.023832429390563434,0.00029664374924074933,0.0,0.004033308142750387,1.0635083312861422,0.0006203756055459534,0.11260163850920346,2.5110245212400795e-05,2.5110245212400795e-05,0.45439527614517006,0.45442038639038246,0.010558090108452111,5.147967488261518e-05,-5.147967488261518e-05,0.7324050570971733,0.7323535774222907,0.05547532576058223,0.11976865843165449,0.004051226399340642,1.0636492450806814,2.3197227459081926e-05,-2.3197227459081926e-05,4.909075842433255e-07,0.16593208628598122,0.16590888905852214,2.5216650786853463e-06,0.014269059545893742,0.01872643584424487,True,0.11975279130609168,0.00010777375834014613,-0.00010777375834014613,0.2936838059580228,0.29357603219968265,0.0,0.00886303730671456,0.004094561692471786,6.066663223088581e-05,6.066663223088581e-05,0.0,0.0004268317481885333,0.0,0.00044496562386112397,0.0,0.004033308142750387,0.00010558090108452112,0.0005547532576058223,1.4727227527299764e-08,2.5216650786853464e-08,0.00014269059545893742,0.01872643584424487
0.0,0.017726506304690304,0.020473061534445027,17225,4.725231654763438e-05,4.7252316594886694e-05,4.060822657203644e-05,-4.060822657203644e-05,0.09539273322509811,0.09535212499852608,0.0,0.00853683627140162,0.8112648054935392,0.0,0.023834617099224235,0.0002966598054021206,0.0,0.0040375514033338215,1.0635417296218306,0.0006204146064919527,0.11260163850920346,1.870555595945289e-05,1.870555595945289e-05,0.45439527614517006,0.4544139817011295,0.01055907779938433,6.743448341728353e-06,-6.743448341728353e-06,0.7324050570971733,0.7323983136488316,0.055475705199908965,0.11977242573490729,0.00405548653287101,1.0636827019909725,1.1062864817890095e-05,1.1062864817890095e-05,4.909241537958787e-07,0.16593208628598122,0.1659431491507991,2.5216610386833026e-06,0.01426901782725629,0.01871757865338937,True,0.11975655201374767,9.485315047652598e-05,-9.485315047652598e-05,0.2936838059580228,0.29358895280754627,0.0,0.008863253152345152,0.004094612306889006,4.725231654763438e-05,4.725231654763438e-05,0.0,0.00042684181357008106,0.0,0.0004449897081031809,0.0,0.0040375514033338215,0.0001055907779938433,0.0005547570519990896,1.4727724613876361e-08,2.5216610386833027e-08,0.0001426901782725629,0.01871757865338937
0.0,0.017726794104303112,0.020473230104697877,17250,3.393499429918996e-05,3.3934994333124956e-05,3.7699192475731946e-05,3.7699192475731946e-05,0.09539273322509811,0.09543043241757385,0.0,0.008537248846269432,0.8112638585835182,0.0,0.023836784543416784,0.0002967277555607962,0.0,0.004049214762163498,1.0636334405966195,0.0006205779074274388,0.11260163850920346,2.3708968589941648e-05,-2.3708968589941648e-05,0.45439527614517006,0.4543715671765801,0.010560756747874918,1.529456960214226e-05,-1.529456960214226e-05,0.7324050570971733,0.7323897625275712,0.05547669340410655,0.11978275273104358,0.004067175963429797,1.0637744146459205,5.3176773656377074e-05,5.3176773656377074e-05,4.910165653875889e-07,0.16593208628598122,0.1659852630596376,2.5215406693657712e-06,0.01426857157335873,0.01871624706836554,True,0.11976687882069527,2.6699846089606183e-05,-2.6699846089606183e-05,0.2936838059580228,0.2936571061119332,0.0,0.008863397052151556,0.004094646020939576,3.393499429918996e-05,3.393499429918996e-05,0.0,0.0004268624423134716,0.0,0.0004450916333411943,0.0,0.004049214762163498,0.00010560756747874918,0.0005547669340410655,1.4730496961627667e-08,2.5215406693657712e-08,0.00014268571573358729,0.01871624706836554
0.0,0.01772662575828987,0.020473131512119293,17275,3.28512524293027e-05,3.285125246215395e-05,7.853838767057919e-06,-7.853838767057919e-06,0.09539273322509811,0.09538487938633106,0.0,0.008537008857076218,0.8112644093954138,0.0,0.023835522458775592,0.00029668820759646864,0.0,0.004042425572008222,1.0635800721296242,0.0006204828793623286,0.11260163850920346,3.635498877496701e-07,3.635498877496701e-07,0.45439527614517006,0.4543956396950578,0.010559776813539857,1.042959358554807e-05,-1.042959358554807e-05,0.7324050570971733,0.7323946275035877,0.05547611777280353,0.11977674325483487,0.004060371614262477,1.0637210453010815,2.867488206115265e-05,2.867488206115265e-05,4.909628079275866e-07,0.16593208628598122,0.16596076116804237,2.521610683612933e-06,0.014268831136738396,0.018708185962476722,True,0.1197608694433332,6.635648955588547e-05,-6.635648955588547e-05,0.2936838059580228,0.2936174494684669,0.0,0.008863312879144936,0.004094626302423859,3.28512524293027e-05,3.28512524293027e-05,0.0,0.0004268504428538109,0.0,0.00044503231139470293,0.0,0.004042425572008222,0.00010559776813539858,0.0005547611777280353,1.4728884237827598e-08,2.521610683612933e-08,0.00014268831136738397,0.018708185962476722
0.0,0.01772656434521558,0.020473095566158266,17300,1.993073571262916e-05,1.993073573255989e-05,1.1896920789206122e-06,1.1896920789206122e-06,0.09539273322509811,0.09539392291717703,0.0,0.008537101829569823,0.8112630835681682,0.0,0.023836567897923006,0.00029670915837638854,0.0,0.0040438652158345505,1.063591392623802,0.0006205244234664387,0.11260163850920346,1.362393598514089e-05,1.362393598514089e-05,0.45439527614517006,0.4544089000811552,0.01056000520709173,5.092450632293577e-06,-5.092450632293577e-06,0.7324050570971733,0.732399964646541,0.05547637705650841,0.11977801624504025,0.004061812507239772,1.0637323505547989,3.5701679833965994e-05,3.5701679833965994e-05,4.90982684739465e-07,0.16593208628598122,0.16596778796581518,2.521574976334119e-06,0.014268720274384977,0.01869670703703985,True,0.11976214414963958,2.2329378379759568e-05,-2.2329378379759568e-05,0.2936838059580228,0.29366147657964303,0.0,0.00886328217260779,0.004094619113231653,1.993073571262916e-05,1.993073571262916e-05,0.0,0.00042685509147849114,0.0,0.0004450637375645828,0.0,0.0040438652158345505,0.0001056000520709173,0.0005547637705650841,1.4729480542183948e-08,2.521574976334119e-08,0.00014268720274384977,0.01869670703703985
0.0,0.017723968773765808,0.020471577436052723,17325,5.886737522900444e-05,5.886737528787182e-05,3.510926169832118e-05,-3.510926169832118e-05,0.09539273322509811,0.09535762396339979,0.0,0.008536559383387819,0.8112452267158368,0.0,0.023833790006913054,0.0002966818171793942,0.0,0.004023166993163291,1.0634284399395357,0.0006203839053648604,0.11260163850920346,4.185071378132177e-05,-4.185071378132177e-05,0.45439527614517006,0.45435342543138874,0.010559680610671179,6.482640181693089e-05,-6.482640181693089e-05,0.7324050570971733,0.7323402306953564,0.05547532188375082,0.11975965320343646,0.0040410521986531615,1.063569270867717,5.1855335792161394e-05,5.1855335792161394e-05,4.908087487658895e-07,0.16593208628598122,0.16598394162177338,2.521629423924936e-06,0.014269202739422103,0.01871326693031937,True,0.11974379540876219,8.632067332198234e-05,8.632067332198234e-05,0.2936838059580228,0.2937701266313448,0.0,0.008861984386882904,0.004094315487210545,5.886737522900444e-05,5.886737522900444e-05,0.0,0.00042682796916939097,0.0,0.0004450227257690913,0.0,0.004023166993163291,0.00010559680610671179,0.0005547532188375082,1.4724262462976686e-08,2.5216294239249363e-08,0.00014269202739422104,0.01871326693031937
0.0,0.017725858978603237,0.020472683007121368,17350,2.064680450041881e-05,2.0646804521065614e-05,8.659886217537993e-06,-8.659886217537993e-06,0.09539273322509811,0.09538407333888058,0.0,0.008536954729208068,0.8112582428934586,0.0,0.023835814298608787,0.0002967017666776388,0.0,0.004038245923877468,1.0635471944611048,0.0006204863224017634,0.11260163850920346,2.5157658869456867e-06,-2.5157658869456867e-06,0.45439527614517006,0.4543927603792831,0.010559912922291973,1.98051430732038e-05,-1.98051430732038e-05,0.7324050570971733,0.7323852519541001,0.055476091137612746,0.11977303546861012,0.00405617624107774,1.063688116953461,4.0088051906556066e-05,4.0088051906556066e-05,4.909355284182123e-07,0.16593208628598122,0.16597217433788777,2.5215897282481744e-06,0.014268851031307482,0.0186913477004559,True,0.11975716736365878,7.129823247742362e-06,7.129823247742362e-06,0.2936838059580228,0.29369093578127053,0.0,0.008862929489301619,0.004094536601424273,2.064680450041881e-05,2.064680450041881e-05,0.0,0.00042684773646040346,0.0,0.00044505265001645823,0.0,0.004038245923877468,0.00010559912922291973,0.0005547609113761275,1.4728065852546368e-08,2.5215897282481745e-08,0.0001426885103130748,0.0186913477004559
0.0,0.017724533991508418,0.02047190729042704,17375,2.400701187348313e-05,2.400701189749014e-05,1.643627031522321e-05,1.643627031522321e-05,0.09539273322509811,0.09540916949541334,0.0,0.008536640727251871,0.8112494502939627,0.0,0.023831922392288245,0.0002966943812834411,0.0,0.004031054777639191,1.0634905881027983,0.0006204507215272947,0.11260163850920346,1.6701100287619397e-05,1.6701100287619397e-05,0.45439527614517006,0.4544119772454577,0.010559250044182303,2.9657413866734927e-05,-2.9657413866734927e-05,0.7324050570971733,0.7323753996833066,0.05547554922840703,0.11976664932763485,0.004048955384092986,1.0636314024998113,2.4917597728851826e-05,2.4917597728851826e-05,4.90893689560213e-07,0.16593208628598122,0.16595700388371007,2.5215660997114997e-06,0.01426888431083342,0.01868666062994596,True,0.11975079339439737,2.884712281492341e-05,2.884712281492341e-05,0.2936838059580228,0.2937126530808377,0.0,0.008862266995754209,0.004094381458085408,2.400701187348313e-05,2.400701187348313e-05,0.0,0.0004268320363625936,0.0,0.0004450415719251616,0.0,0.004031054777639191,0.00010559250044182303,0.0005547554922840703,1.4726810686806389e-08,2.5215660997115e-08,0.0001426888431083342,0.01868666062994596
0.0,0.01771695600790335,0.020467474462218,17400,7.789603854771145e-05,7.789603862560749e-05,5.166698016388638e-05,-5.166698016388638e-05,0.09539273322509811,0.09534106624493423,0.0,0.008534446998110632,0.8112024728283586,0.0,0.02381462065191886,0.0002964913212248355,0.0,0.003965143319374712,1.0629693839843992,0.000619812573457263,0.11260163850920346,8.495773296590681e-05,8.495773296590681e-05,0.45439527614517006,0.45448023387813596,0.010558094902670118,0.0001185043914569972,-0.0001185043914569972,0.7324050570971733,0.7322865527057163,0.05547080689630644,0.1197079436100164,0.003982877775780247,1.0631100449673445,6.897883846887498e-05,6.897883846887498e-05,4.902690136927503e-07,0.16593208628598122,0.1660010651244501,2.5219139587777338e-06,0.014270886248416567,0.018669509393744416,True,0.11969210495145585,4.062388443687448e-05,4.062388443687448e-05,0.2936838059580228,0.29372442984245967,0.0,0.008858478003951675,0.0040934948924436,7.789603854771145e-05,7.789603854771145e-05,0.0,0.0004267223499055316,0.0,0.00044473698183725326,0.0,0.003965143319374712,0.00010558094902670118,0.0005547080689630644,1.4708070410782507e-08,2.5219139587777338e-08,0.00014270886248416567,0.018669509393744416
0.0,0.017715720055558992,0.02046675110287546,17425,5.9216674819883604e-05,5.921667487910028e-05,5.024519955799944e-05,-5.024519955799944e-05,0.09539273322509811,0.09534248802554011,0.0,0.008534074728646663,0.8111950098004709,0.0,0.023811703866320654,0.00029646180182295675,0.0,0.003954523596260712,1.062885002951902,0.0006197193195000435,0.11260163850920346,5.4210795718823146e-05,5.4210795718823146e-05,0.45439527614517006,0.4544494869408889,0.010557629312462444,6.599516179273124e-05,-6.599516179273124e-05,0.7324050570971733,0.7323390619353806,0.055470036585636026,0.11969843873722051,0.003972230475367478,1.06302563347851,7.295659081263395e-05,7.295659081263395e-05,4.901827196686573e-07,0.16593208628598122,0.16600504287679385,2.5219543968267536e-06,0.01427114945314467,0.01863937503713994,True,0.11968260350809373,4.890456977157953e-05,4.890456977157953e-05,0.2936838059580228,0.29373271052779437,0.0,0.008857860027779496,0.004093350220575092,5.9216674819883604e-05,5.9216674819883604e-05,0.0,0.00042670373643233315,0.0,0.0004446927027344351,0.0,0.003954523596260712,0.00010557629312462443,0.0005547003658563603,1.4705481590059719e-08,2.5219543968267536e-08,0.0001427114945314467,0.01863937503713994
0.0,0.017699044370946604,0.02045698896379723,17450,8.650515485452124e-05,8.65051549410264e-05,1.0296385300187505e-05,1.0296385300187505e-05,0.09539273322509811,0.0954030296103983,0.0,0.00852909630548023,0.8110937937827888,0.0,0.02376802932986914,0.00029606784182732514,0.0,0.003821342328805694,1.0618170067926755,0.0006185018051561069,0.11260163850920346,0.00014837311864401848,0.00014837311864401848,0.45439527614517006,0.4545436492638141,0.010553312613932336,2.6774295595943798e-05,2.6774295595943798e-05,0.7324050570971733,0.7324318313927692,0.05545973799562577,0.11957816545957903,0.0038387321505510526,1.061957502778526,9.734185783630278e-05,9.734185783630278e-05,4.890484789019993e-07,0.16593208628598122,0.16602942814381752,2.5224640888176987e-06,0.014274537950410017,0.018522239821602896,True,0.11956234537996335,7.143396306219518e-05,7.143396306219518e-05,0.2936838059580228,0.293755239921085,0.0,0.008849522185473302,0.004091397792759446,8.650515485452124e-05,8.650515485452124e-05,0.0,0.0004264548152740115,0.0,0.0004441017627409877,0.0,0.003821342328805694,0.00010553312613932336,0.0005545973799562577,1.467145436705998e-08,2.5224640888176987e-08,0.00014274537950410016,0.018522239821602896
0.0,0.017676468574897797,0.020443765515196916,17475,0.00025890384236093664,0.0002589038426198405,6.6380763029810774e-06,6.6380763029810774e-06,0.09539273322509811,0.0953993713014011,0.0,0.008521264765923854,0.8109667816369653,0.0,0.02370047044316556,0.0002953289495149569,0.0,0.003625400838253832,1.060211301582459,0.0006164069147415598,0.11260163850920346,0.0004699311300445652,0.0004699311300445652,0.45439527614517006,0.4548652072752146,0.010536216730518543,0.00022675714257802682,0.00022675714257802682,0.7324050570971733,0.7326318142397513,0.05544293669913928,0.11939741679987047,0.003642399921634862,1.0603522983956275,6.989176264052266e-05,6.989176264052266e-05,4.87288757028421e-07,0.16593208628598122,0.16600197804862174,2.5235284454791443e-06,0.014280375299871282,0.018482983874914136,True,0.11938154032627314,0.0002407758446760777,-0.0002407758446760777,0.2936838059580228,0.2934430301133467,0.0,0.008838234287448898,0.004088753103039383,0.00025890384236093664,0.00025890384236093664,0.0,0.00042606323829619275,0.0,0.00044299342427243536,0.0,0.003625400838253832,0.00010536216730518542,0.0005544293669913928,1.461866271085263e-08,2.5235284454791443e-08,0.00014280375299871283,0.018482983874914136
0.0,0.017684697074747846,0.020448586595538817,17500,0.00010514624808527216,0.00010514624819041841,3.220447685560457e-05,-3.220447685560457e-05,0.09539273322509811,0.09536052874824251,0.0,0.008523932869713915,0.811014762440845,0.0,0.023724016762328645,0.0002955519569213294,0.0,0.00369082380345284,1.0607521506076356,0.000617066131262298,0.11260163850920346,2.5411357019222702e-05,2.5411357019222702e-05,0.45439527614517006,0.4544206875021893,0.010541710897985977,9.555780862013918e-05,9.555780862013918e-05,0.7324050570971733,0.7325006149057934,0.05544850801081681,0.11945828604973477,0.0037079416125914335,1.0608928699651399,7.994786040246837e-05,7.994786040246837e-05,4.878628727276128e-07,0.16593208628598122,0.16601203414638369,2.5232349208161314e-06,0.014278576192427046,0.018400288306135174,True,0.11944244081810262,0.0001951226459852573,-0.0001951226459852573,0.2936838059580228,0.29348868331203753,0.0,0.008842348537373923,0.004089717319107763,0.00010514624808527216,0.00010514624808527216,0.0,0.00042619664348569577,0.0,0.0004433279353819941,0.0,0.00369082380345284,0.00010541710897985976,0.0005544850801081681,1.4635886181828382e-08,2.5232349208161314e-08,0.00014278576192427046,0.018400288306135174
0.0,0.01768146361160705,0.0204466926426319,17525,0.00012052271637604558,0.0001205227164965683,4.2575154589538644e-05,-4.2575154589538644e-05,0.09539273322509811,0.09535015807050858,0.0,0.008522885649012968,0.8109958886816493,0.0,0.023715480792877646,0.0002954561185062811,0.0,0.0036634056040136444,1.060526073753496,0.0006167809399739595,0.11260163850920346,0.00010081775293968587,0.00010081775293968587,0.45439527614517006,0.45449609389810974,0.010539668785994823,9.340999939488892e-05,9.340999939488892e-05,0.7324050570971733,0.7324984670965682,0.055446266832148795,0.1194328396425761,0.0036804707981665944,1.0606668838672846,8.375456986128849e-05,8.375456986128849e-05,4.876094499947755e-07,0.16593208628598122,0.1660158408558425,2.5233828507919137e-06,0.014279409835161683,0.018386020431574727,True,0.11941698419163674,0.00021192335148073616,-0.00021192335148073616,0.2936838059580228,0.29347188260654206,0.0,0.008840731805803526,0.00408933852852638,0.00012052271637604558,0.00012052271637604558,0.0,0.0004261442824506484,0.0,0.00044318417775942166,0.0,0.0036634056040136444,0.00010539668785994823,0.0005544626683214879,1.4628283499843264e-08,2.5233828507919135e-08,0.00014279409835161682,0.018386020431574727
0.0,0.0176680641533965,0.020438844477685906,17550,0.00018533675147630252,0.00018533675166163926,0.00021437479160538175,-0.00021437479160538175,0.09539273322509811,0.09517835843349273,0.0,0.00851863419919504,0.8109170322501122,0.0,0.023685800693369192,0.0002950359774903686,0.0,0.0035431868906169147,1.0595246746368001,0.0006154911290322367,0.11260163850920346,0.00022846468482318194,0.00022846468482318194,0.45439527614517006,0.45462374082999324,0.010532770383820502,3.464126602203965e-05,3.464126602203965e-05,0.7324050570971733,0.7324396983631953,0.05543692592590489,0.11932012851846518,0.003560021010553412,1.059665911629283,0.000153103641650304,0.000153103641650304,4.864264055371381e-07,0.16593208628598122,0.16608518992763152,2.5241510453798275e-06,0.014283491770060754,0.018321382005624436,True,0.11930422500028111,0.00022125811103107518,-0.00022125811103107518,0.2936838059580228,0.2934625478469917,0.0,0.00883403207669825,0.004087768895537181,0.00018533675147630252,0.00018533675147630252,0.0,0.000425931709959752,0.0,0.00044255396623555293,0.0,0.0035431868906169147,0.00010532770383820502,0.0005543692592590489,1.4592792166114143e-08,2.5241510453798277e-08,0.00014283491770060753,0.018321382005624436
0.0,0.017850149391838044,0.020544916884865816,17575,0.015072041737697559,0.015072041752769601,0.019100909666697946,0.019100909666697946,0.09539273322509811,0.11449364289179606,0.0,0.008623102578627088,0.8119930298103626,0.0,0.024507827017908827,0.00031616947037637163,0.0,0.008797372188167573,1.0937943078665628,0.0006726526069798247,0.11260163850920346,0.010182266606256596,0.010182266606256596,0.45439527614517006,0.46457754275142665,0.01078411341507611,0.017037227779982733,-0.017037227779982733,0.7324050570971733,0.7153678293171906,0.05573164490081911,0.12318374422178088,0.008831894511442336,1.0939781597576923,0.010619435497686791,-0.010619435497686791,5.358729247616798e-07,0.16593208628598122,0.15531265078829443,2.4773395135253303e-06,0.014097303981749257,0.03861505280581256,True,0.12316304219575819,0.016256363951799357,0.016256363951799357,0.2936838059580228,0.30994016990982215,0.0,0.008925074695919022,0.004108983376973164,0.015072041737697559,0.015072041737697559,0.0,0.00043115512893135443,0.0,0.00047425420556455747,0.0,0.008797372188167573,0.00010784113415076111,0.0005573164490081912,1.6076187742850394e-08,2.4773395135253304e-08,0.00014097303981749256,0.03861505280581256
0.0,0.0176869083612905,0.020449847075723015,17600,0.0019308666662290494,0.001930866668159916,0.0015940625587658047,0.0015940625587658047,0.09539273322509811,0.09698679578386392,0.0,0.008529016378616708,0.810993232288707,0.0,0.023714638420254504,0.00029714130563365576,0.0,0.003917425118209281,1.0625893370967394,0.0006211629198025732,0.11260163850920346,0.001512229043004798,-0.001512229043004798,0.45439527614517006,0.45288304710216526,0.010528460219614061,0.0032626509910910206,-0.0032626509910910206,0.7324050570971733,0.7291424061060823,0.05546645430810861,0.11966512579195518,0.003935026016533526,1.0627297857204496,0.0009926541181128068,-0.0009926541181128068,4.913419480328084e-07,0.16593208628598122,0.1649394321678684,2.518917924187367e-06,0.014262432962960524,0.02045649156195402,True,0.11964931104539456,0.0014775332968888222,0.0014775332968888222,0.2936838059580228,0.2951613392549116,0.0,0.00884345418064525,0.004089969415144603,0.0019308666662290494,0.0019308666662290494,0.0,0.0004264508189308354,0.0,0.00044571195845048364,0.0,0.003917425118209281,0.00010528460219614061,0.0005546645430810861,1.4740258440984253e-08,2.518917924187367e-08,0.00014262432962960524,0.02045649156195402
0.0,0.017668915661816498,0.020439341774538395,17625,0.0001256548431860867,0.00012565484331174154,0.0001337148347034106,-0.0001337148347034106,0.09539273322509811,0.0952590183903947,0.0,0.008519101154402412,0.8109204778090181,0.0,0.023687102089817755,0.0002951301166066583,0.0,0.003559385842191856,1.0596605886845902,0.000615746161988576,0.11260163850920346,0.00012627889851118956,0.00012627889851118956,0.45439527614517006,0.45452155504368125,0.010532926132689786,0.00011864547912732171,-0.00011864547912732171,0.7324050570971733,0.732286411618046,0.05543825524130049,0.11933543228501123,0.0035762579514346383,1.059801822308644,0.0001006753346999012,0.0001006753346999012,4.86647508580363e-07,0.16593208628598122,0.16603276162068112,2.523912629204721e-06,0.014282531276645964,0.018278594068881895,True,0.11931952914611785,0.00014459394273358406,-0.00014459394273358406,0.2936838059580228,0.2935392120152892,0.0,0.008834457830908249,0.004087868354907679,0.0001256548431860867,0.0001256548431860867,0.0,0.0004259550577201206,0.0,0.00044269517490998743,0.0,0.003559385842191856,0.00010532926132689786,0.000554382552413005,1.4599425257410891e-08,2.5239126292047212e-08,0.00014282531276645964,0.018278594068881895
0.0,0.017659805404091955,0.020434002205529562,17650,0.0001706559146688808,0.00017065591483953672,0.00016480307013157225,-0.00016480307013157225,0.09539273322509811,0.09522793015496654,0.0,0.0085164173074445,0.8108654256480619,0.0,0.023666663172596844,0.00029492752963275264,0.0,0.0034882002885721023,1.059060987873317,0.0006150767191441377,0.11260163850920346,0.000276327969749246,0.000276327969749246,0.45439527614517006,0.4546716041149193,0.01052785323748453,0.0001821849138259335,-0.0001821849138259335,0.7324050570971733,0.7322228721833474,0.05543275421702164,0.11926796559874148,0.0035049549273193105,1.0592026597993647,8.378901755998203e-05,8.378901755998203e-05,4.860276951670984e-07,0.16593208628598122,0.1660158753035412,2.5242029448021245e-06,0.014284448008162628,0.01824626188370122,True,0.11925201310632103,4.345187301640907e-05,-4.345187301640907e-05,0.2936838059580228,0.2936403540850064,0.0,0.008829902702045977,0.004086800441105913,0.0001706559146688808,0.0001706559146688808,0.0,0.00042582086537222504,0.0,0.00044239129444912897,0.0,0.0034882002885721023,0.0001052785323748453,0.0005543275421702163,1.4580830855012951e-08,2.5242029448021247e-08,0.0001428444800816263,0.01824626188370122
0.0,0.01765741157418199,0.020432599538423215,17675,0.00014585451167938802,0.00014585451182524254,0.0002137985872999043,-0.0002137985872999043,0.09539273322509811,0.09517893463779821,0.0,0.008515778021077499,0.8108505033952718,0.0,0.023664100537479128,0.0002948767601186978,0.0,0.003466966549760405,1.0588809523509972,0.0006148848980509008,0.11260163850920346,0.00010689802639485269,0.00010689802639485269,0.45439527614517006,0.4545021741715649,0.010526846020591,0.00019562646547177653,-0.00019562646547177653,0.7324050570971733,0.7322094306317015,0.05543140920713564,0.11924770373594126,0.0034836811147715002,1.0590227169382391,9.899543497091101e-05,9.899543497091101e-05,4.858353048067359e-07,0.16593208628598122,0.16603108172095213,2.5243099746096533e-06,0.014285089659278206,0.018198624064476296,True,0.1192317408097176,3.407138069244642e-05,3.407138069244642e-05,0.2936838059580228,0.29371787733871524,0.0,0.008828705787090996,0.004086519907684643,0.00014585451167938802,0.00014585451167938802,0.0,0.000425788901053875,0.0,0.0004423151401780467,0.0,0.003466966549760405,0.00010526846020591001,0.0005543140920713565,1.4575059144202077e-08,2.5243099746096532e-08,0.00014285089659278206,0.018198624064476296
0.0,0.01764106381364261,0.020423013752949134,17700,0.0001696934796840689,0.00016969347985376236,0.000294251526314418,-0.000294251526314418,0.09539273322509811,0.0950984816987837,0.0,0.008510667407537371,0.8107549759562109,0.0,0.023627680335858946,0.00029446507768837645,0.0,0.003334294429444126,1.0577433496555588,0.000613569516933929,0.11260163850920346,0.00011644939315780256,0.00011644939315780256,0.45439527614517006,0.45451172553832786,0.010514260056193473,6.77038533295482e-05,6.77038533295482e-05,0.7324050570971733,0.7324727609505028,0.05542080946598222,0.11911972718252262,0.0033508091969363814,1.0578861744887014,6.012250396120189e-05,6.012250396120189e-05,4.846753508101444e-07,0.16593208628598122,0.16599220878994242,2.524924983630983e-06,0.014288852330064708,0.018078632561481525,True,0.11910364487086272,0.000188776154164072,0.000188776154164072,0.2936838059580228,0.29387258211218686,0.0,0.008820531906821305,0.004084602750589827,0.0001696934796840689,0.0001696934796840689,0.0,0.00042553337037686857,0.0,0.0004416976165325647,0.0,0.003334294429444126,0.00010514260056193473,0.0005542080946598222,1.4540260524304332e-08,2.524924983630983e-08,0.00014288852330064707,0.018078632561481525
0.0,0.017636791159521104,0.020420498852108813,17725,0.00016009858716921384,0.00016009858732931242,0.00010536693520332707,0.00010536693520332707,0.09539273322509811,0.09549810016030144,0.0,0.008508941413853265,0.810734700694414,0.0,0.023600968715213264,0.00029445575607167407,0.0,0.003324851640885664,1.0576615265223326,0.0006136169137148931,0.11260163850920346,1.9656005218859907e-05,1.9656005218859907e-05,0.45439527614517006,0.4544149321503889,0.01050624276557726,0.00023410305459481418,0.00023410305459481418,0.7324050570971733,0.7326391601517681,0.05541821704976053,0.11911062709422443,0.0033414593945716034,1.057805357836204,0.00021549088389966053,-0.00021549088389966053,4.848994100023469e-07,0.16593208628598122,0.16571659540208156,2.5244981003704215e-06,0.014287464158025811,0.018056735314734305,True,0.11909443145117525,0.0001242122277975155,0.0001242122277975155,0.2936838059580228,0.2938080181858203,0.0,0.008818395579760552,0.004084099770421763,0.00016009858716921384,0.00016009858716921384,0.0,0.0004254470706926633,0.0,0.0004416836341075111,0.0,0.003324851640885664,0.0001050624276557726,0.0005541821704976053,1.4546982300070407e-08,2.5244981003704217e-08,0.0001428746415802581,0.018056735314734305
0.0,0.01760667727351861,0.020402833457807787,17750,0.0006148126402431678,0.0006148126408579805,0.0005102868354158879,-0.0005102868354158879,0.09539273322509811,0.09488244638968223,0.0,0.008498350507423787,0.8105711869940793,0.0,0.023531609385419955,0.0002933421227054595,0.0,0.0030518975680057223,1.0552439821881598,0.0006103194982385889,0.11260163850920346,0.0007626977252123135,0.0007626977252123135,0.45439527614517006,0.45515797387038237,0.010485608012806675,0.0009857177940019168,0.0009857177940019168,0.7324050570971733,0.7333907748911752,0.05539479823334175,0.11883859063789243,0.0030679899402294973,1.0553894388871154,0.00027414466063596654,-0.00027414466063596654,4.821186085288029e-07,0.16593208628598122,0.16565794162534525,2.526546695838235e-06,0.014297731720215794,0.018217367354687996,True,0.11882221197380333,3.2826482964321e-05,-3.2826482964321e-05,0.2936838059580228,0.29365097947505847,0.0,0.008803338636759306,0.004080566691561558,0.0006148126402431678,0.0006148126402431678,0.0,0.0004249175253711894,0.0,0.0004400131840581892,0.0,0.0030518975680057223,0.00010485608012806675,0.0005539479823334176,1.4463558255864087e-08,2.526546695838235e-08,0.00014297731720215796,0.018217367354687996
0.0,0.017623734450245454,0.020412847484129328,17775,0.00047621463907886825,0.0004762146395550829,0.0006567128536012073,-0.0006567128536012073,0.09539273322509811,0.0947360203714969,0.0,0.008503330008097467,0.8106742241914533,0.0,0.02357296219838004,0.0002936428957534964,0.0,0.0031614079647130293,1.0562263991796828,0.0006113435814119472,0.11260163850920346,0.0007697418683294543,-0.0007697418683294543,0.45439527614517006,0.4536255342768406,0.010495321585036091,3.934523931536926e-05,-3.934523931536926e-05,0.7324050570971733,0.7323657118578579,0.055404527980729985,0.11894901883297675,0.003177592316246564,1.0563701367414216,0.00016286002833929003,-0.00016286002833929003,4.830464398792783e-07,0.16593208628598122,0.16576922625764193,2.5262630847577855e-06,0.014295142633197745,0.01819967984578929,True,0.11893283374657226,0.0002864544675879044,-0.0002864544675879044,0.2936838059580228,0.2933973514904349,0.0,0.008811867225122727,0.0040825694968258655,0.00047621463907886825,0.00047621463907886825,0.0,0.0004251665004048734,0.0,0.0004404643436302446,0.0,0.0031614079647130293,0.00010495321585036091,0.0005540452798072999,1.4491393196378349e-08,2.5262630847577855e-08,0.00014295142633197745,0.01819967984578929
0.0,0.017627442910139735,0.020415018110282887,17800,0.00018009119525331716,0.00018009119543340834,0.00021333355679241384,-0.00021333355679241384,0.09539273322509811,0.0951793996683057,0.0,0.008505390939840174,0.8106865993430006,0.0,0.023579968293809296,0.0002940249210729235,0.0,0.0032271408063153577,1.056807929079622,0.0006123764883478412,0.11260163850920346,8.010973070826655e-05,-8.010973070826655e-05,0.45439527614517006,0.4543151664144618,0.010498395645842212,0.0002543603988470755,0.0002543603988470755,0.7324050570971733,0.7326594174960204,0.055410041078104814,0.11901455145968609,0.0032435443289595546,1.056952123129516,0.00021306979260515835,-0.00021306979260515835,4.838705887598661e-07,0.16593208628598122,0.16571901649337606,2.525354442170118e-06,0.014291461040712005,0.017972302754605186,True,0.11899831497196281,1.1724714617800114e-05,-1.1724714617800114e-05,0.2936838059580228,0.293672081243405,0.0,0.008813721455069867,0.004083003622056577,0.00018009119525331716,0.00018009119525331716,0.0,0.00042526954699200875,0.0,0.00044103738160938523,0.0,0.0032271408063153577,0.00010498395645842213,0.0005541004107810481,1.4516117662795984e-08,2.525354442170118e-08,0.00014291461040712007,0.017972302754605186
0.0,0.017624506942525486,0.020413295880375663,17825,0.0001815165034081247,0.0001815165035896412,0.0002847737337828421,-0.0002847737337828421,0.09539273322509811,0.09510795949131527,0.0,0.008504393216009463,0.8106705660121822,0.0,0.02357297938375337,0.0002939230327928371,0.0,0.003201381064476811,1.0565807481788356,0.000612072517237987,0.11260163850920346,1.3937474554470697e-05,-1.3937474554470697e-05,0.45439527614517006,0.4543813386706156,0.010496387975937198,0.0001624734157265051,0.0001624734157265051,0.7324050570971733,0.7325675305128998,0.05540787078551213,0.11898898922412324,0.003217737920187286,1.0567251083752802,0.0002379270812850054,-0.0002379270812850054,4.836154338556832e-07,0.16593208628598122,0.1656941592046962,2.5255333011730647e-06,0.014292385338218333,0.017945920630005247,True,0.11897273402802445,2.1070498352537825e-05,-2.1070498352537825e-05,0.2936838059580228,0.29366273545967025,0.0,0.008812253471262743,0.0040826591760751325,0.0001815165034081247,0.0001815165034081247,0.0,0.00042521966080047316,0.0,0.00044088454918925565,0.0,0.003201381064476811,0.00010496387975937199,0.0005540787078551214,1.4508463015670494e-08,2.525533301173065e-08,0.00014292385338218335,0.017945920630005247
0.0,0.01761624146066132,0.020408445441617785,17850,0.00022193216789426448,0.00022193216811619665,0.00032338444309873426,-0.00032338444309873426,0.09539273322509811,0.09506934878199938,0.0,0.00850141317998383,0.810626154676294,0.0,0.02354696247235226,0.0002936300868323863,0.0,0.0031365012386936043,1.056004475166665,0.0006112554324564461,0.11260163850920346,0.0001211535757271176,0.0001211535757271176,0.45439527614517006,0.4545164297208972,0.010490807799302103,7.485609543345095e-05,7.485609543345095e-05,0.7324050570971733,0.7324799131926067,0.055401433455074055,0.11892417445668946,0.003152766035616424,1.0561494971982512,0.00030165085842076556,-0.00030165085842076556,4.829534519822033e-07,0.16593208628598122,0.16563043542756045,2.52597948863852e-06,0.014294714356473448,0.0179156683189968,True,0.1189078447368627,0.0001744049135331549,-0.0001744049135331549,0.2936838059580228,0.29350940104448964,0.0,0.00880812073033066,0.004081689088323557,0.00022193216789426448,0.00022193216789426448,0.0,0.0004250706589991915,0.0,0.0004404451302485794,0.0,0.0031365012386936043,0.00010490807799302104,0.0005540143345507405,1.4488603559466098e-08,2.5259794886385198e-08,0.0001429471435647345,0.0179156683189968
0.0,0.017603450132143372,0.020400937909660324,17875,0.0002684938128294403,0.00026849381309793405,0.0003812992424934991,-0.0003812992424934991,0.09539273322509811,0.09501143398260462,0.0,0.008497308891340203,0.8105529231757835,0.0,0.023513415168553552,0.00029325656007215926,0.0,0.003042611355458621,1.0551598708796406,0.0006101368473938197,0.11260163850920346,0.00022218872388651834,0.00022218872388651834,0.45439527614517006,0.4546174648690566,0.010485291952753719,3.663722241309397e-05,3.663722241309397e-05,0.7324050570971733,0.7324416943195864,0.055392681899883056,0.11882917038497297,0.003058729179287746,1.0553057788959503,0.00033574246261725005,-0.00033574246261725005,4.819647203670762e-07,0.16593208628598122,0.16559634382336397,2.526586591613095e-06,0.014298093560549213,0.01785956849990645,True,0.1188127409018058,0.0002272056551683166,-0.0002272056551683166,0.2936838059580228,0.2934566003028545,0.0,0.008801725066071686,0.004080187581932065,0.0002684938128294403,0.0002684938128294403,0.0,0.0004248654445670102,0.0,0.0004398848401082389,0.0,0.003042611355458621,0.0001048529195275372,0.0005539268189988306,1.4458941611012284e-08,2.526586591613095e-08,0.00014298093560549213,0.01785956849990645
0.0,0.01758169087021655,0.020388162369909084,17900,0.0003072782762783721,0.0003072782765856504,0.0004325126687494685,-0.0004325126687494685,0.09539273322509811,0.09496022055634865,0.0,0.008490686008159627,0.8104244331611897,0.0,0.02345838007170046,0.0002926592335476221,0.0,0.0028942159717248775,1.0537979179125445,0.000608314625323809,0.11260163850920346,0.0003138582060053796,0.0003138582060053796,0.45439527614517006,0.45470913435117544,0.010481054513995213,0.00010255634004774361,0.00010255634004774361,0.7324050570971733,0.732507613437221,0.055378495383747346,0.1186758911933958,0.0029100120085295885,1.0539445271415886,0.00030827027735530477,-0.00030827027735530477,4.802600984078841e-07,0.16593208628598122,0.1656238160086259,2.527622138575937e-06,0.01430390254064867,0.017735169516231,True,0.11865938275251878,0.00028456483868677385,-0.00028456483868677385,0.2936838059580228,0.293399241119336,0.0,0.008790845435108274,0.004077632473981817,0.0003072782762783721,0.0003072782762783721,0.0,0.0004245343004079813,0.0,0.0004389888503214332,0.0,0.0028942159717248775,0.00010481054513995214,0.0005537849538374735,1.4407802952236524e-08,2.527622138575937e-08,0.0001430390254064867,0.017735169516231
0.0,0.017529275905791453,0.020357360352793757,17925,0.0006085286703878825,0.0006085286709964112,0.0004363415311074148,-0.0004363415311074148,0.09539273322509811,0.0949563916939907,0.0,0.008475907708024779,0.8101031887421731,0.0,0.023332788196465237,0.0002913713746621728,0.0,0.0025788880851994227,1.05078275381662,0.0006042405775003137,0.11260163850920346,0.000208441908621404,0.000208441908621404,0.45439527614517006,0.45460371805379146,0.010488642004186456,0.0012455831214202018,0.0012455831214202018,0.7324050570971733,0.7336506402185935,0.055346814768205986,0.11833585080371668,0.0025933224693297716,1.050924674464642,2.8773651800401145e-05,-2.8773651800401145e-05,4.7615813113166724e-07,0.16593208628598122,0.16590331263418082,2.53006330639595e-06,0.014317863911406133,0.017685952018651262,True,0.1183198703047919,0.0002557117922184493,-0.0002557117922184493,0.2936838059580228,0.29342809416580434,0.0,0.008764637952895726,0.004071472070558752,0.0006085286703878825,0.0006085286703878825,0.0,0.00042379538540123895,0.0,0.00043705706199325924,0.0,0.0025788880851994227,0.00010488642004186457,0.0005534681476820598,1.4284743933950017e-08,2.53006330639595e-08,0.00014317863911406133,0.017685952018651262
0.0,0.017509523709598906,0.020345747836139745,17950,0.0005360970622392125,0.0005360970627753096,0.00034021806607241467,-0.00034021806607241467,0.09539273322509811,0.0950525151590257,0.0,0.00847173270694771,0.8099683946941643,0.0,0.023289598430766372,0.00029099735156478204,0.0,0.002489048320349053,1.0498903630007745,0.0006029528392480733,0.11260163850920346,0.0010516871895756563,-0.0010516871895756563,0.45439527614517006,0.4533435889555944,0.01050492468736849,6.341713226332146e-05,6.341713226332146e-05,0.7324050570971733,0.7324684742294366,0.05533751786334416,0.11823514004444752,0.002503028500884079,1.0500302758425744,0.00039304227753683696,0.00039304227753683696,4.7448314070354695e-07,0.16593208628598122,0.16632512856351805,2.5310376346732535e-06,0.014323502166622155,0.017510838459354146,True,0.11821938562781323,0.00023812194730038483,-0.00023812194730038483,0.2936838059580228,0.2934456840107224,0.0,0.008754761854799453,0.004069149567227949,0.0005360970622392125,0.0005360970622392125,0.0,0.0004235866353473855,0.0,0.00043649602734717306,0.0,0.002489048320349053,0.00010504924687368491,0.0005533751786334416,1.4234494221106407e-08,2.5310376346732534e-08,0.00014323502166622154,0.017510838459354146
0.0,0.017508809056427044,0.020345323743535097,17975,0.00041208130622211945,0.0004120813066342008,0.000175911209212537,-0.000175911209212537,0.09539273322509811,0.09521682201588558,0.0,0.00847143696738827,0.8099649624339667,0.0,0.02328306803109809,0.00029103707584897723,0.0,0.0024940746503064625,1.0499407113516264,0.0006030794363860543,0.11260163850920346,0.00048195087807695325,-0.00048195087807695325,0.45439527614517006,0.4539133252670931,0.010501492919288116,0.0006796121072842887,0.0006796121072842887,0.7324050570971733,0.7330846692044576,0.05533735003462857,0.11824069827086782,0.002507970112074937,1.0500796376991182,0.000280894658914288,0.000280894658914288,4.7465275559908377e-07,0.16593208628598122,0.1662129809448955,2.5307968617086527e-06,0.014322612862246176,0.01739140680130492,True,0.11822505493511887,0.00021227149645447474,-0.00021227149645447474,0.2936838059580228,0.2934715344615683,0.0,0.008754404528213522,0.00406906474870702,0.00041208130622211945,0.00041208130622211945,0.0,0.00042357184836941354,0.0,0.00043655561377346585,0.0,0.0024940746503064625,0.00010501492919288116,0.0005533735003462857,1.4239582667972513e-08,2.5307968617086528e-08,0.00014322612862246176,0.01739140680130492
0.0,0.01754985298874978,0.020369453956460882,18000,0.00029677263110053603,0.0002967726313973086,0.00013134143811281696,0.00013134143811281696,0.09539273322509811,0.09552407466321093,0.0,0.008482841239029221,0.8102178379043026,0.0,0.023372651535118107,0.00029215974390466,0.0,0.0027491583954577445,1.0524324174100121,0.0006066236254882113,0.11260163850920346,0.0006097079776503089,0.0006097079776503089,0.45439527614517006,0.45500498412282037,0.010487514363355953,2.4816492423362924e-05,-2.4816492423362924e-05,0.7324050570971733,0.7323802406047499,0.05536270035607416,0.11852191351768238,0.0027643485257666947,1.0525770722441512,0.00014136301968095677,-0.00014136301968095677,4.783017547797787e-07,0.16593208628598122,0.16579072326630026,2.528323105187617e-06,0.014309471863133706,0.017558766488143137,True,0.11850562514489348,0.0001754315271749185,-0.0001754315271749185,0.2936838059580228,0.2935083744308479,0.0,0.00877492649437489,0.004073890791292177,0.00029677263110053603,0.00029677263110053603,0.0,0.00042414206195146107,0.0,0.00043823961585698996,0.0,0.0027491583954577445,0.00010487514363355953,0.0005536270035607415,1.434905264339336e-08,2.528323105187617e-08,0.00014309471863133705,0.017558766488143137
0.0,0.01753767413315699,0.020362298051285244,18025,0.0001967217775582686,0.00019672177775499036,8.731311584156409e-05,8.731311584156409e-05,0.09539273322509811,0.09548004634093968,0.0,0.008480060346861546,0.8101369796702174,0.0,0.02334929352026325,0.0002919095430227232,0.0,0.002681655434888624,1.0517847027112122,0.0006057520751682145,0.11260163850920346,7.150115763271403e-05,7.150115763271403e-05,0.45439527614517006,0.45446677730280277,0.010496763799298519,0.0004117248648681793,-0.0004117248648681793,0.7324050570971733,0.7319933322323051,0.05535656363083614,0.11844874107760989,0.0026964380159428974,1.0519272377076125,6.364673592290648e-05,6.364673592290648e-05,4.772582489668386e-07,0.16593208628598122,0.16599573302190412,2.5289438522611283e-06,0.01431302068425718,0.017383244309489513,True,0.11843269140204496,8.481168628365898e-05,-8.481168628365898e-05,0.2936838059580228,0.29359899427173913,0.0,0.008768837066578494,0.004072459610257049,0.0001967217775582686,0.0001967217775582686,0.0,0.00042400301734307733,0.0,0.0004378643145340848,0.0,0.002681655434888624,0.0001049676379929852,0.0005535656363083614,1.4317747469005157e-08,2.5289438522611285e-08,0.0001431302068425718,0.017383244309489513
0.0,0.017528004458636226,0.020356612783051085,18050,9.674894567996553e-05,9.674894577671449e-05,1.8681314786772596e-05,-1.8681314786772596e-05,0.09539273322509811,0.09537405191031134,0.0,0.00847696132347566,0.8100813604234836,0.0,0.02332603060344031,0.0002915878154306459,0.0,0.002614160599929591,1.0511288626895767,0.0006047915493472242,0.11260163850920346,5.340336623360642e-06,-5.340336623360642e-06,0.45439527614517006,0.4543899358085467,0.010497039755562296,8.846415077701231e-05,8.846415077701231e-05,0.7324050570971733,0.7324935212479503,0.05534964396642157,0.1183747827726701,0.0026286563783243753,1.0512704240115525,0.00011075173734589883,0.00011075173734589883,4.7637014283810544e-07,0.16593208628598122,0.16604283802332712,2.5295988724556504e-06,0.014316335464992348,0.01720913389982041,True,0.1183588427344505,0.00016227269804031108,-0.00016227269804031108,0.2936838059580228,0.2935215332599825,0.0,0.008764002229318113,0.004071322556610218,9.674894567996553e-05,9.674894567996553e-05,0.0,0.000423848066173783,0.0,0.00043738172314596887,0.0,0.002614160599929591,0.00010497039755562296,0.0005534964396642157,1.4291104285143163e-08,2.5295988724556506e-08,0.0001431633546499235,0.01720913389982041
0.0,0.01751987435242397,0.020351833005938458,18075,0.00013802777585782697,0.00013802777599585474,4.6127709664584016e-05,4.6127709664584016e-05,0.09539273322509811,0.0954388609347627,0.0,0.008475525200520747,0.8100232635410356,0.0,0.023311120706807693,0.00029150191381295185,0.0,0.0025810657200434155,1.0508041899851126,0.0006044075602811997,0.11260163850920346,0.00010348479917227094,-0.00010348479917227094,0.45439527614517006,0.4542917913459978,0.010502630151156902,9.342735569228822e-05,-9.342735569228822e-05,0.7324050570971733,0.732311629741481,0.05534666955151736,0.11833810060574325,0.002595357837604785,1.0509446546519337,0.0002706173277827184,0.0002706173277827184,4.7577869670237684e-07,0.16593208628598122,0.16620270361376394,2.529848457062625e-06,0.014318127327887377,0.01721214024619747,True,0.1183222840527019,2.1425605832070538e-05,-2.1425605832070538e-05,0.2936838059580228,0.2936623803521907,0.0,0.008759937176211985,0.004070366601187691,0.00013802777585782697,0.00013802777585782697,0.0,0.0004237762600260374,0.0,0.0004372528707194278,0.0,0.0025810657200434155,0.00010502630151156901,0.0005534666955151736,1.4273360901071305e-08,2.5298484570626252e-08,0.00014318127327887377,0.01721214024619747
0.0,0.017513511632698764,0.02034808986051721,18100,0.0001518294824738652,0.00015182948262569464,6.488888796712944e-05,6.488888796712944e-05,0.09539273322509811,0.09545762211306524,0.0,0.008473726805075058,0.8099844289256066,0.0,0.02329430705936792,0.00029134302185273984,0.0,0.0025466054814210436,1.0504639027565352,0.0006039190175231011,0.11260163850920346,5.684129236049884e-05,-5.684129236049884e-05,0.45439527614517006,0.45433843485280956,0.010503686075664948,0.00013052277739133977,0.00013052277739133977,0.7324050570971733,0.7325355798745646,0.055342811682398504,0.11829965505185003,0.0025606863694032796,1.0506032248913375,0.00029668317764269814,0.00029668317764269814,4.7528605295704944e-07,0.16593208628598122,0.16622876946362392,2.5301468247368574e-06,0.014319821746456782,0.017187212380475634,True,0.11828396714979746,5.255811411181144e-05,-5.255811411181144e-05,0.2936838059580228,0.293631247843911,0.0,0.008756755816349382,0.004069617972103442,0.0001518294824738652,0.0001518294824738652,0.0,0.0004236863402537529,0.0,0.0004370145327791098,0.0,0.0025466054814210436,0.00010503686075664948,0.0005534281168239851,1.4258581588711482e-08,2.5301468247368574e-08,0.00014319821746456782,0.017187212380475634
0.0,0.017507315312539684,0.020344444255581146,18125,0.00017123918908180507,0.00017123918925304426,8.270649865149693e-05,8.270649865149693e-05,0.09539273322509811,0.09547543972374961,0.0,0.00847215901691824,0.8099450380763252,0.0,0.023278900086992106,0.00029121488638577975,0.0,0.0025161086890269843,1.0501608282330643,0.000603500922800086,0.11260163850920346,0.00010826430372490314,-0.00010826430372490314,0.45439527614517006,0.45428701184144515,0.010505985741276216,0.0001351136188006974,0.0001351136188006974,0.7324050570971733,0.732540170715974,0.05533949993138602,0.11826538848021648,0.0025299801567134532,1.0502989081065728,0.000328163998351616,0.000328163998351616,4.74826679458955e-07,0.16593208628598122,0.16626025028433283,2.530397443136877e-06,0.014321344168813845,0.017172032513109017,True,0.1182498404588335,4.588546066491839e-05,-4.588546066491839e-05,0.2936838059580228,0.2936379204973579,0.0,0.008753657656269842,0.004068888851116229,0.00017123918908180507,0.00017123918908180507,0.0,0.000423607950845912,0.0,0.0004368223295786696,0.0,0.0025161086890269843,0.00010505985741276217,0.0005533949993138602,1.4244800383768649e-08,2.5303974431368768e-08,0.00014321344168813846,0.017172032513109017
0.0,0.01746599056818532,0.020320112883546605,18150,0.0003727755538792669,0.0003727755542520424,0.00034262711785562616,0.00034262711785562616,0.09539273322509811,0.09573536034295374,0.0,0.008461861105019165,0.8096813319021534,0.0,0.02317176605784527,0.00029043108823139676,0.0,0.002332016197617314,1.0482909535794989,0.0006009121019054312,0.11260163850920346,0.0002997657701838685,-0.0002997657701838685,0.45439527614517006,0.4540955103749862,0.010526476429218359,0.0005320322073546491,-0.0005320322073546491,0.7324050570971733,0.7318730248898186,0.05531810415031502,0.11805371081387325,0.0023444022145490033,1.0484190274019316,0.0004521649627352853,0.0004521649627352853,4.719402664736829e-07,0.16593208628598122,0.1663842512487165,2.5318621622820277e-06,0.01433070497510652,0.017162341632272635,True,0.11803928949033644,6.617188794633133e-06,6.617188794633133e-06,0.2936838059580228,0.2936904231468174,0.0,0.00873299528409266,0.004064022576709321,0.0003727755538792669,0.0003727755538792669,0.0,0.00042309305525095825,0.0,0.00043564663234709513,0.0,0.002332016197617314,0.00010526476429218359,0.0005531810415031502,1.4158207994210485e-08,2.5318621622820277e-08,0.0001433070497510652,0.017162341632272635
0.0,0.01739416972910346,0.020277760111867132,18175,0.0024500652531931136,0.002450065255643179,0.0007512146249137319,0.0007512146249137319,0.09539273322509811,0.09614394785001185,0.0,0.008443500676540072,0.8092279566826849,0.0,0.022984073957080443,0.00028897461753494435,0.0,0.002030667878090191,1.0450629324177887,0.0005962165700924428,0.11260163850920346,0.0013003145135066507,0.0013003145135066507,0.45439527614517006,0.4556955906586767,0.010526626344158511,0.005242134496967421,-0.005242134496967421,0.7324050570971733,0.7271629226002059,0.055279640955159845,0.11768940247708237,0.0020415626223454597,1.045183654371304,0.0005281746242631613,0.0005281746242631613,4.668050336310344e-07,0.16593208628598122,0.16646026091024438,2.53472153460051e-06,0.01434812385459575,0.018890590241243378,True,0.11767580898610529,3.8755409491053605e-06,-3.8755409491053605e-06,0.2936838059580228,0.2936799304170737,0.0,0.00869708486455173,0.0040555520223734265,0.0024500652531931136,0.0024500652531931136,0.0,0.0004221750338270036,0.0,0.0004334619263024165,0.0,0.002030667878090191,0.00010526626344158512,0.0005527964095515985,1.400415100893103e-08,2.5347215346005102e-08,0.0001434812385459575,0.018890590241243378
0.0,0.017482736675856314,0.020329976093690083,18200,0.00022705030005179414,0.00022705030027884445,0.00022209469782231983,0.00022209469782231983,0.09539273322509811,0.09561482792292043,0.0,0.008465976861035205,0.809788721116548,0.0,0.02321511168499118,0.00029073607546017336,0.0,0.002403702603883041,1.049027569834564,0.0006019336227442951,0.11260163850920346,0.00021561521901136693,-0.00021561521901136693,0.45439527614517006,0.4541796609261587,0.010517714498144247,1.995289852974036e-05,-1.995289852974036e-05,0.7324050570971733,0.7323851041986436,0.055326623024071465,0.11813711481638794,0.002416678764583999,1.049159727059698,0.00040112258724064875,0.00040112258724064875,4.730959776583141e-07,0.16593208628598122,0.16633320887322187,2.5312859272894194e-06,0.014326970886478427,0.017099272006668574,True,0.11812223369497546,2.5411978653577805e-05,-2.5411978653577805e-05,0.2936838059580228,0.2936583939793692,0.0,0.008741368337928157,0.004065995218738017,0.00022705030005179414,0.00022705030005179414,0.0,0.00042329884305176025,0.0,0.00043610411319026005,0.0,0.002403702603883041,0.00010517714498144247,0.0005532662302407147,1.4192879329749423e-08,2.5312859272894194e-08,0.00014326970886478427,0.017099272006668574
0.0,0.017458898452889615,0.020315933627051398,18225,0.000403658163692328,0.0004036581640959862,0.00034159250551006604,0.00034159250551006604,0.09539273322509811,0.09573432573060818,0.0,0.008459691446864755,0.8096401648291345,0.0,0.023150951388723952,0.00029023604852802625,0.0,0.0022954414773836756,1.0479107657774709,0.0006003366391539338,0.11260163850920346,0.00022511618093490338,-0.00022511618093490338,0.45439527614517006,0.45417015996423515,0.010527078225086925,0.0006909588248925624,-0.0006909588248925624,0.7324050570971733,0.7317140982722807,0.05531348737380288,0.11801071614521627,0.002307572350267027,1.0480371975688323,0.0004073472562085567,0.0004073472562085567,4.714092385460886e-07,0.16593208628598122,0.16633943354218977,2.5322033030113603e-06,0.014332597722890344,0.017151845335594357,True,0.117996479717085,6.309475120641617e-05,-6.309475120641617e-05,0.2936838059580228,0.2936207112068164,0.0,0.008729449226444808,0.0040631867254102795,0.000403658163692328,0.000403658163692328,0.0,0.0004229845723432378,0.0,0.00043535407279203937,0.0,0.0022954414773836756,0.00010527078225086925,0.0005531348737380288,1.4142277156382658e-08,2.5322033030113603e-08,0.00014332597722890343,0.017151845335594357
0.0,0.017467612121880527,0.020321066744825558,18250,0.0002524741662328937,0.00025247416648536785,0.000258148466728933,0.000258148466728933,0.09539273322509811,0.09565088169182705,0.0,0.008461664833783532,0.8096978998848285,0.0,0.023172124307757242,0.00029037637944463024,0.0,0.002329972303348493,1.0482697866511599,0.0006008298411062985,0.11260163850920346,0.00019243903370413928,-0.00019243903370413928,0.45439527614517006,0.4542028371114659,0.010522104178258664,0.0002986664331900979,-0.0002986664331900979,0.7324050570971733,0.7321063906639832,0.05531758198419845,0.1180513488070829,0.002342371315365752,1.0483980507393196,0.0003386737873262713,0.0003386737873262713,4.720194909282357e-07,0.16593208628598122,0.1662707600733075,2.531907125950452e-06,0.014330642254387026,0.017040856454167315,True,0.11803690605931161,0.00010555111846166643,-0.00010555111846166643,0.2936838059580228,0.2935782548395611,0.0,0.008733806060940263,0.004064213348965112,0.0002524741662328937,0.0002524741662328937,0.0,0.00042308324168917664,0.0,0.0004355645691669454,0.0,0.002329972303348493,0.00010522104178258664,0.0005531758198419845,1.416058472784707e-08,2.531907125950452e-08,0.00014330642254387025,0.017040856454167315
0.0,0.01746352581782007,0.020318656824484287,18275,0.0001948080778913866,0.0001948080780861947,8.224937815010103e-05,8.224937815010103e-05,0.09539273322509811,0.09547498260324822,0.0,0.008459380044358098,0.8096851694693992,0.0,0.02315389802064092,0.00029010853106641407,0.0,0.0022917513350970346,1.0478722397125624,0.0006001562298142214,0.11260163850920346,1.502542529241424e-05,-1.502542529241424e-05,0.45439527614517006,0.45438025071987764,0.010517176368425711,0.00023925247895639767,-0.00023925247895639767,0.7324050570971733,0.7321658046182169,0.055312543356523206,0.1180064465078334,0.002303930832242838,1.047999279497122,0.00011285995744308996,0.00011285995744308996,4.7163523876962646e-07,0.16593208628598122,0.1660449462434243,2.5323089363459453e-06,0.01433236845447691,0.01694184583955362,True,0.11799214161866572,0.00033582896561501485,-0.00033582896561501485,0.2936838059580228,0.2933479769924078,0.0,0.008731762908910035,0.004063731364896858,0.0001948080778913866,0.0001948080778913866,0.0,0.00042296900221790493,0.0,0.0004351627965996211,0.0,0.0022917513350970346,0.00010517176368425712,0.000553125433565232,1.4149057163088794e-08,2.5323089363459455e-08,0.00014332368454476912,0.01694184583955362
0.0,0.01746162105482285,0.0203175353142135,18300,0.00018261032588533544,0.00018261032606794577,2.093253620791269e-05,-2.093253620791269e-05,0.09539273322509811,0.0953718006888902,0.0,0.008458622124793355,0.8096757961771366,0.0,0.02315000441383207,0.00029000597544563575,0.0,0.0022740886987848074,1.0476874060815307,0.000599862157999925,0.11260163850920346,2.9955230206990535e-05,2.9955230206990535e-05,0.45439527614517006,0.45442523137537705,0.010516551330815353,0.0001032959286351165,-0.0001032959286351165,0.7324050570971733,0.7323017611685382,0.05531072181365888,0.11798561849786272,0.0022862081221585863,1.0478143087596024,0.00011017166778823362,0.00011017166778823362,4.713891111602074e-07,0.16593208628598122,0.16604225795376945,2.5325494997306434e-06,0.014333435856569971,0.016910603241511165,True,0.11797132904711163,0.00037761001547698125,-0.00037761001547698125,0.2936838059580228,0.2933061959425458,0.0,0.008730810527411426,0.0040635070628427,0.00018261032588533544,0.00018261032588533544,0.0,0.00042293110623966776,0.0,0.0004350089631684536,0.0,0.0022740886987848074,0.00010516551330815354,0.0005531072181365888,1.414167333480622e-08,2.5325494997306434e-08,0.0001433343585656997,0.016910603241511165
0.0,0.017393106968896177,0.020277126042738746,18325,0.0008592926721900904,0.000859292673049383,0.0007256219003855119,-0.0007256219003855119,0.09539273322509811,0.0946671113247126,0.0,0.008433681731499517,0.8093131341780221,0.0,0.022953703276482336,0.00028735471106566737,0.0,0.0018572506359080378,1.0430958308413707,0.0005924307648488981,0.11260163850920346,3.857000619394979e-05,-3.857000619394979e-05,0.45439527614517006,0.4543567061389761,0.010465982821459417,0.0005460746164176467,-0.0005460746164176467,0.7324050570971733,0.7318589824807556,0.05525502610376297,0.11746791527775388,0.0018676794017981045,1.0432166565319219,0.0003195538932270203,-0.0003195538932270203,4.651373100874339e-07,0.16593208628598122,0.1656125323927542,2.5377564190390123e-06,0.014358611463365258,0.01712207368983681,True,0.11745431010581556,0.0016624056438525048,-0.0016624056438525048,0.2936838059580228,0.2920214003141703,0.0,0.008696553484448089,0.004055425208547749,0.0008592926721900904,0.0008592926721900904,0.0,0.0004216840865749759,0.0,0.00043103206659850105,0.0,0.0018572506359080378,0.00010465982821459417,0.0005525502610376297,1.3954119302623017e-08,2.5377564190390124e-08,0.00014358611463365258,0.01712207368983681
0.0,0.017439790266511546,0.020304671057192414,18350,0.0003129895041549973,0.0003129895044679868,0.00025952803145651293,-0.00025952803145651293,0.09539273322509811,0.0951332051936416,0.0,0.008451781428901954,0.8095494476052894,0.0,0.023096013357403838,0.00028930507506789874,0.0,0.002145191473234882,1.0463162117755207,0.0005977605966349032,0.11260163850920346,0.0001481495475950112,-0.0001481495475950112,0.45439527614517006,0.45424712659757505,0.010510959888335673,0.0002441729877868948,-0.0002441729877868948,0.7324050570971733,0.7321608841093864,0.05529545897047277,0.11783082316162502,0.0021566357357503674,1.0464395923297176,0.00013277232127861804,0.00013277232127861804,4.694144703392333e-07,0.16593208628598122,0.16606485860725984,2.534054922941889e-06,0.014341038755642431,0.01689707100525893,True,0.11781693030782847,0.0005685596931798709,-0.0005685596931798709,0.2936838059580228,0.2931152462648429,0.0,0.008719895133255773,0.004060934211438483,0.0003129895041549973,0.0003129895041549973,0.0,0.00042258907144509774,0.0,0.0004339576126018481,0.0,0.002145191473234882,0.00010510959888335672,0.0005529545897047277,1.4082434110176998e-08,2.534054922941889e-08,0.0001434103875564243,0.01689707100525893
0.0,0.017445329114914143,0.0203079368480164,18375,0.00025127796375059083,0.0002512779640018688,0.00019863327819272247,-0.00019863327819272247,0.09539273322509811,0.09519409994690539,0.0,0.008453936794273741,0.8095774606698404,0.0,0.02311288093696972,0.00028953597239138676,0.0,0.002181629692177205,1.0467079189450483,0.0005983980138442516,0.11260163850920346,3.838422606800007e-05,3.838422606800007e-05,0.45439527614517006,0.45443366037123806,0.010516924952087269,0.00021966030652698088,-0.00021966030652698088,0.7324050570971733,0.7321853967906463,0.055300274070737516,0.11787504488792214,0.0021932661493416334,1.0468323194956393,0.00018620414125233853,0.00018620414125233853,4.699240631283291e-07,0.16593208628598122,0.16611829042723356,2.533620178935254e-06,0.014338973106635379,0.016875761536507196,True,0.11786103718085016,0.00043800903582591477,-0.00043800903582591477,0.2936838059580228,0.2932457969221969,0.0,0.008722664557457072,0.00406158736960328,0.00025127796375059083,0.00025127796375059083,0.0,0.00042269683971368706,0.0,0.00043430395858708013,0.0,0.002181629692177205,0.0001051692495208727,0.0005530027407073751,1.4097721893849871e-08,2.533620178935254e-08,0.00014338973106635378,0.016875761536507196
0.0,0.01743727710025189,0.020303193276476682,18400,0.000274374563268312,0.00027437456354268655,0.0002848679915345015,-0.0002848679915345015,0.09539273322509811,0.09510786523356361,0.0,0.008451956576893765,0.8095250149670683,0.0,0.023099304057840154,0.0002893330327401318,0.0,0.002137838051769815,1.0462367608269634,0.0005977132800424296,0.11260163850920346,2.5606184148208033e-05,2.5606184148208033e-05,0.45439527614517006,0.45442088232931827,0.010515895460389224,0.00014881846988423764,-0.00014881846988423764,0.7324050570971733,0.7322562386272891,0.055295709787057175,0.11782190863914313,0.0021492888821311538,1.046360423662119,0.00034153830692107423,0.00034153830692107423,4.691417880138241e-07,0.16593208628598122,0.1662736245929023,2.534192807889237e-06,0.014341939726189828,0.01684966206433238,True,0.1178079840000453,0.0003947229461983004,-0.0003947229461983004,0.2936838059580228,0.2932890830118245,0.0,0.008718638550125946,0.004060638655295336,0.000274374563268312,0.000274374563268312,0.0,0.0004225978288446883,0.0,0.0004339995491101977,0.0,0.002137838051769815,0.00010515895460389224,0.0005529570978705718,1.4074253640414723e-08,2.534192807889237e-08,0.00014341939726189828,0.01684966206433238
0.0,0.017416077563655707,0.020290692082035273,18425,0.0003463430630129345,0.0003463430633592776,0.00011922216271030572,-0.00011922216271030572,0.09539273322509811,0.09527351106238781,0.0,0.008445931989956143,0.8093944507445343,0.0,0.023046909216424088,0.00028879232863882016,0.0,0.0020382992540126615,1.0451475276622393,0.0005960489447063746,0.11260163850920346,0.00019133719257374837,0.00019133719257374837,0.45439527614517006,0.4545866133377438,0.01051132040956967,0.00012528335594852447,-0.00012528335594852447,0.7324050570971733,0.7322797737412248,0.055282510012791684,0.1176990590891417,0.002049319792839467,1.0452694134359997,0.0005486402113104305,0.0005486402113104305,4.6741271517892563e-07,0.16593208628598122,0.16648072649729165,2.5353603639040533e-06,0.01434826451586261,0.016807764933083873,True,0.11768533455008645,0.0004819146621525827,-0.0004819146621525827,0.2936838059580228,0.2932018912958702,0.0,0.008708038781827854,0.004058138416407055,0.0003463430630129345,0.0003463430630129345,0.0,0.0004222965994978072,0.0,0.00043318849295823027,0.0,0.0020382992540126615,0.00010511320409569669,0.0005528251001279169,1.4022381455367768e-08,2.5353603639040532e-08,0.0001434826451586261,0.016807764933083873
0.0,0.017404132584267207,0.020283644950345694,18450,0.0004031253646763851,0.00040312536507951046,8.401642506947193e-05,-8.401642506947193e-05,0.09539273322509811,0.09530871680002864,0.0,0.008442251218735833,0.8093236508714994,0.0,0.02301732288917801,0.00028843460325093815,0.0,0.0019778172685360434,1.0444726575384926,0.0005949909905445469,0.11260163850920346,0.00028769622650687277,0.00028769622650687277,0.45439527614517006,0.45468297237167693,0.010507664871715477,8.38240898359821e-06,-8.38240898359821e-06,0.7324050570971733,0.7323966746881897,0.05527432918066659,0.11762302668581844,0.001988640885673504,1.044594179952921,0.0006316646935721482,0.0006316646935721482,4.6638058891133666e-07,0.16593208628598122,0.16656375097955337,2.536129019070001e-06,0.014352220026592956,0.016795883874725977,True,0.11760934306162298,0.000568904096960754,-0.000568904096960754,0.2936838059580228,0.29311490186106204,0.0,0.008702066292133603,0.004056728990069139,0.0004031253646763851,0.0004031253646763851,0.0,0.0004221125609367917,0.0,0.00043265190487640724,0.0,0.0019778172685360434,0.00010507664871715478,0.0005527432918066659,1.3991417667340099e-08,2.536129019070001e-08,0.00014352220026592956,0.016795883874725977
0.0,0.01739816998471111,0.020280126712519237,18475,0.00042045497080660243,0.0004204549712270574,0.00013884599376813578,-0.00013884599376813578,0.09539273322509811,0.09525388723132998,0.0,0.008440227017993553,0.80929008326759,0.0,0.02300377825633245,0.00028821654319470156,0.0,0.0019422565461110377,1.0440710397666204,0.0005943573376544933,0.11260163850920346,0.0001295667641196263,0.0001295667641196263,0.45439527614517006,0.4545248429092897,0.010503431222747571,0.00011390330498595169,0.00011390330498595169,0.7324050570971733,0.7325189604021592,0.055269707905118766,0.11757780072348799,0.0019529800880960897,1.0441925343027088,0.00066731945315468,0.00066731945315468,4.657997266367522e-07,0.16593208628598122,0.1665994057391359,2.5366189052632014e-06,0.014354586038158795,0.016773474609309877,True,0.11756412023843957,0.0006241449690195799,-0.0006241449690195799,0.2936838059580228,0.2930596609890032,0.0,0.008699084992355555,0.004056025342503848,0.00042045497080660243,0.00042045497080660243,0.0,0.00042201135089967766,0.0,0.00043232481479205234,0.0,0.0019422565461110377,0.00010503431222747571,0.0005526970790511877,1.3973991799102566e-08,2.5366189052632014e-08,0.00014354586038158794,0.016773474609309877
0.0,0.017390563096054912,0.020275637360330095,18500,0.0004574062064545434,0.0004574062069119496,0.00018330126888646547,-0.00018330126888646547,0.09539273322509811,0.09520943195621165,0.0,0.00843785338680266,0.8092455859306751,0.0,0.022986058246977102,0.0002879741854751308,0.0,0.0019018123119324607,1.0436097731240654,0.0005936363094039075,0.11260163850920346,0.0002199562364885166,0.0002199562364885166,0.45439527614517006,0.4546152323816586,0.01049852537810499,0.00011461903570830767,0.00011461903570830767,0.7324050570971733,0.7325196761328816,0.05526437376104332,0.11752587178581717,0.0019124318855600132,1.0437313604357332,0.0007057646842776322,0.0007057646842776322,4.65106798846391e-07,0.16593208628598122,0.16663785097025885,2.537166499560839e-06,0.014357331556771439,0.016764723117861466,True,0.11751218085408557,0.0006729641718116186,-0.0006729641718116186,0.2936838059580228,0.2930108417862112,0.0,0.008695281548027456,0.0040551274720660195,0.0004574062064545434,0.0004574062064545434,0.0,0.000421892669340133,0.0,0.0004319612782126962,0.0,0.0019018123119324607,0.0001049852537810499,0.0005526437376104331,1.3953203965391729e-08,2.537166499560839e-08,0.0001435733155677144,0.016764723117861466
0.0,0.017374918540527196,0.020266401229076744,18525,0.00051985764014693,0.0005198576406667876,0.0003480638908340272,-0.0003480638908340272,0.09539273322509811,0.09504466933426409,0.0,0.0084327182104933,0.809156774632065,0.0,0.02294987132303965,0.00028743866486494315,0.0,0.0018149039160414617,1.0426016891219287,0.0005920525121117343,0.11260163850920346,0.00023773502957097348,0.00023773502957097348,0.45439527614517006,0.45463301117474103,0.010486048080856668,5.712701116999952e-05,5.712701116999952e-05,0.7324050570971733,0.7324621841083433,0.055252776111633685,0.11741242239978451,0.0018253258031215895,1.042723831793527,0.0007385105611500409,0.0007385105611500409,4.6364263692032403e-07,0.16593208628598122,0.16667059684713126,2.53838006750222e-06,0.014363285899641412,0.01672935537409052,True,0.11739866893360924,0.0007905264524828981,-0.0007905264524828981,0.2936838059580228,0.2928932795055399,0.0,0.008687459270263598,0.004053280245815349,0.00051985764014693,0.00051985764014693,0.0,0.00042163591052466506,0.0,0.00043115799729741473,0.0,0.0018149039160414617,0.00010486048080856669,0.0005525277611163369,1.3909279107609721e-08,2.53838006750222e-08,0.00014363285899641413,0.01672935537409052
0.0,0.01736439004553869,0.02026018372505786,18550,0.0005442670551914588,0.0005442670557357259,0.0004310895010577742,-0.0004310895010577742,0.09539273322509811,0.09496164372404034,0.0,0.008429512160956849,0.8090944240268866,0.0,0.02292803791049664,0.00028712096683771295,0.0,0.00176057292676088,1.041959181674109,0.0005910702702562525,0.11260163850920346,0.00011630018550140564,0.00011630018550140564,0.45439527614517006,0.45451157633067146,0.010474123901507766,5.52075601011337e-05,-5.52075601011337e-05,0.7324050570971733,0.7323498495370722,0.0552455481932931,0.11734015151730895,0.00177089504954488,1.0420820038679823,0.000801234177739113,0.000801234177739113,4.626793245970427e-07,0.16593208628598122,0.16673332046372033,2.5391498521480063e-06,0.014367154451930373,0.01669213634538324,True,0.11732632153580527,0.0007979631360261474,-0.0007979631360261474,0.2936838059580228,0.29288584282199664,0.0,0.008682195022769346,0.004052036745011572,0.0005442670551914588,0.0005442670551914588,0.0,0.0004214756080478425,0.0,0.0004306814502565694,0.0,0.00176057292676088,0.00010474123901507766,0.000552455481932931,1.388037973791128e-08,2.5391498521480065e-08,0.00014367154451930373,0.01669213634538324
0.0,0.01735857305753441,0.02025674753383816,18575,0.0005662383631123989,0.0005662383636786373,0.00044657089297620023,-0.00044657089297620023,0.09539273322509811,0.09494616233212191,0.0,0.00842772939970671,0.8090600473094872,0.0,0.022915154408216704,0.00028694899382719424,0.0,0.0017322355228443932,1.0416201336235769,0.000590542259262298,0.11260163850920346,0.00020602134039798825,0.00020602134039798825,0.45439527614517006,0.45460129748556805,0.010467803866909616,3.618006465921919e-05,-3.618006465921919e-05,0.7324050570971733,0.7323688770325141,0.05524155415093752,0.11730203130035967,0.0017425167350201525,1.0417434633807516,0.0008358427551115322,0.0008358427551115322,4.6216228993638184e-07,0.16593208628598122,0.16676792904109275,2.5395580565149436e-06,0.014369221361409926,0.016681744936459592,True,0.11728814416639155,0.000813213968770321,-0.000813213968770321,0.2936838059580228,0.29287059198925247,0.0,0.008679286528767205,0.004051349506767632,0.0005662383631123989,0.0005662383631123989,0.0,0.00042138646998533553,0.0,0.00043042349074079136,0.0,0.0017322355228443932,0.00010467803866909617,0.0005524155415093752,1.3864868698091454e-08,2.5395580565149438e-08,0.00014369221361409926,0.016681744936459592
0.0,0.017327138819290155,0.020238167884120525,18600,0.0008416950447008008,0.0008416950455424959,0.0004982767265935134,-0.0004982767265935134,0.09539273322509811,0.0948944564985046,0.0,0.00841783681320377,0.8088766931972529,0.0,0.02284491263568401,0.0002860122409941193,0.0,0.0015833419461895927,1.039791229513419,0.0005876748102141146,0.11260163850920346,0.0010038262704960554,0.0010038262704960554,0.45439527614517006,0.4553991024156661,0.010431258156118022,0.00031899144850033867,0.00031899144850033867,0.7324050570971733,0.7327240485456736,0.05521946177372361,0.11709660757739687,0.0015935363891378907,1.0399191231008134,0.001182079590461682,0.001182079590461682,4.594111809064238e-07,0.16593208628598122,0.1671141658764429,2.541758660374512e-06,0.014380336204115409,0.016786499940772547,True,0.1170822065486225,0.000887264429834056,-0.000887264429834056,0.2936838059580228,0.29279654152818874,0.0,0.008663569409645078,0.004047633576824105,0.0008416950447008008,0.0008416950447008008,0.0,0.0004208918406601885,0.0,0.00042901836149117893,0.0,0.0015833419461895927,0.00010431258156118022,0.0005521946177372361,1.3782335427192712e-08,2.5417586603745123e-08,0.0001438033620411541,0.016786499940772547
0.0,0.017348843832723393,0.02025099866834012,18625,0.0005944784640707129,0.0005944784646651914,0.00046479637394140905,-0.00046479637394140905,0.09539273322509811,0.0949279368511567,0.0,0.008424662900498371,0.8090033189855037,0.0,0.02289342481502821,0.0002866575210616512,0.0,0.0016849880657630197,1.0410486061366646,0.0005896516379130197,0.11260163850920346,0.00028725639832871686,0.00028725639832871686,0.45439527614517006,0.4546825325434988,0.010457033489192516,1.036427973488685e-05,1.036427973488685e-05,0.7324050570971733,0.7324154213769082,0.05523470562258746,0.11723778754571014,0.0016952096123244564,1.0411729232909743,0.0008768509776943545,0.0008768509776943545,4.6130937255704533e-07,0.16593208628598122,0.16680893726367557,2.540236210546106e-06,0.01437264860472277,0.016655990725289158,True,0.1172237892291969,0.0008363589311806141,-0.0008363589311806141,0.2936838059580228,0.2928474470268422,0.0,0.008674421916361696,0.004050199733668024,0.0005944784640707129,0.0005944784640707129,0.0,0.0004212331450249186,0.0,0.0004299862815924768,0.0,0.0016849880657630197,0.00010457033489192516,0.0005523470562258747,1.383928117671136e-08,2.540236210546106e-08,0.0001437264860472277,0.016655990725289158
0.0,0.017341131901857487,0.02024644029300769,18650,0.0006205980006138137,0.0006205980012344118,0.00045633035660884447,-0.00045633035660884447,0.09539273322509811,0.09493640286848927,0.0,0.00842220404458011,0.8089585931507215,0.0,0.02287607160359404,0.00028643278298350153,0.0,0.0016487580336750796,1.0406049015966679,0.0005889627999139256,0.11260163850920346,0.00031577890392614494,0.00031577890392614494,0.45439527614517006,0.4547110550490962,0.010448690419230742,5.231086331292101e-05,5.231086331292101e-05,0.7324050570971733,0.7324573679604862,0.055229253924575165,0.11718793835542816,0.0016589507706671115,1.0407302193790693,0.0009500121020475372,0.0009500121020475372,4.6065651412159063e-07,0.16593208628598122,0.16688209838802875,2.540747990337993e-06,0.014375262382871913,0.016640540714965537,True,0.11717382736654225,0.0008440949382005902,-0.0008440949382005902,0.2936838059580228,0.2928397110198222,0.0,0.008670565950928744,0.0040492880586015375,0.0006205980006138137,0.0006205980006138137,0.0,0.0004211102022290055,0.0,0.0004296491744752523,0.0,0.0016487580336750796,0.00010448690419230743,0.0005522925392457517,1.3819695423647718e-08,2.5407479903379932e-08,0.00014375262382871913,0.016640540714965537
0.0,0.01734449361895185,0.020248417827776404,18675,0.0010702785211273412,0.0010702785221976196,0.0015872124873887866,0.0015872124873887866,0.09539273322509811,0.0969799457124869,0.0,0.00842602019995151,0.808946477415165,0.0,0.022863004901469426,0.0002872614058062775,0.0,0.0017745619544244724,1.0421255499005588,0.0005912961966631336,0.11260163850920346,0.0008000888472793344,0.0008000888472793344,0.45439527614517006,0.4551953649924494,0.010488174055803877,0.0007696430387599262,-0.0007696430387599262,0.7324050570971733,0.7316354140584134,0.0552398420091515,0.11735918056370423,0.0017851468534151572,1.0422509982534751,0.0012850487989363168,0.0012850487989363168,4.6224226123557795e-07,0.16593208628598122,0.16721713508491753,2.5384745370228637e-06,0.01436642679791914,0.01721994764993197,True,0.1173450548723631,0.0005695560630566976,-0.0005695560630566976,0.2936838059580228,0.2931142498949661,0.0,0.008672246809475925,0.004049683565555281,0.0010702785211273412,0.0010702785211273412,0.0,0.0004213010099975755,0.0,0.00043089210870941625,0.0,0.0017745619544244724,0.00010488174055803876,0.000552398420091515,1.3867267837067338e-08,2.538474537022864e-08,0.0001436642679791914,0.01721994764993197
0.0,0.017341416575840318,0.02024660776746185,18700,0.0006016639635224486,0.0006016639641241126,0.00028386999501689436,-0.00028386999501689436,0.09539273322509811,0.09510886323008122,0.0,0.008422527213239168,0.8089575637981732,0.0,0.022874960301142742,0.00028650292701479566,0.0,0.0016591197334556568,1.0407322934961396,0.0005891605367098218,0.11260163850920346,0.00032547377381370035,0.00032547377381370035,0.45439527614517006,0.45472074991898376,0.010451918430436894,3.39326396076034e-05,-3.39326396076034e-05,0.7324050570971733,0.7323711244575657,0.055230150144615235,0.11720227778841892,0.0016693406947577028,1.0408575659426464,0.0009739576718829079,0.0009739576718829079,4.6079100260546346e-07,0.16593208628598122,0.16690604395786413,2.5405544087148197e-06,0.014374509653446318,0.016632299301133937,True,0.11718817190442948,0.0008208150257311142,-0.0008208150257311142,0.2936838059580228,0.2928629909322917,0.0,0.008670708287920159,0.004049321553492371,0.0006016639635224486,0.0006016639635224486,0.0,0.00042112636066195843,0.0,0.0004297543905221935,0.0,0.0016591197334556568,0.00010451918430436893,0.0005523015014461523,1.3823730078163903e-08,2.54055440871482e-08,0.00014374509653446318,0.016632299301133937
0.0,0.017338777992836008,0.020245046167855336,18725,0.000565857315091541,0.0005658573156573982,0.00021312112426004337,-0.00021312112426004337,0.09539273322509811,0.09517961210083807,0.0,0.00842149609822704,0.8089441108117427,0.0,0.0228690110979198,0.00028644025277596043,0.0,0.0016473018997865618,1.040586967117371,0.0005889674507932804,0.11260163850920346,0.00012164300573430653,-0.00012164300573430653,0.45439527614517006,0.45427363313943575,0.010447892632153493,2.8266071772975465e-05,-2.8266071772975465e-05,0.7324050570971733,0.7323767910254003,0.05522801923895942,0.11718596274260101,0.0016575218428723452,1.0407126742289468,0.0009727640022707817,0.0009727640022707817,4.606571525121113e-07,0.16593208628598122,0.166904850288252,2.54062682914535e-06,0.014374983204337102,0.01658284080567983,True,0.11717180791460828,0.0007705102848357681,-0.0007705102848357681,0.2936838059580228,0.292913295673187,0.0,0.008669388996418004,0.004049009233571067,0.000565857315091541,0.000565857315091541,0.0,0.000421074804911352,0.0,0.00042966037916394064,0.0,0.0016473018997865618,0.00010447892632153494,0.0005522801923895942,1.3819714575363338e-08,2.54062682914535e-08,0.00014374983204337103,0.01658284080567983
0.0,0.017324276250379356,0.02023646862322955,18750,0.0006562919701197447,0.0006562919707760366,0.00014150391133359308,-0.00014150391133359308,0.09539273322509811,0.09525122931376452,0.0,0.0084164217689259,0.8088648057701511,0.0,0.022832672909282998,0.00028599429392556924,0.0,0.001580134016895128,1.0397508995734075,0.0005876484351880788,0.11260163850920346,0.00043544354846203337,0.00043544354846203337,0.45439527614517006,0.4548307196936321,0.010427127056594212,0.00033966566528942366,0.00033966566528942366,0.7324050570971733,0.7327447227624627,0.055216953883625575,0.11709217130616863,0.001590392480151252,1.039879725176476,0.0010791382860225462,0.0010791382860225462,4.5952124587967754e-07,0.16593208628598122,0.16701122457200376,2.5415178240780964e-06,0.014379550949333434,0.016595945885896253,True,0.11707766533089292,0.0008148920843703,-0.0008148920843703,0.2936838059580228,0.2928689138736525,0.0,0.008662138125189678,0.00404729372464591,0.0006562919701197447,0.0006562919701197447,0.0,0.00042082108844629504,0.0,0.00042899144088835386,0.0,0.001580134016895128,0.00010427127056594212,0.0005521695388362558,1.3785637376390325e-08,2.5415178240780964e-08,0.00014379550949333435,0.016595945885896253
0.0,0.017332506592149355,0.02024133715288231,18775,0.0005847187027565194,0.0005847187033412381,0.00018308949947883069,-0.00018308949947883069,0.09539273322509811,0.09520964372561928,0.0,0.008419300996765055,0.8089098288455037,0.0,0.022853302567564907,0.0002862472464947808,0.0,0.0016179481689438887,1.0402237264427836,0.0005883964503420577,0.11260163850920346,6.0414470544944976e-05,6.0414470544944976e-05,0.45439527614517006,0.454455690615715,0.010439506363451872,0.00010097962321409248,0.00010097962321409248,0.7324050570971733,0.7325060367203874,0.05522323250050154,0.11714520307827946,0.0016281784390450086,1.0403506931668467,0.0010189958823538792,0.0010189958823538792,4.601657839428947e-07,0.16593208628598122,0.1669510821683351,2.5410114709315726e-06,0.014376955569482232,0.016567959677354555,True,0.11713090641584412,0.0007897839227004044,-0.0007897839227004044,0.2936838059580228,0.2928940220353224,0.0,0.008666253296074677,0.004048267430576462,0.0005847187027565194,0.0005847187027565194,0.0,0.0004209650498382528,0.0,0.0004293708697421712,0.0,0.0016179481689438887,0.00010439506363451872,0.0005522323250050155,1.380497351828684e-08,2.5410114709315727e-08,0.00014376955569482232,0.016567959677354555
0.0,0.017325342341311778,0.020237098167248977,18800,0.0005973301630241211,0.0005973301636214512,0.00020064256299322236,-0.00020064256299322236,0.09539273322509811,0.09519209066210489,0.0,0.008416461547536173,0.8088743111488028,0.0,0.022835508734541158,0.0002859962409708077,0.0,0.0015800816952145445,1.0397502414485063,0.0005876691544767408,0.11260163850920346,9.299329617273866e-05,9.299329617273866e-05,0.45439527614517006,0.4544882694413428,0.010425681159374017,0.00030635274308443705,0.00030635274308443705,0.7324050570971733,0.7327114098402577,0.05521706187713168,0.11709207402802863,0.0015903235755922052,1.039878861262481,0.001001571375305349,0.001001571375305349,4.5961670656421055e-07,0.16593208628598122,0.16693365766128657,2.5414709447213305e-06,0.014379247672041559,0.01653757921147349,True,0.11707759122494413,0.0007988205102625878,-0.0007988205102625878,0.2936838059580228,0.2928849854477602,0.0,0.008662671170655889,0.004047419633449795,0.0005973301630241211,0.0005973301630241211,0.0,0.00042082307737680865,0.0,0.00042899436145621157,0.0,0.0015800816952145445,0.00010425681159374017,0.0005521706187713168,1.3788501196926316e-08,2.5414709447213305e-08,0.0001437924767204156,0.01653757921147349
0.0,0.0173210996982176,0.02023458363306145,18825,0.000551910034121989,0.000551910034673899,0.0001478331073816036,-0.0001478331073816036,0.09539273322509811,0.09524490011771651,0.0,0.00841422861187402,0.808859393491421,0.0,0.022822781295759768,0.0002858416885899027,0.0,0.0015564860007857317,1.0394523256701773,0.0005872491854761698,0.11260163850920346,0.0002498734985836304,-0.0002498734985836304,0.45439527614517006,0.4541454026465864,0.010414155536838712,0.0004036290053446301,0.0004036290053446301,0.7324050570971733,0.7328086861025179,0.05521248932907735,0.11705868035632805,0.0015667582028538792,1.0395822965838755,0.0008391253842043034,0.0008391253842043034,4.594512103421415e-07,0.16593208628598122,0.16677121167018552,2.541585163299565e-06,0.01437991750352389,0.01646544139718971,True,0.11704404541718738,0.0007560980456030042,-0.0007560980456030042,0.2936838059580228,0.2929277079124198,0.0,0.0086605498491088,0.0040469167266122905,0.000551910034121989,0.000551910034121989,0.0,0.000420711430593701,0.0,0.00042876253288485404,0.0,0.0015564860007857317,0.00010414155536838712,0.0005521248932907736,1.3783536310264243e-08,2.5415851632995652e-08,0.0001437991750352389,0.01646544139718971
0.0,0.01730278954428921,0.020223740470272145,18850,0.0005796816764669537,0.0005796816770466354,0.00010455738412522286,-0.00010455738412522286,0.09539273322509811,0.09528817584097289,0.0,0.008406529491296071,0.8087744905695133,0.0,0.022773781381812627,0.00028521942218694477,0.0,0.0014659094038044261,1.0382871963429607,0.0005854668277755707,0.11260163850920346,0.00025560007311714594,0.00025560007311714594,0.45439527614517006,0.4546508762182872,0.01037707963447699,0.0008462117750298592,0.0008462117750298592,0.7324050570971733,0.7332512688722032,0.055196141324114247,0.11692815811640725,0.0014763381667549332,1.0384231462370657,0.0005990540202219508,0.0005990540202219508,4.582582137586301e-07,0.16593208628598122,0.16653114030620317,2.5425366810691494e-06,0.014384843106967462,0.01638950936808445,True,0.11691284993421637,0.0007272898337128963,-0.0007272898337128963,0.2936838059580228,0.2929565161243099,0.0,0.008651394772144605,0.004044748094054429,0.0005796816764669537,0.0005796816764669537,0.0,0.0004203264745648036,0.0,0.00042782913328041715,0.0,0.0014659094038044261,0.00010377079634476989,0.0005519614132411425,1.3747746412758902e-08,2.5425366810691494e-08,0.00014384843106967463,0.01638950936808445
0.0,0.017301493169279314,0.02022296826860222,18875,0.0003788730651989553,0.0003788730655778283,1.4246349483618137e-05,-1.4246349483618137e-05,0.09539273322509811,0.0953784868756145,0.0,0.008405510729099905,0.8087744872424636,0.0,0.022765255518513307,0.0002851834956221132,0.0,0.0014619747646596193,1.0382357785936107,0.0005854057164989522,0.11260163850920346,5.217799109502597e-06,5.217799109502597e-06,0.45439527614517006,0.45440049394427956,0.010372278085530323,0.0002553180898490215,0.0002553180898490215,0.7324050570971733,0.7326603751870223,0.055194338268107664,0.11692247745690576,0.001472463880341482,1.038372697068899,0.0003837754723534925,0.0003837754723534925,4.583814006374791e-07,0.16593208628598122,0.1663158617583347,2.542376994380045e-06,0.014384231231898496,0.01618378649917417,True,0.11690706021087693,0.000710649614800607,-0.000710649614800607,0.2936838059580228,0.2929731563432222,0.0,0.008650746584639657,0.004044593653720444,0.0003788730651989553,0.0003788730651989553,0.0,0.0004202755364549953,0.0,0.0004277752434331698,0.0,0.0014619747646596193,0.00010372278085530324,0.0005519433826810767,1.3751442019124373e-08,2.542376994380045e-08,0.00014384231231898497,0.01618378649917417
0.0,0.01729286294023158,0.020217851436870094,18900,0.000334367959745646,0.00033436796008001394,6.36781718858781e-05,6.36781718858781e-05,0.09539273322509811,0.09545641139698399,0.0,0.008401381502766285,0.808740827539832,0.0,0.022737820800793836,0.0002848875758764061,0.0,0.0014217679065610296,1.0377063377505829,0.0005845958223151905,0.11260163850920346,0.00027971775621243866,0.00027971775621243866,0.45439527614517006,0.4546749939013825,0.01035264178660436,8.33413766827551e-05,8.33413766827551e-05,0.7324050570971733,0.732488398473856,0.055185879574213725,0.11686326244016976,0.0014323815206911071,1.0378468165199017,7.077329708310431e-05,7.077329708310431e-05,4.579981576684726e-07,0.16593208628598122,0.16600285958306432,2.5426427084034015e-06,0.014385763631496594,0.016092820079044372,True,0.1168474442991639,0.0006817316820257879,-0.0006817316820257879,0.2936838059580228,0.293002074275997,0.0,0.00864643147011579,0.004043570287374019,0.000334367959745646,0.000334367959745646,0.0,0.00042006907513831426,0.0,0.0004273313638146091,0.0,0.0014217679065610296,0.0001035264178660436,0.0005518587957421372,1.3739944730054178e-08,2.5426427084034016e-08,0.00014385763631496594,0.016092820079044372
0.0,0.017290044142812877,0.020216175742276223,18925,0.000318965094314894,0.0003189650946338591,2.7949437509125485e-05,-2.7949437509125485e-05,0.09539273322509811,0.09536478378758899,0.0,0.00839915281587108,0.8087403912208198,0.0,0.02272777840692954,0.00028473147816755257,0.0,0.001399458797158655,1.037409341041492,0.0005841947453619704,0.11260163850920346,4.6835500180142375e-05,-4.6835500180142375e-05,0.45439527614517006,0.4543484406449899,0.010338860206844797,0.00020592607615255165,-0.00020592607615255165,0.7324050570971733,0.7321991310210207,0.055181422122451994,0.11682999630087607,0.0014101064733111587,1.0375513844393407,0.0002852016592582718,-0.0002852016592582718,4.5798701274341927e-07,0.16593208628598122,0.16564688462672295,2.542673475827215e-06,0.01438593746516228,0.01605283733366985,True,0.11681400198011846,0.0006180399562782934,-0.0006180399562782934,0.2936838059580228,0.2930657660017445,0.0,0.008645022071406439,0.004043235148455245,0.000318965094314894,0.000318965094314894,0.0,0.00041995764079355406,0.0,0.0004270972172513289,0.0,0.001399458797158655,0.00010338860206844797,0.0005518142212245199,1.3739610382302577e-08,2.542673475827215e-08,0.0001438593746516228,0.01605283733366985
0.0,0.017284708751348576,0.02021301186672472,18950,0.0003579063703392826,0.0003579063706971889,4.893431164393336e-05,-4.893431164393336e-05,0.09539273322509811,0.09534379891345418,0.0,0.008396471832548425,0.8087208753290417,0.0,0.022713298765702314,0.0002845245565542435,0.0,0.0013708916170565772,1.0370255535685367,0.0005836154591066223,0.11260163850920346,0.00023433600422428924,0.00023433600422428924,0.45439527614517006,0.45462961214939435,0.010325174545483502,0.00016984333459424406,0.00016984333459424406,0.7324050570971733,0.7325749004317675,0.055175821991332016,0.11678699075723005,0.0013815686100161198,1.0371694580269355,0.0004769631792690687,-0.0004769631792690687,4.577012710893334e-07,0.16593208628598122,0.16545512310671215,2.5429175727123823e-06,0.014387190903343491,0.01605928619748933,True,0.1167707868779865,0.0005716959755951989,-0.0005716959755951989,0.2936838059580228,0.2931121099824276,0.0,0.008642354375674288,0.004042602373344944,0.0003579063703392826,0.0003579063703392826,0.0,0.00041982359162742126,0.0,0.00042678683483136524,0.0,0.0013708916170565772,0.00010325174545483502,0.0005517582199133202,1.3731038132680001e-08,2.5429175727123822e-08,0.00014387190903343493,0.01605928619748933
0.0,0.017287182076254237,0.020214479929000904,18975,0.00030831912310005666,0.0003083191234083758,7.431742965476051e-05,-7.431742965476051e-05,0.09539273322509811,0.09531841579544335,0.0,0.00839788032211654,0.8087279778616232,0.0,0.02272169118882146,0.0002846211183251696,0.0,0.0013833239655304196,1.0371930634061033,0.0005838706405385973,0.11260163850920346,8.05614466102278e-05,8.05614466102278e-05,0.45439527614517006,0.4544758375917803,0.010332281356769035,5.928372724683939e-05,5.928372724683939e-05,0.7324050570971733,0.7324643408244201,0.055178668799575704,0.1168057439019232,0.0013939770577959035,1.0373360021667546,0.0003308291003616959,-0.0003308291003616959,4.577737103621565e-07,0.16593208628598122,0.16560125718561952,2.5428680929433445e-06,0.014386884676375148,0.016023973316370795,True,0.116789648761838,0.0005918848944716504,-0.0005918848944716504,0.2936838059580228,0.29309192106355114,0.0,0.008643591038127119,0.004042895985800181,0.00030831912310005666,0.00030831912310005666,0.0,0.00041989401610582704,0.0,0.00042693167748775434,0.0,0.0013833239655304196,0.00010332281356769035,0.000551786687995757,1.3733211310864696e-08,2.5428680929433447e-08,0.00014386884676375147,0.016023973316370795
0.0,0.01728590812356723,0.02021372700915276,19000,0.0003017293576013342,0.0003017293579030636,0.00012303216531904526,-0.00012303216531904526,0.09539273322509811,0.09526970105977907,0.0,0.00839762717666923,0.8087189278481282,0.0,0.022720725503351753,0.0002845829360527907,0.0,0.0013768618078957857,1.0371060885555967,0.0005837370627937916,0.11260163850920346,0.00010515842616531934,0.00010515842616531934,0.45439527614517006,0.4545004345713354,0.01033135041232309,0.00012259197677455536,0.00012259197677455536,0.7324050570971733,0.7325276490739479,0.05517799103677533,0.11679596995637434,0.0013875029810401004,1.0372492010792191,0.0002645848335200429,-0.0002645848335200429,4.5760447736875003e-07,0.16593208628598122,0.16566750145246117,2.543023003115739e-06,0.014387616847464028,0.016010055133353913,True,0.11677985525029214,0.0005864928745585862,-0.0005864928745585862,0.2936838059580228,0.2930973130834642,0.0,0.008642954061783614,0.004042745401830552,0.0003017293576013342,0.0003017293576013342,0.0,0.0004198813588334616,0.0,0.00042687440407918607,0.0,0.0013768618078957857,0.0001033135041232309,0.0005517799103677533,1.37281343210625e-08,2.5430230031157393e-08,0.00014387616847464027,0.016010055133353913
0.0,0.017280355028342242,0.02021044037103579,19025,0.0003037519305227095,0.00030375193082646143,0.0002447174725171558,-0.0002447174725171558,0.09539273322509811,0.09514801575258096,0.0,0.00839593069934628,0.8086863757319231,0.0,0.022711651570211176,0.0002844081599948173,0.0,0.0013498953287800586,1.03674092171925,0.0005831778606528407,0.11260163850920346,0.00016862743071571762,0.00016862743071571762,0.45439527614517006,0.4545639035758858,0.010324305292239128,0.00018508482428070128,0.00018508482428070128,0.7324050570971733,0.732590141921454,0.05517409146834849,0.11675498175043975,0.001360517268630161,1.0368851903699867,0.0001696623812669218,-0.0001696623812669218,4.5705582092712253e-07,0.16593208628598122,0.1657624239047143,2.543506093741541e-06,0.014389968835198693,0.015981244425334013,True,0.1167387368625386,0.00055674285793611,-0.00055674285793611,0.2936838059580228,0.2931270631000867,0.0,0.008640177514171121,0.004042088074207158,0.0003037519305227095,0.0003037519305227095,0.0,0.000419796534967314,0.0,0.00042661223999222595,0.0,0.0013498953287800586,0.00010324305292239128,0.000551740914683485,1.3711674627813675e-08,2.543506093741541e-08,0.00014389968835198694,0.015981244425334013
0.0,0.017256659386246875,0.02019640532975643,19050,0.00032467135782548307,0.0003246713581501544,0.0005127312530034261,-0.0005127312530034261,0.09539273322509811,0.09488000197209469,0.0,0.008388311918980245,0.8085520794209361,0.0,0.02266654781774562,0.0002837036689036559,0.0,0.0012471100340579035,1.0353144451189298,0.0005809612800862221,0.11260163850920346,0.00018106490598390756,0.00018106490598390756,0.45439527614517006,0.45457634105115396,0.010290622060579771,0.0002312893894800272,0.0002312893894800272,0.7324050570971733,0.7326363464866533,0.055157104291325774,0.11659469560471417,0.0012575329331614487,1.0354617108042103,8.63697381899009e-05,8.63697381899009e-05,4.5498768684752533e-07,0.16593208628598122,0.16601845602417112,2.545253862791717e-06,0.014398714695482285,0.01588286676290572,True,0.11657811324578274,0.00041282575339829375,-0.00041282575339829375,0.2936838059580228,0.2932709802046245,0.0,0.008628329693123438,0.004039281065951287,0.00032467135782548307,0.00032467135782548307,0.0,0.0004194155959490123,0.0,0.0004255555033554838,0.0,0.0012471100340579035,0.00010290622060579772,0.0005515710429132577,1.364963060542576e-08,2.5452538627917172e-08,0.00014398714695482284,0.01588286676290572
0.0,0.017248020784090712,0.020191286940849616,19075,0.0002946010099540101,0.00029460101024861106,0.00047175259015437565,-0.00047175259015437565,0.09539273322509811,0.09492098063494374,0.0,0.008385897621199248,0.8084991090753157,0.0,0.02264901806705093,0.0002834944490127526,0.0,0.0012182002772169664,1.0349027259281702,0.0005802851947766702,0.11260163850920346,1.111515302615329e-05,-1.111515302615329e-05,0.45439527614517006,0.4543841609921439,0.010282227533651192,7.283271851132866e-05,7.283271851132866e-05,0.7324050570971733,0.7324778898156846,0.0551517555307242,0.11654828906979167,0.0012284731036424493,1.0350495806485962,0.0002613976505388971,0.0002613976505388971,4.5426551345570836e-07,0.16593208628598122,0.16619348393652011,2.5458152828888484e-06,0.014401646898974916,0.01581800100771708,True,0.11653175298618035,0.00037100052110522475,-0.00037100052110522475,0.2936838059580228,0.29331280543691757,0.0,0.008624010392045356,0.004038257388169923,0.0002946010099540101,0.0002946010099540101,0.0,0.0004192948810599624,0.0,0.00042524167351912895,0.0,0.0012182002772169664,0.00010282227533651193,0.000551517555307242,1.3627965403671251e-08,2.5458152828888483e-08,0.00014401646898974917,0.01581800100771708
0.0,0.017198785735781152,0.020162073461134675,19100,0.0022885951449033892,0.0022885951471919843,0.00010755167271492283,-0.00010755167271492283,0.09539273322509811,0.09528518155238319,0.0,0.008368992785074752,0.8082335356105292,0.0,0.022532773440464126,0.00028216414031685346,0.0,0.0010564571119115753,1.0325031861809204,0.0005762207257126913,0.11260163850920346,0.001321735548904468,0.001321735548904468,0.45439527614517006,0.4557170116940745,0.010232036720278469,0.004930717641055682,0.004930717641055682,0.7324050570971733,0.737335774738229,0.05511559101612849,0.11627560547791353,0.0010645808095990392,1.0326279145763109,0.00032913062481729205,0.00032913062481729205,4.5079066190123066e-07,0.16593208628598122,0.1662612169107985,2.5485157228909066e-06,0.01441597236460812,0.017616230676548727,True,0.11626156085497666,9.738116451141199e-05,-9.738116451141199e-05,0.2936838059580228,0.2935864247935114,0.0,0.008599392867890576,0.004032414692226935,0.0022885951449033892,0.0022885951449033892,0.0,0.0004184496392537376,0.0,0.00042324621047528017,0.0,0.0010564571119115753,0.0001023203672027847,0.000551155910161285,1.352371985703692e-08,2.5485157228909066e-08,0.00014415972364608122,0.017616230676548727
0.0,0.017230895184241812,0.020181125751765033,19125,0.00042237135146967563,0.00042237135189204697,1.6581995631037572e-06,1.6581995631037572e-06,0.09539273322509811,0.09539439142466122,0.0,0.008379865734011137,0.8084085883137667,0.0,0.02260067825382347,0.000283091970284695,0.0,0.0011721853992356214,1.034237193214918,0.000579097332218219,0.11260163850920346,0.0001934643069788633,0.0001934643069788633,0.45439527614517006,0.4545887404521489,0.010263213349409401,0.0008539666138931423,0.0008539666138931423,0.7324050570971733,0.7332590237110664,0.0551393414274624,0.1164725368524519,0.001181766816196773,1.0343768354593144,0.00019498279471125146,0.00019498279471125146,4.5332721925616327e-07,0.16593208628598122,0.16612706908069247,2.5463840281591647e-06,0.014405133088656536,0.015887976677618952,True,0.11645681290553134,0.0002954307684000512,-0.0002954307684000512,0.2936838059580228,0.29338837518962274,0.0,0.008615447592120906,0.004036225150353007,0.00042237135146967563,0.00042237135146967563,0.0,0.00041899328670055684,0.0,0.0004246379554270425,0.0,0.0011721853992356214,0.00010263213349409401,0.000551393414274624,1.3599816577684898e-08,2.5463840281591647e-08,0.00014405133088656537,0.015887976677618952
0.0,0.017239196203153284,0.02018605220018522,19150,0.00025536585143840873,0.00025536585169377455,0.0002784438955279467,-0.0002784438955279467,0.09539273322509811,0.09511428932957017,0.0,0.008382805885084652,0.8084522285051173,0.0,0.02262518294835263,0.00028327821374934004,0.0,0.0011922576429959602,1.0345290840161734,0.0005796407109985968,0.11260163850920346,2.3522757780447545e-05,2.3522757780447545e-05,0.45439527614517006,0.4544187989029505,0.01027176459753655,0.00028576040894146004,0.00028576040894146004,0.7324050570971733,0.7326908175061148,0.05514532665760099,0.11650590872690464,0.001202231253118594,1.0346732065595121,0.00023997788616084148,0.00023997788616084148,4.537450479721359e-07,0.16593208628598122,0.16617206417214206,2.5461571784777733e-06,0.01440364018633528,0.015746736039264252,True,0.11648968029093737,0.0003297360623308321,-0.0003297360623308321,0.2936838059580228,0.29335406989569196,0.0,0.008619598101576642,0.0040372104400370435,0.00025536585143840873,0.00025536585143840873,0.0,0.0004191402942542326,0.0,0.00042491732062401006,0.0,0.0011922576429959602,0.00010271764597536551,0.0005514532665760099,1.3612351439164076e-08,2.5461571784777735e-08,0.0001440364018633528,0.015746736039264252
0.0,0.017238896940957926,0.020185868539802,19175,0.00018640003202809126,0.0001864000322144913,0.00015901922254969725,0.00015901922254969725,0.09539273322509811,0.09555175244764781,0.0,0.008382368390737329,0.8084547725937337,0.0,0.022614223140607875,0.00028334032693679695,0.0,0.0012066998958531992,1.0347375862122457,0.0005798881611568396,0.11260163850920346,6.097239648228392e-05,6.097239648228392e-05,0.45439527614517006,0.45445624854165234,0.010273503300832027,0.0001448542886227644,0.0001448542886227644,0.7324050570971733,0.7325499113857961,0.055145046831552046,0.11652920790310405,0.0012166230076905821,1.0348801233898417,7.90725971031303e-05,7.90725971031303e-05,4.5409030556524696e-07,0.16593208628598122,0.16601115888308435,2.5457007771072405e-06,0.014401801134591686,0.015692093608649413,True,0.1165131579819329,0.00034276066464761223,-0.00034276066464761223,0.2936838059580228,0.2933410452933752,0.0,0.008619448470478963,0.0040371737079604,0.00018640003202809126,0.00018640003202809126,0.0,0.00041911841953686646,0.0,0.00042501049040519543,0.0,0.0012066998958531992,0.00010273503300832028,0.0005514504683155205,1.3622709166957407e-08,2.5457007771072405e-08,0.00014401801134591687,0.015692093608649413
0.0,0.017234982861667136,0.020183549775570988,19200,0.0002209441114817774,0.00022094411170272153,0.00015412913027820774,0.00015412913027820774,0.09539273322509811,0.09554686235537632,0.0,0.008381545841485444,0.8084278625924624,0.0,0.02260676919472602,0.0002832614861823249,0.0,0.0011952066543171964,1.0345717609374645,0.0005796117954785784,0.11260163850920346,0.000231231283596256,0.000231231283596256,0.45439527614517006,0.4546265074287663,0.010271963591719844,0.0001155597248522211,0.0001155597248522211,0.7324050570971733,0.7325206168220255,0.05514315354077199,0.11651042689080329,0.0012050154019889315,1.0347133317615715,0.00020460494202828583,0.00020460494202828583,4.537253953791292e-07,0.16593208628598122,0.1661366912280095,2.545981252504658e-06,0.014403268180891224,0.015712544597802715,True,0.11649448578262804,0.00033412658507864235,-0.00033412658507864235,0.2936838059580228,0.29334967937294415,0.0,0.008617491430833568,0.004036709955114198,0.0002209441114817774,0.0002209441114817774,0.0,0.0004190772920742722,0.0,0.00042489222927348736,0.0,0.0011952066543171964,0.00010271963591719843,0.0005514315354077199,1.3611761861373875e-08,2.545981252504658e-08,0.00014403268180891225,0.015712544597802715
0.0,0.017238477872168256,0.02018562028048542,19225,0.0001880875573884043,0.00018808755757649184,0.0001584898428545617,0.0001584898428545617,0.09539273322509811,0.09555122306795268,0.0,0.008382280038377063,0.8084518859487013,0.0,0.02261342383172667,0.0002833318586431969,0.0,0.0012054622230365324,1.0347197670360349,0.0005798584897207899,0.11260163850920346,7.9465007545243e-05,7.9465007545243e-05,0.45439527614517006,0.4544747411527153,0.010273326823877061,0.00014154638229635363,0.00014154638229635363,0.7324050570971733,0.7325466034794696,0.05514484456811419,0.11652719015770266,0.0012153732723415047,1.0348622040660298,9.254272019845744e-05,9.254272019845744e-05,4.5405114738545896e-07,0.16593208628598122,0.16602462900617967,2.5457308412889047e-06,0.014401958414826783,0.015692264939400815,True,0.11651115151331648,0.0003418353338382474,-0.0003418353338382474,0.2936838059580228,0.29334197062418454,0.0,0.008619238936084128,0.004037124056097084,0.0001880875573884043,0.0001880875573884043,0.0,0.00041911400191885315,0.0,0.0004249977879647954,0.0,0.0012054622230365324,0.00010273326823877061,0.0005514484456811419,1.3621534421563768e-08,2.545730841288905e-08,0.00014401958414826785,0.015692264939400815
0.0,0.01723880290955848,0.020185812821566687,19250,0.00018670253841833578,0.00018670253860503833,0.00015890174087573872,0.00015890174087573872,0.09539273322509811,0.09555163496597385,0.0,0.008382348697589618,0.8084541316858981,0.0,0.02261404516278752,0.00028333844219099015,0.0,0.0012064252033204014,1.0347336321642353,0.0005798815600741971,0.11260163850920346,6.498516724978698e-05,6.498516724978698e-05,0.45439527614517006,0.45446026131241984,0.010273463886695868,0.00014400677887194124,0.00014400677887194124,0.7324050570971733,0.7325490638760452,0.05514500264434783,0.11652876017406533,0.0012163456413431376,1.034876147168848,8.206180707109878e-05,8.206180707109878e-05,4.540816111705159e-07,0.16593208628598122,0.16601414809305232,2.545707451644909e-06,0.014401836052886936,0.01569205896435944,True,0.11651271274960864,0.00034255548725886653,-0.00034255548725886653,0.2936838059580228,0.2933412504707639,0.0,0.00861940145477924,0.004037162564313338,0.00018670253841833578,0.00018670253841833578,0.0,0.0004191174348794809,0.0,0.00042500766328648523,0.0,0.0012064252033204014,0.00010273463886695868,0.0005514500264434784,1.3622448335115476e-08,2.545707451644909e-08,0.00014401836052886936,0.01569205896435944
0.0,0.01723225255072669,0.020181932964054648,19275,0.0002075320533565663,0.00020753205356409835,3.9318689676326457e-07,-3.9318689676326457e-07,0.09539273322509811,0.09539234003820135,0.0,0.008380780774062317,0.8084109974092919,0.0,0.02260497828442212,0.00028316058039056934,0.0,0.0011796923065476876,1.0343466491312863,0.0005792772544564037,0.11260163850920346,3.394184752580909e-05,-3.394184752580909e-05,0.45439527614517006,0.45436133429764425,0.010268112200095311,0.00018316995880873765,0.00018316995880873765,0.7324050570971733,0.732588227055982,0.05514122983906406,0.11648501208405328,0.0011893963679925003,1.0344876263026683,0.0002919620013584756,0.0002919620013584756,4.533737598859469e-07,0.16593208628598122,0.1662240482873397,2.546331990020586e-06,0.014404884734407288,0.015681698469635862,True,0.1164691378221535,0.0003088729813791047,-0.0003088729813791047,0.2936838059580228,0.2933749329766437,0.0,0.008616126275363345,0.00403638659281093,0.0002075320533565663,0.0002075320533565663,0.0,0.00041903903870311586,0.0,0.000424740870585854,0.0,0.0011796923065476876,0.00010268112200095311,0.0005514122983906406,1.3601212796578406e-08,2.546331990020586e-08,0.0001440488473440729,0.015681698469635862
0.0,0.017235456263655635,0.02018383211182977,19300,0.00018387042440712827,0.0001838704245909987,2.748545214198428e-05,2.748545214198428e-05,0.09539273322509811,0.0954202186772401,0.0,0.008381739336970768,0.8084299035123911,0.0,0.022611101071452696,0.0002832493623808197,0.0,0.001191767510257647,1.0345219858967825,0.0005795607721763907,0.11260163850920346,3.575120182475189e-05,-3.575120182475189e-05,0.45439527614517006,0.4543595249433453,0.010271467776154855,3.3524681511631904e-05,3.3524681511631904e-05,0.7324050570971733,0.7324385817786849,0.05514337753511069,0.1165048899578861,0.0012016039198530055,1.0346641590097467,0.00024497587670188614,0.00024497587670188614,4.5365648877365445e-07,0.16593208628598122,0.1661770621626831,2.546093982426376e-06,0.014403686942008382,0.015672317892445543,True,0.11648888103099263,0.00032537821415806745,-0.00032537821415806745,0.2936838059580228,0.2933584277438647,0.0,0.008617728131827818,0.0040367664223659545,0.00018387042440712827,0.00018387042440712827,0.0,0.00041908696684853845,0.0,0.0004248740435712295,0.0,0.001191767510257647,0.00010271467776154855,0.0005514337753511069,1.3609694663209633e-08,2.546093982426376e-08,0.0001440368694200838,0.015672317892445543
0.0,0.017231917251791296,0.020181732634938023,19325,0.00019145405107116062,0.00019145405126261465,6.210725096365832e-05,6.210725096365832e-05,0.09539273322509811,0.09545484047606177,0.0,0.00838053526465771,0.8084108067641143,0.0,0.022601968497144898,0.0002831580582285956,0.0,0.0011806296852065125,1.034360292274754,0.0005792853818947744,0.11260163850920346,4.736083210776787e-06,4.736083210776787e-06,0.45439527614517006,0.45440001222838083,0.010267429163886437,0.00016451517513582647,0.00016451517513582647,0.7324050570971733,0.7325695722723091,0.05514083786342595,0.1164864819667318,0.0011902969295561334,1.0345006801317906,0.00023510153720282534,0.00023510153720282534,4.5342423439385915e-07,0.16593208628598122,0.16616718782318404,2.5462616899677194e-06,0.014404611738878846,0.01566632059274255,True,0.1164706740625988,0.00031153740060030355,-0.00031153740060030355,0.2936838059580228,0.2933722685574225,0.0,0.008615958625895648,0.004036346526987605,0.00019145405107116062,0.00019145405107116062,0.0,0.00041902676323288555,0.0,0.0004247370873428934,0.0,0.0011806296852065125,0.00010267429163886437,0.0005514083786342594,1.3602727031815774e-08,2.5462616899677194e-08,0.00014404611738878846,0.01566632059274255
0.0,0.017230112415892895,0.02018066178062092,19350,0.00018557481968353427,0.00018557481986910908,4.057704623634806e-05,4.057704623634806e-05,0.09539273322509811,0.09543331027133446,0.0,0.008379862613134694,0.8084018278170115,0.0,0.022597434152047038,0.00028310280056529665,0.0,0.0011735526153399654,1.0342571542212713,0.0005791204868247679,0.11260163850920346,2.0170770891225764e-05,2.0170770891225764e-05,0.45439527614517006,0.4544154469160613,0.010264693801843791,0.0001883173619678935,0.0001883173619678935,0.7324050570971733,0.7325933744591412,0.05513940662228437,0.11647475482843678,0.0011831214826840742,1.0343965330038374,0.00020646335673041305,0.00020646335673041305,4.532998389010282e-07,0.16593208628598122,0.16613854964271163,2.546362843534819e-06,0.014405137982991553,0.01565209477729361,True,0.11645906054775261,0.00030339111008187425,-0.00030339111008187425,0.2936838059580228,0.2933804148479409,0.0,0.008615056207946448,0.004036132356124184,0.00018557481968353427,0.00018557481968353427,0.0,0.0004189931306567347,0.0,0.00042465420084794494,0.0,0.0011735526153399654,0.00010264693801843791,0.0005513940662228437,1.3598995167030846e-08,2.546362843534819e-08,0.00014405137982991553,0.01565209477729361
0.0,0.017214845631858156,0.020171603448437075,19375,0.00015406332894284556,0.00015406332909690887,0.0002155256362566249,-0.0002155256362566249,0.09539273322509811,0.09517720758884149,0.0,0.008374489629024377,0.8083222920296944,0.0,0.022561107419228333,0.0002826470016911756,0.0,0.0011143879697509617,1.0333824500261883,0.0005777323688553911,0.11260163850920346,5.124652629157067e-05,5.124652629157067e-05,0.45439527614517006,0.45444652267146163,0.010245092758163815,0.00012418767096122885,0.00012418767096122885,0.7324050570971733,0.7325292447681345,0.05512785942099406,0.11637536287758665,0.0011231779099630623,1.0335138465408413,2.6269523564270703e-05,2.6269523564270703e-05,4.5217329519374147e-07,0.16593208628598122,0.1659583558095455,2.54729310193133e-06,0.014409927718516279,0.0155507576254049,True,0.11636056741342837,0.0002312733772708575,-0.0002312733772708575,0.2936838059580228,0.29345253258075193,0.0,0.008607422815929078,0.004034320689687415,0.00015406332894284556,0.00015406332894284556,0.0,0.00041872448145121883,0.0,0.00042397050253676336,0.0,0.0011143879697509617,0.00010245092758163815,0.0005512785942099406,1.3565198855812243e-08,2.54729310193133e-08,0.00014409927718516278,0.0155507576254049
0.0,0.017162486341130045,0.020140519277250715,19400,0.00033157275706670796,0.0003315727573982807,0.00029747577411477766,-0.00029747577411477766,0.09539273322509811,0.09509525745098334,0.0,0.008359334663594897,0.8080481115070981,0.0,0.02244221877550374,0.0002814066494939338,0.0,0.0009622416417566464,1.0310200200154134,0.0005737477893683581,0.11260163850920346,0.0005400707934651305,0.0005400707934651305,0.45439527614517006,0.4549353469386352,0.010229885796023562,0.00018894663352786445,-0.00018894663352786445,0.7324050570971733,0.7322161104636454,0.055095019903877725,0.11610730224045951,0.000969278402760192,1.0311332363039918,0.00036583106400600585,0.00036583106400600585,4.4814820413522695e-07,0.16593208628598122,0.16629791734998722,2.5504194263655884e-06,0.014426527127270931,0.015540791409171273,True,0.11609455389972749,9.85591687374665e-07,-9.85591687374665e-07,0.2936838059580228,0.2936828203663354,0.0,0.008581243170565023,0.004028103855450143,0.00033157275706670796,0.00033157275706670796,0.0,0.00041796673317974486,0.0,0.0004221099742409007,0.0,0.0009622416417566464,0.00010229885796023563,0.0005509501990387772,1.3444446124056809e-08,2.5504194263655886e-08,0.00014426527127270932,0.015540791409171273
0.0,0.0169818603429146,0.020032932716744372,19425,0.012068139553913271,0.01206813956598141,0.002573988831219093,0.002573988831219093,0.09539273322509811,0.09796672205631721,0.0,0.008307739309141186,0.8071975853454305,0.0,0.02204333197142326,0.00027749171393656714,0.0,0.000602577159036851,1.0245474470981577,0.0005611613854375315,0.11260163850920346,0.021070381865695265,0.021070381865695265,0.45439527614517006,0.4754656580108653,0.010139909840472512,0.01634888978974769,0.01634888978974769,0.7324050570971733,0.748753946886921,0.05498328026805339,0.11538224130628649,0.0006097970083735336,1.0246940682831633,0.0030461804366405387,0.0030461804366405387,4.3473326209922213e-07,0.16593208628598122,0.16897826672262176,2.561218071325868e-06,0.014483889140687201,0.026795967410788914,True,0.11536573151914847,0.0010237870094319534,0.0010237870094319534,0.2936838059580228,0.29470759296745475,0.0,0.0084909301714573,0.004006586543348875,0.012068139553913271,0.012068139553913271,0.0,0.00041538696545705936,0.0,0.0004162375709048507,0.0,0.000602577159036851,0.00010139909840472512,0.0005498328026805339,1.3041997862976664e-08,2.561218071325868e-08,0.000144838891406872,0.026795967410788914
0.0,0.0171581935039673,0.0201379686203173,19450,0.0003234145877917703,0.00032341458811518487,0.00023806645961056694,-0.00023806645961056694,0.09539273322509811,0.09515466676548755,0.0,0.008358092893936981,0.808027959209448,0.0,0.022432702327063143,0.0002813110617274574,0.0,0.0009517694001658409,1.030850760122983,0.000573438880511473,0.11260163850920346,0.0005356108832147433,0.0005356108832147433,0.45439527614517006,0.4549308870283848,0.010228490631854418,1.9944664570781256e-05,1.9944664570781256e-05,0.7324050570971733,0.7324250017617441,0.05509232790710448,0.1160881151220344,0.0009586973433428567,1.030962838102197,0.0004225304218767878,0.0004225304218767878,4.478255328532021e-07,0.16593208628598122,0.166354616707858,2.5506679237246225e-06,0.014427856236045361,0.015519271390488022,True,0.11607549495681335,2.2373523700325304e-05,2.2373523700325304e-05,0.2936838059580228,0.2937061794817231,0.0,0.00857909675198365,0.0040275937240634605,0.0003234145877917703,0.0003234145877917703,0.0,0.00041790464469684905,0.0,0.00042196659259118616,0.0,0.0009517694001658409,0.00010228490631854418,0.0005509232790710448,1.3434765985596063e-08,2.5506679237246224e-08,0.0001442785623604536,0.015519271390488022
0.0,0.01717656945415169,0.020148883843874813,19475,0.0002150037176579608,0.0002150037178729645,9.121856721173993e-05,-9.121856721173993e-05,0.09539273322509811,0.09530151465788637,0.0,0.008363409571953835,0.8081115478392763,0.0,0.02247421291309576,0.00028175877551062925,0.0,0.0010057632944702097,1.0317137713693942,0.0005748793035342344,0.11260163850920346,0.0001716317517067023,-0.0001716317517067023,0.45439527614517006,0.45422364439346335,0.010232990630557626,0.000249593224439848,0.000249593224439848,0.7324050570971733,0.7326546503216131,0.05510389640390162,0.11618586725111796,0.0010132101119262964,1.0318309615300307,0.0003586492370902805,0.0003586492370902805,4.4927126718712693e-07,0.16593208628598122,0.1662907355230715,2.549505170686369e-06,0.014421768854826036,0.015477262681925189,True,0.11617267144584122,4.928138945070604e-05,-4.928138945070604e-05,0.2936838059580228,0.2936345245685721,0.0,0.008588284727075846,0.004029776768774963,0.0002150037176579608,0.0002150037176579608,0.0,0.0004181704785976918,0.0,0.00042263816326594387,0.0,0.0010057632944702097,0.00010232990630557626,0.0005510389640390163,1.3478138015613808e-08,2.549505170686369e-08,0.00014421768854826035,0.015477262681925189
0.0,0.017166946520111304,0.02014316856630115,19500,0.0002188597667591957,0.0002188597669780555,0.00016803433526661748,-0.00016803433526661748,0.09539273322509811,0.0952246988898315,0.0,0.00836062362020842,0.8080677524788898,0.0,0.022452477930332577,0.0002815235174152671,0.0,0.0009772059181891708,1.0312602929958945,0.0005741238413661463,0.11260163850920346,0.0001844413166356973,0.0001844413166356973,0.45439527614517006,0.45457971746180575,0.010231861185020175,0.0001376613444331598,0.0001376613444331598,0.7324050570971733,0.7325427184416065,0.0550978342461098,0.11613449066128717,0.0009843713601830827,1.0313746929894634,0.0003976838838249952,0.0003976838838249952,4.485136882615246e-07,0.16593208628598122,0.1663297701698062,2.5501128683547696e-06,0.014424951337978961,0.015446074539627992,True,0.11612160903342188,1.1863123212829674e-05,-1.1863123212829674e-05,0.2936838059580228,0.29367194283480996,0.0,0.008583473260055652,0.004028633713260231,0.0002188597667591957,0.0002188597667591957,0.0,0.00041803118101042103,0.0,0.00042228527612290064,0.0,0.0009772059181891708,0.00010231861185020175,0.000550978342461098,1.3455410647845739e-08,2.5501128683547696e-08,0.0001442495133797896,0.015446074539627992
0.0,0.01717280840685198,0.020146647730680253,19525,0.00013167415634614816,0.00013167415647782232,9.3560163649406e-05,-9.3560163649406e-05,0.09539273322509811,0.09529917306144871,0.0,0.008361965855744223,0.8080965484329408,0.0,0.02246271432805976,0.00028165802901291594,0.0,0.0009948974193659406,1.0315419945369018,0.0005745868297095275,0.11260163850920346,3.247542087564392e-05,3.247542087564392e-05,0.45439527614517006,0.4544277515660457,0.010229630373125435,0.00013908007130547517,0.00013908007130547517,0.7324050570971733,0.7325441371684788,0.055100956371160005,0.11616638289113677,0.0010022241245238258,1.0316579235662073,0.0002375950714904318,0.0002375950714904318,4.490816583619373e-07,0.16593208628598122,0.16616968135747165,2.5496312328326663e-06,0.014422522631496345,0.015380460724100611,True,0.11615332909132689,3.2978417286111394e-05,-3.2978417286111394e-05,0.2936838059580228,0.2936508275407367,0.0,0.00858640420342599,0.00402932954613605,0.00013167415634614816,0.00013167415634614816,0.0,0.00041809829278721114,0.0,0.0004224870435193739,0.0,0.0009948974193659406,0.00010229630373125435,0.0005510095637116001,1.3472449750858119e-08,2.5496312328326665e-08,0.00014422522631496346,0.015380460724100611
0.0,0.01718456026198556,0.02015360961083538,19550,0.0003409436582927555,0.00034094365863369914,0.0002402038054542116,0.0002402038054542116,0.09539273322509811,0.09563293703055233,0.0,0.008363065730118675,0.8081745604751822,0.0,0.02247086285710287,0.0002818942423452605,0.0,0.0010337722273001404,1.0321523284895533,0.0005755412052870286,0.11260163850920346,0.0003077832876636766,-0.0003077832876636766,0.45439527614517006,0.4540874928575064,0.010215175647040517,1.9856440459320446e-05,-1.9856440459320446e-05,0.7324050570971733,0.732385200656714,0.055104644681200556,0.11623535164975927,0.0010413803798126656,1.032270425776749,0.0006528222926591165,-0.0006528222926591165,4.5070210804965816e-07,0.16593208628598122,0.1652792639933221,2.5481713040962565e-06,0.014415477997005799,0.01563610457480533,True,0.11622205370053659,4.7045164177583754e-05,-4.7045164177583754e-05,0.2936838059580228,0.2936367607938452,0.0,0.00859228013099278,0.004030721922167076,0.0003409436582927555,0.0003409436582927555,0.0,0.00041815328650593377,0.0,0.00042284136351789073,0.0,0.0010337722273001404,0.00010215175647040517,0.0005510464468120056,1.3521063241489744e-08,2.5481713040962567e-08,0.00014415477997005798,0.01563610457480533
0.0,0.017175267071900646,0.02014810445335845,19575,5.624054538427238e-05,5.624054544051292e-05,2.4451400289268732e-05,-2.4451400289268732e-05,0.09539273322509811,0.09536828182480885,0.0,0.008362195226127578,0.8081105489581442,0.0,0.022464420946940265,0.00028170712025540727,0.0,0.0010028908846346422,1.03166845251405,0.0005747860031647508,0.11260163850920346,5.260794558664683e-05,-5.260794558664683e-05,0.45439527614517006,0.4543426681995834,0.010226279967710817,9.246570876075833e-05,9.246570876075833e-05,0.7324050570971733,0.732497522805934,0.055101726315422574,0.11618067676578411,0.0010102776769065677,1.0317848655323028,5.109538716210893e-05,5.109538716210893e-05,4.494202329704218e-07,0.16593208628598122,0.16598318167314333,2.5493249097333314e-06,0.014421044820564806,0.015314585785223486,True,0.11616756846802091,3.590100216432912e-05,-3.590100216432912e-05,0.2936838059580228,0.29364790495585846,0.0,0.008587633535950323,0.00402962089067169,5.624054538427238e-05,5.624054538427238e-05,0.0,0.0004181097613063789,0.0,0.0004225606803831109,0.0,0.0010028908846346422,0.00010226279967710817,0.0005510172631542257,1.3482606989112653e-08,2.5493249097333316e-08,0.00014421044820564805,0.015314585785223486
0.0,0.017171165227046314,0.0201456641347662,19600,6.671336180839243e-05,6.671336187510579e-05,2.7447904108135468e-05,2.7447904108135468e-05,0.09539273322509811,0.09542018112920625,0.0,0.008360385411579793,0.8080956398873358,0.0,0.022451082262804588,0.0002815910801052156,0.0,0.0009914755243367413,1.031487704335768,0.0005744641597053131,0.11260163850920346,4.551878417391464e-05,-4.551878417391464e-05,0.45439527614517006,0.45434975736099614,0.010221026648895133,5.438644884048216e-05,5.438644884048216e-05,0.7324050570971733,0.7324594435460138,0.05509810050911701,0.11616016601930301,0.00099873142907099,1.0316027123688931,0.00012829019711224632,-0.00012829019711224632,4.492693881521798e-07,0.16593208628598122,0.16580379608886897,2.549407520100743e-06,0.01442161824208562,0.015310756643516166,True,0.11614721592518132,3.4286467032740298e-06,-3.4286467032740298e-06,0.2936838059580228,0.2936803773113195,0.0,0.008585582613523157,0.00402913282695324,6.671336180839243e-05,6.671336180839243e-05,0.0,0.00041801927057898966,0.0,0.0004223866201578234,0.0,0.0009914755243367413,0.00010221026648895133,0.0005509810050911701,1.3478081644565394e-08,2.549407520100743e-08,0.0001442161824208562,0.015310756643516166
0.0,0.017154750743106795,0.02013591042229207,19625,0.00011151516182879135,0.00011151516194030652,6.65720502267958e-05,6.65720502267958e-05,0.09539273322509811,0.09545930527532491,0.0,0.008355305356485451,0.8080224103556681,0.0,0.022413048390066862,0.00028119274748849416,0.0,0.0009462525394603476,1.0307612181075514,0.0005732049401724951,0.11260163850920346,0.00017928608374268018,0.00017928608374268018,0.45439527614517006,0.45457456222891274,0.010216585615097624,8.729254874895176e-05,8.729254874895176e-05,0.7324050570971733,0.7324923496459222,0.05508719712404021,0.11607789217809658,0.000953083441611048,1.0308720495207404,9.744483173518281e-05,-9.744483173518281e-05,4.4807684499790303e-07,0.16593208628598122,0.16583464145424603,2.5503370803334665e-06,0.014426577639126201,0.015299222095816759,True,0.1160654123782649,9.212673183550679e-05,9.212673183550679e-05,0.2936838059580228,0.2937759326898583,0.0,0.008577375371553397,0.004027182084458414,0.00011151516182879135,0.00011151516182879135,0.0,0.0004177652678242726,0.0,0.00042178912123274124,0.0,0.0009462525394603476,0.00010216585615097624,0.0005508719712404021,1.344230534993709e-08,2.5503370803334665e-08,0.00014426577639126202,0.015299222095816759
0.0,0.017150595822784664,0.020133445186336432,19650,0.00017746938347263925,0.00017746938365010862,4.168883745953034e-05,-4.168883745953034e-05,0.09539273322509811,0.09535104438763858,0.0,0.008354661410376505,0.8080002384786298,0.0,0.022408130600174825,0.0002811085420446702,0.0,0.0009334673965720281,1.030552698679037,0.0005728824766791463,0.11260163850920346,8.089225916818599e-05,-8.089225916818599e-05,0.45439527614517006,0.45431438388600187,0.010218118275347162,0.0003580364070946418,-0.0003580364070946418,0.7324050570971733,0.7320470206900787,0.0550855109170796,0.11605430812776137,0.0009401952081259702,1.0306626027617678,9.191984405990117e-05,9.191984405990117e-05,4.4759783247465925e-07,0.16593208628598122,0.16602400613004112,2.550758370053169e-06,0.014428658512501025,0.015349681424858068,True,0.11604193274686797,0.00011205385922158362,0.00011205385922158362,0.2936838059580228,0.2937958598172444,0.0,0.008575297911392332,0.0040266890372672864,0.00017746938347263925,0.00017746938347263925,0.0,0.00041773307051882526,0.0,0.00042166281306700527,0.0,0.0009334673965720281,0.00010218118275347162,0.0005508551091707959,1.3427934974239776e-08,2.550758370053169e-08,0.00014428658512501025,0.015349681424858068
0.0,0.017142864918516243,0.020128849645880464,19675,0.00012454141478257614,0.00012454141490711757,3.309392198105887e-05,-3.309392198105887e-05,0.09539273322509811,0.09535963930311706,0.0,0.008352257514630665,0.8079663004144919,0.0,0.022391251791264888,0.00028091235270330506,0.0,0.0009119293749178434,1.0301981684033625,0.000572265787414405,0.11260163850920346,3.5303769621741754e-05,3.5303769621741754e-05,0.45439527614517006,0.4544305799147918,0.01021455570907517,0.00018551201057825928,-0.00018551201057825928,0.7324050570971733,0.732219545086595,0.05508029060797848,0.11601419192147604,0.0009184740116488151,1.0303063361633968,0.00012252641091159422,0.00012252641091159422,4.470084105901372e-07,0.16593208628598122,0.1660546126968928,2.551241136447854e-06,0.014431171399989388,0.015269953682755237,True,0.11600201205338062,0.0001605734376354806,0.0001605734376354806,0.2936838059580228,0.2938443793956583,0.0,0.008571432459258121,0.004025769929176093,0.00012454141478257614,0.00012454141478257614,0.0,0.00041761287573153323,0.0,0.0004213685290549576,0.0,0.0009119293749178434,0.00010214555709075171,0.0005508029060797847,1.3410252317704115e-08,2.5512411364478538e-08,0.0001443117139998939,0.015269953682755237
0.0,0.017150534888045854,0.020133406937267048,19700,7.416633844745547e-05,7.416633852162182e-05,1.2837585985525646e-05,1.2837585985525646e-05,0.09539273322509811,0.09540557081108364,0.0,0.00835432850218767,0.8080018738652208,0.0,0.02240598880024847,0.000281097152485681,0.0,0.0009337979449245901,1.0305581076790529,0.0005728728842496142,0.11260163850920346,6.825512155306246e-05,6.825512155306246e-05,0.45439527614517006,0.4544635312667231,0.010216268621998868,9.637588115030127e-05,-9.637588115030127e-05,0.7324050570971733,0.732308681216023,0.05508492777131586,0.11605491393855394,0.0009405251742604922,1.0306679828854213,8.635526199896049e-06,8.635526199896049e-06,4.47671448766215e-07,0.16593208628598122,0.1659407218121811,2.5506835213340065e-06,0.014428323503500097,0.01524660940463311,True,0.11604254180918655,0.00011539835716384284,0.00011539835716384284,0.2936838059580228,0.29379920431518664,0.0,0.008575267444022927,0.0040266813874534095,7.416633844745547e-05,7.416633844745547e-05,0.0,0.0004177164251093835,0.0,0.0004216457287285215,0.0,0.0009337979449245901,0.00010216268621998869,0.0005508492777131586,1.343014346298645e-08,2.5506835213340066e-08,0.00014428323503500097,0.01524660940463311
0.0,0.01714298741474729,0.020128921493291443,19725,9.160158442812587e-05,9.160158451972744e-05,4.6231770929328064e-06,-4.6231770929328064e-06,0.09539273322509811,0.09538811004800518,0.0,0.008352138829010095,0.8079678420883106,0.0,0.022390688127058994,0.000280910163201112,0.0,0.000912460306410928,1.0302069579138802,0.0005722713542127868,0.11260163850920346,7.537691180781181e-05,7.537691180781181e-05,0.45439527614517006,0.45447065305697787,0.01021367869661558,5.045850686835607e-05,-5.045850686835607e-05,0.7324050570971733,0.7323545985903049,0.05508009529228196,0.11601518423656146,0.0009190082455148958,1.0303151487793627,8.483764094027735e-05,8.483764094027735e-05,4.470540959157975e-07,0.16593208628598122,0.1660169239269215,2.551197962537888e-06,0.01443096902804863,0.015237598436895127,True,0.11600300176675449,0.00016281189329042656,0.00016281189329042656,0.2936838059580228,0.2938466178513132,0.0,0.008571493707373645,0.004025784298658289,9.160158442812587e-05,9.160158442812587e-05,0.0,0.0004176069414505048,0.0,0.000421365244801668,0.0,0.000912460306410928,0.0001021367869661558,0.0005508009529228196,1.3411622877473925e-08,2.551197962537888e-08,0.0001443096902804863,0.015237598436895127
0.0,0.01714117044776242,0.02012784127251434,19750,9.863768544147226e-05,9.863768554010993e-05,1.4892851963876907e-06,-1.4892851963876907e-06,0.09539273322509811,0.09539124393990173,0.0,0.00835157536904545,0.8079598279718092,0.0,0.02238670321282841,0.0002808645136843606,0.0,0.0009075072804178508,1.0301248615003928,0.0005721281457042607,0.11260163850920346,8.764758411300422e-05,8.764758411300422e-05,0.45439527614517006,0.45448292372928306,0.010212937613658015,4.563403427215729e-05,-4.563403427215729e-05,0.7324050570971733,0.7323594230629011,0.05507887359828836,0.11600589624311727,0.0009140139342439791,1.0302326633666963,9.12804856286753e-05,9.12804856286753e-05,4.469169382513804e-07,0.16593208628598122,0.1660233667716099,2.5513096241641704e-06,0.01443155270458029,0.015238446542991871,True,0.11599375757525912,0.0001747800215463613,0.0001747800215463613,0.2936838059580228,0.29385858597956915,0.0,0.00857058522388121,0.004025568254502869,9.863768544147226e-05,9.863768544147226e-05,0.0,0.00041757876845227256,0.0,0.0004212967705265409,0.0,0.0009075072804178508,0.00010212937613658016,0.0005507887359828836,1.3407508147541412e-08,2.5513096241641704e-08,0.00014431552704580292,0.015238446542991871
0.0,0.017142612168977167,0.02012869841146583,19775,9.28750683050367e-05,9.287506839791177e-05,4.08861333291155e-06,-4.08861333291155e-06,0.09539273322509811,0.0953886446117652,0.0,0.008352022074664742,0.8079661810960097,0.0,0.022389864547634763,0.00028090071320979667,0.0,0.0009114298271959012,1.0301898961110485,0.0005722416860372982,0.11260163850920346,7.543664806686223e-05,7.543664806686223e-05,0.45439527614517006,0.4544707127932369,0.01021352131545978,5.163058485846417e-05,-5.163058485846417e-05,0.7324050570971733,0.7323534265123148,0.055079841929589195,0.11601325385419026,0.0009179691260554931,1.0302980053147974,8.612009307232271e-05,8.612009307232271e-05,4.470256653494303e-07,0.16593208628598122,0.16601820637905354,2.5512210999882022e-06,0.014431089977749867,0.015237586291039567,True,0.1160010805796291,0.0001653453939347016,0.0001653453939347016,0.2936838059580228,0.2938491513519575,0.0,0.008571306084488584,0.004025739682293166,9.28750683050367e-05,9.28750683050367e-05,0.0,0.00041760110373323714,0.0,0.00042135106981469497,0.0,0.0009114298271959012,0.0001021352131545978,0.000550798419295892,1.3410769960482908e-08,2.5512210999882022e-08,0.00014431089977749866,0.015237586291039567
0.0,0.01714291113073585,0.020128876147321024,19800,9.182260546312384e-05,9.182260555494644e-05,4.510833392645797e-06,-4.510833392645797e-06,0.09539273322509811,0.09538822239170547,0.0,0.008352114756793155,0.8079674984686511,0.0,0.02239051904636397,0.0002809082216333423,0.0,0.0009122470192484435,1.0302034272765268,0.0005722652372280826,0.11260163850920346,7.478482147099674e-05,7.478482147099674e-05,0.45439527614517006,0.45447006096664105,0.01021364679371727,5.121442308442248e-05,-5.121442308442248e-05,0.7324050570971733,0.7323538426740889,0.05508004278052477,0.11601478476830264,0.0009187931646297096,1.0303116011558233,8.51190049866446e-05,8.51190049866446e-05,4.47048214160125e-07,0.16593208628598122,0.16601720529096786,2.551202748894566e-06,0.014430994048706106,0.015237554249536763,True,0.1160026042111682,0.00016332689665932154,0.00016332689665932154,0.2936838059580228,0.2938471328546821,0.0,0.008571455565367925,0.004025775229464205,9.182260546312384e-05,9.182260546312384e-05,0.0,0.0004176057378396578,0.0,0.0004213623324500134,0.0,0.0009122470192484435,0.0001021364679371727,0.0005508004278052478,1.341144642480375e-08,2.551202748894566e-08,0.00014430994048706105,0.015237554249536763
0.0,0.017142972976124327,0.020128912914858896,19825,9.165905483568753e-05,9.165905492734659e-05,4.59269733801837e-06,-4.59269733801837e-06,0.09539273322509811,0.0953881405277601,0.0,0.00835213389276665,0.8079677948522883,0.0,0.02239065375581901,0.00028090977284693714,0.0,0.0009124160189263391,1.0302062248373798,0.0005722701086537316,0.11260163850920346,7.556941585096233e-05,7.556941585096233e-05,0.45439527614517006,0.454470845561021,0.010213672046696747,5.028718593524939e-05,-5.028718593524939e-05,0.7324050570971733,0.732354769911238,0.05508008431159813,0.11601510130762241,0.0009189635930143097,1.0303144122986791,8.488252561514309e-05,8.488252561514309e-05,4.4705296104053954e-07,0.16593208628598122,0.16601696881159636,2.551199027875056e-06,0.014430974548222827,0.015237601731348997,True,0.11600291922113207,0.00016291481837416022,0.00016291481837416022,0.2936838059580228,0.29384672077639695,0.0,0.008571486488062163,0.00402578258297178,9.165905483568753e-05,9.165905483568753e-05,0.0,0.00041760669463833253,0.0,0.0004213646592704057,0.0,0.0009124160189263391,0.00010213672046696747,0.0005508008431159813,1.3411588831216186e-08,2.551199027875056e-08,0.00014430974548222827,0.015237601731348997
0.0,0.017142988420970284,0.02012892209692331,19850,9.172176183256212e-05,9.172176192428389e-05,4.620901597585103e-06,-4.620901597585103e-06,0.09539273322509811,0.09538811232350053,0.0,0.008352138667696008,0.8079678390452494,0.0,0.022390685988638557,0.00028091015827235615,0.0,0.0009124590883138046,1.0302069377513479,0.0005722713253639609,0.11260163850920346,7.7239850791333e-05,7.7239850791333e-05,0.45439527614517006,0.4544725159959614,0.010213678243352509,4.88526289922353e-05,-4.88526289922353e-05,0.7324050570971733,0.7323562044681811,0.05508009464897912,0.11601518199043123,0.000919007036087675,1.0303151288317842,8.483024382735516e-05,8.483024382735516e-05,4.4705404382721637e-07,0.16593208628598122,0.16601691652980857,2.551198004924876e-06,0.014430969249626887,0.015237717995830458,True,0.11600299949642012,0.00016277073183890156,0.00016277073183890156,0.2936838059580228,0.2938465766898617,0.0,0.008571494210485142,0.0040257844193846625,9.172176183256212e-05,9.172176183256212e-05,0.0,0.00041760693338480044,0.0,0.0004213652374085342,0.0,0.0009124590883138046,0.00010213678243352509,0.0005508009464897912,1.341162131481649e-08,2.551198004924876e-08,0.00014430969249626887,0.015237717995830458
0.0,0.017142988968673833,0.020128922422536753,19875,9.168115689777485e-05,9.1681156989456e-05,4.605841858990045e-06,-4.605841858990045e-06,0.09539273322509811,0.09538812738323912,0.0,0.008352138863409634,0.8079678414586824,0.0,0.022390687926993814,0.00028091017463307167,0.0,0.0009124601656485906,1.0302069555839146,0.0005722713684373599,0.11260163850920346,7.643836349929822e-05,7.643836349929822e-05,0.45439527614517006,0.45447171450866936,0.010213679481053485,4.95762720451598e-05,-4.95762720451598e-05,0.7324050570971733,0.7323554808251281,0.055080095152937325,0.11601518399054896,0.0009190081130496039,1.030315146594559,8.48408195503747e-05,8.48408195503747e-05,4.4705408513834416e-07,0.16593208628598122,0.1660169271055316,2.5511979713080305e-06,0.01443096907389455,0.015237678857191843,True,0.11600300150439652,0.0001628108231324643,0.0001628108231324643,0.2936838059580228,0.29384661678115526,0.0,0.008571494484336917,0.004025784484507351,9.168115689777485e-05,9.168115689777485e-05,0.0,0.0004176069431704817,0.0,0.0004213652619496075,0.0,0.0009124601656485906,0.00010213679481053485,0.0005508009515293733,1.3411622554150325e-08,2.5511979713080305e-08,0.0001443096907389455,0.015237678857191843
0.0,0.017142989081986193,0.02012892248990165,19900,9.160727033920182e-05,9.16072704308091e-05,4.619340181880038e-06,-4.619340181880038e-06,0.09539273322509811,0.09538811388491623,0.0,0.00835213888390966,0.8079678391476615,0.0,0.022390689046241675,0.0002809101778512603,0.0,0.0009124599847629143,1.030206952589808,0.0005722713795717667,0.11260163850920346,7.549009363044812e-05,7.549009363044812e-05,0.45439527614517006,0.4544707662388005,0.010213678801706393,5.0323575710775614e-05,-5.0323575710775614e-05,0.7324050570971733,0.7323547335214625,0.05508009513101597,0.11601518363123844,0.0009190079195790675,1.0303151434035709,8.485057379953309e-05,8.485057379953309e-05,4.470540748873382e-07,0.16593208628598122,0.16601693685978075,2.551197950958827e-06,0.014430968878574797,0.015237604856762645,True,0.1160030011672552,0.00016281058102113333,0.00016281058102113333,0.2936838059580228,0.2938466165390439,0.0,0.008571494540993096,0.004025784497980331,9.160727033920182e-05,9.160727033920182e-05,0.0,0.000417606944195483,0.0,0.00042136526677689044,0.0,0.0009124599847629143,0.00010213678801706393,0.0005508009513101597,1.3411622246620146e-08,2.5511979509588273e-08,0.00014430968878574796,0.015237604856762645
0.0,0.01714298911033829,0.020128922506757338,19925,9.159324400222491e-05,9.159324409381814e-05,4.59599120720966e-06,-4.59599120720966e-06,0.09539273322509811,0.0953881372338909,0.0,0.008352138903739476,0.8079678420829222,0.0,0.022390690635804487,0.0002809101889189596,0.0,0.0009124608621394687,1.030206967112563,0.0005722713997572485,0.11260163850920346,7.566765059979774e-05,7.566765059979774e-05,0.45439527614517006,0.45447094379576986,0.010213678933953703,4.97628527694749e-05,-4.97628527694749e-05,0.7324050570971733,0.7323552942444038,0.05508009519119477,0.11601518527941651,0.0009190088070397233,1.0303151580408172,8.487564754480759e-05,8.487564754480759e-05,4.470540958235626e-07,0.16593208628598122,0.16601696193352602,2.551197962612953e-06,0.014430969028440984,0.015237591746366116,True,0.11600300280254136,0.0001628486360820136,0.0001628486360820136,0.2936838059580228,0.2938466545941048,0.0,0.008571494555169146,0.004025784501351467,9.159324400222491e-05,9.159324400222491e-05,0.0,0.0004176069451869738,0.0,0.00042136528337843946,0.0,0.0009124608621394687,0.00010213678933953704,0.0005508009519119478,1.3411622874706878e-08,2.551197962612953e-08,0.00014430969028440984,0.015237591746366116
0.0,0.01714298911130585,0.020128922507332486,19950,9.15924823298742e-05,9.159248242146668e-05,4.619270899758332e-06,-4.619270899758332e-06,0.09539273322509811,0.09538811395419836,0.0,0.008352138919333202,0.8079678420871845,0.0,0.022390689938860103,0.0002809101851276833,0.0,0.0009124602880205796,1.0302069576094743,0.000572271387577428,0.11260163850920346,7.559759367353758e-05,7.559759367353758e-05,0.45439527614517006,0.4544708737388436,0.010213678465129456,5.0044190541553846e-05,-5.0044190541553846e-05,0.7324050570971733,0.7323550129066317,0.055080095126770166,0.11601518420649645,0.0009190082293264058,1.0303151485123594,8.483524154245803e-05,8.483524154245803e-05,4.470540958965212e-07,0.16593208628598122,0.16601692152752368,2.551197962553586e-06,0.01443096902813063,0.015237590400930867,True,0.11600300173247789,0.00016281320933275722,0.00016281320933275722,0.2936838059580228,0.29384661916735555,0.0,0.008571494555652925,0.004025784501466497,9.15924823298742e-05,9.15924823298742e-05,0.0,0.0004176069459666601,0.0,0.000421365277691525,0.0,0.0009124602880205796,0.00010213678465129457,0.0005508009512677017,1.3411622876895636e-08,2.551197962553586e-08,0.0001443096902813063,0.015237590400930867
0.0,0.01714298911152412,0.020128922507462173,19975,9.160491230344268e-05,9.160491239504759e-05,4.624462085822678e-06,-4.624462085822678e-06,0.09539273322509811,0.09538810876301229,0.0,0.008352138893063354,0.80796781298356,0.0,0.02239068911365977,0.00028091018028136844,0.0,0.0009124600575633677,1.0302069537948362,0.0005722713819727181,0.11260163850920346,7.549172096915635e-05,7.549172096915635e-05,0.45439527614517006,0.4544707678661392,0.01021367838773067,5.0327671987426825e-05,-5.0327671987426825e-05,0.7324050570971733,0.7323547294251859,0.055080095150858654,0.1160151837822199,0.0009190080008749395,1.0303151447444168,8.482879754054262e-05,8.482879754054262e-05,4.4705407788775087e-07,0.16593208628598122,0.16601691508352176,2.551197759392881e-06,0.014430967931158478,0.015237602580493934,True,0.11600300130294336,0.00016281312855603858,0.00016281312855603858,0.2936838059580228,0.29384661908657883,0.0,0.00857149455576206,0.0040257845014924345,9.160491230344268e-05,9.160491230344268e-05,0.0,0.00041760694465316775,0.0,0.00042136527042205263,0.0,0.0009124600575633677,0.0001021367838773067,0.0005508009515085866,1.3411622336632526e-08,2.551197759392881e-08,0.00014430967931158478,0.015237602580493934
0.0,0.017142989111523343,0.02012892250746181,20000,9.155910397562608e-05,9.155910406718519e-05,4.631271488420019e-06,-4.631271488420019e-06,0.09539273322509811,0.0953881019536097,0.0,0.008352138872082963,0.8079678420881437,0.0,0.022390687818429306,0.00028091017450369057,0.0,0.0009124607777015869,1.0302069657149073,0.000572271386421837,0.11260163850920346,7.43902186681189e-05,7.43902186681189e-05,0.45439527614517006,0.4544696663638382,0.010213678660210695,5.1660867195102433e-05,-5.1660867195102433e-05,0.7324050570971733,0.7323533962299782,0.05508009508276192,0.11601518509403688,0.0009190087072221393,1.030315156394486,8.480919341832815e-05,8.480919341832815e-05,4.4705409591293995e-07,0.16593208628598122,0.16601689547939955,2.5511979625402214e-06,0.014430969028060785,0.015237557495603769,True,0.116003002645163,0.0001627837519263542,0.0001627837519263542,0.2936838059580228,0.29384658970994915,0.0,0.008571494555761672,0.004025784501492362,9.155910397562608e-05,9.155910397562608e-05,0.0,0.0004176069436041482,0.0,0.00042136526175553585,0.0,0.0009124607777015869,0.00010213678660210696,0.0005508009508276192,1.3411622877388198e-08,2.5511979625402214e-08,0.00014430969028060784,0.015237557495603769
0.0,0.01714298911152412,0.020128922507462173,20025,9.158268997860494e-05,9.158269007018762e-05,4.6243292405878655e-06,-4.6243292405878655e-06,0.09539273322509811,0.09538810889585753,0.0,0.00835213897711048,0.8079678420881458,0.0,0.022390688411479898,0.0002809101767509073,0.0,0.0009124609794114118,1.0302069690537037,0.0005722713811630285,0.11260163850920346,7.489711274777378e-05,7.489711274777378e-05,0.45439527614517006,0.45447017325791783,0.010213678740328299,5.0996114513313096e-05,-5.0996114513313096e-05,0.7324050570971733,0.73235406098266,0.05508009545440711,0.11601518548391354,0.000919008917151086,1.0303151598569278,8.484156507643226e-05,8.484156507643226e-05,4.4705409591297383e-07,0.16593208628598122,0.16601692785105765,2.5511979625401917e-06,0.014430969028060639,0.01523758129645686,True,0.11600300302111699,0.00016281059186523672,0.00016281059186523672,0.2936838059580228,0.29384661654988803,0.0,0.00857149455576206,0.0040257845014924345,9.158268997860494e-05,9.158268997860494e-05,0.0,0.000417606948855524,0.0,0.00042136526512636096,0.0,0.0009124609794114118,0.000102136787403283,0.0005508009545440711,1.3411622877389215e-08,2.5511979625401916e-08,0.0001443096902806064,0.01523758129645686
