detour_error,direction_error,endpoint_error,eval,feature_loss,feature_rmse,flow_boundness_abs_error,flow_boundness_error,flow_boundness_target,flow_boundness_value,joint_limit_error,joint_preservation_error,log_speed_range,max_dev_error,nearest_path_max_dist,nearest_path_mse,out_of_range_error,path_length_error,path_length_ratio,pointwise_cart_mse,ref_path_length,shape_arcness_abs_error,shape_arcness_error,shape_arcness_target,shape_arcness_value,smoothness_error,space_indirectness_abs_error,space_indirectness_error,space_indirectness_target,space_indirectness_value,spatial_coeff_error,spatial_path_length,spatial_path_length_error,spatial_path_length_ratio,time_abs_error,time_error,time_roughness,time_target,time_value,time_warp_deviation,timing_coeff_error,total_loss,valid_candidate,var_path_length,weight_abs_error,weight_error,weight_target,weight_value,weighted_detour,weighted_direction,weighted_endpoint,weighted_feature_loss,weighted_feature_rmse,weighted_joint_limits,weighted_joint_preservation,weighted_max_deviation,weighted_nearest_path,weighted_out_of_range,weighted_path_length,weighted_smoothness,weighted_spatial_coefficients,weighted_time_roughness,weighted_time_warp,weighted_timing_coefficients,weighted_total_loss
0.01048030100088169,0.0,0.015562393247007044,25,1.2094369694902078,1.2094369706996448,0.874522236090033,0.874522236090033,0.08671238110400754,0.9612346171940406,0.0,0.008460699871605155,3.4855326233263533,0.00018475310164421535,0.09359239131441614,0.0019455384946477018,0.48566785396239515,0.2523789740094492,1.5023733412607094,0.014947646813810594,0.71607191035249,0.43113939962048575,-0.43113939962048575,0.5396296128402814,0.10849021321979567,0.6308487306857347,0.16195495542421245,0.16195495542421245,0.7298521310757538,0.8918070864999662,0.19721059456257112,1.0778194204677423,0.2552100598638891,1.5051831943601144,2.178267816989466,2.178267816989466,6.116573168254988e-05,0.35007228760254183,2.5283401045920075,5.310592078170161e-05,0.22613529352753772,2.954629333219435,True,1.075807363562943,1.2617204591493845,1.2617204591493845,0.04244363226784306,1.3041640914172274,0.04192120400352676,0.0,0.003112478649401409,1.2094369694902078,1.2094369694902078,0.0,0.004230349935802577,0.0011085186098652921,0.023346461935772424,0.12141696349059879,1.5142738440566952,0.03154243653428673,0.001972105945625711,6.116573168254988e-06,5.310592078170161e-07,0.0022613529352753774,2.954629333219435
0.0,0.0,0.02199536000084871,50,0.32576530877107684,0.32576530909684215,0.10951383056904461,0.10951383056904461,0.08671238110400754,0.19622621167305215,0.0,0.014389143954748862,3.708057719302485,0.0,0.039204895264492036,0.00025766036151660056,0.0,0.15472045274780025,0.6066547918840243,0.0031515840848975497,0.71607191035249,0.020550650445216534,0.020550650445216534,0.5396296128402814,0.560180263285498,0.14928442515103738,0.5919065716513329,-0.5919065716513329,0.7298521310757538,0.1379455594244209,0.26312865764788074,0.4347360639960208,0.15436075198197333,0.6071122908743857,0.3154593954589826,0.3154593954589826,3.229293809754085e-05,0.35007228760254183,0.6655316830615244,2.5869800460095006e-05,0.5185569111424521,1.2840581585108912,True,0.4344084618154334,0.2614030508387335,0.2614030508387335,0.04244363226784306,0.30384668310657653,0.0,0.0,0.004399072000169742,0.32576530877107684,0.32576530877107684,0.0,0.007194571977374431,0.0,0.0030919243381992067,0.0,0.9283227164868015,0.007464221257551869,0.0026312865764788074,3.2292938097540855e-06,2.5869800460095004e-07,0.005185569111424521,1.2840581585108912
0.0,0.0,0.0223814043769918,75,0.5038498118803139,0.5038498123841636,0.3790479303380033,0.3790479303380033,0.08671238110400754,0.46576031144201085,0.0,0.014410298889702388,3.0224369226735277,0.0,0.04896785598205621,0.0005254037457997579,0.0013189832800558723,0.051775184651571986,1.2275416108134334,0.010821551917038258,0.71607191035249,0.37820507153128624,-0.37820507153128624,0.5396296128402814,0.16142454130899517,0.2142583806614833,0.031870295320691966,0.031870295320691966,0.7298521310757538,0.7617224263964457,0.24805557848194196,0.8799222183553346,0.05235777511709814,1.2288182141288104,0.7311368030233195,0.7311368030233195,2.011623140381417e-05,0.35007228760254183,1.0812090906258613,2.0067395326226113e-05,0.1953402314643277,0.8479660303092367,True,0.8790080785677641,0.6686030340293759,0.6686030340293759,0.04244363226784306,0.711046666297219,0.0,0.0,0.00447628087539836,0.5038498118803139,0.5038498118803139,0.0,0.007205149444851194,0.0,0.006304844949597095,0.00032974582001396807,0.3106511079094319,0.010712919033074166,0.0024805557848194197,2.011623140381417e-06,2.0067395326226115e-07,0.001953402314643277,0.8479660303092367
0.0,0.0,0.026954041637994103,100,1.8506723524822966,1.850672354332969,1.111358133336618,1.111358133336618,0.08671238110400754,1.1980705144406256,0.0,0.014436529018939246,4.344101292140316,0.0,0.07781593674990127,0.00022176565160299272,1.8786812032115947,0.02922720766571228,0.8290403332194629,0.006516853526846405,0.71607191035249,0.010699141875135987,0.010699141875135987,0.5396296128402814,0.5503287547154174,1.0211291146169958,0.226048164600399,-0.226048164600399,0.7298521310757538,0.5038039664753547,0.36125417676256216,0.595620126923391,0.02829523163599936,0.8317881346753465,3.636426711374304,3.636426711374304,0.00026990402412660795,0.35007228760254183,3.986498998976846,9.804573069605871e-05,0.3816110736650468,2.5694892390306197,True,0.593652503458129,1.6171000103195872,1.6171000103195872,0.04244363226784306,1.6595436425874301,0.0,0.0,0.005390808327598821,1.8506723524822966,1.8506723524822966,0.0,0.007218264509469623,0.0,0.0026611878192359124,0.4696703008028987,0.17536324599427366,0.0510564557308498,0.003612541767625622,2.6990402412660795e-05,9.804573069605871e-07,0.0038161107366504682,2.5694892390306197
0.0,0.0,0.021182388050117153,125,0.8147852344307058,0.8147852352454911,0.4474434777814103,0.4474434777814103,0.08671238110400754,0.5341558588854178,0.0,0.014713149188518893,2.7288578144708735,0.0,0.05823961695649393,0.0005837528679884255,0.0888072169570591,0.08668365466436584,1.2944208801433177,0.012295895456349392,0.71607191035249,0.3860773738332346,-0.3860773738332346,0.5396296128402814,0.15355223900704681,0.2985009816803689,0.2581089174145167,-0.2581089174145167,0.7298521310757538,0.47174321366123706,0.2689953275800052,0.9278317106461137,0.08745279792691107,1.2957241923260778,1.3007251322117472,1.3007251322117472,8.429525841422273e-06,0.35007228760254183,1.6507974198142892,2.4803831330223048e-05,0.1530296389715711,1.3948334430167413,True,0.9268984453885858,1.1007303987166879,1.1007303987166879,0.04244363226784306,1.1431740309845309,0.0,0.0,0.004236477610023431,0.8147852344307058,0.8147852344307058,0.0,0.007356574594259447,0.0,0.007005034415861106,0.022201804239264777,0.520101927986195,0.014925049084018448,0.002689953275800052,8.429525841422274e-07,2.4803831330223047e-07,0.001530296389715711,1.3948334430167413
0.0,0.0,0.0105286923990141,150,1.5530285116389055,1.5530285131919341,0.9129710456349445,0.9129710456349445,0.08671238110400754,0.999683426738952,0.0,0.014690878919769126,3.817643049070863,0.0,0.05032598281068023,0.00011501782777329875,1.1437637963016638,0.021977971086057407,1.1482496916895863,0.007069091172458013,0.71607191035249,0.3313378630325302,-0.3313378630325302,0.5396296128402814,0.2082917498077512,0.8264042343811003,0.18506717644564918,0.18506717644564918,0.7298521310757538,0.9149193075214029,0.3277056999165461,0.8249701875235849,0.023127497919669348,1.1520772761449565,2.984953487895304,2.984953487895304,0.00018077880474883968,0.35007228760254183,3.335025775497846,5.3218229673709844e-05,0.3940909276529837,2.0302254671611553,True,0.8222293617723166,1.4737671863605566,1.4737671863605566,0.04244363226784306,1.5162108186283996,0.0,0.0,0.00210573847980282,1.5530285116389055,1.5530285116389055,0.0,0.007345439459884563,0.0,0.001380213933279585,0.28594094907541595,0.13186782651634443,0.04132021171905502,0.003277056999165461,1.8077880474883967e-05,5.321822967370985e-07,0.0039409092765298375,2.0302254671611553
0.0,0.0,0.02313086727332222,175,0.17016305547876887,0.17016305564893192,0.10594378707754144,0.10594378707754144,0.08671238110400754,0.192656168181549,0.0,0.005537995457646757,1.9568824473481405,0.0,0.029831724435515506,6.183391545844682e-05,0.0,0.04191178699546438,0.79527631549949,0.004806929967586147,0.71607191035249,0.015843501397157955,-0.015843501397157955,0.5396296128402814,0.5237861114431235,0.14963587724450644,0.11333473838724206,-0.11333473838724206,0.7298521310757538,0.6165173926885117,0.23960587470065797,0.569765346766631,0.041745954099815345,0.7956817333182974,0.2782027812636374,0.2782027812636374,1.02548096773892e-06,0.35007228760254183,0.6282750688661792,1.3357562951206172e-05,0.25810135202023615,0.4422300578737049,True,0.5694750384505725,0.20751066130183882,0.20751066130183882,0.04244363226784306,0.24995429356968188,0.0,0.0,0.004626173454664444,0.17016305547876887,0.17016305547876887,0.0,0.0027689977288233784,0.0,0.0007420069855013619,0.0,0.25147072197278625,0.007481793862225323,0.00239605874700658,1.0254809677389201e-07,1.3357562951206173e-07,0.0025810135202023617,0.4422300578737049
0.0,0.0,0.05546526222183833,200,0.689804146270464,0.6898041469602681,0.2806537321943655,0.2806537321943655,0.08671238110400754,0.36736611329837304,0.0,0.021175651979223855,2.3283202343993015,0.0,0.06326929194021941,0.00047132227434817486,0.03030145553863776,0.039440410465768815,0.8014039011818993,0.005237522892227207,0.71607191035249,0.31114779014292593,-0.31114779014292593,0.5396296128402814,0.2284818226973555,0.2958545261252119,0.9171976790504577,-0.9171976790504577,0.7298521310757538,-0.18734554797470387,0.3971231496061235,0.5742317171482926,0.03923606106686735,0.8019190542559246,0.9911152317284658,0.9911152317284658,1.523811368455198e-05,0.35007228760254183,1.3411875193310077,2.890765722572819e-05,0.19349184890415833,0.9820594078551982,True,0.5738628304972998,0.6164481779458402,0.6164481779458402,0.04244363226784306,0.6588918102136833,0.0,0.0,0.011093052444367667,0.689804146270464,0.689804146270464,0.0,0.010587825989611927,0.0,0.005655867292178098,0.00757536388465944,0.23664246279461287,0.014792726306260596,0.003971231496061235,1.5238113684551981e-06,2.890765722572819e-07,0.0019349184890415834,0.9820594078551982
0.0,0.0,0.03786752822748606,225,0.21394079818929493,0.2139407984032357,0.06601893858331116,0.06601893858331116,0.08671238110400754,0.1527313196873187,0.0,0.008417169626762252,1.2225358993534614,0.0,0.03760259847260343,0.00034911353692298493,0.0,0.000335685963128304,0.9816782652805935,0.0024303431593897112,0.71607191035249,0.17918687596684263,-0.17918687596684263,0.5396296128402814,0.3604427368734388,0.11392057442478264,0.3855541351598215,-0.3855541351598215,0.7298521310757538,0.34429799591593224,0.2964077608616751,0.7033672112926579,0.0003147865446184028,0.9822577750939065,0.11565636455690481,0.11565636455690481,3.095387728917727e-06,0.35007228760254183,0.46572865215944664,4.307497937915112e-06,0.028269661041048628,0.2408695224240376,True,0.7029522405877757,0.17423691783112,0.17423691783112,0.04244363226784306,0.21668055009896306,0.0,0.0,0.0075735056454972124,0.21394079818929493,0.21394079818929493,0.0,0.004208584813381126,0.0,0.004189362443075819,0.0,0.002014115778769824,0.005696028721239132,0.002964077608616751,3.0953877289177275e-07,4.307497937915112e-08,0.0002826966104104863,0.2408695224240376
0.0,0.0,0.041957205103930174,250,0.5858149343254446,0.5858149349112596,0.14735453710175106,0.14735453710175106,0.08671238110400754,0.23406691820575862,0.0,0.013224926552537541,1.9152623170508976,0.0,0.06717656089898431,0.0009276141308889134,0.011956381327183184,0.011127842564023244,0.894511410266213,0.006343068114737729,0.71607191035249,0.3755167239512096,-0.3755167239512096,0.5396296128402814,0.1641128888890718,0.18244370024070708,0.9743555188557923,-0.9743555188557923,0.7298521310757538,-0.24450338778003858,0.2841044542073159,0.6408452961199625,0.011036461665830518,0.8949454348168033,0.5810148077742975,0.5810148077742975,2.3649670394599285e-06,0.35007228760254183,0.9310870953768393,1.5892856978277068e-05,0.08669047173492694,0.6945368886058332,True,0.6405345033265412,0.5159676697973934,0.5159676697973934,0.04244363226784306,0.5584113020652365,0.0,0.0,0.008391441020786036,0.5858149343254446,0.5858149343254446,0.0,0.006612463276268771,0.0,0.01113136957066696,0.002989095331795796,0.06676705538413946,0.009122185012035355,0.002841044542073159,2.3649670394599285e-07,1.5892856978277068e-07,0.0008669047173492694,0.6945368886058332
0.0017041490824630744,0.0,0.02132844340663353,275,1.703451277862724,1.7034512795661751,1.0336185688193011,1.0336185688193011,0.08671238110400754,1.1203309499233087,0.0,0.011669675545192115,3.9971145315334806,0.0,0.06715381903087322,0.0002637609681437841,1.2813737201111262,0.19472922156953512,1.44128134060884,0.006217308594406053,0.71607191035249,0.3632343273070695,-0.3632343273070695,0.5396296128402814,0.1763952855332119,0.6229286520327298,0.08676186601826386,0.08676186601826386,0.7298521310757538,0.8166139970940176,0.26698453008483314,1.033987939249472,0.19711130576692165,1.4439721903080436,2.643663433792045,2.643663433792045,4.4739713859415156e-05,0.35007228760254183,2.9937357213945868,4.946848466635834e-05,0.32889012756974484,3.249362439543632,True,1.0320610973379833,2.5123576207164064,2.5123576207164064,0.04244363226784306,2.5548012529842494,0.006816596329852298,0.0,0.004265688681326706,1.703451277862724,1.703451277862724,0.0,0.005834837772596057,0.0,0.003165131617725409,0.32034343002778154,1.1683753294172108,0.031146432601636492,0.0026698453008483316,4.473971385941516e-06,4.946848466635834e-07,0.0032889012756974483,3.249362439543632
0.0,0.0,0.04426278493494972,300,0.9919861411179967,0.9919861421099827,0.6173723330496133,0.6173723330496133,0.08671238110400754,0.7040847141536208,0.0,0.021599692242354272,3.0093950755928285,0.0,0.057781511521149374,0.0011574901604642779,0.23350981276350158,0.10109329135093342,1.3179517122943882,0.014730657570834364,0.71607191035249,0.4176585119425934,-0.4176585119425934,0.5396296128402814,0.121971100897688,0.45132766646113975,0.3309507018127369,-0.3309507018127369,0.7298521310757538,0.39890142926301686,0.39970149182924175,0.9447849520579357,0.10201605699755573,1.3193995256689586,1.7134452999069354,1.7134452999069354,5.868546064253292e-05,0.35007228760254183,2.063517587509477,2.9631485152957858e-05,0.1390332072488929,1.7184255226229648,True,0.943748213554495,1.148552191968001,1.148552191968001,0.04244363226784306,1.190995824235844,0.0,0.0,0.008852556986989944,0.9919861411179967,0.9919861411179967,0.0,0.010799846121177136,0.0,0.013889881925571335,0.058377453190875395,0.6065597481056005,0.02256638332305699,0.003997014918292418,5.8685460642532925e-06,2.963148515295786e-07,0.001390332072488929,1.7184255226229648
0.0,0.0,0.05492592342830869,325,0.9320500278611414,0.9320500287931914,0.3838623403453023,0.3838623403453023,0.08671238110400754,0.47057472144930984,0.0,0.020741594743238646,2.9731927586273375,0.00017214852310847869,0.09312053821717992,0.0009158100768130491,0.1429753153393998,0.015408744570789272,0.8758680356604743,0.008155801633219665,0.71607191035249,0.3141503707165564,-0.3141503707165564,0.5396296128402814,0.22547924212372505,0.22902029199755636,0.6869506474672733,-0.6869506474672733,0.7298521310757538,0.04290148360848047,0.5656465378469198,0.6277076135670139,0.015227915625139768,0.8765985590637623,1.4481546225348798,1.4481546225348798,2.939387110401282e-05,0.35007228760254183,1.7982269101374218,2.50114539697647e-05,0.2130852045799863,1.1128664397642123,True,0.6271845062707591,1.2363221773815174,1.2363221773815174,0.04244363226784306,1.2787658096493604,0.0,0.0,0.010985184685661738,0.9320500278611414,0.9320500278611414,0.0,0.010370797371619323,0.0010328911386508722,0.01098972092175659,0.03574382883484995,0.09245246742473563,0.011451014599877818,0.005656465378469198,2.939387110401282e-06,2.50114539697647e-07,0.002130852045799863,1.1128664397642123
0.1213944077741713,0.0,0.024799599544455507,350,1.196064408735423,1.1960644099314874,0.5586534047559872,0.5586534047559872,0.08671238110400754,0.6453657858599948,0.0,0.014409612887608114,1.9393146370817544,0.0030525312433264708,0.1352497171334521,0.004111158585515145,0.3878535811094888,0.5601280099384414,1.7484170027053376,0.018700763871844873,0.71607191035249,0.6066292966423019,-0.6066292966423019,0.5396296128402814,-0.0669996838020205,0.2403316621536927,0.10694110971274051,-0.10694110971274051,0.7298521310757538,0.6229110213630132,0.2505460673345642,1.2534586883281378,0.5631974107626295,1.7504647964845717,1.585806794393251,1.585806794393251,5.594529845778771e-06,0.35007228760254183,1.935879081995793,2.017202159193501e-05,0.16409181308103565,5.2353510346640055,True,1.251992320704156,1.986589550773688,1.986589550773688,0.04244363226784306,2.029033183041531,0.4855776310966852,0.0,0.004959919908891101,1.196064408735423,1.196064408735423,0.0,0.007204806443804057,0.018315187459958825,0.04933390302618174,0.0969633952773722,3.360768059630648,0.012016583107684636,0.002505460673345642,5.594529845778771e-07,2.017202159193501e-07,0.0016409181308103566,5.2353510346640055
0.0,0.0,0.03126254706558001,375,0.45018508199176116,0.4501850824419462,0.1579924152404788,0.1579924152404788,0.08671238110400754,0.24470479634448636,0.0,0.01741349431336575,2.2107362758449485,0.0,0.04493236974673322,0.0007947977068532685,0.0,0.02111121017190484,0.8547030276574737,0.0035710320978890376,0.71607191035249,0.27199031789438094,-0.27199031789438094,0.5396296128402814,0.2676392949459005,0.18216175418386757,0.6845024756380619,-0.6845024756380619,0.7298521310757538,0.04534965543769188,0.4138228784941466,0.6125005339267608,0.02092022214782154,0.8553617542009668,0.5941956017510073,0.5941956017510073,1.4892084625148268e-05,0.35007228760254183,0.9442678893535491,1.75902836177807e-05,0.09585639134328491,0.6155557175940947,True,0.6120288383457746,0.3045991688590536,0.3045991688590536,0.04244363226784306,0.34704280112689667,0.0,0.0,0.006252509413116002,0.45018508199176116,0.45018508199176116,0.0,0.008706747156682876,0.0,0.009537572482239222,0.0,0.12666726103142903,0.009108087709193378,0.004138228784941466,1.489208462514827e-06,1.7590283617780698e-07,0.0009585639134328492,0.6155557175940947
0.0031911064177743793,0.0,0.017829145676116643,400,0.6749581765308906,0.6749581772058488,0.3226188924237372,0.3226188924237372,0.08671238110400754,0.40933127352774473,0.0,0.013861195314425104,1.9263168072799017,3.8027021735057154e-05,0.08616660536560085,0.001576276599867081,0.014495214533373598,0.208383009535209,1.4564898788967933,0.00503035578745658,0.71607191035249,0.4714480576018723,-0.4714480576018723,0.5396296128402814,0.06818155523840912,0.20302623577554002,0.2559536489748913,-0.2559536489748913,0.7298521310757538,0.47389848210086244,0.29184074273600935,1.043723270419226,0.20936815974529185,1.4575676559212767,0.909493313021955,0.909493313021955,1.504799784282612e-05,0.35007228760254183,1.2595656006244969,1.2277949640722285e-05,0.05860145301309236,1.9849417324933851,True,1.0429515045555924,1.0289830548967749,1.0289830548967749,0.04244363226784306,1.0714266871646179,0.012764425671097517,0.0,0.0035658291352233286,0.6749581765308906,0.6749581765308906,0.0,0.006930597657212552,0.0002281621304103429,0.018915319198404973,0.0036238036333433995,1.2502980572112539,0.010151311788777002,0.0029184074273600935,1.5047997842826122e-06,1.2277949640722286e-07,0.0005860145301309236,1.9849417324933851
0.0,0.0,0.01502273079200107,425,0.7500467730276551,0.7500467737777019,0.41214726921074524,0.41214726921074524,0.08671238110400754,0.49885965031475277,0.0,0.006246850564551248,2.8889907217271316,0.0,0.038396590545393114,0.00010657082432268729,0.16147311828783528,0.0246303002273392,0.8430595647153379,0.007705172349062138,0.71607191035249,0.17241413507638087,-0.17241413507638087,0.5396296128402814,0.36721547776390057,0.41664753827135964,0.054792822519712625,-0.054792822519712625,0.7298521310757538,0.6750593085560411,0.2143767539221094,0.6046957881156856,0.024191955577868237,0.8444623660400216,1.5484629601419062,1.5484629601419062,9.953566075524939e-05,0.35007228760254183,1.898535247744448,3.974627814373583e-05,0.20843863287348846,0.9706745571065779,True,0.6036912814772464,0.4609978486376848,0.4609978486376848,0.04244363226784306,0.5034414809055279,0.0,0.0,0.0030045461584002143,0.7500467730276551,0.7500467730276551,0.0,0.003123425282275624,0.0,0.0012788498918722474,0.04036827957195882,0.1477818013640352,0.020832376913567985,0.002143767539221094,9.95356607552494e-06,3.974627814373583e-07,0.0020843863287348845,0.9706745571065779
0.0,0.0,0.04673711655736085,450,0.5879523261573404,0.5879523267452926,0.28012388480449474,0.28012388480449474,0.08671238110400754,0.36683626590850227,0.0,0.005324338094786842,2.3779083050446883,0.0,0.05354494713034663,0.00018484734051381964,0.003775111094806303,0.031723912810667644,1.1781120793508055,0.0046175541324343285,0.71607191035249,0.13086295288825683,-0.13086295288825683,0.5396296128402814,0.4087666599520246,0.21396279984886915,0.0028461777198134364,0.0028461777198134364,0.7298521310757538,0.7326983087955672,0.18689251833627396,0.8443643918596542,0.032098819137538946,1.179161433175611,0.773866130716672,0.773866130716672,1.6596869287596616e-05,0.35007228760254183,1.1239384183192138,1.4177866476482978e-05,0.13035474718331383,0.8073397553533124,True,0.8436129790511964,1.016842318332304,1.016842318332304,0.04244363226784306,1.059285950600147,0.0,0.0,0.00934742331147217,0.5879523261573404,0.5879523261573404,0.0,0.002662169047393421,0.0,0.0022181680861658357,0.0009437777737015757,0.19034347686400588,0.010698139992443458,0.0018689251833627397,1.6596869287596617e-06,1.417786647648298e-07,0.0013035474718331383,0.8073397553533124
0.0,0.0,0.045938771259389825,475,0.8127446370238224,0.812744637836567,0.4861805571720437,0.4861805571720437,0.08671238110400754,0.5728929382760513,0.0,0.01382942413893791,3.585977268723119,0.0,0.04633105885256717,0.0003743601833037504,0.19139834615157583,0.0012177574810665242,0.9651036179372915,0.004632900643047089,0.71607191035249,0.2001427875964925,-0.2001427875964925,0.5396296128402814,0.3394868252437889,0.3924230928585127,0.16801591172092933,-0.16801591172092933,0.7298521310757538,0.5618362193548244,0.3049367348895079,0.6919234714072264,0.0011372742204719336,0.9662765034364476,1.6281872540109705,1.6281872540109705,2.9163272120240643e-05,0.35007228760254183,1.9782595416135123,2.648665883180435e-05,0.2886506814527318,0.9140557669692558,True,0.6910836010354922,0.5891667687049644,0.5891667687049644,0.04244363226784306,0.6316104009728075,0.0,0.0,0.009187754251877966,0.8127446370238224,0.8127446370238224,0.0,0.006914712069468955,0.0,0.0044923221996450045,0.04784958653789396,0.007306544886399145,0.019621154642925635,0.003049367348895079,2.9163272120240646e-06,2.648665883180435e-07,0.002886506814527318,0.9140557669692558
0.04889333469685914,0.0,0.040414934876183,500,0.6389493516354136,0.6389493522743629,0.4358503605131729,0.4358503605131729,0.08671238110400754,0.5225627416171804,0.0,0.010793286547177969,2.4496476818483535,0.0,0.04308874072658683,0.0005903930308636888,0.007303020581810001,0.38578803276887547,1.6211183725900205,0.00768438904284037,0.71607191035249,0.4967288555435676,-0.4967288555435676,0.5396296128402814,0.04290075729671381,0.24294793751836097,0.20358193270033376,-0.20358193270033376,0.7298521310757538,0.52627019837542,0.2589683964687439,1.1615346952045145,0.3869987375520725,1.622092225921585,0.8410169661744563,0.8410169661744563,1.581939209477476e-05,0.35007228760254183,1.1910892537769981,1.349649992519317e-05,0.12256363638453008,3.187605422909405,True,1.1608373461792394,0.9251060157921168,0.9251060157921168,0.04244363226784306,0.9675496480599599,0.19557333878743657,0.0,0.0080829869752366,0.6389493516354136,0.6389493516354136,0.0,0.005396643273588984,0.0,0.007084716370364266,0.0018257551454525002,2.314728196613253,0.01214739687591805,0.0025896839646874395,1.5819392094774762e-06,1.349649992519317e-07,0.001225636363845301,3.187605422909405
0.005429062714634598,0.0,0.005549977843787966,525,0.5225922023878711,0.5225922029104633,0.2037918671579495,0.2037918671579495,0.08671238110400754,0.29050424826195703,0.0,0.010691073829378504,1.5402238837310764,0.0002622565336043091,0.09619433646693526,0.0008388738395016972,0.0,0.22437480163922635,1.4736821736557397,0.007898677270208047,0.71607191035249,0.45634515391891517,-0.45634515391891517,0.5396296128402814,0.0832844589213663,0.12353338655618662,0.14164493126586442,-0.14164493126586442,0.7298521310757538,0.5882071998098893,0.19708579419347066,1.0557407735286422,0.22500810500966117,1.4743501923786488,0.5126399260628829,0.5126399260628829,4.087317067978365e-06,0.35007228760254183,0.8627122136654247,7.091929267512218e-06,0.06462105945741387,1.917447038356178,True,1.0552624240788973,0.9126160461782289,0.9126160461782289,0.04244363226784306,0.955059678446072,0.021716250858538393,0.0,0.0011099955687575932,0.5225922023878711,0.5225922023878711,0.0,0.005345536914689252,0.0015735392016258546,0.010066486074020366,0.0,1.346248809835358,0.006176669327809331,0.001970857941934707,4.0873170679783656e-07,7.091929267512219e-08,0.0006462105945741387,1.917447038356178
0.0,0.0,0.046638426026196174,550,0.29837860830110347,0.2983786085994821,0.19753484271263533,0.19753484271263533,0.08671238110400754,0.28424722381664286,0.0,0.008872685242515808,2.7244676198263327,0.0,0.01718594151467543,8.202779810769784e-05,0.0,0.07684041158285959,0.7227989690083033,0.005043605030757211,0.71607191035249,0.015285885866837323,-0.015285885866837323,0.5396296128402814,0.5243437269734441,0.18475125425971692,0.11434561502275087,-0.11434561502275087,0.7298521310757538,0.6155065160530029,0.2964610412166617,0.518245693416685,0.07632282697391538,0.7237341371542344,0.5385425159257788,0.5385425159257788,2.1840367895426252e-05,0.35007228760254183,0.8886148035283207,2.7980215274659433e-05,0.400494867240567,0.790379024838551,True,0.5175760457665757,0.32061244021711977,0.32061244021711977,0.04244363226784306,0.3630560724849628,0.0,0.0,0.009327685205239236,0.29837860830110347,0.29837860830110347,0.0,0.004436342621257904,0.0,0.000984333577292374,0.0,0.46104246949715755,0.009237562712985847,0.002964610412166617,2.184036789542625e-06,2.7980215274659435e-07,0.00400494867240567,0.790379024838551
0.0,0.0,0.02178006384067903,575,0.7668837127732772,0.7668837135401608,0.3969336311088136,0.3969336311088136,0.08671238110400754,0.4836460122128211,0.0,0.009184789823500747,2.3788347943692227,0.0,0.06972671808207949,0.0004708522316290535,0.06513669840468961,0.03742209537151433,1.1934479138463745,0.0038204909629105167,0.71607191035249,0.2974786544306711,-0.2974786544306711,0.5396296128402814,0.24215095840961035,0.25690943684642764,0.03327845640464111,-0.03327845640464111,0.7298521310757538,0.6965736746711126,0.2883734053279243,0.8554517086933706,0.037886659391522665,1.194644957272267,1.1957881788807687,1.1957881788807687,2.8653434996834534e-05,0.35007228760254183,1.5458604664833107,1.670786374809098e-05,0.17297288528534208,1.0397610612335615,True,0.8545945395086465,1.1240491398097174,1.1240491398097174,0.04244363226784306,1.1664927720775604,0.0,0.0,0.004356012768135806,0.7668837127732772,0.7668837127732772,0.0,0.004592394911750374,0.0,0.005650226779548642,0.016284174601172402,0.22453257222908596,0.012845471842321383,0.002883734053279243,2.8653434996834538e-06,1.670786374809098e-07,0.0017297288528534207,1.0397610612335615
0.0,0.0,0.014373305795017978,600,0.32852171489596205,0.32852171522448376,0.1491394898643295,0.1491394898643295,0.08671238110400754,0.23585187096833707,0.0,0.01954704871756925,1.9932378203672119,0.0,0.07711420128685167,0.0008997334619262968,0.0,6.968743273187825e-06,1.0026398377361474,0.00579704532841758,0.71607191035249,0.2907072546814138,-0.2907072546814138,0.5396296128402814,0.24892235815886765,0.16192941811252773,0.48621670587756227,-0.48621670587756227,0.7298521310757538,0.2436354251981915,0.33814781710802,0.7184664678070823,1.1182363579955643e-05,1.0033440041237947,0.3999755185319037,0.3999755185319037,7.5954157602478416e-06,0.35007228760254183,0.7500478061344455,1.16823628467743e-05,0.0961643953316362,0.36444898381173246,True,0.717962234029632,0.19102929358999915,0.19102929358999915,0.04244363226784306,0.2334729258578422,0.0,0.0,0.0028746611590035956,0.32852171489596205,0.32852171489596205,0.0,0.009773524358784626,0.0,0.010796801543115561,0.0,4.181245963912695e-05,0.008096470905626386,0.0033814781710802,7.595415760247842e-07,1.16823628467743e-07,0.000961643953316362,0.36444898381173246
0.0,0.0,0.013635127259015308,625,0.4923327748235659,0.49233277531589864,0.18640561517993637,0.18640561517993637,0.08671238110400754,0.2731179962839439,0.0,0.015505661956359499,1.7723941833318761,0.0,0.036551164743215514,0.0002692505580661828,0.0020820571606065203,0.043867094906675605,0.790555270043203,0.006570183779805573,0.71607191035249,0.22569321367204964,-0.22569321367204964,0.5396296128402814,0.3139363991682318,0.17489695245196685,0.831882939183073,-0.831882939183073,0.7298521310757538,-0.10203080810731924,0.3004202639213579,0.5665454883152887,0.04360363073233061,0.7911851759756252,0.526197603843421,0.526197603843421,1.7332415876421563e-05,0.35007228760254183,0.8762698914459628,1.7609293631973506e-05,0.06431563872188667,0.7821608376641028,True,0.5660944303646177,0.3966865076967224,0.3966865076967224,0.04244363226784306,0.43913013996456546,0.0,0.0,0.0027270254518030617,0.4923327748235659,0.4923327748235659,0.0,0.0077528309781797495,0.0,0.0032310066967941933,0.0005205142901516301,0.2632025694400536,0.008744847622598343,0.003004202639213579,1.7332415876421564e-06,1.7609293631973508e-07,0.0006431563872188668,0.7821608376641028
0.0,0.0,0.021421116386739776,650,1.242454395512807,1.2424543967552613,0.7545783997198401,0.7545783997198401,0.08671238110400754,0.8412907808238477,0.0,0.015346870376873026,3.6792404404107266,0.0,0.05847966489861901,0.0006547499986160798,0.5115160344529837,0.05785498692461156,1.2405306361456094,0.014381988833486297,0.71607191035249,0.3400322555868066,-0.3400322555868066,0.5396296128402814,0.19959735725347486,0.5226241625101417,0.13813973588587836,-0.13813973588587836,0.7298521310757538,0.5917123951898754,0.2634788608213228,0.8896483483458786,0.05875816249318358,1.2424008302237919,2.1197709073835047,2.1197709073835047,5.252666741590211e-05,0.35007228760254183,2.4698431949860464,3.9785438368245884e-05,0.24530603784878852,1.768502691756233,True,0.8883091548808826,1.5877477310640655,1.5877477310640655,0.04244363226784306,1.6301913633319085,0.0,0.0,0.0042842232773479556,1.242454395512807,1.242454395512807,0.0,0.007673435188436513,0.0,0.007856999983392957,0.12787900861324591,0.34712992154766936,0.026131208125507083,0.0026347886082132284,5.252666741590212e-06,3.9785438368245884e-07,0.002453060378487885,1.768502691756233
0.0,0.0,0.008905654448693383,675,0.8467079085258601,0.846707909372568,0.42350171383848373,0.42350171383848373,0.08671238110400754,0.5102140949424913,0.0,0.010584618050079651,3.004449196303276,0.0002996489085110173,0.09731036997036797,0.0005117718814900168,0.09571643046387743,0.04149716849647706,1.2037085381040202,0.01072902707040173,0.71607191035249,0.4804715734387415,-0.4804715734387415,0.5396296128402814,0.05915803940153997,0.2815663099832357,0.34345046625953973,-0.34345046625953973,0.7298521310757538,0.386401664816214,0.1986896794502303,0.8628918488479184,0.04203942126548433,1.2050351708012172,1.3132324084501708,1.3132324084501708,6.262371955757523e-06,0.35007228760254183,1.6633046960527125,2.953641914394117e-05,0.23522315347008535,1.1530509884941686,True,0.8619418844248342,1.154048180573827,1.154048180573827,0.04244363226784306,1.19649181284167,0.0,0.0,0.0017811308897386767,0.8467079085258601,0.8467079085258601,0.0,0.0052923090250398255,0.0017978934510661038,0.006141262577880202,0.023929107615969357,0.24898301097886238,0.014078315499161784,0.001986896794502303,6.262371955757524e-07,2.953641914394117e-07,0.0023522315347008537,1.1530509884941686
0.0,0.0,0.03628658843504535,700,0.31506759935854123,0.31506759967360887,0.15599321761918467,0.15599321761918467,0.08671238110400754,0.24270559872319222,0.0,0.017091436712460183,1.6608271802145622,0.0,0.07940214987393165,0.0008556058918184282,0.0,0.08850781143699965,1.2975026242522907,0.009249924520702958,0.71607191035249,0.37640983415135704,-0.37640983415135704,0.5396296128402814,0.1632197786889244,0.11610414726844465,0.17087359330394658,-0.17087359330394658,0.7298521310757538,0.5589785377718072,0.31012225437722296,0.9298114345953108,0.08909561876784988,1.2984888922017868,0.3400787982901483,0.3400787982901483,3.103452431275317e-06,0.35007228760254183,0.6901510858926901,7.666965402958405e-06,0.08607068506749856,0.8819522984983661,True,0.929105195810733,0.4306603542193487,0.4306603542193487,0.04244363226784306,0.47310398648719176,0.0,0.0,0.00725731768700907,0.31506759935854123,0.31506759935854123,0.0,0.008545718356230091,0.0,0.010267270701821138,0.0,0.5310468686219979,0.005805207363422233,0.0031012225437722298,3.1034524312753174e-07,7.666965402958405e-08,0.0008607068506749856,0.8819522984983661
0.0,0.0,0.04581693014734855,725,0.33057728139514136,0.33057728172571865,0.012649302202170892,0.012649302202170892,0.08671238110400754,0.09936168330617844,0.0,0.010797139007278855,0.770690975905877,0.00024245425951475725,0.09557094279466588,0.0017018401564295768,0.0,0.0031259176900419908,1.0559099069042508,0.005701519891565007,0.71607191035249,0.34852100769873395,-0.34852100769873395,0.5396296128402814,0.1911086051415475,0.08412061342577151,0.6437595548077811,-0.6437595548077811,0.7298521310757538,0.08609257626797265,0.18894897962810267,0.7564511388353365,0.0031798199559862454,1.0563898923211088,0.0714537430718345,-0.0714537430718345,5.1832762595614406e-08,0.35007228760254183,0.27861854453070733,1.9884495640009335e-06,0.058429563038849185,0.39245139166847587,True,0.7561074347561458,0.07244167658878833,0.07244167658878833,0.04244363226784306,0.1148853088566314,0.0,0.0,0.00916338602946971,0.33057728139514136,0.33057728139514136,0.0,0.005398569503639428,0.0014547255570885435,0.02042208187715492,0.0,0.018755506140251944,0.004206030671288575,0.0018894897962810268,5.183276259561441e-09,1.9884495640009337e-08,0.0005842956303884918,0.39245139166847587
0.0,0.0,0.014980788449607464,750,0.19630246153733769,0.19630246173364013,0.11068027828994921,0.11068027828994921,0.08671238110400754,0.19739265939395675,0.0,0.016876282005937975,2.1087423844358097,0.0,0.02406280994920088,0.00017250772582423803,0.0,0.025358930412199675,0.8407551243769531,0.005062874464305163,0.71607191035249,0.1815206058081435,-0.1815206058081435,0.5396296128402814,0.35810900703213794,0.12233576970291302,0.23575308776078518,-0.23575308776078518,0.7298521310757538,0.49409904331496857,0.28316504159980316,0.6025081079463279,0.025151659183027322,0.8414072536872278,0.22403401185687633,0.22403401185687633,1.0970423274697627e-05,0.35007228760254183,0.5741062994594182,1.2624488687302174e-05,0.11832068039882622,0.37209330440566335,True,0.6020411364588014,0.20421231897392664,0.20421231897392664,0.04244363226784306,0.2466559512417697,0.0,0.0,0.002996157689921493,0.19630246153733769,0.19630246153733769,0.0,0.008438141002968988,0.0,0.002070092709890856,0.0,0.15215358247319805,0.006116788485145651,0.002831650415998032,1.0970423274697627e-06,1.2624488687302173e-07,0.0011832068039882623,0.37209330440566335
0.0,0.0,0.009962474211075985,775,0.42980347326283175,0.4298034736926352,0.22948537734741248,0.22948537734741248,0.08671238110400754,0.31619775845142,0.0,0.011365563237271222,2.511771976731013,0.0,0.04952244955255838,0.00018418171764423096,0.0001242972072024564,0.025836896223674525,1.1607385959366154,0.010681075337986115,0.71607191035249,0.37801705700383287,-0.37801705700383287,0.5396296128402814,0.16161255583644857,0.19112180186701222,0.027303422286611534,0.027303422286611534,0.7298521310757538,0.7571555533623653,0.1911249298958157,0.832042767293501,0.026229159250806836,1.1619541887411586,0.6748573340554834,0.6748573340554834,6.3193004031837465e-06,0.35007228760254183,1.0249296216580253,1.815880886247703e-05,0.1267526339922737,0.6074770612296215,True,0.8311723154195851,0.5214564200315498,0.5214564200315498,0.04244363226784306,0.5639000522993929,0.0,0.0,0.0019924948422151974,0.42980347326283175,0.42980347326283175,0.0,0.005682781618635611,0.0,0.0022101806117307715,3.10743018006141e-05,0.15502137734204716,0.009556090093350612,0.0019112492989581571,6.319300403183747e-07,1.815880886247703e-07,0.001267526339922737,0.6074770612296215
0.0,0.0,0.010605406416603631,800,0.5678286399823743,0.567828640550203,0.1975723478719818,0.1975723478719818,0.08671238110400754,0.28428472897598933,0.0,0.012732990931505678,1.359974488119591,1.1626138426831737e-06,0.08107824572463014,0.00120422713686895,0.0005862618539408929,0.03254697345234339,1.1804077976483927,0.005582763095965582,0.71607191035249,0.40578284983375335,-0.40578284983375335,0.5396296128402814,0.13384676300652806,0.17564419667925182,0.612640719959238,-0.612640719959238,0.7298521310757538,0.1172114111165158,0.26082627140018916,0.8458223986428324,0.032832552479593734,1.1811975509757064,0.7040692793280935,0.7040692793280935,6.274619550794567e-06,0.35007228760254183,1.0541415669306353,1.0215154313509697e-05,0.04546075056237436,0.7980481339015636,True,0.845256878461138,0.7330825802301224,0.7330825802301224,0.04244363226784306,0.7755262124979655,0.0,0.0,0.002121081283320726,0.5678286399823743,0.5678286399823743,0.0,0.006366495465752839,6.975683056099042e-06,0.0144507256424274,0.00014656546348522321,0.19528184071406035,0.00878220983396259,0.0026082627140018915,6.274619550794568e-07,1.0215154313509697e-07,0.00045460750562374355,0.7980481339015636
0.0,0.0,0.028033641085558583,825,0.38592494901481567,0.38592494940074057,0.25142992527821917,0.25142992527821917,0.08671238110400754,0.3381423063822267,0.0,0.004691966611951653,3.5228846047346245,0.0,0.043288716010063094,0.0002461904205001917,0.0,0.022419193431249613,0.8502695975052174,0.004729840767897525,0.71607191035249,0.27238761536920497,-0.27238761536920497,0.5396296128402814,0.26724199747107646,0.2560200608954525,0.6484128337052046,-0.6484128337052046,0.7298521310757538,0.08143929737054909,0.13127907040796225,0.6093311392621633,0.022220174499652717,0.8509356699285415,0.3689845833985287,0.3689845833985287,3.7978232725526616e-05,0.35007228760254183,0.7190568710010705,2.061406882945256e-05,0.27339083501903894,0.5481988122344067,True,0.6088541835028998,0.22514325843446634,0.22514325843446634,0.04244363226784306,0.2675868907023094,0.0,0.0,0.005606728217111717,0.38592494901481567,0.38592494901481567,0.0,0.0023459833059758265,0.0,0.0029542850460023006,0.0,0.13451516058749768,0.012801003044772625,0.0013127907040796224,3.797823272552662e-06,2.061406882945256e-07,0.0027339083501903894,0.5481988122344067
0.0,0.0,0.024941141301324438,850,0.41389474891141964,0.4138947493253144,0.22573170603494236,0.22573170603494236,0.08671238110400754,0.3124440871389499,0.0,0.013531784137608019,1.8977609740516515,0.0,0.05528843380417893,0.0002372918892962369,0.0,0.013684418125148238,1.1169804176994946,0.005076772349028647,0.71607191035249,0.050426144702699016,-0.050426144702699016,0.5396296128402814,0.4892034681375824,0.19946626778219284,0.08337868402767012,-0.08337868402767012,0.7298521310757538,0.6464734470480836,0.30507805894548296,0.8005439869178979,0.013915952909218716,1.1179658972297448,0.6268709602899138,0.6268709602899138,8.032092936226193e-06,0.35007228760254183,0.9769432478924557,1.5853252798438923e-05,0.07349522943874198,0.5243628886777064,True,0.7998383126982035,0.6349232336364107,0.6349232336364107,0.04244363226784306,0.6773668659042538,0.0,0.0,0.004988228260264888,0.41389474891141964,0.41389474891141964,0.0,0.006765892068804009,0.0,0.002847502671554843,0.0,0.08210650875088943,0.009973313389109643,0.0030507805894548295,8.032092936226193e-07,1.5853252798438923e-07,0.0007349522943874198,0.5243628886777064
0.0,0.0,0.050901659370748996,875,0.40990298826721233,0.40990298867711533,0.08382227206032693,0.08382227206032693,0.08671238110400754,0.17053465316433447,0.0,0.027701787990955067,0.9420667796441603,0.005544268443091772,0.15445984450085679,0.0047413588149762265,0.0,0.027413687148266273,1.1655707919539744,0.013234258826741169,0.71607191035249,0.36343061939166127,-0.36343061939166127,0.5396296128402814,0.17619899344862017,0.10178524159751519,0.4422820759626799,-0.4422820759626799,0.7298521310757538,0.2875700551130739,0.4353208569625844,0.8349926615673247,0.02758048678960841,1.1660737390125495,0.10228785295702925,0.10228785295702925,2.516852335247406e-06,0.35007228760254183,0.4523601405595711,3.4431299253740478e-06,0.039694192396067265,0.6984179521546977,True,0.834632515301255,0.7035041383296747,0.7035041383296747,0.04244363226784306,0.7459477705975178,0.0,0.0,0.0101803318741498,0.40990298826721233,0.40990298826721233,0.0,0.013850893995477533,0.03326561065855063,0.05689630577971472,0.0,0.16448212288959763,0.005089262079875759,0.004353208569625844,2.5168523352474063e-07,3.443129925374048e-08,0.00039694192396067267,0.6984179521546977
0.0,0.0,0.03229853268152771,900,0.277907164278332,0.27790716455623915,0.1079336552203461,0.1079336552203461,0.08671238110400754,0.19464603632435365,0.0,0.0076011903962508965,1.8725100199415485,0.0,0.07737939764584681,0.0010746959611251578,0.0,0.003450711886714266,0.9412572397080775,0.00668362591329965,0.71607191035249,0.31552119832542536,0.31552119832542536,0.5396296128402814,0.8551508111657068,0.1588927276423497,0.3536683797275949,-0.3536683797275949,0.7298521310757538,0.37618375134815885,0.14643143114631124,0.6744701664667669,0.00337528145356542,0.9419028274907856,0.33781541118388414,0.33781541118388414,1.0962551782489772e-05,0.35007228760254183,0.687887698786426,1.150124782282337e-05,0.05304993950805498,0.33170875022286805,True,0.6740078791834471,0.18909808350172944,0.18909808350172944,0.04244363226784306,0.2315417157695725,0.0,0.0,0.006459706536305542,0.277907164278332,0.277907164278332,0.0,0.0038005951981254483,0.0,0.012896351533501894,0.0,0.020704271320285593,0.007944636382117487,0.0014643143114631124,1.0962551782489773e-06,1.150124782282337e-07,0.0005304993950805498,0.33170875022286805
0.0,0.0,0.03285114486683553,925,0.2223580666957791,0.22235806691813714,0.04634330370554339,0.04634330370554339,0.08671238110400754,0.13305568480955093,0.0,0.004296882553740587,1.227564946520574,0.0,0.03159063153671358,0.0001731844546394401,0.0,0.004251768891464655,0.9347944105811116,0.002938554108717331,0.71607191035249,0.2576099085828458,-0.2576099085828458,0.5396296128402814,0.2820197042574356,0.10798071398624427,0.4024642790534067,-0.4024642790534067,0.7298521310757538,0.32738785202234705,0.23019277937367288,0.6698247191907223,0.004171167421076091,0.9354154242788877,0.08389089112641523,0.08389089112641523,2.056405961997606e-06,0.35007228760254183,0.43396317872895707,5.023311887092023e-06,0.035335285841287305,0.2667201359756546,True,0.6693800287195906,0.0984368086209875,0.0984368086209875,0.04244363226784306,0.14088044088883056,0.0,0.0,0.0065702289733671065,0.2223580666957791,0.2223580666957791,0.0,0.0021484412768702937,0.0,0.0020782134556732814,0.0,0.02551061334878793,0.005399035699312214,0.0023019277937367287,2.0564059619976062e-07,5.023311887092023e-08,0.00035335285841287304,0.2667201359756546
0.0,0.0,0.041173784175140865,950,0.23060877598427607,0.23060877621488482,0.048590737025354394,0.048590737025354394,0.08671238110400754,0.13530311812936194,0.0,0.005060334838045489,1.0370877310212154,0.0,0.014053804499487262,6.690015431665666e-05,0.0,0.00031101441952083504,1.0176356009118157,0.001603948484084842,0.71607191035249,0.1573923520754728,-0.1573923520754728,0.5396296128402814,0.38223726076480863,0.0960369417334614,0.36158857734252614,-0.36158857734252614,0.7298521310757538,0.3682635537332276,0.18819980853267354,0.7290456155604044,0.00032825707388976083,1.018117866151668,0.22237201935215267,0.22237201935215267,2.4104354116106494e-06,0.35007228760254183,0.5724443069546945,4.423533216774416e-06,0.01876796486548177,0.2509143987067798,True,0.728700278963984,0.24201861883907042,0.24201861883907042,0.04244363226784306,0.2844622511069135,0.0,0.0,0.008234756835028173,0.23060877598427607,0.23060877598427607,0.0,0.0025301674190227443,0.0,0.0008028018517998799,0.0,0.0018660865171250102,0.00480184708667307,0.0018819980853267354,2.4104354116106493e-07,4.423533216774416e-08,0.00018767964865481771,0.2509143987067798
0.0,0.0,0.01772111746731087,975,0.24791608760014253,0.2479160878480586,0.08230701816360649,0.08230701816360649,0.08671238110400754,0.16901939926761403,0.0,0.0028788557953279598,1.2039736484480255,0.0,0.04559023141563122,0.00023127050074772513,0.0,0.013182844321625701,1.1148165681494866,0.0022832253248895695,0.71607191035249,0.32581884892586466,-0.32581884892586466,0.5396296128402814,0.2138107639144168,0.1119820940281933,0.33748725112986994,-0.33748725112986994,0.7298521310757538,0.3923648799458838,0.0789403403041086,0.79874838875002,0.01333062606756232,1.1154583304381382,0.168415110249157,0.168415110249157,5.8281046942375e-06,0.35007228760254183,0.5184873978516988,4.871677658922322e-06,0.02819847186397213,0.34144317528033213,True,0.7982888407955755,0.22829426510458004,0.22829426510458004,0.04244363226784306,0.2707378973724231,0.0,0.0,0.003544223493462174,0.24791608760014253,0.24791608760014253,0.0,0.0014394278976639799,0.0,0.0027752460089727014,0.0,0.07909706592975421,0.005599104701409665,0.000789403403041086,5.828104694237501e-07,4.8716776589223217e-08,0.0002819847186397213,0.34144317528033213
0.0,0.0,0.0124175272259923,1000,0.3660366588378546,0.3660366592038912,0.14681465872082694,0.14681465872082694,0.08671238110400754,0.2335270398248345,0.0,0.007692230771033685,1.7203130217509144,0.0,0.03742095134338782,0.0004095097251073343,0.0,1.1743038860683849e-05,1.0034268117632406,0.0059731413562468545,0.71607191035249,0.294890264647436,-0.294890264647436,0.5396296128402814,0.24473934819284543,0.1494707262645141,0.47437598951266247,-0.47437598951266247,0.7298521310757538,0.2554761415630913,0.13222566073135167,0.7189423047151273,1.606818499086168e-05,1.0040085140626998,0.24014987741758997,0.24014987741758997,1.2965034721926713e-05,0.35007228760254183,0.5902221650201318,8.979413486909183e-06,0.061842856185148926,0.38676646238301976,True,0.7185257640324803,0.5279155464245955,0.5279155464245955,0.04244363226784306,0.5703591786924386,0.0,0.0,0.00248350544519846,0.3660366588378546,0.3660366588378546,0.0,0.0038461153855168426,0.0,0.004914116701288012,0.0,7.045823316410309e-05,0.007473536313225705,0.0013222566073135167,1.2965034721926713e-06,8.979413486909183e-08,0.0006184285618514892,0.38676646238301976
0.0,0.0,0.006796272535499773,1025,0.40372853491473076,0.4037285353184593,0.188682318946308,0.188682318946308,0.08671238110400754,0.2753947000503155,0.0,0.013154717899875263,2.222493365455051,0.0,0.05552669734282502,0.00046864730157615976,0.0,0.030701827185199402,1.1752193687501453,0.00520599803659096,0.71607191035249,0.3772726402737122,-0.3772726402737122,0.5396296128402814,0.16235697256656925,0.16210104174538822,0.20554682579260708,-0.20554682579260708,0.7298521310757538,0.5243053052831467,0.25481184745982,0.8419633304321186,0.030908569684304714,1.1758083322379935,0.5052084954187196,0.5052084954187196,5.0588338266153375e-06,0.35007228760254183,0.8552807830212614,1.3899422687115764e-05,0.09986338011960061,0.6131523283425518,True,0.8415415902163577,0.5827202305851628,0.5827202305851628,0.04244363226784306,0.6251638628530058,0.0,0.0,0.0013592545070999548,0.40372853491473076,0.40372853491473076,0.0,0.006577358949937631,0.0,0.005623767618913917,0.0,0.18421096311119642,0.008105052087269412,0.0025481184745982,5.058833826615338e-07,1.3899422687115764e-07,0.000998633801196006,0.6131523283425518
0.0,0.0,0.05125084603644353,1050,0.32063820429804796,0.3206382046186862,0.05507908042783384,0.05507908042783384,0.08671238110400754,0.14179146153184138,0.0,0.007122823311431348,1.1876076003495113,0.0,0.06340531003297946,0.0009687701813571685,0.0,0.0009173124215833523,1.030287165954961,0.008376531217813999,0.71607191035249,0.4132616163234682,-0.4132616163234682,0.5396296128402814,0.12636799651681324,0.1014544043878686,0.41901410589102467,-0.41901410589102467,0.7298521310757538,0.3108380251847291,0.1940614924766686,0.7383393406537466,0.0009670001142727601,1.0310966254483145,0.1263125252523049,0.1263125252523049,2.0470357053824962e-06,0.35007228760254183,0.47638481285484674,7.48818376746106e-06,0.05298132327291892,0.359122329829136,True,0.7377597094398936,0.3856134693020228,0.3856134693020228,0.04244363226784306,0.42805710156986587,0.0,0.0,0.010250169207288707,0.32063820429804796,0.32063820429804796,0.0,0.003561411655715674,0.0,0.011625242176286021,0.0,0.005503874529500114,0.00507272021939343,0.001940614924766686,2.0470357053824963e-07,7.48818376746106e-08,0.0005298132327291892,0.359122329829136
0.0,0.0,0.015912529352096954,1075,0.1929213369764694,0.19292133716939075,0.09787345700965476,0.09787345700965476,0.08671238110400754,0.1845858381136623,0.0,0.0022884343909243634,2.1261894123479603,0.0,0.01792197098139848,6.204282926762306e-05,0.0,0.005171982826014845,0.928083501016701,0.005692362827096941,0.71607191035249,0.13871906331365175,-0.13871906331365175,0.5396296128402814,0.4009105495266297,0.13588886006413,0.2515881211545025,-0.2515881211545025,0.7298521310757538,0.47826400992125123,0.0984756804761134,0.6650112236855069,0.005084639701973856,0.9286933404093709,0.16142500040490027,0.16142500040490027,1.4716961899790306e-06,0.35007228760254183,0.5114972880074421,1.3202432611732978e-05,0.13865813298561963,0.23819053128142043,True,0.6645745348204912,0.2606077629325657,0.2606077629325657,0.04244363226784306,0.30305139520040875,0.0,0.0,0.003182505870419391,0.1929213369764694,0.1929213369764694,0.0,0.0011442171954621817,0.0,0.0007445139512114768,0.0,0.031031896956089072,0.006794443003206501,0.0009847568047611339,1.4716961899790307e-07,1.320243261173298e-07,0.0013865813298561964,0.23819053128142043
0.0,0.0,0.020072361375574683,1100,0.3121154255488661,0.3121154258609815,0.17100857615546072,0.17100857615546072,0.08671238110400754,0.25772095725946825,0.0,0.010310725966542368,2.388870756792148,0.0,0.030217330131366366,0.00013604025409419938,0.0,0.034452233938776985,1.1856131297585841,0.005507748350431964,0.71607191035249,0.3643875673561079,-0.3643875673561079,0.5396296128402814,0.17524204548417355,0.13946737003253365,0.19273528040877108,-0.19273528040877108,0.7298521310757538,0.5371168506669827,0.24239201324469323,0.8496162511687826,0.034780644441140464,1.1864956955029806,0.36357389289117736,0.36357389289117736,6.863002217157299e-06,0.35007228760254183,0.7136461804937192,1.1642189908589454e-05,0.1336054447535737,0.5403652932927747,True,0.8489842706213553,0.394620195926661,0.394620195926661,0.04244363226784306,0.437063828194504,0.0,0.0,0.004014472275114937,0.3121154255488661,0.3121154255488661,0.0,0.005155362983271184,0.0,0.0016324830491303926,0.0,0.2067134036326619,0.006973368501626683,0.0024239201324469323,6.8630022171573e-07,1.1642189908589454e-07,0.001336054447535737,0.5403652932927747
0.0,0.0,0.03059874202489748,1125,0.3817854999952776,0.3817855003770631,0.11960108213682684,0.11960108213682684,0.08671238110400754,0.20631346324083438,0.0,0.01566908216529974,1.5077308626234156,0.0,0.04628626702222901,0.0007185643995429299,0.0,0.014124050162172504,1.1188446471750937,0.006061776047245296,0.71607191035249,0.32019881160555985,-0.32019881160555985,0.5396296128402814,0.21943080123472158,0.12329411707611083,0.09735430485596386,-0.09735430485596386,0.7298521310757538,0.6324978262197899,0.31998282223230134,0.8017479460053375,0.014315460950593628,1.1196472354490217,0.3983263242670241,0.3983263242670241,3.106409379256925e-06,0.35007228760254183,0.7483986118695659,7.1190939029745735e-06,0.04385634454489817,0.4989103426039116,True,0.8011732350787735,0.6662037394152356,0.6662037394152356,0.04244363226784306,0.7086473716830787,0.0,0.0,0.0061197484049794965,0.3817854999952776,0.3817854999952776,0.0,0.00783454108264987,0.0,0.00862277279451516,0.0,0.08474430097303502,0.006164705853805542,0.0031998282223230133,3.106409379256925e-07,7.119093902974574e-08,0.0004385634454489817,0.4989103426039116
0.0,0.0,0.007123196798331155,1150,0.5101308228352742,0.5101308233454049,0.26645172404619655,0.26645172404619655,0.08671238110400754,0.3531641051502041,0.0,0.005575444644535424,2.4576923970629374,0.0,0.013872444113803097,2.904258884979706e-05,0.008153962258482809,0.0038479294994526476,0.9379683185827383,0.008142571999597257,0.71607191035249,0.27509055823727574,-0.27509055823727574,0.5396296128402814,0.2645390546030057,0.23007674982555745,0.044442568369619906,0.044442568369619906,0.7298521310757538,0.7742946994453737,0.096973147324001,0.672201159626569,0.0037535053797168646,0.9387341418103291,0.8518430691497717,0.8518430691497717,8.589392103533692e-06,0.35007228760254183,1.2019153567523135,2.9114334344530085e-05,0.2005895900162344,0.5542983780919764,True,0.6716527751173376,0.6533637515312787,0.6533637515312787,0.04244363226784306,0.6958073837991218,0.0,0.0,0.001424639359666231,0.5101308228352742,0.5101308228352742,0.0,0.002787722322267712,0.0,0.0003485110661975647,0.002038490564620702,0.023087576996715885,0.011503837491277874,0.00096973147324001,8.589392103533692e-07,2.9114334344530084e-07,0.0020058959001623437,0.5542983780919764
0.0,0.0,0.010303448692906149,1175,0.19567821633488144,0.19567821653055967,0.13168345805910953,0.13168345805910953,0.08671238110400754,0.21839583916311706,0.0,0.010826863235447112,1.95707137433936,0.0,0.04878097949598152,0.0005567725383629379,0.0,0.0028318178732253288,1.053214827569253,0.00795390444034128,0.71607191035249,0.1026460707728305,0.1026460707728305,0.5396296128402814,0.6422756836131119,0.16090724072981388,0.1686645375078426,-0.1686645375078426,0.7298521310757538,0.5611875935679111,0.18519696076217432,0.7545075878068528,0.002881081651867266,1.0536757082102068,0.19776649364218735,0.19776649364218735,1.0487848281275214e-05,0.35007228760254183,0.5478387812447292,9.393988815923242e-06,0.08574805374548769,0.23758047029717705,True,0.7541775641212316,0.30986087350799396,0.30986087350799396,0.04244363226784306,0.352304505775837,0.0,0.0,0.0020606897385812297,0.19567821633488144,0.19567821633488144,0.0,0.005413431617723556,0.0,0.006681270460355254,0.0,0.016990907239351972,0.008045362036490694,0.0018519696076217433,1.0487848281275215e-06,9.393988815923242e-08,0.0008574805374548769,0.23758047029717705
0.0,0.0,0.022844149197709135,1200,0.4397014555656932,0.4397014560053946,0.22668550459234166,0.22668550459234166,0.08671238110400754,0.3133978856963492,0.0,0.011164609115297734,1.792483848443524,0.0,0.05859287649615812,0.0005019020052422968,0.0025761895212020585,0.023876902074345667,1.1545215262490818,0.008591510166956636,0.71607191035249,0.4168598268688406,-0.4168598268688406,0.5396296128402814,0.12276978597144085,0.21667245804407967,0.1174155652965636,-0.1174155652965636,0.7298521310757538,0.6124365657791901,0.20288360897183583,0.8277852166413853,0.024338647759607823,1.1560084861781814,0.7634219748339809,0.7634219748339809,1.3072180612151321e-05,0.35007228760254183,1.1134942624365227,1.897897200752327e-05,0.07904894537005314,0.6134353193055702,True,0.8267204463894677,0.38069527470614706,0.38069527470614706,0.04244363226784306,0.4231389069739901,0.0,0.0,0.0045688298395418275,0.4397014555656932,0.4397014555656932,0.0,0.005582304557648867,0.0,0.006022824062907561,0.0006440473803005146,0.143261412446074,0.010833622902203984,0.002028836089718358,1.3072180612151321e-06,1.8978972007523272e-07,0.0007904894537005314,0.6134353193055702
0.0,0.0,0.03366298561925878,1225,0.12796983944940968,0.1279698395773795,0.01333002397353504,0.01333002397353504,0.08671238110400754,0.10004240507754258,0.0,0.010002155932584307,1.021833294140275,0.0,0.06974674149917928,0.0007473084451444541,0.0,0.0012169877088616314,0.9651146490792821,0.008714763682620133,0.71607191035249,0.19634622160616477,-0.19634622160616477,0.5396296128402814,0.34328339123411666,0.08685080164461476,0.1861692044418498,-0.1861692044418498,0.7298521310757538,0.5436829266339039,0.2533459343012804,0.6914125868827943,0.0011859035784063541,0.9655630492289698,0.01986950514614444,0.01986950514614444,1.8244629635272618e-06,0.35007228760254183,0.36994179274868627,3.668867098478922e-06,0.021351259826985138,0.16306287329293753,True,0.6910915001265211,0.08998944944761658,0.08998944944761658,0.04244363226784306,0.13243308171545964,0.0,0.0,0.006732597123851757,0.12796983944940968,0.12796983944940968,0.0,0.0050010779662921535,0.0,0.008967701341733449,0.0,0.007301926253169788,0.004342540082230738,0.002533459343012804,1.8244629635272618e-07,3.6688670984789223e-08,0.00021351259826985137,0.16306287329293753
0.0,0.0,0.04809766668649491,1250,0.5584717668574408,0.5584717674159125,0.26909921349801086,0.26909921349801086,0.08671238110400754,0.3558115946020184,0.0,0.006394496701235703,2.4072726658683097,0.0,0.023602921925375355,3.480018301404859e-05,0.0107000200418297,0.004587285759947811,0.9322704956466695,0.005772604872191221,0.71607191035249,0.205711318767196,-0.205711318767196,0.5396296128402814,0.33391829407308543,0.21713738578391403,0.18289318938285137,-0.18289318938285137,0.7298521310757538,0.5469589416929024,0.28036920014697125,0.6683350202177434,0.004444215813227136,0.9333350480895161,0.8812285991427288,0.8812285991427288,7.429429387471482e-06,0.35007228760254183,1.2313008867452706,2.5510104742876693e-05,0.20129074569965874,0.6175793371033187,True,0.6675727241056784,0.7966858094376924,0.7966858094376924,0.04244363226784306,0.8391294417055355,0.0,0.0,0.009619533337298982,0.5584717668574408,0.5584717668574408,0.0,0.0031972483506178513,0.0,0.0004176021961685831,0.002675005010457425,0.027523714559686868,0.010856869289195702,0.002803692001469713,7.429429387471482e-07,2.5510104742876695e-07,0.0020129074569965873,0.6175793371033187
0.0,0.0,0.040768882540762726,1275,0.2026970311480813,0.20269703135077832,0.021601227399446477,0.021601227399446477,0.08671238110400754,0.10831360850345402,0.0,0.005334655233305447,0.7305773753083685,0.0,0.01563704678561842,4.658533329458451e-05,0.0,0.005735490714484538,1.075733022615531,0.0033466284153479257,0.71607191035249,0.3160815457028363,-0.3160815457028363,0.5396296128402814,0.2235480671374451,0.06947796332222332,0.17134946865905554,-0.17134946865905554,0.7298521310757538,0.5585026624166982,0.13198366628954253,0.7708232712520636,0.005846236641138707,1.0764606868994695,0.004722004477239805,0.004722004477239805,6.408823005661551e-07,0.35007228760254183,0.35479429207978164,1.8633857277691506e-06,0.010841338175907234,0.25339233449218185,True,0.7703022112908919,0.27508787377311184,0.27508787377311184,0.04244363226784306,0.3175315060409549,0.0,0.0,0.008153776508152546,0.2026970311480813,0.2026970311480813,0.0,0.0026673276166527234,0.0,0.0005590239995350142,0.0,0.03441294428690723,0.003473898166111166,0.0013198366628954254,6.408823005661551e-08,1.8633857277691507e-08,0.00010841338175907235,0.25339233449218185
0.0,0.0,0.019361521956471273,1300,0.31138313140458057,0.3113831317159637,0.013770265164665563,-0.013770265164665563,0.08671238110400754,0.07294211593934198,0.0,0.010652849142886906,0.8684069926013047,0.0,0.042778288590291313,0.00042616708007915644,0.0,0.031142461809937128,0.8235277307622041,0.003989921746796061,0.71607191035249,0.18922776460133356,-0.18922776460133356,0.5396296128402814,0.3504018482389479,0.07038696024009532,0.6482737852598341,-0.6482737852598341,0.7298521310757538,0.08157834581591966,0.2439846265551064,0.5899860779879968,0.031004116546267394,0.8239201415656311,0.10263944024977625,-0.10263944024977625,2.3370350113832252e-07,0.35007228760254183,0.24743284735276558,2.9694845114700664e-06,0.042985153137548464,0.5189397350620175,True,0.5897050836304198,0.1341892362955472,0.1341892362955472,0.04244363226784306,0.17663286856339025,0.0,0.0,0.003872304391294255,0.31138313140458057,0.31138313140458057,0.0,0.005326424571443453,0.0,0.005114004960949877,0.0,0.18685477085962277,0.003519348012004766,0.002439846265551064,2.3370350113832254e-08,2.9694845114700665e-08,0.00042985153137548466,0.5189397350620175
0.0,0.0,0.0038360820216566047,1325,0.14849866924960944,0.14849866939810813,0.006229730782410625,0.006229730782410625,0.08671238110400754,0.09294211188641817,0.0,0.009456254304834912,0.8984464456534249,0.0,0.025382659643646967,6.324098478924444e-05,0.0,0.0006094763842563448,0.9753124244961895,0.0050447538342157094,0.71607191035249,0.22950463642292063,-0.22950463642292063,0.5396296128402814,0.3101249764173608,0.07408658482274054,0.03565657820676282,-0.03565657820676282,0.7298521310757538,0.6941955528689909,0.1753964895394521,0.698692063287652,0.0005890865581501847,0.9757288945832666,0.06468861103848722,-0.06468861103848722,3.976724877321879e-07,0.35007228760254183,0.2853836765640546,3.126764393707967e-06,0.01957598881905735,0.1640638879889821,True,0.6983938407526293,0.2282368909977112,0.2282368909977112,0.04244363226784306,0.27068052326555425,0.0,0.0,0.000767216404331321,0.14849866924960944,0.14849866924960944,0.0,0.004728127152417456,0.0,0.0007588918174709332,0.0,0.0036568583055380686,0.003704329241137027,0.0017539648953945211,3.976724877321879e-08,3.126764393707967e-08,0.0001957598881905735,0.1640638879889821
0.0,0.0,0.013024053194947023,1350,0.2538411527001219,0.2538411529539631,0.06496780312150242,0.06496780312150242,0.08671238110400754,0.15168018422550997,0.0,0.013003425996235,1.222304648939858,7.440347516199276e-05,0.08862574490475998,0.0009945883673585548,0.0,0.00038524334778823025,1.019627616966617,0.006493626965369752,0.71607191035249,0.32079101877025806,-0.32079101877025806,0.5396296128402814,0.21883859407002335,0.1103335162625981,0.3031106841181574,-0.3031106841181574,0.7298521310757538,0.42674144695759636,0.23364590440200234,0.7305066864920762,0.00040635556955344635,1.0201582630589405,0.07571282026001619,0.07571282026001619,3.389980902487472e-06,0.35007228760254183,0.425785107862558,4.782193664001661e-06,0.04479087614206862,0.28594204812183044,True,0.7301267057257185,0.34269584695556066,0.34269584695556066,0.04244363226784306,0.38513947922340375,0.0,0.0,0.0026048106389894047,0.2538411527001219,0.2538411527001219,0.0,0.0065017129981175,0.00044642085097195653,0.011935060408302658,0.0,0.0023114600867293815,0.005516675813129906,0.0023364590440200232,3.389980902487472e-07,4.782193664001661e-08,0.0004479087614206862,0.28594204812183044
0.0051268426993852775,0.0,0.023019048219731143,1375,0.49530711321293763,0.4953071137082447,0.16359921104799274,0.16359921104799274,0.08671238110400754,0.2503115921520003,0.0,0.015718592988932287,1.2002525264776869,0.0006172348947784176,0.1048442125006694,0.0021770537530779515,0.0,0.2224084220037879,1.4716019741305033,0.010591854938200298,0.71607191035249,0.4479772265809963,-0.4479772265809963,0.5396296128402814,0.09165238625928512,0.11580958182686076,0.2622262642471176,-0.2622262642471176,0.7298521310757538,0.46762586682863616,0.4049821539260379,1.0543046421466453,0.2231094435819914,1.4723446237462552,0.4407970988342069,0.4407970988342069,1.7968203137290419e-06,0.35007228760254183,0.7908693864367488,4.752194204290554e-06,0.024032591233377632,1.9026370303241353,True,1.0537728516101448,0.8579817545015631,0.8579817545015631,0.04244363226784306,0.9004253867694062,0.02050737079754111,0.0,0.004603809643946229,0.49530711321293763,0.49530711321293763,0.0,0.007859296494466143,0.003703409368670506,0.02612464503693542,0.0,1.3344505320227276,0.0057904790913430385,0.00404982153926038,1.796820313729042e-07,4.752194204290554e-08,0.00024032591233377632,1.9026370303241353
0.0,0.0,0.025475544047717257,1400,0.09442105236018274,0.09442105245460378,0.006742904125376412,0.006742904125376412,0.08671238110400754,0.09345528522938396,0.0,0.002083542978675363,1.3575389367475124,0.0,0.013565868757974388,3.1894026258052966e-05,0.0,0.07478544787536383,0.7265307185891552,0.0025231681238774535,0.71607191035249,0.026990970431918226,-0.026990970431918226,0.5396296128402814,0.5126386424083632,0.08436800041586243,0.18957553613263634,-0.18957553613263634,0.7298521310757538,0.5402765949431174,0.09251429686008872,0.5206555365886254,0.0744746818817092,0.7270995018661395,0.018808206580325726,0.018808206580325726,1.3542348530853443e-06,0.35007228760254183,0.36888049418286756,7.269153215346333e-06,0.041060726451897664,0.555207706595274,True,0.5202482468552109,0.08666062518543113,0.08666062518543113,0.04244363226784306,0.1291042574532742,0.0,0.0,0.0050951088095434515,0.09442105236018274,0.09442105236018274,0.0,0.0010417714893376814,0.0,0.00038272831509663556,0.0,0.44871268725218294,0.004218400020793121,0.0009251429686008872,1.3542348530853444e-07,7.269153215346333e-08,0.00041060726451897666,0.555207706595274
0.0,0.0,0.029561377031662634,1425,0.5711398495690363,0.5711398501401761,0.2945789362884421,0.2945789362884421,0.08671238110400754,0.38129131739244965,0.0,0.00911563860315558,1.9162638520270399,0.0,0.0463140158771779,0.00016036698183059664,0.018179384929712127,0.015315194816564372,1.123754574931856,0.005007610096404796,0.71607191035249,0.3698256615952086,-0.3698256615952086,0.5396296128402814,0.1698039512450729,0.23527029020092338,0.08387393233989071,-0.08387393233989071,0.7298521310757538,0.645978198735863,0.20339140215585988,0.8057272888731724,0.015676146456953942,1.1252044186798291,0.9514188808395215,0.9514188808395215,1.3485450177860127e-05,0.35007228760254183,1.3014911684420634,2.003149067654996e-05,0.07863975693631864,0.6945557381516205,True,0.8046890964763502,0.7037209312415442,0.7037209312415442,0.04244363226784306,0.7461645635093873,0.0,0.0,0.005912275406332527,0.5711398495690363,0.5711398495690363,0.0,0.00455781930157779,0.0,0.0019244037819671597,0.004544846232428032,0.09189116889938623,0.01176351451004617,0.002033914021558599,1.3485450177860127e-06,2.003149067654996e-07,0.0007863975693631864,0.6945557381516205
0.0,0.0,0.00401820848663119,1450,0.15827995309329504,0.15827995325157498,0.07542908523557769,0.07542908523557769,0.08671238110400754,0.16214146633958523,0.0,0.006438000653479545,2.1999202663885074,0.0,0.008496697070350681,2.3424063262771067e-05,0.0,0.04345235406137868,0.7915477175433699,0.007343686010301167,0.71607191035249,0.14731017956287723,-0.14731017956287723,0.5396296128402814,0.3923194332774042,0.11103669875267834,0.10203231114561051,-0.10203231114561051,0.7298521310757538,0.6278198199301432,0.12398196814156384,0.5671795721318621,0.04323460255159675,0.7920706789517247,0.12748660283676727,0.12748660283676727,1.1587989444554058e-05,0.35007228760254183,0.4775588904393091,1.1338805321729537e-05,0.0843940438339297,0.43093467548917286,True,0.5668050941519113,0.2668509990307444,0.2668509990307444,0.04244363226784306,0.3092946312985875,0.0,0.0,0.000803641697326238,0.15827995309329504,0.15827995309329504,0.0,0.0032190003267397725,0.0,0.0002810887591532528,0.0,0.26071412436827207,0.005551834937633917,0.0012398196814156384,1.1587989444554058e-06,1.1338805321729537e-07,0.0008439404383392971,0.43093467548917286
0.0,0.0,0.03012592168492898,1475,0.22007321216664533,0.22007321238671854,0.12946349248426886,0.12946349248426886,0.08671238110400754,0.2161758735882764,0.0,0.01273291976859181,1.6539162879022844,0.0,0.03709644760065668,0.00014117605170798766,0.0,2.495157245580597e-05,0.9950048451019207,0.004979416644927574,0.71607191035249,0.23929730735715865,-0.23929730735715865,0.5396296128402814,0.3003323054831228,0.10526732206908801,0.17303434581131838,-0.17303434581131838,0.7298521310757538,0.5568177852644354,0.19032103258126565,0.7130081337966206,1.830643274776411e-05,0.9957213982718925,0.20979803605442093,0.20979803605442093,6.803444981200163e-06,0.35007228760254183,0.5598703236569628,8.51240148079192e-06,0.098412031861502,0.2424601406595527,True,0.7124950301921642,0.30688922446673617,0.30688922446673617,0.04244363226784306,0.34933285673457926,0.0,0.0,0.006025184336985796,0.22007321216664533,0.22007321216664533,0.0,0.006366459884295905,0.0,0.001694112620495852,0.0,0.00014970943473483582,0.005263366103454401,0.0019032103258126566,6.803444981200163e-07,8.512401480791919e-08,0.00098412031861502,0.2424601406595527
0.0,0.0,0.013940522433354648,1500,0.2097453570330746,0.20974535724281995,0.06085815878209931,0.06085815878209931,0.08671238110400754,0.14757053988610686,0.0,0.006431972955610451,1.290514119892022,0.0,0.014861158323396491,3.837457460605355e-05,0.0,0.007383190898221027,0.914074503794153,0.0024659856751521017,0.71607191035249,0.23065374027971397,-0.23065374027971397,0.5396296128402814,0.30897587256056747,0.09164828405958646,0.07566771914152581,-0.07566771914152581,0.7298521310757538,0.6541844119342279,0.14277976333254344,0.6550566173272812,0.007260462007899807,0.9147916552918682,0.21671040094485772,0.21671040094485772,3.932634694477468e-06,0.35007228760254183,0.5667826885473995,5.481792365664404e-06,0.09435862696653334,0.26746333446951276,True,0.6545430852771286,0.33222237948618094,0.33222237948618094,0.04244363226784306,0.37466601175402403,0.0,0.0,0.0027881044866709297,0.2097453570330746,0.2097453570330746,0.0,0.0032159864778052256,0.0,0.0004604948952726426,0.0,0.04429914538932616,0.004582414202979323,0.0014277976333254344,3.9326346944774686e-07,5.481792365664404e-08,0.0009435862696653334,0.26746333446951276
0.0,0.0,0.050809553565955526,1525,0.29998250503196405,0.29998250533194654,0.10977564139871136,0.10977564139871136,0.08671238110400754,0.1964880225027189,0.0,0.013515453099672281,1.990219627271583,0.0,0.0582234390452278,0.0006514352450393915,0.0,0.00030316397282543784,0.9825883954551731,0.011617778317373626,0.71607191035249,0.3457248014653097,-0.3457248014653097,0.5396296128402814,0.19390481137497176,0.1384391503845209,0.2694542499388223,-0.2694542499388223,0.7298521310757538,0.4603978811369315,0.22591672152789827,0.704184906137896,0.0002755702158001828,0.983399692298027,0.3332419023978408,0.3332419023978408,3.1866081426769934e-06,0.35007228760254183,0.6833141900003826,1.1915566009667572e-05,0.1043415892703039,0.33676332751609905,True,0.7036039592496577,0.3670360056038168,0.3670360056038168,0.04244363226784306,0.40947963787165986,0.0,0.0,0.010161910713191107,0.29998250503196405,0.29998250503196405,0.0,0.0067577265498361405,0.0,0.007817222940472698,0.0,0.0018189838369526271,0.006921957519226045,0.002259167215278983,3.186608142676994e-07,1.1915566009667572e-07,0.001043415892703039,0.33676332751609905
0.0,0.0,0.041188468477875786,1550,0.38043752302941936,0.3804375234098569,0.0251090841704035,0.0251090841704035,0.08671238110400754,0.11182146527441104,0.0,0.022504155787356216,1.7900363753077624,0.0,0.04076549504810257,0.000259351931398381,0.0014518555539567257,0.29357644444466513,0.4581730493555482,0.010747056656219715,0.71607191035249,0.22733182133285235,0.22733182133285235,0.5396296128402814,0.7669614341731338,0.10157091337410894,0.8150535264269076,-0.8150535264269076,0.7298521310757538,-0.0852013953511539,0.34820384476840077,0.3282531463694115,0.2933218195798411,0.4584080691333731,0.046991144686651054,0.046991144686651054,6.597698384018999e-06,0.35007228760254183,0.3970634322891929,9.903898135736479e-06,0.09136817932293405,2.1743361730703716,True,0.3280848553057836,0.06951909358470719,0.06951909358470719,0.04244363226784306,0.11196272585255025,0.0,0.0,0.008237693695575157,0.38043752302941936,0.38043752302941936,0.0,0.011252077893678108,0.0,0.003112223176780572,0.0003629638884891814,1.7614586666679908,0.005078545668705447,0.0034820384476840077,6.597698384019e-07,9.903898135736479e-08,0.0009136817932293405,2.1743361730703716
0.0,0.0,0.04791233890735178,1575,0.15006049893289095,0.15006049908295144,0.060045722871523335,0.060045722871523335,0.08671238110400754,0.14675810397553088,0.0,0.013716479271445804,1.305952005681105,0.0,0.04649230378591023,0.0005144755699108999,0.0,0.0013163712261927065,1.0362818305242818,0.008838167148149079,0.71607191035249,0.2582142929230714,-0.2582142929230714,0.5396296128402814,0.28141531991721,0.09957849392948574,0.0746084548284307,-0.0746084548284307,0.7298521310757538,0.655243676247323,0.21663676653262645,0.7424957620143389,0.0013616911937561062,1.0369011001699964,0.010502954556047384,-0.010502954556047384,3.885941362244831e-06,0.35007228760254183,0.33956933304649445,5.135838413720049e-06,0.04196523503474087,0.18813852521083957,True,0.7420523204099161,0.1913999044772605,0.1913999044772605,0.04244363226784306,0.23384353674510355,0.0,0.0,0.009582467781470358,0.15006049893289095,0.15006049893289095,0.0,0.006858239635722902,0.0,0.006173706838930798,0.0,0.00789822735715624,0.004978924696474287,0.0021663676653262648,3.885941362244831e-07,5.135838413720049e-08,0.00041965235034740876,0.18813852521083957
0.0,0.0,0.05002040403781726,1600,0.2604008346689756,0.2604008349293765,0.07196941469807165,0.07196941469807165,0.08671238110400754,0.1586817958020792,0.0,0.018608566186519928,0.7471787790400065,0.0,0.033730423708191064,0.00038008908864788245,0.0,0.09956771589529036,1.3155435245656142,0.0032972553075351846,0.71607191035249,0.4064614737711838,-0.4064614737711838,0.5396296128402814,0.1331681390690976,0.08821335964889947,0.15608326854337218,-0.15608326854337218,0.7298521310757538,0.5737688625323816,0.4040539812225252,0.9425584063189242,0.10003945091921577,1.3162901372461933,0.24163930984804516,0.24163930984804516,7.343643361862248e-07,0.35007228760254183,0.591711597450587,2.7232514836617865e-06,0.023522436226942715,0.8903630958312039,True,0.9420237779429824,0.29308856181081866,0.29308856181081866,0.04244363226784306,0.3355321940786617,0.0,0.0,0.010004080807563452,0.2604008346689756,0.2604008346689756,0.0,0.009304283093259964,0.0,0.004561069063774589,0.0,0.5974062953717422,0.0044106679824449735,0.0040405398122252524,7.343643361862249e-08,2.7232514836617867e-08,0.00023522436226942715,0.8903630958312039
0.0,0.0,0.010067510664363444,1625,0.414288954770675,0.41428895518496395,0.1480316578601774,0.1480316578601774,0.08671238110400754,0.23474403896418494,0.0,0.007158765152056085,1.7834331830009615,0.0,0.03226313291399631,0.000106438293084974,1.2018790616991901e-05,0.010619030110823536,1.10304867835554,0.005847137924671216,0.71607191035249,0.27272920639475995,-0.27272920639475995,0.5396296128402814,0.2669004064455215,0.1074158609989557,0.2257906478498155,-0.2257906478498155,0.7298521310757538,0.5040614832259382,0.15943789991396706,0.7904578541239571,0.010791165431992551,1.1038805344229252,0.6576797413631522,0.6576797413631522,3.178288231478614e-06,0.35007228760254183,1.007752028965694,9.908653150630166e-06,0.06333025600234773,0.49247517588365647,True,0.7898621853523276,0.5275964758560797,0.5275964758560797,0.04244363226784306,0.5700401081239228,0.0,0.0,0.002013502132872689,0.414288954770675,0.414288954770675,0.0,0.0035793825760280424,0.0,0.0012772595170196881,3.0046976542479752e-06,0.06371418066494122,0.005370793049947785,0.0015943789991396708,3.1782882314786146e-07,9.908653150630166e-08,0.0006333025600234773,0.49247517588365647
0.0,0.0,0.03745724840831079,1650,0.2113302363358273,0.21133023654715752,0.07612994456927528,0.07612994456927528,0.08671238110400754,0.16284232567328283,0.0,0.006322632406899689,1.1205247705285366,0.0,0.03155772038195248,0.00015513298480445895,0.0,0.009942629752330952,1.0997127361590833,0.0043909364422122215,0.71607191035249,0.2861935804113204,-0.2861935804113204,0.5396296128402814,0.253436032428961,0.11054880509918298,0.17883498579484502,-0.17883498579484502,0.7298521310757538,0.5510171452809087,0.20968082201317279,0.7878998550372067,0.010061748794658687,1.1003082688249513,0.13620599781771808,0.13620599781771808,3.848322558644748e-06,0.35007228760254183,0.4862782854202599,4.041250978500888e-06,0.024079989912884507,0.29136585017156386,True,0.787473410817526,0.2916603923758817,0.2916603923758817,0.04244363226784306,0.3341040246437248,0.0,0.0,0.007491449681662159,0.2113302363358273,0.2113302363358273,0.0,0.0031613162034498446,0.0,0.0018615958176535074,0.0,0.059655778513985715,0.005527440254959149,0.002096808220131728,3.848322558644748e-07,4.0412509785008885e-08,0.00024079989912884506,0.29136585017156386
0.0,0.0,0.0063815131749693265,1675,0.28177160592351524,0.28177160620528685,0.1242716825768883,0.1242716825768883,0.08671238110400754,0.21098406368089584,0.0,0.012836909843673675,1.8470622060113056,0.0,0.05439263423782356,0.0003647673151624275,0.0,0.00297321448597073,1.0545271903362967,0.005072876998204756,0.71607191035249,0.3042178359037957,-0.3042178359037957,0.5396296128402814,0.23541177693648577,0.14900951418824226,0.1650213441195011,-0.1650213441195011,0.7298521310757538,0.5648307869562527,0.22439784809410918,0.7556192346455324,0.0030501465263127743,1.055228131656908,0.40417534433712066,0.40417534433712066,1.0280206629295474e-05,0.35007228760254183,0.7542476319396625,1.0304442555155989e-05,0.0511469061852409,0.3218899124954135,True,0.7551173102480278,0.31367896735359835,0.31367896735359835,0.04244363226784306,0.3561225996214414,0.0,0.0,0.0012763026349938654,0.28177160592351524,0.28177160592351524,0.0,0.006418454921836837,0.0,0.00437720778194913,0.0,0.017839286915824377,0.007450475709412114,0.002243978480941092,1.0280206629295474e-06,1.0304442555155989e-07,0.000511469061852409,0.3218899124954135
0.0,0.0,0.010415255197396372,1700,0.26061103614096626,0.2606110364015773,0.03923592559460079,-0.03923592559460079,0.08671238110400754,0.047476455509406754,0.0,0.01886712199770014,1.0556246150252582,0.0,0.026044524750402188,0.00012439868691999952,0.0,0.23763273293667572,0.5125241206616724,0.0038443938598298768,0.71607191035249,0.2804457409564831,0.2804457409564831,0.5396296128402814,0.8200753537967646,0.0591455549054393,0.4991294867010909,-0.4991294867010909,0.7298521310757538,0.2307226443746628,0.3380229942969566,0.3672029871137745,0.2373620623686496,0.5128018243377244,0.09346166550480334,-0.09346166550480334,2.1307590383349163e-06,0.35007228760254183,0.2566106220977385,5.152476885687299e-06,0.023683549422509845,1.705991437825529,True,0.3670041313091751,0.03919135848881826,0.03919135848881826,0.04244363226784306,0.08163499075666132,0.0,0.0,0.0020830510394792743,0.26061103614096626,0.26061103614096626,0.0,0.00943356099885007,0.0,0.0014927842430399942,0.0,1.4257963976200543,0.002957277745271965,0.003380229942969566,2.1307590383349163e-07,5.152476885687299e-08,0.00023683549422509845,1.705991437825529
0.0,0.0,0.003329011913017752,1725,0.3488469619248388,0.3488469622736858,0.18141047142665234,0.18141047142665234,0.08671238110400754,0.26812285253065987,0.0,0.01286233190769023,2.657360873964206,0.0,0.03818850144773598,0.00013738532731883261,0.0,0.11167863959681755,0.6658164582197119,0.0032980950612892614,0.71607191035249,0.1607524419139873,-0.1607524419139873,0.5396296128402814,0.37887717092629414,0.1971970059075825,0.32011065588835996,-0.32011065588835996,0.7298521310757538,0.4097414751873938,0.22063646242951357,0.47727863702717543,0.11120669301615878,0.6665233246295046,0.5600141691753749,0.5600141691753749,4.24822106410926e-05,0.35007228760254183,0.9100864567779168,2.2667763801435092e-05,0.32520761881231297,1.0429871577765182,True,0.4767724698396825,0.36555876001387266,0.36555876001387266,0.04244363226784306,0.40800239228171575,0.0,0.0,0.0006658023826035505,0.3488469619248388,0.3488469619248388,0.0,0.006431165953845115,0.0,0.0016486239278259915,0.0,0.6700718375809053,0.009859850295379126,0.0022063646242951357,4.24822106410926e-06,2.2667763801435093e-07,0.00325207618812313,1.0429871577765182
0.0,0.0,0.02220502149699198,1750,0.15995913086396502,0.15995913102392414,0.0781918563416807,0.0781918563416807,0.08671238110400754,0.16490423744568825,0.0,0.012674714663773106,1.6327586878502864,0.0,0.04001172019872475,0.0001999436618174629,0.0,0.0014018950449306026,1.0374418889070864,0.007213633727747736,0.71607191035249,0.1895677942391253,-0.1895677942391253,0.5396296128402814,0.35006181860115615,0.10662738927424889,0.09354165695587069,-0.09354165695587069,0.7298521310757538,0.6363104741198831,0.2673821590093679,0.7434083324745988,0.0014573697094067111,1.0381755119075922,0.06930463609203019,0.06930463609203019,1.1268815260707684e-06,0.35007228760254183,0.419376923694572,9.059541222674524e-06,0.12166366891500964,0.1907702177331642,True,0.742883005643812,0.26894521525563675,0.26894521525563675,0.04244363226784306,0.31138884752347984,0.0,0.0,0.004441004299398396,0.15995913086396502,0.15995913086396502,0.0,0.006337357331886553,0.0,0.002399323941809555,0.0,0.008411370269583615,0.005331369463712445,0.002673821590093679,1.1268815260707684e-07,9.059541222674524e-08,0.0012166366891500965,0.1907702177331642
0.0,0.0,0.02711755609271022,1775,0.22950524805910416,0.2295052482886094,0.05394889231122045,0.05394889231122045,0.08671238110400754,0.140661273415228,0.0,0.0065184695023848774,1.350537262435336,0.0,0.01984485012970006,8.728080787381845e-05,0.0,0.002094879605326398,1.0457698547662804,0.0024475046563932814,0.71607191035249,0.30813750329713213,-0.30813750329713213,0.5396296128402814,0.2314921095431493,0.08700824625393681,0.20418623565176675,-0.20418623565176675,0.7298521310757538,0.525665895423987,0.1303799823107718,0.7493107934306205,0.002154662705139515,1.0464183444894313,0.11558033745081192,0.11558033745081192,1.0381523626165928e-06,0.35007228760254183,0.46565262505335375,4.851429254142586e-06,0.19332137608755057,0.2593922195814917,True,0.748846428149235,0.3323450884327932,0.3323450884327932,0.04244363226784306,0.37478872070063624,0.0,0.0,0.0054235112185420445,0.22950524805910416,0.22950524805910416,0.0,0.0032592347511924387,0.0,0.0010473696944858215,0.0,0.012569277631958389,0.004350412312696841,0.001303799823107718,1.0381523626165929e-07,4.851429254142586e-08,0.0019332137608755056,0.2593922195814917
0.0,0.0,0.01935102966808702,1800,0.5657071312184342,0.5657071317841413,0.2438378876941718,0.2438378876941718,0.08671238110400754,0.33055026879817934,0.0,0.003229371973559776,2.0746682809621197,0.0,0.009748052550094522,1.671763175896381e-05,0.02896111196566876,0.01637885268886973,1.1279798917364354,0.002435036697842256,0.71607191035249,0.1350021753798225,-0.1350021753798225,0.5396296128402814,0.4046274374604589,0.15743521049252246,0.032438465834978114,0.032438465834978114,0.7298521310757538,0.7622905969107319,0.07536356165542198,0.8081792984696547,0.01654533452246417,1.1286286691312017,1.030460969588395,1.030460969588395,9.525454917396635e-06,0.35007228760254183,1.380533257190937,1.506005341157789e-05,0.06946580578085285,0.6862271861895894,True,0.8077147271947032,0.6778924900114894,0.6778924900114894,0.04244363226784306,0.7203361222793325,0.0,0.0,0.0038702059336174037,0.5657071312184342,0.5657071312184342,0.0,0.001614685986779888,0.0,0.00020061158110756572,0.00724027799141719,0.09827311613321839,0.007871760524626124,0.0007536356165542198,9.525454917396635e-07,1.506005341157789e-07,0.0006946580578085285,0.6862271861895894
0.0,0.0,0.01430005919943703,1825,0.2032590253679394,0.20325902557119843,0.05441699947114627,0.05441699947114627,0.08671238110400754,0.1411293805751538,0.0,0.008515645905143223,1.243080724230071,0.0,0.016392419435811,7.66164561892715e-05,0.0,0.0009060899903110825,0.9698986712866179,0.00418274479020282,0.71607191035249,0.3408900558597652,-0.3408900558597652,0.5396296128402814,0.19873955698051624,0.11099576335852865,0.15320021678972717,-0.15320021678972717,0.7298521310757538,0.5766519142860266,0.22848602001497,0.6950787081853496,0.000859497271215595,0.9706828161104175,0.1484463061252974,0.1484463061252974,2.72910631402852e-06,0.35007228760254183,0.49851859372783924,7.450633775809768e-06,0.05407562272351147,0.22510854958881657,True,0.694517204095537,0.20468831216897568,0.20468831216897568,0.04244363226784306,0.24713194443681874,0.0,0.0,0.002860011839887406,0.2032590253679394,0.2032590253679394,0.0,0.0042578229525716115,0.0,0.000919397474271258,0.0,0.005436539941866495,0.005549788167926433,0.0022848602001497003,2.7291063140285203e-07,7.450633775809769e-08,0.0005407562272351147,0.22510854958881657
0.0,0.0,0.017499159428331756,1850,0.29559533975795216,0.2955953400535475,0.17549235282067666,0.17549235282067666,0.08671238110400754,0.2622047339246842,0.0,0.01330007184762238,2.1069929380610675,0.0,0.04817776960258478,0.00040887164235401394,0.0,0.013336459562786961,1.1154835900151487,0.008096936249915504,0.71607191035249,0.4209262457417639,-0.4209262457417639,0.5396296128402814,0.11870336709851752,0.10127170639216444,0.002698539587633997,-0.002698539587633997,0.7298521310757538,0.7271535914881198,0.21523642467138754,0.7994037345950205,0.013542797554166753,1.1163735260021228,0.30751434678848744,0.30751434678848744,8.829518660671784e-06,0.35007228760254183,0.6575866343910293,9.635953772274833e-06,0.09681355343839228,0.3988554890645094,True,0.7987664764238371,0.3665163017621631,0.3665163017621631,0.04244363226784306,0.40895993403000613,0.0,0.0,0.003499831885666351,0.29559533975795216,0.29559533975795216,0.0,0.00665003592381119,0.0,0.004906459708248167,0.0,0.08001875737672176,0.0050635853196082225,0.0021523642467138754,8.829518660671784e-07,9.635953772274833e-08,0.0009681355343839228,0.3988554890645094
0.0,0.0,0.004768451527451202,1875,0.1757871004568139,0.175787100632601,0.029467300801862842,0.029467300801862842,0.08671238110400754,0.11617968190587039,0.0,0.006818651786770836,0.8648806488121816,0.0,0.01474532446830957,4.4572530878118544e-05,0.0,0.014437006758214608,1.1201540958861353,0.0015752188219091425,0.71607191035249,0.29983647964453797,-0.29983647964453797,0.5396296128402814,0.23979313319574347,0.07625483693870351,0.007279313316864711,-0.007279313316864711,0.7298521310757538,0.722572817758889,0.135643097422451,0.8024526119984058,0.014551912224416087,1.1206313069829557,0.04360089955086771,0.04360089955086771,9.768413247762543e-07,0.35007228760254183,0.39367318715340954,2.136181298554191e-06,0.012282883366181463,0.2725991482762816,True,0.8021108945318922,0.24855836448990024,0.24855836448990024,0.04244363226784306,0.2910019967577433,0.0,0.0,0.0009536903054902404,0.1757871004568139,0.1757871004568139,0.0,0.003409325893385418,0.0,0.0005348703705374226,0.0,0.08662204054928765,0.0038127418469351758,0.0013564309742245101,9.768413247762543e-08,2.1361812985541908e-08,0.00012282883366181464,0.2725991482762816
0.0,0.0,0.0546674308442859,1900,0.23251788849217725,0.23251788872469514,0.10326230936579549,0.10326230936579549,0.08671238110400754,0.18997469046980303,0.0,0.007682341039920456,1.8746430352198589,0.0,0.012208643055214585,2.9047872145246256e-05,0.0,7.889909141207462e-05,0.9911174839481105,0.007148080547215931,0.71607191035249,0.37767338044560084,-0.37767338044560084,0.5396296128402814,0.16195623239468057,0.10046521312977003,0.07146122821811263,-0.07146122821811263,0.7298521310757538,0.6583909028576411,0.31133523992791945,0.7102513507298166,6.607203589795201e-05,0.9918715293014029,0.26891429097225417,0.26891429097225417,1.0250658262084288e-06,0.35007228760254183,0.618986578574796,1.2740952822021515e-05,0.11575595070796732,0.2574089166741682,True,0.7097114000256517,0.19899988197140328,0.19899988197140328,0.04244363226784306,0.24144351423924634,0.0,0.0,0.010933486168857181,0.23251788849217725,0.23251788849217725,0.0,0.003841170519960228,0.0,0.0003485744657429551,0.0,0.0004733945484724477,0.0050232606564885015,0.0031133523992791946,1.0250658262084288e-07,1.2740952822021516e-07,0.0011575595070796732,0.2574089166741682
0.0,0.0,0.0409803280761321,1925,0.31910347180113297,0.3191034721202365,0.08948957925290389,0.08948957925290389,0.08671238110400754,0.17620196035691144,0.0,0.012854135223310192,1.0590837379831588,0.0,0.04218715400689669,0.0001525900357706884,0.0,0.013486175546982705,1.1161299941745573,0.003492712498218539,0.71607191035249,0.24092886833334293,-0.24092886833334293,0.5396296128402814,0.2987007445069385,0.10023894838169793,0.13085183009167745,-0.13085183009167745,0.7298521310757538,0.5990003009840763,0.22908284566535478,0.7997246107653122,0.013647293718762743,1.1168216320668511,0.29951883866678397,0.29951883866678397,1.4431988572853476e-06,0.35007228760254183,0.6495911262693258,5.647874046258973e-06,0.02652093234659881,0.4240429247369896,True,0.7992293482915886,0.5798674754200872,0.5798674754200872,0.04244363226784306,0.6223111076879303,0.0,0.0,0.008196065615226419,0.31910347180113297,0.31910347180113297,0.0,0.006427067611655096,0.0,0.0018310804292482608,0.0,0.08091705328189623,0.005011947419084897,0.002290828456653548,1.4431988572853478e-07,5.6478740462589735e-08,0.00026520932346598807,0.4240429247369896
0.0,0.0,0.04504291745031335,1950,0.22826805319169327,0.22826805341996131,0.14712375985390197,0.14712375985390197,0.08671238110400754,0.2338361409579095,0.0,0.006523500780718889,1.6049053642182147,0.0,0.01683196658627219,3.878251100127094e-05,0.0,0.0010827832486495679,0.967094328017049,0.002531646520878043,0.71607191035249,0.3003788002051192,-0.3003788002051192,0.5396296128402814,0.2392508126351622,0.11796156793415125,0.05166099062730023,-0.05166099062730023,0.7298521310757538,0.6781911404484535,0.20134817095677734,0.6928217336122864,0.001054240273894515,0.9675309335844944,0.29576919553294057,0.29576919553294057,1.6470517040741066e-05,0.35007228760254183,0.6458414831354824,1.0146108531719311e-05,0.10184314062410979,0.25643221672133387,True,0.6925090926251691,0.24188927581784028,0.24188927581784028,0.04244363226784306,0.28433290808568334,0.0,0.0,0.00900858349006267,0.22826805319169327,0.22826805319169327,0.0,0.0032617503903594443,0.0,0.0004653901320152513,0.0,0.006496699491897407,0.005898078396707563,0.0020134817095677736,1.6470517040741067e-06,1.0146108531719311e-07,0.0010184314062410978,0.25643221672133387
0.0,0.0,0.045577704815595005,1975,0.6488691073109597,0.6488691079598288,0.234435541999771,0.234435541999771,0.08671238110400754,0.32114792310377854,0.0,0.009826455891049806,2.606736649325879,0.0,0.028214127668979745,5.458310255980277e-05,0.036674123185906654,0.0006489035249746398,0.9745264151526598,0.007028405938304508,0.71607191035249,0.8673477036555676,0.8673477036555676,0.5396296128402814,1.406977316495849,0.19191627792852245,0.039520922840089456,0.039520922840089456,0.7298521310757538,0.7693730539158432,0.20812727118778632,0.6981998228678592,0.0006229278697043157,0.9750414770127654,0.7831196032443518,0.7831196032443518,9.317426775300201e-06,0.35007228760254183,1.1331918908468936,2.1568325658613724e-05,0.13427302268251182,0.6896357896577089,True,0.697831001532593,0.826477657051831,0.826477657051831,0.04244363226784306,0.868921289319674,0.0,0.0,0.009115540963119001,0.6488691073109597,0.6488691073109597,0.0,0.004913227945524903,0.0,0.0006549972307176332,0.009168530796476664,0.0038934211498478383,0.009595813896426122,0.0020812727118778634,9.317426775300202e-07,2.1568325658613723e-07,0.0013427302268251182,0.6896357896577089
0.0,0.0,0.046583745368947015,2000,0.2123261730027573,0.21232617321508346,0.022968178858779553,0.022968178858779553,0.08671238110400754,0.1096805599627871,0.0,0.0033731457021027853,1.014049237620943,0.0,0.03399572008893734,0.0001585068766011381,0.0,0.0007584129891115216,0.9724607010054446,0.001738464756592599,0.71607191035249,0.23370198672746317,-0.23370198672746317,0.5396296128402814,0.30592762611281826,0.07627611806713797,0.32251348554944,-0.32251348554944,0.7298521310757538,0.40733864552631377,0.1650545409650744,0.6967402936962699,0.0007288254184404644,0.9730032331854264,0.019511081236137262,-0.019511081236137262,1.6751674036147567e-06,0.35007228760254183,0.33056120636640457,3.6075424868430497e-06,0.03206706317146677,0.2355672809183684,True,0.6963518016362973,0.256655864277643,0.256655864277643,0.04244363226784306,0.29909949654548607,0.0,0.0,0.009316749073789403,0.2123261730027573,0.2123261730027573,0.0,0.0016865728510513927,0.0,0.0019020825192136571,0.0,0.004550477934669129,0.0038138059033568984,0.001650545409650744,1.675167403614757e-07,3.6075424868430495e-08,0.0003206706317146677,0.2355672809183684
0.0,0.0,0.01356943290474403,2025,0.24820407595550784,0.24820407620371193,0.050202206451717926,0.050202206451717926,0.08671238110400754,0.13691458755572547,0.0,0.004912370732983114,0.9736647605928302,0.0,0.01332715700561392,2.74370499950493e-05,0.0,4.1499896885427346e-05,0.9935579586398854,0.002260230264538389,0.71607191035249,0.3330184132683915,-0.3330184132683915,0.5396296128402814,0.20661119957188995,0.0931064371195012,0.1281595397788271,-0.1281595397788271,0.7298521310757538,0.6016925912969266,0.14285579151884498,0.7120309094978863,3.1846869352900906e-05,0.9943566969465657,0.2586981780684925,0.2586981780684925,2.077472181213724e-06,0.35007228760254183,0.6087704656710343,5.254367304273385e-06,0.03850655833672237,0.26042159752962313,True,0.7114589554247626,0.3335493623738379,0.3335493623738379,0.04244363226784306,0.375992994641681,0.0,0.0,0.0027138865809488064,0.24820407595550784,0.24820407595550784,0.0,0.002456185366491557,0.0,0.0003292445999405916,0.0,0.00024899938131256406,0.00465532185597506,0.0014285579151884498,2.0774721812137242e-07,5.254367304273385e-08,0.0003850655833672237,0.26042159752962313
0.0,0.0,0.047293530263317,2050,0.1551220980500388,0.1551220982051609,0.02353315146096685,0.02353315146096685,0.08671238110400754,0.1102455325649744,0.0,0.00954005724296674,1.0025055652257013,0.0,0.040294905444741784,0.00017268008648625775,0.0,0.003606579053986022,1.0600548004241628,0.008220235119641916,0.71607191035249,0.3139362142344745,-0.3139362142344745,0.5396296128402814,0.22569339860580692,0.08026041925672157,0.0488066421976634,-0.0488066421976634,0.7298521310757538,0.6810454888780904,0.21437218189903748,0.7595536164019713,0.0036872252058824423,1.060722526346344,0.053469564993271435,0.053469564993271435,2.2541685714667935e-06,0.35007228760254183,0.40354185259581327,4.7156628097197515e-06,0.01952371818213039,0.19941472062306978,True,0.7590754766186059,0.12634669852876573,0.12634669852876573,0.04244363226784306,0.1687903307966088,0.0,0.0,0.0094587060526634,0.1551220980500388,0.1551220980500388,0.0,0.00477002862148337,0.0,0.002072161037835093,0.0,0.021639474323916132,0.004013020962836079,0.002143721818990375,2.2541685714667937e-07,4.715662809719752e-08,0.0001952371818213039,0.19941472062306978
0.0,0.0,0.01193358190959354,2075,0.2732335623927921,0.27323356266602566,0.11701595705313735,0.11701595705313735,0.08671238110400754,0.2037283381571449,0.0,0.017128248841289682,1.338519543312034,0.0,0.02762430885609267,0.00022363249015850285,0.0,0.0006174864535953771,0.9751507252903555,0.00809921752398479,0.71607191035249,0.23328164342069146,-0.23328164342069146,0.5396296128402814,0.30634796941958997,0.1539821107996932,0.2975842648937006,-0.2975842648937006,0.7298521310757538,0.43226786618205315,0.31521637362354527,0.6987317900475915,0.0005863965758846916,0.9757843733121628,0.3851611586879484,0.3851611586879484,7.6270361836789355e-06,0.35007228760254183,0.7352334462904903,8.003187801787176e-06,0.03242060317859361,0.30174922984233243,True,0.6982780524917883,0.26127442775663556,0.26127442775663556,0.04244363226784306,0.30371806002447865,0.0,0.0,0.002386716381918708,0.2732335623927921,0.2732335623927921,0.0,0.008564124420644841,0.0,0.002683589881902034,0.0,0.0037049187215722626,0.007699105539984661,0.0031521637362354527,7.627036183678936e-07,8.003187801787175e-08,0.00032420603178593614,0.30174922984233243
0.0,0.0,0.03644542415325321,2100,0.1482857547654435,0.14828575491372928,0.0057838267578502744,0.0057838267578502744,0.08671238110400754,0.09249620786185782,0.0,0.008283603101383782,0.9413636046235032,0.0,0.02208679611293889,0.00014714814644033674,0.0,0.014948233623750305,0.8777370308566396,0.004632678424114864,0.71607191035249,0.13130570004627307,-0.13130570004627307,0.5396296128402814,0.40832391279400837,0.07560152711419324,0.27041190481956756,-0.27041190481956756,0.7298521310757538,0.4594402262561862,0.25887146342843376,0.6288082865297494,0.014850917995514253,0.8781356574074506,0.06421172249559526,-0.06421172249559526,2.5602008630454127e-06,0.35007228760254183,0.2858605651069466,2.938377780814363e-06,0.035169789462910356,0.25789259493505906,True,0.6285228412500067,0.12418913986765534,0.12418913986765534,0.04244363226784306,0.1666327721354984,0.0,0.0,0.007289084830650643,0.1482857547654435,0.1482857547654435,0.0,0.004141801550691891,0.0,0.0017657777572840409,0.0,0.08968940174250183,0.003780076355709662,0.0025887146342843375,2.560200863045413e-07,2.938377780814363e-08,0.0003516978946291036,0.25789259493505906
0.0,0.0,0.03251131378460629,2125,0.1635164496984344,0.16351644986195085,0.05161831636596999,0.05161831636596999,0.08671238110400754,0.13833069746997753,0.0,0.00854682687537411,1.529173731353394,0.0,0.018300195829893288,7.630598012443697e-05,0.0,0.06437310431299238,0.7462814466520188,0.006223345783638437,0.71607191035249,0.04590396146493325,-0.04590396146493325,0.5396296128402814,0.4937256513753482,0.11883485954499934,0.2310138870419703,-0.2310138870419703,0.7298521310757538,0.49883824403378346,0.14878711620222804,0.5348170880638862,0.06407164874885156,0.74687621852372,0.24059031884328552,0.24059031884328552,1.4898651560375777e-06,0.35007228760254183,0.5906626064458274,1.1109848416654005e-05,0.06364545050844977,0.5695127522618468,True,0.5343911886275454,0.13291126772134093,0.13291126772134093,0.04244363226784306,0.175354899989184,0.0,0.0,0.006502262756921258,0.1635164496984344,0.1635164496984344,0.0,0.004273413437687055,0.0,0.0009156717614932436,0.0,0.3862386258779543,0.0059417429772499674,0.0014878711620222803,1.4898651560375778e-07,1.1109848416654006e-07,0.0006364545050844977,0.5695127522618468
0.0,0.0,0.015247514217102602,2150,0.28483255888494013,0.2848325591697727,0.08273627170611735,0.08273627170611735,0.08671238110400754,0.1694486528101249,0.0,0.003878640060337838,1.4844342877288763,0.0,0.023693099940650504,8.246662517344679e-05,0.0,0.0002738779108403595,0.983450742891587,0.0033860260814222594,0.71607191035249,0.29895227479669906,-0.29895227479669906,0.5396296128402814,0.24067733804358238,0.09880107295244554,0.1749956956910187,-0.1749956956910187,0.7298521310757538,0.5548564353847351,0.09944954748774468,0.7049034937215024,0.00024326000050612078,0.9844032054413056,0.3703754899073154,0.3703754899073154,3.4123566459042194e-06,0.35007228760254183,0.7204477775098572,8.64060438167714e-06,0.04084903411372288,0.29879771583099857,True,0.7042214620344616,0.3763358653112845,0.3763358653112845,0.04244363226784306,0.4187794975791276,0.0,0.0,0.0030495028434205204,0.28483255888494013,0.28483255888494013,0.0,0.001939320030168919,0.0,0.0009895995020813616,0.0,0.001643267465042157,0.004940053647622278,0.0009944954748774468,3.41235664590422e-07,8.64060438167714e-08,0.0004084903411372288,0.29879771583099857
0.0,0.0,0.025247365203823008,2175,0.46166635321864063,0.461666353680307,0.2042787424179759,0.2042787424179759,0.08671238110400754,0.2909911235219834,0.0,0.010134966296465032,1.539777426657853,0.0,0.07395208511882581,0.0006003353586754434,0.0,0.07724457300172069,1.2779290790862314,0.004870242096414857,0.71607191035249,0.43680331506149145,-0.43680331506149145,0.5396296128402814,0.10282629777878999,0.15006601910450298,0.02015109683820626,-0.02015109683820626,0.7298521310757538,0.7097010342375475,0.21879361701463282,0.9159336637474721,0.07790154215382135,1.2791084773951185,0.5869064346690511,0.5869064346690511,1.0162223144199672e-05,0.35007228760254183,0.936978722271593,8.121780488953405e-06,0.04523221240588673,0.9525994284116169,True,0.9150891297355668,0.6987753145253869,0.6987753145253869,0.04244363226784306,0.74121894679323,0.0,0.0,0.005049473040764602,0.46166635321864063,0.46166635321864063,0.0,0.005067483148232516,0.0,0.007204024304105321,0.0,0.46346743801032414,0.00750330095522515,0.002187936170146328,1.0162223144199671e-06,8.121780488953405e-08,0.0004523221240588673,0.9525994284116169
0.0,0.0,0.03863963523730291,2200,0.17217765736244992,0.17217765753462758,0.028977121811250284,-0.028977121811250284,0.08671238110400754,0.05773525929275726,0.0,0.004884937744321066,0.9811767973346586,0.0,0.022465256454013528,0.0001046697054529804,0.0,0.20186206105470964,0.5507093801839286,0.0022974753449985052,0.71607191035249,0.007353888712290035,0.007353888712290035,0.5396296128402814,0.5469835015525715,0.07258892458327992,0.35922921721878803,-0.35922921721878803,0.7298521310757538,0.3706229138569657,0.1585289820613166,0.394580226586683,0.20157015312186316,0.5510343519578996,0.13521109227646266,-0.13521109227646266,1.9064554964366101e-06,0.35007228760254183,0.21486119532607917,3.7661626850795755e-06,0.05854351418468288,1.4005768555745652,True,0.39434752342443524,0.0020749758271872143,0.0020749758271872143,0.04244363226784306,0.044518608095030276,0.0,0.0,0.007727927047460583,0.17217765736244992,0.17217765736244992,0.0,0.002442468872160533,0.0,0.0012560364654357649,0.0,1.2111723663282579,0.0036294462291639965,0.001585289820613166,1.9064554964366103e-07,3.7661626850795755e-08,0.0005854351418468288,1.4005768555745652
0.0,0.0,0.0069410536403038394,2225,0.19388149523405307,0.19388149542793456,0.09365636755701699,0.09365636755701699,0.08671238110400754,0.18036874866102454,0.0,0.009844146429908534,1.1606968530280073,0.0,0.022375935784484362,9.24048621727276e-05,0.0,0.005876974561251125,1.0766614281190425,0.0035984957586933305,0.71607191035249,0.25416963613919685,-0.25416963613919685,0.5396296128402814,0.2854599767010846,0.08742614800977049,0.1563352859497451,-0.1563352859497451,0.7298521310757538,0.5735168451260086,0.19771958971601453,0.771454385816895,0.00598179166065009,1.0773420432924428,0.1682528863547048,0.1682528863547048,5.5387587984498025e-06,0.35007228760254183,0.5183251739572466,4.775322998996334e-06,0.029024019893022293,0.24320183001633636,True,0.7709670164026572,0.24864974729139885,0.24864974729139885,0.04244363226784306,0.2910933795592419,0.0,0.0,0.0013882107280607679,0.19388149523405307,0.19388149523405307,0.0,0.004922073214954267,0.0,0.0011088583460727311,0.0,0.035261847367506746,0.004371307400488525,0.0019771958971601454,5.538758798449802e-07,4.775322998996334e-08,0.0002902401989302229,0.24320183001633636
0.0,0.0,0.012823834953675079,2250,0.14332180292385938,0.1433218030671812,0.03547092519677271,0.03547092519677271,0.08671238110400754,0.12218330630078025,0.0,0.014148649083085574,1.2402452211635797,0.0,0.03705375341366032,0.00028429701218838055,0.0,0.00038528359388506194,1.0196286421813905,0.005233441327136532,0.71607191035249,0.2167497233954387,-0.2167497233954387,0.5396296128402814,0.32287988944484275,0.08851936977985506,0.15354338720794347,-0.15354338720794347,0.7298521310757538,0.5763087438678103,0.22727786678808398,0.7305181900663458,0.0004070035058043694,1.0201743278897804,0.06039032742465161,-0.06039032742465161,2.777916079666896e-06,0.35007228760254183,0.2896819601778902,3.4677917823305247e-06,0.12006856799614848,0.16658390547206897,True,0.7301274398532303,0.1650590913705756,0.1650590913705756,0.04244363226784306,0.20750272363841865,0.0,0.0,0.002564766990735016,0.14332180292385938,0.14332180292385938,0.0,0.007074324541542787,0.0,0.0034115641462605668,0.0,0.0023117015633103716,0.004425968488992753,0.00227277866788084,2.777916079666896e-07,3.467791782330525e-08,0.0012006856799614849,0.16658390547206897
0.0,0.0,0.013727870441053657,2275,0.16232160992600905,0.16232161008833065,0.027713962222014568,0.027713962222014568,0.08671238110400754,0.11442634332602211,0.0,0.0050566806909484435,1.1189394854748873,0.0,0.01786382059193536,7.496773591807514e-05,0.0,0.05438991136405884,0.7667835525438679,0.0045738868259251894,0.71607191035249,0.0681376928434127,-0.0681376928434127,0.5396296128402814,0.47149191999686874,0.10334391618576266,0.32672436445493336,-0.32672436445493336,0.7298521310757538,0.4031277666208204,0.1218681623953626,0.5494398983503921,0.054150645860743286,0.7672970866947659,0.0993508817283173,0.0993508817283173,3.418438044906467e-06,0.35007228760254183,0.44942316933085913,4.992547653587091e-06,0.06326349374722585,0.5018535095150589,True,0.5490721709647919,0.09854597197044393,0.09854597197044393,0.04244363226784306,0.140989604238287,0.0,0.0,0.0027455740882107314,0.16232160992600905,0.16232160992600905,0.0,0.0025283403454742217,0.0,0.0008996128310169017,0.0,0.326339468184353,0.005167195809288133,0.001218681623953626,3.418438044906467e-07,4.992547653587091e-08,0.0006326349374722585,0.5018535095150589
0.0,0.0,0.04150896679817375,2300,0.5317987670624094,0.5317987675942081,0.27463605093744026,0.27463605093744026,0.08671238110400754,0.3613484320414478,0.0,0.008666618303674604,1.8014699646237364,0.0,0.037569855715111074,0.0003400344345015543,0.007711545455167208,0.15551461431424662,1.3943534129613266,0.013640246994528274,0.71607191035249,0.3793133241426136,-0.3793133241426136,0.5396296128402814,0.16031628869766784,0.20035775741385128,0.06093242377470376,0.06093242377470376,0.7298521310757538,0.7907845548504575,0.21780849552098722,0.9990477020999691,0.15616555500362944,1.3951778776748889,0.8462889287204277,0.8462889287204277,1.0977934823625083e-05,0.35007228760254183,1.1963612163229695,1.3642266302041234e-05,0.05502566190898036,1.496277318698309,True,0.9984573260692656,0.6890779176443921,0.6890779176443921,0.04244363226784306,0.7315215499122352,0.0,0.0,0.00830179335963475,0.5317987670624094,0.5317987670624094,0.0,0.004333309151837302,0.0,0.0040804132140186515,0.001927886363791802,0.9330876858854797,0.010017887870692565,0.0021780849552098724,1.0977934823625085e-06,1.3642266302041235e-07,0.0005502566190898036,1.496277318698309
0.0,0.0,0.022180919241950897,2325,0.13000940632328614,0.13000940645329556,0.01218444162988655,-0.01218444162988655,0.08671238110400754,0.074527939474121,0.0,0.008163632292927396,0.548083618972295,0.0,0.013658834602734593,3.3827167669509204e-05,0.0,9.424310855318224e-05,0.9902921110145829,0.002565950802495389,0.71607191035249,0.19164039006022382,-0.19164039006022382,0.5396296128402814,0.3479892227800576,0.05336204405972433,0.08778589840968865,-0.08778589840968865,0.7298521310757538,0.6420662326660651,0.16811459275491283,0.7095429530934065,8.313342891319258e-05,0.9908822464985506,0.14186224522831503,-0.14186224522831503,4.6949747375707287e-07,0.35007228760254183,0.2082100423742268,1.0628373440262832e-06,0.012153888250019644,0.14396963557264952,True,0.7091203736441336,0.14073545584041508,0.14073545584041508,0.04244363226784306,0.18317908810825814,0.0,0.0,0.00443618384839018,0.13000940632328614,0.13000940632328614,0.0,0.004081816146463698,0.0,0.00040592601203411045,0.0,0.0005654586513190935,0.0026681022029862167,0.0016811459275491284,4.694974737570729e-08,1.0628373440262832e-08,0.00012153888250019644,0.14396963557264952
0.0003271525096656509,0.0,0.03555227385615988,2350,1.2461784689833912,1.2461784702295697,0.6103084491504532,0.6103084491504532,0.08671238110400754,0.6970208302544608,0.0,0.010501138249043028,2.5882858046716724,0.0,0.06114129093344458,0.00026968756074942254,0.5274433846755645,0.17479703869394556,1.4180873577303499,0.011630529384249003,0.71607191035249,0.5184720107570775,-0.5184720107570775,0.5396296128402814,0.021157602083203927,0.3543996610333177,0.05611891765064991,0.05611891765064991,0.7298521310757538,0.7859710487264037,0.2694551057262911,1.0171200496951105,0.1767496563565071,1.4204160514972128,2.1492229848326003,2.1492229848326003,1.7108436263365e-05,0.35007228760254183,2.499295272435142,3.1293362187146445e-05,0.13725098460659743,2.4655164997116077,True,1.01545253747756,1.581519996024268,1.581519996024268,0.04244363226784306,1.623963628292111,0.0013086100386626037,0.0,0.007110454771231976,1.2461784689833912,1.2461784689833912,0.0,0.005250569124521514,0.0,0.0032362507289930703,0.13186084616889113,1.0487822321636733,0.017719983051665885,0.0026945510572629113,1.7108436263365e-06,3.1293362187146444e-07,0.0013725098460659743,2.4655164997116077
0.0,0.0,0.02950174289086852,2375,0.3634995150756146,0.36349951543911413,0.15809830291718896,0.15809830291718896,0.08671238110400754,0.24481068402119652,0.0,0.007702203619378747,1.6513534870236901,0.0,0.039637474362726355,0.00011840898091731644,0.0,0.0003720110937155723,1.019287589111021,0.002875642513672997,0.71607191035249,0.1575179577744843,-0.1575179577744843,0.5396296128402814,0.38211165506579714,0.1643510795559251,0.01369252133317822,-0.01369252133317822,0.7298521310757538,0.7161596097425755,0.1933523656392458,0.7303931125982619,0.0003999862494726914,1.019999656233863,0.5798514865566871,0.5798514865566871,9.044754296029515e-06,0.35007228760254183,0.9299237741592289,1.3050948413174673e-05,0.049657501969392503,0.3875526274355753,True,0.7298832213261885,0.5238676136326382,0.5238676136326382,0.04244363226784306,0.5663112459004813,0.0,0.0,0.005900348578173704,0.3634995150756146,0.3634995150756146,0.0,0.0038511018096893737,0.0,0.0014209077710077974,0.0,0.0022320665622934336,0.008217553977796254,0.0019335236563924579,9.044754296029516e-07,1.3050948413174674e-07,0.0004965750196939251,0.3875526274355753
0.0,0.0,0.0239965173385278,2400,0.29285015303206974,0.29285015332491987,0.08847332551706201,0.08847332551706201,0.08671238110400754,0.17518570662106955,0.0,0.00891736247038842,0.9807168025324831,0.0,0.052872761712244185,0.0003544368096763228,0.0,0.09321947464799991,1.3053186444487135,0.0021265322537097663,0.71607191035249,0.37889609455589257,-0.37889609455589257,0.5396296128402814,0.16073351828438884,0.0913227951746288,0.15632809258409974,-0.15632809258409974,0.7298521310757538,0.573524038491654,0.2487453133915581,0.9351551146046706,0.09360624866806763,1.3059513828503928,0.2698123104711041,0.2698123104711041,1.7307311462217133e-06,0.35007228760254183,0.6198845980736459,2.9547660193871226e-06,0.036430628522165304,0.8730963291377284,True,0.9347020284022993,0.4244751185895954,0.4244751185895954,0.04244363226784306,0.46691875085743845,0.0,0.0,0.0047993034677055605,0.29285015303206974,0.29285015303206974,0.0,0.00445868123519421,0.0,0.004253241716115874,0.0,0.5593168478879995,0.00456613975873144,0.002487453133915581,1.7307311462217134e-07,2.9547660193871225e-08,0.00036430628522165305,0.8730963291377284
0.0,0.0,0.06142577062788646,2425,0.1040426419783306,0.10404264208237324,0.05047703505093744,0.05047703505093744,0.08671238110400754,0.13718941615494498,0.0,0.01148247337687006,1.3829004330095638,0.0,0.02769794921093956,7.714969124948996e-05,0.0,4.452204771939736e-06,0.9978899751726722,0.007940537739345447,0.71607191035249,0.16827342010929958,-0.16827342010929958,0.5396296128402814,0.37135619273098186,0.10493875761652668,0.03771348606708014,-0.03771348606708014,0.7298521310757538,0.6921386450086736,0.2896655165441092,0.7149437760546664,2.4820813848829354e-06,0.9984245377234339,0.07263778189562531,0.07263778189562531,6.161343311384381e-06,0.35007228760254183,0.42271006949816714,6.456675911567654e-06,0.10638505120373801,0.1322296665753635,True,0.714560990822394,0.1286931524384318,0.1286931524384318,0.04244363226784306,0.17113678470627486,0.0,0.0,0.012285154125577293,0.1040426419783306,0.1040426419783306,0.0,0.00574123668843503,0.0,0.0009257962949938795,0.0,2.6713228631638415e-05,0.005246937880826335,0.0028966551654410924,6.161343311384382e-07,6.456675911567655e-08,0.00106385051203738,0.1322296665753635
0.0,0.0,0.006708331836818061,2450,0.3341582264184195,0.3341582267525777,0.13939115915990674,0.13939115915990674,0.08671238110400754,0.22610354026391427,0.0,0.007692879738960786,1.7482624501775865,0.0,0.02228080457369274,5.5441871495185885e-05,0.0,0.000529904980012164,1.0230196650716765,0.009125880454774096,0.71607191035249,0.384638454950338,-0.384638454950338,0.5396296128402814,0.15499115788994342,0.15422272809896986,0.06377020141198786,-0.06377020141198786,0.7298521310757538,0.6660819296637659,0.1362276871713347,0.7330274250907085,0.0005606710826437695,1.0236784940957775,0.518908364424079,0.518908364424079,7.49363186252308e-06,0.35007228760254183,0.8689806520266208,1.4853123056751676e-05,0.11620708686859017,0.3534274470330433,True,0.7325556561262365,0.34292774311246965,0.34292774311246965,0.04244363226784306,0.3853713753803127,0.0,0.0,0.0013416663673636122,0.3341582264184195,0.3341582264184195,0.0,0.003846439869480393,0.0,0.0006653024579422306,0.0,0.0031794298800729838,0.0077111364049484935,0.001362276871713347,7.493631862523081e-07,1.4853123056751677e-07,0.0011620708686859017,0.3534274470330433
0.0,0.0,0.05706544224865366,2475,0.14488763995668735,0.14488764010157498,0.03369347161256776,0.03369347161256776,0.08671238110400754,0.1204058527165753,0.0,0.00590771891198198,0.8594182863112731,0.0,0.03265389127064061,0.00015895482279022457,0.0,0.0012311779431673573,1.0350881453366712,0.0006916163123669389,0.71607191035249,0.2683820330615844,-0.2683820330615844,0.5396296128402814,0.271247579778697,0.09878348541409161,0.07402543987228472,-0.07402543987228472,0.7298521310757538,0.655826691203469,0.22264404144808286,0.7415920411734047,0.0012701416706792058,1.0356390469945425,0.009620066151598106,0.009620066151598106,2.3242803904670185e-06,0.35007228760254183,0.35969235375413994,2.52090078229742e-06,0.018888275852867197,0.17590386847565692,True,0.7411975559653274,0.16194339798335386,0.16194339798335386,0.04244363226784306,0.20438703025119692,0.0,0.0,0.011413088449730734,0.14488763995668735,0.14488763995668735,0.0,0.00295385945599099,0.0,0.0019074578734826948,0.0,0.0073870676590041436,0.004939174270704581,0.0022264404144808287,2.3242803904670185e-07,2.52090078229742e-08,0.00018888275852867197,0.17590386847565692
0.0,0.0,0.015467732679413114,2500,0.1923106231231083,0.1923106233154189,0.03647491048836836,0.03647491048836836,0.08671238110400754,0.1231872915923759,0.0,0.006139373382239824,1.067238394075397,0.0,0.021307111250409957,8.865173070589217e-05,0.0,0.008091646935023086,0.9100464178866506,0.0038197445054175922,0.71607191035249,0.30885283570548117,-0.30885283570548117,0.5396296128402814,0.23077677713480027,0.10024291495238564,0.005894646857803054,0.005894646857803054,0.7298521310757538,0.7357467779335568,0.10868755722141688,0.6520868287045273,0.007984437117990673,0.910644322407635,0.16467022507411644,0.16467022507411644,2.4682739385022192e-06,0.35007228760254183,0.5147425126766583,4.337263017255424e-06,0.01823747584754349,0.2543692450070529,True,0.6516586860659985,0.24707358437080015,0.24707358437080015,0.04244363226784306,0.2895172166386432,0.0,0.0,0.003093546535882623,0.1923106231231083,0.1923106231231083,0.0,0.003069686691119912,0.0,0.001063820768470706,0.0,0.04854988161013851,0.005012145747619282,0.0010868755722141688,2.4682739385022193e-07,4.337263017255424e-08,0.0001823747584754349,0.2543692450070529
0.0,0.0,0.006611281550071161,2525,0.31679668311728815,0.31679668343408485,0.14275400784996156,0.14275400784996156,0.08671238110400754,0.2294663889539691,0.0,0.006447601318630665,1.4955377200913222,0.0,0.01941786557257867,4.588859686123516e-05,0.0,0.00011930045458702778,0.9890775252535413,0.002415228024941364,0.71607191035249,0.1661182210562298,-0.1661182210562298,0.5396296128402814,0.3735113917840516,0.16082106649697955,0.026752867204572595,-0.026752867204572595,0.7298521310757538,0.7030992638711812,0.1266926338017307,0.7088271805497306,0.00010236047599258541,0.9898826645804053,0.5421674410612154,0.5421674410612154,6.303296848414052e-06,0.35007228760254183,0.8922397286637572,1.0318745367257612e-05,0.08904450701409353,0.3328083642266204,True,0.7082506428857918,0.39895547746525994,0.39895547746525994,0.04244363226784306,0.441399109733103,0.0,0.0,0.0013222563100142321,0.31679668311728815,0.31679668311728815,0.0,0.0032238006593153326,0.0,0.0005506631623348219,0.0,0.0007158027275221667,0.008041053324848979,0.001266926338017307,6.303296848414052e-07,1.0318745367257612e-07,0.0008904450701409353,0.3328083642266204
0.0,0.0,0.014260220394078383,2550,0.17338322377525403,0.17338322394863726,0.03576335486064672,0.03576335486064672,0.08671238110400754,0.12247573596465426,0.0,0.00965298304189893,0.9248732532301216,0.0,0.044954782948466956,0.00017295188498886942,0.0,0.0019159212293582797,1.043771237466609,0.004907643341511848,0.71607191035249,0.28618877130483833,-0.28618877130483833,0.5396296128402814,0.2534408415354431,0.0973886390948868,0.07275687496449279,-0.07275687496449279,0.7298521310757538,0.657095256111261,0.21528683051998132,0.7478878635008135,0.0019741325809131457,1.044431211787584,0.09079051306406599,0.09079051306406599,1.4391896807887704e-06,0.35007228760254183,0.4408628006666078,2.92664664988888e-06,0.015195362855459076,0.2018071364449686,True,0.7474152744214095,0.23149341512280588,0.23149341512280588,0.04244363226784306,0.27393704739064895,0.0,0.0,0.002852044078815677,0.17338322377525403,0.17338322377525403,0.0,0.004826491520949465,0.0,0.002075422619866433,0.0,0.011495527376149678,0.0048694319547443405,0.0021528683051998134,1.4391896807887705e-07,2.92664664988888e-08,0.00015195362855459075,0.2018071364449686
0.0,0.0,0.004508024130365245,2575,0.17566515137103939,0.17566515154670453,0.07156895111803895,0.07156895111803895,0.08671238110400754,0.1582813322220465,0.0,0.00838489559104468,1.36405217401076,0.0,0.035827830537230286,0.00031304575395641224,0.0,1.2192893831148772e-06,1.0011042143737132,0.00248902233098588,0.71607191035249,0.2926847533864415,-0.2926847533864415,0.5396296128402814,0.24694485945383993,0.12490250857585886,0.07892323487462338,-0.07892323487462338,0.7298521310757538,0.6509288962011304,0.18649057685819623,0.7173397685479628,3.1348822001571526e-06,1.0017705598550055,0.13508430325869059,0.13508430325869059,5.701480654576317e-06,0.35007228760254183,0.4851565908612324,5.463238258325409e-06,0.03472522865200625,0.1929809770407534,True,0.7168626172595556,0.19755531306612367,0.19755531306612367,0.04244363226784306,0.23999894533396673,0.0,0.0,0.000901604826073049,0.17566515137103939,0.17566515137103939,0.0,0.00419244779552234,0.0,0.003756549047476947,0.0,7.315736298689263e-06,0.006245125428792943,0.0018649057685819622,5.701480654576317e-07,5.4632382583254094e-08,0.00034725228652006255,0.1929809770407534
0.0,0.0,0.05778601699842683,2600,0.20749436655530068,0.20749436676279506,0.028487334000522627,0.028487334000522627,0.08671238110400754,0.11519971510453017,0.0,0.01223187706286569,0.8885506258678064,0.0,0.03544479870229828,0.00017255037256974835,0.0,0.0013781330803162883,1.037123214843495,0.0057304409428864875,0.71607191035249,0.29541127233367614,-0.29541127233367614,0.5396296128402814,0.24421834050660532,0.09358323738122708,0.2780012790502883,-0.2780012790502883,0.7298521310757538,0.45185085202546543,0.33887045280767025,0.7431339625302122,0.001428261880927659,1.0377923521486512,0.057019356687531775,0.057019356687531775,2.406611696645985e-06,0.35007228760254183,0.4070916442900736,3.0920994186506083e-06,0.028115307698265986,0.24385620249543818,True,0.7426548120951296,0.21599605315966217,0.21599605315966217,0.04244363226784306,0.25843968542750523,0.0,0.0,0.011557203399685367,0.20749436655530068,0.20749436655530068,0.0,0.006115938531432845,0.0,0.0020706044708369803,0.0,0.00826879848189773,0.004679161869061354,0.003388704528076703,2.406611696645985e-07,3.092099418650608e-08,0.00028115307698265985,0.24385620249543818
0.0,0.0,0.05030946018447019,2625,0.17698311507658554,0.17698311525356866,0.03928746151462663,0.03928746151462663,0.08671238110400754,0.12599984261863417,0.0,0.007000008084920463,0.933858523523198,0.0,0.026491644693242427,0.00010377051169172865,0.0,0.011545762055089906,1.1074512077879533,0.00362298261019203,0.71607191035249,0.3318499205417025,-0.3318499205417025,0.5396296128402814,0.20777969229857896,0.10023998968695565,0.0986108102612876,-0.0986108102612876,0.7298521310757538,0.6312413208144662,0.22425617548725613,0.7935299221429026,0.011700900615095027,1.108170701278558,0.08960584615361356,0.08960584615361356,2.778611944362545e-06,0.35007228760254183,0.4396781337561554,2.893314680285009e-06,0.013927070152280323,0.26845896836186445,True,0.7930147130574041,0.16490585636416794,0.16490585636416794,0.04244363226784306,0.207349488632011,0.0,0.0,0.01006189203689404,0.17698311507658554,0.17698311507658554,0.0,0.0035000040424602316,0.0,0.0012452461403007439,0.0,0.06927457233053944,0.005011999484347783,0.0022425617548725613,2.778611944362545e-07,2.893314680285009e-08,0.00013927070152280324,0.26845896836186445
0.0,0.0,0.037303058574471026,2650,0.2242216049942364,0.22422160521845802,0.10374610763399973,0.10374610763399973,0.08671238110400754,0.19045848873800728,0.0,0.0118664661504424,1.263990299998174,0.0,0.023740190315660627,0.00013299544064279765,0.0,0.03404564209297555,1.1845146121394605,0.004306404938467352,0.71607191035249,0.3188289851732841,-0.3188289851732841,0.5396296128402814,0.22080062766699732,0.13170157688839135,0.021379299417466968,-0.021379299417466968,0.7298521310757538,0.7084728316582868,0.22120105290867262,0.8488119074911992,0.03436293532316055,1.1853724233082163,0.18420274650818502,0.18420274650818502,3.598256761583392e-06,0.35007228760254183,0.5342750341107269,5.028996047437406e-06,0.05098604034631715,0.45279260752252476,True,0.8481976530002884,0.32337862998834377,0.32337862998834377,0.04244363226784306,0.36582226225618686,0.0,0.0,0.007460611714894205,0.2242216049942364,0.2242216049942364,0.0,0.0059332330752212,0.0,0.0015959452877135718,0.0,0.2042738525578533,0.0065850788444195675,0.002212010529086726,3.598256761583392e-07,5.028996047437406e-08,0.0005098604034631715,0.45279260752252476
0.0,0.0,0.030249851290141638,2675,0.2569000091697573,0.2569000094266573,0.10050132825192241,0.10050132825192241,0.08671238110400754,0.18721370935592996,0.0,0.005851668515428584,1.1901890688261068,0.0,0.03326323344132139,0.00011373724882145678,0.0,0.03908604494546253,1.1977019093116263,0.0035046465021730576,0.71607191035249,0.3345398253089533,-0.3345398253089533,0.5396296128402814,0.20508978753132814,0.11482662509790495,0.041075873627256065,0.041075873627256065,0.7298521310757538,0.7709280047030098,0.1128323282046434,0.8580867262103187,0.039332718245582245,1.1983247797063752,0.21805651176100815,0.21805651176100815,3.6937110139501765e-06,0.35007228760254183,0.56812879936355,4.591952199175318e-06,0.04924875899429022,0.5091194877616406,True,0.85764070621062,0.39841535211800816,0.39841535211800816,0.04244363226784306,0.4408589843858512,0.0,0.0,0.006049970258028328,0.2569000091697573,0.2569000091697573,0.0,0.002925834257714292,0.0,0.0013648469858574814,0.0,0.23451626967277517,0.005741331254895248,0.001128323282046434,3.693711013950177e-07,4.5919521991753185e-08,0.0004924875899429023,0.5091194877616406
0.0,0.0,0.03650022893672129,2700,0.3222496425065085,0.3222496428287581,0.12325827708987848,0.12325827708987848,0.08671238110400754,0.20997065819388602,0.0,0.010136449379164223,1.6331934140103899,0.0,0.03985165030313785,0.00040112610122837645,0.0,0.0029310120537574297,1.0541388220573502,0.004446130186192932,0.71607191035249,0.24408195122644116,-0.24408195122644116,0.5396296128402814,0.2955476616138403,0.15016003043367263,0.27827393492065705,-0.27827393492065705,0.7298521310757538,0.4515781961550967,0.2903408644717945,0.7552233748817465,0.0029893895696666848,1.0546753104213107,0.2534735247913412,0.2534735247913412,4.012771497067302e-06,0.35007228760254183,0.603545812393883,7.020975101696262e-06,0.12021743509355617,0.3686315545249578,True,0.7548392106287185,0.550245717024918,0.550245717024918,0.04244363226784306,0.5926893492927611,0.0,0.0,0.007300045787344259,0.3222496425065085,0.3222496425065085,0.0,0.0050682246895821115,0.0,0.004813513214740517,0.0,0.01758607232254458,0.0075080015216836314,0.0029034086447179454,4.0127714970673024e-07,7.020975101696263e-08,0.0012021743509355617,0.3686315545249578
0.0,0.0,0.028613490514524234,2725,0.09187155816490755,0.09187155825677912,0.006971042237977926,0.006971042237977926,0.08671238110400754,0.09368342334198547,0.0,0.010720860747524343,0.7008990177236822,0.0,0.021169831227854822,7.958914823322799e-05,0.0,0.0008256857803216503,1.028734748655968,0.0037088607271822125,0.71607191035249,0.06974612214290843,0.06974612214290843,0.5396296128402814,0.6093757349831899,0.07773865265384532,0.040826471295256184,-0.040826471295256184,0.7298521310757538,0.6890256597804976,0.18503247208359266,0.7371020725850863,0.0008625247087571817,1.0293687709779824,0.06912668760798096,-0.06912668760798096,9.048476539233414e-07,0.35007228760254183,0.28094559999456087,1.6295102250753783e-06,0.01230276450376503,0.1147242628807367,True,0.7366480670034151,0.17562317444094006,0.17562317444094006,0.04244363226784306,0.21806680670878312,0.0,0.0,0.005722698102904847,0.09187155816490755,0.09187155816490755,0.0,0.005360430373762172,0.0,0.0009550697787987359,0.0,0.004954114681929902,0.003886932632692266,0.0018503247208359267,9.048476539233415e-08,1.629510225075378e-08,0.0001230276450376503,0.1147242628807367
0.0,0.0,0.008664610814445793,2750,0.1480076235181701,0.14800762366617773,0.0638845117262924,0.0638845117262924,0.08671238110400754,0.15059689283029995,0.0,0.009292298357952764,1.0492036320192433,0.0,0.03222152880349455,0.00028245737799811145,0.0,0.0014079482914955658,1.0375226370541246,0.0014953245414340017,0.71607191035249,0.2472967838891726,-0.2472967838891726,0.5396296128402814,0.29233282895110885,0.1218587970841259,0.09352881820171877,-0.09352881820171877,0.7298521310757538,0.636323312874035,0.17485381763831148,0.743397487776412,0.0014562136250159568,1.0381603672023207,0.04528342012828329,0.04528342012828329,2.9002043723018025e-06,0.35007228760254183,0.3953557077308251,3.460869598049347e-06,0.022865842355207538,0.1742943342282611,True,0.7429408271245266,0.1830194666787792,0.1830194666787792,0.04244363226784306,0.22546309894662225,0.0,0.0,0.0017329221628891588,0.1480076235181701,0.1480076235181701,0.0,0.004646149178976382,0.0,0.0033894885359773376,0.0,0.008447689748973395,0.0060929398542062954,0.001748538176383115,2.9002043723018025e-07,3.460869598049347e-08,0.00022865842355207538,0.1742943342282611
0.0,0.0,0.02847635938346381,2775,0.2423805891471178,0.24238058938949839,0.09818463393509717,0.09818463393509717,0.08671238110400754,0.18489701503910472,0.0,0.007450691354213263,1.445518802439695,0.0,0.019614784099086218,9.099812218932711e-05,0.0,0.00015507457318169498,1.0124528941688948,0.002593982105519523,0.71607191035249,0.3682462980651122,-0.3682462980651122,0.5396296128402814,0.17138331477516922,0.1445688504754481,0.12182875530835069,-0.12182875530835069,0.7298521310757538,0.6080233757674031,0.14637715021069167,0.7255059690052663,0.00017357330603744888,1.0131747222375824,0.2954866951846076,0.2954866951846076,7.074611433002404e-06,0.35007228760254183,0.6455589827871494,6.252985178690376e-06,0.034101652657864016,0.26285763214973235,True,0.7249890881939569,0.21527089801752433,0.21527089801752433,0.04244363226784306,0.2577145302853674,0.0,0.0,0.005695271876692762,0.2423805891471178,0.2423805891471178,0.0,0.0037253456771066313,0.0,0.0010919774662719252,0.0,0.0009304474390901699,0.0072284425237724055,0.0014637715021069168,7.074611433002404e-07,6.252985178690377e-08,0.00034101652657864015,0.26285763214973235
0.0,0.0,0.008807422780602953,2800,0.13623569028624608,0.1362356904224818,0.007571554159929189,0.007571554159929189,0.08671238110400754,0.09428393526393673,0.0,0.005855310063461422,0.7760181248125559,0.0,0.010444075454422077,2.1896520787111595e-05,0.0,1.824862092356834e-05,0.9957281595390782,0.0008939244440876344,0.71607191035249,0.2519567479086439,-0.2519567479086439,0.5396296128402814,0.2876728649316375,0.05400366310487838,0.13924264295453526,-0.13924264295453526,0.7298521310757538,0.5906094881212185,0.12822048965919014,0.7134197812682814,1.3717636919032041e-05,0.9962962671641934,0.030062812937982353,-0.030062812937982353,8.532343562877504e-07,0.35007228760254183,0.3200094746645595,1.8856912262080634e-06,0.021972094633158627,0.1454992930275994,True,0.7130129753501983,0.09470479996624495,0.09470479996624495,0.04244363226784306,0.137148432234088,0.0,0.0,0.0017614845561205906,0.13623569028624608,0.13623569028624608,0.0,0.002927655031730711,0.0,0.00026275824944533915,0.0,0.00010949172554141003,0.002700183155243919,0.0012822048965919015,8.532343562877505e-08,1.8856912262080636e-08,0.00021972094633158627,0.1454992930275994
0.0,0.0,0.04567621947564445,2825,0.13156935947017467,0.131569359601744,0.019042371859435428,0.019042371859435428,0.08671238110400754,0.10575475296344297,0.0,0.014029464605209447,0.7322902475320534,0.00021360192779914887,0.09461512667749236,0.0013751957387355327,0.0,0.003081936190199281,1.0555151888243144,0.006566183996159006,0.71607191035249,0.1589828469065479,-0.1589828469065479,0.5396296128402814,0.38064676593373353,0.07195274629396606,0.17072740198106906,-0.17072740198106906,0.7298521310757538,0.5591247290946847,0.249622408925917,0.756208905947042,0.0031417832314160283,1.0560516122106762,0.06738276786265551,0.06738276786265551,1.1482763517557365e-06,0.35007228760254183,0.41745505546519734,1.7086006871280941e-06,0.01445412203017302,0.19023344777862652,True,0.755824788222648,0.16500315512584363,0.16500315512584363,0.04244363226784306,0.2074467873936867,0.0,0.0,0.00913524389512889,0.13156935947017467,0.13156935947017467,0.0,0.0070147323026047235,0.0012816115667948933,0.01650234886482639,0.0,0.01849161714119569,0.003597637314698303,0.00249622408925917,1.1482763517557365e-07,1.7086006871280943e-08,0.0001445412203017302,0.19023344777862652
0.0,0.0,0.007956078213569006,2850,0.2850062748872861,0.2850062751722923,0.04973640089493101,-0.04973640089493101,0.08671238110400754,0.03697598020907653,0.0,0.006725616061233043,1.1840739858834393,0.0,0.014273560518350813,5.20136197432924e-05,0.0,0.3362546173965533,0.42012534337448987,0.0025909420886452055,0.71607191035249,0.3419654665853453,0.3419654665853453,0.5396296128402814,0.8815950794256268,0.05908225100204159,0.4965790977948288,-0.4965790977948288,0.7298521310757538,0.23327303328092497,0.15801740478011758,0.30100251868097616,0.33599139136415496,0.4203523558538731,0.2003445977495782,-0.2003445977495782,2.61290397214725e-06,0.35007228760254183,0.14972768985296364,4.2155023040709056e-06,0.045252868090857636,2.313099285101088,True,0.3008399614189202,0.00019055928594748778,-0.00019055928594748778,0.04244363226784306,0.042253072981895574,0.0,0.0,0.0015912156427138014,0.2850062748872861,0.2850062748872861,0.0,0.0033628080306165216,0.0,0.0006241634369195089,0.0,2.01752770437932,0.00295411255010208,0.001580174047801176,2.61290397214725e-07,4.215502304070906e-08,0.0004525286809085764,2.313099285101088
0.0008059623236730005,0.0,0.04677694628932758,2875,0.3521215523913599,0.35212155274348145,0.17419827729784104,0.17419827729784104,0.08671238110400754,0.26091065840184857,0.0,0.017409870642835185,1.3785377896334472,0.0,0.07152208410305415,0.0010799753300152505,0.0,0.18351754278718801,1.4283894755793938,0.009265400231345694,0.71607191035249,0.44391129568570287,-0.44391129568570287,0.5396296128402814,0.09571831715457854,0.1508850586703321,0.05984424791107912,-0.05984424791107912,0.7298521310757538,0.6700078831646746,0.3000474522947833,1.0235527714468988,0.18438384248746967,1.4293993973999843,0.32685603424991794,0.32685603424991794,6.603436494124535e-06,0.35007228760254183,0.6769283218524598,5.705849381503757e-06,0.03233633012402488,1.4983394951084938,True,1.0228295947894226,0.5311586016886863,0.5311586016886863,0.04244363226784306,0.5736022339565294,0.003223849294692002,0.0,0.009355389257865518,0.3521215523913599,0.3521215523913599,0.0,0.008704935321417593,0.0,0.012959703960183006,0.0,1.101105256723128,0.007544252933516606,0.003000474522947833,6.603436494124535e-07,5.705849381503757e-08,0.0003233633012402488,1.4983394951084938
0.0016779058376197669,0.0,0.03338217243388809,2900,0.6061413020718208,0.6061413026779622,0.23571833816007404,0.23571833816007404,0.08671238110400754,0.32243071926408157,0.0,0.006843602009457864,1.3900200460920156,0.0,0.051638611611627264,0.0004006415079117584,0.005583350771625523,0.19444770498373365,1.4409622489326424,0.003873381393270533,0.71607191035249,0.4371047407094918,-0.4371047407094918,0.5396296128402814,0.10252487213078962,0.1528022210880949,0.035954367009246146,-0.035954367009246146,0.7298521310757538,0.6938977640665076,0.20104800781022059,1.0323933646225076,0.19513895818088872,1.441745354453093,0.8169925869372542,0.8169925869372542,6.895553508317782e-06,0.35007228760254183,1.167064874539796,6.639449796597941e-06,0.036500045186717886,1.8058572741382786,True,1.03183260474864,0.9600224482518954,0.9600224482518954,0.04244363226784306,1.0024660805197385,0.0067116233504790675,0.0,0.0066764344867776175,0.6061413020718208,0.6061413020718208,0.0,0.003421801004728932,0.0,0.004807698094941101,0.0013958376929063807,1.166686229902402,0.007640111054404746,0.002010480078102206,6.895553508317783e-07,6.639449796597941e-08,0.00036500045186717886,1.8058572741382786
0.012336903202367458,0.0,0.0209382597074849,2925,0.27593302007851633,0.2759330203544494,0.12340601432471561,0.12340601432471561,0.08671238110400754,0.21011839542872315,0.0,0.007053801707682739,0.92478070721085,0.0,0.06938069126392803,0.00047006004438181,0.0,0.2611941935589564,1.5110716129457362,0.002323608208797168,0.71607191035249,0.4528705573104295,-0.4528705573104295,0.5396296128402814,0.0867590555298519,0.08273888444406938,0.0412039707433739,-0.0412039707433739,0.7298521310757538,0.6886481603323799,0.15977467720841368,1.0825957414333285,0.2619938659271416,1.5118533636962266,0.26194450725449625,0.26194450725449625,7.888104414413799e-07,0.35007228760254183,0.6120167948570381,2.821937461413607e-06,0.03661792891327307,1.911902044953484,True,1.0820359516721878,0.30010278318211625,0.30010278318211625,0.04244363226784306,0.3425464154499593,0.04934761280946983,0.0,0.004187651941496981,0.27593302007851633,0.27593302007851633,0.0,0.0035269008538413695,0.0,0.00564072053258172,0.0,1.5671651613537385,0.004136944222203469,0.0015977467720841368,7.8881044144138e-08,2.821937461413607e-08,0.0003661792891327307,1.911902044953484
0.15130181672012627,0.0,0.021457741594612962,2950,0.4867335432703352,0.4867335437570688,0.23606355040498622,0.23606355040498622,0.08671238110400754,0.32277593150899375,0.0,0.00842980641613401,0.9914046993231106,0.0,0.06025141139406341,0.0008657942137928953,0.0002681588290974234,0.6224820903572589,1.7889753420464158,0.0032376892592367893,0.71607191035249,0.5762464688698086,-0.5762464688698086,0.5396296128402814,-0.03661685602952713,0.10856648649159968,0.0033071357596416995,0.0033071357596416995,0.7298521310757538,0.7331592668353955,0.19267620851012507,1.2820549774612087,0.6247317433424027,1.790399736426071,0.5515744172634408,0.5515744172634408,2.3124576190948274e-06,0.35007228760254183,0.9016467048659826,3.4475407679062954e-06,0.025593293839875693,4.853407659163421,True,1.2810350086424296,0.7017951591813698,0.7017951591813698,0.04244363226784306,0.7442387914492129,0.6052072668805051,0.0,0.004291548318922592,0.4867335432703352,0.4867335432703352,0.0,0.004214903208067005,0.0,0.010389530565514744,6.703970727435586e-05,3.7348925421435535,0.005428324324579984,0.0019267620851012507,2.3124576190948277e-07,3.4475407679062956e-08,0.0002559329383987569,4.853407659163421
0.0,0.0,0.03613848750504921,2975,0.21337019877321378,0.21337019898658396,0.052834679401629156,-0.052834679401629156,0.08671238110400754,0.03387770170237839,0.0,0.013875845709734071,0.9324686105936684,0.0,0.012560567667045313,3.656513751583246e-05,0.0,0.23393048228539198,0.5163363955336395,0.00511835317140209,0.71607191035249,0.3164817668127743,0.3164817668127743,0.5396296128402814,0.8561113796530557,0.05259971798725551,0.3176090128610638,-0.3176090128610638,0.7298521310757538,0.41224311821468995,0.25275934595501376,0.3698910335059319,0.23371838926093075,0.5165557020080486,0.1542878936464519,-0.1542878936464519,1.3639471061764767e-06,0.35007228760254183,0.19578439395608993,2.643601384620147e-06,0.014293101853879834,1.6368581676998086,True,0.3697339942976561,0.0013258314469642013,-0.0013258314469642013,0.04244363226784306,0.04111780082087886,0.0,0.0,0.007227697501009842,0.21337019877321378,0.21337019877321378,0.0,0.006937922854867036,0.0,0.00043878165018998953,0.0,1.4035828937123518,0.0026299858993627757,0.002527593459550138,1.3639471061764767e-07,2.6436013846201472e-08,0.00014293101853879835,1.6368581676998086
0.0,0.0,0.008168838887540424,3000,0.2079968829029104,0.20799688311090728,0.02668847117052972,-0.02668847117052972,0.08671238110400754,0.06002390993347782,0.0,0.010150939263924033,0.8881239198489786,0.0,0.022028641503904375,0.00010160174774095747,0.0,0.05043461491366004,0.7754234764859425,0.002902285313755708,0.71607191035249,0.0963147667364902,-0.0963147667364902,0.5396296128402814,0.44331484610379124,0.06471669717108748,0.4366876363889618,-0.4366876363889618,0.7298521310757538,0.29316449468679195,0.1756705804681711,0.555483335514746,0.050293985723818796,0.7757367936467982,0.11943692262817757,-0.11943692262817757,1.2728768039395194e-06,0.35007228760254183,0.23063536497436427,3.0549350692892412e-06,0.020803722065902832,0.5237337664881584,True,0.5552589778936927,0.03692475961289453,0.03692475961289453,0.04244363226784306,0.07936839188073759,0.0,0.0,0.001633767777508085,0.2079968829029104,0.2079968829029104,0.0,0.0050754696319620166,0.0,0.0012192209728914896,0.0,0.30260768948196026,0.0032358348585543742,0.0017567058046817111,1.2728768039395195e-07,3.054935069289241e-08,0.00020803722065902832,0.5237337664881584
0.0,0.0,0.02039759308134144,3025,0.22158181139333782,0.22158181161491963,0.07085842779045136,0.07085842779045136,0.08671238110400754,0.1575708088944589,0.0,0.013401860769524552,1.4075904364412417,0.0,0.02433372862540333,9.754910510111023e-05,0.0,0.0009793085452436373,0.968706094119723,0.0028505585417749474,0.71607191035249,0.28995658854056394,-0.28995658854056394,0.5396296128402814,0.24967302429971752,0.09671279177544066,0.13379732772368946,-0.13379732772368946,0.7298521310757538,0.5960548033520643,0.29077164000472044,0.6942176717693056,0.0009314476892333363,0.969480372065942,0.2394819373779985,0.2394819373779985,1.466869305879448e-06,0.35007228760254183,0.5895542249805403,8.870812782048764e-06,0.06175307841234528,0.2477698230950446,True,0.69366323307347,0.28485686393241816,0.28485686393241816,0.04244363226784306,0.3273004962002612,0.0,0.0,0.004079518616268288,0.22158181139333782,0.22158181139333782,0.0,0.006700930384762276,0.0,0.0011705892612133228,0.0,0.005875851271461823,0.004835639588772034,0.0029077164000472044,1.4668693058794482e-07,8.870812782048764e-08,0.0006175307841234528,0.2477698230950446
0.0,0.0,0.024306519311042305,3050,0.05866894038887252,0.058668940447541465,0.0056186923650471815,0.0056186923650471815,0.08671238110400754,0.09233107346905473,0.0,0.0029551253735582324,0.7041546756685796,0.0,0.010133704654151442,2.039329205283628e-05,0.0,0.0010496637657003635,0.9676014851312539,0.0012411524858766277,0.71607191035249,0.06406591639603626,-0.06406591639603626,0.5396296128402814,0.4755636964442452,0.061728320115886075,0.07717572805367601,-0.07717572805367601,0.7298521310757538,0.6526764030220777,0.06432388041190017,0.6932362277258474,0.0010169862697761267,0.9681097778343247,0.015895406061130324,-0.015895406061130324,1.8081875738430951e-06,0.35007228760254183,0.3341768815414115,1.861558302888807e-06,0.0105892103457987,0.07538625538440802,True,0.6928722535938583,0.08285803874196945,0.08285803874196945,0.04244363226784306,0.12530167100981252,0.0,0.0,0.004861303862208462,0.05866894038887252,0.05866894038887252,0.0,0.0014775626867791162,0.0,0.00024471950463403536,0.0,0.006297982594202181,0.003086416005794304,0.0006432388041190017,1.8081875738430953e-07,1.861558302888807e-08,0.000105892103457987,0.07538625538440802
0.0,0.0,0.024553424930876668,3075,0.1401429839711441,0.1401429841112871,0.003920391465690898,-0.003920391465690898,0.08671238110400754,0.08279198963831665,0.0,0.004507786026195756,0.865635555216943,0.0,0.01899544706069531,7.243693566589075e-05,0.0,0.0042868144654133016,0.9345262307071504,0.0035209906535477384,0.71607191035249,0.2609984090833946,-0.2609984090833946,0.5396296128402814,0.2786312037568868,0.07219737571034508,0.0544618383395149,-0.0544618383395149,0.7298521310757538,0.6753902927362389,0.15655333728599807,0.6695983860189365,0.004212094598082837,0.9350993482460859,0.07893750022021034,-0.07893750022021034,1.086979684218088e-06,0.35007228760254183,0.2711347873823315,2.605227052818175e-06,0.04197110902932696,0.1794929399897973,True,0.6691879926422433,0.14445594549356533,0.14445594549356533,0.04244363226784306,0.1868995777614084,0.0,0.0,0.004910684986175334,0.1401429839711441,0.1401429839711441,0.0,0.002253893013097878,0.0,0.0008692432279906891,0.0,0.02572088679247981,0.003609868785517254,0.0015655333728599808,1.086979684218088e-07,2.6052270528181748e-08,0.00041971109029326957,0.1794929399897973
0.0,0.0,0.05140878462486488,3100,0.1260889798553375,0.12608897998142649,0.01415602532086846,0.01415602532086846,0.08671238110400754,0.100868406424876,0.0,0.00886437750795559,0.8787079169177583,0.0,0.012704637454756725,2.7158027487871744e-05,0.0,3.5998740069571536e-07,0.9994000104995121,0.0023332543005105053,0.71607191035249,0.2494304344908722,-0.2494304344908722,0.5396296128402814,0.2901991783494092,0.05812697716057936,0.0161926693291905,-0.0161926693291905,0.7298521310757538,0.7136594617465633,0.2669435290909341,0.7161309767568438,6.801750780401883e-09,1.0000824727274946,0.08659638144632442,-0.08659638144632442,4.208891078234318e-07,0.35007228760254183,0.2634759061562174,2.775887058182726e-06,0.07463848163546664,0.14745322060162128,True,0.7156422847186843,0.09651468199704466,0.09651468199704466,0.04244363226784306,0.13895831426488772,0.0,0.0,0.010281756924972976,0.1260889798553375,0.1260889798553375,0.0,0.004432188753977795,0.0,0.0003258963298544609,0.0,2.159924404174292e-06,0.002906348858028968,0.0026694352909093413,4.208891078234318e-08,2.775887058182726e-08,0.0007463848163546665,0.14745322060162128
0.0,0.0,0.03146476106867992,3125,0.21012394430753045,0.2101239445176544,0.022008016114104065,-0.022008016114104065,0.08671238110400754,0.06470436498990348,0.0,0.008378933009128498,1.0614838481641409,0.0,0.023036279102882605,0.00012043202829228506,0.0,0.06584705539051605,0.7433931891190024,0.0030268499313012543,0.71607191035249,0.18241657483541274,0.18241657483541274,0.5396296128402814,0.7220461876756942,0.06546191877443974,0.4174775039585019,-0.4174775039585019,0.7298521310757538,0.31237462711725184,0.15167465801941188,0.5325449782097003,0.06568804996697813,0.7437031994601218,0.0978906570610596,-0.0978906570610596,2.982446576788022e-06,0.35007228760254183,0.25218163054148224,3.4416342077817944e-06,0.02120895666339839,0.6221361444549842,True,0.5323229885094058,0.05594777653367626,0.05594777653367626,0.04244363226784306,0.09839140880151932,0.0,0.0,0.006292952213735984,0.21012394430753045,0.21012394430753045,0.0,0.004189466504564249,0.0,0.0014451843395074208,0.0,0.3950823323430963,0.0032730959387219875,0.001516746580194119,2.982446576788022e-07,3.441634207781795e-08,0.0002120895666339839,0.6221361444549842
0.0,0.0,0.024264510272195904,3150,0.25257303528426894,0.25257303553684196,0.0972220469067621,0.0972220469067621,0.08671238110400754,0.18393442801076965,0.0,0.01010631211945021,1.3715277016615106,0.0,0.018206682280642587,6.438121157160291e-05,0.0,0.0006688182174760743,0.9741384799851966,0.0019750823848807167,0.71607191035249,0.27034794088134956,-0.27034794088134956,0.5396296128402814,0.2692816719589319,0.09074431149546634,0.10046347102177866,-0.10046347102177866,0.7298521310757538,0.6293886600539751,0.16466538252691687,0.6981706079986696,0.0006249660894115266,0.9750006782209691,0.41098644090030223,0.41098644090030223,6.7640080338325095e-06,0.35007228760254183,0.7610587285028441,7.908794066458659e-06,0.03635045820322998,0.27381270671296776,True,0.6975532120522554,0.23963053278809535,0.23963053278809535,0.04244363226784306,0.2820741650559384,0.0,0.0,0.0048529020544391815,0.25257303528426894,0.25257303528426894,0.0,0.005053156059725105,0.0,0.0007725745388592348,0.0,0.004012909304856446,0.004537215574773317,0.0016466538252691686,6.76400803383251e-07,7.908794066458658e-08,0.00036350458203229975,0.27381270671296776
0.0,0.0,0.039921563398210874,3175,0.12344583916759712,0.12344583929104296,0.00448524244379972,-0.00448524244379972,0.08671238110400754,0.08222713866020782,0.0,0.00653873819013568,0.9510995743479562,0.0,0.014400039443030959,3.818297538270579e-05,0.0,0.029373487049275865,0.8286130487776976,0.002165928589342534,0.71607191035249,0.23906786797066698,-0.23906786797066698,0.5396296128402814,0.30056174486961446,0.04902386145117767,0.09832359799765755,-0.09832359799765755,0.7298521310757538,0.6315285330780962,0.19998395565023694,0.5938038502289232,0.029154985312976268,0.8292516901607039,0.02566907615463976,-0.02566907615463976,2.0171095871657113e-06,0.35007228760254183,0.3244032114479021,2.654263059659295e-06,0.020523468591366972,0.316055134511119,True,0.5933465370673774,0.09324366949928795,0.09324366949928795,0.04244363226784306,0.135687301767131,0.0,0.0,0.007984312679642174,0.12344583916759712,0.12344583916759712,0.0,0.00326936909506784,0.0,0.0004581957045924695,0.0,0.1762409222956552,0.0024511930725588833,0.0019998395565023696,2.0171095871657114e-07,2.654263059659295e-08,0.00020523468591366971,0.316055134511119
0.0,0.0,0.04827781154481864,3200,0.17872176003289583,0.1787217602116176,0.025039628968258065,-0.025039628968258065,0.08671238110400754,0.06167275213574948,0.0,0.012774142699067218,0.9512534932541374,0.0,0.013548344711715555,5.5390433117924246e-05,0.0,0.20485104766584578,0.5473952633192558,0.004573558755699371,0.71607191035249,0.21604007662477565,0.21604007662477565,0.5396296128402814,0.7556696894650571,0.07261396342184091,0.32763820372969626,-0.32763820372969626,0.7298521310757538,0.4022139273460575,0.2787546140158503,0.3921261831854609,0.20465919004440447,0.5476072612824069,0.04441884912103816,-0.04441884912103816,2.930147048362658e-06,0.35007228760254183,0.30565343848150367,3.324878455567608e-06,0.045433094286115076,1.431408266401484,True,0.39197437739687646,0.05556269826356708,0.05556269826356708,0.04244363226784306,0.09800633053141014,0.0,0.0,0.009655562308963729,0.17872176003289583,0.17872176003289583,0.0,0.006387071349533609,0.0,0.0006646851974150909,0.0,1.2291062859950745,0.003630698171092046,0.002787546140158503,2.9301470483626585e-07,3.324878455567608e-08,0.0004543309428611508,1.431408266401484
0.0,0.0,0.034312608861561074,3225,0.24522358516185716,0.24522358540708075,0.10302152796286544,0.10302152796286544,0.08671238110400754,0.18973390906687299,0.0,0.004454625394315054,1.8396728747322033,0.0,0.035186588118607504,0.00019426614613788346,0.0,0.005817968565682395,1.0762756092449113,0.002862852128857528,0.71607191035249,0.3328454555542806,-0.3328454555542806,0.5396296128402814,0.20678415728600089,0.09813241467406505,0.16760702707133712,-0.16760702707133712,0.7298521310757538,0.5622451040044166,0.13678917532554594,0.7712908455949076,0.005946516265853417,1.0771136581018785,0.271204772705405,0.271204772705405,3.4876688882926155e-06,0.35007228760254183,0.6212770603079468,8.995425613655448e-06,0.07091476973783525,0.2985365236845579,True,0.7706907423405498,0.2786204540781182,0.2786204540781182,0.04244363226784306,0.3210640863459613,0.0,0.0,0.006862521772312215,0.24522358516185716,0.24522358516185716,0.0,0.002227312697157527,0.0,0.0023311937536546015,0.0,0.034907811394094365,0.004906620733703253,0.0013678917532554593,3.4876688882926157e-07,8.995425613655448e-08,0.0007091476973783526,0.2985365236845579
0.0,0.0,0.043064625032647616,3250,0.4441001963907215,0.4441001968348217,0.18135813088577907,0.18135813088577907,0.08671238110400754,0.2680705119897866,0.0,0.008036905532217158,1.5832370776318616,0.0,0.04327356680798998,0.00024159791566485175,0.00032216374177321835,0.0477184186843789,1.218445459289908,0.0044581622253062,0.71607191035249,0.4307605191499274,-0.4307605191499274,0.5396296128402814,0.10886909369035401,0.1008245413794215,0.06051782492527247,-0.06051782492527247,0.7298521310757538,0.6693343061504813,0.1765210698443843,0.8731636112368056,0.04812748207225085,1.2193797667795525,0.6900627184254394,0.6900627184254394,2.4201261687097513e-06,0.35007228760254183,1.0401350060279813,1.036008046294786e-05,0.05393572904631939,0.7533679428643539,True,0.8724945798784962,0.5364984297764024,0.5364984297764024,0.04244363226784306,0.5789420620442455,0.0,0.0,0.008612925006529524,0.4441001963907215,0.4441001963907215,0.0,0.004018452766108579,0.0,0.002899174987978221,8.054093544330459e-05,0.2863105121062734,0.005041227068971075,0.0017652106984438428,2.420126168709751e-07,1.0360080462947859e-07,0.0005393572904631939,0.7533679428643539
0.0,0.0,0.04358822115359246,3275,0.1317090075368958,0.1317090076686048,0.019565550147136762,0.019565550147136762,0.08671238110400754,0.1062779312511443,0.0,0.020208886750068728,0.8684997863917687,8.250046368284218e-06,0.0828722893949399,0.0014278557140576438,0.0,9.61436270875305e-06,0.9968992964171413,0.010850666184912646,0.71607191035249,0.23284110650724754,0.23284110650724754,0.5396296128402814,0.772470719347529,0.05640056764546193,0.11879171833847346,-0.11879171833847346,0.7298521310757538,0.6110604127372803,0.31295368307780264,0.7142444731863071,6.512929421015461e-06,0.9974479558348227,0.0027528288509783283,0.0027528288509783283,1.7489558005784738e-06,0.35007228760254183,0.35282511645352016,2.2587709542273497e-06,0.013216166009255112,0.17385447452223585,True,0.7138515935834685,0.13423662488558585,0.13423662488558585,0.04244363226784306,0.17668025715342892,0.0,0.0,0.008717644230718493,0.1317090075368958,0.1317090075368958,0.0,0.010104443375034364,4.950027820970531e-05,0.017134268568691727,0.0,5.76861762525183e-05,0.002820028382273097,0.0031295368307780263,1.748955800578474e-07,2.2587709542273497e-08,0.00013216166009255112,0.17385447452223585
0.0,0.0,0.01157224647010026,3300,0.09704975482989563,0.09704975492694538,0.029289948378232677,-0.029289948378232677,0.08671238110400754,0.057422432725774866,0.0,0.004095285157835259,0.34414269846470147,0.0,0.011202001976780196,3.170715671434027e-05,0.0,0.011052855017799314,0.8948674407340936,0.0008962007567288131,0.71607191035249,0.10427107929558505,-0.10427107929558505,0.5396296128402814,0.4353585335446964,0.04326665405534499,0.10950120246308681,-0.10950120246308681,0.7298521310757538,0.6203509286126669,0.076681977307891,0.6410392162108689,0.010979635158845147,0.8952162457303369,0.14015192853912695,-0.14015192853912695,1.3818949010226417e-07,0.35007228760254183,0.20992035906341489,4.4449612993528486e-07,0.0050964693311034166,0.17109059812326877,True,0.6407894467473805,0.06107240939521387,0.06107240939521387,0.04244363226784306,0.10351604166305693,0.0,0.0,0.0023144492940200523,0.09704975482989563,0.09704975482989563,0.0,0.0020476425789176297,0.0,0.0003804858805720832,0.0,0.06631713010679588,0.0021633327027672494,0.0007668197730789101,1.3818949010226417e-08,4.444961299352849e-09,5.096469331103417e-05,0.17109059812326877
0.0,0.0,0.03910754711606406,3325,0.21694633317414042,0.21694633339108674,0.027765087490042265,0.027765087490042265,0.08671238110400754,0.11447746859404981,0.0,0.005427185738088857,0.6495541837329916,0.0,0.02638098891140196,8.300331252768437e-05,0.0,0.011140042755374918,1.1055464009588907,0.0026108677799425153,0.71607191035249,0.4323107686002363,-0.4323107686002363,0.5396296128402814,0.10731884424004515,0.06695613789678212,0.03522515644799962,-0.03522515644799962,0.7298521310757538,0.6946269746277541,0.1095076822833246,0.7920058019423248,0.011244959967947494,1.106042255577423,0.09814394837053153,0.09814394837053153,1.1230052901035456e-06,0.35007228760254183,0.44821623597307336,1.7327535448899038e-06,0.01223102922478347,0.29988305538696397,True,0.7916507343734167,0.191812436717702,0.191812436717702,0.04244363226784306,0.23425606898554507,0.0,0.0,0.007821509423212813,0.21694633317414042,0.21694633317414042,0.0,0.0027135928690444283,0.0,0.0009960397503322124,0.0,0.06684025653224951,0.003347806894839106,0.001095076822833246,1.1230052901035456e-07,1.732753544889904e-08,0.0001223102922478347,0.29988305538696397
0.0,0.0,0.005090172742001575,3350,0.28599908086788955,0.28599908115388867,0.10385146215520087,0.10385146215520087,0.08671238110400754,0.19056384325920842,0.0,0.00668992042090685,0.945142052505978,0.0,0.04545520368734473,0.000211418683840473,0.0,0.12341351823645036,1.3513026020917727,0.0017558786942930692,0.71607191035249,0.3964977244511958,-0.3964977244511958,0.5396296128402814,0.14313188838908564,0.07080649006387497,0.014192900108714435,0.014192900108714435,0.7298521310757538,0.7440450311844682,0.1200394088587291,0.9682764413637384,0.12404876564664052,1.3522055729920248,0.3263940128889137,0.3263940128889137,1.8117944937995307e-06,0.35007228760254183,0.6764663004914555,2.6682901779943804e-06,0.024863671285789646,1.0383697724185212,True,0.9676298492571723,0.36639774883911214,0.36639774883911214,0.04244363226784306,0.4088413811069552,0.0,0.0,0.001018034548400315,0.28599908086788955,0.28599908086788955,0.0,0.003344960210453425,0.0,0.002537024206085676,0.0,0.7404811094187022,0.003540324503193749,0.001200394088587291,1.811794493799531e-07,2.6682901779943805e-08,0.00024863671285789646,1.0383697724185212
0.0,0.0,0.020753520649472477,3375,0.23071077903852016,0.23071077926923095,0.07684377237534716,0.07684377237534716,0.08671238110400754,0.1635561534793547,0.0,0.008996887792591108,1.3930434194731955,0.0,0.03822460322493145,0.00019294080924675216,0.0,0.004638820121338154,0.9318911156945134,0.0036827776655099626,0.71607191035249,0.2830799691610109,-0.2830799691610109,0.5396296128402814,0.2565496436792705,0.12618997678165436,0.12830185546166895,-0.12830185546166895,0.7298521310757538,0.6015502756140848,0.13770310615011563,0.6679356971131978,0.004518879258691315,0.9327773902716406,0.3131511278198854,0.3131511278198854,5.453498418670902e-06,0.35007228760254183,0.6632234154224272,7.99837758665833e-06,0.049646007513118914,0.277691752813033,True,0.6673010607747947,0.2560724293871419,0.2560724293871419,0.04244363226784306,0.298516061654985,0.0,0.0,0.004150704129894495,0.23071077903852016,0.23071077903852016,0.0,0.004498443896295554,0.0,0.002315289710961026,0.0,0.027832920728028926,0.006309498839082718,0.0013770310615011563,5.453498418670902e-07,7.998377586658329e-08,0.0004964600751311891,0.277691752813033
0.0,0.0,0.03578424491032293,3400,0.1865220804308748,0.18652208061739686,0.035264136145951974,0.035264136145951974,0.08671238110400754,0.12197651724995952,0.0,0.00486632648766105,0.3052938493320669,0.0,0.046564929790206114,0.00024318012005733166,0.0,0.11606739593889041,1.3406866535966597,0.0010536026715066878,0.71607191035249,0.3598407823546842,-0.3598407823546842,0.5396296128402814,0.17978883048559724,0.06744275705955105,0.057879564453496735,-0.057879564453496735,0.7298521310757538,0.671972566622257,0.11801548725552298,0.9604511892099745,0.11647036447143436,1.3412775475641994,0.03709063325574247,-0.03709063325574247,5.921568069267839e-08,0.35007228760254183,0.31298165434679937,4.604457256550794e-07,0.00362873209365919,0.9000232203032951,True,0.9600280666319136,0.19620837339120772,0.19620837339120772,0.04244363226784306,0.2386520056590508,0.0,0.0,0.007156848982064586,0.1865220804308748,0.1865220804308748,0.0,0.002433163243830525,0.0,0.00291816144068798,0.0,0.6964043756333425,0.0033721378529775526,0.0011801548725552298,5.9215680692678394e-09,4.6044572565507936e-09,3.6287320936591904e-05,0.9000232203032951
0.0,0.0,0.028498392051193467,3425,0.17397912609129285,0.17397912626527196,0.0010295639675372975,0.0010295639675372975,0.08671238110400754,0.08774194507154484,0.0,0.006704931835685439,0.7763213348039031,0.0,0.022050543496725583,0.00012719237073750833,0.0,0.01469617113003657,0.8787722344921075,0.0010445780528457681,0.71607191035249,0.2567569179812422,-0.2567569179812422,0.5396296128402814,0.2828726948590392,0.07015502216040582,0.2555736721709665,-0.2555736721709665,0.7298521310757538,0.47427845890478726,0.1801009904489293,0.6296039536520289,0.014581332236992971,0.879246812725324,0.014890711671705081,0.014890711671705081,2.293515313155297e-06,0.35007228760254183,0.3649629992742469,2.3127765076516336e-06,0.0350303765848292,0.27839392290609805,True,0.629264121505212,0.14099245279767678,0.14099245279767678,0.04244363226784306,0.18343608506551984,0.0,0.0,0.005699678410238693,0.17397912609129285,0.17397912609129285,0.0,0.0033524659178427196,0.0,0.0015263084488501,0.0,0.08817702678021941,0.0035077511080202914,0.001801009904489293,2.293515313155297e-07,2.3127765076516336e-08,0.000350303765848292,0.27839392290609805
0.0,0.0,0.026366417718633555,3450,0.22483420476860078,0.22483420499343498,0.13573390542193348,0.13573390542193348,0.08671238110400754,0.22244628652594103,0.0,0.011881209903323236,1.8714450346560814,0.0,0.02448217702579611,9.952187395794086e-05,0.0,0.0002541596920621017,1.015942386648871,0.003762512753550558,0.71607191035249,0.024878048324076918,0.024878048324076918,0.5396296128402814,0.5645076611643584,0.08678445096759757,0.013479319213793417,-0.013479319213793417,0.7298521310757538,0.7163728118619603,0.2309925120269815,0.7279455850453493,0.00027495161387895386,1.0165816649911568,0.42190175120726137,0.42190175120726137,1.0224829221792143e-05,0.35007228760254183,0.7719740388098032,9.160221235931271e-06,0.05355939640380254,0.2459531696216793,True,0.727487815775149,0.23564105878947103,0.23564105878947103,0.04244363226784306,0.2780846910573141,0.0,0.0,0.005273283543726711,0.22483420476860078,0.22483420476860078,0.0,0.005940604951661618,0.0,0.0011942624874952904,0.0,0.00152495815237261,0.004339222548379879,0.0023099251202698154,1.0224829221792144e-06,9.160221235931272e-08,0.0005355939640380254,0.2459531696216793
0.0,0.0,0.049411505740491156,3475,0.1232692527781501,0.12326925290141935,0.019918076772990373,0.019918076772990373,0.08671238110400754,0.10663045787699792,0.0,0.011204163646566356,0.9603591647317486,0.0,0.03436784618246842,7.4871709794346e-05,0.0,3.746539203840588e-05,0.9938791020235258,0.005756520321677945,0.71607191035249,0.22605982395818003,-0.22605982395818003,0.5396296128402814,0.3135697888821014,0.08599022656776092,0.018527417919857903,-0.018527417919857903,0.7298521310757538,0.7113247131558958,0.21130096940965246,0.7121259226449634,3.0366893718251996e-05,0.9944893835446248,0.034234854521074776,-0.034234854521074776,2.1155886822685555e-06,0.35007228760254183,0.31583743308146706,3.4537686849111946e-06,0.041838167875701146,0.14670803741709076,True,0.7116889171841945,0.15153045662564374,0.15153045662564374,0.04244363226784306,0.1939740888934868,0.0,0.0,0.009882301148098231,0.1232692527781501,0.1232692527781501,0.0,0.005602081823283178,0.0,0.000898460517532152,0.0,0.00022479235223043527,0.004299511328388047,0.0021130096940965245,2.1155886822685556e-07,3.4537686849111944e-08,0.0004183816787570115,0.14670803741709076
0.0,0.0,0.01437978579174838,3500,0.21038206852505542,0.2103820687354375,0.01067551890134008,0.01067551890134008,0.08671238110400754,0.09738790000534762,0.0,0.008822411212254959,0.6289378238174919,0.0,0.027719083032639057,0.0001612465383505007,0.0,0.015273457248576167,1.1235858294812806,0.004988572829314322,0.71607191035249,0.32746458212857166,-0.32746458212857166,0.5396296128402814,0.21216503071170978,0.07114725306370813,0.2578461229466898,-0.2578461229466898,0.7298521310757538,0.47200600812906396,0.1877001110445525,0.8049057448725151,0.01539017053625611,1.1240571261002612,0.08063766902189273,-0.08063766902189273,6.622532383726146e-07,0.35007228760254183,0.2694346185806491,1.2744111128232871e-06,0.007801115166702066,0.31675738712592855,True,0.8045682625975059,0.20240799932471792,0.20240799932471792,0.04244363226784306,0.244851631592561,0.0,0.0,0.002875957158349676,0.21038206852505542,0.21038206852505542,0.0,0.0044112056061274794,0.0,0.0019349584602060084,0.0,0.09164074349145701,0.0035573626531854065,0.001877001110445525,6.622532383726146e-08,1.2744111128232871e-08,7.801115166702067e-05,0.31675738712592855
0.09678059376530965,0.0,0.015917031581922533,3525,0.3633103793265145,0.3633103796898249,0.13191923592964994,0.13191923592964994,0.08671238110400754,0.21863161703365747,0.0,0.010765996834861447,0.4244907281955426,1.0055498191184903e-05,0.08317104055338069,0.0011167608612592137,0.0,0.5056572298921227,1.7110957951585164,0.003824255183362828,0.71607191035249,0.5109537009543738,-0.5109537009543738,0.5396296128402814,0.028675911885907644,0.08889258087711498,0.021762130633910415,-0.021762130633910415,0.7298521310757538,0.7080900004418433,0.2623407837360051,1.2260480270978853,0.5072083218972958,1.7121855951206089,0.30433337483981693,0.30433337483981693,6.046540043569647e-07,0.35007228760254183,0.6544056624423588,7.114838298819057e-07,0.010932390735343614,3.8135814301673703,True,1.2252676519462298,0.5370320262828553,0.5370320262828553,0.04244363226784306,0.5794756585506984,0.3871223750612386,0.0,0.003183406316384507,0.3633103793265145,0.3633103793265145,0.0,0.005382998417430724,6.033298914710941e-05,0.013401130335110565,0.0,3.033943379352736,0.004444629043855749,0.002623407837360051,6.046540043569648e-08,7.1148382988190575e-09,0.00010932390735343614,3.8135814301673703
0.0,0.0,0.014068494664029044,3550,0.16822675744969834,0.16822675761792508,0.009321132369218055,0.009321132369218055,0.08671238110400754,0.0960335134732256,0.0,0.013919192688638745,0.36131718049121825,0.0,0.055912191157659975,0.00038036152771581165,0.0,0.005463304641072221,1.0739141707730813,0.0022114724149130552,0.71607191035249,0.30283126856259046,-0.30283126856259046,0.5396296128402814,0.23679834427769098,0.03991399345550041,0.11402382221864693,-0.11402382221864693,0.7298521310757538,0.6158283088571068,0.33862179068423426,0.7693150988111175,0.005528593509566284,1.0743545123685596,0.000664962929613655,0.000664962929613655,2.3918424659933754e-07,0.35007228760254183,0.3507372505321555,5.066132562774494e-07,0.004464276048467294,0.22077080823050585,True,0.7689997825592322,0.19158725154947273,0.19158725154947273,0.04244363226784306,0.2340308838173158,0.0,0.0,0.002813698932805809,0.16822675744969834,0.16822675744969834,0.0,0.006959596344319373,0.0,0.00456433833258974,0.0,0.032779827846433324,0.0019956996727750207,0.0033862179068423425,2.3918424659933754e-08,5.066132562774494e-09,4.464276048467294e-05,0.22077080823050585
0.0,0.0,0.02392176746272206,3575,0.145388327146678,0.1453883272920663,0.033678095580855064,0.033678095580855064,0.08671238110400754,0.12039047668486261,0.0,0.008681105447768431,1.008785972394656,0.0,0.0090847914040344,1.8639250679294907e-05,0.0,0.00012647682570171678,0.9887538083912056,0.0013570122424083346,0.71607191035249,0.17735898381258974,-0.17735898381258974,0.5396296128402814,0.3622706290276917,0.05845646252483447,0.16359337585522327,-0.16359337585522327,0.7298521310757538,0.5662587552205305,0.32639298882948153,0.7084259649264862,0.00011401191384865403,0.989322363845464,0.1204497145945333,0.1204497145945333,2.165811000902741e-06,0.35007228760254183,0.47052200219707513,2.9094449328103285e-06,0.02886287941555369,0.16197139280970996,True,0.7080188383305286,0.17840257546718438,0.17840257546718438,0.04244363226784306,0.22084620773502744,0.0,0.0,0.004784353492544412,0.145388327146678,0.145388327146678,0.0,0.004340552723884216,0.0,0.0002236710081515389,0.0,0.0007588609542103007,0.0029228231262417234,0.0032639298882948154,2.1658110009027414e-07,2.9094449328103284e-08,0.0002886287941555369,0.16197139280970996
0.0,0.0,0.04362442271371394,3600,0.17372334574295187,0.1737233459166752,0.023856772928888714,0.023856772928888714,0.08671238110400754,0.11056915403289626,0.0,0.011300401022342449,0.8301549275993605,0.0,0.009920915528456082,2.1310889573661774e-05,0.0,0.0005313541913883413,0.9769488787390214,0.0021694665899305494,0.71607191035249,0.225178162579508,-0.225178162579508,0.5396296128402814,0.3144514502607734,0.061487787517742254,0.14192831698879627,-0.14192831698879627,0.7298521310757538,0.5879238140869575,0.2319916620944155,0.6999691462101281,0.0005056943662599273,0.9775123508062775,0.1199391691857159,0.1199391691857159,1.4625794858112725e-06,0.35007228760254183,0.47001145678825773,2.784302889166029e-06,0.014807960846106324,0.19708484632634968,True,0.699565659684863,0.25513839890719714,0.25513839890719714,0.04244363226784306,0.29758203117504023,0.0,0.0,0.008724884542742789,0.17372334574295187,0.17372334574295187,0.0,0.0056502005111712245,0.0,0.0002557306748839413,0.0,0.003188125148330048,0.003074389375887113,0.002319916620944155,1.4625794858112726e-07,2.784302889166029e-08,0.00014807960846106323,0.19708484632634968
0.0,0.0,0.030768409120563587,3625,0.12304711173838374,0.12304711186143086,0.01270495120597924,-0.01270495120597924,0.08671238110400754,0.0740074298980283,0.0,0.010437778826651384,0.7713652753646678,0.0,0.014550493443046443,3.855155751596023e-05,0.0,0.00851111809449185,0.9077442787980504,0.002841789641834422,0.71607191035249,0.2363082335312895,0.2363082335312895,0.5396296128402814,0.7759378463715709,0.04794831984048564,0.04010630818075267,-0.04010630818075267,0.7298521310757538,0.6897458228950011,0.2109264739564607,0.6504097530305817,0.008408473100357703,0.9083022731996169,0.11325675664874502,-0.11325675664874502,7.534639595554929e-07,0.35007228760254183,0.23681553095379682,1.7739453800864771e-06,0.012490622496011896,0.19058069027536353,True,0.6500101889079061,0.07255585975570877,0.07255585975570877,0.04244363226784306,0.11499949202355184,0.0,0.0,0.0061536818241127176,0.12304711173838374,0.12304711173838374,0.0,0.005218889413325692,0.0,0.00046261869019152273,0.0,0.0510667085669511,0.002397415992024282,0.002109264739564607,7.53463959555493e-08,1.773945380086477e-08,0.00012490622496011896,0.19058069027536353
0.0,0.0,0.01686788946228117,3650,0.3541171440644721,0.3541171444185892,0.112943199594126,0.112943199594126,0.08671238110400754,0.19965558069813355,0.0,0.012691187001090834,1.090096897909599,0.0,0.03728606627256104,0.00023778264750478644,0.0,0.021735355571398742,1.1474291544145823,0.0015510023562449503,0.71607191035249,0.3991930907367382,-0.3991930907367382,0.5396296128402814,0.14043652210354324,0.0661441898950996,0.1917267568991884,-0.1917267568991884,0.7298521310757538,0.5381253741765654,0.25432680216460046,0.8221678692508491,0.021952516640040862,1.1481638169056159,0.5259794021556676,0.5259794021556676,2.7193796980899257e-06,0.35007228760254183,0.8760516897582095,4.895194917099737e-06,0.023857753271681166,0.5031912165949604,True,0.8216417980700836,0.376124964641085,0.376124964641085,0.04244363226784306,0.4185685969089281,0.0,0.0,0.003373577892456234,0.3541171440644721,0.3541171440644721,0.0,0.006345593500545417,0.0,0.0028533917700574373,0.0,0.13041213342839245,0.0033072094947549802,0.002543268021646005,2.7193796980899257e-07,4.895194917099737e-08,0.00023857753271681168,0.5031912165949604
0.0,0.0,0.0016154902885011173,3675,0.2125580999508317,0.2125581001633898,0.029429757678476692,0.029429757678476692,0.08671238110400754,0.11614213878248424,0.0,0.010588189297103475,1.1041813778724934,0.0,0.05461334340733149,0.00022260943783747965,0.0,0.004335633907208424,0.9341544693452287,0.0029571755414094557,0.71607191035249,0.19066705577927767,-0.19066705577927767,0.5396296128402814,0.34896255706100376,0.08595206451183035,0.3495321924709149,-0.3495321924709149,0.7298521310757538,0.38031993860483887,0.1907268510620272,0.6692822115914474,0.00426960202900458,0.9346578082017095,0.1278841288849505,0.1278841288849505,2.5354958002610167e-06,0.35007228760254183,0.4779564164874923,4.44390749927495e-06,0.021019782412629154,0.2532757769033771,True,0.6689217847698992,0.22395890010135536,0.22395890010135536,0.04244363226784306,0.2664025323691984,0.0,0.0,0.00032309805770022347,0.2125580999508317,0.2125580999508317,0.0,0.0052940946485517375,0.0,0.002671313254049756,0.0,0.026013803443250542,0.004297603225591517,0.001907268510620272,2.535495800261017e-07,4.44390749927495e-08,0.00021019782412629154,0.2532757769033771
0.0,0.0,0.026884241422856617,3700,0.14239971083939318,0.14239971098179288,0.023318480774801642,0.023318480774801642,0.08671238110400754,0.11003086187880919,0.0,0.012538154601965853,1.3238036694725657,0.0,0.018296733018736626,3.822087571058164e-05,0.0,0.026077979229183507,0.8385132227419734,0.0035525860668243004,0.71607191035249,0.20309539762721995,-0.20309539762721995,0.5396296128402814,0.3365342152130615,0.08680448336014521,0.2221648287734873,-0.2221648287734873,0.7298521310757538,0.5076873023022664,0.22217968159641543,0.6007366612804541,0.025942444914438832,0.8389334146558051,0.03288279103233155,0.03288279103233155,6.029512600065609e-06,0.35007228760254183,0.3829550786348734,5.336299332146302e-06,0.03798954001384787,0.3179147350069387,True,0.6004357736498,0.0956995677391409,0.0956995677391409,0.04244363226784306,0.13814320000698396,0.0,0.0,0.005376848284571324,0.14239971083939318,0.14239971083939318,0.0,0.006269077300982927,0.0,0.0004586505085269797,0.0,0.15646787537510104,0.00434022416800726,0.0022217968159641546,6.029512600065609e-07,5.336299332146302e-08,0.0003798954001384787,0.3179147350069387
0.0,0.0,0.005213948974333189,3725,0.44495298861364135,0.4449529890585943,0.17320561784388516,0.17320561784388516,0.08671238110400754,0.2599179989478927,0.0,0.0122199705600454,1.7940304847633919,0.0,0.032045435264802746,0.00013615444898769865,0.00016571615150914285,0.0006075963459647254,1.0246494694864763,0.003029570344379621,0.71607191035249,0.369017623901498,-0.369017623901498,0.5396296128402814,0.17061198893878343,0.16542102425278263,0.035416996168809,-0.035416996168809,0.7298521310757538,0.6944351349069448,0.20193775157268656,0.7344617521208641,0.0006595416476150456,1.0256815429368067,0.678712791128386,0.678712791128386,1.3655835942446004e-05,0.35007228760254183,1.0287850787309278,1.14121930952544e-05,0.07105519296061671,0.46842908455354615,True,0.7337227133033413,0.601528223028141,0.601528223028141,0.04244363226784306,0.6439718552959841,0.0,0.0,0.001042789794866638,0.44495298861364135,0.44495298861364135,0.0,0.0061099852800227,0.0,0.0016338533878523837,4.142903787728571e-05,0.003645578075788352,0.008271051212639132,0.002019377515726866,1.3655835942446006e-06,1.14121930952544e-07,0.0007105519296061671,0.46842908455354615
0.0,0.0,0.0262644402561047,3750,0.20455938946598856,0.20455938967054796,0.020624993496481378,0.020624993496481378,0.08671238110400754,0.10733737460048892,0.0,0.00579592388619888,1.2141517289737385,0.0,0.015598051333499613,6.558423752952856e-05,0.0,0.00030314980190625506,0.982588802398851,0.004250562640287091,0.71607191035249,0.3546215927596552,-0.3546215927596552,0.5396296128402814,0.18500802008062625,0.07351245514771895,0.17235710757478095,-0.17235710757478095,0.7298521310757538,0.5574950235009728,0.15936298037931387,0.7040634398148571,0.0002812307657123013,0.9832300636342203,0.010604450853687386,0.010604450853687386,8.369003091993965e-07,0.35007228760254183,0.3606767384562292,4.555653152404148e-06,0.07807470872044545,0.2213662780170468,True,0.7036042506505986,0.23069769871924997,0.23069769871924997,0.04244363226784306,0.27314133098709303,0.0,0.0,0.0052528880512209405,0.20455938946598856,0.20455938946598856,0.0,0.00289796194309944,0.0,0.0007870108503543427,0.0,0.0018188988114375302,0.0036756227573859477,0.0015936298037931389,8.369003091993965e-08,4.555653152404148e-08,0.0007807470872044545,0.2213662780170468
0.0,0.0,0.02567979355637433,3775,0.1408223621311706,0.14082236227199296,0.028282560766603,-0.028282560766603,0.08671238110400754,0.05842982033740454,0.0,0.011627758604432015,0.5915924855290204,0.0,0.013817738969838561,5.487064708768831e-05,0.0,0.01249853092702422,0.8882031712121304,0.0036847985576222374,0.71607191035249,0.23725073546587477,-0.23725073546587477,0.5396296128402814,0.30237887737440666,0.057541652331810404,0.07673446537007,-0.07673446537007,0.7298521310757538,0.6531176657056837,0.18667148821375704,0.6363910505404614,0.012382115329929982,0.8887250462595918,0.1743153854625717,-0.1743153854625717,1.4729171258805117e-07,0.35007228760254183,0.17575690213997014,1.6115529079423073e-06,0.009233046235776856,0.23225799227764526,True,0.6360173504730418,0.07611072245164695,0.07611072245164695,0.04244363226784306,0.11855435471949001,0.0,0.0,0.005135958711274867,0.1408223621311706,0.1408223621311706,0.0,0.0058138793022160075,0.0,0.0006584477650522598,0.0,0.07499118556214532,0.0028770826165905204,0.0018667148821375705,1.4729171258805117e-08,1.6115529079423072e-08,9.233046235776856e-05,0.23225799227764526
0.0,0.0,0.017504755142726473,3800,0.20497896920490724,0.2049789694098862,0.016638671775877314,0.016638671775877314,0.08671238110400754,0.10335105287988486,0.0,0.008947991125488703,0.9170964699362795,0.0,0.02226576973690855,9.480913405830862e-05,0.0,9.523605946285255e-05,1.0097588964264845,0.0035754745864048365,0.71607191035249,0.27360849163726525,-0.27360849163726525,0.5396296128402814,0.2660211212030162,0.06949401158195133,0.3054068998559233,-0.3054068998559233,0.7298521310757538,0.42444523121983047,0.1665721026440142,0.723384032709637,0.00010427313344607661,1.0102114217152205,0.10985182306598312,0.10985182306598312,1.2631701517076256e-06,0.35007228760254183,0.45992411066852495,2.5007073627168574e-06,0.01649159223295899,0.21996853061362986,True,0.7230599920571238,0.17205417721370347,0.17205417721370347,0.04244363226784306,0.21449780948154654,0.0,0.0,0.003500951028545295,0.20497896920490724,0.20497896920490724,0.0,0.004473995562744352,0.0,0.0011377096086997035,0.0,0.0005714163567771153,0.0034747005790975666,0.001665721026440142,1.2631701517076256e-07,2.5007073627168576e-08,0.0001649159223295899,0.21996853061362986
0.0,0.0,0.008600403534891258,3825,0.44739242498465004,0.4473924254320425,0.19880401378571755,0.19880401378571755,0.08671238110400754,0.2855163948897251,0.0,0.01377653298688342,1.8465135447319907,0.0,0.018085300701618953,6.439326651333056e-05,0.0022637926095305156,0.007868878922810685,0.9112932983207543,0.006444134313318433,0.71607191035249,0.2327491474732159,-0.2327491474732159,0.5396296128402814,0.30688046536706554,0.13189034759523832,0.06863735752430156,-0.06863735752430156,0.7298521310757538,0.6612147735514522,0.2301449304648016,0.6531188661139995,0.007728946884779069,0.9120855706679554,0.7563183278090281,0.7563183278090281,1.6201452734793925e-05,0.35007228760254183,1.10639061541157,1.5260944585494383e-05,0.05911153749260534,0.5140415678865321,True,0.6525515421328971,0.5747836204131471,0.5747836204131471,0.04244363226784306,0.6172272526809902,0.0,0.0,0.0017200807069782517,0.44739242498465004,0.44739242498465004,0.0,0.00688826649344171,0.0,0.0007727191981599668,0.0005659481523826289,0.04721327353686411,0.006594517379761917,0.002301449304648016,1.6201452734793927e-06,1.5260944585494382e-07,0.0005911153749260533,0.5140415678865321
0.0,0.0,0.025732372501637776,3850,0.1991375988599725,0.1991375990591101,0.022508913267184766,0.022508913267184766,0.08671238110400754,0.10922129437119231,0.0,0.0069554523178478305,0.7674074316467405,0.0,0.028358816602712132,0.00018214147917385606,0.0,0.015824432810431832,1.125795201857749,0.002853835675456221,0.71607191035249,0.40579773373943484,-0.40579773373943484,0.5396296128402814,0.13383187910084662,0.06637668655395235,0.12323674343627289,-0.12323674343627289,0.7298521310757538,0.6066153876394809,0.12231223033302407,0.8066179289495197,0.015989148412653,1.1264482044659117,0.017509317358232246,-0.017509317358232246,6.644413898623498e-07,0.35007228760254183,0.3325629702443096,2.084840899156859e-06,0.010113532845554576,0.30953727338393267,True,0.8061503321178974,0.1326898405435568,0.1326898405435568,0.04244363226784306,0.17513347281139985,0.0,0.0,0.005146474500327555,0.1991375988599725,0.1991375988599725,0.0,0.0034777261589239153,0.0,0.002185697750086273,0.0,0.09494659686259099,0.0033188343276976174,0.0012231223033302408,6.644413898623498e-08,2.0848408991568588e-08,0.00010113532845554576,0.30953727338393267
0.0,0.0,0.021543628171944534,3875,0.10241827446834073,0.102418274570759,0.02772881387090448,0.02772881387090448,0.08671238110400754,0.11444119497491202,0.0,0.005592971755155089,1.236375466880732,0.0,0.012956524802420709,5.297999846138417e-05,0.0,0.04670492786426203,0.7838867707328817,0.006488329566932574,0.71607191035249,0.03188018913642088,-0.03188018913642088,0.5396296128402814,0.5077494237038606,0.10423956875808567,0.07418620993389036,-0.07418620993389036,0.7298521310757538,0.6556659211418634,0.14653954884427367,0.5617170325337915,0.046465165156337286,0.7844421999640531,0.17535751361536256,0.17535751361536256,5.231575476586276e-06,0.35007228760254183,0.5254298012179044,7.709100085431483e-06,0.0307143710598783,0.39737393103291024,True,0.5613193052576066,0.12003511955456347,0.12003511955456347,0.04244363226784306,0.16247875182240654,0.0,0.0,0.004308725634388907,0.10241827446834073,0.10241827446834073,0.0,0.0027964858775775445,0.0,0.0006357599815366101,0.0,0.2802295671855722,0.005211978437904284,0.0014653954884427368,5.231575476586276e-07,7.709100085431482e-08,0.000307143710598783,0.39737393103291024
0.0,0.0,0.008596928134574617,3900,0.15262168119440014,0.15262168134702184,0.02793092495351962,0.02793092495351962,0.08671238110400754,0.11464330605752716,0.0,0.00868370398272636,0.5082512550958389,0.0,0.04276919814818221,0.000326703585309732,0.0,0.021605736203659156,1.1469888982326868,0.001654692590203548,0.71607191035249,0.19829812965396348,-0.19829812965396348,0.5396296128402814,0.34133148318631795,0.045927036790179995,0.1542683784725425,-0.1542683784725425,0.7298521310757538,0.5755837526032113,0.16529661336940701,0.8216983253397192,0.021758638145341163,1.1475080951857937,0.03441408233639737,0.03441408233639737,7.96831227234518e-07,0.35007228760254183,0.3844863699389392,1.0046023177917803e-06,0.008134122529906558,0.296268527985998,True,0.8213265429804668,0.2266749691371682,0.2266749691371682,0.04244363226784306,0.26911860140501126,0.0,0.0,0.0017193856269149235,0.15262168119440014,0.15262168119440014,0.0,0.00434185199136318,0.0,0.003920443023716785,0.0,0.12963441722195493,0.002296351839509,0.0016529661336940702,7.968312272345181e-08,1.0046023177917803e-08,8.134122529906558e-05,0.296268527985998
0.0785267873786532,0.0,0.0059262407949393124,3925,0.4570036621251121,0.4570036625821158,0.2659551957864882,0.2659551957864882,0.08671238110400754,0.3526675768904957,0.0,0.007923856231898252,1.321223092998793,0.0,0.0753389386411232,0.0011899695883594355,7.238494914977541e-06,0.4627078390363212,1.680226314572085,0.006498546801703695,0.71607191035249,0.2675427527578598,-0.2675427527578598,0.5396296128402814,0.2720868600824216,0.11715057661663147,0.017120502809509608,0.017120502809509608,0.7298521310757538,0.7469726338852634,0.13927969807443683,1.2036851948077056,0.4637007008927147,1.6809557260884989,0.6559437305635617,0.6559437305635617,4.645364512250947e-06,0.35007228760254183,1.0060160181661035,5.128365579061072e-06,0.05382297000082294,3.5745755381483226,True,1.20316288370242,0.6865822296463594,0.6865822296463594,0.04244363226784306,0.7290258619142025,0.3141071495146128,0.0,0.0011852481589878627,0.4570036621251121,0.4570036621251121,0.0,0.003961928115949126,0.0,0.014279635060313225,1.8096237287443852e-06,2.776247034217927,0.005857528830831574,0.0013927969807443683,4.645364512250947e-07,5.128365579061072e-08,0.0005382297000082294,3.5745755381483226
0.0,0.0,0.013181069992198565,3950,0.19287535741918482,0.1928753576120602,0.013311688235538077,0.013311688235538077,0.08671238110400754,0.10002406933954562,0.0,0.005610816883982139,1.1157127669920177,0.0,0.022828671425520752,0.0001223498138376219,0.0,0.002655737501974619,0.9484661518807821,0.00442157420938777,0.71607191035249,0.25759198296055624,-0.25759198296055624,0.5396296128402814,0.2820376298797252,0.07244481875894243,0.3347607574081069,-0.3347607574081069,0.7298521310757538,0.39509137366764685,0.12999697419514367,0.6795825678280567,0.002596683549837615,0.949042335710537,0.042678878597527836,-0.042678878597527836,1.9346895344482e-06,0.35007228760254183,0.307393409005014,3.787252298914969e-06,0.02485837625560097,0.22089062842144574,True,0.6791699787666081,0.0747491522485503,0.0747491522485503,0.04244363226784306,0.11719278451639337,0.0,0.0,0.002636213998439713,0.19287535741918482,0.19287535741918482,0.0,0.0028054084419910693,0.0,0.0014681977660514628,0.0,0.015934425011847712,0.0036222409379471215,0.0012999697419514367,1.9346895344482003e-07,3.787252298914969e-08,0.0002485837625560097,0.22089062842144574
0.0,0.0,0.029855807173555644,3975,0.18135664850071692,0.18135664868207357,0.030948110841751933,0.030948110841751933,0.08671238110400754,0.11766049194575948,0.0,0.0006011253400549468,1.0734314410241126,0.0,0.010284397927086306,2.410414853924194e-05,0.0,9.112041124380774e-07,0.9990454298808165,0.0018054301257784482,0.71607191035249,0.25676577772643105,-0.25676577772643105,0.5396296128402814,0.2828638351138504,0.09187064576050354,0.27143971720505583,-0.27143971720505583,0.7298521310757538,0.4584124138706979,0.04644183032145968,0.7158058390159687,1.3807515483714513e-07,0.999628415346338,0.0017539217526014728,0.0017539217526014728,3.6263438809416485e-06,0.35007228760254183,0.3518262093551433,3.5229900793235536e-06,0.019846290675870487,0.19317990097488844,True,0.7153883794941351,0.1545384211513694,0.1545384211513694,0.04244363226784306,0.19698205341921246,0.0,0.0,0.005971161434711129,0.18135664850071692,0.18135664850071692,0.0,0.0003005626700274734,0.0,0.0002892497824709033,0.0,5.467224674628465e-06,0.004593532288025177,0.00046441830321459685,3.6263438809416486e-07,3.5229900793235535e-08,0.00019846290675870488,0.19317990097488844
0.0,0.0,0.012647472757686575,4000,0.1359112117774699,0.1359112119133811,0.010115645364445425,0.010115645364445425,0.08671238110400754,0.09682802646845297,0.0,0.008599062569281704,0.7429730718953456,0.0,0.03503455358220509,0.0003657981400504598,0.0,0.0005576645046152537,1.0236149212282246,0.0021063759517177924,0.71607191035249,0.2368013181949135,-0.2368013181949135,0.5396296128402814,0.3028282946453679,0.06134111241378075,0.10346134465652135,-0.10346134465652135,0.7298521310757538,0.6263907864192324,0.13436749062992429,0.7333358730747992,0.0005812556511659939,1.0241092441019206,0.016693010522321916,0.016693010522321916,7.83891291867621e-07,0.35007228760254183,0.36676529812486375,1.8035259444830725e-06,0.02494656806939295,0.15513609495401595,True,0.7329819023453576,0.15874252927428797,0.15874252927428797,0.04244363226784306,0.20118616154213104,0.0,0.0,0.002529494551537315,0.1359112117774699,0.1359112117774699,0.0,0.004299531284640852,0.0,0.004389577680605518,0.0,0.003345987027691522,0.0030670556206890374,0.001343674906299243,7.83891291867621e-08,1.8035259444830727e-08,0.0002494656806939295,0.15513609495401595
0.12050383804255727,0.0,0.0244075623449144,4025,0.8374542589556083,0.8374542597930625,0.3834693481229328,0.3834693481229328,0.08671238110400754,0.47018172922694035,0.0,0.008141783347132748,1.4506824717977718,0.0,0.05448871241471955,0.0006815649452177523,0.08959121503854527,0.558213139916363,1.7471366273422573,0.00490333177499358,0.71607191035249,0.5643470847211235,-0.5643470847211235,0.5396296128402814,-0.02471747188084206,0.18131392140632932,0.029721926157607048,0.029721926157607048,0.7298521310757538,0.7595740572333608,0.18359804268190794,1.2523216069215237,0.560816541657356,1.7488768534661463,1.2788061793991554,1.2788061793991554,5.177611509365433e-06,0.35007228760254183,1.6288784670016974,9.818531354885554e-06,0.038908775621782396,4.719568818068631,True,1.2510754798591428,1.1852776788080885,1.1852776788080885,0.04244363226784306,1.2277213110759315,0.48201535217022906,0.0,0.0048815124689828805,0.8374542589556083,0.8374542589556083,0.0,0.004070891673566374,0.0,0.008178779342613029,0.022397803759636317,3.349278839498178,0.009065696070316466,0.0018359804268190793,5.177611509365433e-07,9.818531354885554e-08,0.00038908775621782397,4.719568818068631
0.0,0.0,0.033662985619258894,4050,0.3476784510596077,0.34767845140728615,0.06917756950392588,0.06917756950392588,0.08671238110400754,0.15588995060793343,0.0,0.011906630408264469,0.8904595681943437,2.8590564151098598e-05,0.08534701450821845,0.0009211878680890946,0.0031300845401812704,0.08220616965478897,1.286716183105853,0.00804785689796932,0.71607191035249,0.6647312623134453,-0.6647312623134453,0.5396296128402814,-0.12510164947316382,0.08260009888006326,0.019263994075584434,-0.019263994075584434,0.7298521310757538,0.7105881370001693,0.2494214786056999,0.9218859772165826,0.08261079065646712,1.287420929398795,0.21154230143215225,0.21154230143215225,1.66180975029652e-06,0.35007228760254183,0.5616145890346941,2.777796334992684e-06,0.012880050167454736,0.8723629144440196,True,0.9213813281852342,0.3355996035197162,0.3355996035197162,0.04244363226784306,0.3780432357875592,0.0,0.0,0.006732597123851779,0.3476784510596077,0.3476784510596077,0.0,0.005953315204132234,0.0001715433849065916,0.011054254417069136,0.0007825211350453176,0.4932370179287338,0.004130004944003163,0.0024942147860569992,1.6618097502965202e-07,2.777796334992684e-08,0.00012880050167454738,0.8723629144440196
0.0,0.0,0.019878300425455974,4075,0.10546142215999396,0.10546142226545539,0.03149831799574414,0.03149831799574414,0.08671238110400754,0.11821069909975168,0.0,0.006551636996435873,0.9688622799251534,0.0,0.009658075245123366,1.951199966274991e-05,0.0,0.003986268474254136,0.9368630973656916,0.0012672742249105608,0.71607191035249,0.041810143226664376,-0.041810143226664376,0.5396296128402814,0.49781946961361706,0.05952176600550898,0.005350609993139521,-0.005350609993139521,0.7298521310757538,0.7245015210826142,0.1620201092452484,0.6711998294354213,0.003926804917013799,0.9373357764189661,0.19028040087006426,0.19028040087006426,1.936673109564068e-06,0.35007228760254183,0.5403526884726061,4.224068709483675e-06,0.033476183731350584,0.1417959427228204,True,0.6708613572380326,0.1289769973115253,0.1289769973115253,0.04244363226784306,0.17142062957936835,0.0,0.0,0.003975660085091195,0.10546142215999396,0.10546142215999396,0.0,0.0032758184982179363,0.0,0.00023414399595299892,0.0,0.023917610845524816,0.002976088300275449,0.001620201092452484,1.936673109564068e-07,4.224068709483675e-08,0.00033476183731350585,0.1417959427228204
0.0,0.0,0.019256401716217186,4100,0.11930013528103439,0.11930013540033452,0.02477663673910807,0.02477663673910807,0.08671238110400754,0.11148901784311561,0.0,0.0019199691207924148,0.8140675098985154,0.0,0.00983777259929892,2.6537776304150944e-05,0.0,0.00039375277999928064,1.0198432048822583,0.0014289266985847363,0.71607191035249,0.1917149496882284,-0.1917149496882284,0.5396296128402814,0.34791466315205305,0.07029769905981577,0.03351959904087842,-0.03351959904087842,0.7298521310757538,0.6963325320348753,0.049577983720361214,0.7306890998482674,0.0004166907620272815,1.0204130047280473,0.050975972725977314,0.050975972725977314,1.188982522514812e-06,0.35007228760254183,0.40104826032851915,2.3430052760067567e-06,0.035682997218718815,0.13116000727100613,True,0.7302810821784766,0.1734127865972064,0.1734127865972064,0.04244363226784306,0.21585641886504947,0.0,0.0,0.0038512803432434375,0.11930013528103439,0.11930013528103439,0.0,0.0009599845603962074,0.0,0.0003184533156498113,0.0,0.0023625166799956837,0.0035148849529907885,0.0004957798372036121,1.188982522514812e-07,2.3430052760067567e-08,0.00035682997218718814,0.13116000727100613
0.0,0.0,0.016562731615881524,4125,0.18487410916161026,0.18487410934648438,0.007511100806744567,-0.007511100806744567,0.08671238110400754,0.07920128029726298,0.0,0.0034061928335816513,0.7200829401269276,0.0,0.017120190067191524,3.25577951219271e-05,0.0,0.002048305698800564,0.9547417886036074,0.0005137243594966268,0.71607191035249,0.3079319632349467,-0.3079319632349467,0.5396296128402814,0.23169764960533473,0.057514565096063376,0.09675368120672956,-0.09675368120672956,0.7298521310757538,0.6330984498690242,0.07368553727830493,0.6840668546745744,0.0019976718864061264,0.9553046771305305,0.0925633269758801,-0.0925633269758801,1.3065571139854266e-06,0.35007228760254183,0.25750896062666173,1.6857741872260728e-06,0.010142098412488488,0.20628443176100827,True,0.6836637860061562,0.24100710899955732,0.24100710899955732,0.04244363226784306,0.2834507412674004,0.0,0.0,0.0033125463231763047,0.18487410916161026,0.18487410916161026,0.0,0.0017030964167908257,0.0,0.0003906935414631252,0.0,0.012289834192803384,0.002875728254803169,0.0007368553727830493,1.3065571139854267e-07,1.6857741872260726e-08,0.00010142098412488488,0.20628443176100827
0.0,0.0,0.03165667893186874,4150,0.13236424713738548,0.13236424726974974,0.02189075362326555,0.02189075362326555,0.08671238110400754,0.10860313472727309,0.0,0.005402115871151159,0.8756435222737478,0.0,0.015974799364294936,5.686553353732584e-05,0.0,0.0005166959564049978,0.9772690528924772,0.002651600971663078,0.71607191035249,0.21115772202069377,-0.21115772202069377,0.5396296128402814,0.32847189081958766,0.06677733530350465,0.13881649138076946,-0.13881649138076946,0.7298521310757538,0.5910356396949843,0.1426360343957449,0.7003055002808986,0.0004847891587294619,0.9779820718792739,0.07377120958605587,0.07377120958605587,2.339581087539606e-06,0.35007228760254183,0.4238434971885977,3.0428868855482767e-06,0.016724995713153286,0.15011194445345452,True,0.6997949274057753,0.13350082947389177,0.13350082947389177,0.04244363226784306,0.17594446174173484,0.0,0.0,0.006331335786373749,0.13236424713738548,0.13236424713738548,0.0,0.0027010579355755794,0.0,0.0006823864024479102,0.0,0.0031001757384299866,0.0033388667651752324,0.0014263603439574491,2.339581087539606e-07,3.042886885548277e-08,0.00016724995713153287,0.15011194445345452
0.0,0.0,0.027063468819468594,4175,0.07000971390818507,0.07000971397819479,0.003617870017816202,0.003617870017816202,0.08671238110400754,0.09033025112182375,0.0,0.004682966070848615,0.7088540297325043,0.0,0.01638708083235839,4.918455533187222e-05,0.0,0.0010382160101866295,0.9677786404665069,0.001286890544538917,0.71607191035249,0.10006228301973502,-0.10006228301973502,0.5396296128402814,0.4395673298205464,0.055791303753507236,0.05557367148707093,-0.05557367148707093,0.7298521310757538,0.6742784595886828,0.1530011689581712,0.693403481169554,0.001002143579895493,0.9683433485678682,0.035528458303129895,0.035528458303129895,8.40002474557268e-07,0.35007228760254183,0.3856007459056717,2.263409786472573e-06,0.009835620889220225,0.08900144115309994,True,0.6929991095549736,0.10065061588488033,0.10065061588488033,0.04244363226784306,0.1430942481527234,0.0,0.0,0.005412693763893719,0.07000971390818507,0.07000971390818507,0.0,0.0023414830354243077,0.0,0.0005902146639824666,0.0,0.006229296061119777,0.002789565187675362,0.001530011689581712,8.400024745572681e-08,2.2634097864725732e-08,9.835620889220225e-05,0.08900144115309994
0.0,0.0,0.04393354943734977,4200,0.20943416385186756,0.20943416406130175,0.06499646302287813,0.06499646302287813,0.08671238110400754,0.15170884412688568,0.0,0.004388583785357866,1.2117577151273664,0.0,0.018536343235504397,3.950595712415635e-05,0.0,7.159322123907287e-05,1.0084612777545163,0.0030893083536143824,0.71607191035249,0.28702947684905916,-0.28702947684905916,0.5396296128402814,0.2526001359912223,0.11512457537747162,0.06511844048015492,-0.06511844048015492,0.7298521310757538,0.6647336905955988,0.09641517204667696,0.7225928452960395,8.29287492258964e-05,1.0091065223453246,0.26878406026381807,0.26878406026381807,3.595701266509378e-06,0.35007228760254183,0.6188563478663599,5.917200994089424e-06,0.038836717773689154,0.22842796285415456,True,0.7221308037628023,0.2371025142255582,0.2371025142255582,0.04244363226784306,0.27954614649340126,0.0,0.0,0.008786709887469954,0.20943416385186756,0.20943416385186756,0.0,0.002194291892678933,0.0,0.0004740714854898762,0.0,0.00042955932743443724,0.0057562287688735815,0.0009641517204667696,3.595701266509378e-07,5.917200994089424e-08,0.00038836717773689153,0.22842796285415456
0.0,0.0,0.03515838488672832,4225,0.1410563691121508,0.1410563692532072,0.024652542246404202,0.024652542246404202,0.08671238110400754,0.11136492335041175,0.0,0.005083058540862953,0.953756127744378,0.0,0.014360992667997096,5.6073355249346e-05,0.0,8.798717480382809e-06,0.9970337367816758,0.0028693536108390107,0.71607191035249,0.2630644899163888,-0.2630644899163888,0.5396296128402814,0.2765651229238926,0.08560354189145343,0.05998285440061735,-0.05998285440061735,0.7298521310757538,0.6698692766751364,0.1028713865479663,0.7142855950480553,6.223114803736827e-06,0.9975053828342335,0.0007806504814115156,-0.0007806504814115156,1.3220771670407273e-06,0.35007228760254183,0.3492916371211303,2.8233727925377993e-06,0.022180465039348552,0.15688610397969285,True,0.7139478625534736,0.16147839051428925,0.16147839051428925,0.04244363226784306,0.2039220227821323,0.0,0.0,0.007031676977345663,0.1410563691121508,0.1410563691121508,0.0,0.0025415292704314765,0.0,0.000672880262992152,0.0,5.279230488229685e-05,0.004280177094572671,0.001028713865479663,1.3220771670407273e-07,2.8233727925377995e-08,0.00022180465039348552,0.15688610397969285
0.0,0.0,0.009425893645568633,4250,0.13336314449997663,0.1333631446333398,0.01171665661000719,-0.01171665661000719,0.08671238110400754,0.07499572449400035,0.0,0.0022431008405655465,0.5050001823641515,0.0,0.010143005592773445,1.777133405491585e-05,0.0,0.0004291316723949983,0.9792845064650876,0.00033397959733602345,0.71607191035249,0.27928810815564875,-0.27928810815564875,0.5396296128402814,0.2603415046846327,0.051633169103819695,0.02469139841159307,-0.02469139841159307,0.7298521310757538,0.7051607326641607,0.04652062574466544,0.7017428370461595,0.0004004271604299954,0.9799893238387606,0.06985672253792902,-0.06985672253792902,4.531478239639892e-07,0.35007228760254183,0.2802155650646128,9.594182752304442e-07,0.005726155095350479,0.1422621008649584,True,0.7012381371158957,0.07280032619381674,0.07280032619381674,0.04244363226784306,0.1152439584616598,0.0,0.0,0.0018851787291137266,0.13336314449997663,0.13336314449997663,0.0,0.0011215504202827732,0.0,0.00021325600865899018,0.0,0.00257479003436999,0.002581658455190985,0.00046520625744665445,4.531478239639892e-08,9.594182752304442e-09,5.7261550953504796e-05,0.1422621008649584
0.0,0.0,0.0185125502096802,4275,0.23782349799370903,0.23782349823153254,0.07288498848746476,0.07288498848746476,0.08671238110400754,0.1595973695914723,0.0,0.005674725509399055,1.5237899972373143,0.0,0.024184151095199738,0.00016105025686821895,0.0,0.0009245999296891397,0.9695927651752229,0.008245219167382212,0.71607191035249,0.27749166052534724,-0.27749166052534724,0.5396296128402814,0.2621379523149342,0.11559099790850777,0.20469195164153065,-0.20469195164153065,0.7298521310757538,0.5251601794342231,0.10278327797077243,0.694761399314527,0.0008856759437356566,0.9702396918071123,0.18873255613601359,0.18873255613601359,5.7641818603710255e-06,0.35007228760254183,0.5388048437385554,7.82274277475332e-06,0.03999488941744348,0.25905155966581944,True,0.6942981533189028,0.3506671720236072,0.3506671720236072,0.04244363226784306,0.3931108042914503,0.0,0.0,0.00370251004193604,0.23782349799370903,0.23782349799370903,0.0,0.0028373627546995277,0.0,0.0019326030824186274,0.0,0.005547599578134838,0.0057795498954253885,0.0010278327797077244,5.764181860371026e-07,7.822742774753321e-08,0.0003999488941744348,0.25905155966581944
0.0,0.0,0.009911692763066193,4300,0.252026749033559,0.2520267492855857,0.04095624147020328,0.04095624147020328,0.08671238110400754,0.12766862257421083,0.0,0.010373062914384484,0.913573493069654,0.0,0.010219378075754123,2.2087705576716937e-05,0.0,0.0013175443489934933,0.9637020062676531,0.0010821402100404287,0.71607191035249,0.5334695860132355,-0.5334695860132355,0.5396296128402814,0.0061600268270459975,0.05707050310575412,0.0023868355827910692,-0.0023868355827910692,0.7298521310757538,0.7274652954929627,0.2003023939780916,0.6904681939189585,0.0012784774397436945,0.9642441971178985,0.1315464428176744,0.1315464428176744,3.420785147165752e-06,0.35007228760254183,0.48161873042021625,3.1532393967904206e-06,0.01586624722680194,0.2723815227824914,True,0.6900799462756257,0.11836399477339415,0.11836399477339415,0.04244363226784306,0.16080762704123722,0.0,0.0,0.0019823385526132387,0.252026749033559,0.252026749033559,0.0,0.005186531457192242,0.0,0.00026505246692060325,0.0,0.00790526609396096,0.0028535251552877063,0.002003023939780916,3.420785147165752e-07,3.153239396790421e-08,0.00015866247226801938,0.2723815227824914
0.0,0.0,0.010400807616167207,4325,0.07580226646428627,0.07580226654008854,0.021961166631736986,0.021961166631736986,0.08671238110400754,0.10867354773574453,0.0,0.00896328845039128,0.6633906327214887,0.0,0.03362749212259266,0.00014748067013391872,0.0,0.0012648252378524532,1.035564381589625,0.0029440547187291255,0.71607191035249,0.04725354007137683,-0.04725354007137683,0.5396296128402814,0.4923760727689046,0.09193651825394099,0.07794431253020773,-0.07794431253020773,0.7298521310757538,0.651907818545546,0.1834070100908157,0.7419186982238417,0.0013028653474487877,1.036095226103306,0.010253979377194744,0.010253979377194744,1.1903660911551766e-06,0.35007228760254183,0.3603262669797366,1.5209247757860316e-06,0.009750351816066035,0.09825132545905983,True,0.7415385753735215,0.14083418698985825,0.14083418698985825,0.04244363226784306,0.1832778192577013,0.0,0.0,0.0020801615232334415,0.07580226646428627,0.07580226646428627,0.0,0.00448164422519564,0.0,0.0017697680416070248,0.0,0.0075889514271147195,0.00459682591269705,0.001834070100908157,1.1903660911551767e-07,1.5209247757860316e-08,9.750351816066035e-05,0.09825132545905983
0.0,0.0,0.03075115346521759,4350,0.2969886964180743,0.296988696715063,0.09387717471324424,0.09387717471324424,0.08671238110400754,0.18058955581725178,0.0,0.0071202902501494875,1.1895423429986502,0.0,0.036083975990872985,0.00021862830213487195,0.0,0.005535274062723116,1.0743994224622955,0.009372934543417344,0.71607191035249,0.38215278955538606,-0.38215278955538606,0.5396296128402814,0.15747682328489537,0.11842165389482157,0.06496472136762366,-0.06496472136762366,0.7298521310757538,0.6648874097081301,0.12367988908042685,0.7698575957703719,0.005641829607486357,1.0751121135868666,0.3631202313800619,0.3631202313800619,3.7816623070997812e-06,0.35007228760254183,0.7131925189826037,9.174782576462136e-06,0.03587128049445665,0.3500513205426961,True,0.7693472576681821,0.38740293484377664,0.38740293484377664,0.04244363226784306,0.4298465671116197,0.0,0.0,0.006150230693043518,0.2969886964180743,0.2969886964180743,0.0,0.0035601451250747438,0.0,0.0026235396256184635,0.0,0.033211644376338695,0.005921082694741078,0.0012367988908042686,3.7816623070997813e-07,9.174782576462136e-08,0.0003587128049445665,0.3500513205426961
0.0,0.0,0.029152585707790668,4375,0.392679459703085,0.39267946009576443,0.21943842534049146,0.21943842534049146,0.08671238110400754,0.306150806444499,0.0,0.010307988082139431,1.7983762735221616,0.0,0.0239494106600169,9.09212793606166e-05,0.0,0.003230450304474594,0.9431629495445568,0.004758374871163756,0.71607191035249,0.20992469717749385,-0.20992469717749385,0.5396296128402814,0.3297049156627876,0.2218018830868028,0.055558551102829035,-0.055558551102829035,0.7298521310757538,0.6742935799729247,0.21651501577011584,0.6759317633297829,0.0031422797476989843,0.943943958865266,0.6420417328617244,0.6420417328617244,2.0156706230889448e-05,0.35007228760254183,0.9921140204642662,1.3615070690642267e-05,0.08022048017739594,0.43819732900003305,True,0.6753725044856894,0.513283402778423,0.513283402778423,0.04244363226784306,0.5557270350462661,0.0,0.0,0.005830517141558134,0.392679459703085,0.392679459703085,0.0,0.005153994041069716,0.0,0.001091055352327399,0.0,0.019382701826847565,0.01109009415434014,0.0021651501577011584,2.0156706230889447e-06,1.3615070690642267e-07,0.0008022048017739594,0.43819732900003305
0.0,0.0,0.013722358661302163,4400,0.19644100633640033,0.19644100653284136,0.054799394449736846,0.054799394449736846,0.08671238110400754,0.1415117755537444,0.0,0.005842178054711589,1.0516891387411766,0.0,0.015702175266790686,5.15250775113991e-05,0.0,0.00019260371640044327,0.9861218258981794,0.002958891572746833,0.71607191035249,0.2589156405623738,-0.2589156405623738,0.5396296128402814,0.2807139722779076,0.07009131294026248,0.26858931275682507,-0.26858931275682507,0.7298521310757538,0.4612628183189287,0.17803345324654402,0.7065516197591131,0.0001767616448493871,0.9867048262572696,0.05753692330626442,0.05753692330626442,4.262108046812972e-06,0.35007228760254183,0.40760921090880625,4.117811716609603e-06,0.06195577385619465,0.20978541563151837,True,0.7061341495724132,0.21784018501544275,0.21784018501544275,0.04244363226784306,0.2602838172832858,0.0,0.0,0.002744471732260433,0.19644100633640033,0.19644100633640033,0.0,0.0029210890273557947,0.0,0.0006183009301367892,0.0,0.0011556222984026596,0.0035045656470131244,0.0017803345324654402,4.2621080468129725e-07,4.1178117166096035e-08,0.0006195577385619465,0.20978541563151837
0.0,0.0,0.015565903191504134,4425,0.12885104534213948,0.12885104547099052,0.003445270287504465,-0.003445270287504465,0.08671238110400754,0.08326711081650308,0.0,0.0023068011817891755,0.6688841632263215,0.0,0.010860484146699507,2.1609642907366385e-05,0.0,0.00023544101053173447,0.9846559128478839,0.0007612233244754511,0.71607191035249,0.19077535776812815,-0.19077535776812815,0.5396296128402814,0.3488542550721533,0.06043823923669667,0.09126623123651934,-0.09126623123651934,0.7298521310757538,0.6385858998392344,0.07442036624886557,0.7054705193991273,0.00021918621271236453,0.9851950612053827,0.01948451170035853,0.01948451170035853,9.430832532981315e-07,0.35007228760254183,0.36955679930290036,1.3286975407232427e-06,0.008373597866928494,0.13863954754770721,True,0.7050844503994182,0.19467069994122346,0.19467069994122346,0.04244363226784306,0.23711433220906653,0.0,0.0,0.0031131806383008272,0.12885104534213948,0.12885104534213948,0.0,0.0011534005908945878,0.0,0.0002593157148883966,0.0,0.001412646063190407,0.0030219119618348335,0.0007442036624886557,9.430832532981315e-08,1.3286975407232428e-08,8.373597866928495e-05,0.13863954754770721
0.0,0.0,0.012289301868533461,4450,0.17749437307128196,0.17749437324877632,0.06863052610568306,0.06863052610568306,0.08671238110400754,0.1553429072096906,0.0,0.006615205056805279,1.0301605451826266,0.0,0.022070614873491396,0.00011758375408660897,0.0,0.03432128893612983,1.1852600575842775,0.002871662703564841,0.71607191035249,0.3081995515672691,-0.3081995515672691,0.5396296128402814,0.23143006127301233,0.08776265148418883,0.08232259714389245,-0.08232259714389245,0.7298521310757538,0.6475295339318613,0.10704106356645812,0.8492511655441484,0.03459073662035368,1.1859858505917955,0.11591092127862418,0.11591092127862418,2.087100142792174e-06,0.35007228760254183,0.465983208881166,3.278430666189125e-06,0.04500704829177872,0.39650742982632237,True,0.8487314455514765,0.19393761446118696,0.19393761446118696,0.04244363226784306,0.23638124672903002,0.0,0.0,0.0024578603737066924,0.17749437307128196,0.17749437307128196,0.0,0.0033076025284026396,0.0,0.0014110050490393077,0.0,0.205927733616779,0.004388132574209442,0.0010704106356645812,2.0871001427921744e-07,3.278430666189125e-08,0.0004500704829177872,0.39650742982632237
0.0,0.0,0.028079827339070208,4475,0.11155551162423194,0.11155551173578745,0.04747467455801439,0.04747467455801439,0.08671238110400754,0.13418705566202194,0.0,0.007802128235275982,0.9251012892899554,0.0,0.03469346499041201,0.00020758618382146497,0.0,0.002003208447475887,1.044757216708324,0.0035432025616135426,0.71607191035249,0.1715245275981716,-0.1715245275981716,0.5396296128402814,0.36810508524210983,0.10521242783230166,0.019379607292623113,-0.019379607292623113,0.7298521310757538,0.7104725237831306,0.1405333944921602,0.7486264165832246,0.0020668486266037355,1.045462606905057,0.0435776365614049,0.0435776365614049,2.835991117719461e-06,0.35007228760254183,0.39364992416394673,3.235454412153272e-06,0.03390148923656897,0.14258811228295515,True,0.7481213064704523,0.16814896108482966,0.16814896108482966,0.04244363226784306,0.21059259335267272,0.0,0.0,0.0056159654678140415,0.11155551162423194,0.11155551162423194,0.0,0.003901064117637991,0.0,0.0024910342058575797,0.0,0.01201925068485532,0.005260621391615083,0.001405333944921602,2.8359911177194615e-07,3.235454412153272e-08,0.00033901489236568975,0.14258811228295515
4.448083357749126e-05,0.0,0.018459724587661822,4500,0.36367722225019344,0.36367722261387064,0.13794414244169534,0.13794414244169534,0.08671238110400754,0.22465652354570287,0.0,0.00424462242540535,1.0289510321697475,0.0,0.04244849608368388,0.0003311351969854168,0.0,0.1653799970681694,1.4066693952932399,0.002452371636465011,0.71607191035249,0.4806135819581491,-0.4806135819581491,0.5396296128402814,0.05901603088213229,0.08807480641326644,0.03232252374752398,-0.03232252374752398,0.7298521310757538,0.6975296073282298,0.200339501350396,1.0077880238187373,0.16596156446180443,1.4073838048595015,0.5114715493211421,0.5114715493211421,1.9677542749552583e-06,0.35007228760254183,0.861543836923684,4.6290632430605985e-06,0.019711432774852013,1.3725274992155556,True,1.0072764551887061,0.3855382190363208,0.3855382190363208,0.04244363226784306,0.42798185130416383,0.00017792333430996504,0.0,0.0036919449175323647,0.36367722225019344,0.36367722225019344,0.0,0.002122311212702675,0.0,0.003973622363825001,0.0,0.9922799824090163,0.004403740320663322,0.00200339501350396,1.9677542749552584e-07,4.629063243060598e-08,0.00019711432774852013,1.3725274992155556
0.0,0.0,0.033713177450613266,4525,0.1892252191907263,0.18922521937995151,0.01795536857636018,-0.01795536857636018,0.08671238110400754,0.06875701252764736,0.0,0.00589808261263332,0.6342716663026591,0.0,0.010562845670771115,2.0348877085906313e-05,0.0,0.005308019576581511,0.927143843248621,0.0018216469934113106,0.71607191035249,0.3842114766196566,-0.3842114766196566,0.5396296128402814,0.1554181362206248,0.05887288859050407,0.10127475232892513,-0.10127475232892513,0.7298521310757538,0.6285773787468286,0.1288927786674064,0.6643308410583872,0.005221047923120654,0.9277431807846439,0.09448186306399298,-0.09448186306399298,4.3496231808099167e-07,0.35007228760254183,0.25559042453854885,1.3184544441110338e-06,0.007464902333635681,0.23531647789199744,True,0.663901672278028,0.10911767186233312,0.10911767186233312,0.04244363226784306,0.15156130413017618,0.0,0.0,0.006742635490122654,0.1892252191907263,0.1892252191907263,0.0,0.00294904130631666,0.0,0.00024418652503087573,0.0,0.03184811745948907,0.0029436444295252036,0.001288927786674064,4.349623180809917e-08,1.3184544441110338e-08,7.464902333635681e-05,0.23531647789199744
0.0,0.0,0.040752674235303675,4550,0.23178993348751695,0.2317899337193069,0.07303755612947173,0.07303755612947173,0.08671238110400754,0.15974993723347927,0.0,0.005289222057095136,1.22183722488163,0.0,0.009878949533216804,3.064425760949427e-05,0.0,0.002836926963608123,0.9467371896760214,0.001705608686904596,0.71607191035249,0.21211077966741154,-0.21211077966741154,0.5396296128402814,0.3275188331728699,0.08137548113348461,0.16717845036468482,-0.16717845036468482,0.7298521310757538,0.5626736807110689,0.1708527113187816,0.6783828817410831,0.0027702363975636714,0.9473669647696081,0.3516997508327311,0.3516997508327311,2.7926120893544916e-06,0.35007228760254183,0.7017720384352729,8.048400906116896e-06,0.03489221655910311,0.266100955316759,True,0.6779319174804282,0.25819769636729517,0.25819769636729517,0.04244363226784306,0.3006413286351382,0.0,0.0,0.008150534847060735,0.23178993348751695,0.23178993348751695,0.0,0.002644611028547568,0.0,0.00036773109131393124,0.0,0.017021561781648736,0.004068774056674231,0.0017085271131878162,2.7926120893544917e-07,8.048400906116896e-08,0.00034892216559103106,0.266100955316759
0.0,0.0,0.024036996521831645,4575,0.23158249880730594,0.23158249903888845,0.04717058438255505,-0.04717058438255505,0.08671238110400754,0.03954179672145249,0.0,0.005967374128807761,0.7202202054620682,0.0,0.018058621481068973,6.819853159445483e-05,0.0,0.15258946625192935,0.6093729832027368,0.0011001540366321993,0.71607191035249,0.06698198153705226,0.06698198153705226,0.5396296128402814,0.6066115943773337,0.05369277208320305,0.48984287977541585,-0.48984287977541585,0.7298521310757538,0.2400092513003379,0.14365295268133832,0.43656841020209325,0.1523565903871098,0.6096711765868298,0.14547047769117996,-0.14547047769117996,1.8451639058072664e-06,0.35007228760254183,0.20460180991136187,1.835766737493144e-06,0.015147280933812877,1.160001608881155,True,0.43635488229290936,0.018245894811970614,0.018245894811970614,0.04244363226784306,0.06068952707981368,0.0,0.0,0.004807399304366329,0.23158249880730594,0.23158249880730594,0.0,0.0029836870644038803,0.0,0.000818382379133458,0.0,0.915536797511576,0.0026846386041601525,0.0014365295268133833,1.8451639058072666e-07,1.8357667374931442e-08,0.00015147280933812876,1.160001608881155
0.0,0.0,0.01785094977874328,4600,0.17200534757034883,0.17200534774235418,0.03425539374176666,0.03425539374176666,0.08671238110400754,0.1209677748457742,0.0,0.0028307903010504924,1.2037910945475285,0.0,0.02532823230568335,7.704484707261142e-05,0.0,5.02024761631307e-05,0.9929146294265486,0.0015293979710311453,0.71607191035249,0.31649478696121547,-0.31649478696121547,0.5396296128402814,0.223134825879066,0.07557422138696965,0.1540842052118876,-0.1540842052118876,0.7298521310757538,0.5757679258638662,0.06408944849398733,0.7115296840733993,4.023705212693057e-05,0.9936567317472039,0.05120540178553201,0.05120540178553201,2.9441509118895765e-06,0.35007228760254183,0.40127768938807384,4.086835275754384e-06,0.03685892773969367,0.1830052158136021,True,0.7109982854395497,0.14220717498781632,0.14220717498781632,0.04244363226784306,0.18465080725565938,0.0,0.0,0.003570189955748656,0.17200534757034883,0.17200534757034883,0.0,0.0014153951505252462,0.0,0.0009245381648713371,0.0,0.0003012148569787842,0.0037787110693484824,0.0006408944849398733,2.944150911889577e-07,4.086835275754384e-08,0.0003685892773969367,0.1830052158136021
0.0,0.0,0.033139693256757106,4625,0.1410590502134474,0.14105905035450644,0.060850519331898015,0.060850519331898015,0.08671238110400754,0.14756290043590556,0.0,0.008369894735167591,1.5488698788146449,0.0,0.029744899592218668,0.00010829209998816563,0.0,0.0017395482141766168,0.9582921084903994,0.0012096448432474646,0.71607191035249,0.17676791494911465,-0.17676791494911465,0.5396296128402814,0.3628616978911668,0.09376853110930845,0.10956930159730482,-0.10956930159730482,0.7298521310757538,0.6202828294784489,0.23128296912108115,0.686641603785156,0.0016891825233711379,0.9589003342669172,0.1469393692040446,0.1469393692040446,5.113742081490768e-06,0.35007228760254183,0.49701165680658643,6.381599841409303e-06,0.045770898816099324,0.17106827114234407,True,0.686206070385357,0.17590334533928884,0.17590334533928884,0.04244363226784306,0.2183469776071319,0.0,0.0,0.0066279386513514215,0.1410590502134474,0.1410590502134474,0.0,0.0041849473675837955,0.0,0.0012995051998579876,0.0,0.0104372892850597,0.004688426555465423,0.0023128296912108114,5.113742081490768e-07,6.381599841409303e-08,0.0004577089881609933,0.17106827114234407
0.0,0.0,0.017757254496106347,4650,0.12491755301406937,0.12491755313898693,0.01592002669882084,0.01592002669882084,0.08671238110400754,0.10263240780282838,0.0,0.004675066825321633,0.8587793376304313,0.0,0.011697191445157774,3.799816099735347e-05,0.0,0.0008896706613364881,0.970172652458918,0.0008658899029710208,0.71607191035249,0.1752402430278267,-0.1752402430278267,0.5396296128402814,0.36438936981245473,0.05967361145980326,0.17927019865165505,-0.17927019865165505,0.7298521310757538,0.5505819324240987,0.10531714241242193,0.6951515361621923,0.0008535442163614019,0.9707845209458855,0.05268816204756471,0.05268816204756471,1.9202802940610333e-06,0.35007228760254183,0.40276044965010654,2.597882359263801e-06,0.011704719889661435,0.14075465642880264,True,0.6947133943197263,0.11020680033491978,0.11020680033491978,0.04244363226784306,0.15265043260276284,0.0,0.0,0.0035514508992212698,0.12491755301406937,0.12491755301406937,0.0,0.0023375334126608167,0.0,0.0004559779319682416,0.0,0.005338023968018929,0.002983680572990163,0.0010531714241242194,1.9202802940610333e-07,2.597882359263801e-08,0.00011704719889661435,0.14075465642880264
0.0,0.0,0.016741964777631,4675,0.07777196223528283,0.0777719623130548,0.005306788802077356,0.005306788802077356,0.08671238110400754,0.0920191699060849,0.0,0.008721175208926998,0.48460570689008925,0.0,0.023301335670196852,9.198279304881e-05,0.0,0.00043159124366037367,0.9792252257855741,0.0022220078462942437,0.71607191035249,0.10071896007028847,-0.10071896007028847,0.5396296128402814,0.43891065276999297,0.04641481467183682,0.04136210446510713,-0.04136210446510713,0.7298521310757538,0.6884900266106466,0.1983411842565679,0.701461448111584,0.0004163084434110281,0.9795963620054896,0.08170361235137086,-0.08170361235137086,6.028058175254028e-07,0.35007228760254183,0.268368675251171,9.839012930489015e-07,0.017539677034463918,0.09365390323991733,True,0.7011956878858767,0.10809077540678647,0.10809077540678647,0.04244363226784306,0.15053440767462953,0.0,0.0,0.0033483929555262,0.07777196223528283,0.07777196223528283,0.0,0.004360587604463499,0.0,0.00110379351658572,0.0,0.002589547461962242,0.0023207407335918413,0.001983411842565679,6.028058175254028e-08,9.839012930489014e-09,0.00017539677034463918,0.09365390323991733
0.0,0.0,0.010405598932640541,4700,0.5862286385318403,0.5862286391180689,0.19944813281044166,0.19944813281044166,0.08671238110400754,0.2861605139144492,0.0,0.015259502726300661,1.4640053824055386,0.0,0.030462169917037485,0.00014064331767168494,0.009110866812734791,0.0010928602529612465,1.033058436940685,0.0039957744906935,0.71607191035249,0.48395430070955997,-0.48395430070955997,0.5396296128402814,0.05567531213072149,0.10501082922156653,0.005858050476899246,-0.005858050476899246,0.7298521310757538,0.7239940805988545,0.27976865775674,0.7404436889530439,0.0011584060160330502,1.034035364197156,0.8633623254846375,0.8633623254846375,1.187546231554791e-05,0.35007228760254183,1.2134346130871794,9.015948239009954e-06,0.06231509312272655,0.615134764390117,True,0.7397441387764581,0.8360023576118867,0.8360023576118867,0.04244363226784306,0.8784459898797298,0.0,0.0,0.0020811197865281085,0.5862286385318403,0.5862286385318403,0.0,0.007629751363150331,0.0,0.0016877198120602193,0.002277716703183698,0.006557161517767479,0.005250541461078327,0.0027976865775674,1.187546231554791e-06,9.015948239009954e-08,0.0006231509312272656,0.615134764390117
0.0,0.0,0.04250685499643912,4725,0.14735955221978175,0.14735955236714132,0.02308693199484102,0.02308693199484102,0.08671238110400754,0.10979931309884856,0.0,0.003239929807392411,1.1937314152680631,0.0,0.05870563574872565,0.0003313205606597747,0.0,0.0027066658777877067,0.9479743728746332,0.002037710028723901,0.71607191035249,0.18003278067758266,-0.18003278067758266,0.5396296128402814,0.3595968321626988,0.08938679389664611,0.2553103568780942,-0.2553103568780942,0.7298521310757538,0.4745417741976595,0.1451372580679856,0.6791170493283488,0.0026633613557544545,0.9483922355090394,0.021298846026917506,0.021298846026917506,3.778476766531497e-06,0.35007228760254183,0.37137113362945934,4.430582080131951e-06,0.03622596643652897,0.18398012421078416,True,0.6788178296292859,0.09996179595468532,0.09996179595468532,0.04244363226784306,0.14240542822252839,0.0,0.0,0.008501370999287826,0.14735955221978175,0.14735955221978175,0.0,0.0016199649036962055,0.0,0.003975846727917297,0.0,0.01623999526672624,0.0044693396948323055,0.001451372580679856,3.7784767665314975e-07,4.4305820801319514e-08,0.0003622596643652897,0.18398012421078416
0.0,0.0,0.00795997394816475,4750,0.2319115141661938,0.2319115143981053,0.06153683903643088,0.06153683903643088,0.08671238110400754,0.14824922014043843,0.0,0.011455402470641245,0.8251314672192098,0.0,0.02983564504556775,0.00022327961739046688,0.0,0.06419164859977261,1.2533607084766156,0.003188649650371253,0.71607191035249,0.38465157595341315,-0.38465157595341315,0.5396296128402814,0.1549780368868683,0.06421063356077024,0.1771888187346542,-0.1771888187346542,0.7298521310757538,0.5526633123410996,0.2067375917075936,0.8978761805094793,0.06446067124316136,1.2538910617630352,0.07978403797805778,0.07978403797805778,3.3487490370252757e-07,0.35007228760254183,0.4298563255805996,2.597890402326695e-06,0.014693640119227875,0.6324853606611697,True,0.8974964094132076,0.2817973827227761,0.2817973827227761,0.04244363226784306,0.3242410149906192,0.0,0.0,0.0015919947896329502,0.2319115141661938,0.2319115141661938,0.0,0.005727701235320622,0.0,0.0026793554086856023,0.0,0.38514989159863566,0.003210531678038512,0.002067375917075936,3.348749037025276e-08,2.597890402326695e-08,0.00014693640119227874,0.6324853606611697
0.0,0.0,0.012707412723004905,4775,0.09957530430524207,0.09957530440481738,0.01916706225950389,0.01916706225950389,0.08671238110400754,0.10587944336351143,0.0,0.003943919447391921,1.4939015575625092,0.0,0.007456044042789212,1.9486206641825e-05,0.0,0.08002901001996778,0.7171060092190579,0.001288950358238214,0.71607191035249,0.11700956111105287,-0.11700956111105287,0.5396296128402814,0.42262005172922856,0.09548074770157171,0.07913822098088885,-0.07913822098088885,0.7298521310757538,0.6507139100948649,0.1277095908021238,0.5139950381971398,0.07963793261644402,0.7177980641164132,0.13579196956724804,0.13579196956724804,6.443446399608835e-06,0.35007228760254183,0.48586425716978987,7.683536235375867e-06,0.038334477730163914,0.5909318404234514,True,0.5134994771178012,0.10399651701151766,0.10399651701151766,0.04244363226784306,0.14644014927936072,0.0,0.0,0.0025414825446009814,0.09957530430524207,0.09957530430524207,0.0,0.0019719597236959605,0.0,0.00023383447970189999,0.0,0.4801740601198067,0.004774037385078585,0.001277095908021238,6.443446399608836e-07,7.683536235375867e-08,0.00038334477730163916,0.5909318404234514
0.0,0.0,0.035812248144884755,4800,0.14378533255313278,0.1437853326969181,0.0684336134280142,0.0684336134280142,0.08671238110400754,0.15514599453202174,0.0,0.006367642639517078,1.577454304166101,0.0,0.022018635899085887,0.00011735179323865725,0.0,0.0005202999641682429,0.9771899152967762,0.006089489625356173,0.71607191035249,0.10418602885514189,-0.10418602885514189,0.5396296128402814,0.43544358398513955,0.098545818164021,0.05276577968811147,-0.05276577968811147,0.7298521310757538,0.6770863513876423,0.15258091703556087,0.7001651304064538,0.0004934598296601987,0.9777860442590655,0.16961927351808592,0.16961927351808592,3.5647052207520613e-06,0.35007228760254183,0.5196915611206278,7.2756343385336105e-06,0.05426813941894495,0.16565783550535315,True,0.6997382591956496,0.2372304701835332,0.2372304701835332,0.04244363226784306,0.27967410245137625,0.0,0.0,0.007162449628976952,0.14378533255313278,0.14378533255313278,0.0,0.003183821319758539,0.0,0.001408221518863887,0.0,0.0031217997850094574,0.00492729090820105,0.0015258091703556087,3.5647052207520615e-07,7.275634338533611e-08,0.0005426813941894495,0.16565783550535315
0.0,0.0,0.021676415277433102,4825,0.05768067764132723,0.0576806776990079,0.021914072610901184,0.021914072610901184,0.08671238110400754,0.10862645371490873,0.0,0.004917758584020977,1.1793976478467494,0.0,0.029588460894191624,0.00016296419778655423,0.0,0.006836193718966663,0.9173187220770829,0.0034947805958701283,0.71607191035249,0.07930786743752805,0.07930786743752805,0.5396296128402814,0.6189374802778095,0.0917563484421618,0.05783199186355392,-0.05783199186355392,0.7298521310757538,0.6720201392121998,0.08937433241074774,0.6571976106361277,0.006759870382742293,0.9177815690812438,0.009242891965605737,-0.009242891965605737,2.036362557206767e-06,0.35007228760254183,0.3408293956369361,3.575803450259406e-06,0.026634095654760596,0.11319571377311638,True,0.6568661788930288,0.0802207463715325,0.0802207463715325,0.04244363226784306,0.12266437863937556,0.0,0.0,0.00433528305548662,0.05768067764132723,0.05768067764132723,0.0,0.0024588792920104885,0.0,0.001955570373438651,0.0,0.04101716231379998,0.00458781742210809,0.0008937433241074774,2.0363625572067668e-07,3.575803450259406e-08,0.000266340956547606,0.11319571377311638
0.0,0.0,0.029648897167084017,4850,0.09220451389159731,0.0922045139838018,0.007424663512094504,-0.007424663512094504,0.08671238110400754,0.07928771759191304,0.0,0.005628835121517994,0.6415183784123764,0.0,0.03275431655030721,0.00011463185202394252,0.0,0.0006028853853456092,0.9754462755300625,0.0014076506636660619,0.71607191035249,0.09112711698835219,-0.09112711698835219,0.5396296128402814,0.44850249585192925,0.05516449132976004,0.029360180636656574,-0.029360180636656574,0.7298521310757538,0.7004919504390972,0.14963787924884925,0.6986914421478624,0.0005891286657046943,0.9757280271567247,0.10845506673873143,-0.10845506673873143,7.045871568686451e-07,0.35007228760254183,0.2416172208638104,1.695526670710142e-06,0.01083183454911856,0.11030461454058414,True,0.6984896877194959,0.14671251891965142,0.14671251891965142,0.04244363226784306,0.1891561511874945,0.0,0.0,0.005929779433416804,0.09220451389159731,0.09220451389159731,0.0,0.002814417560758997,0.0,0.0013755822242873103,0.0,0.0036173123120736552,0.0027582245664880024,0.0014963787924884926,7.045871568686452e-08,1.695526670710142e-08,0.0001083183454911856,0.11030461454058414
0.0,0.0,0.02604447240944505,4875,0.15851277032542663,0.1585127704839394,0.0030184107491125073,-0.0030184107491125073,0.08671238110400754,0.08369397035489504,0.0,0.013179444154056325,1.7129793837312746,0.0,0.010431274504059066,2.620570969434159e-05,0.0,0.13192536090147192,0.6367846907115947,0.0033136007673539815,0.71607191035249,0.0681148858623678,0.0681148858623678,0.5396296128402814,0.6077444987026492,0.08213451531217585,0.34325881902251987,-0.34325881902251987,0.7298521310757538,0.3865933120532339,0.2484586087614392,0.4562331198870092,0.13167238970014447,0.6371330964387294,0.02037632746704149,-0.02037632746704149,5.865052686807994e-06,0.35007228760254183,0.32969596013550034,1.0188096273933949e-05,0.04894309415738827,0.9692594519905359,True,0.45598363632891803,0.05235391098282295,0.05235391098282295,0.04244363226784306,0.09479754325066601,0.0,0.0,0.00520889448188901,0.15851277032542663,0.15851277032542663,0.0,0.006589722077028163,0.0,0.0003144685163320991,0.0,0.7915521654088316,0.004106725765608793,0.002484586087614392,5.865052686807994e-07,1.0188096273933949e-07,0.0004894309415738827,0.9692594519905359
0.0,0.0,0.04302648473517499,4900,0.18208183294594127,0.1820818331280231,0.021298792113020368,0.021298792113020368,0.08671238110400754,0.10801117321702791,0.0,0.004762248226059966,0.8627358197861323,0.0,0.04495308517021447,0.00022046305433417811,0.0,0.0006356039401896829,0.9747888131935507,0.0014490612812580067,0.71607191035249,0.3227851306924664,-0.3227851306924664,0.5396296128402814,0.21684448214781502,0.06687615431149348,0.09580614894565531,-0.09580614894565531,0.7298521310757538,0.6340459821300984,0.12717864140267116,0.6983634812195896,0.0006115715560521776,0.9752700271724335,0.017493533659577676,-0.017493533659577676,2.2893488099291483e-06,0.35007228760254183,0.33257875394296416,2.659364311255003e-06,0.03504444844324622,0.20449372844171246,True,0.6980188974016305,0.2272449091596643,0.2272449091596643,0.04244363226784306,0.26968854142750737,0.0,0.0,0.008605296947034997,0.18208183294594127,0.18208183294594127,0.0,0.002381124113029983,0.0,0.002645556652010137,0.0,0.003813623641138098,0.003343807715574674,0.0012717864140267116,2.2893488099291483e-07,2.6593643112550027e-08,0.00035044448443246224,0.20449372844171246
0.0010718572750636022,0.0,0.02219389355278786,4925,0.31473325017773335,0.31473325049246664,0.08664851134469494,0.08664851134469494,0.08671238110400754,0.17336089244870248,0.0,0.0065419672462864965,0.5070451002057874,0.0,0.05640787682003974,0.00043049421632308153,0.0003867391388266618,0.1872632424243966,1.4327392314366663,0.00243353242485493,0.71607191035249,0.5836034197500011,-0.5836034197500011,0.5396296128402814,-0.043973806909719665,0.07178589093379724,0.03312248317029742,0.03312248317029742,0.7298521310757538,0.7629746142460512,0.18179639500826328,1.0262156538293157,0.18759131742377202,1.4331181333352045,0.19922618950646132,0.19922618950646132,1.0719700684963625e-06,0.35007228760254183,0.5492984771090031,1.055145683112636e-06,0.005919289221393568,1.4610390806761018,True,1.0259443328192042,0.3261840052623518,0.3261840052623518,0.04244363226784306,0.3686276375301949,0.004287429100254409,0.0,0.004438778710557572,0.31473325017773335,0.31473325017773335,0.0,0.0032709836231432482,0.0,0.005165930595876979,9.668478470666545e-05,1.1235794545463795,0.003589294546689862,0.001817963950082633,1.0719700684963625e-07,1.055145683112636e-08,5.919289221393568e-05,1.4610390806761018
0.0,0.0,0.0061144015606801536,4950,0.23934197373349891,0.23934197397284088,0.005117782828974599,-0.005117782828974599,0.08671238110400754,0.08159459827503295,0.0,0.0069295067002121,0.5558593007220719,0.0,0.024423835337552557,8.022915314727495e-05,0.0,7.545282349963456e-06,1.002746867734341,0.001864873413232803,0.71607191035249,0.5057671016477586,-0.5057671016477586,0.5396296128402814,0.03386251119252284,0.06451712007803542,0.00453426141750235,0.00453426141750235,0.7298521310757538,0.7343863924932561,0.123653810370567,0.7185221585851116,1.1708555976141316e-05,1.0034217767279794,0.12304281367571449,-0.12304281367571449,1.088391708855237e-06,0.35007228760254183,0.22702947392682735,1.1282518241948326e-06,0.006631087634035284,0.249566454033245,True,0.7180388752059739,0.12424273094222696,0.12424273094222696,0.04244363226784306,0.16668636321007002,0.0,0.0,0.0012228803121360308,0.23934197373349891,0.23934197373349891,0.0,0.00346475335010605,0.0,0.0009627498377672995,0.0,4.527169409978074e-05,0.0032258560039017713,0.00123653810370567,1.0883917088552369e-07,1.1282518241948327e-08,6.631087634035284e-05,0.249566454033245
0.0,0.0,0.024191605696989034,4975,0.18721992770637988,0.1872199278935998,0.06199951411714656,0.06199951411714656,0.08671238110400754,0.1487118952211541,0.0,0.012279679948874528,1.1877132609301269,0.0,0.021266943687622535,8.539042521118834e-05,0.0,0.0007988019470798785,1.0282630845287608,0.002503025467676244,0.71607191035249,0.3073536799910422,-0.3073536799910422,0.5396296128402814,0.23227593284923925,0.07077848709477681,0.09332666106591514,-0.09332666106591514,0.7298521310757538,0.6365254700098386,0.2490718543017263,0.73680095783236,0.0008380018662443114,1.0289482618864123,0.18388580368643204,0.18388580368643204,4.117281644897971e-06,0.35007228760254183,0.5339580912889739,4.271331849473961e-06,0.02316863830269565,0.21027736932749452,True,0.7363103215660846,0.1855328223913713,0.1855328223913713,0.04244363226784306,0.22797645465921437,0.0,0.0,0.004838321139397807,0.18721992770637988,0.18721992770637988,0.0,0.006139839974437264,0.0,0.0010246851025342602,0.0,0.004792811682479271,0.003538924354738841,0.002490718543017263,4.117281644897971e-07,4.271331849473961e-08,0.00023168638302695652,0.21027736932749452
0.0,0.0,0.03033863928547205,5000,0.1515105586044135,0.15151055875592406,0.010082816259296787,0.010082816259296787,0.08671238110400754,0.09679519736330433,0.0,0.005014368841035406,0.8530363069320713,0.0,0.017374476909255837,7.416853355089295e-05,0.0,0.0021582835608493518,0.9535426694605754,0.0015694424075688939,0.71607191035249,0.2887635189250555,-0.2887635189250555,0.5396296128402814,0.25086609391522596,0.05448685098646865,0.13227939874347572,-0.13227939874347572,0.7298521310757538,0.597572732332278,0.2072893578249262,0.6832049516333037,0.0021067161045918784,0.954101022837193,0.013572848637804613,-0.013572848637804613,1.5689285610458282e-06,0.35007228760254183,0.3364994389647372,2.178967607567762e-06,0.017092142341526333,0.17889353088325258,True,0.6828051304586739,0.11665827220939701,0.11665827220939701,0.04244363226784306,0.15910190447724007,0.0,0.0,0.00606772785709441,0.1515105586044135,0.1515105586044135,0.0,0.002507184420517703,0.0,0.0008900224026107154,0.0,0.01294970136509611,0.002724342549323433,0.002072893578249262,1.5689285610458282e-07,2.178967607567762e-08,0.00017092142341526334,0.17889353088325258
0.0,0.0,0.006763280366020153,5025,0.17047413492767172,0.17047413509814585,0.039737740973252986,0.039737740973252986,0.08671238110400754,0.12645012207726053,0.0,0.0059145895982424725,0.5825150960031527,0.0,0.014646356863275064,3.494741356870836e-05,0.0,0.029342835214320805,1.171297504985685,0.000799853845085684,0.71607191035249,0.28355649429755225,-0.28355649429755225,0.5396296128402814,0.2560731185427292,0.05857386820238192,0.08617883690827877,-0.08617883690827877,0.7298521310757538,0.643673294167475,0.15119744312376532,0.8391809174465902,0.029557404764879815,1.171922670886884,0.1122654545719961,0.1122654545719961,9.082187544732318e-07,0.35007228760254183,0.46233774217453794,1.3155619982659361e-06,0.01392249456583073,0.35584046281325676,True,0.8387332536991797,0.20807079552452493,0.20807079552452493,0.04244363226784306,0.250514427792368,0.0,0.0,0.0013526560732040308,0.17047413492767172,0.17047413492767172,0.0,0.0029572947991212363,0.0,0.00041936896282450034,0.0,0.17605701128592482,0.0029286934101190962,0.0015119744312376531,9.082187544732318e-08,1.3155619982659361e-08,0.0001392249456583073,0.35584046281325676
0.0,0.0,0.04192767729192608,5050,0.17147553338413324,0.17147553355560877,0.029118156134466104,-0.029118156134466104,0.08671238110400754,0.05759422496954144,0.0,0.008666955766155053,1.0435288188047185,0.0,0.018159950066511207,7.199275449028669e-05,0.0,0.10749848796705862,0.6721303796216267,0.0038826502928635638,0.71607191035249,0.24597871492311185,0.24597871492311185,0.5396296128402814,0.7856083277633933,0.06588924954657885,0.25792490582440863,-0.25792490582440863,0.7298521310757538,0.4719272252513451,0.1682261272723265,0.4815425924987099,0.10727067910522514,0.6724779715725595,0.13833972726552185,-0.13833972726552185,2.301467045000685e-06,0.35007228760254183,0.21173256033701998,3.041005345784421e-06,0.021020386399755613,0.8352365757526388,True,0.48129369166290636,0.0016615187563935874,0.0016615187563935874,0.04244363226784306,0.04410515102423665,0.0,0.0,0.008385535458385216,0.17147553338413324,0.17147553338413324,0.0,0.0043334778830775265,0.0,0.0008639130538834403,0.0,0.6449909278023517,0.0032944624773289426,0.001682261272723265,2.301467045000685e-07,3.041005345784421e-08,0.00021020386399755612,0.8352365757526388
0.0,0.0,0.03881215140900466,5075,0.13249045146566218,0.13249045159815265,0.0378486718872281,0.0378486718872281,0.08671238110400754,0.12456105299123564,0.0,0.006083141323606092,0.9677899448445267,0.0,0.03169882034536616,0.00014931113353219066,0.0,1.3003862186403634e-05,0.9963939131754208,0.0017005831758207493,0.71607191035249,0.1809093756724361,-0.1809093756724361,0.5396296128402814,0.35872023716784535,0.08171520588255574,0.16275558187563466,-0.16275558187563466,0.7298521310757538,0.5670965492001191,0.18933367819699023,0.7138126703729644,9.954404542076946e-06,0.9968449398512743,0.08200620103526357,0.08200620103526357,3.880378803442664e-06,0.35007228760254183,0.4320784886378054,3.501504055946741e-06,0.019512937915848447,0.15133885869294797,True,0.7134897028350558,0.14280573592710488,0.14280573592710488,0.04244363226784306,0.18524936819494794,0.0,0.0,0.007762430281800932,0.13249045146566218,0.13249045146566218,0.0,0.003041570661803046,0.0,0.0017917336023862878,0.0,7.80231731184218e-05,0.004085760294127787,0.0018933367819699025,3.8803788034426644e-07,3.501504055946741e-08,0.00019512937915848447,0.15133885869294797
0.0,0.0,0.06686892977564772,5100,0.15704133812857313,0.15704133828561445,0.077125012986222,0.077125012986222,0.08671238110400754,0.16383739409022954,0.0,0.005226731030632269,1.3616162595733343,1.8059867688056765e-05,0.08424969030495832,0.001197967467603238,0.0,0.0037360397751524973,1.0611231525295652,0.006019831428505177,0.71607191035249,0.18002615828973528,-0.18002615828973528,0.5396296128402814,0.35960345455054615,0.11610930397380326,0.11008105595392448,-0.11008105595392448,0.7298521310757538,0.6197710751218293,0.2680897068295376,0.7602735033340873,0.003810327964372542,1.0617278540399109,0.1912042193775253,0.1912042193775253,2.843435471585126e-06,0.35007228760254183,0.5412765069800671,8.631333449406358e-06,0.037561596041468685,0.21879104595158286,True,0.759840493562334,0.1904608410364146,0.1904608410364146,0.04244363226784306,0.23290447330425768,0.0,0.0,0.013373785955129544,0.15704133812857313,0.15704133812857313,0.0,0.0026133655153161347,0.00010835920612834059,0.014375609611238856,0.0,0.022416238650914983,0.005805465198690163,0.002680897068295376,2.843435471585126e-07,8.631333449406358e-08,0.00037561596041468684,0.21879104595158286
0.0,0.0,0.015609979067069516,5125,0.23139785682385486,0.2313978570552527,0.008005344685267896,0.008005344685267896,0.08671238110400754,0.09471772578927544,0.0,0.002645631627780808,0.30178214895619665,0.0,0.05565401122048922,0.0002504357507516348,0.0,0.021054311849419187,1.1451010401389983,0.000550259109905596,0.71607191035249,0.4582724024434324,-0.4582724024434324,0.5396296128402814,0.081357210396849,0.05572757110984996,0.07151591645455047,-0.07151591645455047,0.7298521310757538,0.6583362146212033,0.055238937264771006,0.8205068957268786,0.021270546563408533,1.145844254475137,0.0023987861328134685,-0.0023987861328134685,3.837835633212003e-07,0.35007228760254183,0.34767350146972836,3.873220398866301e-07,0.002100299503906626,0.36853358173144996,True,0.8199747008099663,0.22918743504556569,0.22918743504556569,0.04244363226784306,0.27163106731340875,0.0,0.0,0.0031219958134139033,0.23139785682385486,0.23139785682385486,0.0,0.001322815813890404,0.0,0.003005229009019618,0.0,0.1263258710965151,0.0027863785554924983,0.00055238937264771,3.837835633212003e-08,3.873220398866301e-09,2.100299503906626e-05,0.36853358173144996
0.0,0.0,0.02284797158048265,5150,0.13183662441047408,0.1318366245423107,0.006381797233608155,0.006381797233608155,0.08671238110400754,0.0930941783376157,0.0,0.00933757653520497,0.8443680734647259,0.0,0.04522896738661605,0.00019764211312910666,0.0,6.81679866171932e-05,1.008256390653136,0.0022315526260856845,0.71607191035249,0.2680971789187737,-0.2680971789187737,0.5396296128402814,0.2715324339215077,0.05951333886133587,0.007744503957582416,-0.007744503957582416,0.7298521310757538,0.7221076271181713,0.15474924705819784,0.7224100399376656,7.834432990648097e-05,1.008851233242124,0.003120746048492107,-0.003120746048492107,7.835381672850241e-07,0.35007228760254183,0.3469515415540497,2.3341921932532984e-06,0.01433398368698718,0.14852232121768283,True,0.7219840898626615,0.12213900595619315,0.12213900595619315,0.04244363226784306,0.1645826382240362,0.0,0.0,0.00456959431609653,0.13183662441047408,0.13183662441047408,0.0,0.004668788267602485,0.0,0.00237170535754928,0.0,0.0004090079197031592,0.0029756669430667936,0.0015474924705819785,7.835381672850242e-08,2.3341921932532985e-08,0.0001433398368698718,0.14852232121768283
0.0,0.0,0.026448589616903908,5175,0.09378903677907481,0.09378903687286384,0.019842001142426013,0.019842001142426013,0.08671238110400754,0.10655438224643356,0.0,0.0027945439598739677,0.9282796737982133,0.0,0.014788596907971662,3.2024467249237515e-05,0.0,0.0002887750360217586,0.9830066178757212,0.002497846924390762,0.71607191035249,0.081391814282893,-0.081391814282893,0.5396296128402814,0.45823779855738844,0.07852498193784076,0.03210028012056887,-0.03210028012056887,0.7298521310757538,0.6977518509551849,0.12485208453542337,0.7041424885421648,0.0002775404130836228,0.9833404557960422,0.06365513102401865,0.06365513102401865,2.1669048431261705e-06,0.35007228760254183,0.4137274186265605,2.842337645975102e-06,0.016761788967059973,0.10793560345129162,True,0.703903436581474,0.17855302029536246,0.17855302029536246,0.04244363226784306,0.22099665256320553,0.0,0.0,0.005289717923380782,0.09378903677907481,0.09378903677907481,0.0,0.0013972719799369838,0.0,0.0003842936069908502,0.0,0.0017326502161305517,0.003926249096892038,0.0012485208453542338,2.1669048431261707e-07,2.842337645975102e-08,0.00016761788967059973,0.10793560345129162
0.0,0.0,0.05018155342596602,5200,0.108837769472282,0.10883776958111978,0.007015405605741945,0.007015405605741945,0.08671238110400754,0.09372778670974949,0.0,0.0032580523782997036,0.9067409307564798,0.0,0.011665898448713968,2.156143104072021e-05,0.0,0.0011315061234823851,0.9663621325960996,0.0024259945093571627,0.71607191035249,0.17379281379361677,0.17379281379361677,0.5396296128402814,0.7134224266338982,0.07095070799066605,0.010705676673330444,-0.010705676673330444,0.7298521310757538,0.7191464544024233,0.15141511796824533,0.6923912837752859,0.0010936376622185419,0.9669298070429194,0.00987538146930722,0.00987538146930722,1.589836054802441e-06,0.35007228760254183,0.35994766907184905,2.7206842633725177e-06,0.01275541910949938,0.1327403072207669,True,0.6919847880440166,0.16959660292190568,0.16959660292190568,0.04244363226784306,0.21204023518974874,0.0,0.0,0.010036310685193206,0.108837769472282,0.108837769472282,0.0,0.0016290261891498518,0.0,0.0002587371724886425,0.0,0.006789036740894311,0.003547535399533303,0.0015141511796824534,1.589836054802441e-07,2.720684263372518e-08,0.0001275541910949938,0.1327403072207669
0.0,0.0,0.016329502142710724,5225,0.17684673914794372,0.17684673932479045,0.011504496761558486,0.011504496761558486,0.08671238110400754,0.09821687786556603,0.0,0.005898941914053613,0.8309550070883798,0.0,0.0227420038497368,9.313611047418679e-05,0.0,0.005386078213893407,0.9266100946049567,0.0025008432932857537,0.71607191035249,0.38418710806293577,-0.38418710806293577,0.5396296128402814,0.1554425047773457,0.08683287695710196,0.0034200959950575482,-0.0034200959950575482,0.7298521310757538,0.7264320350806962,0.1146719204239327,0.6639244102430579,0.005303393673262077,0.9271755969934385,0.028212420735280075,-0.028212420735280075,2.2694039886242843e-06,0.35007228760254183,0.32185986686726176,2.3417128350959066e-06,0.011972413089890612,0.2221045506830839,True,0.6635194698617738,0.08851056920613207,0.08851056920613207,0.04244363226784306,0.13095420147397513,0.0,0.0,0.003265900428542145,0.17684673914794372,0.17684673914794372,0.0,0.0029494709570268064,0.0,0.0011176333256902415,0.0,0.03231646928336045,0.004341643847855098,0.001146719204239327,2.2694039886242844e-07,2.3417128350959067e-08,0.00011972413089890612,0.2221045506830839
0.0,0.0,0.019677772023398925,5250,0.11068006115663054,0.1106800612673106,0.03470939266570494,0.03470939266570494,0.08671238110400754,0.12142177376971248,0.0,0.004648511332322051,0.9701890267124169,0.0,0.02430474444511376,0.00014164439637549884,0.0,3.9652853193996096e-06,1.0019913024178662,0.002272320348891765,0.71607191035249,0.19151129539798417,-0.19151129539798417,0.5396296128402814,0.34811831744229726,0.09701158893944264,0.02536953667687436,-0.02536953667687436,0.7298521310757538,0.7044825943988794,0.09175443836472472,0.7178903084029165,6.448517009784557e-06,1.0025393930396425,0.08576282701154359,0.08576282701154359,3.6857769798179754e-06,0.35007228760254183,0.4358351146140854,3.5255201514527085e-06,0.01847809469149484,0.12461670430632756,True,0.717497836098854,0.12397655309868427,0.12397655309868427,0.04244363226784306,0.16642018536652733,0.0,0.0,0.003935554404679785,0.11068006115663054,0.11068006115663054,0.0,0.0023242556661610255,0.0,0.0016997327565059861,0.0,2.3791711916397656e-05,0.004850579446972133,0.0009175443836472472,3.685776979817976e-07,3.525520151452709e-08,0.00018478094691494842,0.12461670430632756
0.0,0.0,0.018039042735791825,5275,0.10265381368231519,0.102653813784969,0.03150179425997124,0.03150179425997124,0.08671238110400754,0.11821417536397878,0.0,0.008023600104412002,0.8753633324712272,0.0,0.029578991553310424,0.00011293865283709272,0.0,0.0032832834709051345,1.057299943027067,0.003596600623641876,0.71607191035249,0.1843870996786956,0.1843870996786956,0.5396296128402814,0.724016712518977,0.06720961338869931,0.010602430636682425,0.010602430636682425,0.7298521310757538,0.7404545617124362,0.13866164003175643,0.7574874664387966,0.003345133823024587,1.057837131870664,0.0033754881817164573,0.0033754881817164573,2.067800483734413e-06,0.35007228760254183,0.3534477757842583,2.3968153496766774e-06,0.017104040477276983,0.13624675516388263,True,0.7571028005919702,0.132567931256417,0.132567931256417,0.04244363226784306,0.17501156352426006,0.0,0.0,0.003607808547158365,0.10265381368231519,0.10265381368231519,0.0,0.004011800052206001,0.0,0.0013552638340451127,0.0,0.019699700825430808,0.0033604806694349657,0.0013866164003175643,2.0678004837344128e-07,2.3968153496766774e-08,0.00017104040477276984,0.13624675516388263
0.0,0.0,0.030115126114027474,5300,0.2077573952238686,0.20775739543162602,0.05394692989812562,0.05394692989812562,0.08671238110400754,0.14065931100213316,0.0,0.0053634237231749635,1.1294827874469648,0.0,0.020308702505861313,8.447571819052092e-05,0.0,0.00018001515835735422,1.0134169727717304,0.002250227976306981,0.71607191035249,0.25449004682102516,-0.25449004682102516,0.5396296128402814,0.2851395660192563,0.06505781261420421,0.18003501947842593,-0.18003501947842593,0.7298521310757538,0.5498171115973278,0.1530132266003433,0.7260349336453691,0.0001935834082274425,1.0139134254670603,0.18607855132943285,0.18607855132943285,1.3514414382849542e-06,0.35007228760254183,0.5361508389319747,4.424067012559957e-06,0.024331665177184544,0.2235824508099914,True,0.7256794378104601,0.2847848066572489,0.2847848066572489,0.04244363226784306,0.32722843892509196,0.0,0.0,0.006023025222805495,0.2077573952238686,0.2077573952238686,0.0,0.0026817118615874817,0.0,0.001013708618286251,0.0,0.0010800909501441254,0.0032528906307102107,0.001530132266003433,1.3514414382849542e-07,4.4240670125599574e-08,0.00024331665177184544,0.2235824508099914
0.0,0.0,0.023205056815300565,5325,0.09703143743660603,0.09703143753363747,0.02870002718484245,-0.02870002718484245,0.08671238110400754,0.058012353919165094,0.0,0.007262133905488227,1.154084996130168,0.0,0.009570458606720676,1.7710870622372516e-05,0.0,0.09583936135520069,0.6904206703360176,0.002016961403329861,0.71607191035249,0.04860305628561801,0.04860305628561801,0.5396296128402814,0.5882326691258994,0.05293266656443632,0.11097950921873556,-0.11097950921873556,0.7298521310757538,0.6188726218570182,0.20759894211804514,0.4946224589982729,0.09563920750498811,0.6907441067578693,0.17033674761898498,-0.17033674761898498,3.0607869145105565e-06,0.35007228760254183,0.17973553998355685,3.434591723671948e-06,0.0359357617313139,0.685634535122407,True,0.4943908552585656,0.050581534700541594,0.050581534700541594,0.04244363226784306,0.09302516696838466,0.0,0.0,0.004641011363060113,0.09703143743660603,0.09703143743660603,0.0,0.0036310669527441137,0.0,0.0002125304474684702,0.0,0.5750361681312042,0.0026466333282218163,0.0020759894211804515,3.0607869145105565e-07,3.434591723671948e-08,0.000359357617313139,0.685634535122407
0.0,0.0,0.019069072519627518,5350,0.17704689787706795,0.17704689805411483,0.025188690361008848,0.025188690361008848,0.08671238110400754,0.11190107146501639,0.0,0.00854887180555497,0.7847859532589716,0.0,0.049919948736487654,0.0002950737556022921,0.0,0.0007143977516789019,1.0267282201367562,0.00377807494236375,0.71607191035249,0.35511316260374853,-0.35511316260374853,0.5396296128402814,0.1845164502365329,0.057613184401808806,0.07905304240115851,-0.07905304240115851,0.7298521310757538,0.6507990886745952,0.1853015571959608,0.7357277616602373,0.0007534769768923561,1.0274495350942845,0.01600922728578863,0.01600922728578863,1.3922616182471713e-06,0.35007228760254183,0.36608151488833046,1.987279677417678e-06,0.03355401889323899,0.1980317939410129,True,0.7352112482734212,0.15324005124383808,0.15324005124383808,0.04244363226784306,0.19568368351168114,0.0,0.0,0.0038138145039255038,0.17704689787706795,0.17704689787706795,0.0,0.004274435902777485,0.0,0.003540885067227505,0.0,0.004286386510073412,0.0028806592200904405,0.001853015571959608,1.3922616182471713e-07,1.987279677417678e-08,0.00033554018893238986,0.1980317939410129
0.0,0.0,0.019723895335474084,5375,0.18118193338856078,0.18118193356974271,0.032440174702914396,0.032440174702914396,0.08671238110400754,0.11915255580692194,0.0,0.009346990773109907,0.9962763907109575,0.0,0.036602390783622686,0.0002782627136390061,0.0,9.253187142128557e-05,1.0096193488044298,0.0034228359998346933,0.71607191035249,0.35042745870885195,-0.35042745870885195,0.5396296128402814,0.18920215413142952,0.0551089855326441,0.15353581230346036,-0.15353581230346036,0.7298521310757538,0.5763163187722934,0.1798141440613584,0.7234410136718237,0.00010590460014577804,1.0102909960716044,0.08150667524857413,0.08150667524857413,2.1398489847346995e-06,0.35007228760254183,0.43157896285111597,2.8288052314787976e-06,0.01695810815659976,0.1984179657061689,True,0.7229600659234185,0.10033001913033615,0.10033001913033615,0.04244363226784306,0.1427736513981792,0.0,0.0,0.003944779067094817,0.18118193338856078,0.18118193338856078,0.0,0.004673495386554954,0.0,0.0033391525636680733,0.0,0.0005551912285277134,0.002755449276632205,0.001798141440613584,2.1398489847346997e-07,2.8288052314787978e-08,0.0001695810815659976,0.1984179657061689
0.0,0.0,0.024020836374689023,5400,0.1618004634349079,0.16180046359670838,0.04613699175074133,0.04613699175074133,0.08671238110400754,0.13284937285474888,0.0,0.0052739035629963205,0.8700910085634613,0.0,0.02430787925401468,6.116192103510741e-05,0.0,0.0016835250301873857,1.0410307814961814,0.0013694047936274444,0.71607191035249,0.2662790903912736,-0.2662790903912736,0.5396296128402814,0.2733505224490078,0.0671706706209184,0.11889074659864307,-0.11889074659864307,0.7298521310757538,0.6109613844771107,0.1146685280313638,0.7458624989247133,0.00173079083959276,1.041602774421819,0.11055572458861046,0.11055572458861046,2.8530457444823255e-06,0.35007228760254183,0.4606280121911523,2.829227107733908e-06,0.027064698680443422,0.18485285511989896,True,0.745452910852024,0.1774998485831502,0.1774998485831502,0.04244363226784306,0.21994348085099327,0.0,0.0,0.004804167274937805,0.1618004634349079,0.1618004634349079,0.0,0.0026369517814981602,0.0,0.000733943052421289,0.0,0.010101150181124315,0.0033585335310459203,0.0011466852803136381,2.8530457444823254e-07,2.829227107733908e-08,0.0002706469868044342,0.18485285511989896
0.0,0.0,0.0070863485742026465,5425,0.30116945736240397,0.3011694576635734,0.07687235490846682,0.07687235490846682,0.08671238110400754,0.16358473601247436,0.0,0.0071918351298866385,1.0131977721562957,0.0,0.03390671660663404,7.5692609965164e-05,0.0,0.005083387956782338,1.0712978818534067,0.0027124833703887513,0.71607191035249,0.11494633928812853,-0.11494633928812853,0.5396296128402814,0.4246832735521529,0.08766072785405284,0.08280895474575156,-0.08280895474575156,0.7298521310757538,0.6470431763300022,0.15035934196378462,0.7674449502239954,0.00514703442223344,1.0717428353372895,0.4295882777883884,0.4295882777883884,3.3493216045308477e-06,0.35007228760254183,0.7796605653909302,3.843857349085687e-06,0.017519575138749247,0.34365348263692574,True,0.7671263315283239,0.49293993537008374,0.49293993537008374,0.04244363226784306,0.5353835676379268,0.0,0.0,0.0014172697148405293,0.30116945736240397,0.30116945736240397,0.0,0.0035959175649433192,0.0,0.000908311319581968,0.0,0.030500327740694028,0.004383036392702642,0.0015035934196378463,3.349321604530848e-07,3.843857349085687e-08,0.0001751957513874925,0.34365348263692574
0.003504339598876113,0.0,0.01322065033203242,5450,0.41479897845916125,0.4147989788739602,0.2009723243300226,0.2009723243300226,0.08671238110400754,0.28768470543403013,0.0,0.009947085963736066,1.6431172466279182,0.00013150808123507914,0.09146769729436033,0.0013746930783207437,0.0007361417387968673,0.21086230981805573,1.4591974627739746,0.0107378489613765,0.71607191035249,0.6002984573486808,-0.6002984573486808,0.5396296128402814,-0.060668844508399336,0.1032123776591651,0.020785860587525296,0.020785860587525296,0.7298521310757538,0.750637991663279,0.23276912297430416,1.0456939475724725,0.2118942463481407,1.460319721876155,0.4145415194697064,0.4145415194697064,3.176905136158917e-06,0.35007228760254183,0.7646138070722482,6.510800793760911e-06,0.055315685067395565,1.72711911943513,True,1.044890329342041,0.5359721335740933,0.5359721335740933,0.04244363226784306,0.5784157658419364,0.014017358395504453,0.0,0.0026441300664064842,0.41479897845916125,0.41479897845916125,0.0,0.004973542981868033,0.0007890484874104749,0.016496316939848925,0.00018403543469921682,1.2651738589083343,0.005160618882958256,0.0023276912297430417,3.1769051361589173e-07,6.510800793760911e-08,0.0005531568506739556,1.72711911943513
0.0,0.0,0.009604635128058264,5475,0.25899244093112095,0.2589924411901134,0.08694183042136512,0.08694183042136512,0.08671238110400754,0.17365421152537266,0.0,0.00957387935826223,1.4207672975698646,0.0,0.025869953308625838,7.235553258798808e-05,0.0,2.582512871337122e-07,1.0005081843042969,0.0024454281764607487,0.71607191035249,0.44482938470699196,-0.44482938470699196,0.5396296128402814,0.09480022813328946,0.08524127376029406,0.17925906980812,-0.17925906980812,0.7298521310757538,0.5505930612676337,0.23349880914522486,0.7169290531708241,1.432791380085409e-06,1.0011969926399462,0.2258560240552112,0.2258560240552112,7.286887332736339e-06,0.35007228760254183,0.575928311657753,6.135646674793615e-06,0.03662011505204625,0.2735341665098298,True,0.7164358168631608,0.21635295672061575,0.21635295672061575,0.04244363226784306,0.2587965889884588,0.0,0.0,0.0019209270256116528,0.25899244093112095,0.25899244093112095,0.0,0.004786939679131115,0.0,0.000868266391055857,0.0,1.5495077228022732e-06,0.004262063688014703,0.0023349880914522486,7.28688733273634e-07,6.135646674793615e-08,0.0003662011505204625,0.2735341665098298
0.0,0.0,0.005764777451760584,5500,0.1356683545457552,0.13566835468142358,0.00021284043667584018,0.00021284043667584018,0.08671238110400754,0.08692522154068338,0.0,0.010331241869920096,0.64553638238154,0.0,0.009634326020279317,1.7706234624672246e-05,0.0,0.005392326303671495,0.9265675391691692,0.0023548447573425117,0.71607191035249,0.28030527317024917,-0.28030527317024917,0.5396296128402814,0.25932433967003227,0.04820318828428125,0.053543472397504344,-0.053543472397504344,0.7298521310757538,0.6763086586782494,0.22070023989557472,0.6637952147984059,0.005329704538802339,0.9269951745512508,0.005850121590787127,-0.005850121590787127,1.2881791567473988e-06,0.35007228760254183,0.3442221660117547,1.4945700899915568e-06,0.019363306474644112,0.17936430225012523,True,0.663488997109148,0.10274869090511043,0.10274869090511043,0.04244363226784306,0.1451923231729535,0.0,0.0,0.001152955490352117,0.1356683545457552,0.1356683545457552,0.0,0.005165620934960048,0.0,0.00021247481549606695,0.0,0.032353957822028975,0.0024101594142140626,0.0022070023989557474,1.2881791567473987e-07,1.4945700899915567e-08,0.00019363306474644114,0.17936430225012523
0.0,0.0,0.021036747803357368,5525,0.11995690108652847,0.11995690120648538,0.029795703046065228,-0.029795703046065228,0.08671238110400754,0.056916678057942316,0.0,0.01105505579005685,0.7376072692703518,0.0,0.024747164892506383,9.775649297820068e-05,0.0,0.033443137531185545,0.8171253502226579,0.0038004231787091823,0.71607191035249,0.01705885334288093,-0.01705885334288093,0.5396296128402814,0.5225707594974005,0.059819470107031716,0.21596083406030742,-0.21596083406030742,0.7298521310757538,0.5138912970154463,0.2654008017379374,0.5853771443225111,0.03331218885320332,0.8174837298945562,0.1131768908690689,-0.1131768908690689,4.5724800715617913e-07,0.35007228760254183,0.23689539673347293,1.9805993162634965e-06,0.010931159642168354,0.3372780402950266,True,0.5851205187026396,0.10640212339571273,0.10640212339571273,0.04244363226784306,0.1488457556635558,0.0,0.0,0.004207349560671474,0.11995690108652847,0.11995690108652847,0.0,0.005527527895028425,0.0,0.001173077915738408,0.0,0.20065882518711325,0.002990973505351586,0.002654008017379374,4.572480071561791e-08,1.9805993162634965e-08,0.00010931159642168355,0.3372780402950266
0.0,0.0,0.028637326122242925,5550,0.2679244647050268,0.26792446497295125,0.09382673120587241,0.09382673120587241,0.08671238110400754,0.18053911230987996,0.0,0.006995694629004757,1.2792619704927692,0.0,0.0321860235056253,0.00020623014542782975,0.0,1.4514987110800024e-05,1.0038098539487492,0.00620670101759674,0.71607191035249,0.31779502025565753,-0.31779502025565753,0.5396296128402814,0.22183459258462387,0.13660002988957282,0.03462878023162508,0.03462878023162508,0.7298521310757538,0.7644809113073788,0.15474528826135636,0.7192806879134939,2.0079977842601923e-05,1.0044810688281482,0.31694694018428105,0.31694694018428105,4.448205529252298e-06,0.35007228760254183,0.6670192277868229,7.667157758089369e-06,0.039586807076680844,0.288485472851766,True,0.7188000497858333,0.38401295414950476,0.38401295414950476,0.04244363226784306,0.42645658641734785,0.0,0.0,0.005727465224448586,0.2679244647050268,0.2679244647050268,0.0,0.0034978473145023787,0.0,0.002474761745133957,0.0,8.708992266480015e-05,0.006830001494478641,0.0015474528826135636,4.4482055292522984e-07,7.667157758089369e-08,0.00039586807076680844,0.288485472851766
0.0,0.0,0.03411727904398153,5575,0.12372349582185142,0.12372349594557493,0.013743126677343426,-0.013743126677343426,0.08671238110400754,0.07296925442666412,0.0,0.010875257556752454,0.420063068709443,0.0,0.038500633677863445,0.00018205698653749944,0.0,0.003940078944934158,0.9372299518485595,0.002016522380912401,0.71607191035249,0.22877532513967452,-0.22877532513967452,0.5396296128402814,0.3108542877006069,0.04104786655587282,0.08382762987772197,-0.08382762987772197,0.7298521310757538,0.6460245011980318,0.2178652844531302,0.6715029761001043,0.0038739267583552317,0.93775912309137,0.03426486647470378,-0.03426486647470378,1.292703584090992e-07,0.35007228760254183,0.31580742112783805,6.878489322982316e-07,0.0034706023682823154,0.16607550991861186,True,0.6711240514320698,0.12573520475942507,0.12573520475942507,0.04244363226784306,0.16817883702726813,0.0,0.0,0.006823455808796306,0.12372349582185142,0.12372349582185142,0.0,0.005437628778376227,0.0,0.0021846838384499932,0.0,0.02364047366960495,0.002052393327793641,0.0021786528445313018,1.292703584090992e-08,6.878489322982316e-09,3.4706023682823155e-05,0.16607550991861186
0.0,0.0,0.01689621439062472,5600,0.43565423460549685,0.4356542350411511,0.21783922869447297,0.21783922869447297,0.08671238110400754,0.3045516097984805,0.0,0.005245747872508053,1.7741976196917533,0.0,0.02161534154924453,6.81671624518941e-05,0.003084425270268307,0.006374055863697007,1.0798376844835633,0.0047154502263372375,0.71607191035249,0.27278023364499465,-0.27278023364499465,0.5396296128402814,0.2668493791952868,0.17010182666746623,0.01028229196357644,0.01028229196357644,0.7298521310757538,0.7401344230393302,0.11209857493871053,0.7739871477890197,0.006541423165589984,1.0808790650637727,0.7741135664684494,0.7741135664684494,1.435824644542682e-05,0.35007228760254183,1.1241858540709913,1.7329109184403573e-05,0.08305116054039628,0.49194799667294853,True,0.7732414443971314,0.47723425883134696,0.47723425883134696,0.04244363226784306,0.51967789109919,0.0,0.0,0.003379242878124944,0.43565423460549685,0.43565423460549685,0.0,0.0026228739362540265,0.0,0.0008180059494227291,0.0007711063175670767,0.038244335182182045,0.008505091333373313,0.0011209857493871054,1.435824644542682e-06,1.7329109184403575e-07,0.0008305116054039629,0.49194799667294853
0.0,0.0,0.02217474377395312,5625,0.17967946154180997,0.17967946172148944,0.009349213061740871,0.009349213061740871,0.08671238110400754,0.09606159416574842,0.0,0.004211957411074009,0.6706126963901475,0.0,0.024550192686686942,7.819507407947861e-05,0.0,0.0018765202816373053,1.0433188213325029,0.0010812437028330899,0.71607191035249,0.3484029951298748,-0.3484029951298748,0.5396296128402814,0.1912266177104066,0.0569960359293659,0.1559160706916788,-0.1559160706916788,0.7298521310757538,0.573936060384075,0.09657911288627473,0.7475361035298743,0.0019307215133174103,1.0439399762553123,0.04207944041185013,-0.04207944041185013,9.162563491969334e-07,0.35007228760254183,0.3079928471906917,1.464584947977143e-06,0.01899095457912997,0.20242346032352188,True,0.7470913119314617,0.11777516553574666,0.11777516553574666,0.04244363226784306,0.16021879780358972,0.0,0.0,0.004434948754790624,0.17967946154180997,0.17967946154180997,0.0,0.0021059787055370044,0.0,0.0009383408889537434,0.0,0.011259121689823832,0.002849801796468295,0.0009657911288627473,9.162563491969335e-08,1.464584947977143e-08,0.0001899095457912997,0.20242346032352188
0.0,0.0,0.01842901466448142,5650,0.20621791360148287,0.2062179138077008,0.09189407902964332,0.09189407902964332,0.08671238110400754,0.17860646013365086,0.0,0.0031911830135057514,1.6378263517544713,0.0,0.011703598189168154,2.3445331981138336e-05,0.0,0.0050912455172927255,0.928647035679709,0.001678159293893652,0.71607191035249,0.21117027231186736,0.21117027231186736,0.5396296128402814,0.7507998851521488,0.11450268971016313,0.053009647896709366,-0.053009647896709366,0.7298521310757538,0.6768424831790444,0.07855656322549705,0.6652630387028822,0.005034611735857078,0.9290450020375092,0.3300160690574544,0.3300160690574544,1.0455040526543705e-05,0.35007228760254183,0.6800883566599962,9.4750646494499e-06,0.04404574457467393,0.24928042294687106,True,0.6649780661688165,0.2187946653846007,0.2187946653846007,0.04244363226784306,0.2612382976524438,0.0,0.0,0.003685802932896284,0.20621791360148287,0.20621791360148287,0.0,0.0015955915067528757,0.0,0.00028134398377366006,0.0,0.030547473103756353,0.005725134485508157,0.0007855656322549705,1.0455040526543705e-06,9.4750646494499e-08,0.0004404574457467393,0.24928042294687106
0.0,0.0,0.011513960754239199,5675,0.11378352897562802,0.11378352908941156,0.011106553149071524,0.011106553149071524,0.08671238110400754,0.09781893425307907,0.0,0.007762006644778084,0.7177387458224347,0.0,0.042540800161857316,0.00022634824814882676,0.0,0.00048467450638777464,1.0220153243534538,0.00311114172640031,0.71607191035249,0.15421142096955326,-0.15421142096955326,0.5396296128402814,0.3854181918707282,0.08266534957760825,0.087434982480189,-0.087434982480189,0.7298521310757538,0.6424171485955648,0.12681706957917807,0.7322482575417417,0.000510325293855651,1.022590380560222,0.024162651231334487,-0.024162651231334487,6.430160479933714e-07,0.35007228760254183,0.32590963637120735,1.7536687748458541e-06,0.009078227978113166,0.1310838527577233,True,0.7318364759394506,0.1805553369581327,0.1805553369581327,0.04244363226784306,0.22299896922597576,0.0,0.0,0.00230279215084784,0.11378352897562802,0.11378352897562802,0.0,0.003881003322389042,0.0,0.0027161789777859213,0.0,0.002908047038326648,0.004133267478880413,0.0012681706957917806,6.430160479933715e-08,1.753668774845854e-08,9.078227978113167e-05,0.1310838527577233
0.0,0.0,0.013914724021059326,5700,0.11768996032450041,0.11768996044219036,0.03326441849968764,0.03326441849968764,0.08671238110400754,0.11997679960369519,0.0,0.008654182180781895,1.2910511604302304,0.0,0.013059084732399516,4.54307369871448e-05,0.0,0.00010462443940475415,0.9897713911305225,0.0028096565387018702,0.71607191035249,0.211006620242027,-0.211006620242027,0.5396296128402814,0.32862299259825445,0.07014095502747711,0.05841784124934013,-0.05841784124934013,0.7298521310757538,0.6714342898264136,0.19222989695823528,0.7091135790504646,9.442742913636615e-05,0.9902826223117362,0.0382009313160096,0.0382009313160096,2.3072040201942936e-06,0.35007228760254183,0.38827321891855143,4.251556633413704e-06,0.02865222558801549,0.13168905391218222,True,0.7087475007567887,0.1369392686218702,0.1369392686218702,0.04244363226784306,0.17938290088971326,0.0,0.0,0.0027829448042118654,0.11768996032450041,0.11768996032450041,0.0,0.004327091090390947,0.0,0.0005451688438457376,0.0,0.0006277466364285249,0.0035070477513738556,0.0019222989695823528,2.3072040201942937e-07,4.251556633413704e-08,0.0002865222558801549,0.13168905391218222
0.0,0.0,0.01659461340844293,5725,0.12838902879200112,0.12838902892039014,0.05147495135982606,0.05147495135982606,0.08671238110400754,0.1381873324638336,0.0,0.004433273844489308,1.0632247133835806,0.0,0.018286657953478284,6.256100743591439e-05,0.0,0.0005392576342614237,1.023221921416227,0.0009247769300833282,0.71607191035249,0.07288498237076141,-0.07288498237076141,0.5396296128402814,0.46674463046952,0.06973479785411084,0.09288694219205706,-0.09288694219205706,0.7298521310757538,0.6369651888836967,0.13483539587327334,0.732962499059421,0.0005563854593906524,1.0235878243886682,0.20133228122794333,0.20133228122794333,3.264303322209243e-06,0.35007228760254183,0.5514045688304852,3.754148281090383e-06,0.0188221421733661,0.14293454553572082,True,0.7327004862152824,0.15904134987066418,0.15904134987066418,0.04244363226784306,0.20148498213850724,0.0,0.0,0.003318922681688586,0.12838902879200112,0.12838902879200112,0.0,0.002216636922244654,0.0,0.0007507320892309727,0.0,0.003235545805568542,0.0034867398927055423,0.0013483539587327334,3.2643033222092433e-07,3.754148281090383e-08,0.00018822142173366099,0.14293454553572082
0.0,0.0,0.004711842208158476,5750,0.1069741888633145,0.10697418897028868,0.05845162105766559,0.05845162105766559,0.08671238110400754,0.14516400216167313,0.0,0.0037027084145657045,1.3200390643591329,0.0,0.014006332991514185,3.5414312121886744e-05,0.0,2.1350616367986167e-07,1.000462067271812,0.004460171267419387,0.71607191035249,0.016124755347834308,0.016124755347834308,0.5396296128402814,0.5557543681881157,0.1019056172905598,0.1340784240141577,-0.1340784240141577,0.7298521310757538,0.595773707061596,0.07590572451216496,0.7166759412490503,7.115257790807592e-07,1.0008435198747396,0.004383454848074175,0.004383454848074175,6.871405641051858e-06,0.35007228760254183,0.354455742450616,5.075226123883496e-06,0.06925612723558232,0.11674180156950457,True,0.7164027937511486,0.18853261608388444,0.18853261608388444,0.04244363226784306,0.2309762483517275,0.0,0.0,0.0009423684416316951,0.1069741888633145,0.1069741888633145,0.0,0.0018513542072828523,0.0,0.00042497174546264095,0.0,1.28103698207917e-06,0.005095280864527991,0.0007590572451216496,6.871405641051859e-07,5.0752261238834966e-08,0.0006925612723558232,0.11674180156950457
0.0,0.0,0.05249778692712174,5775,0.28790632141503564,0.28790632170294195,0.10447143847600783,0.10447143847600783,0.08671238110400754,0.19118381958001537,0.0,0.00453134210172613,1.072863707128361,0.0,0.06685988872010938,0.00046317449541640767,0.0,0.08653411225238015,1.2941668102495252,0.002112892453261769,0.71607191035249,0.32736247739320146,-0.32736247739320146,0.5396296128402814,0.21226713544708,0.08935349222708172,0.02297090349476205,0.02297090349476205,0.7298521310757538,0.7528230345705158,0.2000517226937323,0.9271832038941447,0.08691797601407109,1.2948185476086453,0.3656576396449962,0.3656576396449962,2.1015856618217125e-06,0.35007228760254183,0.715729927247538,4.292106271816224e-06,0.018987992151039124,0.8320926421500316,True,0.9267165130718341,0.40266189971514976,0.40266189971514976,0.04244363226784306,0.44510553198299285,0.0,0.0,0.010499557385424348,0.28790632141503564,0.28790632141503564,0.0,0.002265671050863065,0.0,0.0055580939449968916,0.0,0.5192046735142809,0.004467674611354086,0.002000517226937323,2.1015856618217125e-07,4.292106271816224e-08,0.00018987992151039124,0.8320926421500316
0.0,0.0,0.022578415944628324,5800,0.15175581683279935,0.15175581698455518,0.05174773568639242,-0.05174773568639242,0.08671238110400754,0.034964645417615126,0.0,0.005314552798440165,0.6324060615972651,0.0,0.010367144973203757,2.0045500006265296e-05,0.0,0.0796764110795361,0.7177298969434841,0.001234468552309817,0.71607191035249,0.05456820336909435,-0.05456820336909435,0.5396296128402814,0.4850614094711871,0.04486689157633206,0.25338189408853634,-0.25338189408853634,0.7298521310757538,0.4764702369872174,0.18637762557395207,0.5142672047789008,0.07942355690595085,0.7181781468623293,0.21260044502699144,-0.21260044502699144,1.0500262750871368e-06,0.35007228760254183,0.1374718425755504,1.3320189197995945e-06,0.007829372255573085,0.6414133217781655,True,0.5139462255987154,0.009606742324033864,0.009606742324033864,0.04244363226784306,0.052050374591876926,0.0,0.0,0.004515683188925665,0.15175581683279935,0.15175581683279935,0.0,0.0026572763992200824,0.0,0.00024054600007518355,0.0,0.4780584664772166,0.002243344578816603,0.0018637762557395209,1.050026275087137e-07,1.3320189197995945e-08,7.829372255573084e-05,0.6414133217781655
0.0,0.0,0.04475435186432427,5825,0.15297747413869253,0.15297747429167002,0.010817794164940775,0.010817794164940775,0.08671238110400754,0.09753017526894832,0.0,0.004869735713881874,1.0262994694964345,0.0,0.014232741332277473,7.121207817045849e-05,0.0,0.002353706882470825,0.951484982917958,0.004553100110256469,0.71607191035249,0.2664118912221221,-0.2664118912221221,0.5396296128402814,0.2732177216181593,0.07832006958396673,0.16034208095266744,-0.16034208095266744,0.7298521310757538,0.5695100501230863,0.10959642888593388,0.6817258138046393,0.002300603297512993,0.952035395367907,0.000599687670735205,0.000599687670735205,4.4225125396710455e-07,0.35007228760254183,0.35067197527327704,4.47764347943183e-06,0.026754538308124225,0.1846196007540679,True,0.6813316789046183,0.1421558131017362,0.1421558131017362,0.04244363226784306,0.18459944536957926,0.0,0.0,0.008950870372864855,0.15297747413869253,0.15297747413869253,0.0,0.002434867856940937,0.0,0.0008545449380455019,0.0,0.01412224129482495,0.003916003479198337,0.0010959642888593388,4.422512539671046e-08,4.4776434794318305e-08,0.00026754538308124224,0.1846196007540679
0.0,0.0,0.02102672983474632,5850,0.26386077873155217,0.263860778995413,0.13461483841069616,0.13461483841069616,0.08671238110400754,0.2213272195147037,0.0,0.00446710065785978,1.9603325291658265,0.0,0.03732281182972094,0.00013705796116719282,0.0,0.003374357283405376,1.058089218306028,0.006592756690096453,0.71607191035249,0.07609876069050103,-0.07609876069050103,0.5396296128402814,0.4635308521497804,0.16088131451502977,0.1207614316185549,-0.1207614316185549,0.7298521310757538,0.6090906994571988,0.18543533706582643,0.7581353326708364,0.0034506087123024453,1.0587418820970391,0.478546675624694,0.478546675624694,1.1512780802385994e-05,0.35007228760254183,0.8286189632272358,1.4850969860728409e-05,0.06385749771402306,0.30272880812319874,True,0.7576679784566624,0.28391923718436884,0.28391923718436884,0.04244363226784306,0.3263628694522119,0.0,0.0,0.004205345966949265,0.26386077873155217,0.26386077873155217,0.0,0.00223355032892989,0.0,0.0016446955340063138,0.0,0.020246143700432255,0.008044065725751488,0.0018543533706582643,1.1512780802385994e-06,1.485096986072841e-07,0.0006385749771402306,0.30272880812319874
0.0,0.0,0.019843250024398372,5875,0.04933321719560425,0.049333217244937465,0.010250772273376826,0.010250772273376826,0.08671238110400754,0.09696315337738437,0.0,0.004062101505488188,0.9184640229117759,0.0,0.01537698212187476,2.9250658580959667e-05,0.0,0.00019474565276419902,0.9860448700198028,0.0014082039624242633,0.71607191035249,0.04799231391548864,0.04799231391548864,0.5396296128402814,0.5876219267557701,0.06052750182075076,0.029388663613508115,-0.029388663613508115,0.7298521310757538,0.7004634674622456,0.09388468596253917,0.706359584631306,0.00018396452536031613,0.9864366477093487,0.026884318816530972,-0.026884318816530972,1.580141826253916e-06,0.35007228760254183,0.32318796878601086,2.342783492467795e-06,0.01475607129888252,0.06096536387845403,True,0.7060790436288016,0.09041034755104485,0.09041034755104485,0.04244363226784306,0.1328539798188879,0.0,0.0,0.003968650004879675,0.04933321719560425,0.04933321719560425,0.0,0.002031050752744094,0.0,0.000351007902971516,0.0,0.0011684739165851942,0.003026375091037538,0.0009388468596253917,1.580141826253916e-07,2.3427834924677953e-08,0.0001475607129888252,0.06096536387845403
0.0,0.0,0.016759582876654605,5900,0.3584142479144326,0.35841424827284685,0.1279884838891559,0.1279884838891559,0.08671238110400754,0.21470086499316346,0.0,0.011491101775495602,1.1441222488354017,0.0,0.06868416395911667,0.0003010356696911266,0.0,0.07155276306957903,1.2674934822936421,0.0011341467275167323,0.71607191035249,0.49825076791189743,-0.49825076791189743,0.5396296128402814,0.041378844928383986,0.08495376549415291,0.008757036894207704,0.008757036894207704,0.7298521310757538,0.7386091679699615,0.2615896023430058,0.9084622452848228,0.07218603180057517,1.2686745834659006,0.4801271116536423,0.4801271116536423,4.262131741227186e-06,0.35007228760254183,0.8301993992561841,4.035696020794885e-06,0.02325241786661627,0.8075372968782172,True,0.9076164919002732,0.3834974029271564,0.3834974029271564,0.04244363226784306,0.4259410351949995,0.0,0.0,0.0033519165753309213,0.3584142479144326,0.3584142479144326,0.0,0.005745550887747801,0.0,0.0036124280362935194,0.0,0.42931657841747417,0.004247688274707646,0.002615896023430058,4.2621317412271864e-07,4.0356960207948854e-08,0.0002325241786661627,0.8075372968782172
0.0,0.0,0.019169985169039568,5925,0.11961117778808635,0.11961117790769753,0.009542567338813493,-0.009542567338813493,0.08671238110400754,0.07716981376519405,0.0,0.010861262878562077,0.5018341836229427,0.0,0.016647817152316512,4.199182907466333e-05,0.0,0.0010365692503476777,0.9678042044616432,0.0015299255082753542,0.71607191035249,0.2196528626999465,-0.2196528626999465,0.5396296128402814,0.31997675014033494,0.04781524075376156,0.10239734521592003,-0.10239734521592003,0.7298521310757538,0.6274547858598337,0.19665776918439662,0.6933791797996227,0.001004293398464793,0.9683094115159596,0.07881365312674088,-0.07881365312674088,4.3811967701458887e-07,0.35007228760254183,0.27125863447580095,7.757370363041392e-07,0.004112922253175418,0.13999764423355915,True,0.6930174152140627,0.0806158823817396,0.0806158823817396,0.04244363226784306,0.12305951464958266,0.0,0.0,0.0038339970338079135,0.11961117778808635,0.11961117778808635,0.0,0.005430631439281039,0.0,0.00050390194889596,0.0,0.006219415502086066,0.002390762037688078,0.0019665776918439664,4.381196770145889e-08,7.757370363041392e-09,4.112922253175418e-05,0.13999764423355915
0.0,0.0,0.015532708608868247,5950,0.07759893269819378,0.07759893277579272,0.01426939395073075,-0.01426939395073075,0.08671238110400754,0.0724429871532768,0.0,0.002880451705649535,1.1080370978574234,0.0,0.010108420461522305,2.299180984579412e-05,0.0,0.03741235205302551,0.8065772711054218,0.0015200260546748777,0.71607191035249,0.06217395491521094,-0.06217395491521094,0.5396296128402814,0.4774556579250705,0.06908276624978654,0.12235666597341033,-0.12235666597341033,0.7298521310757538,0.6074954651023434,0.061126322816623634,0.5778839904721582,0.03724148020112835,0.807019482327546,0.07104443628331325,-0.07104443628331325,1.9556136699470124e-06,0.35007228760254183,0.2790278513192286,3.566933197007667e-06,0.03640538288372886,0.3113254009092866,True,0.5775673354331303,0.07759052732935692,0.07759052732935692,0.04244363226784306,0.12003415959719999,0.0,0.0,0.0031065417217736495,0.07759893269819378,0.07759893269819378,0.0,0.0014402258528247675,0.0,0.0002759017181495295,0.0,0.22447411231815306,0.003454138312489327,0.0006112632281662364,1.9556136699470125e-07,3.566933197007667e-08,0.0003640538288372886,0.3113254009092866
0.0,0.0,0.011485935170057138,5975,0.19433230682050526,0.19433230701483756,0.05775470545917709,0.05775470545917709,0.08671238110400754,0.14446708656318463,0.0,0.0038159160671078565,0.9043204678181496,0.0,0.024336176821060648,8.415321946862159e-05,0.0,0.03332788604299914,1.1825592672065681,0.0025935525818760624,0.71607191035249,0.3470652000133683,-0.3470652000133683,0.5396296128402814,0.1925644128269131,0.07713631525381716,0.10981288787394294,-0.10981288787394294,0.7298521310757538,0.6200392432018108,0.1064843025949929,0.8472522473064374,0.03356016831222603,1.1831943457430552,0.103129348053278,0.103129348053278,2.1655543613707552e-06,0.35007228760254183,0.45320163565581983,2.455306076392943e-06,0.016337164128291337,0.4045998783181096,True,0.8467974853992406,0.20576888956409428,0.20576888956409428,0.04244363226784306,0.24821252183193734,0.0,0.0,0.002297187034011428,0.19433230682050526,0.19433230682050526,0.0,0.0019079580335539283,0.0,0.0010098386336234591,0.0,0.19996731625799485,0.003856815762690858,0.001064843025949929,2.1655543613707554e-07,2.455306076392943e-08,0.00016337164128291337,0.4045998783181096
0.0,0.0,0.007511191734036972,6000,0.14858308555094585,0.14858308569952894,0.03854318221427057,0.03854318221427057,0.08671238110400754,0.1252555633182781,0.0,0.003370612598267353,0.819512437757296,0.0,0.011758759549478616,2.1010173659418308e-05,0.0,0.013281848890533647,1.1152469040388229,0.002515145781997501,0.71607191035249,0.28487128769829817,-0.28487128769829817,0.5396296128402814,0.25475832514198327,0.0724567622155732,0.012844149445138564,0.012844149445138564,0.7298521310757538,0.7426962805208923,0.10584082203735745,0.7991991248903711,0.01347637428125841,1.1160877869599486,0.04069144709354777,0.04069144709354777,1.7411918585961713e-06,0.35007228760254183,0.3907637346960896,2.1402488243997673e-06,0.020088710717454508,0.2365961745840027,True,0.7985969922422491,0.16101761794394653,0.16101761794394653,0.04244363226784306,0.2034612502117896,0.0,0.0,0.0015022383468073946,0.14858308555094585,0.14858308555094585,0.0,0.0016853062991336765,0.0,0.0002521220839130197,0.0,0.07969109334320189,0.0036228381107786603,0.0010584082203735745,1.7411918585961714e-07,2.1402488243997673e-08,0.00020088710717454508,0.2365961745840027
0.0,0.0,0.020394871043120717,6025,0.11131847213276624,0.11131847224408471,0.003760357513219459,0.003760357513219459,0.08671238110400754,0.090472738617227,0.0,0.0134088114021262,1.2978546952851642,0.0,0.020307387891150955,6.67024546158055e-05,0.0,0.009151178944455364,0.9043382054085574,0.005285613526800505,0.71607191035249,0.16384442414242212,-0.16384442414242212,0.5396296128402814,0.3757851886978593,0.07018521300118494,0.15430674713959558,-0.15430674713959558,0.7298521310757538,0.5755453839361582,0.22590578832604802,0.6479930923834285,0.009038801584710949,0.9049273878306116,0.07735784282545194,-0.07735784282545194,1.9301730977736336e-06,0.35007228760254183,0.2727144447770899,4.56319734425622e-06,0.030765297276570472,0.18388556531994396,True,0.6475711953950303,0.07283589529336303,0.07283589529336303,0.04244363226784306,0.11527952756120609,0.0,0.0,0.004078974208624144,0.11131847213276624,0.11131847213276624,0.0,0.0067044057010631,0.0,0.000800429455389666,0.0,0.054907073666732184,0.003509260650059247,0.00225905788326048,1.9301730977736337e-07,4.5631973442562204e-08,0.00030765297276570474,0.18388556531994396
0.001021530226320383,0.0,0.005175172075086021,6050,0.628384095811488,0.628384096439872,0.29248412538422375,0.29248412538422375,0.08671238110400754,0.3791965064882313,0.0,0.009528206301924084,2.0430323306112164,0.0,0.05977367714738913,0.0008030592938348373,0.03255694231413796,0.18659063941778503,1.4319613864893308,0.006934959000087592,0.71607191035249,0.47339442845896024,-0.47339442845896024,0.5396296128402814,0.06623518438132119,0.14931636602661075,0.02187044063798571,0.02187044063798571,0.7298521310757538,0.7517225717137395,0.20984234346855385,1.0261872551308548,0.1875569649298816,1.4330784743321718,1.0533935865066444,1.0533935865066444,6.8738347559118e-06,0.35007228760254183,1.4034658741091863,1.2116767791325529e-05,0.06905646813652248,1.7858447528625465,True,1.0253873398940292,0.7446927222203673,0.7446927222203673,0.04244363226784306,0.7871363544882104,0.004086120905281532,0.0,0.0010350344150172042,0.628384095811488,0.628384095811488,0.0,0.004764103150962042,0.0,0.009636711526018048,0.00813923557853449,1.1195438365067103,0.007465818301330538,0.0020984234346855387,6.8738347559118e-07,1.211676779132553e-07,0.0006905646813652248,1.7858447528625465
0.0,0.0,0.05399895345958056,6075,0.15809224258370957,0.1580922427418018,0.015241656692167413,0.015241656692167413,0.08671238110400754,0.10195403779617496,0.0,0.004104182333687809,0.7353692787903304,0.0,0.058756314523686404,0.0002974997323120462,0.0,0.00011517366766843474,1.0107318995368217,0.0012101424238366047,0.71607191035249,0.3232808714540155,-0.3232808714540155,0.5396296128402814,0.21634874138626595,0.06998461486654428,0.051928789152702715,-0.051928789152702715,0.7298521310757538,0.677923341923051,0.1654176046400873,0.724088692348891,0.00012533887041333067,1.0111954843760032,0.02254899169623631,-0.02254899169623631,2.0182379621523345e-06,0.35007228760254183,0.3275232959063055,2.058692794093298e-06,0.017359959785830763,0.1805323920345353,True,0.723756732262852,0.1304526732554437,0.1304526732554437,0.04244363226784306,0.17289630552328678,0.0,0.0,0.010799790691916113,0.15809224258370957,0.15809224258370957,0.0,0.0020520911668439044,0.0,0.0035699967877445542,0.0,0.0006910420060106085,0.0034992307433272143,0.0016541760464008732,2.0182379621523345e-07,2.058692794093298e-08,0.00017359959785830762,0.1805323920345353
0.0,0.0,0.02648939736806397,6100,0.058610619703422295,0.05861061976203291,0.0032456605563564445,-0.0032456605563564445,0.08671238110400754,0.0834667205476511,0.0,0.010902142157028121,1.0821093873935075,0.0,0.026259766558168304,9.070040846796416e-05,0.0,0.027257183686599837,0.8349025024823216,0.004467610196127558,0.71607191035249,0.03241863262884592,-0.03241863262884592,0.5396296128402814,0.5072109802114355,0.054616842330393114,0.10126681187740738,-0.10126681187740738,0.7298521310757538,0.6285853191983464,0.26932422692926156,0.5981437414472301,0.027122011534345677,0.8353123819640782,0.036026723817445316,-0.036026723817445316,1.8646169698954114e-06,0.35007228760254183,0.3140455637850965,3.4010227522755276e-06,0.021427922754473257,0.2396296613620453,True,0.5978502382596156,0.06753983767854461,0.06753983767854461,0.04244363226784306,0.10998346994638768,0.0,0.0,0.005297879473612794,0.058610619703422295,0.058610619703422295,0.0,0.005451071078514061,0.0,0.0010884049016155698,0.0,0.16354310211959902,0.0027308421165196557,0.0026932422692926158,1.8646169698954116e-07,3.401022752275528e-08,0.00021427922754473257,0.2396296613620453
0.0,0.0,0.020578054408693303,6125,0.17570246121961522,0.17570246139531767,0.058974914300161316,0.058974914300161316,0.08671238110400754,0.14568729540416886,0.0,0.0033813638295494613,1.6898113043300467,0.0,0.011135772807066213,3.598534557674482e-05,0.0,0.00292581310196467,0.9459092142600547,0.0036423683046281343,0.71607191035249,0.26937717275105566,0.26937717275105566,0.5396296128402814,0.8090067855913371,0.09054369172293011,0.04511488505993955,-0.04511488505993955,0.7298521310757538,0.6847372460158142,0.09451437113582321,0.6778104245432924,0.0028550295080095847,0.9465675238454216,0.1768238256927741,0.1768238256927741,4.846588401846721e-06,0.35007228760254183,0.5268961132953159,6.7281396929115705e-06,0.04887510973021824,0.2054570881098816,True,0.6773390275343123,0.2121618599070104,0.2121618599070104,0.04244363226784306,0.25460549217485345,0.0,0.0,0.004115610881738661,0.17570246121961522,0.17570246121961522,0.0,0.0016906819147747307,0.0,0.00043182414692093785,0.0,0.01755487861178802,0.0045271845861465055,0.0009451437113582322,4.846588401846721e-07,6.72813969291157e-08,0.0004887510973021824,0.2054570881098816
0.0,0.0,0.008538415951808423,6150,0.1573479950208275,0.1573479951781755,0.03999825139766281,-0.03999825139766281,0.08671238110400754,0.04671412970634473,0.0,0.006686000227383024,0.7144538132376688,0.0,0.011755960154290196,3.474987278652714e-05,0.0,0.04585714235562736,0.7858571916789467,0.0027039956873085927,0.71607191035249,0.13756442140602604,-0.13756442140602604,0.5396296128402814,0.4020651914342554,0.04760736072187382,0.25144668809652043,-0.25144668809652043,0.7298521310757538,0.4784054429792333,0.13692647157926888,0.5630612983067205,0.04565936567037184,0.7863194775596712,0.1983099572641199,-0.1983099572641199,8.030526989197837e-07,0.35007228760254183,0.15176233033842193,1.4625368570560676e-06,0.008609946065363513,0.44179435807526163,True,0.5627302683683583,0.026755404622327283,0.026755404622327283,0.04244363226784306,0.06919903689017035,0.0,0.0,0.0017076831903616845,0.1573479950208275,0.1573479950208275,0.0,0.003343000113691512,0.0,0.0004169984734383257,0.0,0.27514285413376416,0.0023803680360936913,0.0013692647157926888,8.030526989197837e-08,1.4625368570560677e-08,8.609946065363514e-05,0.44179435807526163
0.0,0.0,0.0283325532699825,6175,0.12375290845168833,0.12375290857544125,0.006594385356214608,0.006594385356214608,0.08671238110400754,0.09330676646022215,0.0,0.005810301460952133,0.5806337856254326,0.0,0.02804284857496631,0.00013236222501102833,0.0,0.005259753254949071,1.072524156354618,0.0009733998709508064,0.71607191035249,0.22730803309746178,-0.22730803309746178,0.5396296128402814,0.31232157974281965,0.0655648315053041,0.07180707638939843,-0.07180707638939843,0.7298521310757538,0.6580450546863553,0.16143621736409805,0.7684195769564315,0.005344181531710218,1.0731039091411,0.06825443551472876,-0.06825443551472876,1.1496578089222823e-06,0.35007228760254183,0.28181785208781307,1.2520576947322044e-06,0.006159090621294239,0.17042575820746464,True,0.7680044322652855,0.12266441981486481,0.12266441981486481,0.04244363226784306,0.16510805208270787,0.0,0.0,0.005666510653996501,0.12375290845168833,0.12375290845168833,0.0,0.0029051507304760664,0.0,0.00158834670013234,0.0,0.03155851952969443,0.0032782415752652047,0.0016143621736409805,1.1496578089222824e-07,1.2520576947322044e-08,6.159090621294239e-05,0.17042575820746464
0.0,0.0,0.02543560999586062,6200,0.24995821909992844,0.24995821934988663,0.07158462175618723,0.07158462175618723,0.08671238110400754,0.15829700286019477,0.0,0.007427510185478067,0.9366804094679638,0.0,0.06004953441308795,0.0004146516998400542,0.0,0.06325768770711751,1.2515108103185975,0.0020167588305853453,0.71607191035249,0.4471625065066289,-0.4471625065066289,0.5396296128402814,0.09246710633365249,0.08081948076120628,0.05491858617060752,-0.05491858617060752,0.7298521310757538,0.6749335449051462,0.13569201911229017,0.8967787465116654,0.0636848057888327,1.2523584866590238,0.2143277784556903,0.2143277784556903,1.8130727709535625e-06,0.35007228760254183,0.5644000660582321,2.7183265377357336e-06,0.013265909250281715,0.6488118046448538,True,0.8961717492867389,0.24158734255095607,0.24158734255095607,0.04244363226784306,0.28403097481879913,0.0,0.0,0.005087121999172124,0.24995821909992844,0.24995821909992844,0.0,0.0037137550927390335,0.0,0.004975820398080651,0.0,0.37954612624270506,0.004040974038060314,0.0013569201911229018,1.8130727709535627e-07,2.7183265377357335e-08,0.00013265909250281715,0.6488118046448538
0.0,0.0,0.00820076162164182,6225,0.1674819204709134,0.16748192063839532,0.03626443698699015,0.03626443698699015,0.08671238110400754,0.1229768180909977,0.0,0.002629090641114313,1.088952835022582,0.0,0.016465869272765075,4.180033935382632e-05,0.0,0.0006616743145088761,0.9742769691811234,0.0014466150912260715,0.71607191035249,0.2987620582950029,-0.2987620582950029,0.5396296128402814,0.24086755454527856,0.08401556169493785,0.12286076028070514,-0.12286076028070514,0.7298521310757538,0.6069913707950486,0.09340092962975582,0.6982280055441139,0.0006209648172349307,0.975080834339109,0.12936905930794435,0.12936905930794435,3.4983452735521874e-06,0.35007228760254183,0.4794413469104862,4.589034477155531e-06,0.027429025713345455,0.18031774143814816,True,0.6976523802767307,0.13358881657535313,0.13358881657535313,0.04244363226784306,0.1760324488431962,0.0,0.0,0.0016401523243283643,0.1674819204709134,0.1674819204709134,0.0,0.0013145453205571564,0.0,0.0005016040722459159,0.0,0.0039700458870532565,0.004200778084746892,0.0009340092962975583,3.4983452735521874e-07,4.589034477155532e-08,0.00027429025713345456,0.18031774143814816
0.0,0.0,0.040039671229678477,6250,0.06114145089915557,0.06114145096029702,0.023778599449895146,0.023778599449895146,0.08671238110400754,0.11049098055390269,0.0,0.00960565129284322,1.2238159828885222,0.0,0.018783803601294703,7.82366146482758e-05,0.0,0.0014600079388795968,0.9617899497660681,0.007910860866952656,0.71607191035249,0.07900880456538573,-0.07900880456538573,0.5396296128402814,0.4606208082748957,0.08994574543995128,0.03447165674853736,-0.03447165674853736,0.7298521310757538,0.6953804743272164,0.1695525577349427,0.6889551787801418,0.0014340414902585977,0.962131259721789,0.03583854769701034,-0.03583854769701034,3.6216299976294844e-06,0.35007228760254183,0.3142337399055315,4.606586022046842e-06,0.04185860636394251,0.09026290494241615,True,0.6887107763047133,0.09700966713159206,0.09700966713159206,0.04244363226784306,0.13945329939943513,0.0,0.0,0.008007934245935695,0.06114145089915557,0.06114145089915557,0.0,0.00480282564642161,0.0,0.0009388393757793096,0.0,0.008760047633277581,0.004497287271997564,0.0016955255773494272,3.6216299976294844e-07,4.606586022046842e-08,0.0004185860636394251,0.09026290494241615
0.0,0.0,0.03939395848638692,6275,0.21701679097159057,0.21701679118860737,0.047776205926442425,0.047776205926442425,0.08671238110400754,0.13448858703044997,0.0,0.018524078871360213,1.2944244775576528,0.0,0.05016619315723762,0.0004380334682493022,0.0,0.003013965399777028,0.9451004061966117,0.006872228203968686,0.71607191035249,0.3556157831109408,-0.3556157831109408,0.5396296128402814,0.18401382972934063,0.06593828656688189,0.17363295082390595,-0.17363295082390595,0.7298521310757538,0.5562191802518478,0.29034841714843984,0.6772879905118109,0.0029335286717741753,0.9458379406616202,0.2025317841077825,0.2025317841077825,2.909043105966351e-06,0.35007228760254183,0.5526040717103243,4.609930524199163e-06,0.02601049566624664,0.26395865658230866,True,0.6767598627911261,0.18859682407974468,0.18859682407974468,0.04244363226784306,0.23104045634758774,0.0,0.0,0.007878791697277383,0.21701679097159057,0.21701679097159057,0.0,0.009262039435680106,0.0,0.005256401618991626,0.0,0.018083792398662167,0.0032969143283440947,0.0029034841714843983,2.9090431059663514e-07,4.609930524199163e-08,0.0002601049566624664,0.26395865658230866
0.0,0.0,0.03949016451736206,6300,0.1977552075854643,0.1977552077832195,0.04126878336580923,0.04126878336580923,0.08671238110400754,0.12798116446981678,0.0,0.007905827086942971,1.358872079491272,0.0,0.02709512492606622,0.00011889214650585352,0.0,0.008541448128474268,0.9075800447496631,0.003580077937789384,0.71607191035249,0.19160464406008665,-0.19160464406008665,0.5396296128402814,0.3480249687801948,0.08983356133445738,0.3810292744276136,-0.3810292744276136,0.7298521310757538,0.34882285664814017,0.15916170838221924,0.6502330350668475,0.008453793803586693,0.9080554851903242,0.037158936167454026,0.037158936167454026,5.444340191417334e-06,0.35007228760254183,0.38723122376999586,5.4320833266697844e-06,0.02933986676298511,0.2686588411343514,True,0.6498925855174901,0.10274270978081318,0.10274270978081318,0.04244363226784306,0.14518634204865624,0.0,0.0,0.007898032903472412,0.1977552075854643,0.1977552075854643,0.0,0.0039529135434714854,0.0,0.0014267057580702423,0.0,0.05124868877084561,0.004491678066722869,0.0015916170838221925,5.444340191417335e-07,5.432083326669784e-08,0.0002933986676298511,0.2686588411343514
0.0,0.0,0.02614915504254846,6325,0.21977860310756256,0.21977860332734117,0.04122176218688327,0.04122176218688327,0.08671238110400754,0.1279341432908908,0.0,0.011806416233620977,1.0834214621308749,0.0,0.025335072367620014,8.704185173668565e-05,0.0,0.003958810675899206,1.0629190803802726,0.0023460062602964744,0.71607191035249,0.4365138641791881,-0.4365138641791881,0.5396296128402814,0.10311574866109335,0.06796722624796639,0.022477736562876105,-0.022477736562876105,0.7298521310757538,0.7073743945128776,0.22373572309139647,0.7616902305754268,0.004058495799025495,1.0637063246391243,0.1358610211488258,0.1358610211488258,1.6653220409729155e-06,0.35007228760254183,0.48593330875136764,3.466424693330404e-06,0.02688830805300482,0.2616138113294115,True,0.7611265070672044,0.17408652847234768,0.17408652847234768,0.04244363226784306,0.21653016074019074,0.0,0.0,0.005229831008509693,0.21977860310756256,0.21977860310756256,0.0,0.005903208116810488,0.0,0.0010445022208402277,0.0,0.023752864055395236,0.00339836131239832,0.0022373572309139647,1.6653220409729155e-07,3.466424693330404e-08,0.0002688830805300482,0.2616138113294115
0.0,0.0,0.058999284573816625,6350,0.21731072919295183,0.21731072941026258,0.08116651647548932,0.08116651647548932,0.08671238110400754,0.16787889757949687,0.0,0.006209583905978346,0.9458736705179991,0.0,0.07047158865041284,0.0003556132617337668,0.0,0.017130531465696253,1.1308836562206919,0.001829606635998891,0.71607191035249,0.27903353141420023,-0.27903353141420023,0.5396296128402814,0.2605960814260812,0.08376245302786288,0.015811841154893203,-0.015811841154893203,0.7298521310757538,0.7140402899208605,0.23072008111896308,0.8100164219735998,0.01721192503472258,1.1311942263772403,0.2329098127766448,0.2329098127766448,4.088308099810724e-06,0.35007228760254183,0.5829821003791866,3.633298957686184e-06,0.0258867172011588,0.3460205617940809,True,0.8097940314051959,0.3117291377550343,0.3117291377550343,0.04244363226784306,0.3541727700228774,0.0,0.0,0.011799856914763325,0.21731072919295183,0.21731072919295183,0.0,0.003104791952989173,0.0,0.004267359140805201,0.0,0.10278318879417753,0.004188122651393144,0.002307200811189631,4.0883080998107243e-07,3.633298957686184e-08,0.000258867172011588,0.3460205617940809
0.0,0.0,0.020459074332356737,6375,0.22188192098584947,0.22188192120773137,0.0780201216289234,0.0780201216289234,0.08671238110400754,0.16473250273293094,0.0,0.006899164051455865,1.2249057750582777,0.0,0.03758817347303418,0.00016920764374897518,0.0,0.009214065783820046,1.095989925428766,0.005430934682156991,0.71607191035249,0.3595376130442527,-0.3595376130442527,0.5396296128402814,0.18009199979602875,0.07474227361870678,0.0477593245470872,-0.0477593245470872,0.7298521310757538,0.6820928065286666,0.17936322536281188,0.7853741566812718,0.009366583533208609,1.0967811114485084,0.1567538342130972,0.1567538342130972,2.638886269899341e-06,0.35007228760254183,0.506826121815639,4.442493074502575e-06,0.0638415525841937,0.2929076740799198,True,0.7848076105887587,0.2897426144009846,0.2897426144009846,0.04244363226784306,0.3321862466688276,0.0,0.0,0.004091814866471348,0.22188192098584947,0.22188192098584947,0.0,0.0034495820257279325,0.0,0.0020304917249877024,0.0,0.05528439470292028,0.003737113680935339,0.0017936322536281188,2.638886269899341e-07,4.442493074502575e-08,0.0006384155258419371,0.2929076740799198
0.0,0.0,0.018888779653530235,6400,0.044579484735768976,0.04457948478034846,0.037657846653335214,0.037657846653335214,0.08671238110400754,0.12437022775734276,0.0,0.007739613725114118,2.0218068532430853,0.0,0.010068181122224313,1.6205920699710904e-05,0.0,0.14012022385574513,0.6256736399133169,0.00379698970197435,0.71607191035249,0.05544277695103039,0.05544277695103039,0.5396296128402814,0.5950723897913118,0.11702273638479793,0.021284229132284893,-0.021284229132284893,0.7298521310757538,0.7085679019434689,0.12343363544744704,0.44847186090033125,0.1396558470952165,0.6262944379659081,0.0029189689631494153,-0.0029189689631494153,1.550496613669137e-05,0.35007228760254183,0.3471533186393924,1.075505471800116e-05,0.07489041548057196,0.9009788970875803,True,0.4480273248466612,0.070591065980302,0.070591065980302,0.04244363226784306,0.11303469824814506,0.0,0.0,0.003777755930706047,0.044579484735768976,0.044579484735768976,0.0,0.003869806862557059,0.0,0.00019447104839653086,0.0,0.8407213431344708,0.005851136819239897,0.0012343363544744703,1.550496613669137e-06,1.0755054718001159e-07,0.0007489041548057196,0.9009788970875803
0.0,0.0,0.022398836763247908,6425,0.4998204433324516,0.49982044383227203,0.19694200262480716,0.19694200262480716,0.08671238110400754,0.2836543837288147,0.0,0.005319607941654596,1.6846654667239596,0.0,0.04306192127405384,0.00022966144464554804,0.005065388118512936,0.05010846880200338,1.2238492099651088,0.0036149362443494886,0.71607191035249,0.5474815126960945,-0.5474815126960945,0.5396296128402814,-0.007851899855812994,0.11802368660025926,0.013985078996078038,0.013985078996078038,0.7298521310757538,0.7438372100718318,0.1310334041672453,0.8773611914949736,0.050733832528325286,1.2252417202214663,0.808878296734915,0.808878296734915,4.4825412962780315e-06,0.35007228760254183,1.1589505843374568,1.0486863762363202e-05,0.049427180482495385,0.8193394551326012,True,0.8763640540015932,0.506063770545047,0.506063770545047,0.04244363226784306,0.5485074028128901,0.0,0.0,0.004479767352649581,0.4998204433324516,0.4998204433324516,0.0,0.002659803970827298,0.0,0.0027559373357465763,0.001266347029628234,0.3006508128120203,0.005901184330012963,0.001310334041672453,4.482541296278032e-07,1.0486863762363202e-07,0.0004942718048249539,0.8193394551326012
0.0,0.0,0.012596489774635927,6450,0.20766346730429,0.20766346751195347,0.0765718695490674,0.0765718695490674,0.08671238110400754,0.16328425065307495,0.0,0.010483917653989693,0.8106790249134475,0.0,0.05243412982659838,0.00031312509640311106,0.0,0.04818917710270529,1.219520334144027,0.002146924293612894,0.71607191035249,0.01927973437748598,-0.01927973437748598,0.5396296128402814,0.5203498784627955,0.06254614761508952,0.022260272291703576,0.022260272291703576,0.7298521310757538,0.7521124033674573,0.27250656910323057,0.8735366482897564,0.048356324863077234,1.219900715922157,0.34206584196172696,0.34206584196172696,1.3975875515790777e-06,0.35007228760254183,0.6921381295642688,3.1936049137465936e-06,0.018584826188845008,0.5143556808877606,True,0.8732642675794238,0.3031188865314218,0.3031188865314218,0.04244363226784306,0.34556251879926486,0.0,0.0,0.0025192979549271857,0.20766346730429,0.20766346730429,0.0,0.005241958826994846,0.0,0.003757501156837333,0.0,0.28913506261623173,0.003127307380754476,0.0027250656910323056,1.3975875515790779e-07,3.193604913746594e-08,0.0001858482618884501,0.5143556808877606
0.0,0.0,0.015342453498073106,6475,0.057370947706725864,0.05737094776409681,0.013197097400066471,0.013197097400066471,0.08671238110400754,0.09990947850407401,0.0,0.006466352508422741,0.7956110564838622,0.0,0.03414838160358925,0.00016073678228485576,0.0,0.0010151083847303067,0.9681392343982398,0.0018606037124869212,0.71607191035249,0.08973137083842075,-0.08973137083842075,0.5396296128402814,0.4498982420018607,0.08684487930707871,0.004795453688354989,-0.004795453688354989,0.7298521310757538,0.7250566773873988,0.11991406347425781,0.6937191788295316,0.0009744247460308064,0.9687842228027107,0.0021572624590254774,-0.0021572624590254774,1.873296224882706e-06,0.35007228760254183,0.34791502514351635,2.1403189785695205e-06,0.010578089104935786,0.07733948058031012,True,0.693257320744137,0.09057370361771852,0.09057370361771852,0.04244363226784306,0.13301733588556158,0.0,0.0,0.0030684906996146216,0.057370947706725864,0.057370947706725864,0.0,0.0032331762542113706,0.0,0.001928841387418269,0.0,0.00609065030838184,0.004342243965353936,0.0011991406347425782,1.873296224882706e-07,2.1403189785695206e-08,0.00010578089104935787,0.07733948058031012
0.0,0.0,0.00784221545188734,6500,0.16760594010438123,0.16760594027198716,0.022949729796215956,0.022949729796215956,0.08671238110400754,0.1096621109002235,0.0,0.012034223661694599,0.78589179564666,0.0,0.02834482008688162,6.72604852858478e-05,0.0,0.003400822363300803,1.0583165702292308,0.00340665757980207,0.71607191035249,0.3157896242911721,-0.3157896242911721,0.5396296128402814,0.22383998854910933,0.059781706436909395,0.08029139310945799,-0.08029139310945799,0.7298521310757538,0.6495607379662958,0.2204243839770618,0.7583896181637125,0.003492454671872263,1.0590969937634078,0.0771679438200581,0.0771679438200581,1.0063112021760319e-06,0.35007228760254183,0.4272402314225999,2.3710427306819077e-06,0.01067186490097137,0.20170372718101431,True,0.7578307787849061,0.16675544909757095,0.16675544909757095,0.04244363226784306,0.209199081365414,0.0,0.0,0.001568443090377468,0.16760594010438123,0.16760594010438123,0.0,0.006017111830847299,0.0,0.0008071258234301737,0.0,0.020404934179804816,0.00298908532184547,0.002204243839770618,1.006311202176032e-07,2.371042730681908e-08,0.0001067186490097137,0.20170372718101431
0.0,0.0,0.01588590084750752,6525,0.21969597151398598,0.21969597173368197,0.029624637959216354,0.029624637959216354,0.08671238110400754,0.1163370190632239,0.0,0.00587900394063572,0.8835101787935635,0.0,0.017585152839303266,3.127989355364868e-05,0.0,0.002438479139781377,0.9506190407162702,0.0022906950357633863,0.71607191035249,0.3602860279808696,-0.3602860279808696,0.5396296128402814,0.1793435848594118,0.0617473155723402,0.09466342405921468,-0.09466342405921468,0.7298521310757538,0.6351887070165391,0.17806381917131414,0.6812046572949698,0.002370950182637345,0.9513075962532415,0.20290145212303223,0.20290145212303223,2.2106170516400416e-06,0.35007228760254183,0.5529737397255741,3.404499220160481e-06,0.04363842465854664,0.24612353053875038,True,0.6807116020093416,0.24600364980897635,0.24600364980897635,0.04244363226784306,0.2884472820768194,0.0,0.0,0.0031771801695015043,0.21969597151398598,0.21969597151398598,0.0,0.00293950197031786,0.0,0.0003753587226437841,0.0,0.014630874838688262,0.00308736577861701,0.0017806381917131414,2.2106170516400417e-07,3.404499220160481e-08,0.00043638424658546646,0.24612353053875038
0.0,0.0,0.04619984789328419,6550,0.20617546449060453,0.20617546469678,0.026270670701485276,-0.026270670701485276,0.08671238110400754,0.06044171040252227,0.0,0.0035358909597839787,0.4818418377875969,0.0,0.03608362361666527,0.00014084861858823996,0.0,0.005392835824299582,0.9265640699364434,0.0008760893435731621,0.71607191035249,0.4042067714822103,-0.4042067714822103,0.5396296128402814,0.13542284135807114,0.060842325330858746,0.06829964458656657,-0.06829964458656657,0.7298521310757538,0.6615524864891872,0.16042943338292254,0.6639497092856707,0.005298249104089469,0.9272109273029978,0.19139957890446677,-0.19139957890446677,2.0258003171673166e-07,0.35007228760254183,0.15867270869807507,8.390538353494912e-07,0.0047692498118351336,0.2559247096650418,True,0.6634865128890078,0.0846741324610398,0.0846741324610398,0.04244363226784306,0.12711776472888286,0.0,0.0,0.009239969578656838,0.20617546449060453,0.20617546449060453,0.0,0.0017679454798919894,0.0,0.0016901834230588796,0.0,0.03235701494579749,0.0030421162665429376,0.0016042943338292254,2.0258003171673166e-08,8.390538353494912e-09,4.769249811835134e-05,0.2559247096650418
0.025039964292774736,0.0,0.03143670915867045,6575,0.3740055033010074,0.3740055036750129,0.14333857305784342,0.14333857305784342,0.08671238110400754,0.23005095416185098,0.0,0.00596372766337909,0.7717316708842871,0.0,0.05540869139232569,0.00028180700651826316,0.0,0.3116321328790495,1.5582402107328435,0.004259681067311424,0.71607191035249,0.3013425282538879,-0.3013425282538879,0.5396296128402814,0.23828708458639353,0.08638358520827467,0.05414498007058144,0.05414498007058144,0.7298521310757538,0.7839971111463352,0.13866403522368698,1.1163023447781624,0.31239704063954793,1.558924897136948,0.4232641446403028,0.4232641446403028,1.0476103455112332e-06,0.35007228760254183,0.7733364322428447,2.162007584574435e-06,0.03178877730053925,2.3626328812548127,True,1.115812060069936,0.6371523389507141,0.6371523389507141,0.04244363226784306,0.6795959712185572,0.10015985717109895,0.0,0.0062873418317340906,0.3740055033010074,0.3740055033010074,0.0,0.002981863831689545,0.0,0.003381684078219158,0.0,1.8697927972742971,0.004319179260413734,0.0013866403522368698,1.0476103455112332e-07,2.162007584574435e-08,0.0003178877730053925,2.3626328812548127
0.0,0.0,0.04560443810014012,6600,0.1587248055180782,0.15872480567680297,0.005414295702742988,-0.005414295702742988,0.08671238110400754,0.08129808540126456,0.0,0.010886392949863764,0.5535007251444721,0.0,0.03888620366610618,0.00013106088144268415,0.0,0.0038470561242467853,0.9379753587334293,0.001131341546416527,0.71607191035249,0.3229988133927001,-0.3229988133927001,0.5396296128402814,0.21663079944758135,0.04826022927340692,0.029591079804751397,-0.029591079804751397,0.7298521310757538,0.7002610512710024,0.3037478290446727,0.6721582261470753,0.003760855601032429,0.9386741848726621,0.014945605796869266,-0.014945605796869266,9.831974531539679e-07,0.35007228760254183,0.33512668180567257,1.0828571338772857e-06,0.006432297165614623,0.20345887880992092,True,0.6716578163715624,0.14321755652851614,0.14321755652851614,0.04244363226784306,0.1856611887963592,0.0,0.0,0.009120887620028025,0.1587248055180782,0.1587248055180782,0.0,0.005443196474931882,0.0,0.0015727305773122098,0.0,0.023082336745480714,0.002413011463670346,0.0030374782904467267,9.831974531539679e-08,1.0828571338772857e-08,6.432297165614623e-05,0.20345887880992092
0.0,0.0,0.023937663861811155,6625,0.23023749407377062,0.23023749430400814,0.10301708380937831,0.10301708380937831,0.08671238110400754,0.18972946491338585,0.0,0.008968682814021186,1.80811985912507,0.0,0.07536524655187418,0.0006206637918208127,0.0,0.012603028514357476,1.1122632108678416,0.004393819887895134,0.71607191035249,0.26634426261806643,-0.26634426261806643,0.5396296128402814,0.273285350222215,0.11733327357752986,0.15774054137728843,-0.15774054137728843,0.7298521310757538,0.5721115896984653,0.14679997037788006,0.7969884720206031,0.012769134030229053,1.1130005930525546,0.3194917775985996,0.3194917775985996,3.717987148850753e-06,0.35007228760254183,0.6695640652011414,9.199683266259021e-06,0.05838372869417162,0.3304944693062826,True,0.796460453343562,0.2377764891314483,0.2377764891314483,0.04244363226784306,0.28022012139929137,0.0,0.0,0.004787532772362231,0.23023749407377062,0.23023749407377062,0.0,0.004484341407010593,0.0,0.007447965501849753,0.0,0.07561817108614485,0.0058666636788764935,0.0014679997037788006,3.717987148850753e-07,9.199683266259021e-08,0.0005838372869417162,0.3304944693062826
0.0,0.0,0.03939033566257173,6650,0.1307829735396821,0.1307829736704651,0.005481440162367679,0.005481440162367679,0.08671238110400754,0.09219382126637522,0.0,0.008465847083991188,0.8329658839095888,0.0,0.027014595802765922,0.00010485279583035464,0.0,0.007788342620174977,0.9117484129311264,0.0012783578144875182,0.71607191035249,0.19613928309676448,-0.19613928309676448,0.5396296128402814,0.34349032974351695,0.06145589308008903,0.13421760828514806,-0.13421760828514806,0.7298521310757538,0.5956345227906057,0.21058529874223172,0.6532752372276296,0.007690598212873873,0.9123039441430011,0.06360610977803127,-0.06360610977803127,2.633566299812535e-06,0.35007228760254183,0.28646617782451056,2.4551984009649437e-06,0.031526119917223795,0.19637645023441916,True,0.6528774369259267,0.15798785673462715,0.15798785673462715,0.04244363226784306,0.2004314890024702,0.0,0.0,0.007878067132514347,0.1307829735396821,0.1307829735396821,0.0,0.004232923541995594,0.0,0.0012582335499642557,0.0,0.04673005572104986,0.0030727946540044515,0.002105852987422317,2.633566299812535e-07,2.4551984009649438e-08,0.00031526119917223795,0.19637645023441916
0.0,0.0,0.011721692764647677,6675,0.21327341516975212,0.21327341538302555,0.008418495890257519,-0.008418495890257519,0.08671238110400754,0.07829388521375003,0.0,0.0065849426587125505,0.6588321767792064,0.0,0.015007012607121705,3.9286177606328146e-05,0.0,0.0002169986572943159,0.9852691257118148,0.001112140288362908,0.71607191035249,0.4586106517926579,-0.4586106517926579,0.5396296128402814,0.08101896104762352,0.05999389655946576,0.02089564499719665,-0.02089564499719665,0.7298521310757538,0.7089564860785571,0.12922162629268313,0.7058685912331628,0.00020303480993735353,0.9857509716142695,0.08541542386894674,-0.08541542386894674,7.201333763003422e-07,0.35007228760254183,0.2646568637335951,1.6133446223551367e-06,0.007340491543706744,0.2250490552802008,True,0.7055235549124781,0.0964402660738827,0.0964402660738827,0.04244363226784306,0.13888389834172576,0.0,0.0,0.0023443385529295356,0.21327341516975212,0.21327341516975212,0.0,0.0032924713293562753,0.0,0.0004714341312759378,0.0,0.0013019919437658955,0.0029996948279732883,0.0012922162629268315,7.201333763003423e-08,1.6133446223551367e-08,7.340491543706744e-05,0.2250490552802008
0.0,0.0,0.0518709801046519,6700,0.18709867650827677,0.18709867669537544,0.08395224703720004,0.08395224703720004,0.08671238110400754,0.17066462814120759,0.0,0.007072138230550644,0.7763893987744414,3.5578125056002145e-05,0.08596474014991451,0.0006640157064307971,0.0,0.06445345432600236,1.2538768487397036,0.00210102847265571,0.71607191035249,0.2104459489049193,-0.2104459489049193,0.5396296128402814,0.32918366393536214,0.07214965826004463,0.047528360762211785,-0.047528360762211785,0.7298521310757538,0.682323770313542,0.20786159987171882,0.8984099808087085,0.06483975631345039,1.2546365180280519,0.207562884672566,0.207562884672566,2.610823523492217e-06,0.35007228760254183,0.5576351722751078,2.3953844778575797e-06,0.01280586405717012,0.6017257674164906,True,0.8978660029625682,0.2799157029221052,0.2799157029221052,0.04244363226784306,0.3223593351899483,0.0,0.0,0.010374196020930381,0.18709867650827677,0.18709867650827677,0.0,0.003536069115275322,0.00021346875033601286,0.007968188477169565,0.0,0.38672072595601414,0.0036074829130022315,0.002078615998717188,2.6108235234922175e-07,2.3953844778575798e-08,0.0001280586405717012,0.6017257674164906
0.0,0.0,0.026924054705767007,6725,0.2526436946130179,0.25264369486566157,0.06956799425400563,0.06956799425400563,0.08671238110400754,0.15628037535801317,0.0,0.009149618939865076,1.1179543508841752,0.0,0.03785335383740565,0.00013146253175310525,0.0,0.015195028944019761,1.1232681181166475,0.0021677857667536764,0.71607191035249,0.369664110917545,-0.369664110917545,0.5396296128402814,0.16996550192273646,0.08476201098499517,0.04379222050131959,-0.04379222050131959,0.7298521310757538,0.6860599105744342,0.2110511068096387,0.8048988007270013,0.015387764529148222,1.1240474285471014,0.2616815200749628,0.2616815200749628,2.2026473365318186e-06,0.35007228760254183,0.6117538076775046,4.051955080171151e-06,0.021246580740489282,0.3619123772782952,True,0.8043407584105153,0.32750258858015757,0.32750258858015757,0.04244363226784306,0.3699462208480006,0.0,0.0,0.005384810941153402,0.2526436946130179,0.2526436946130179,0.0,0.004574809469932538,0.0,0.001577550381037263,0.0,0.09117017366411856,0.004238100549249758,0.0021105110680963873,2.2026473365318187e-07,4.051955080171151e-08,0.00021246580740489281,0.3619123772782952
0.0,0.0,0.005807133696425143,6750,0.10069327846217646,0.10069327856286973,0.010710036817271187,-0.010710036817271187,0.08671238110400754,0.07600234428673636,0.0,0.006848305998922943,1.3168687827840073,0.0,0.010717093711834071,2.0084934060428375e-05,0.0,0.06286172164290978,0.7492776004364393,0.002564906004640146,0.71607191035249,0.09624884669273681,0.09624884669273681,0.5396296128402814,0.6358784595330182,0.05546829362563159,0.18770202670810743,-0.18770202670810743,0.7298521310757538,0.5421501043676463,0.1685199933225729,0.5368839382501969,0.0626187609298719,0.7497625908664496,0.07398005093526394,-0.07398005093526394,2.067943716322151e-06,0.35007228760254183,0.2760922366672779,5.0041608280875935e-06,0.05370908219066302,0.4876861695395006,True,0.5365366502216268,0.024739393559136263,0.024739393559136263,0.04244363226784306,0.06718302582697933,0.0,0.0,0.0011614267392850287,0.10069327846217646,0.10069327846217646,0.0,0.0034241529994614717,0.0,0.0002410192087251405,0.0,0.3771703298574587,0.00277341468128158,0.001685199933225729,2.067943716322151e-07,5.004160828087593e-08,0.0005370908219066302,0.4876861695395006
0.0,0.0,0.03260451173371526,6775,0.2120239234340994,0.21202392364612332,0.006651843995626891,0.006651843995626891,0.08671238110400754,0.09336422509963443,0.0,0.00755573778267411,0.6714646568518703,0.0,0.07149901942364398,0.0005278463334176103,0.0,0.00167773730215753,1.0409601916762792,0.001707293784081273,0.71607191035249,0.4115742235259817,-0.4115742235259817,0.5396296128402814,0.12805538931429972,0.05175588222995806,0.11286780386363537,-0.11286780386363537,0.7298521310757538,0.6169843272121184,0.2207966173893313,0.7459570465969672,0.001741794447592318,1.0417348109806708,0.043704121887710556,-0.043704121887710556,1.1288620041513376e-06,0.35007228760254183,0.3063681657148313,1.449799833514123e-06,0.00722288556472628,0.24359139101137323,True,0.7454023634641292,0.20170260551850294,0.20170260551850294,0.04244363226784306,0.244146237786346,0.0,0.0,0.006520902346743052,0.2120239234340994,0.2120239234340994,0.0,0.003777868891337055,0.0,0.0063341560010113235,0.0,0.01006642381294518,0.0025877941114979034,0.002207966173893313,1.1288620041513377e-07,1.449799833514123e-08,7.22288556472628e-05,0.24359139101137323
0.0,0.0,0.0115996400116857,6800,0.14593239874937536,0.14593239889530776,0.00827265148389035,0.00827265148389035,0.08671238110400754,0.0949850325878979,0.0,0.00215394664017287,0.8423973801636293,0.0,0.006740013942742475,1.156472298832783e-05,0.0,0.0005335056384547408,0.9769022590183641,0.00122984627744803,0.71607191035249,0.2734677173761296,-0.2734677173761296,0.5396296128402814,0.2661618954641518,0.06932084897399574,0.13834403583656318,-0.13834403583656318,0.7298521310757538,0.5915080952391906,0.03502684084406766,0.6999479289481072,0.0005070278654968,0.9774827207350266,0.009355508547511326,0.009355508547511326,1.648309940676663e-06,0.35007228760254183,0.35942779615005316,2.7623246049979976e-06,0.011924205757591969,0.1566048559473438,True,0.6995322766119656,0.1113629122979489,0.1113629122979489,0.04244363226784306,0.15380654456579196,0.0,0.0,0.00231992800233714,0.14593239874937536,0.14593239874937536,0.0,0.001076973320086435,0.0,0.00013877667585993395,0.0,0.0032010338307284446,0.003466042448699787,0.0003502684084406766,1.6483099406766632e-07,2.7623246049979977e-08,0.0001192420575759197,0.1566048559473438
0.0,0.0,0.011026497582138268,6825,0.20568493873938332,0.20568493894506826,0.053711362504474294,0.053711362504474294,0.08671238110400754,0.14042374360848184,0.0,0.004362538312552891,1.2642716877691709,0.0,0.01724293871022395,4.8226679745252174e-05,0.0,0.0030121176081218813,0.9451172376048556,0.003537272051445844,0.71607191035249,0.24224437421781264,-0.24224437421781264,0.5396296128402814,0.2973852386224688,0.08342059983517253,0.13145177119097506,-0.13145177119097506,0.7298521310757538,0.5984003598847787,0.0721201893382791,0.6772670896254414,0.0029366913152063163,0.9458087524114243,0.2418428471074361,0.2418428471074361,4.900138180266139e-06,0.35007228760254183,0.5919151347099779,5.551206553941128e-06,0.032013803075973714,0.2339358486595464,True,0.6767719152899495,0.27239069807106187,0.27239069807106187,0.04244363226784306,0.31483433033890496,0.0,0.0,0.0022052995164276537,0.20568493873938332,0.20568493873938332,0.0,0.0021812691562764453,0.0,0.0005787201569430261,0.0,0.01807270564873129,0.004171029991758626,0.000721201893382791,4.90013818026614e-07,5.551206553941128e-08,0.00032013803075973713,0.2339358486595464
0.0,0.0,0.0200986300791613,6850,0.16386581223871347,0.16386581240257928,0.011740507436897349,0.011740507436897349,0.08671238110400754,0.09845288854090489,0.0,0.005809209628586055,1.0683673808362883,0.0,0.014803961284191447,4.465826154983312e-05,0.0,0.0006849332600304954,0.9738287703760313,0.0019638614721163013,0.71607191035249,0.35030320306110807,-0.35030320306110807,0.5396296128402814,0.18932640977917337,0.07003121523431266,0.05341232541704288,-0.05341232541704288,0.7298521310757538,0.6764398056587109,0.12892787440163858,0.6978397441311317,0.0006482816546019185,0.9745386242594412,0.02318256551221287,-0.02318256551221287,7.603204962424592e-07,0.35007228760254183,0.32688972209032896,3.7219808718022675e-06,0.02932140225237426,0.1805198085477338,True,0.6973314376976688,0.08955188960515936,0.08955188960515936,0.04244363226784306,0.13199552187300242,0.0,0.0,0.0040197260158322595,0.16386581223871347,0.16386581223871347,0.0,0.0029046048142930274,0.0,0.0005358991385979975,0.0,0.004109599560182972,0.003501560761715633,0.0012892787440163859,7.603204962424593e-08,3.721980871802268e-08,0.0002932140225237426,0.1805198085477338
0.0,0.0,0.01418807105786848,6875,0.23448727641440673,0.234487276648894,0.08700778095355892,0.08700778095355892,0.08671238110400754,0.17372016205756646,0.0,0.007471697540045656,1.315758348521779,0.0,0.02292038182149812,0.0001005787718689678,0.0,6.079538649883161e-07,1.0007797139635715,0.0032180802913551383,0.71607191035249,0.31481698792627394,-0.31481698792627394,0.5396296128402814,0.2248126249140075,0.105094093809189,0.08951071497822594,-0.08951071497822594,0.7298521310757538,0.6403414160975278,0.11621149182537201,0.7170959840812219,2.0452230589623513e-06,1.0014301129532182,0.325540607587545,0.325540607587545,6.632310980514886e-06,0.35007228760254183,0.6756128951900868,6.7067876777448875e-06,0.05525639625400673,0.24924144625184882,True,0.7166302516277102,0.23292159503416457,0.23292159503416457,0.04244363226784306,0.27536522730200763,0.0,0.0,0.0028376142115736965,0.23448727641440673,0.23448727641440673,0.0,0.003735848770022828,0.0,0.0012069452624276136,0.0,3.6477231899298965e-06,0.00525470469045945,0.0011621149182537201,6.632310980514887e-07,6.706787677744888e-08,0.0005525639625400673,0.24924144625184882
0.0,0.0,0.007000940863456537,6900,0.13315400289003848,0.13315400302319247,0.022036812589732127,0.022036812589732127,0.08671238110400754,0.10874919369373967,0.0,0.008679224082533871,0.8864897010807045,0.0,0.028059178084563915,8.799484744729093e-05,0.0,0.0008907032802472588,0.9701553475435337,0.003940634667692399,0.71607191035249,0.20084256418317137,-0.20084256418317137,0.5396296128402814,0.33878704865711007,0.07264188374780715,0.04596716199024653,-0.04596716199024653,0.7298521310757538,0.6838849690855072,0.16509144624042624,0.6950190200205111,0.0008643916861699163,0.9705994611244978,0.08927944722596354,0.08927944722596354,2.6907134265580445e-06,0.35007228760254183,0.43935173482850537,3.0469440173136986e-06,0.014786309819631045,0.1507251322436215,True,0.6947010027557355,0.19427502729456583,0.19427502729456583,0.04244363226784306,0.2367186595624089,0.0,0.0,0.0014001881726913076,0.13315400289003848,0.13315400289003848,0.0,0.004339612041266936,0.0,0.0010559381693674911,0.0,0.005344219681483553,0.0036320941873903578,0.0016509144624042623,2.6907134265580447e-07,3.046944017313698e-08,0.00014786309819631046,0.1507251322436215
0.0,0.0,0.02783961725781503,6925,0.13137073309110125,0.13137073322247197,0.01848813801761527,0.01848813801761527,0.08671238110400754,0.10520051912162282,0.0,0.008114330981008836,1.07786506524235,0.0,0.024618516679735195,8.978226339357805e-05,0.0,7.479124908660916e-05,0.9913518065998378,0.00260106538055476,0.71607191035249,0.261318641787678,-0.261318641787678,0.5396296128402814,0.27831097105260344,0.06450643753248088,0.07577873828037474,-0.07577873828037474,0.7298521310757538,0.654073392795379,0.1834942805346645,0.7102082692492859,6.70537320408014e-05,0.9918113656791379,0.028027556388864505,-0.028027556388864505,1.447600568177834e-06,0.35007228760254183,0.3220447312136773,3.273434479813949e-06,0.025225627449885667,0.14783465513928246,True,0.7098791918968561,0.10551844791996254,0.10551844791996254,0.04244363226784306,0.1479620801878056,0.0,0.0,0.005567923451563006,0.13137073309110125,0.13137073309110125,0.0,0.004057165490504418,0.0,0.0010773871607229367,0.0,0.000448747494519655,0.003225321876624044,0.0018349428053466448,1.4476005681778342e-07,3.273434479813949e-08,0.00025225627449885666,0.14783465513928246
0.0,0.0,0.017209275027550548,6950,0.12803012662556085,0.12803012675359096,0.010993802008820858,0.010993802008820858,0.08671238110400754,0.0977061831128284,0.0,0.0038153721770085624,1.0097946645029618,0.0,0.018768012813500837,7.245962570930489e-05,0.0,0.001195400303894472,0.9654254384858684,0.0011903965209528538,0.71607191035249,0.25870455699615547,-0.25870455699615547,0.5396296128402814,0.28092505584412597,0.07547436527033737,0.04244205078739416,-0.04244205078739416,0.7298521310757538,0.6874100802883596,0.08435250266364394,0.6917778205394423,0.0011510344847120797,0.9660731008680121,0.0173354484544489,-0.0173354484544489,2.4904560243242326e-06,0.35007228760254183,0.33273683914809293,2.906007323644538e-06,0.016104975368940136,0.14620015620097213,True,0.6913140476937205,0.11317159467534268,0.11317159467534268,0.04244363226784306,0.15561522694318575,0.0,0.0,0.00344185500551011,0.12803012662556085,0.12803012662556085,0.0,0.0019076860885042812,0.0,0.0008695155085116587,0.0,0.0071724018233668314,0.0037737182635168686,0.0008435250266364394,2.490456024324233e-07,2.9060073236445383e-08,0.00016104975368940136,0.14620015620097213
0.0,0.0,0.03804672101191583,6975,0.1385974309489195,0.13859743108751693,0.04218254920634114,0.04218254920634114,0.08671238110400754,0.12889493031034868,0.0,0.005307032828521673,0.9917185708738484,0.0,0.054197404493739935,0.00027196816845956534,0.0,0.0006033492405394855,1.0245631683733896,0.0009859060921314912,0.71607191035249,0.23292934132817672,-0.23292934132817672,0.5396296128402814,0.3067002715121047,0.06324813915585319,0.13271915451028715,-0.13271915451028715,0.7298521310757538,0.5971329765654666,0.13702812242277865,0.7340406405348393,0.0006296816010369666,1.025093457335269,0.05064100581153469,0.05064100581153469,2.514927138701153e-06,0.35007228760254183,0.4007132934140765,3.1478745183876693e-06,0.048623896472827444,0.16076321514852296,True,0.7336609154995646,0.14082580930938055,0.14082580930938055,0.04244363226784306,0.1832694415772236,0.0,0.0,0.007609344202383166,0.1385974309489195,0.1385974309489195,0.0,0.0026535164142608364,0.0,0.003263618021514784,0.0,0.0036200954432369127,0.0031624069577926594,0.0013702812242277864,2.514927138701153e-07,3.147874518387669e-08,0.00048623896472827443,0.16076321514852296
0.0,0.0,0.03885332460748726,7000,0.15320873923073922,0.15320873938394794,0.02534216832728002,0.02534216832728002,0.08671238110400754,0.11205454943128756,0.0,0.005592456994064715,0.9465541826793824,0.0,0.019870090898778,8.694392782388567e-05,0.0,8.427928427636826e-05,1.0091803749529291,0.002561285231935525,0.71607191035249,0.2937644947161403,-0.2937644947161403,0.5396296128402814,0.2458651181241411,0.0605849435597137,0.10623658592041507,-0.10623658592041507,0.7298521310757538,0.6236155451553387,0.12351645112850929,0.7231269880879385,9.707090704548236e-05,1.0098524569040155,0.07928939147334935,0.07928939147334935,1.610054440529326e-06,0.35007228760254183,0.4293616790758912,2.801210119797623e-06,0.013568915991417903,0.16972492535554407,True,0.7226457290745898,0.11336562741190648,0.11336562741190648,0.04244363226784306,0.15580925967974954,0.0,0.0,0.007770664921497453,0.15320873923073922,0.15320873923073922,0.0,0.0027962284970323575,0.0,0.001043327133886628,0.0,0.0005056757056582095,0.0030292471779856853,0.0012351645112850928,1.6100544405293262e-07,2.801210119797623e-08,0.00013568915991417905,0.16972492535554407
0.0,0.0,0.03820468552005281,7025,0.17562871268727678,0.1756287128629055,0.06278708627638675,0.06278708627638675,0.08671238110400754,0.1494994673803943,0.0,0.013116389517736065,1.202515614506553,0.0,0.03349463376311121,0.0002227469376666062,0.0,0.0017136206879700673,1.0413959018257855,0.005110184972693164,0.71607191035249,0.3015465376714086,-0.3015465376714086,0.5396296128402814,0.23808307516887287,0.058415016952496596,0.03866655872008229,-0.03866655872008229,0.7298521310757538,0.6911855723556715,0.30351983638059016,0.7460764447431851,0.0017557400113592555,1.0419015514194792,0.13038028775869331,0.13038028775869331,2.0773763529057327e-06,0.35007228760254183,0.48045257536123515,3.960118012870471e-06,0.028380247114990244,0.20902253095137113,True,0.7457143632676033,0.20213997409077356,0.20213997409077356,0.04244363226784306,0.24458360635861662,0.0,0.0,0.007640937104010562,0.17562871268727678,0.17562871268727678,0.0,0.0065581947588680325,0.0,0.0026729632519992743,0.0,0.010281724127820404,0.00292075084762483,0.0030351983638059014,2.0773763529057328e-07,3.9601180128704714e-08,0.00028380247114990245,0.20902253095137113
0.0,0.0,0.036336404449206654,7050,0.158555786835059,0.15855578699361478,0.05217105016038305,0.05217105016038305,0.08671238110400754,0.1388834312643906,0.0,0.0014645321302837252,1.004118600820348,0.0,0.013793707066882774,3.2106388791987205e-05,0.0,0.00011936985775711992,1.0109256513653475,0.002043713612790842,0.71607191035249,0.1819703215377798,-0.1819703215377798,0.5396296128402814,0.3576592913025016,0.10733522809437117,0.08984060973318198,-0.08984060973318198,0.7298521310757538,0.6400115213425718,0.08579540678238962,0.7241754353048531,0.00012806592416413467,1.0113166215879181,0.10721032904765965,0.10721032904765965,3.3406077683983427e-06,0.35007228760254183,0.4572826166502015,3.704194949606443e-06,0.053072957119151845,0.1744126457485491,True,0.7238954725067762,0.2651401171808695,0.2651401171808695,0.04244363226784306,0.3075837494487126,0.0,0.0,0.007267280889841331,0.158555786835059,0.158555786835059,0.0,0.0007322660651418626,0.0,0.00038527666550384646,0.0,0.0007162191465427195,0.005366761404718558,0.0008579540678238962,3.340607768398343e-07,3.704194949606443e-08,0.0005307295711915184,0.1744126457485491
0.0,0.0,0.005527234498353149,7075,0.33769501185336004,0.337695012191055,0.02550501776371239,0.02550501776371239,0.08671238110400754,0.11221739886771993,0.0,0.003297568158246811,0.7898050038116212,0.0,0.01327730950517393,2.5459064209831392e-05,0.015255851503162523,1.7293151617430897e-07,1.000415850353101,0.0009669963954656854,0.71607191035249,0.7365573845289152,0.7365573845289152,0.5396296128402814,1.2761869973691966,0.07285143647835395,0.027609656025709417,-0.027609656025709417,0.7298521310757538,0.7022424750500443,0.07750316116653534,0.7167280057104074,8.394742968382286e-07,1.0009162282995183,0.0536586169391533,0.0536586169391533,2.6552486513354267e-06,0.35007228760254183,0.40373090454169513,2.5360345439252984e-06,0.02340302766557867,0.34922167666500914,True,0.7163696991134143,0.15290774794201833,0.15290774794201833,0.04244363226784306,0.1953513802098614,0.0,0.0,0.0011054468996706298,0.33769501185336004,0.33769501185336004,0.0,0.0016487840791234055,0.0,0.0003055087705179767,0.0038139628757906307,1.0375890970458539e-06,0.0036425718239176974,0.0007750316116653535,2.6552486513354266e-07,2.5360345439252983e-08,0.0002340302766557867,0.34922167666500914
0.0,0.0,0.021762706999125973,7100,0.16520585011388506,0.1652058502790909,0.03960217929664246,0.03960217929664246,0.08671238110400754,0.12631456040065,0.0,0.006439513048416517,1.2222843470090548,0.0,0.01199891226842853,3.008713296545509e-05,0.0,7.901250349097128e-05,0.9911111022341929,0.004296324943212556,0.71607191035249,0.33243694752304825,-0.33243694752304825,0.5396296128402814,0.20719266531723318,0.06571586598154905,0.04530490982115665,-0.04530490982115665,0.7298521310757538,0.6845472212545971,0.11354340546550627,0.7101711087772935,6.790632163948173e-05,0.9917594707912973,0.0021157928275311044,0.0021157928275311044,1.6467012543582523e-06,0.35007228760254183,0.35218808043007294,4.3872363043405145e-06,0.03602394911642683,0.178394944041835,True,0.7097068302595115,0.14941618625674222,0.14941618625674222,0.04244363226784306,0.19185981852458528,0.0,0.0,0.004352541399825194,0.16520585011388506,0.16520585011388506,0.0,0.0032197565242082587,0.0,0.0003610455955854611,0.0,0.00047407502094582766,0.0032857932990774524,0.0011354340546550626,1.6467012543582525e-07,4.387236304340515e-08,0.0003602394911642683,0.178394944041835
0.0,0.0,0.02615755024723827,7125,0.12838841698702363,0.12838841711541205,0.013326182532230335,-0.013326182532230335,0.08671238110400754,0.07338619857177721,0.0,0.006908793825992465,0.8630941429924385,0.0,0.009726638971040074,2.1950636838114942e-05,0.0,0.04042924217772675,0.7989297580999944,0.001201001741071289,0.71607191035249,0.0673029246361398,-0.0673029246361398,0.5396296128402814,0.47232668820414164,0.06379441699923373,0.23617048693058806,-0.23617048693058806,0.7298521310757538,0.4936816441451657,0.1504238871504549,0.5723836363744502,0.04026515994679058,0.7993381950973465,0.10913339775168907,-0.10913339775168907,2.269272119226897e-06,0.35007228760254183,0.24093888985085277,2.598162783078184e-06,0.04939681584349408,0.38510136544662626,True,0.5720911661094134,0.10012022792465808,0.10012022792465808,0.04244363226784306,0.14256386019250114,0.0,0.0,0.005231510049447654,0.12838841698702363,0.12838841698702363,0.0,0.0034543969129962326,0.0,0.0002634076420573793,0.0,0.24257545306636047,0.0031897208499616866,0.001504238871504549,2.2692721192268972e-07,2.598162783078184e-08,0.0004939681584349407,0.38510136544662626
0.0,0.0,0.053866221968886706,7150,0.14684455247128742,0.14684455261813195,0.0017983317152452105,0.0017983317152452105,0.08671238110400754,0.08851071281925275,0.0,0.0052964100162260835,1.05089967996216,0.0,0.03789824467866116,0.00012774117873955477,0.0,0.004940952698606519,0.9297080893800252,0.0014813061551686017,0.71607191035249,0.3149798341996092,-0.3149798341996092,0.5396296128402814,0.22464977864067226,0.06435954088352176,0.053783887342077175,-0.053783887342077175,0.7298521310757538,0.6760682437336766,0.19751758473068387,0.6662308485489998,0.004844639415740286,0.930396556006615,0.03590888507065776,-0.03590888507065776,1.506568162193785e-06,0.35007228760254183,0.3141634025318841,3.109872453544345e-06,0.01914976567968545,0.1968294445135121,True,0.6657378569295991,0.06647502278361643,0.06647502278361643,0.04244363226784306,0.10891865505145949,0.0,0.0,0.010773244393777342,0.14684455247128742,0.14684455247128742,0.0,0.0026482050081130418,0.0,0.0015328941448746573,0.0,0.029645716191639117,0.0032179770441760885,0.001975175847306839,1.506568162193785e-07,3.109872453544345e-08,0.0001914976567968545,0.1968294445135121
0.0,0.0,0.04873735557594346,7175,0.17292231994745338,0.1729223201203757,0.038551844726628995,0.038551844726628995,0.08671238110400754,0.12526422583063654,0.0,0.010251200350323097,0.9900371537862422,0.0,0.03356279182347887,0.00024823076066074424,0.0,1.6146508503487958e-05,1.0040182718304624,0.005848764572263865,0.71607191035249,0.32871904837391247,-0.32871904837391247,0.5396296128402814,0.21091056446636897,0.061762089237271105,0.0780026086275648,-0.0780026086275648,0.7298521310757538,0.651849522448189,0.2903178108772927,0.719419334423625,2.1852724321431623e-05,1.0046746897567038,0.10450505874606375,0.10450505874606375,3.154984521322305e-06,0.35007228760254183,0.4545773463486056,4.6794006897156665e-06,0.018594795084142916,0.19704863223069044,True,0.7189492919786276,0.1515337329678393,0.1515337329678393,0.04244363226784306,0.19397736523568238,0.0,0.0,0.009747471115188693,0.17292231994745338,0.17292231994745338,0.0,0.005125600175161549,0.0,0.002978769127928931,0.0,9.687905102092775e-05,0.0030881044618635556,0.002903178108772927,3.154984521322305e-07,4.679400689715667e-08,0.00018594795084142917,0.19704863223069044
0.0,0.0,0.01734036281882833,7200,0.29988642844673236,0.2998864287466188,0.091114718847444,0.091114718847444,0.08671238110400754,0.17782709995145154,0.0,0.009607605134536297,1.2189179736839006,0.0,0.030478269166017313,8.377792553488768e-05,2.67808481396562e-05,0.024677090191236657,1.157089433735171,0.0034058886288329425,0.71607191035249,0.5512013128319975,-0.5512013128319975,0.5396296128402814,-0.01157169999171604,0.08472163023926765,0.025463257421121543,0.025463257421121543,0.7298521310757538,0.7553153884968753,0.17334433304371208,0.829167864525117,0.02494484291859547,1.1579393646897298,0.288224920932721,0.288224920932721,1.52858429673868e-06,0.35007228760254183,0.6382972085352628,6.970057271765192e-06,0.038102898389961386,0.4635836514289422,True,0.8285592528343191,0.23197540591293395,0.23197540591293395,0.04244363226784306,0.274419038180777,0.0,0.0,0.003468072563765666,0.29988642844673236,0.29988642844673236,0.0,0.0048038025672681485,0.0,0.001005335106418652,6.69521203491405e-06,0.14806254114741996,0.004236081511963383,0.001733443330437121,1.52858429673868e-07,6.970057271765193e-08,0.00038102898389961385,0.4635836514289422
0.0,0.0,0.03227689860904328,7225,0.14482671160791866,0.14482671175274536,0.07597247305722023,0.07597247305722023,0.08671238110400754,0.16268485416122777,0.0,0.004641115836296722,1.3745581215463754,0.0,0.02012260591850363,5.1971219946103195e-05,0.0,0.004067588340583697,0.9362223523436016,0.0033846127044302684,0.71607191035249,0.13521626896718403,-0.13521626896718403,0.5396296128402814,0.4044133438730974,0.09803171503596195,0.07627683177721223,-0.07627683177721223,0.7298521310757538,0.6535752992985415,0.13935903222328674,0.6708903023842729,0.00398116585309033,0.9369035194872937,0.1897845568945109,0.1897845568945109,8.229928440802768e-06,0.35007228760254183,0.5398568444970527,6.6412360444029005e-06,0.056717562364594076,0.18549507503361254,True,0.6704025377196083,0.19743934012276546,0.19743934012276546,0.04244363226784306,0.23988297239060852,0.0,0.0,0.006455379721808656,0.14482671160791866,0.14482671160791866,0.0,0.002320557918148361,0.0,0.0006236546393532383,0.0,0.024405530043502183,0.004901585751798098,0.0013935903222328674,8.229928440802769e-07,6.641236044402901e-08,0.0005671756236459408,0.18549507503361254
0.0,0.0,0.002770797843429889,7250,0.12930801972071276,0.12930801985002077,0.004064559436551651,-0.004064559436551651,0.08671238110400754,0.08264782166745589,0.0,0.007996687383012877,0.5557624851298948,0.0,0.034341264140423995,0.0001413147227708421,0.0,0.00020268621266948675,1.0142367908135748,0.0036142784220551186,0.71607191035249,0.224728943774527,-0.224728943774527,0.5396296128402814,0.3149006690657544,0.061025482487318504,0.10653067213525458,-0.10653067213525458,0.7298521310757538,0.6233214589404992,0.14306148707662542,0.7265721758118332,0.00021502375533411134,1.0146636883264106,0.048118643672037664,-0.048118643672037664,8.239569661551389e-07,0.35007228760254183,0.30195364393050417,1.0395441704928058e-06,0.00980887036715739,0.1413524874201143,True,0.7262664864900232,0.13935211946652773,0.13935211946652773,0.04244363226784306,0.1817957517343708,0.0,0.0,0.0005541595686859778,0.12930801972071276,0.12930801972071276,0.0,0.003998343691506439,0.0,0.001695776673250105,0.0,0.0012161172760169205,0.003051274124365925,0.0014306148707662542,8.23956966155139e-08,1.0395441704928057e-08,9.80887036715739e-05,0.1413524874201143
0.0,0.0,0.03029564957988247,7275,0.14424953426396564,0.14424953440821517,0.052472188543459766,0.052472188543459766,0.08671238110400754,0.1391845696474673,0.0,0.006721872717137316,1.4420816263885907,0.0,0.036567890496765634,0.0001401985163732756,0.0,0.0008187806896712942,0.9713856558755701,0.002078901469489888,0.71607191035249,0.23735399048280087,-0.23735399048280087,0.5396296128402814,0.30227562235748057,0.062284431999190745,0.06049762182891705,-0.06049762182891705,0.7298521310757538,0.6693545092468367,0.18359690278840868,0.6960220643515235,0.0007839876618205969,0.972000220325499,0.158436855701091,0.158436855701091,1.9576964882610093e-06,0.35007228760254183,0.5085091433036328,5.707531384679852e-06,0.04362588268536639,0.16565136917267778,True,0.6955819920056825,0.12722890404653078,0.12722890404653078,0.04244363226784306,0.16967253631437385,0.0,0.0,0.006059129915976494,0.14424953426396564,0.14424953426396564,0.0,0.003360936358568658,0.0,0.001682382196479307,0.0,0.004912684138027765,0.0031142215999595373,0.0018359690278840868,1.9576964882610094e-07,5.707531384679852e-08,0.00043625882685366396,0.16565136917267778
0.0,0.0,0.04551854604444775,7300,0.17562594559009265,0.1756259457657186,0.05044253223299751,0.05044253223299751,0.08671238110400754,0.13715491333700505,0.0,0.015358570603147275,1.2185022934863772,0.0,0.03893224661200592,0.0002281778101886717,0.0,3.129966495802918e-08,1.0001769171132424,0.007464932560779698,0.71607191035249,0.3587521003899069,-0.3587521003899069,0.5396296128402814,0.18087751245037456,0.06806037883638218,0.003188159722865236,0.003188159722865236,0.7298521310757538,0.733040290798619,0.24734649088678537,0.7167246938148351,8.31020415438093e-07,1.0009116032116212,0.029505481686001145,0.029505481686001145,2.9300832398156554e-06,0.35007228760254183,0.379577769288543,4.248609496363612e-06,0.028060310565301328,0.20130468407156857,True,0.7161986057295127,0.14864086829108394,0.14864086829108394,0.04244363226784306,0.191084500558927,0.0,0.0,0.009103709208889551,0.17562594559009265,0.17562594559009265,0.0,0.007679285301573638,0.0,0.0027381337222640604,0.0,1.8779798974817508e-07,0.003403018941819109,0.0024734649088678537,2.9300832398156556e-07,4.2486094963636116e-08,0.0002806031056530133,0.20130468407156857
0.0,0.0,0.02098032729817698,7325,0.10900661369469296,0.10900661380369957,0.03853691926927767,0.03853691926927767,0.08671238110400754,0.12524930037328522,0.0,0.007239291757972633,0.8786359053467961,0.0,0.0217487652820889,7.141949403928512e-05,0.0,0.013804406676067133,1.1174921558065352,0.0013442286016636842,0.71607191035249,0.05023062738355388,0.05023062738355388,0.5396296128402814,0.5898602402238353,0.07182189174525849,0.020367916880886017,-0.020367916880886017,0.7298521310757538,0.7094842141948677,0.18475647461131678,0.8006160251569993,0.013939698231058194,1.1180664991903215,0.1344003669472461,0.1344003669472461,1.1702256126576745e-06,0.35007228760254183,0.48447265454978794,2.784707959074998e-06,0.012810224183548827,0.2060727054630413,True,0.8002047539872297,0.19216058002881647,0.19216058002881647,0.04244363226784306,0.23460421229665954,0.0,0.0,0.004196065459635396,0.10900661369469296,0.10900661369469296,0.0,0.0036196458789863164,0.0,0.0008570339284714215,0.0,0.0828264400564028,0.003591094587262925,0.0018475647461131679,1.1702256126576745e-07,2.784707959074998e-08,0.00012810224183548827,0.2060727054630413
0.0,0.0,0.029944985442742753,7350,0.21556358692158004,0.21556358713714363,0.05795760578835578,0.05795760578835578,0.08671238110400754,0.14466998689236332,0.0,0.005571764716540583,1.0884255143784123,0.0,0.027462256291544106,8.08052670117927e-05,0.0,0.0034667876130887146,1.0588794328529811,0.0020282505188192294,0.71607191035249,0.4135257089606592,-0.4135257089606592,0.5396296128402814,0.1261039038796222,0.07460919538291917,0.003230351381764973,0.003230351381764973,0.7298521310757538,0.7330824824575187,0.15889296492901622,0.7587092956943509,0.0035454195701176004,1.0595434259185479,0.14707178682712252,0.14707178682712252,1.9135223264638995e-06,0.35007228760254183,0.49714407442966435,5.016940468283925e-06,0.024478641133469224,0.25167327260248085,True,0.7582338289047897,0.19061783443964006,0.19061783443964006,0.04244363226784306,0.23306146670748312,0.0,0.0,0.005988997088548551,0.21556358692158004,0.21556358692158004,0.0,0.0027858823582702914,0.0,0.0009696632041415125,0.0,0.02080072567853229,0.003730459769145959,0.0015889296492901622,1.9135223264638995e-07,5.016940468283925e-08,0.00024478641133469226,0.25167327260248085
0.0,0.0,0.02911647580698921,7375,0.15491153892707002,0.15491153908198158,0.03592565183642257,0.03592565183642257,0.08671238110400754,0.12263803294043012,0.0,0.005928453388904801,1.0148133984719072,0.0,0.01574917889096661,2.7971504279490317e-05,0.0,0.0005294301162544654,1.0230093484534974,0.0022015014933156937,0.71607191035249,0.2605560278477938,-0.2605560278477938,0.5396296128402814,0.27907358499248763,0.08305309173469136,0.09061243724452361,-0.09061243724452361,0.7298521310757538,0.6392396938312301,0.11342234163016227,0.7328806569696147,0.0005510066704909487,1.0234735312744152,0.1189352375899691,0.1189352375899691,2.7189194997355846e-06,0.35007228760254183,0.46900752519251093,3.2811221965043402e-06,0.015659235100799505,0.17265507458901705,True,0.7325482686856455,0.16867609217691232,0.16867609217691232,0.04244363226784306,0.21111972444475538,0.0,0.0,0.005823295161397842,0.15491153892707002,0.15491153892707002,0.0,0.0029642266944524005,0.0,0.0003356580513538838,0.0,0.0031765806975267924,0.0041526545867345685,0.0011342234163016227,2.7189194997355845e-07,3.28112219650434e-08,0.00015659235100799504,0.17265507458901705
0.0,0.0,0.016757423318936013,7400,0.19764767953978302,0.1976476797374307,0.0039904529996998145,-0.0039904529996998145,0.08671238110400754,0.08272192810430773,0.0,0.006708513689375207,0.54056655253842,0.0,0.016414784145692442,6.342976133125904e-05,0.0,0.00020029854389688831,1.014152686808408,0.0006800703301387846,0.71607191035249,0.42515697292535554,-0.42515697292535554,0.5396296128402814,0.11447263991492591,0.051537495517662534,0.06916766297245569,-0.06916766297245569,0.7298521310757538,0.6606844681032981,0.126017204475082,0.7267439819699646,0.00022211779852076148,1.0149036169610186,0.057473410915641066,-0.057473410915641066,2.637230994587132e-07,0.35007228760254183,0.29259887668690077,1.2365659616781895e-06,0.005971556017959716,0.21021317056639732,True,0.7262062619735342,0.08038216607187319,0.08038216607187319,0.04244363226784306,0.12282579833971626,0.0,0.0,0.0033514846637872028,0.19764767953978302,0.19764767953978302,0.0,0.0033542568446876036,0.0,0.0007611571359751085,0.0,0.00120179126338133,0.0025768747758831267,0.00126017204475082,2.6372309945871318e-08,1.2365659616781895e-08,5.971556017959716e-05,0.21021317056639732
0.0,0.0,0.01691405466011698,7425,0.2841838965930693,0.2841838968772532,0.12616825643704044,0.12616825643704044,0.08671238110400754,0.212880637541048,0.0,0.007993693231958117,1.9363518640764519,0.0,0.013056038142942766,4.510134251465288e-05,0.0,8.418849176689223e-06,1.0029015253189812,0.0026770062493560415,0.71607191035249,0.10439401664254283,-0.10439401664254283,0.5396296128402814,0.4352355961977386,0.09433220137176901,0.09400209605681653,-0.09400209605681653,0.7298521310757538,0.6358500350189372,0.20043112741527042,0.7185511574574412,1.1987340409621654e-05,1.0034622738784824,0.5202960940606456,0.5202960940606456,5.241484936410821e-06,0.35007228760254183,0.8703683816631874,1.0159276523534946e-05,0.06272528749631588,0.29950408330527095,True,0.7181496211596043,0.31215617408717233,0.31215617408717233,0.04244363226784306,0.3545998063550154,0.0,0.0,0.003382810932023396,0.2841838965930693,0.2841838965930693,0.0,0.003996846615979059,0.0,0.0005412161101758346,0.0,5.051309506013534e-05,0.0047166100685884504,0.0020043112741527044,5.241484936410821e-07,1.0159276523534946e-07,0.0006272528749631588,0.29950408330527095
0.0,0.0,0.02347469118121972,7450,0.12265951293135373,0.12265951305401324,0.01805869917004424,0.01805869917004424,0.08671238110400754,0.10477108027405178,0.0,0.004029745686706034,1.107472251987853,0.0,0.020047595268233038,4.1006631307646344e-05,0.0,0.004806828482159905,0.9306687048861778,0.0018210807203886772,0.71607191035249,0.10390916716628434,-0.10390916716628434,0.5396296128402814,0.4357204456739971,0.07403904553424806,0.08167537547653425,-0.08167537547653425,0.7298521310757538,0.6481767555992195,0.11404285402647212,0.6667123879569286,0.004751478689810439,0.9310690295309109,0.010158320579632896,-0.010158320579632896,2.6500669158693372e-06,0.35007228760254183,0.33991396702290894,3.986218270147463e-06,0.051628274280132905,0.1640613429082546,True,0.6664257267198102,0.23943577560611487,0.23943577560611487,0.04244363226784306,0.28187940787395793,0.0,0.0,0.004694938236243944,0.12265951293135373,0.12265951293135373,0.0,0.002014872843353017,0.0,0.0004920795756917561,0.0,0.02884097089295943,0.003701952276712403,0.0011404285402647212,2.650066915869337e-07,3.986218270147463e-08,0.0005162827428013291,0.1640613429082546
0.0,0.0,0.016645689444753572,7475,0.17955045682257958,0.17955045700213004,0.0017012096806441196,0.0017012096806441196,0.08671238110400754,0.08841359078465166,0.0,0.004324218437579514,0.5873444915885072,0.0,0.02230301981104218,9.530305085715779e-05,0.0,0.0003443191968258786,1.018555839965517,0.0010290521921849718,0.71607191035249,0.3589716957848343,-0.3589716957848343,0.5396296128402814,0.18065791705544715,0.07829212563429655,0.11478416867348162,-0.11478416867348162,0.7298521310757538,0.6150679624022721,0.08432274731872905,0.7299278546008349,0.0003744193972658344,1.0193499198258245,0.08806176358950618,-0.08806176358950618,2.836912237795055e-07,0.35007228760254183,0.26201052401303565,1.23744520334315e-06,0.007213296310436504,0.19308126318314214,True,0.7293592363103513,0.10676132714984055,0.10676132714984055,0.04244363226784306,0.1492049594176836,0.0,0.0,0.0033291378889507145,0.17955045682257958,0.17955045682257958,0.0,0.002162109218789757,0.0,0.0011436366102858934,0.0,0.002065915180955272,0.003914606281714828,0.0008432274731872905,2.8369122377950548e-08,1.23744520334315e-08,7.213296310436504e-05,0.19308126318314214
0.0,0.0,0.01740260860444008,7500,0.22778612620634062,0.22778612643412674,0.06706155852840172,0.06706155852840172,0.08671238110400754,0.15377393963240926,0.0,0.01063995325776998,0.9364276411775936,0.0,0.051456748195739775,0.00037417009539498483,0.0,0.020656703627498392,1.143724401642513,0.006295966681360068,0.71607191035249,0.38760665451601406,-0.38760665451601406,0.5396296128402814,0.1520229583242674,0.07234577466337484,0.07903616408805036,-0.07903616408805036,0.7298521310757538,0.6508159669877034,0.16917144485704572,0.8192731870767176,0.020770969509854596,1.1441213707603928,0.15091431912247721,0.15091431912247721,2.798069198535316e-06,0.35007228760254183,0.500986606725019,2.9271899357927175e-06,0.028023769525160003,0.37060643742165383,True,0.8189889286381569,0.27509012845249614,0.27509012845249614,0.04244363226784306,0.31753376072033923,0.0,0.0,0.0034805217208880163,0.22778612620634062,0.22778612620634062,0.0,0.00531997662888499,0.0,0.0044900411447398175,0.0,0.12394022176499035,0.0036172887331687425,0.0016917144485704572,2.798069198535316e-07,2.9271899357927175e-08,0.0002802376952516,0.37060643742165383
0.0,0.0,0.01467750891420882,7525,0.10123648410215765,0.10123648420339412,0.007323667713756976,-0.007323667713756976,0.08671238110400754,0.07938871339025057,0.0,0.006477162535025854,0.5255899187424921,0.0,0.010089853541739368,1.3623193996978954e-05,0.0,2.4899650704212772e-05,0.995010045019821,0.0016752708288575563,0.71607191035249,0.1747858953890073,-0.1747858953890073,0.5396296128402814,0.36484371745127414,0.05261450781072813,0.023159943060042876,-0.023159943060042876,0.7298521310757538,0.7066921880157109,0.15041518359002953,0.7130028214845456,1.8369970982298844e-05,0.995713979586808,0.06633710744090515,-0.06633710744090515,3.1514670271697444e-07,0.35007228760254183,0.2837351801616367,9.210628786511857e-07,0.0051157439579919,0.11190951877601706,True,0.7124987537073608,0.12531316190820177,0.12531316190820177,0.04244363226784306,0.16775679417604483,0.0,0.0,0.002935501782841764,0.10123648410215765,0.10123648410215765,0.0,0.003238581267512927,0.0,0.00016347832796374746,0.0,0.00014939790422527664,0.0026307253905364066,0.0015041518359002954,3.1514670271697447e-08,9.210628786511857e-09,5.1157439579919e-05,0.11190951877601706
0.0,0.0,0.03319917267116729,7550,0.20879027579788845,0.2087902760066787,0.044386625401597976,0.044386625401597976,0.08671238110400754,0.13109900650560552,0.0,0.006831162658638826,1.0684251683155852,0.0,0.02166506956584258,6.34121197984529e-05,0.0,8.124215601542152e-05,1.0090134430721795,0.0020331126571447727,0.71607191035249,0.4047687789287243,-0.4047687789287243,0.5396296128402814,0.1348608339115571,0.061614939744211214,0.048659205447182496,-0.048659205447182496,0.7298521310757538,0.6811929256285713,0.20817432853834475,0.7229143301703504,9.130716878958201e-05,1.009555478469945,0.14744033367150694,0.14744033367150694,2.9216789373635665e-06,0.35007228760254183,0.49751262127404877,3.420711779791046e-06,0.021360281583520647,0.22547050949855602,True,0.7225261938421734,0.16748907306692173,0.16748907306692173,0.04244363226784306,0.2099327053347648,0.0,0.0,0.006639834534233458,0.20879027579788845,0.20879027579788845,0.0,0.003415581329319413,0.0,0.0007609454375814349,0.0,0.0004874529360925291,0.003080746987210561,0.0020817432853834474,2.921678937363567e-07,3.420711779791046e-08,0.00021360281583520649,0.22547050949855602
0.0,0.0,0.0196332265606342,7575,0.12422495566749353,0.12422495579171848,0.019390158563259804,0.019390158563259804,0.08671238110400754,0.10610253966726735,0.0,0.004373470492544977,0.6750229996516619,0.0,0.01838060251341867,6.209311344643694e-05,0.0,0.01204912773026531,1.109768518848827,0.0022148853220927763,0.71607191035249,0.2301811124766855,-0.2301811124766855,0.5396296128402814,0.30944850036359595,0.07538233928869618,0.040954348729773105,-0.040954348729773105,0.7298521310757538,0.6888977823459806,0.10002676742079997,0.7950034933605652,0.0121503343224702,1.1102285549323323,0.014476071829956694,0.014476071829956694,3.6149883505614607e-07,0.35007228760254183,0.3645483594324985,2.511966763695832e-06,0.02170655492007765,0.20836473142623665,True,0.7946740744388181,0.14803060521950598,0.14803060521950598,0.04244363226784306,0.19047423748734904,0.0,0.0,0.00392664531212684,0.12422495566749353,0.12422495566749353,0.0,0.0021867352462724885,0.0,0.0007451173613572433,0.0,0.07229476638159185,0.0037691169644348092,0.0010002676742079998,3.614988350561461e-08,2.5119667636958323e-08,0.0002170655492007765,0.20836473142623665
0.0,0.0,0.02862628515982372,7600,0.09403467907667344,0.09403467917070812,0.02618118552999768,0.02618118552999768,0.08671238110400754,0.11289356663400522,0.0,0.00915720483476078,0.8248728457904341,0.0,0.039955241503340094,0.00024031523432621772,0.0,0.0016294342128329621,1.0403662509137641,0.003141071830050304,0.71607191035249,0.11357256450997782,-0.11357256450997782,0.5396296128402814,0.4260570483303036,0.08673308381022697,0.08057947788652586,-0.08057947788652586,0.7298521310757538,0.6492726531892279,0.178477720595813,0.7453566833757712,0.0016725154575465688,1.0408963990779942,0.05218581933411831,0.05218581933411831,2.5568802182294727e-06,0.35007228760254183,0.40225810693666014,2.4959544232884442e-06,0.01832607582356474,0.12330389941720216,True,0.7449770591617395,0.14632843384838934,0.14632843384838934,0.04244363226784306,0.1887720661162324,0.0,0.0,0.005725257031964744,0.09403467907667344,0.09403467907667344,0.0,0.00457860241738039,0.0,0.0028837828119146125,0.0,0.009776605276997773,0.004336654190511349,0.0017847772059581299,2.556880218229473e-07,2.4959544232884443e-08,0.00018326075823564742,0.12330389941720216
0.0,0.0,0.018963626770470476,7625,0.26748360634975427,0.2674836066172379,0.023099442938145226,0.023099442938145226,0.08671238110400754,0.10981182404215277,0.0,0.0056099330537108475,0.6258661954525588,0.0,0.012482979695235824,2.833699547996663e-05,0.00035317778852272887,0.011495842041122386,1.1072186646117288,0.0008408970321555126,0.71607191035249,0.5816520942355257,-0.5816520942355257,0.5396296128402814,-0.04202248139524419,0.04906266343467953,0.0018675103789502767,-0.0018675103789502767,0.7298521310757538,0.7279846206968035,0.1634698317505102,0.7931877227526498,0.011597742870332387,1.107692817171492,0.0226269815146673,-0.0226269815146673,3.8276468411172546e-07,0.35007228760254183,0.32744530608787453,8.721776680787932e-07,0.036760787600154145,0.34794017523381404,True,0.7928481954186403,0.13553297814451035,0.13553297814451035,0.04244363226784306,0.1779766104123534,0.0,0.0,0.0037927253540940955,0.26748360634975427,0.26748360634975427,0.0,0.0028049665268554238,0.0,0.0003400439457595996,8.829444713068222e-05,0.06897505224673431,0.0024531331717339766,0.001634698317505102,3.827646841117255e-08,8.721776680787931e-09,0.0003676078760015415,0.34794017523381404
0.0,0.0,0.00963216338037514,7650,0.10822488029304715,0.10822488040127203,0.024880516196884084,0.024880516196884084,0.08671238110400754,0.11159289730089163,0.0,0.006906252195109546,1.0640168756898714,0.0,0.01332593624436933,3.548217215645974e-05,0.0,3.3424343306413114e-05,1.0057813790142502,0.003504692429585779,0.71607191035249,0.20445967172505286,-0.20445967172505286,0.5396296128402814,0.3351699411152286,0.06827877397615573,0.021959215974315494,-0.021959215974315494,0.7298521310757538,0.7078929151014383,0.12346209377247988,0.7206415593138449,4.072400569463399e-05,1.0063815363114719,0.021697906400237055,-0.021697906400237055,1.2391516033666588e-06,0.35007228760254183,0.3283743812023048,3.481523947447432e-06,0.03488933246389663,0.11922838288396431,True,0.7202118035255098,0.12323684486730538,0.12323684486730538,0.04244363226784306,0.16568047713514844,0.0,0.0,0.001926432676075028,0.10822488029304715,0.10822488029304715,0.0,0.003453126097554773,0.0,0.00042578606587751687,0.0,0.0002005460598384787,0.0034139386988077864,0.001234620937724799,1.2391516033666588e-07,3.481523947447432e-08,0.00034889332463896634,0.11922838288396431
0.0,0.0,0.003793685620511709,7675,0.12130121701997365,0.12130121714127486,0.03195042580480294,0.03195042580480294,0.08671238110400754,0.11866280690881048,0.0,0.0042398180325451664,1.3835799722291453,0.0,0.012821909066055515,2.2276831094057125e-05,0.0,0.024509434366156397,0.8434451074984994,0.0021027943065674982,0.71607191035249,0.12818762509438558,-0.12818762509438558,0.5396296128402814,0.41144198774589585,0.09869700497314117,0.16038143796498916,-0.16038143796498916,0.7298521310757538,0.5694706931107646,0.0823579172709178,0.6044086112217872,0.024316871522003142,0.8440613212765892,0.13789108009951256,0.13789108009951256,3.6448388803627353e-06,0.35007228760254183,0.4879633677020544,7.876052857251042e-06,0.03565327756097877,0.27761919677180835,True,0.6039673578383629,0.10668117851148223,0.10668117851148223,0.04244363226784306,0.1491248107793253,0.0,0.0,0.0007587371241023419,0.12130121701997365,0.12130121701997365,0.0,0.0021199090162725832,0.0,0.0002673219731286855,0.0,0.1470566061969384,0.004934850248657059,0.0008235791727091781,3.6448388803627356e-07,7.876052857251042e-08,0.00035653277560978767,0.27761919677180835
0.0,0.0,0.012023563837578854,7700,0.3976873134006293,0.39768731379831657,0.1556735023662384,0.1556735023662384,0.08671238110400754,0.24238588347024592,0.0,0.00496907675852196,1.4339573951833988,0.0,0.05396232519485952,0.0005014735617027248,0.0,0.11244660346136108,1.3353305883175006,0.0047313020268701985,0.71607191035249,0.4516428967452319,-0.4516428967452319,0.5396296128402814,0.08798671609504953,0.09078244166174534,0.0005149231612024963,0.0005149231612024963,0.7298521310757538,0.7303670542369562,0.12645964837646656,0.9569313117254648,0.11313940265306953,1.3363620113108339,0.5571295559847266,0.5571295559847266,2.1399780003841016e-06,0.35007228760254183,0.9072018435872684,6.713284546631487e-06,0.0587962292115757,1.0896658300456186,True,0.956192738681933,0.5021621699845654,0.5021621699845654,0.04244363226784306,0.5446058022524085,0.0,0.0,0.0024047127675157712,0.3976873134006293,0.3976873134006293,0.0,0.00248453837926098,0.0,0.006017682740432698,0.0,0.6746796207681665,0.004539122083087268,0.0012645964837646657,2.1399780003841016e-07,6.713284546631487e-08,0.000587962292115757,1.0896658300456186
0.0,0.0,0.018594397647249256,7725,0.18524561788260377,0.1852456180678494,0.06518561481374908,0.06518561481374908,0.08671238110400754,0.15189799591775663,0.0,0.005369492945591111,1.4838959261197933,0.0,0.04040505508343344,0.00013113112876587607,0.0,7.03081277076224e-05,0.9916150058015749,0.0018793191413027208,0.71607191035249,0.29696675625218794,-0.29696675625218794,0.5396296128402814,0.24266285658809353,0.09904753376321804,0.0027235480272780332,0.0027235480272780332,0.7298521310757538,0.7325756791030318,0.13292848302988852,0.7107186205786937,5.5889450484572456e-05,0.9925240752756216,0.2255226865686124,0.2255226865686124,6.26026701169041e-06,0.35007228760254183,0.5755949741711542,7.0798782991530215e-06,0.03313062772384538,0.20025833081746786,True,0.7100676614546793,0.16814688964748434,0.16814688964748434,0.04244363226784306,0.2105905219153274,0.0,0.0,0.0037188795294498516,0.18524561788260377,0.18524561788260377,0.0,0.0026847464727955553,0.0,0.001573573545190513,0.0,0.00042184876624573435,0.004952376688160902,0.0013292848302988852,6.26026701169041e-07,7.079878299153022e-08,0.00033130627723845384,0.20025833081746786
0.0,0.0,0.00853564872854728,7750,0.18144538162649324,0.18144538180793862,0.02958522182496018,0.02958522182496018,0.08671238110400754,0.11629760292896772,0.0,0.005427837693131591,1.0016623133864568,0.0,0.03212997019867953,9.411369239741276e-05,0.0,0.00037766700251448915,1.0194336564370807,0.0016412330285191438,0.71607191035249,0.36093426381770666,-0.36093426381770666,0.5396296128402814,0.17869534902257478,0.06236708813837695,0.04088786058980154,-0.04088786058980154,0.7298521310757538,0.6889642704859522,0.11410875720117111,0.730521279312877,0.0004071775948432687,1.0201786420465617,0.10830798543410625,0.10830798543410625,1.148101210890944e-06,0.35007228760254183,0.4583802730366481,3.628270802645762e-06,0.03944684444407946,0.19391585805882483,True,0.7299878160368609,0.141636393263439,0.141636393263439,0.04244363226784306,0.18408002553128205,0.0,0.0,0.001707129745709456,0.18144538162649324,0.18144538162649324,0.0,0.0027139188465657954,0.0,0.001129364308768953,0.0,0.0022660020150869348,0.003118354406918848,0.001141087572011711,1.148101210890944e-07,3.6282708026457624e-08,0.00039446844444079464,0.19391585805882483
0.0,0.0,0.025289900161715503,7775,0.15678640439357228,0.15678640455035867,0.022038114530823896,-0.022038114530823896,0.08671238110400754,0.06467426657318365,0.0,0.008042017495371437,0.4805602394678873,0.0,0.028555375709324694,9.733293999425767e-05,0.0,0.0029184066664592,0.9459777206473181,0.0006590633613917452,0.71607191035249,0.2246439030785206,-0.2246439030785206,0.5396296128402814,0.3149857097617608,0.053781905758768574,0.1954502165345252,-0.1954502165345252,0.7298521310757538,0.5344019145412285,0.21984118855719775,0.6777415434093661,0.002865318425600421,0.9464713308067497,0.17352317595853292,-0.17352317595853292,2.621251545012932e-07,0.35007228760254183,0.1765491116440089,5.773218690237831e-07,0.021763539637256166,0.1896490030079045,True,0.6773880830345964,0.060400677467967276,0.060400677467967276,0.04244363226784306,0.10284430973581034,0.0,0.0,0.0050579800323431005,0.15678640439357228,0.15678640439357228,0.0,0.004021008747685718,0.0,0.001167995279931092,0.0,0.0175104399987552,0.002689095287938429,0.0021984118855719777,2.621251545012932e-08,5.773218690237831e-09,0.00021763539637256166,0.1896490030079045
0.0,0.0,0.01990575637208279,7800,0.17918526118458034,0.1791852613637656,0.03456224485987808,0.03456224485987808,0.08671238110400754,0.12127462596388562,0.0,0.010868899166821497,1.3122509284359434,0.0,0.03887713711160265,0.0002224665476748341,0.0,0.0009885741892837173,0.9685584003383461,0.0019197318450045644,0.71607191035249,0.3457158294606877,-0.3457158294606877,0.5396296128402814,0.19391378337959378,0.07737281555022824,0.133021384834611,-0.133021384834611,0.7298521310757538,0.5968307462411427,0.18367482758634682,0.6940864463682426,0.0009426671612098093,0.9692971147738554,0.09089639105274983,0.09089639105274983,2.8826349942644266e-06,0.35007228760254183,0.44096867865529166,5.1397498468194644e-06,0.05024366724363962,0.20341007113701717,True,0.6935574737038153,0.11775382461231315,0.11775382461231315,0.04244363226784306,0.1601974568801562,0.0,0.0,0.003981151274416558,0.17918526118458034,0.17918526118458034,0.0,0.005434449583410749,0.0,0.002669598572098009,0.0,0.005931445135702304,0.003868640777511412,0.0018367482758634682,2.8826349942644266e-07,5.139749846819464e-08,0.0005024366724363963,0.20341007113701717
0.0,0.0,0.009776537152371917,7825,0.16530011020203192,0.16530011036733205,0.040848319863503,0.040848319863503,0.08671238110400754,0.12756070096751054,0.0,0.011227856999851116,1.0903566047429796,0.0,0.021319826432334286,9.104093332574782e-05,0.0,0.0017078374501969303,1.0413259900086729,0.0024969039403705275,0.71607191035249,0.3209052184939444,-0.3209052184939444,0.5396296128402814,0.21872439434633703,0.08290190211969568,0.030570062255050767,-0.030570062255050767,0.7298521310757538,0.699282068820703,0.2101078550440861,0.7460713055132288,0.0017551386101310033,1.041894374444918,0.08427908719645455,0.08427908719645455,2.705274544130494e-06,0.35007228760254183,0.4343513747989964,4.43344828479547e-06,0.023649638702083087,0.19069184693890617,True,0.7456643013784683,0.1547074487540864,0.1547074487540864,0.04244363226784306,0.19715108102192946,0.0,0.0,0.0019553074304743834,0.16530011020203192,0.16530011020203192,0.0,0.005613928499925558,0.0,0.0010924911999089738,0.0,0.010247024701181582,0.004145095105984784,0.002101078550440861,2.705274544130494e-07,4.43344828479547e-08,0.00023649638702083088,0.19069184693890617
0.0,0.0,0.0018031938132433585,7850,0.215700880422627,0.21570088063832787,0.06880927915112083,-0.06880927915112083,0.08671238110400754,0.01790310195288672,0.0,0.0074845357434990545,0.6322535814373174,0.0,0.01070751662550965,2.267022780425962e-05,0.0,0.17749150470645406,0.5787025935203801,0.0017361456763626136,0.71607191035249,0.17934218648497202,0.17934218648497202,0.5396296128402814,0.7189717993252535,0.038756646469116876,0.3714343069197869,-0.3714343069197869,0.7298521310757538,0.35841782415596685,0.13986392749160087,0.4145600450132019,0.17729461957038367,0.5789363236155561,0.23966726503029073,-0.23966726503029073,4.909536261861782e-07,0.35007228760254183,0.1104050225722511,1.4031307034801663e-06,0.010925606862550136,1.2884706488230677,True,0.414392677455105,0.01822554542836547,-0.01822554542836547,0.04244363226784306,0.02421808683947759,0.0,0.0,0.00036063876264867174,0.215700880422627,0.215700880422627,0.0,0.0037422678717495272,0.0,0.00027204273365111545,0.0,1.0649490282387244,0.001937832323455844,0.0013986392749160087,4.909536261861783e-08,1.4031307034801662e-08,0.00010925606862550137,1.2884706488230677
0.0,0.0,0.007201135726065573,7875,0.20011310992600617,0.2001131101261193,0.05487951542155399,0.05487951542155399,0.08671238110400754,0.14159189652556153,0.0,0.008663076793213357,1.115129830388518,0.0,0.018505953226322036,7.645857611294255e-05,0.0,0.001615010961498199,1.040187198975522,0.002282390277253427,0.71607191035249,0.38342417617576036,-0.38342417617576036,0.5396296128402814,0.15620543666452108,0.061478087672813216,0.00855686246844356,-0.00855686246844356,0.7298521310757538,0.7212952686073102,0.17408634408324947,0.7452760255194704,0.0016633150597561688,1.040783759755032,0.1782110687293179,0.1782110687293179,3.11527252992867e-06,0.35007228760254183,0.5282833563318597,3.6470241348021987e-06,0.018956225468338903,0.22149712222682139,True,0.7448488450964796,0.13552866567566846,0.13552866567566846,0.04244363226784306,0.17797229794351152,0.0,0.0,0.0014402271452131146,0.20011310992600617,0.20011310992600617,0.0,0.004331538396606678,0.0,0.0009175029133553106,0.0,0.009690065768989195,0.003073904383640661,0.0017408634408324947,3.11527252992867e-07,3.647024134802199e-08,0.00018956225468338904,0.22149712222682139
0.0,0.0,0.006782433446681889,7900,0.2713875293110216,0.27138752958240914,0.07860458454170748,0.07860458454170748,0.08671238110400754,0.16531696564571502,0.0,0.002331204111250792,0.9858477417239966,0.0,0.01674805703337636,4.702087230528603e-05,0.0,0.06203593627377711,1.2490701432805167,0.0038783926967818267,0.71607191035249,0.5226102837856591,-0.5226102837856591,0.5396296128402814,0.01701932905462237,0.0774105978941841,0.0028319936618224073,0.0028319936618224073,0.7298521310757538,0.7326841247375762,0.056772687048815426,0.8950312261011052,0.062459037128543574,1.2499180608290317,0.1458232159175083,0.1458232159175083,1.7970623402854938e-06,0.35007228760254183,0.49589550352005013,2.743045283539212e-06,0.021509250327226923,0.6513430425714658,True,0.8944240561538395,0.26016021245780163,0.26016021245780163,0.04244363226784306,0.3026038447256447,0.0,0.0,0.001356486689336378,0.2713875293110216,0.2713875293110216,0.0,0.001165602055625396,0.0,0.0005642504676634324,0.0,0.37221561764266264,0.0038705298947092053,0.0005677268704881543,1.797062340285494e-07,2.743045283539212e-08,0.00021509250327226924,0.6513430425714658
0.0,0.0,0.02253641639616961,7925,0.21536425588570898,0.21536425610107324,0.09767563135412778,0.09767563135412778,0.08671238110400754,0.18438801245813533,0.0,0.00918290774398107,1.961338169244999,0.0,0.019781810468928622,0.00010539239207212898,0.0,0.0012030165221112578,0.9653154714301714,0.0039311454921375,0.71607191035249,0.23070722667986793,-0.23070722667986793,0.5396296128402814,0.3089223861604135,0.11343481484480367,0.09116983128855316,-0.09116983128855316,0.7298521310757538,0.6386822997872006,0.18337544632696962,0.6918331724909137,0.0011457953999669285,0.9661504002982764,0.3364500813125484,0.3364500813125484,4.466090509862729e-06,0.35007228760254183,0.6865223689150902,1.116738667852765e-05,0.06742615999155528,0.24112611596280975,True,0.691235303372972,0.2182472571985641,0.2182472571985641,0.04244363226784306,0.26069088946640717,0.0,0.0,0.004507283279233922,0.21536425588570898,0.21536425588570898,0.0,0.004591453871990535,0.0,0.0012647087048655477,0.0,0.007218099132667547,0.005671740742240184,0.0018337544632696962,4.4660905098627293e-07,1.1167386678527649e-07,0.0006742615999155528,0.24112611596280975
0.0,0.0,0.04417476413263544,7950,0.21187560240736544,0.21187560261924104,0.06079702273407604,0.06079702273407604,0.08671238110400754,0.14750940383808359,0.0,0.00870908652216454,1.0650362893023642,0.0,0.04232318903170634,0.0002592646760981985,0.0,0.01051780246190424,1.1025563379899275,0.003254498678786236,0.71607191035249,0.2946169742016609,-0.2946169742016609,0.5396296128402814,0.24501263863862055,0.08461620291857667,0.18699822854451675,-0.18699822854451675,0.7298521310757538,0.542853902531237,0.19208783745332864,0.7899273564393501,0.010637795712062392,1.103139690284887,0.1669229425421066,0.1669229425421066,2.1375001343314094e-06,0.35007228760254183,0.5169952301446484,4.186348044699992e-06,0.06141508951379747,0.2980491844086726,True,0.7895096342412564,0.2667007859747701,0.2667007859747701,0.04244363226784306,0.3091444182426132,0.0,0.0,0.008834952826527088,0.21187560240736544,0.21187560240736544,0.0,0.00435454326108227,0.0,0.0031111761131783822,0.0,0.06310681477142543,0.004230810145928834,0.0019208783745332863,2.1375001343314095e-07,4.1863480446999916e-08,0.0006141508951379748,0.2980491844086726
0.0,0.0,0.00983073618652706,7975,0.2171377711271213,0.21713777134425907,0.04189181122492207,0.04189181122492207,0.08671238110400754,0.1286041923289296,0.0,0.006334162567447602,1.2687113040324387,0.0,0.03488293356931836,0.0001220543349615632,0.0,0.00026140918060077906,1.0161681532835627,0.005966210997629345,0.71607191035249,0.3988366415029682,-0.3988366415029682,0.5396296128402814,0.14079297133731322,0.0971120515294429,0.14989418499368334,-0.14989418499368334,0.7298521310757538,0.5799579460820704,0.11717380872720302,0.727875868387392,0.00027173231583932394,1.0164843051366845,0.042211607482367075,0.042211607482367075,2.9513734798051326e-06,0.35007228760254183,0.3922838950849089,4.583841265061696e-06,0.06305518699282514,0.23196234026072698,True,0.7276494809228042,0.22509638328396345,0.22509638328396345,0.04244363226784306,0.2675400155518065,0.0,0.0,0.0019661472373054124,0.2171377711271213,0.2171377711271213,0.0,0.003167081283723801,0.0,0.0014646520195387585,0.0,0.0015684550836046742,0.004855602576472145,0.0011717380872720302,2.9513734798051326e-07,4.583841265061697e-08,0.0006305518699282514,0.23196234026072698
0.0,0.0,0.014614173663357046,8000,0.28467691026370323,0.2846769105483801,0.13653982958633692,0.13653982958633692,0.08671238110400754,0.22325221069034445,0.0,0.002605292633615782,1.7250014841045687,0.0,0.013148362973819834,6.76778132799821e-05,0.0,5.811465245942791e-05,1.007623296692339,0.0020855665565675976,0.71607191035249,0.32697227565669373,-0.32697227565669373,0.5396296128402814,0.21265733718358767,0.16612165013476485,0.014045123139015736,-0.014045123139015736,0.7298521310757538,0.715807007936738,0.07233010553447516,0.7221218979433357,7.138290931661144e-05,1.008448840708441,0.45637709048368025,0.45637709048368025,1.2336353973384841e-05,0.35007228760254183,0.8064493780862221,9.88966040526809e-06,0.049811002988119316,0.2995920391112645,True,0.7215307490543901,0.26678344904234585,0.26678344904234585,0.04244363226784306,0.30922708131018894,0.0,0.0,0.0029228347326714092,0.28467691026370323,0.28467691026370323,0.0,0.001302646316807891,0.0,0.0008121337593597853,0.0,0.00034868791475656745,0.008306082506738243,0.0007233010553447517,1.2336353973384842e-06,9.88966040526809e-08,0.0004981100298811932,0.2995920391112645
0.0,0.0,0.022755536672110412,8025,0.14104449728107132,0.1410444974221158,0.03580003331388744,0.03580003331388744,0.08671238110400754,0.12251241441789498,0.0,0.004626892089074786,0.7771568547432871,0.0,0.01812321915200577,4.722314219251966e-05,0.0,0.006391577189883667,1.0799473401051196,0.0021240170983600074,0.71607191035249,0.2369387670092843,-0.2369387670092843,0.5396296128402814,0.30269084583099715,0.08098798722518123,0.048645370601748006,-0.048645370601748006,0.7298521310757538,0.6812067604740057,0.08552474263807174,0.7737023302375428,0.006477242086722235,1.0804813151403618,0.10129404902439831,0.10129404902439831,1.8863998816768678e-06,0.35007228760254183,0.45136633662694015,2.574310993575417e-06,0.032369469761000746,0.19205374737399092,True,0.7733199657086366,0.17152047434458723,0.17152047434458723,0.04244363226784306,0.2139641066124303,0.0,0.0,0.0045511073344220825,0.14104449728107132,0.14104449728107132,0.0,0.002313446044537393,0.0,0.0005666777063102359,0.0,0.038349463139302,0.004049399361259062,0.0008552474263807174,1.8863998816768678e-07,2.5743109935754172e-08,0.0003236946976100075,0.19205374737399092
0.0,0.0,0.011162186917385434,8050,0.1254463889021419,0.1254463890275883,0.0056848707922705355,0.0056848707922705355,0.08671238110400754,0.09239725189627808,0.0,0.002464597004015289,0.7989058259232911,0.0,0.017196684517659547,4.599857777037893e-05,0.0,0.0009700870670044426,0.9688537792500528,0.0012710967831549213,0.71607191035249,0.2201209228673977,-0.2201209228673977,0.5396296128402814,0.31950868997288373,0.07808957197216346,0.05604345675398137,-0.05604345675398137,0.7298521310757538,0.6738086743217724,0.08378252334328111,0.6941843038703686,0.0009342942002584282,0.9694337735358382,0.03629543152378395,0.03629543152378395,1.5278450149849835e-06,0.35007228760254183,0.3863677191263258,2.0522318977695e-06,0.013190221288220047,0.14015800947464152,True,0.6937689862483527,0.1604375790329448,0.1604375790329448,0.04244363226784306,0.20288121130078787,0.0,0.0,0.0022324373834770868,0.1254463889021419,0.1254463889021419,0.0,0.0012322985020076446,0.0,0.0005519829332445472,0.0,0.005820522402026656,0.003904478598608173,0.0008378252334328111,1.5278450149849836e-07,2.0522318977695e-08,0.0001319022128822005,0.14015800947464152
0.0,0.0,0.019019924762715773,8075,0.119334685977742,0.11933468609707668,0.04778431876485566,0.04778431876485566,0.08671238110400754,0.1344966998688632,0.0,0.0037986113893763865,0.6605070636633614,0.0,0.026656719892062343,8.295295186148721e-05,0.0,0.05721604521560843,1.2391987567183584,0.0013141428852647488,0.71607191035249,0.14250836955755913,-0.14250836955755913,0.5396296128402814,0.3971212432827223,0.0683909042598458,0.020339252833841193,0.020339252833841193,0.7298521310757538,0.7501913839095949,0.07392634188208677,0.8877953876898435,0.057510349921052036,1.2398131562718193,0.13503210601582954,0.13503210601582954,9.69106427737809e-07,0.35007228760254183,0.4851043936183714,1.597793682671267e-06,0.007240554862514131,0.4735610104099797,True,0.8873554334217331,0.17310258563855943,0.17310258563855943,0.04244363226784306,0.2155462179064025,0.0,0.0,0.003803984952543155,0.119334685977742,0.119334685977742,0.0,0.0018993056946881933,0.0,0.0009954354223378466,0.0,0.3432962712936506,0.00341954521299229,0.0007392634188208677,9.69106427737809e-08,1.597793682671267e-08,7.240554862514131e-05,0.4735610104099797
0.0,0.0,0.0044003419844445835,8100,0.15804025582852887,0.15804025598656915,0.057737383646946486,0.057737383646946486,0.08671238110400754,0.14444976475095403,0.0,0.004853189366892474,1.219297446257098,0.0,0.008888975792167879,1.6213958405471175e-05,0.0,0.001712314155903217,1.041380117881698,0.0020020006403547114,0.71607191035249,0.2237528438635587,-0.2237528438635587,0.5396296128402814,0.31587676897672273,0.08501213385363883,0.032039949026724246,-0.032039949026724246,0.7298521310757538,0.6978121820490295,0.08419697720298844,0.7461799920432495,0.001767879236771915,1.0420461560284875,0.20897526902936137,0.20897526902936137,2.5514025599727452e-06,0.35007228760254183,0.5590475566319032,5.709909097332122e-06,0.025077942853655753,0.17715903947774436,True,0.7457030608284498,0.1636687219799425,0.1636687219799425,0.04244363226784306,0.20611235424778557,0.0,0.0,0.0008800683968889167,0.15804025582852887,0.15804025582852887,0.0,0.002426594683446237,0.0,0.0001945675008656541,0.0,0.010273884935419302,0.004250606692681942,0.0008419697720298844,2.5514025599727454e-07,5.709909097332122e-08,0.00025077942853655755,0.17715903947774436
0.0,0.0,0.04001217279826393,8125,0.0931867956608817,0.0931867957540685,0.02609377292235253,0.02609377292235253,0.08671238110400754,0.11280615402636007,0.0,0.005566915572396245,1.1590326458215432,0.0,0.01556900275464188,5.6132577225462534e-05,0.0,0.0002246564085192075,0.9850114574251128,0.0032299551023211442,0.71607191035249,0.10994970175403557,-0.10994970175403557,0.5396296128402814,0.42967991108624587,0.08232780426034268,0.0009080066910271967,-0.0009080066910271967,0.7298521310757538,0.7289441243847266,0.14876454007446477,0.7057793257005391,0.00020660291809241276,0.9856263116044485,0.08213944887446406,0.08213944887446406,2.123137314465763e-06,0.35007228760254183,0.4322117364770059,4.360291239836308e-06,0.022650332642615376,0.11182501224138516,True,0.7053390458876054,0.15460064384043193,0.15460064384043193,0.04244363226784306,0.197044276108275,0.0,0.0,0.008002434559652787,0.0931867956608817,0.0931867956608817,0.0,0.0027834577861981227,0.0,0.0006735909267055504,0.0,0.001347938451115245,0.0041163902130171345,0.0014876454007446476,2.1231373144657632e-07,4.3602912398363084e-08,0.00022650332642615376,0.11182501224138516
0.0,0.0,0.01880612131245882,8150,0.16721962571339508,0.1672196258806147,0.0026525355317007088,0.0026525355317007088,0.08671238110400754,0.08936491663570825,0.0,0.009046261899115735,0.5885211579755729,0.0,0.018183857221706613,5.138771481369834e-05,0.0,1.0286448665886393e-05,0.9967927506074696,0.0018253881430407265,0.71607191035249,0.34084304131515786,-0.34084304131515786,0.5396296128402814,0.19878657152512355,0.04245250692804061,0.014425315881678391,0.014425315881678391,0.7298521310757538,0.7442774469574321,0.20110002733846727,0.7142720768968558,6.31765896968489e-06,0.9974865046310596,0.07855575576359364,-0.07855575576359364,2.471997851745722e-07,0.35007228760254183,0.2715165318389482,1.053958578281903e-06,0.023861884370013495,0.18055463191825552,True,0.7137752991209314,0.13134650790437796,0.13134650790437796,0.04244363226784306,0.17379014017222102,0.0,0.0,0.0037612242624917645,0.16721962571339508,0.16721962571339508,0.0,0.0045231309495578674,0.0,0.00061665257776438,0.0,6.171869199531835e-05,0.0021226253464020307,0.0020110002733846727,2.4719978517457224e-08,1.0539585782819031e-08,0.00023861884370013497,0.18055463191825552
0.0,0.0,0.010198282983769298,8175,0.1561691733839852,0.15616917354015436,0.010592483367721103,0.010592483367721103,0.08671238110400754,0.09730486447172865,0.0,0.005614788696122342,1.157952509286782,0.0,0.0095937814505566,1.7829039898010136e-05,0.0,0.02208601300059196,0.8513863633424175,0.0016342302935744572,0.71607191035249,0.30272769757147344,-0.30272769757147344,0.5396296128402814,0.23690191526880802,0.06528081995178665,0.02574734589384764,-0.02574734589384764,0.7298521310757538,0.7041047851819061,0.1091239433023237,0.6100897181600913,0.02190547077381043,0.8519950312529663,0.07588849540128584,0.07588849540128584,2.333300288389075e-06,0.35007228760254183,0.42596078300382767,4.033194003797954e-06,0.02111015723209446,0.2983129064760306,True,0.6096538681605277,0.15416161871686776,0.15416161871686776,0.04244363226784306,0.19660525098471082,0.0,0.0,0.00203965659675386,0.1561691733839852,0.1561691733839852,0.0,0.002807394348061171,0.0,0.00021394847877612163,0.0,0.13251607800355175,0.003264040997589333,0.001091239433023237,2.333300288389075e-07,4.033194003797954e-08,0.0002111015723209446,0.2983129064760306
0.0,0.0,0.030694590504123324,8200,0.07203149076565037,0.07203149083768186,0.0022229114287289353,-0.0022229114287289353,0.08671238110400754,0.08448946967527861,0.0,0.006085712913671852,0.45618097925309964,0.0,0.024545725382930084,8.514995350989838e-05,0.0,0.0004461639888107977,1.0211225942727402,0.0005928443904035718,0.71607191035249,0.05759458518259314,-0.05759458518259314,0.5396296128402814,0.4820350276576883,0.048465825847392424,0.038638891241734585,-0.038638891241734585,0.7298521310757538,0.6912132398340192,0.16511398122501192,0.7315438788963338,0.00046684993039986786,1.021606710309528,0.10616286116375767,-0.10616286116375767,1.491976918954942e-07,0.35007228760254183,0.24390942643878416,8.854445845832694e-07,0.017488885664600513,0.0891613924337753,True,0.7311972169961976,0.09928284734562359,0.09928284734562359,0.04244363226784306,0.14172647961346665,0.0,0.0,0.006138918100824665,0.07203149076565037,0.07203149076565037,0.0,0.003042856456835926,0.0,0.0010217994421187805,0.0,0.0026769839328647863,0.0024232912923696213,0.0016511398122501192,1.491976918954942e-08,8.854445845832694e-09,0.00017488885664600513,0.0891613924337753
0.0,0.0,0.025083338382581723,8225,0.34830924322596396,0.3483092435742732,0.1309712733376675,0.1309712733376675,0.08671238110400754,0.21768365444167503,0.0,0.010729039210200134,1.5724126922374464,0.0,0.01811874697415786,8.231195857623661e-05,0.0,2.397093148448027e-05,0.995103988206256,0.0025456839515324717,0.71607191035249,0.3085724457827599,-0.3085724457827599,0.5396296128402814,0.23105716705752158,0.1004082463757492,0.005365036714765514,-0.005365036714765514,0.7298521310757538,0.7244870943609882,0.21951440041868323,0.7131659293883554,1.6469303442838125e-05,0.9959417610416785,0.6010675280535864,0.6010675280535864,3.1921334757768142e-06,0.35007228760254183,0.9511398156561283,1.1345791767427565e-05,0.10672027180389397,0.3681051913116807,True,0.7125660237852753,0.36457545194509156,0.36457545194509156,0.04244363226784306,0.40701908421293465,0.0,0.0,0.005016667676516345,0.34830924322596396,0.34830924322596396,0.0,0.005364519605100067,0.0,0.0009877435029148392,0.0,0.00014382558890688163,0.00502041231878746,0.0021951440041868323,3.192133475776814e-07,1.1345791767427565e-07,0.0010672027180389397,0.3681051913116807
0.0,0.0,0.024529741458598698,8250,0.14099012626609814,0.14099012640708827,0.0035390122535645524,-0.0035390122535645524,0.08671238110400754,0.08317336885044299,0.0,0.0037370015304727193,0.7614329187265269,0.0,0.012318711158729883,3.66274885234256e-05,0.0,0.0001506181340674868,0.9877273420129343,0.002034274921680231,0.71607191035249,0.275621653530192,-0.275621653530192,0.5396296128402814,0.2640079593100894,0.06939433026764588,0.01270504666200678,-0.01270504666200678,0.7298521310757538,0.717147084413747,0.07609383201192774,0.7077361285598751,0.00013551283443390415,0.9883590020000902,0.11756690699706665,-0.11756690699706665,9.683057288660524e-07,0.35007228760254183,0.23250538060547518,1.9137729227307226e-06,0.013225327793885204,0.15347083806948286,True,0.7072838145798626,0.09709718012097399,0.09709718012097399,0.04244363226784306,0.13954081238881705,0.0,0.0,0.00490594829171974,0.14099012626609814,0.14099012626609814,0.0,0.0018685007652363597,0.0,0.00043952986228110717,0.0,0.0009037088044049208,0.0034697165133822944,0.0007609383201192774,9.683057288660524e-08,1.9137729227307226e-08,0.00013225327793885204,0.15347083806948286
0.0,0.0,0.05312349042960281,8275,0.16661112321410992,0.16661112338072104,0.011057185494298086,-0.011057185494298086,0.08671238110400754,0.07565519560970946,0.0,0.013754169688252984,0.6249181356983151,0.0,0.07417776367637291,0.0005994284803978399,0.0,0.00018518713145652664,0.9863916521408171,0.003469246861132589,0.71607191035249,0.27984167034227225,-0.27984167034227225,0.5396296128402814,0.2597879424980092,0.05032569951625858,0.11817665083005846,-0.11817665083005846,0.7298521310757538,0.6116754802456953,0.26057165632938695,0.7065734192561353,0.00017595307724794249,0.9867352694242234,0.13585809661964432,-0.13585809661964432,3.479567119662816e-07,0.35007228760254183,0.2142141909828975,1.3083356778997073e-06,0.007986340835712145,0.19761908352416213,True,0.7063273645681403,0.16715133006171026,0.16715133006171026,0.04244363226784306,0.20959496232955332,0.0,0.0,0.010624698085920562,0.16661112321410992,0.16661112321410992,0.0,0.006877084844126492,0.0,0.007193141764774079,0.0,0.00111112278873916,0.0025162849758129293,0.0026057165632938696,3.4795671196628164e-08,1.3083356778997074e-08,7.986340835712145e-05,0.19761908352416213
0.0,0.0,0.022474328872556622,8300,0.1793788833836161,0.17937888356299497,0.0006117593021909978,0.0006117593021909978,0.08671238110400754,0.08732414040619854,0.0,0.003223188043401857,0.9846457339292861,0.0,0.010011434233002383,2.444063196580822e-05,0.0,0.002889181612661426,0.946248891986663,0.0020900824344856064,0.71607191035249,0.38392543369366783,-0.38392543369366783,0.5396296128402814,0.1557041791466136,0.07201267679912719,0.022700919374035178,-0.022700919374035178,0.7298521310757538,0.7071512117017186,0.057330185510881385,0.678072270778572,0.002816085883408504,0.9469331941472967,0.03035977086223335,-0.03035977086223335,1.62981436762336e-06,0.35007228760254183,0.3197125167403085,2.7545206453700508e-06,0.01886531714596476,0.20747649983255465,True,0.6775822612163056,0.10976228417805475,0.10976228417805475,0.04244363226784306,0.15220591644589782,0.0,0.0,0.004494865774511325,0.1793788833836161,0.1793788833836161,0.0,0.0016115940217009284,0.0,0.00029328758358969863,0.0,0.017335089675968557,0.00360063383995636,0.0005733018551088139,1.6298143676233602e-07,2.7545206453700508e-08,0.0001886531714596476,0.20747649983255465
0.0,0.0,0.03441883579721908,8325,0.245083922133608,0.24508392237869192,0.023100651757860455,0.023100651757860455,0.08671238110400754,0.109813032861868,0.0,0.0052410894154804296,0.7510651439520715,0.0,0.052582742941337295,0.00018922415911463164,0.0,8.543093875415638e-06,0.9970771428575081,0.0015139674212591326,0.71607191035249,0.45169549275924276,-0.45169549275924276,0.5396296128402814,0.0879341200810387,0.06007629071136838,0.05785549889373853,-0.05785549889373853,0.7298521310757538,0.6719966321820152,0.13168370446320524,0.714475791292768,4.968470567164399e-06,0.9977709933676266,0.19189840107914058,0.19189840107914058,1.4345516517756523e-06,0.35007228760254183,0.5419706886816824,2.0448901470462904e-06,0.00930996133647883,0.26132409757105196,True,0.7139789444255499,0.23578789549719528,0.23578789549719528,0.04244363226784306,0.27823152776503834,0.0,0.0,0.006883767159443816,0.245083922133608,0.245083922133608,0.0,0.0026205447077402148,0.0,0.00227068990937558,0.0,5.125856325249383e-05,0.003003814535568419,0.0013168370446320523,1.4345516517756524e-07,2.0448901470462906e-08,9.309961336478829e-05,0.26132409757105196
0.0,0.0,0.01637571203792281,8350,0.1179896899278985,0.11798969004588819,0.014766828815401048,0.014766828815401048,0.08671238110400754,0.10147920991940859,0.0,0.005485391261479858,0.7209784797160534,0.0,0.014893818085485446,3.7701369727217236e-05,0.0,6.039777217003364e-06,1.002457595820513,0.0009535770773401334,0.71607191035249,0.2169956871693125,-0.2169956871693125,0.5396296128402814,0.32263392567096894,0.056494116611757475,0.03684961127989006,-0.03684961127989006,0.7298521310757538,0.6930025197958637,0.14980486944343735,0.7181801619290851,8.668170792922942e-06,1.0029441757408353,0.07086160534031494,0.07086160534031494,1.3069967835122002e-06,0.35007228760254183,0.42093389294285677,2.4328734239338253e-06,0.01267072724913559,0.12894579989217786,True,0.717831735711135,0.1261879009231582,0.1261879009231582,0.04244363226784306,0.16863153319100127,0.0,0.0,0.0032751424075845624,0.1179896899278985,0.1179896899278985,0.0,0.002742695630739929,0.0,0.00045241643672660684,0.0,3.623866330202018e-05,0.002824705830587874,0.0014980486944343736,1.3069967835122004e-07,2.4328734239338255e-08,0.00012670727249135591,0.12894579989217786
0.0,0.0,0.05686603900703384,8375,0.19834415640466713,0.1983441566030113,0.09099227703719844,0.09099227703719844,0.08671238110400754,0.17770465814120598,0.0,0.013935097506851304,1.535203292038294,6.555194238232716e-06,0.08256031135572077,0.0009836912502150417,0.0,0.0013844678701282658,1.0372084381576043,0.006043454211641782,0.71607191035249,0.2519245114585877,-0.2519245114585877,0.5396296128402814,0.28770510138169375,0.08284519095733968,0.010973026634412686,0.010973026634412686,0.7298521310757538,0.7408251577101664,0.3608658954008854,0.743168391186279,0.0014318982965445771,1.0378404320343277,0.27415588378094435,0.27415588378094435,2.6367852203451385e-06,0.35007228760254183,0.6242281713834862,9.525184135864635e-06,0.04999247934768727,0.24508654857399517,True,0.7427158381173227,0.22287802137830184,0.22287802137830184,0.04244363226784306,0.2653216536461449,0.0,0.0,0.011373207801406769,0.19834415640466713,0.19834415640466713,0.0,0.006967548753425652,3.9331165429396297e-05,0.011804295002580501,0.0,0.008306807220769595,0.004142259547866984,0.003608658954008854,2.6367852203451387e-07,9.525184135864635e-08,0.0004999247934768726,0.24508654857399517
0.0,0.0,0.011466623508315704,8400,0.13547800062122414,0.13547800075670213,0.011278723485940043,0.011278723485940043,0.08671238110400754,0.09799110458994759,0.0,0.0028216366548883217,0.6692154475676644,0.0,0.023945095789589622,0.0001672317559338735,0.0,0.0002909986835356746,1.0170586835229356,0.0009518394684647536,0.71607191035249,0.23496907986867488,-0.23496907986867488,0.5396296128402814,0.30466053297160656,0.08546708462541124,0.14552403169466843,-0.14552403169466843,0.7298521310757538,0.5843280993810853,0.060471630260911804,0.7285734940119819,0.0003048007844854019,1.017458544741341,0.06346920404964351,-0.06346920404964351,1.2070720526714027e-06,0.35007228760254183,0.2866030835528983,1.4872155216774809e-06,0.01282644121508636,0.14794138734814297,True,0.7282871646214439,0.1059631147333579,0.1059631147333579,0.04244363226784306,0.14840674700120096,0.0,0.0,0.002293324701663141,0.13547800062122414,0.13547800062122414,0.0,0.0014108183274441609,0.0,0.0020067810712064817,0.0,0.0017459921012140476,0.004273354231270562,0.000604716302609118,1.2070720526714027e-07,1.487215521677481e-08,0.0001282644121508636,0.14794138734814297
0.0,0.0,0.014640728367102585,8425,0.2121878684783125,0.21218786869050038,0.06505555034340747,0.06505555034340747,0.08671238110400754,0.15176793144741502,0.0,0.007577258119381046,1.4406389443210341,0.0,0.012612143102437925,4.4473780911779244e-05,0.0,0.00022101108933211187,0.9851335582827594,0.003534653863936682,0.71607191035249,0.3655023227895221,-0.3655023227895221,0.5396296128402814,0.17412729005075936,0.07836021765658169,0.07841628667922917,-0.07841628667922917,0.7298521310757538,0.6514358443965246,0.16052897059451246,0.7060309764451302,0.00019662366825506588,0.9859777438243674,0.20544219387680207,0.20544219387680207,1.9055846390223251e-06,0.35007228760254183,0.5555144814793439,7.123676008655605e-06,0.03855890923026354,0.22667354659465835,True,0.7054264788832172,0.19732885359367222,0.19732885359367222,0.04244363226784306,0.23977248586151528,0.0,0.0,0.0029281456734205173,0.2121878684783125,0.2121878684783125,0.0,0.003788629059690523,0.0,0.0005336853709413509,0.0,0.0013260665359926711,0.0039180108828290846,0.0016052897059451246,1.905584639022325e-07,7.123676008655605e-08,0.0003855890923026354,0.22667354659465835
0.0,0.0,0.007916859945961861,8450,0.11097726082813253,0.1109772609391098,0.01236782417800239,0.01236782417800239,0.08671238110400754,0.09908020528200993,0.0,0.0028703883324491452,0.7991814450256247,0.0,0.010520872350375,2.0003748122408547e-05,0.0,0.0001865352599315365,0.986342208819449,0.0017709761460940475,0.71607191035249,0.21162654405514447,-0.21162654405514447,0.5396296128402814,0.32800306878513696,0.07358337385079373,0.07118218817752109,-0.07118218817752109,0.7298521310757538,0.6586699428982327,0.07745882508561644,0.7066353745317189,0.00017366520699874148,0.9868217904479121,0.01166674335155038,-0.01166674335155038,2.1290022833757063e-06,0.35007228760254183,0.33840554425099145,2.2710992028644043e-06,0.014115658941351493,0.11995023266463734,True,0.7062919595940595,0.10694853056467571,0.10694853056467571,0.04244363226784306,0.14939216283251877,0.0,0.0,0.0015833719891923722,0.11097726082813253,0.11097726082813253,0.0,0.0014351941662245726,0.0,0.00024004497746890255,0.0,0.0011192115595892189,0.003679168692539687,0.0007745882508561644,2.1290022833757065e-07,2.2710992028644045e-08,0.00014115658941351493,0.11995023266463734
0.0,0.0,0.01920035134825578,8475,0.07726263120175458,0.07726263127901722,0.01695391222575003,0.01695391222575003,0.08671238110400754,0.10366629332975758,0.0,0.008577267983491826,0.9235241873350473,0.0,0.017875043239332356,5.547932216396756e-05,0.0,0.00027583536577559345,1.016608292078826,0.002255289641210143,0.71607191035249,0.12495683471413827,-0.12495683471413827,0.5396296128402814,0.41467277812614317,0.060672661261805004,0.013537340356012395,-0.013537340356012395,0.7298521310757538,0.7163147907197414,0.17856317819314652,0.7280949529229036,0.0002819127768907467,1.016790258392614,0.03591675670235789,-0.03591675670235789,1.542530576703584e-06,0.35007228760254183,0.31415553090018394,2.371250797171981e-06,0.01535711181347416,0.0926851134524949,True,0.7279646519551499,0.11168102920067066,0.11168102920067066,0.04244363226784306,0.15412466146851372,0.0,0.0,0.003840070269651156,0.07726263120175458,0.07726263120175458,0.0,0.004288633991745913,0.0,0.0006657518659676108,0.0,0.0016550121946535606,0.0030336330630902505,0.001785631781931465,1.542530576703584e-07,2.371250797171981e-08,0.0001535711181347416,0.0926851134524949
0.0,0.0,0.010208339079059454,8500,0.12503490595799088,0.12503490608302578,0.029154809343007404,0.029154809343007404,0.08671238110400754,0.11586719044701495,0.0,0.008722609271313393,1.1879630509872674,0.0,0.020120439853247706,8.184654869117494e-05,0.0,0.00010048959188225713,0.9899755502952902,0.0018700260069240513,0.71607191035249,0.17491011571587972,-0.17491011571587972,0.5396296128402814,0.3647194971244017,0.07271270788894275,0.10042545137217196,-0.10042545137217196,0.7298521310757538,0.6294266797035818,0.15619137151550858,0.7093827946476494,8.726205316968219e-05,0.9906585839847654,0.0934895283791915,0.0934895283791915,1.396668769343548e-06,0.35007228760254183,0.44356181598173333,4.149396248181107e-06,0.024743200985543452,0.13846813682534417,True,0.7088936934019615,0.16703150603559114,0.16703150603559114,0.04244363226784306,0.2094751383034342,0.0,0.0,0.0020416678158118907,0.12503490595799088,0.12503490595799088,0.0,0.004361304635656696,0.0,0.0009821585842940991,0.0,0.0006029375512935428,0.003635635394447138,0.0015619137151550858,1.3966687693435482e-07,4.149396248181107e-08,0.0002474320098554345,0.13846813682534417
0.0,0.0,0.020399331209905298,8525,0.13712891311232894,0.13712891324945786,0.020897457464431918,0.020897457464431918,0.08671238110400754,0.10760983856843946,0.0,0.003514534984420209,1.132297321388133,0.0,0.01006461871361955,2.272031606297631e-05,0.0,0.0015270614429184807,0.9609223664621502,0.0017880049602506686,0.71607191035249,0.25855061726324724,-0.25855061726324724,0.5396296128402814,0.2810789955770342,0.07549979519958944,0.097818273286431,-0.097818273286431,0.7298521310757538,0.6320338577893228,0.0676754975476564,0.6885245152032566,0.0014799536189168334,0.9615298346908044,0.03362145433859798,0.03362145433859798,2.613658012237611e-06,0.35007228760254183,0.3836937419411398,3.8447023811947785e-06,0.02128747430773122,0.1570659785881451,True,0.688089524262211,0.12664024655938363,0.12664024655938363,0.04244363226784306,0.1690838788272267,0.0,0.0,0.00407986624198106,0.13712891311232894,0.13712891311232894,0.0,0.0017572674922101046,0.0,0.0002726437927557157,0.0,0.009162368657510883,0.003774989759979472,0.0006767549754765639,2.6136580122376115e-07,3.844702381194779e-08,0.0002128747430773122,0.1570659785881451
0.0,0.0,0.0407241523093774,8550,0.19588466614400257,0.19588466633988724,0.03517760772409849,0.03517760772409849,0.08671238110400754,0.12188998882810603,0.0,0.007730591869349509,1.4925140269972215,0.0,0.04380594117060426,0.00016267780185473326,0.0,0.0007002787853524217,0.9735372188658784,0.0028266062940275963,0.71607191035249,0.41896434726672055,-0.41896434726672055,0.5396296128402814,0.12066526557356089,0.08789418960483583,0.04810351412607283,-0.04810351412607283,0.7298521310757538,0.6817486169496809,0.214939644918735,0.6978635007351569,0.0006465933276997607,0.9745718005415295,0.05814982285074416,0.05814982285074416,3.919620434194911e-06,0.35007228760254183,0.408222110453286,5.93822117500512e-06,0.04318076066941352,0.22102496375530256,True,0.6971226658479119,0.0969023952272326,0.0969023952272326,0.04244363226784306,0.13934602749507566,0.0,0.0,0.00814483046187548,0.19588466614400257,0.19588466614400257,0.0,0.0038652959346747546,0.0,0.001952133622256799,0.0,0.004201672712114531,0.004394709480241792,0.00214939644918735,3.919620434194911e-07,5.93822117500512e-08,0.00043180760669413523,0.22102496375530256
0.0,0.0,0.022695365510459965,8575,0.17214736968935154,0.17214736986149892,0.005398875928546723,-0.005398875928546723,0.08671238110400754,0.08131350517546082,0.0,0.004625630067130823,0.6130044279856535,0.0,0.041136172079775664,0.00013981914600489048,0.0,0.0002624985971726982,0.9837981915462286,0.0005753262222677226,0.71607191035249,0.25721959524971705,-0.25721959524971705,0.5396296128402814,0.2824100175905644,0.055948281016099624,0.13476628997137818,-0.13476628997137818,0.7298521310757538,0.5950858411043756,0.08979926642436331,0.704930897621396,0.00024206769393944567,0.9844414752004104,0.050081195605497675,-0.050081195605497675,1.0799246140839244e-06,0.35007228760254183,0.29999109199704416,1.298217210183242e-06,0.013306255988359758,0.1860806694096696,True,0.7044702602598147,0.24761348437335298,0.24761348437335298,0.04244363226784306,0.29005711664119604,0.0,0.0,0.004539073102091993,0.17214736968935154,0.17214736968935154,0.0,0.0023128150335654115,0.0,0.0016778297520586858,0.0,0.0015749915830361892,0.0027974140508049816,0.0008979926642436331,1.0799246140839245e-07,1.2982172101832419e-08,0.00013306255988359758,0.1860806694096696
0.0,0.0,0.009494750185263823,8600,0.13101266679455212,0.1310126669255648,0.01111780688925429,0.01111780688925429,0.08671238110400754,0.09783018799326183,0.0,0.00738929919466184,0.8853116554589419,0.0,0.010088732024047729,1.7701154874771298e-05,0.0,0.0008797858636073498,0.9703388155393728,0.002772899650318562,0.71607191035249,0.27367826718300314,-0.27367826718300314,0.5396296128402814,0.2659513456572783,0.05697859067462796,0.019965700038984457,-0.019965700038984457,0.7298521310757538,0.7098864310367693,0.18458273071668777,0.6953227347387682,0.0008396316938997621,0.971023601088131,0.003870423710872928,0.003870423710872928,1.0580856434819276e-06,0.35007228760254183,0.35394271131341476,2.376147841230529e-06,0.015531816941099697,0.14694760004942922,True,0.6948323790358393,0.10190478673094067,0.10190478673094067,0.04244363226784306,0.14434841899878373,0.0,0.0,0.0018989500370527647,0.13101266679455212,0.13101266679455212,0.0,0.00369464959733092,0.0,0.00021241385849725557,0.0,0.005278715181644099,0.002848929533731398,0.0018458273071668776,1.0580856434819277e-07,2.376147841230529e-08,0.00015531816941099697,0.14694760004942922
0.0,0.0,0.004727906548837276,8625,0.11887271729870853,0.11887271741758124,0.02048540571626975,0.02048540571626975,0.08671238110400754,0.1071977868202773,0.0,0.006223348239770837,0.9605095902997793,0.0,0.007304352312153785,1.3542515452048191e-05,0.0,0.000129120454519346,0.9886368818311457,0.0017796612795396645,0.71607191035249,0.24418181806076827,-0.24418181806076827,0.5396296128402814,0.29544779477951316,0.06087110973036581,0.01435995760249864,-0.01435995760249864,0.7298521310757538,0.7154921734732551,0.1259211826428543,0.7083935972399849,0.00011497925220510936,0.9892771621197973,0.00045832179485061353,0.00045832179485061353,2.085345212342194e-06,0.35007228760254183,0.35053060939739245,2.5990011160214556e-06,0.01595853757912402,0.12832979285417256,True,0.7079351105041263,0.10199403988059844,0.10199403988059844,0.04244363226784306,0.1444376721484415,0.0,0.0,0.0009455813097674552,0.11887271729870853,0.11887271729870853,0.0,0.0031116741198854185,0.0,0.0001625101854245783,0.0,0.0007747227271160759,0.003043555486518291,0.0012592118264285429,2.085345212342194e-07,2.5990011160214558e-08,0.0001595853757912402,0.12832979285417256
0.0,0.0,0.034815795562327,8650,0.2841314629452188,0.2841314632293503,0.10791031224115762,0.10791031224115762,0.08671238110400754,0.19462269334516516,0.0,0.008381843125193415,1.1649149006192174,0.0,0.06230410741073167,0.0005801196125919872,0.0,0.0878191506110541,1.2963429611295907,0.003976452971910424,0.71607191035249,0.4410484263440101,-0.4410484263440101,0.5396296128402814,0.09858118649627134,0.09500934058818321,0.037492812809253095,0.037492812809253095,0.7298521310757538,0.7673449438850068,0.20121331943394444,0.9288120778406947,0.08826441864321166,1.297093282729872,0.35346892366295757,0.35346892366295757,2.0924214355030923e-06,0.35007228760254183,0.7035412112654994,5.214556544482232e-06,0.023458916203775826,0.8361593334112046,True,0.9282747936114993,0.266719142747473,0.266719142747473,0.04244363226784306,0.3091627750153161,0.0,0.0,0.006963159112465401,0.2841314629452188,0.2841314629452188,0.0,0.004190921562596707,0.0,0.006961435351103846,0.0,0.5269149036663245,0.00475046702940916,0.0020121331943394444,2.0924214355030924e-07,5.214556544482232e-08,0.00023458916203775827,0.8361593334112046
0.0,0.0,0.027182419859485097,8675,0.1071700162559853,0.10717001636315532,0.0495250320962833,0.0495250320962833,0.08671238110400754,0.13623741320029084,0.0,0.0055283418981789,0.8336580336849957,0.0,0.03712723933985685,0.0001498346103849875,0.0,0.04862595269530681,1.2205129309027178,0.0011790564507635967,0.71607191035249,0.12804491363002307,-0.12804491363002307,0.5396296128402814,0.41158469921025836,0.07319364994076949,0.0017710544285957086,-0.0017710544285957086,0.7298521310757538,0.728081076647158,0.1362351394854866,0.8744250761386423,0.04890352424085096,1.2211414123154027,0.11306781621934264,0.11306781621934264,1.2384027001049115e-06,0.35007228760254183,0.4631401038218845,2.023139136552119e-06,0.010732902349018955,0.41405390966047734,True,0.8739750382465551,0.16059690416485878,0.16059690416485878,0.04244363226784306,0.20304053643270184,0.0,0.0,0.00543648397189702,0.1071700162559853,0.1071700162559853,0.0,0.00276417094908945,0.0,0.0017980153246198501,0.0,0.2917557161718409,0.0036596824970384747,0.001362351394854866,1.2384027001049117e-07,2.0231391365521193e-08,0.00010732902349018956,0.41405390966047734
0.0,0.0,0.019843250024398372,8700,0.04933321719560425,0.049333217244937465,0.010250772273376826,0.010250772273376826,0.08671238110400754,0.09696315337738437,0.0,0.004062101505488188,0.9184640229117759,0.0,0.01537698212187476,2.9250658580959667e-05,0.0,0.00019474565276419902,0.9860448700198028,0.0014082039624242633,0.71607191035249,0.04799231391548864,0.04799231391548864,0.5396296128402814,0.5876219267557701,0.06052750182075076,0.029388663613508115,-0.029388663613508115,0.7298521310757538,0.7004634674622456,0.09388468596253917,0.706359584631306,0.00018396452536031613,0.9864366477093487,0.026884318816530972,-0.026884318816530972,1.580141826253916e-06,0.35007228760254183,0.32318796878601086,2.342783492467795e-06,0.01475607129888252,0.06096536387845403,True,0.7060790436288016,0.09041034755104485,0.09041034755104485,0.04244363226784306,0.1328539798188879,0.0,0.0,0.003968650004879675,0.04933321719560425,0.04933321719560425,0.0,0.002031050752744094,0.0,0.000351007902971516,0.0,0.0011684739165851942,0.003026375091037538,0.0009388468596253917,1.580141826253916e-07,2.3427834924677953e-08,0.0001475607129888252,0.06096536387845403
0.0,0.0,0.032465004986328996,8725,0.2731429647525059,0.2731429650256489,0.026328990289415433,0.026328990289415433,0.08671238110400754,0.11304137139342298,0.0,0.0038806150516796784,0.8965110283347577,0.0,0.014525701597739592,4.650006827379571e-05,0.00047543401116941864,0.0009880616886221432,1.0314334485639445,0.0020786655596282677,0.71607191035249,0.5883858437841013,-0.5883858437841013,0.5396296128402814,-0.04875623094381982,0.08615179681101498,0.021495635658881684,0.021495635658881684,0.7298521310757538,0.7513477667346354,0.11223923259757962,0.7391662818860124,0.0010401563692101175,1.0322514553037552,0.006107595715629022,0.006107595715629022,3.019057157032368e-06,0.35007228760254183,0.35617988331817085,2.880493495062924e-06,0.020280920020234725,0.29381462480680176,True,0.738580530228975,0.1601402970586112,0.1601402970586112,0.04244363226784306,0.20258392932645425,0.0,0.0,0.0064930009972658,0.2731429647525059,0.2731429647525059,0.0,0.0019403075258398392,0.0,0.0005580008192855485,0.00011885850279235466,0.0059283701317328595,0.004307589840550749,0.0011223923259757963,3.019057157032368e-07,2.880493495062924e-08,0.00020280920020234724,0.29381462480680176
0.21524448371702148,0.0,0.030069695546578932,8750,0.4502921360690809,0.45029213651937305,0.22754591512104083,0.22754591512104083,0.08671238110400754,0.31425829622504836,0.0,0.012976592673806558,0.7613465003685477,0.0,0.06429962546157056,0.001053048928924852,0.0,0.7464000704712742,1.863944483442816,0.005395984657170621,0.71607191035249,0.44296067906499054,-0.44296067906499054,0.5396296128402814,0.09666893377529089,0.11352574090978886,0.02613649505273663,0.02613649505273663,0.7298521310757538,0.7559886261284904,0.25711289059677495,1.335482389113436,0.7482449502867983,1.8650115318808174,0.5976210738316599,0.5976210738316599,2.1188187658894834e-06,0.35007228760254183,0.9476933614342017,2.1951136856620727e-06,0.01061241052013893,5.823163090247802,True,1.3347183056893273,0.6387406908194994,0.6387406908194994,0.04244363226784306,0.6811843230873424,0.8609779348680859,0.0,0.006013939109315787,0.4502921360690809,0.4502921360690809,0.0,0.006488296336903279,0.0,0.012636587147098224,0.0,4.4784004228276455,0.005676287045489443,0.0025711289059677494,2.1188187658894835e-07,2.1951136856620728e-08,0.0001061241052013893,5.823163090247802
0.0,0.0,0.046078474961559625,8775,0.15736963290837142,0.15736963306574103,0.05219618912184763,0.05219618912184763,0.08671238110400754,0.13890857022585518,0.0,0.012570584446156153,0.8973330982440567,0.0,0.03597905902300322,0.0004558218701421452,0.0,0.001720606659415617,1.0414801959905642,0.006192018287862501,0.71607191035249,0.00656620291096599,0.00656620291096599,0.5396296128402814,0.5461958157512474,0.1089661554189037,0.13556629955033062,-0.13556629955033062,0.7298521310757538,0.5942858315254231,0.21887632267595594,0.7461049365578359,0.001759076039581184,1.0419413404599946,0.10428795343942521,0.10428795343942521,1.5067950093468023e-06,0.35007228760254183,0.45436024104196704,3.290047333211074e-06,0.02694862121739557,0.19657086331181386,True,0.7457747239520509,0.3029921633811088,0.3029921633811088,0.04244363226784306,0.3454357956489519,0.0,0.0,0.009215694992311925,0.15736963290837142,0.15736963290837142,0.0,0.0062852922230780765,0.0,0.005469862441705742,0.0,0.010323639956493701,0.005448307770945186,0.0021887632267595593,1.5067950093468025e-07,3.2900473332110745e-08,0.0002694862121739557,0.19657086331181386
0.0,0.0,0.01562573798047255,8800,0.12360220495413589,0.1236022050777381,0.047979533586787436,-0.047979533586787436,0.08671238110400754,0.03873284751722011,0.0,0.007236910859126916,0.921987568219565,0.0,0.011519905954452922,4.778201311000589e-05,0.0,0.1135000802885072,0.663102270282943,0.0026143751112798715,0.71607191035249,0.005921726973150632,0.005921726973150632,0.5396296128402814,0.5455513398134321,0.04751788283595481,0.1918121227136611,-0.1918121227136611,0.7298521310757538,0.5380400083620926,0.13438992471843428,0.47502552863198966,0.11331515100613827,0.663376841251024,0.19062112665764513,-0.19062112665764513,4.1555818417938133e-07,0.35007228760254183,0.1594511609448967,3.3527901772726313e-06,0.021207090775191742,0.8158516132486112,True,0.4748289160716028,0.030366406746524036,0.030366406746524036,0.04244363226784306,0.0728100390143671,0.0,0.0,0.0031251475960945106,0.12360220495413589,0.12360220495413589,0.0,0.003618455429563458,0.0,0.0005733841573200707,0.0,0.6810004817310431,0.0023758941417977406,0.0013438992471843428,4.155581841793813e-08,3.352790177272631e-08,0.00021207090775191744,0.8158516132486112
0.0,0.0,0.03408751582011621,8825,0.14197088069486535,0.14197088083683623,0.0045569485160346646,0.0045569485160346646,0.08671238110400754,0.09126932962004221,0.0,0.008978017995302328,1.0164508780942103,0.0,0.021267811194175167,8.014374643172084e-05,0.0,0.009149107479035789,0.9043490330470424,0.0017238901927434241,0.71607191035249,0.2949369995011337,-0.2949369995011337,0.5396296128402814,0.24469261333914774,0.0606603822027776,0.06293445746022241,-0.06293445746022241,0.7298521310757538,0.6669176736155313,0.22890628832419585,0.6480697137497007,0.009018467051544465,0.905034390163889,0.00956526312344469,-0.00956526312344469,2.086824376758358e-06,0.35007228760254183,0.34050702447909714,2.9220289959130918e-06,0.016543577358585325,0.21462151835762946,True,0.6475789487629131,0.09857898041161187,0.09857898041161187,0.04244363226784306,0.14102261267945493,0.0,0.0,0.006817503164023242,0.14197088069486535,0.14197088069486535,0.0,0.004489008997651164,0.0,0.0009617249571806501,0.0,0.054894644874214735,0.0030330191101388803,0.0022890628832419584,2.086824376758358e-07,2.9220289959130918e-08,0.00016543577358585324,0.21462151835762946
0.0,0.0,0.008527327134806197,8850,0.14390805651427932,0.14390805665818737,0.010800020494414683,-0.010800020494414683,0.08671238110400754,0.07591236060959286,0.0,0.006088855328455614,0.6641530922342984,0.0,0.015296522117114672,2.832379822424414e-05,0.0,0.0009970868691557581,0.9684233176353855,0.001037177296682903,0.71607191035249,0.26057551673758383,-0.26057551673758383,0.5396296128402814,0.2790540961026976,0.05520701388757044,0.03247308134421023,-0.03247308134421023,0.7298521310757538,0.6973790497315435,0.14906554987607018,0.693747758667806,0.0009719345729076924,0.9688241347689003,0.11605110329410379,-0.11605110329410379,5.736920943024134e-07,0.35007228760254183,0.23402118430843805,1.7102898170187715e-06,0.008004581340695968,0.15931148287774766,True,0.6934607447732999,0.14494496853004346,0.14494496853004346,0.04244363226784306,0.18738860079788652,0.0,0.0,0.0017054654269612396,0.14390805651427932,0.14390805651427932,0.0,0.003044427664227807,0.0,0.00033988557869092965,0.0,0.005982521214934549,0.002760350694378522,0.0014906554987607018,5.7369209430241346e-08,1.7102898170187714e-08,8.004581340695968e-05,0.15931148287774766
0.0,0.0,0.005175172075085986,8875,0.1454763497175765,0.14547634986305283,0.0526786963812922,0.0526786963812922,0.08671238110400754,0.13939107748529975,0.0,0.0014633757953110415,1.2350639150979204,0.0,0.009527031012424513,2.784704554119066e-05,0.0,0.00025977705436290056,1.0161176007632309,0.002852490653353966,0.71607191035249,0.23818062123635375,-0.23818062123635375,0.5396296128402814,0.3014489916039277,0.0990811101070268,0.07475045778477973,-0.07475045778477973,0.7298521310757538,0.655101673290974,0.04324208550628726,0.7279712382274978,0.00027614096922490153,1.016617489859329,0.03175452350208746,0.03175452350208746,5.0307465852464915e-06,0.35007228760254183,0.3818268111046293,4.592060502285293e-06,0.03368236330547548,0.1548597478916534,True,0.7276132816824915,0.19928825294166294,0.19928825294166294,0.04244363226784306,0.241731885209506,0.0,0.0,0.0010350344150171973,0.1454763497175765,0.1454763497175765,0.0,0.0007316878976555207,0.0,0.00033416454649428794,0.0,0.0015586623261774034,0.00495405550535134,0.00043242085506287265,5.030746585246492e-07,4.592060502285293e-08,0.0003368236330547548,0.1548597478916534
0.0,0.0,0.025512215912230882,8900,0.17820676690796047,0.17820676708616723,0.011244868768853541,-0.011244868768853541,0.08671238110400754,0.075467512335154,0.0,0.004455478400297977,1.098967909593795,0.0,0.01520049287481064,5.6152851192579854e-05,0.0,0.021475436375361902,0.853455002216514,0.0022453469992404817,0.71607191035249,0.37334296899979336,0.37334296899979336,0.5396296128402814,0.9129725818400748,0.06938326110921195,0.01867432998383356,-0.01867432998383356,0.7298521310757538,0.7111778010919202,0.16025481618420814,0.6114178884187831,0.021359871799958935,0.8538498313379046,0.12415947503511524,-0.12415947503511524,1.7848786818617517e-06,0.35007228760254183,0.2259128125674266,3.3124921986021916e-06,0.02311862264143823,0.3203665108135453,True,0.6111351623716178,0.05926663277061865,0.05926663277061865,0.04244363226784306,0.10171026503846171,0.0,0.0,0.005102443182446177,0.17820676690796047,0.17820676690796047,0.0,0.0022277392001489884,0.0,0.0006738342143109582,0.0,0.12885261825217142,0.0034691630554605974,0.0016025481618420815,1.784878681861752e-07,3.312492198602192e-08,0.0002311862264143823,0.3203665108135453
0.0,0.0,0.005120683426381604,8925,0.11665481626137997,0.11665481637803478,0.027838469142508315,0.027838469142508315,0.08671238110400754,0.11455085024651586,0.0,0.004464914981158613,1.174528965599153,0.0,0.013154502231386069,2.7251343840082763e-05,0.0,0.0009384365170199988,0.9693660887737136,0.0024831359580308712,0.71607191035249,0.19341483672971327,-0.19341483672971327,0.5396296128402814,0.34621477611056817,0.06826531873371547,0.04909284489507615,-0.04909284489507615,0.7298521310757538,0.6807592861806776,0.0829132319710024,0.6944532572926356,0.0009114741953743651,0.9698093690795577,0.08254974292211736,0.08254974292211736,1.6627610402998445e-06,0.35007228760254183,0.4326220305246592,4.182715647161851e-06,0.0470938176238475,0.13058259020133134,True,0.6941358367127753,0.14364151215155513,0.14364151215155513,0.04244363226784306,0.1860851444193982,0.0,0.0,0.0010241366852763209,0.11665481626137997,0.11665481626137997,0.0,0.0022324574905793065,0.0,0.00032701612608099315,0.0,0.005630619102119993,0.0034132659366857736,0.000829132319710024,1.6627610402998447e-07,4.182715647161851e-08,0.000470938176238475,0.13058259020133134
0.0,0.0,0.006707890514972919,8950,0.12599848895966947,0.12599848908566794,0.07270462517085984,0.07270462517085984,0.08671238110400754,0.15941700627486738,0.0,0.009018932358631855,1.8182801234262533,0.0,0.030347202515038158,0.00017147863080238515,0.0,0.0009334371378130028,1.0305522034853953,0.0032451232538428924,0.71607191035249,0.09932063019405762,-0.09932063019405762,0.5396296128402814,0.4403089826462238,0.11521432260569892,0.03380458768335415,-0.03380458768335415,0.7298521310757538,0.6960475433923996,0.17441535256058008,0.738368190115517,0.000969507410068831,1.0311369139458109,0.1923606745059776,0.1923606745059776,5.276974765412414e-06,0.35007228760254183,0.5424329621085194,8.487799637186875e-06,0.052938956899365126,0.14754277143884398,True,0.737949495373277,0.1614997427587416,0.1614997427587416,0.04244363226784306,0.20394337502658466,0.0,0.0,0.0013415781029945837,0.12599848895966947,0.12599848895966947,0.0,0.004509466179315928,0.0,0.002057743569628622,0.0,0.005600622826878017,0.005760716130284946,0.0017441535256058009,5.276974765412415e-07,8.487799637186875e-08,0.0005293895689936513,0.14754277143884398
0.0,0.0,0.02494072833713828,8975,0.16928911873759417,0.16928911890688328,0.041938242429252995,0.041938242429252995,0.08671238110400754,0.12865062353326054,0.0,0.00798455705868241,1.1341698832140692,0.0,0.020432433845184436,5.15595292280851e-05,0.0,0.0007906376177024794,1.0281182790672274,0.0023209025892484774,0.71607191035249,0.3197406123852362,-0.3197406123852362,0.5396296128402814,0.2198890004550452,0.07189274721033904,0.009963837871264758,0.009963837871264758,0.7298521310757538,0.7398159689470185,0.1885036329354392,0.7366345795601477,0.0008246036787585494,1.0287159133366597,0.14656431898501388,0.14656431898501388,2.736636475363944e-06,0.35007228760254183,0.4966366065875557,3.9344273578577886e-06,0.019271921710645297,0.18930478890621386,True,0.7362066304411667,0.13311940448386153,0.13311940448386153,0.04244363226784306,0.1755630367517046,0.0,0.0,0.004988145667427657,0.16928911873759417,0.16928911873759417,0.0,0.003992278529341205,0.0,0.0006187143507370213,0.0,0.004743825706214877,0.0035946373605169526,0.0018850363293543922,2.736636475363944e-07,3.934427357857789e-08,0.00019271921710645298,0.18930478890621386
0.0,0.0,0.043584472544271474,9000,0.15958539002759575,0.15958539018718115,0.047760039764089005,0.047760039764089005,0.08671238110400754,0.13447242086809655,0.0,0.004818271434325418,1.0753295878249933,0.0,0.02334818483868944,7.070184960149667e-05,0.0,0.000563552547033759,1.0237392617204866,0.0021493792207409853,0.71607191035249,0.2287082681379487,-0.2287082681379487,0.5396296128402814,0.31092134470233274,0.10251873986844837,0.010371714015239952,-0.010371714015239952,0.7298521310757538,0.7194804170605138,0.1411137593821189,0.7335991382413998,0.0005991184354650716,1.0244768959524093,0.17703143181871617,0.17703143181871617,3.1794935357069686e-06,0.35007228760254183,0.527103719421258,4.169790093775626e-06,0.01916392413815763,0.18167023120691297,True,0.7330709390804292,0.2032271886083365,0.2032271886083365,0.04244363226784306,0.24567082087617956,0.0,0.0,0.008716894508854295,0.15958539002759575,0.15958539002759575,0.0,0.002409135717162709,0.0,0.00084842219521796,0.0,0.003381315282202554,0.005125936993422418,0.001411137593821189,3.1794935357069686e-07,4.1697900937756266e-08,0.0001916392413815763,0.18167023120691297
0.0,0.0,0.0256628212968876,9025,0.15817465202667844,0.1581746521848531,0.014638166025780372,0.014638166025780372,0.08671238110400754,0.10135054712978792,0.0,0.007326425462379424,0.8244046841997887,0.0,0.023609720258453218,9.421900619660435e-05,0.0,1.5758182575209227e-05,0.9960303422596892,0.003048059554056764,0.71607191035249,0.31143515266774,-0.31143515266774,0.5396296128402814,0.2281944601725414,0.07994454862125026,0.09818144124227335,-0.09818144124227335,0.7298521310757538,0.6316706898334804,0.13275786841686635,0.7135307208642911,1.2594015707798079e-05,0.9964511951719208,0.04886829206457394,0.04886829206457394,1.7804044675965784e-06,0.35007228760254183,0.39894057966711577,2.710664241333835e-06,0.011749569723016797,0.17363811314660668,True,0.7132293599112436,0.1259454936609522,0.1259454936609522,0.04244363226784306,0.16838912592879526,0.0,0.0,0.00513256425937752,0.15817465202667844,0.15817465202667844,0.0,0.003663212731189712,0.0,0.001130628074359252,0.0,9.454909545125536e-05,0.003997227431062514,0.0013275786841686636,1.7804044675965785e-07,2.710664241333835e-08,0.00011749569723016797,0.17363811314660668
0.0528215488040789,0.0,0.018288296265306005,9050,0.3210756554888409,0.3210756558099166,0.12658953085394148,0.12658953085394148,0.08671238110400754,0.21330191195794904,0.0,0.01167837608162402,0.7370366914601794,0.0,0.06397728116341728,0.00067502617208093,0.00032084331979832824,0.3966850613197775,1.6298293906446233,0.004747059411462298,0.71607191035249,0.5796822856473693,-0.5796822856473693,0.5396296128402814,-0.040052672807087936,0.09577353653092675,0.04315405951474094,-0.04315405951474094,0.7298521310757538,0.6866980715610128,0.1967353342075755,1.1677753926303516,0.39791798644351417,1.6308074083613113,0.13367394613199957,0.13367394613199957,7.785484909212937e-07,0.35007228760254183,0.4837462337345414,1.7066742445190917e-06,0.011060851618970285,2.9370163244190186,True,1.167075061605824,0.3790256263454468,0.3790256263454468,0.04244363226784306,0.4214692586132898,0.2112861952163156,0.0,0.003657659253061201,0.3210756554888409,0.3210756554888409,0.0,0.00583918804081201,0.0,0.008100314064971161,8.021082994958206e-05,2.380110367918665,0.004788676826546338,0.001967353342075755,7.785484909212938e-08,1.706674244519092e-08,0.00011060851618970285,2.9370163244190186
0.0,0.0,0.028934598919751392,9075,0.27995507165527317,0.2799550719352283,0.09957439540604666,0.09957439540604666,0.08671238110400754,0.1862867765100542,0.0,0.010683132817478513,1.954250370809407,0.0,0.05144445429425313,0.0002982719893456461,0.0,0.001349260900286892,0.9632677131083989,0.005701386702241211,0.71607191035249,0.3691420803862319,-0.3691420803862319,0.5396296128402814,0.17048753245404952,0.11034387827744035,0.027057244848264328,-0.027057244848264328,0.7298521310757538,0.7027948862274894,0.16415681144378336,0.690333103937849,0.001292003995512629,0.9640555429097527,0.357613360325134,0.357613360325134,1.165923680460322e-05,0.35007228760254183,0.7076856479276759,9.112203722034839e-06,0.0939101849434699,0.31085750804529394,True,0.6897689611390826,0.3421605848094226,0.3421605848094226,0.04244363226784306,0.3846042170772656,0.0,0.0,0.005786919783950279,0.27995507165527317,0.27995507165527317,0.0,0.005341566408739257,0.0,0.0035792638721477534,0.0,0.008095565401721353,0.005517193913872018,0.0016415681144378337,1.1659236804603222e-06,9.112203722034838e-08,0.0009391018494346989,0.31085750804529394
0.0,0.0,0.04395987772255723,9100,0.09516600798913781,0.09516600808430382,0.028911152606537385,0.028911152606537385,0.08671238110400754,0.11562353371054493,0.0,0.004287808058787816,1.434905356740117,0.0,0.007919491898643943,1.494309123546402e-05,0.0,0.002232432392603804,0.9527513768179029,0.003916169501317738,0.71607191035249,0.13478616414021888,-0.13478616414021888,0.5396296128402814,0.40484344870006256,0.08516550579920605,0.10779386767403354,-0.10779386767403354,0.7298521310757538,0.6220582634017202,0.10628488560850298,0.6825991597837862,0.0021850922377938124,0.9532550298128899,0.02356961649589051,0.02356961649589051,1.6053228014300745e-06,0.35007228760254183,0.37364190409843234,6.0246441030469725e-06,0.04511483455362652,0.1254482922837943,True,0.6822385080164746,0.11876294015788752,0.11876294015788752,0.04244363226784306,0.16120657242573058,0.0,0.0,0.008791975544511447,0.09516600798913781,0.09516600798913781,0.0,0.002143904029393908,0.0,0.00017931709482556826,0.0,0.013394594355622824,0.004258275289960303,0.0010628488560850298,1.6053228014300747e-07,6.024644103046973e-08,0.0004511483455362652,0.1254482922837943
0.0,0.0,0.01657590005013015,9125,0.15022161582707316,0.15022161597729478,0.001515767216751368,-0.001515767216751368,0.08671238110400754,0.08519661388725618,0.0,0.012590808694485972,0.8508608965024821,0.0,0.020582527419755452,7.46964061291823e-05,0.0,0.002504114601164326,0.9499588709043818,0.0027223711976567108,0.71607191035249,0.3216551766430431,-0.3216551766430431,0.5396296128402814,0.2179744361972383,0.05282275698659096,0.03412025527976115,-0.03412025527976115,0.7298521310757538,0.6957318757959926,0.27837810957825926,0.680545955797166,0.002461378873124225,0.9503877144940467,0.05462016954733706,-0.05462016954733706,5.561225467676826e-07,0.35007228760254183,0.29545211805520477,2.6720251045369765e-06,0.016074761862020653,0.1813389935611164,True,0.6802388729443838,0.07225485852792565,0.07225485852792565,0.04244363226784306,0.11469849079576871,0.0,0.0,0.0033151800100260304,0.15022161582707316,0.15022161582707316,0.0,0.006295404347242986,0.0,0.0008963568735501877,0.0,0.015024687606985956,0.002641137849329548,0.0027837810957825927,5.5612254676768264e-08,2.6720251045369766e-08,0.00016074761862020653,0.1813389935611164
0.0,0.0,0.03759861184434613,9150,0.12592700820348268,0.1259270083294097,0.025616010110972476,-0.025616010110972476,0.08671238110400754,0.06109637099303507,0.0,0.00855282471268506,0.7344282726852509,0.0,0.015408507839466097,5.0672452648011174e-05,0.0,0.02839447828389012,0.8314933880113599,0.001965328490850957,0.71607191035249,0.2179144470685837,-0.2179144470685837,0.5396296128402814,0.32171516577169773,0.05289667822132185,0.09901412148631017,-0.09901412148631017,0.7298521310757538,0.6308380095894436,0.23527472750157444,0.5957675087786829,0.02822603129723544,0.8319939545812847,0.13949784752892996,-0.13949784752892996,1.0438001859557016e-06,0.35007228760254183,0.21057444007361187,1.697746503472035e-06,0.010878404795948742,0.3138045686553362,True,0.5954090671136926,0.043378856599196935,0.043378856599196935,0.04244363226784306,0.08582248886704,0.0,0.0,0.007519722368869226,0.12592700820348268,0.12592700820348268,0.0,0.00427641235634253,0.0,0.0006080694317761341,0.0,0.17036686970334072,0.002644833911066093,0.0023527472750157446,1.0438001859557016e-07,1.697746503472035e-08,0.00010878404795948742,0.3138045686553362
0.0,0.0,0.021765382530666,9175,0.17524372828462803,0.17524372845987174,0.02768731980899307,0.02768731980899307,0.08671238110400754,0.11439970091300061,0.0,0.005394527488828326,0.973156396461423,0.0,0.01773453415116122,8.04738292713618e-05,0.0,0.0002239148065775864,1.0149637831639458,0.0031096263970775188,0.71607191035249,0.34555143718774245,-0.34555143718774245,0.5396296128402814,0.194078175652539,0.09559123489008473,0.13096134256188097,-0.13096134256188097,0.7298521310757538,0.5988907885138728,0.11001074951525924,0.7274015216844176,0.0002503317690429815,1.015821876280738,0.010745283646348691,-0.010745283646348691,3.108095617900513e-06,0.35007228760254183,0.33932700395619314,3.1209670665221514e-06,0.022268947022004902,0.1907059440550066,True,0.7267870652984348,0.12693740203586854,0.12693740203586854,0.04244363226784306,0.1693810343037116,0.0,0.0,0.0043530765061332004,0.17524372828462803,0.17524372828462803,0.0,0.002697263744414163,0.0,0.0009656859512563416,0.0,0.0013434888394655185,0.004779561744504237,0.0011001074951525924,3.108095617900513e-07,3.1209670665221514e-08,0.00022268947022004902,0.1907059440550066
0.0,0.0,0.04481006749351348,9200,0.09580609093441482,0.09580609103022092,0.005854813279901672,0.005854813279901672,0.08671238110400754,0.09256719438390922,0.0,0.015341912557934424,0.706723281023748,0.0,0.040647682277757995,0.00040583884564765894,0.0,0.00013180874167584704,1.0114807988256849,0.006635750333555032,0.71607191035249,0.17732021369847045,-0.17732021369847045,0.5396296128402814,0.362309399141811,0.07837843172406089,0.06769780383015345,-0.06769780383015345,0.7298521310757538,0.6621543272456003,0.25941029198028576,0.7246527679885013,0.00014359757089311777,1.011983220389074,0.03569581945215844,-0.03569581945215844,1.012754050544113e-06,0.35007228760254183,0.3143764681503834,1.521994507917217e-06,0.01227131863201265,0.12473583349758789,True,0.7242929980147788,0.09252088519925708,0.09252088519925708,0.04244363226784306,0.13496451746710014,0.0,0.0,0.008962013498702697,0.09580609093441482,0.09580609093441482,0.0,0.007670956278967212,0.0,0.004870066147771907,0.0,0.0007908524500550823,0.003918921586203045,0.0025941029198028576,1.012754050544113e-07,1.521994507917217e-08,0.0001227131863201265,0.12473583349758789
0.0,0.0,0.021698916568891887,9225,0.17658481750939656,0.17658481768598136,0.007801558135021119,-0.007801558135021119,0.08671238110400754,0.07891082296898642,0.0,0.003844978999351877,1.0623899921874322,0.0,0.00879622069944114,2.006593021556656e-05,0.0,0.03780915556991058,0.805554234888207,0.0012042190490289752,0.71607191035249,0.3823554945647549,-0.3823554945647549,0.5396296128402814,0.15727411827552654,0.06478892845371392,0.025259063201828247,-0.025259063201828247,0.7298521310757538,0.7045930678739255,0.10579878697550435,0.57733665254537,0.03753707827028972,0.8062551206604682,0.07913969083167571,-0.07913969083167571,3.208283435297368e-06,0.35007228760254183,0.2709325967708661,3.3573642154743924e-06,0.020548859790533253,0.41444609219723283,True,0.5768347679244792,0.052471799225838875,0.052471799225838875,0.04244363226784306,0.09491543149368194,0.0,0.0,0.004339783313778377,0.17658481750939656,0.17658481750939656,0.0,0.0019224894996759385,0.0,0.00024079116258679873,0.0,0.2268549334194635,0.0032394464226856963,0.0010579878697550436,3.208283435297368e-07,3.3573642154743925e-08,0.00020548859790533254,0.41444609219723283
0.0,0.0,0.021365959163949764,9250,0.10361545902478832,0.10361545912840378,0.015737185121279446,-0.015737185121279446,0.08671238110400754,0.0709751959827281,0.0,0.003932468992032592,0.9719911981232656,0.0,0.007834892655608546,2.3163200497045048e-05,0.0,0.027536597582209117,0.834058451308272,0.00108261358924124,0.71607191035249,0.19031787596844624,-0.19031787596844624,0.5396296128402814,0.3493117368718352,0.05967098424552758,0.070317562060627,-0.070317562060627,0.7298521310757538,0.6595345690151267,0.10415453798278981,0.597571438131864,0.02738589555763612,0.834513155937893,0.0789770691147898,-0.0789770691147898,1.3270388920493579e-06,0.35007228760254183,0.27109521848775203,2.9687486116164734e-06,0.04029375232384386,0.27978062375953194,True,0.5972458369145381,0.07765517988617919,0.07765517988617919,0.04244363226784306,0.12009881215402225,0.0,0.0,0.004273191832789953,0.10361545902478832,0.10361545902478832,0.0,0.001966234496016296,0.0,0.00027795840596454055,0.0,0.16521958549325472,0.002983549212276379,0.0010415453798278981,1.327038892049358e-07,2.9687486116164735e-08,0.0004029375232384386,0.27978062375953194
0.0,0.0,0.03705538072943005,9275,0.07810496134813458,0.07810496142623954,0.008736999423121145,0.008736999423121145,0.08671238110400754,0.09544938052712869,0.0,0.007844008592726446,0.7076129876157602,0.0,0.03650691498952656,0.00014955984382086334,0.0,0.0030129904582316103,1.0548907137704695,0.0048340608461929025,0.71607191035249,0.09891779568326486,-0.09891779568326486,0.5396296128402814,0.44071181715701657,0.0675416988565455,0.007561042096693393,-0.007561042096693393,0.7298521310757538,0.7222910889790604,0.1919220968004151,0.7557437029430613,0.0030693763520491767,1.0554019526014127,0.005993130658361101,-0.005993130658361101,7.631678170358445e-07,0.35007228760254183,0.34407915694418073,1.857524561441764e-06,0.011313146208938446,0.11472023493057196,True,0.755377619171629,0.1433449425774761,0.1433449425774761,0.04244363226784306,0.18578857484531916,0.0,0.0,0.007411076145886011,0.07810496134813458,0.07810496134813458,0.0,0.003922004296363223,0.0,0.0017947181258503601,0.0,0.01807794274938966,0.0033770849428272753,0.0019192209680041511,7.631678170358446e-08,1.857524561441764e-08,0.00011313146208938447,0.11472023493057196
0.0,0.0,0.011620565594585451,9300,0.15082956899996633,0.1508295691507959,0.06362679127656028,0.06362679127656028,0.08671238110400754,0.15033917238056782,0.0,0.005202433769874149,1.1571421659610959,0.0,0.02124390715261729,9.004470818660217e-05,0.0,0.0004742684211578559,0.9782222953193442,0.0017420888699604445,0.71607191035249,0.24409854865769953,-0.24409854865769953,0.5396296128402814,0.2955310641825819,0.11936551011227382,0.003450821069685195,-0.003450821069685195,0.7298521310757538,0.7264013100060686,0.11068017280222904,0.7009991788076879,0.00044306884879597146,0.9789507993311867,0.10435391009417683,0.10435391009417683,5.281267168671331e-06,0.35007228760254183,0.45442619769671866,4.816942932710545e-06,0.058033804315926835,0.1673370376019483,True,0.7004775175409435,0.19802443765386335,0.19802443765386335,0.04244363226784306,0.2404680699217064,0.0,0.0,0.00232411311891709,0.15082956899996633,0.15082956899996633,0.0,0.0026012168849370745,0.0,0.001080536498239226,0.0,0.0028456105269471354,0.005968275505613692,0.0011068017280222904,5.281267168671331e-07,4.816942932710546e-08,0.0005803380431592684,0.1673370376019483
0.0,0.0,0.027034367248271938,9325,0.14739236592319574,0.14739236607058812,0.02514018642046298,0.02514018642046298,0.08671238110400754,0.11185256752447052,0.0,0.008849157339509795,0.9022515821857722,0.0,0.035240103667793225,0.00010525198112789612,0.0,0.0012478771761292014,1.035325305039436,0.004748537892515811,0.71607191035249,0.2763600687496754,-0.2763600687496754,0.5396296128402814,0.26326954409060604,0.06441988368693322,0.002529166028566454,0.002529166028566454,0.7298521310757538,0.7323812971043202,0.13525475814339588,0.7417073122430379,0.001281641714021284,1.0358000239388367,0.030646343370384355,0.030646343370384355,1.4640708832759953e-06,0.35007228760254183,0.3807186309729262,2.3377571861369887e-06,0.014829361503399224,0.17069611003838978,True,0.7413673793691165,0.17512862776849122,0.17512862776849122,0.04244363226784306,0.2175722600363343,0.0,0.0,0.005406873449654388,0.14739236592319574,0.14739236592319574,0.0,0.004424578669754898,0.0,0.0012630237735347534,0.0,0.007487263056775209,0.003220994184346661,0.0013525475814339589,1.4640708832759954e-07,2.3377571861369888e-08,0.00014829361503399224,0.17069611003838978
0.0,0.0,0.03781806980198434,9350,0.18088820124147914,0.18088820142236733,0.006282651491168967,-0.006282651491168967,0.08671238110400754,0.08042972961283858,0.0,0.0074454226514146,0.5004458123512395,0.0,0.011342185454247616,2.1017358069824234e-05,0.0,3.040141774351568e-05,1.0055137480667433,0.0016631401115228984,0.71607191035249,0.38784997653852415,-0.38784997653852415,0.5396296128402814,0.15177963630175725,0.05283003925654227,0.053158223974687724,-0.053158223974687724,0.7298521310757538,0.676693907101066,0.1752458657132606,0.7204538374668636,3.74468274181086e-05,1.0061193812937346,0.06809207060245087,-0.06809207060245087,5.552541128966861e-07,0.35007228760254183,0.28198021700009096,9.732333857695277e-07,0.007777707365218719,0.19708094628223938,True,0.7200201605189828,0.07532133962781894,0.07532133962781894,0.04244363226784306,0.117764971895662,0.0,0.0,0.007563613960396869,0.18088820124147914,0.18088820124147914,0.0,0.0037227113257073,0.0,0.0002522082968378908,0.0,0.00018240850646109407,0.0026415019628271137,0.0017524586571326058,5.5525411289668616e-08,9.732333857695277e-09,7.77770736521872e-05,0.19708094628223938
0.0,0.0,0.04103206704459096,9375,0.17053261467490105,0.17053261484543367,0.010114244324118532,0.010114244324118532,0.08671238110400754,0.09682662542812608,0.0,0.014719814514536906,0.6375428457152588,0.0,0.050375655298056286,0.00033327171028978836,0.0,0.000705409305648785,1.026559542647583,0.005629725946433633,0.71607191035249,0.33192977972057347,-0.33192977972057347,0.5396296128402814,0.20769983311970794,0.07250514092023208,0.02900316979371831,-0.02900316979371831,0.7298521310757538,0.7008489612820354,0.26753610996216287,0.7354890829843521,0.0007352893040636622,1.0271162184690945,0.06956515700357202,-0.06956515700357202,1.8221740652777126e-06,0.35007228760254183,0.2805071305989698,1.7296166738103227e-06,0.009365715587461238,0.200725126513539,True,0.7350904630598286,0.17160038490485338,0.17160038490485338,0.04244363226784306,0.21404401717269644,0.0,0.0,0.008206413408918192,0.17053261467490105,0.17053261467490105,0.0,0.007359907257268453,0.0,0.00399926052347746,0.0,0.00423245583389271,0.003625257046011604,0.002675361099621629,1.8221740652777126e-07,1.7296166738103228e-08,9.365715587461239e-05,0.200725126513539
0.0,0.0,0.033647644832543074,9400,0.07109307362270124,0.0710930736937943,0.00685144302346935,-0.00685144302346935,0.08671238110400754,0.0798609380805382,0.0,0.008472717628239179,1.1675472814626233,0.0,0.009376815864758274,2.5083340516726226e-05,0.0,0.037893291990326906,0.8053380057886828,0.004929402587628275,0.71607191035249,0.07696657948325608,-0.07696657948325608,0.5396296128402814,0.46266303335702536,0.058681605373233935,0.11289506283899375,-0.11289506283899375,0.7298521310757538,0.61695706823676,0.1579536864235592,0.576997619019876,0.03772076448260058,0.8057816577081336,0.029440929190139353,-0.029440929190139353,1.3940495174347499e-06,0.35007228760254183,0.3206313584124025,4.077538185675789e-06,0.02802210768148762,0.31451373182153736,True,0.5766799323379468,0.07542059057247547,0.07542059057247547,0.04244363226784306,0.11786422284031853,0.0,0.0,0.006729528966508615,0.07109307362270124,0.07109307362270124,0.0,0.004236358814119589,0.0,0.0003010000862007147,0.0,0.22735975194196145,0.002934080268661697,0.001579536864235592,1.39404951743475e-07,4.0775381856757896e-08,0.0002802210768148762,0.31451373182153736
0.0,0.0,0.009838735654914133,9425,0.16694298162618953,0.16694298179313252,0.05203680410826207,0.05203680410826207,0.08671238110400754,0.13874918521226962,0.0,0.008806004096637263,1.2381862618095396,0.0,0.0447827523621598,0.00030268770377397594,0.0,0.0026703109376382934,1.051675051404312,0.005950214757218416,0.71607191035249,0.3004147174187699,-0.3004147174187699,0.5396296128402814,0.23921489542151153,0.10390372232035391,0.006004802862592862,-0.006004802862592862,0.7298521310757538,0.7238473282131609,0.20007715951776542,0.7536460355930019,0.002753367858099284,1.0524725438500868,0.04591565921631208,0.04591565921631208,3.2875297470100237e-06,0.35007228760254183,0.3959879468188539,4.101001352163125e-06,0.027961317666842306,0.20044378952746042,True,0.7530749736458894,0.2103536522326692,0.2103536522326692,0.04244363226784306,0.25279728450051225,0.0,0.0,0.0019677471309828267,0.16694298162618953,0.16694298162618953,0.0,0.004403002048318632,0.0,0.003632252445287711,0.0,0.01602186562582976,0.005195186116017696,0.0020007715951776543,3.2875297470100237e-07,4.1010013521631253e-08,0.00027961317666842306,0.20044378952746042
0.0,0.0,0.0324568370299515,9450,0.12731492726046337,0.1273149273877783,0.020194806287460523,-0.020194806287460523,0.08671238110400754,0.06651757481654702,0.0,0.006345067191402024,0.9966761557383143,0.0,0.009656289179470201,1.991268275038827e-05,0.0,0.08350449583394927,0.7110285553312417,0.0027565704442166924,0.71607191035249,0.12241763529133254,-0.12241763529133254,0.5396296128402814,0.4172119775489489,0.06868663951929933,0.24723780362902853,-0.24723780362902853,0.7298521310757538,0.4826143274467252,0.1278770503434868,0.5094381667839888,0.08327012986683982,0.7114343577852003,0.049016056055819046,-0.049016056055819046,2.113983290531589e-06,0.35007228760254183,0.3010562315467228,3.2893715762414226e-06,0.018321065903537118,0.643141312889335,True,0.5091475830414989,0.046069954991222545,0.046069954991222545,0.04244363226784306,0.08851358725906561,0.0,0.0,0.006491367405990301,0.12731492726046337,0.12731492726046337,0.0,0.003172533595701012,0.0,0.00023895219300465925,0.0,0.5010269750036956,0.003434331975964967,0.0012787705034348678,2.1139832905315891e-07,3.2893715762414225e-08,0.00018321065903537117,0.643141312889335
0.0,0.0,0.013660851929275597,9475,0.1188613865570954,0.11886138667595679,0.015332847004171563,0.015332847004171563,0.08671238110400754,0.1020452281081791,0.0,0.005916740688264632,1.1915813600130936,0.0,0.027660355724197463,0.00014481396166385378,0.0,0.002635548979962415,0.948662401887482,0.006693299007116374,0.71607191035249,0.12651548889150266,-0.12651548889150266,0.5396296128402814,0.4131141239487788,0.07962260602030664,0.16079022557954026,-0.16079022557954026,0.7298521310757538,0.5690619054962135,0.14096944840540376,0.6796563934767657,0.002586186903134166,0.9491454338025171,0.08331970431258717,-0.08331970431258717,1.7730531221922543e-06,0.35007228760254183,0.26675258328995466,4.013229903177777e-06,0.028704143392167293,0.14778107236342583,True,0.6793105078857749,0.14698030928424025,0.14698030928424025,0.04244363226784306,0.1894239415520833,0.0,0.0,0.0027321703858551195,0.1188613865570954,0.1188613865570954,0.0,0.002958370344132316,0.0,0.0017377675399662454,0.0,0.015813293879774492,0.003981130301015333,0.0014096944840540377,1.7730531221922545e-07,4.013229903177777e-08,0.00028704143392167293,0.14778107236342583
0.0,0.0,0.013007735470660992,9500,0.1810699012373146,0.1810699014183845,0.001964256669299641,0.001964256669299641,0.08671238110400754,0.08867663777330718,0.0,0.004882568250181173,0.3182928830057168,0.0,0.021351997700764475,6.863172271627025e-05,0.0,0.0011660813597276255,1.0341479334620358,0.0006372883468063995,0.71607191035249,0.36820629951758965,-0.36820629951758965,0.5396296128402814,0.1714233133226918,0.07542373386209425,0.058061856737349093,-0.058061856737349093,0.7298521310757538,0.6717902743384047,0.24248812701914418,0.7409305016730829,0.0012051452459281885,1.0347152019427828,0.11531502024292498,-0.11531502024292498,3.111612289735299e-07,0.35007228760254183,0.23475726735961686,4.162170274732235e-07,0.0037097876719052224,0.2001660024058068,True,0.7405242966427191,0.10808827683057456,0.10808827683057456,0.04244363226784306,0.15053190909841763,0.0,0.0,0.0026015470941321986,0.1810699012373146,0.1810699012373146,0.0,0.0024412841250905865,0.0,0.000823580672595243,0.0,0.006996488158365753,0.0037711866931047127,0.002424881270191442,3.111612289735299e-08,4.1621702747322354e-09,3.709787671905222e-05,0.2001660024058068
0.0,0.0,0.020496024151922736,9525,0.31477867492396133,0.31477867523874,0.17994694153595991,0.17994694153595991,0.08671238110400754,0.26665932263996744,0.0,0.003954719422712233,1.8080944838202597,0.0,0.023319605379421553,9.3306461689659e-05,0.0,0.044571432907853786,1.2111194754347732,0.0049555425752985435,0.71607191035249,0.4008526262377215,-0.4008526262377215,0.5396296128402814,0.13877698660255994,0.11097929033832854,0.0028005845536467344,0.0028005845536467344,0.7298521310757538,0.7326527156294005,0.09957941638532104,0.8679214560622908,0.04496904338071545,1.2120590563515632,0.33743465870141975,0.33743465870141975,6.828241490302331e-06,0.35007228760254183,0.6875069463039616,8.549243147384685e-06,0.15620783051674678,0.5975111197556182,True,0.8672486485508784,0.43415936017627255,0.43415936017627255,0.04244363226784306,0.4766029924441156,0.0,0.0,0.004099204830384547,0.31477867492396133,0.31477867492396133,0.0,0.0019773597113561165,0.0,0.0011196775402759081,0.0,0.2674285974471227,0.005548964516916427,0.0009957941638532104,6.828241490302331e-07,8.549243147384685e-08,0.0015620783051674678,0.5975111197556182
0.0,0.0,0.013463769012865275,9550,0.11011212497646294,0.11011212508657507,0.012774930881653115,-0.012774930881653115,0.08671238110400754,0.07393745022235443,0.0,0.005671908219201077,0.9209878698740621,0.0,0.011093378890528284,1.8742419818079807e-05,0.0,0.053946227452592914,0.7677367281454235,0.0021201184542909987,0.71607191035249,0.09515809176169021,-0.09515809176169021,0.5396296128402814,0.4444715210785912,0.06689725374378687,0.20769733256790845,-0.20769733256790845,0.7298521310757538,0.5221547985078453,0.17139403261971645,0.5501137677608827,0.05371355485498303,0.7682381505618687,0.05439114018584401,-0.05439114018584401,2.4571387401530716e-06,0.35007228760254183,0.2956811474166978,3.929853793530295e-06,0.01693469940919056,0.4447715416619013,True,0.549754713248231,0.07285987292131384,0.07285987292131384,0.04244363226784306,0.1153035051891569,0.0,0.0,0.0026927538025730553,0.11011212497646294,0.11011212497646294,0.0,0.0028359541096005386,0.0,0.00022490903781695768,0.0,0.32367736471555747,0.0033448626871893437,0.0017139403261971645,2.457138740153072e-07,3.9298537935302953e-08,0.00016934699409190562,0.4447715416619013
0.0,0.0,0.03663047585159298,9575,0.08753434820720163,0.08753434829473598,0.03394279430393897,0.03394279430393897,0.08671238110400754,0.12065517540794651,0.0,0.005730261862250532,0.8303039700679351,0.0,0.01844407407458025,4.778858599792645e-05,0.0,0.0036227342060018985,1.060189153557779,0.0018180191981179122,0.71607191035249,0.04412294634062197,-0.04412294634062197,0.5396296128402814,0.49550666649965946,0.0736225725559087,0.02247735631604053,0.02247735631604053,0.7298521310757538,0.7523294873917943,0.13070851158519473,0.7596043376269761,0.003695832490128127,1.0607933589311211,0.10530089437980161,0.10530089437980161,2.3161533140213298e-06,0.35007228760254183,0.45537318198234344,2.581708258550949e-06,0.013034559327049394,0.12515425934596386,True,0.7591716831249997,0.15368426423625628,0.15368426423625628,0.04244363226784306,0.19612789650409934,0.0,0.0,0.007326095170318596,0.08753434820720163,0.08753434820720163,0.0,0.002865130931125266,0.0,0.0005734630319751174,0.0,0.02173640523601139,0.0036811286277954355,0.0013070851158519473,2.3161533140213298e-07,2.5817082585509492e-08,0.00013034559327049393,0.12515425934596386
0.0,0.0,0.05640586051437935,9600,0.10320708410969451,0.10320708421290159,0.06900773888453142,0.06900773888453142,0.08671238110400754,0.15572011998853896,0.0,0.008529063477877605,1.5243826715562652,0.0,0.026597443652286723,0.00011844444454239598,0.0,0.000597523940036964,0.9755556971865229,0.003556653153878944,0.71607191035249,0.058183790364650045,-0.058183790364650045,0.5396296128402814,0.4814458224756314,0.12473714910523766,0.027181299254232405,0.027181299254232405,0.7298521310757538,0.7570334303299862,0.23567982307869184,0.6988752008882815,0.0005767371477569802,0.9759846476653583,0.08891479445073858,0.08891479445073858,7.459438119527469e-06,0.35007228760254183,0.4389870820532804,6.473283527185792e-06,0.039496979034662136,0.13274870107928233,True,0.6985680414951657,0.19096184427818652,0.19096184427818652,0.04244363226784306,0.23340547654602958,0.0,0.0,0.01128117210287587,0.10320708410969451,0.10320708410969451,0.0,0.004264531738938803,0.0,0.0014213333345087517,0.0,0.0035851436402217843,0.006236857455261883,0.0023567982307869184,7.459438119527469e-07,6.473283527185792e-08,0.0003949697903466214,0.13274870107928233
0.0,0.0,0.018163805496071224,9625,0.3239772289391832,0.3239772292631604,0.15416658066641614,0.15416658066641614,0.08671238110400754,0.2408789617704237,0.0,0.004585650205211628,2.130413376553717,0.0,0.012170988238513106,2.4079754655318966e-05,0.0,0.00019864074224736205,0.9859060033259773,0.007311820128922894,0.71607191035249,0.1667919489012209,-0.1667919489012209,0.5396296128402814,0.37283766393906054,0.1487181248214966,0.05088616450857819,0.05088616450857819,0.7298521310757538,0.7807382955843319,0.12243512127850938,0.7067468875526524,0.00016958500493619803,0.9869775192480005,0.5171566623569666,0.5171566623569666,1.1905098513119724e-05,0.35007228760254183,0.8672289499595084,1.3464888145645709e-05,0.091314047670714,0.34095833973965106,True,0.705979605088681,0.4507537259235229,0.4507537259235229,0.04244363226784306,0.49319735819136595,0.0,0.0,0.003632761099214245,0.3239772289391832,0.3239772289391832,0.0,0.002292825102605814,0.0,0.0002889570558638276,0.0,0.0011918444534841724,0.00743590624107483,0.0012243512127850938,1.1905098513119725e-06,1.3464888145645708e-07,0.0009131404767071399,0.34095833973965106
0.0,0.0,0.031816271107723955,9650,0.33663604832131616,0.3366360486579522,0.12447915584891266,0.12447915584891266,0.08671238110400754,0.2111915369529202,0.0,0.010922186221034243,1.1866133274445927,0.0,0.04151749607895343,0.00018939480330708135,0.0,0.0728321140867996,1.269874256065301,0.005821219238543047,0.71607191035249,0.5170470484343423,-0.5170470484343423,0.5396296128402814,0.02258256440593908,0.1000864324471567,0.010121014144534257,0.010121014144534257,0.7298521310757538,0.739973145220288,0.19176467367455646,0.9102635801192154,0.07354410372523784,1.2711901615568637,0.33169435263970226,0.33169435263970226,3.998659363260236e-06,0.35007228760254183,0.6817666402422441,4.269966615776736e-06,0.033148652216473166,0.7949797152607313,True,0.9093212971468696,0.41672875740016757,0.41672875740016757,0.04244363226784306,0.4591723896680106,0.0,0.0,0.006363254221544792,0.33663604832131616,0.33663604832131616,0.0,0.005461093110517122,0.0,0.0022727376396849764,0.0,0.4369926845207976,0.005004321622357835,0.0019176467367455646,3.9986593632602364e-07,4.269966615776736e-08,0.0003314865221647317,0.7949797152607313
0.0,0.0,0.0310128554816987,9675,0.15090222598904915,0.15090222613995138,0.01778596066619928,0.01778596066619928,0.08671238110400754,0.10449834177020682,0.0,0.007728167763038594,0.9942751705906421,0.0,0.033593668684964266,0.00017853502162825307,0.0,0.001370435168068179,1.03701938908286,0.003030945102793623,0.71607191035249,0.267417758428999,-0.267417758428999,0.5396296128402814,0.27221185441128243,0.07889114112937054,0.03948570977900856,-0.03948570977900856,0.7298521310757538,0.6903664212967452,0.15764941408258495,0.7430622248512025,0.0014206996734724652,1.0376921699225776,0.052391660345574353,-0.052391660345574353,1.6458549524015299e-06,0.35007228760254183,0.2976806272569675,2.653197519322344e-06,0.02167219455614854,0.1770718764951826,True,0.7425804653833297,0.19422874143503308,0.19422874143503308,0.04244363226784306,0.23667237370287614,0.0,0.0,0.0062025710963397405,0.15090222598904915,0.15090222598904915,0.0,0.003864083881519297,0.0,0.002142420259539037,0.0,0.008222611008409075,0.003944557056468527,0.0015764941408258496,1.64585495240153e-07,2.6531975193223443e-08,0.0002167219455614854,0.1770718764951826
0.0,0.0,0.013205396685760927,9700,0.196964002641098,0.196964002838062,0.055895234664054036,0.055895234664054036,0.08671238110400754,0.14260761576806158,0.0,0.005905417657659442,1.4376401214530943,0.0,0.025625266791797156,0.00011165970052035793,0.0,0.001516952715056599,1.038948077167642,0.002138085962102768,0.71607191035249,0.27984051251354497,-0.27984051251354497,0.5396296128402814,0.25978910032673647,0.10196525395340436,0.2700784727891706,-0.2700784727891706,0.7298521310757538,0.4597736582865832,0.1099561464602182,0.7443724161517964,0.0015619775959334193,1.0395218622528521,0.10912882950255126,0.10912882950255126,3.2221646382613233e-06,0.35007228760254183,0.4592011171050931,5.26818732199926e-06,0.03560782805792243,0.21955370084485248,True,0.7439615447639604,0.1663959719321344,0.1663959719321344,0.04244363226784306,0.20883960419997746,0.0,0.0,0.0026410793371521857,0.196964002641098,0.196964002641098,0.0,0.002952708828829721,0.0,0.0013399164062442952,0.0,0.009101716290339594,0.005098262697670219,0.001099561464602182,3.2221646382613237e-07,5.26818732199926e-08,0.0003560782805792243,0.21955370084485248
0.0,0.0,0.016672542086272696,9725,0.23220847314409285,0.23220847337630132,0.0028915546219594607,0.0028915546219594607,0.08671238110400754,0.089603935725967,0.0,0.005396107559873015,0.6627632402649062,0.0,0.008911542721946674,1.7716854614906472e-05,0.0,1.9567512999436904e-05,1.0044235181699002,0.0019732283097228243,0.71607191035249,0.49790783691308704,-0.49790783691308704,0.5396296128402814,0.041721775927194386,0.05223617217302539,0.014789482215576966,-0.014789482215576966,0.7298521310757538,0.7150626488601768,0.12215190942509661,0.7197360054652486,2.6182904330071068e-05,1.0051169233265773,0.04133067141997426,-0.04133067141997426,3.3814693730790627e-07,0.35007228760254183,0.30874161618256757,1.5781030044987964e-06,0.010197723473250897,0.24250639720801795,True,0.7192394775031246,0.14055727376030874,0.14055727376030874,0.04244363226784306,0.1830009060281518,0.0,0.0,0.0033345084172545394,0.23220847314409285,0.23220847314409285,0.0,0.0026980537799365075,0.0,0.00021260225537887765,0.0,0.00011740507799662143,0.0026118086086512698,0.001221519094250966,3.3814693730790626e-08,1.5781030044987965e-08,0.00010197723473250897,0.24250639720801795
0.0,0.0,0.043970845947407695,9750,0.19694437593987577,0.19694437613682017,0.05893203983176863,0.05893203983176863,0.08671238110400754,0.14564442093577618,0.0,0.012983045482940377,1.3401959114058226,0.0,0.050480178059122194,0.0002977214987778921,0.0,0.0015361199526756607,0.9608066338180087,0.008684581432123657,0.71607191035249,0.32729381469359053,-0.32729381469359053,0.5396296128402814,0.21233579814669087,0.09368004096423284,0.016818133262102464,-0.016818133262102464,0.7298521310757538,0.7130339978136513,0.21139241104027434,0.6884287774506748,0.001490258302178327,0.9613961361755287,0.13535443143186981,0.13535443143186981,5.9184701034880035e-06,0.35007228760254183,0.48542671903441165,5.522670522548125e-06,0.030680091185762252,0.23212481971640372,True,0.6880066513654731,0.25443572526185143,0.25443572526185143,0.04244363226784306,0.2968793575296945,0.0,0.0,0.008794169189481539,0.19694437593987577,0.19694437593987577,0.0,0.006491522741470189,0.0,0.0035726579853347052,0.0,0.009216719716053964,0.004684002048211642,0.0021139241104027435,5.918470103488004e-07,5.522670522548125e-08,0.00030680091185762253,0.23212481971640372
0.0,0.0,0.011555916325031173,9775,0.07450993152609542,0.07450993160060534,0.010136695158100395,-0.010136695158100395,0.08671238110400754,0.07657568594590715,0.0,0.0052877044910683065,1.006789979281626,0.0,0.015294949185000404,5.865496191807805e-05,0.0,0.03543118135716028,0.8117682774951037,0.001563546863977668,0.71607191035249,0.0723596933451543,-0.0723596933451543,0.5396296128402814,0.46726991949512714,0.07013710401756508,0.11117895978661485,-0.11117895978661485,0.7298521310757538,0.6186731712891389,0.10548935578299519,0.5816151870089414,0.035257525101597326,0.8122301272791683,0.060292391930030165,-0.060292391930030165,3.042763129094011e-06,0.35007228760254183,0.28977989567251167,3.1868314902019193e-06,0.019021137656534702,0.29750821100251573,True,0.5812844693471519,0.08015009733009265,0.08015009733009265,0.04244363226784306,0.12259372959793571,0.0,0.0,0.002311183265006235,0.07450993152609542,0.07450993152609542,0.0,0.0026438522455341533,0.0,0.0007038595430169366,0.0,0.21258708814296168,0.0035068552008782543,0.0010548935578299518,3.042763129094011e-07,3.1868314902019195e-08,0.00019021137656534702,0.29750821100251573
0.0,0.0,0.04153777206922451,9800,0.14047334482032744,0.14047334496080077,0.012136317735799887,-0.012136317735799887,0.08671238110400754,0.07457606336820766,0.0,0.014575055777738493,0.740521247600342,0.0,0.03165495952109883,0.0002857257593086489,0.0,0.01950050922689509,0.8603557762494449,0.007654414483754274,0.71607191035249,0.25788213121466114,-0.25788213121466114,0.5396296128402814,0.2817474816256203,0.05576192113499708,0.13159174341256807,-0.13159174341256807,0.7298521310757538,0.5982603876631857,0.22867514512804363,0.6165148361651506,0.01932996418642549,0.8609677584643566,0.08676061845003702,-0.08676061845003702,2.0482794070019214e-06,0.35007228760254183,0.2633116691525048,2.1719935157504653e-06,0.010583633382321437,0.28168110198584534,True,0.6160766128852972,0.08467306281332104,0.08467306281332104,0.04244363226784306,0.1271166950811641,0.0,0.0,0.008307554413844903,0.14047334482032744,0.14047334482032744,0.0,0.007287527888869247,0.0,0.003428709111703787,0.0,0.11700305536137054,0.0027880960567498543,0.0022867514512804363,2.0482794070019214e-07,2.1719935157504653e-08,0.00010583633382321437,0.28168110198584534
0.0,0.0,0.047019029812657834,9825,0.20266106746972024,0.20266106767238132,0.03204981469433685,0.03204981469433685,0.08671238110400754,0.11876219579834439,0.0,0.006055896362435918,1.1644582538118846,0.0,0.01893299158889797,6.202870270169736e-05,0.0,0.0001624687353864762,0.9872536775740421,0.005386873632656291,0.71607191035249,0.4345895111832677,-0.4345895111832677,0.5396296128402814,0.10504010165701373,0.09315318694154776,0.0010979644881174977,0.0010979644881174977,0.7298521310757538,0.7309500955638712,0.12536511210250212,0.7074063625225513,0.00014644675806581192,0.9878984811669852,0.02859937888240749,-0.02859937888240749,3.904247145390244e-06,0.35007228760254183,0.32147290872013434,4.005909100686175e-06,0.025446737517050746,0.22297818678528744,True,0.7069446367755023,0.12100899925054348,0.12100899925054348,0.04244363226784306,0.16345263151838654,0.0,0.0,0.009403805962531568,0.20266106746972024,0.20266106746972024,0.0,0.003027948181217959,0.0,0.0007443444324203684,0.0,0.0009748124123188571,0.004657659347077388,0.0012536511210250211,3.904247145390244e-07,4.005909100686175e-08,0.0002544673751705075,0.22297818678528744
0.0,0.0,0.02248116263526127,9850,0.06790537616935942,0.0679053762372648,0.03348980960911645,0.03348980960911645,0.08671238110400754,0.12020219071312399,0.0,0.006792866806712708,1.275447692701269,0.0,0.019699504707248343,5.1317814382485964e-05,0.0,0.0020957877866195763,0.9542202251357701,0.00421385702494302,0.71607191035249,0.06970962498616806,-0.06970962498616806,0.5396296128402814,0.4699199878541134,0.08269219171118547,0.04486063935632767,-0.04486063935632767,0.7298521310757538,0.6849914917194261,0.14299486750532722,0.6836060730405389,0.0020556075109746143,0.9546611919987456,0.0030354269220312924,-0.0030354269220312924,3.9091762834412654e-06,0.35007228760254183,0.34703686068051054,4.422032124808747e-06,0.03090742338320824,0.09486265022446955,True,0.6832903090521563,0.12269071140961688,0.12269071140961688,0.04244363226784306,0.16513434367745994,0.0,0.0,0.0044962325270522545,0.06790537616935942,0.06790537616935942,0.0,0.003396433403356354,0.0,0.0006158137725898315,0.0,0.012574726719717457,0.004134609585559274,0.0014299486750532723,3.9091762834412654e-07,4.4220321248087475e-08,0.0003090742338320824,0.09486265022446955
0.0,0.0,0.04168113693893536,9875,0.21823621324754192,0.21823621346577812,0.05001358710840233,-0.05001358710840233,0.08671238110400754,0.03669879399560522,0.0,0.004943775054451681,0.6681019510338174,0.0,0.015254499904203923,5.350781617799379e-05,0.0,0.1115134864381571,0.6660636491213376,0.001525696356900285,0.71607191035249,0.02077404467666355,0.02077404467666355,0.5396296128402814,0.560403657516945,0.05045748374338201,0.45350537109798433,-0.45350537109798433,0.7298521310757538,0.2763467599777694,0.22110646011883817,0.4771893103281828,0.11128990795952903,0.6663985792003742,0.1696314469340008,-0.1696314469340008,8.518752719466759e-07,0.35007228760254183,0.18044084066854102,2.1385213024309677e-06,0.010285929258487255,0.9036042452393159,True,0.4769494763033033,0.027574537314022207,0.027574537314022207,0.04244363226784306,0.07001816958186527,0.0,0.0,0.008336227387787073,0.21823621324754192,0.21823621324754192,0.0,0.0024718875272258405,0.0,0.0006420937941359255,0.0,0.6690809186289426,0.002522874187169101,0.0022110646011883816,8.51875271946676e-08,2.1385213024309678e-08,0.00010285929258487255,0.9036042452393159
0.0,0.0,0.021319095944731636,9900,0.18033041170403136,0.18033041188436177,0.04117985300036507,0.04117985300036507,0.08671238110400754,0.12789223410437262,0.0,0.008038487300144597,1.0981401376757745,0.0,0.026639488269037722,0.00010775473413200318,0.0,2.210069202802239e-05,1.0047011373121855,0.003211482127994413,0.71607191035249,0.31633267317394065,-0.31633267317394065,0.5396296128402814,0.22329693966634082,0.060298849736338506,0.06142198583015346,-0.06142198583015346,0.7298521310757538,0.6684301452456003,0.1908113016806062,0.7199040909801389,2.8640222520240085e-05,1.005351656053993,0.10339088305466432,0.10339088305466432,1.1937187632866445e-06,0.35007228760254183,0.45346317065720615,4.008292440288353e-06,0.09398915156548111,0.1959022419788807,True,0.7194382727754673,0.21533883021710729,0.21533883021710729,0.04244363226784306,0.25778246248495035,0.0,0.0,0.004263819188946328,0.18033041170403136,0.18033041170403136,0.0,0.0040192436500722985,0.0,0.0012930568095840382,0.0,0.00013260415216813433,0.0030149424868169254,0.001908113016806062,1.1937187632866445e-07,4.008292440288353e-08,0.0009398915156548112,0.1959022419788807
0.0,0.0,0.028195664495661188,9925,0.3515051942911697,0.3515051946426749,0.1136366096448906,0.1136366096448906,0.08671238110400754,0.20034899074889814,0.0,0.0044873354554093225,0.9495883365382856,0.0,0.055195782534193466,0.0004306264245288852,0.0,0.14162625213879682,1.3763326349638,0.0018779958394096643,0.71607191035249,0.5342448919044936,-0.5342448919044936,0.5396296128402814,0.005384720935787775,0.07767088564813257,0.037622267752804195,-0.037622267752804195,0.7298521310757538,0.6922298633229496,0.16572937552520722,0.9862519353387869,0.14236169661206272,1.3773084899814245,0.4283739791903265,0.4283739791903265,1.410672837669306e-06,0.35007228760254183,0.7784462667928683,3.3866268550831257e-06,0.025693945440178806,1.220110977270747,True,0.9855531529623309,0.3667818488530703,0.3667818488530703,0.04244363226784306,0.40922548112091334,0.0,0.0,0.005639132899132238,0.3515051942911697,0.3515051942911697,0.0,0.0022436677277046613,0.0,0.0051675170943466225,0.0,0.8497575128327809,0.0038835442824066285,0.0016572937552520723,1.4106728376693063e-07,3.3866268550831256e-08,0.0002569394544017881,1.220110977270747
0.0,0.0,0.011634644946560285,9950,0.0467755014474607,0.0467755014942362,0.0035484165942369916,0.0035484165942369916,0.08671238110400754,0.09026079769824454,0.0,0.005630193967144656,1.2307101696868805,0.0,0.016713874067626245,6.3141115702781e-05,0.0,0.03776155174750648,0.8056766824400466,0.0019182580703165652,0.71607191035249,0.03601661561797764,-0.03601661561797764,0.5396296128402814,0.5036129972223038,0.08268654065146866,0.038301465768284526,-0.038301465768284526,0.7298521310757538,0.6915506653074692,0.11358536636999683,0.5771902759053792,0.03761632920729397,0.8060507045455076,0.05106649808733277,0.05106649808733277,2.461620604541591e-06,0.35007228760254183,0.4011387856898746,6.381548854021432e-06,0.030031695188271788,0.28481533891952243,True,0.5769224491780675,0.07453294796520814,0.07453294796520814,0.04244363226784306,0.1169765802330512,0.0,0.0,0.002326928989312057,0.0467755014474607,0.0467755014474607,0.0,0.002815096983572328,0.0,0.000757693388433372,0.0,0.22656931048503887,0.004134327032573433,0.0011358536636999683,2.461620604541591e-07,6.381548854021432e-08,0.0003003169518827179,0.28481533891952243
0.0,0.0,0.007206386648584103,9975,0.22030007789716832,0.2203000781174684,0.02301078756505605,0.02301078756505605,0.08671238110400754,0.10972316866906359,0.0,0.004390880206137195,0.6042590105700287,0.0,0.017249127216820686,6.27187458878216e-05,0.0,0.010985437340135467,1.1048114370674091,0.00210758600187674,0.71607191035249,0.45177423353983026,-0.45177423353983026,0.5396296128402814,0.08785537930045119,0.06063242337120441,0.04956613563298207,-0.04956613563298207,0.7298521310757538,0.6802859954427717,0.0872423891927752,0.7915598903732599,0.011113278698412771,1.1054195366068964,0.02814469321440699,0.02814469321440699,1.1165996497156195e-06,0.35007228760254183,0.3782169808169488,1.291790255035915e-06,0.010964467365912292,0.2946158586334351,True,0.7911244473682538,0.18649997882098512,0.18649997882098512,0.04244363226784306,0.22894361108882819,0.0,0.0,0.0014412773297168206,0.22030007789716832,0.22030007789716832,0.0,0.0021954401030685974,0.0,0.0007526249506538593,0.0,0.0659126240408128,0.003031621168560221,0.000872423891927752,1.1165996497156195e-07,1.291790255035915e-08,0.00010964467365912292,0.2946158586334351
0.0,0.0,0.013467750270086908,10000,0.14980214042018636,0.1498021405699885,0.0012939694373373528,0.0012939694373373528,0.08671238110400754,0.0880063505413449,0.0,0.005604944530250717,0.7979237953255243,0.0,0.028386222931279508,9.568755863585565e-05,0.0,0.00054146389928293,0.976730623143648,0.002438877032340065,0.71607191035249,0.3103224641362061,-0.3103224641362061,0.5396296128402814,0.22930714870407534,0.07533542556228422,0.06968944769930452,-0.06968944769930452,0.7298521310757538,0.6601626833764492,0.10570297435306011,0.6997339595872996,0.0005205739236302201,0.9771839108603113,0.02410561673565359,-0.02410561673565359,1.5418089082105636e-06,0.35007228760254183,0.32596667086688824,2.0572592727561813e-06,0.01031341240276862,0.16462230673781303,True,0.6994093729815563,0.10229369781878522,0.10229369781878522,0.04244363226784306,0.14473733008662829,0.0,0.0,0.002693550054017382,0.14980214042018636,0.14980214042018636,0.0,0.0028024722651253586,0.0,0.0011482507036302677,0.0,0.0032487833956975796,0.003766771278114211,0.0010570297435306011,1.5418089082105637e-07,2.0572592727561813e-08,0.0001031341240276862,0.16462230673781303
0.0,0.0,0.02226873236728707,10025,0.14682994080094305,0.146829940947773,0.03878643909651115,0.03878643909651115,0.08671238110400754,0.1254988202005187,0.0,0.004174416867428597,1.2553845287258767,0.0,0.023413445986504394,0.00010541837724614238,0.0,4.236678415513227e-05,1.0065089771973124,0.0030147541723772216,0.71607191035249,0.21603589009952545,-0.21603589009952545,0.5396296128402814,0.323593722740756,0.09784275317149183,0.18845281290887983,-0.18845281290887983,0.7298521310757538,0.5413993181668739,0.08549236994190257,0.7210780890186658,4.887622636140527e-05,1.0069911534356932,0.10152071549169589,0.10152071549169589,2.8622813364642263e-06,0.35007228760254183,0.4515930030942377,4.565376117158113e-06,0.02374307661644344,0.16087494094605215,True,0.7207328161537,0.11746636011018557,0.11746636011018557,0.04244363226784306,0.15990999237802864,0.0,0.0,0.0044537464734574145,0.14682994080094305,0.14682994080094305,0.0,0.0020872084337142985,0.0,0.0012650205269537085,0.0,0.0002542007049307936,0.004892137658574592,0.0008549236994190257,2.8622813364642266e-07,4.5653761171581134e-08,0.0002374307661644344,0.16087494094605215
0.0,0.0,0.008590532526535447,10050,0.19299063613251663,0.19299063632550728,0.01776981937965759,0.01776981937965759,0.08671238110400754,0.10448220048366513,0.0,0.009822735542673714,1.0133764633857125,0.0,0.026157334704225602,0.000109493013847984,0.0,0.000455594982672035,0.9786553289397087,0.003456064454162764,0.71607191035249,0.4096274657314167,-0.4096274657314167,0.5396296128402814,0.13000214710886476,0.08706815462798197,0.023646204846956564,0.023646204846956564,0.7298521310757538,0.7534983359227103,0.16372050278336073,0.7012255278791728,0.00042986153645407314,0.9792668975680417,0.054344369356142785,0.054344369356142785,2.9404108065234145e-06,0.35007228760254183,0.4044166569586846,3.4590085120394677e-06,0.024238056426677528,0.2099009184260339,True,0.700787600757055,0.12084720890410064,0.12084720890410064,0.04244363226784306,0.1632908411719437,0.0,0.0,0.0017181065053070894,0.19299063613251663,0.19299063613251663,0.0,0.004911367771336857,0.0,0.001313916166175808,0.0,0.0027335698960322097,0.0043534077313990985,0.0016372050278336072,2.940410806523415e-07,3.459008512039468e-08,0.00024238056426677528,0.2099009184260339
0.0,0.0,0.036983930177129,10075,0.0715518100546876,0.0715518101262394,0.01490538794716234,0.01490538794716234,0.08671238110400754,0.10161776905116988,0.0,0.016451233724394727,0.7895328354974859,0.0,0.010144517720491455,2.9592138158598146e-05,0.0,0.001451043133388682,0.961907439920784,0.0019634550788044138,0.71607191035249,0.045517215222463936,-0.045517215222463936,0.5396296128402814,0.4941123976178175,0.05685863495740163,0.12024407244943058,-0.12024407244943058,0.7298521310757538,0.6096080586263232,0.3453648933246654,0.6890743703548767,0.0014214625444198897,0.9622977116819166,0.02138716117944839,0.02138716117944839,1.9033394202180037e-06,0.35007228760254183,0.3714594487819902,2.2199701803468453e-06,0.018981437851661034,0.10272218500382319,True,0.6887949077054232,0.09158751316475378,0.09158751316475378,0.04244363226784306,0.13403114543259684,0.0,0.0,0.0073967860354258,0.0715518100546876,0.0715518100546876,0.0,0.008225616862197364,0.0,0.0003551056579031778,0.0,0.008706258800332092,0.0028429317478700818,0.003453648933246654,1.903339420218004e-07,2.2199701803468452e-08,0.00018981437851661034,0.10272218500382319
0.0,0.0,0.05491637865354336,10100,0.21910661792590422,0.21910661814501084,0.030737254841135958,0.030737254841135958,0.08671238110400754,0.1174496359451435,0.0,0.00945654789928737,0.7579789241264026,0.0,0.03362024366316734,0.00018437376015028673,0.0,0.025319105300222543,1.1591197828688267,0.0030972567879490797,0.71607191035249,0.45292617034707794,-0.45292617034707794,0.5396296128402814,0.08670344249320348,0.0801167155426373,0.003253733696993222,0.003253733696993222,0.7298521310757538,0.733105864772747,0.217657112767849,0.8303876492499963,0.025485824720400303,1.159642803534642,0.06319660163557916,0.06319660163557916,1.118061712365284e-06,0.35007228760254183,0.413268889238121,1.9475065308527946e-06,0.011732448036483397,0.39524514719580695,True,0.8300131288374419,0.17305276280089188,0.17305276280089188,0.04244363226784306,0.21549639506873494,0.0,0.0,0.010983275730708673,0.21910661792590422,0.21910661792590422,0.0,0.004728273949643685,0.0,0.0022124851218034407,0.0,0.15191463180133524,0.004005835777131865,0.00217657112767849,1.118061712365284e-07,1.9475065308527948e-08,0.00011732448036483397,0.39524514719580695
0.0,0.0,0.013955370353339963,10125,0.21311076634913967,0.21311076656225042,0.09653309479803969,0.09653309479803969,0.08671238110400754,0.18324547590204723,0.0,0.009473161783928754,1.2977974004913837,0.0,0.018791151462056774,7.20092590258924e-05,0.0,0.020078413572984427,1.1416983188784695,0.003690136690733753,0.71607191035249,0.3583642148861737,-0.3583642148861737,0.5396296128402814,0.18126539795410773,0.10513829208607972,0.007224729029171373,-0.007224729029171373,0.7298521310757538,0.7226274020465824,0.1627903189852286,0.8179695933019371,0.020249543842984434,1.1423008919261732,0.16214342181283292,0.16214342181283292,5.015553252679722e-06,0.35007228760254183,0.5122157094153748,5.113815489493893e-06,0.042277519765588564,0.34928115954328165,True,0.8175381076625152,0.2509875679685346,0.2509875679685346,0.04244363226784306,0.29343120023637764,0.0,0.0,0.002791074070667993,0.21311076634913967,0.21311076634913967,0.0,0.004736580891964377,0.0,0.0008641111083107088,0.0,0.12047048143790656,0.005256914604303987,0.0016279031898522862,5.015553252679722e-07,5.113815489493893e-08,0.00042277519765588565,0.34928115954328165
0.0,0.0,0.03951584671266984,10150,0.16229994761662414,0.1622999477789241,0.011198801561467409,0.011198801561467409,0.08671238110400754,0.09791118266547495,0.0,0.008878086920347642,0.7959463647168912,0.0,0.018175969871334803,5.683882957920892e-05,0.0,1.2231234920872559e-05,0.9965026817529895,0.0035527934513491185,0.71607191035249,0.336271349774536,-0.336271349774536,0.5396296128402814,0.20335826306574542,0.0729221930775781,0.07541798691481072,-0.07541798691481072,0.7298521310757538,0.654434144160943,0.19012236357463455,0.7139472163390592,8.804072064413484e-06,0.9970328343382255,0.059832979555803356,-0.059832979555803356,1.979162306288602e-06,0.35007228760254183,0.2902393080467385,2.1845699082532268e-06,0.02563904430232143,0.18120155727838586,True,0.7135675889592694,0.09609720712277872,0.09609720712277872,0.04244363226784306,0.13854083939062178,0.0,0.0,0.007903169342533968,0.16229994761662414,0.16229994761662414,0.0,0.004439043460173821,0.0,0.000682065954950507,0.0,7.338740952523535e-05,0.0036461096538789057,0.0019012236357463456,1.9791623062886018e-07,2.184569908253227e-08,0.0002563904430232143,0.18120155727838586
0.0,0.0,0.022213480794971433,10175,0.14010418521087006,0.14010418535097424,0.002087330304586771,0.002087330304586771,0.08671238110400754,0.08879971140859431,0.0,0.005036996062925761,0.752187720852845,0.0,0.020591463910750642,9.175687240112817e-05,0.0,0.0003659266452970194,1.0191292092177648,0.0028695844685927953,0.71607191035249,0.2604556326866442,-0.2604556326866442,0.5396296128402814,0.27917398015363726,0.07229176583318392,0.03901412197655785,-0.03901412197655785,0.7298521310757538,0.6908380090991959,0.1656215924284843,0.730132302615472,0.00038555023171451505,1.0196354330666404,0.10501677072131976,-0.10501677072131976,2.6353449153806536e-07,0.35007228760254183,0.24505551688122207,2.3430560183241197e-06,0.014800285377204387,0.15578087859564826,True,0.7297698099318795,0.1332433727131079,0.1332433727131079,0.04244363226784306,0.17568700498095097,0.0,0.0,0.004442696158994287,0.14010418521087006,0.14010418521087006,0.0,0.0025184980314628806,0.0,0.001101082468813538,0.0,0.0021955598717821167,0.003614588291659196,0.0016562159242848428,2.6353449153806537e-08,2.3430560183241197e-08,0.00014800285377204386,0.15578087859564826
0.0,0.0,0.02104086039975615,10200,0.09709874053915549,0.09709874063625423,0.047070395373723886,0.047070395373723886,0.08671238110400754,0.13378277647773143,0.0,0.006470468275007933,1.1993654210075957,0.0,0.035633908760376476,0.0002002117713839065,0.0,2.8026141891304413e-05,1.0052939722223775,0.0036506778014314457,0.71607191035249,0.14835161357607402,-0.14835161357607402,0.5396296128402814,0.3912779992642074,0.10690233649252397,0.018924415470198963,-0.018924415470198963,0.7298521310757538,0.7109277156055548,0.18604824295038364,0.7202428669713944,3.3927821575846975e-05,1.005824759357763,0.03241699353704286,0.03241699353704286,3.124423096699529e-06,0.35007228760254183,0.3824892811395847,3.8423212937079125e-06,0.025337994878298825,0.11457217493300102,True,0.7198627852080606,0.14665609030517615,0.14665609030517615,0.04244363226784306,0.1890997225730192,0.0,0.0,0.00420817207995123,0.09709874053915549,0.09709874053915549,0.0,0.0032352341375039666,0.0,0.0024025412566068783,0.0,0.00016815685134782647,0.0053451168246261985,0.0018604824295038365,3.124423096699529e-07,3.842321293707913e-08,0.00025337994878298824,0.11457217493300102
0.0,0.0,0.0019625156897042435,10225,0.08094775563309908,0.08094775571404685,0.037160728280954486,0.037160728280954486,0.08671238110400754,0.12387310938496203,0.0,0.006583912432017123,1.2302415022435778,0.0,0.013332544941379067,3.642661077295467e-05,0.0,0.0001298753916058376,0.9886037114986572,0.0017718039223787447,0.71607191035249,0.025833908492621016,0.025833908492621016,0.5396296128402814,0.5654635213329025,0.07942688361920322,0.002328267207559631,-0.002328267207559631,0.7298521310757538,0.7275238638681941,0.11651639109759568,0.7083448918215546,0.00011644255973360485,0.9892091446245627,0.11977596519347133,0.11977596519347133,3.345400405443889e-06,0.35007228760254183,0.46984825279601317,4.470349800885607e-06,0.022619382131483047,0.09121166782274849,True,0.7079113581604425,0.12791670162692403,0.12791670162692403,0.04244363226784306,0.1703603338947671,0.0,0.0,0.00039250313794084873,0.08094775563309908,0.08094775563309908,0.0,0.0032919562160085617,0.0,0.0004371193292754561,0.0,0.0007792523496350256,0.003971344180960161,0.0011651639109759569,3.3454004054438894e-07,4.4703498008856074e-08,0.00022619382131483048,0.09121166782274849
0.0,0.0,0.01058872002833595,10250,0.0876332164054075,0.08763321649304072,0.03515899532985249,0.03515899532985249,0.08671238110400754,0.12187137643386003,0.0,0.004644252316332016,1.349293246866431,0.0,0.014918977300543824,2.6310329403988174e-05,0.0,0.000455234083458023,0.9786637846969519,0.003250586322607956,0.71607191035249,0.07349976384691859,-0.07349976384691859,0.5396296128402814,0.46612984899336285,0.08587974608874126,0.0827673313340086,-0.0827673313340086,0.7298521310757538,0.6470847997417452,0.1180714434995449,0.7011440704582941,0.00043459150319277403,0.9791531416469346,0.10017738010195854,0.10017738010195854,2.7795335757920518e-06,0.35007228760254183,0.45024966770450037,5.217957971562802e-06,0.02942751181771574,0.10088952201338366,True,0.7007936556873822,0.12195734625752352,0.12195734625752352,0.04244363226784306,0.1644009785253666,0.0,0.0,0.0021177440056671898,0.0876332164054075,0.0876332164054075,0.0,0.002322126158166008,0.0,0.0003157239528478581,0.0,0.002731404500748138,0.004293987304437063,0.001180714434995449,2.779533575792052e-07,5.217957971562802e-08,0.0002942751181771574,0.10088952201338366
0.0,0.0,0.035183011557790876,10275,0.2613911927611059,0.26139119302249714,0.08318501674619087,0.08318501674619087,0.08671238110400754,0.16989739785019842,0.0,0.008343068519034455,1.6588879876151186,0.0,0.02386747677562696,5.659339391683885e-05,0.0,0.047959601962596854,0.7810031918894779,0.004888932395819131,0.71607191035249,0.11986964274598061,-0.11986964274598061,0.5396296128402814,0.4197599700943008,0.13251354008960126,0.35186386238198525,-0.35186386238198525,0.7298521310757538,0.3779882686937685,0.15104491068642859,0.5596665548890807,0.04770786778717819,0.7815786920028676,0.2888629445798778,0.2888629445798778,1.2295939084442033e-05,0.35007228760254183,0.6389352321824197,9.286432659088744e-06,0.04792803621817925,0.5696527907665256,True,0.5592544554177227,0.3362860720930654,0.3362860720930654,0.04244363226784306,0.3787297043609084,0.0,0.0,0.007036602311558175,0.2613911927611059,0.2613911927611059,0.0,0.004171534259517227,0.0,0.0006791207270020663,0.0,0.2877576117755811,0.006625677004480063,0.001510449106864286,1.2295939084442033e-06,9.286432659088744e-08,0.00047928036218179254,0.5696527907665256
0.0,0.0,0.03587816477345177,10300,1.904587009850415,1.904587011755002,0.9959806000243272,0.9959806000243272,0.08671238110400754,1.0826929811283348,0.0,0.00598439131173685,7.130395697577736,0.00013761548861257602,0.09173096281694627,0.0003084356440245058,1.845216016930485,0.05589871531063102,1.236429091506589,0.00878478071673594,0.71607191035249,0.3364034388128957,-0.3364034388128957,0.5396296128402814,0.20322617402738577,0.5906710371571987,0.3542313052869297,0.3542313052869297,0.7298521310757538,1.0840834363626835,0.19516587629682774,0.8879794478640514,0.05763369984056078,1.2400701977350808,3.262207831095637,3.262207831095637,0.00017415313996788822,0.35007228760254183,3.6122801186981786,5.9725449150318366e-05,1.0,2.7574812784066665,True,0.8853721539348078,2.502925098070715,2.502925098070715,0.04244363226784306,2.545368730338558,0.0,0.0,0.007175632954690355,1.904587009850415,1.904587009850415,0.0,0.002992195655868425,0.0008256929316754561,0.0037012277282940697,0.46130400423262125,0.33539229186378616,0.029533551857859938,0.0019516587629682775,1.741531399678882e-05,5.972544915031837e-07,0.01,2.7574812784066665
0.0,0.0,0.03278442576434746,10325,0.26039808891653266,0.26039808917693075,0.1170516676551961,0.1170516676551961,0.08671238110400754,0.20376404875920365,0.0,0.004250819179290025,1.89176939898076,0.0,0.011093228255333525,2.799771525185452e-05,0.0,0.0005906236083847596,1.0243027489882268,0.004217561384756989,0.71607191035249,0.2138055375104463,-0.2138055375104463,0.5396296128402814,0.32582407532983515,0.12318309290120423,0.040772035517052,-0.040772035517052,0.7298521310757538,0.6890800955587018,0.09353625710977091,0.7339639403959209,0.0006243174362281065,1.024986344995379,0.41364775847296564,0.41364775847296564,3.4130689185087764e-06,0.35007228760254183,0.7637200460755075,1.179558416221167e-05,0.07880992624770951,0.28084317363374656,True,0.7334744364903341,0.32688697816535595,0.32688697816535595,0.04244363226784306,0.369330610433199,0.0,0.0,0.006556885152869492,0.26039808891653266,0.26039808891653266,0.0,0.0021254095896450125,0.0,0.0003359725830222542,0.0,0.003543741650308558,0.006159154645060212,0.0009353625710977092,3.4130689185087766e-07,1.1795584162211671e-07,0.0007880992624770951,0.28084317363374656
0.0,0.0,0.0317152797354355,10350,0.1151007767080926,0.11510077682319336,0.009469483442487422,0.009469483442487422,0.08671238110400754,0.09618186454649497,0.0,0.006078981202541271,0.9922323726202772,0.0,0.012275595944198034,4.0225465493818996e-05,0.0,0.0008148341246430224,0.9714547004807618,0.0032456033127269946,0.71607191035249,0.23933788294972624,-0.23933788294972624,0.5396296128402814,0.3002917298905552,0.07199604367862267,0.01794251772630806,-0.01794251772630806,0.7298521310757538,0.7119096133494457,0.10462130075519857,0.6960433543600639,0.0007823235858031049,0.9720299519878298,0.007193920014161637,0.007193920014161637,1.9664917910805576e-06,0.35007228760254183,0.35726620761670347,2.8290908628545307e-06,0.01706212256953457,0.13467189494750045,True,0.6956314329087121,0.09216813097518797,0.09216813097518797,0.04244363226784306,0.13461176324303104,0.0,0.0,0.006343055947087101,0.1151007767080926,0.1151007767080926,0.0,0.0030394906012706354,0.0,0.000482705585925828,0.0,0.0048890047478581345,0.0035998021839311334,0.0010462130075519858,1.9664917910805577e-07,2.8290908628545307e-08,0.00017062122569534572,0.13467189494750045
0.0,0.0,0.03164742620406366,10375,0.03943198168978726,0.039431981729219245,0.010034673432911353,0.010034673432911353,0.08671238110400754,0.0967470545369189,0.0,0.006237031091732475,1.0056774110546758,0.0,0.01300923864944488,4.122852418877803e-05,0.0,0.0009666176943732636,0.9689095240568231,0.0036428640633648195,0.71607191035249,0.002464558877504297,-0.002464558877504297,0.5396296128402814,0.5371650539627771,0.07305466693722602,0.010433546233169277,-0.010433546233169277,0.7298521310757538,0.7194185848425845,0.10612482978562687,0.6940490124686933,0.0009458799870438933,0.9692448380423075,0.009095229297100382,-0.009095229297100382,2.2590193448903894e-06,0.35007228760254183,0.34097705830544145,2.848381928209707e-06,0.017586032862197693,0.06006452729206447,True,0.6938089035391865,0.08646418397888819,0.08646418397888819,0.04244363226784306,0.12890781624673125,0.0,0.0,0.006329485240812733,0.03943198168978726,0.03943198168978726,0.0,0.0031185155458662373,0.0,0.0004947422902653363,0.0,0.005799706166239581,0.0036527333468613014,0.0010612482978562688,2.2590193448903895e-07,2.848381928209707e-08,0.00017586032862197695,0.06006452729206447
0.0,0.0,0.03164746093158277,10400,0.039415617089764814,0.03941561712918043,0.010033452421217837,0.010033452421217837,0.08671238110400754,0.09674583352522538,0.0,0.006236929321236699,1.0056579847338931,0.0,0.013009037620189394,4.122757950668418e-05,0.0,0.0009664600082764088,0.968912060083106,0.0036425947971883343,0.71607191035249,0.00021940151388943896,0.00021940151388943896,0.5396296128402814,0.5398490143541709,0.07305476721814662,0.010431735177798718,-0.010431735177798718,0.7298521310757538,0.719420395897955,0.10612386560767965,0.6940517728385034,0.0009456428871165949,0.9692486929201929,0.009089977922414949,-0.009089977922414949,2.258748824265318e-06,0.35007228760254183,0.3409823096801269,2.8482668786707525e-06,0.01758522712465961,0.06004714858622032,True,0.693810719516397,0.08646263508827298,0.08646263508827298,0.04244363226784306,0.12890626735611604,0.0,0.0,0.006329492186316555,0.039415617089764814,0.039415617089764814,0.0,0.0031184646606183496,0.0,0.0004947309540802101,0.0,0.005798760049658453,0.003652738360907331,0.0010612386560767966,2.258748824265318e-07,2.8482668786707527e-08,0.00017585227124659612,0.06004714858622032
0.0,0.0,0.031647422909314285,10425,0.03941293084820887,0.0394129308876218,0.010030891607661963,0.010030891607661963,0.08671238110400754,0.0967432727116695,0.0,0.006236926453840213,1.0056059230048384,0.0,0.01301013726404569,4.1229724896287806e-05,0.0,0.0009658073104438928,0.96892255946118,0.0036425948668231565,0.71607191035249,0.00012042818530755284,-0.00012042818530755284,0.5396296128402814,0.5395091846549739,0.07305007425216191,0.010426646488601254,-0.010426646488601254,0.7298521310757538,0.7194254845871525,0.1061239261669374,0.6940589754006461,0.0009450243683039769,0.9692587513541825,0.009107435956687338,-0.009107435956687338,2.2584412266142773e-06,0.35007228760254183,0.3409648516458545,2.8479553287620987e-06,0.01758377976887566,0.06004031431405282,True,0.6938182378262169,0.08645578042945631,0.08645578042945631,0.04244363226784306,0.12889941269729938,0.0,0.0,0.006329484581862857,0.03941293084820887,0.03941293084820887,0.0,0.0031184632269201065,0.0,0.0004947566987554537,0.0,0.005794843862663357,0.0036525037126080954,0.001061239261669374,2.2584412266142774e-07,2.8479553287620987e-08,0.00017583779768875658,0.06004031431405282
0.0,0.0,0.031646595980146214,10450,0.03938746190228323,0.03938746194167069,0.009970165683822238,0.009970165683822238,0.08671238110400754,0.09668254678782978,0.0,0.0062367038932439915,1.0043708653018926,0.0,0.013035292878084975,4.127730871563236e-05,0.0,0.0009504931514266742,0.9691699310505689,0.003642183476030901,0.71607191035249,0.00375009834445994,-0.00375009834445994,0.5396296128402814,0.5358795144958215,0.07299817383764255,0.010307624437316143,-0.010307624437316143,0.7298521310757538,0.7195445066384376,0.10612385022657703,0.6942299598615029,0.0009304005246767098,0.9694975324821629,0.009502020547974055,-0.009502020547974055,2.250915967324681e-06,0.35007228760254183,0.3405702670545678,2.840578472678167e-06,0.017549067965066896,0.059920311029262124,True,0.6939953736752712,0.08629517850750365,0.08629517850750365,0.04244363226784306,0.1287388107753467,0.0,0.0,0.006329319196029243,0.03938746190228323,0.03938746190228323,0.0,0.0031183519466219957,0.0,0.0004953277045875883,0.0,0.005702958908560045,0.003649908691882128,0.0010612385022657704,2.2509159673246812e-07,2.8405784726781672e-08,0.00017549067965066896,0.059920311029262124
0.0,0.0,0.031643754119698435,10475,0.039357064452842906,0.03935706449219997,0.009758531743232893,0.009758531743232893,0.08671238110400754,0.09647091284724044,0.0,0.0062356398029835974,0.999925116905686,0.0,0.01313141328488898,4.1445809244409405e-05,0.0,0.0008990498431161981,0.970015840129892,0.003639991133648715,0.71607191035249,0.009128813711817951,-0.009128813711817951,0.5396296128402814,0.5305007991284635,0.07270343702863906,0.009977233945826947,-0.009977233945826947,0.7298521310757538,0.7198748971299268,0.1061210818702597,0.6948456364706785,0.0008786879054714111,0.9703573296501241,0.010885387560973347,-0.010885387560973347,2.223565667347811e-06,0.35007228760254183,0.3391869000415685,2.814203086018382e-06,0.01742399697737049,0.059566157086410346,True,0.6946011054141457,0.0857221767460721,0.0857221767460721,0.04244363226784306,0.12816580901391517,0.0,0.0,0.0063287508239396875,0.039357064452842906,0.039357064452842906,0.0,0.0031178199014917987,0.0,0.0004973497109329128,0.0,0.005394299058697189,0.003635171851431953,0.001061210818702597,2.2235656673478112e-07,2.814203086018382e-08,0.0001742399697737049,0.059566157086410346
0.0,0.0,0.03164118455976109,10500,0.039382585112631666,0.039382585152014246,0.009567183187987077,0.009567183187987077,0.08671238110400754,0.09627956429199462,0.0,0.006234572248062262,0.9958148492001073,0.0,0.013212221767994086,4.16015576468982e-05,0.0,0.000853545973847593,0.9707844908679039,0.00363772235033129,0.71607191035249,0.012670694633964308,-0.012670694633964308,0.5396296128402814,0.5269589182063171,0.07244705902686477,0.009806409527084892,-0.009806409527084892,0.7298521310757538,0.7200457215486689,0.1061178115406289,0.6954142824651128,0.000832238941002636,0.971151448199214,0.01216995504781393,-0.01216995504781393,2.198376778963087e-06,0.35007228760254183,0.3379023325547279,2.79006820631958e-06,0.017308905063734732,0.05930547053921019,True,0.6951515146241942,0.08519735380831894,0.08519735380831894,0.04244363226784306,0.127640986076162,0.0,0.0,0.006328236911952218,0.039382585112631666,0.039382585112631666,0.0,0.003117286124031131,0.0,0.0004992186917627784,0.0,0.005121275843085558,0.0036223529513432387,0.001061178115406289,2.198376778963087e-07,2.79006820631958e-08,0.00017308905063734734,0.05930547053921019
0.0,0.0,0.031634801847604636,10525,0.038863079505186825,0.038863079544049904,0.009077777258770708,0.009077777258770708,0.08671238110400754,0.09579015836277825,0.0,0.0062311661535716005,0.9847491489748379,0.0,0.013424845199708131,4.2072573227144516e-05,0.0,0.0007385162691266408,0.9728243441822163,0.0036281282294451183,0.71607191035249,0.009758044715076464,-0.009758044715076464,0.5396296128402814,0.529871568125205,0.07183056654980158,0.0098951818911035,-0.0098951818911035,0.7298521310757538,0.7199569491846503,0.10610457955766454,0.6969307510053266,0.0007145352250582566,0.9732692082972042,0.01553776687966385,-0.01553776687966385,2.1320613095478364e-06,0.35007228760254183,0.334534520722878,2.7267749080975184e-06,0.016994105470419615,0.05806434709663008,True,0.6966121963042113,0.08387331194933023,0.08387331194933023,0.04244363226784306,0.1263169442171733,0.0,0.0,0.006326960369520927,0.038863079505186825,0.038863079505186825,0.0,0.0031155830767858003,0.0,0.0005048708787257342,0.0,0.004431097614759845,0.003591528327490079,0.0010610457955766454,2.1320613095478364e-07,2.7267749080975184e-08,0.00016994105470419615,0.05806434709663008
0.0,0.0,0.031630229161906484,10550,0.03848390356620946,0.03848390360469337,0.008740087000124616,0.008740087000124616,0.08671238110400754,0.09545246810413216,0.0,0.006228510373357733,0.9765319060158777,0.0,0.013582512948480603,4.239892009737376e-05,0.0,0.0006573065933638096,0.9743620087884443,0.0036181984071293415,0.71607191035249,0.004981240040480284,0.004981240040480284,0.5396296128402814,0.5446108528807617,0.07150654971181555,0.010182440481131816,-0.010182440481131816,0.7298521310757538,0.7196696905946219,0.10609444411811339,0.6980558672356929,0.0006330033660998999,0.9748404418540408,0.017848686193371266,-0.017848686193371266,2.0845068233446365e-06,0.35007228760254183,0.33222360140917057,2.681161776575933e-06,0.016753987972561977,0.0571808782554186,True,0.697713274751651,0.08295537726503804,0.08295537726503804,0.04244363226784306,0.1253990095328811,0.0,0.0,0.006326045832381297,0.03848390356620946,0.03848390356620946,0.0,0.0031142551866788666,0.0,0.0005087870411684852,0.0,0.003943839560182858,0.0035753274855907778,0.001060944441181134,2.0845068233446367e-07,2.681161776575933e-08,0.00016753987972561977,0.0571808782554186
0.0,0.0,0.03157344182927845,10575,0.0983383487918696,0.09833834889020795,0.005261420975335898,0.005261420975335898,0.08671238110400754,0.09197380207934344,0.0,0.006202715188290549,0.8777310193310597,0.0,0.015500471648196519,4.578996450245894e-05,0.0,4.358811884007925e-05,0.9933978701285056,0.003518020259560805,0.71607191035249,0.20136289772350657,0.20136289772350657,0.5396296128402814,0.740992510563788,0.06758613160391264,0.010142086164418584,-0.010142086164418584,0.7298521310757538,0.7197100449113352,0.10606447238413688,0.7116856774625339,3.752079802186474e-05,0.9938745777270571,0.047011828101685305,-0.047011828101685305,1.5620723264082276e-06,0.35007228760254183,0.3030604595008565,2.1827241678749088e-06,0.014136889563100878,0.11314690127308287,True,0.7113443205369925,0.07392212989859905,0.07392212989859905,0.04244363226784306,0.11636576216644211,0.0,0.0,0.006314688365855691,0.0983383487918696,0.0983383487918696,0.0,0.0031013575941452745,0.0,0.0005494795740295074,0.0,0.0002615287130404755,0.003379306580195632,0.001060644723841369,1.5620723264082276e-07,2.1827241678749088e-08,0.0001413688956310088,0.11314690127308287
0.0,0.0,0.031610462141728565,10600,0.038324625210629945,0.038324625248954566,0.007434567387010982,0.007434567387010982,0.08671238110400754,0.09414694849101853,0.0,0.006218757245642522,0.9421819460390815,0.0,0.014249464921965624,4.3489799761905915e-05,0.0,0.0003616664777597457,0.9809824691991903,0.003584353991749439,0.71607191035249,0.00981976223961678,-0.00981976223961678,0.5396296128402814,0.5298098506006647,0.06969204901347045,0.013215487344853338,-0.013215487344853338,0.7298521310757538,0.7166366437309004,0.1060690010020278,0.7027768561929667,0.00034472087801288356,0.9814333396106655,0.027959549717677112,-0.027959549717677112,1.891833418072626e-06,0.35007228760254183,0.3221127378848647,2.4968358146064282e-06,0.015803478313606203,0.05515151412102809,True,0.7024540005515916,0.07896707195731764,0.07896707195731764,0.04244363226784306,0.1214107042251607,0.0,0.0,0.006322092428345714,0.038324625210629945,0.038324625210629945,0.0,0.003109378622821261,0.0,0.000521877597142871,0.0,0.002169998866558474,0.0034846024506735226,0.001060690010020278,1.891833418072626e-07,2.4968358146064284e-08,0.00015803478313606203,0.05515151412102809
0.0,0.0,0.03159195203464314,10625,0.0447527859289582,0.044752785973710976,0.006271787887080216,0.006271787887080216,0.08671238110400754,0.09298416899108776,0.0,0.006210317118398115,0.9098423951013506,0.0,0.014881132675158565,4.458976806085483e-05,0.0,0.00016034978004521552,0.9873370706372808,0.0035509256224772892,0.71607191035249,0.052613062497697594,0.052613062497697594,0.5396296128402814,0.592242675337979,0.0686199565172557,0.011918038573662249,-0.011918038573662249,0.7298521310757538,0.7179340925020915,0.10605932121063885,0.7072276860913909,0.00015254823496037526,0.9876489581427162,0.037445154395153224,-0.037445154395153224,1.7217915391665994e-06,0.35007228760254183,0.3126271332073886,2.3345046424244833e-06,0.014948744581506366,0.06031478480007201,True,0.7070043522064398,0.07524898911106108,0.07524898911106108,0.04244363226784306,0.11769262137890414,0.0,0.0,0.006318390406928629,0.0447527859289582,0.0447527859289582,0.0,0.0031051585591990575,0.0,0.000535077216730258,0.0,0.0009620986802712931,0.0034309978258627856,0.0010605932121063885,1.7217915391665995e-07,2.3345046424244832e-08,0.00014948744581506367,0.06031478480007201
0.0,0.0,0.03142014306820408,10650,0.1064312845152726,0.10643128462170388,0.0014417023525968437,0.0014417023525968437,0.08671238110400754,0.08815408345660439,0.0,0.006172372161759674,0.6210713891657066,0.0,0.020681135427997006,5.838691830000278e-05,0.0,0.0020294317670786596,1.0450492149440882,0.003261599569895402,0.71607191035249,0.1883188717304224,-0.1883188717304224,0.5396296128402814,0.35131074110985905,0.06251491364358253,0.002134703017541373,-0.002134703017541373,0.7298521310757538,0.7277174280582124,0.10667792307063387,0.7487847729015507,0.002087005263850657,1.045683752733884,0.09567613571331324,-0.09567613571331324,5.910579887305666e-07,0.35007228760254183,0.2543961518892286,1.3189349664983459e-06,0.00909216157733678,0.1329622516556726,True,0.7483303982078753,0.10960627661604286,0.10960627661604286,0.04244363226784306,0.15204990888388592,0.0,0.0,0.006284028613640816,0.1064312845152726,0.1064312845152726,0.0,0.003086186080879837,0.0,0.0007006430196000333,0.0,0.012176590602471959,0.0031257456821791266,0.0010667792307063387,5.910579887305666e-08,1.318934966498346e-08,9.092161577336781e-05,0.1329622516556726
0.0,0.0,0.031602695863849124,10675,0.038061822435061475,0.0380618224731233,0.006934342238263197,0.006934342238263197,0.08671238110400754,0.09364672334227074,0.0,0.006215120606038909,0.928620362189124,0.0,0.014513872466724366,4.392396682937516e-05,0.0,0.0002661324276386982,0.9836864342451229,0.0035703709782317246,0.71607191035249,0.003638673841704576,0.003638673841704576,0.5396296128402814,0.543268286681986,0.06934159761841206,0.01309881923465872,-0.01309881923465872,0.7298521310757538,0.716753311841095,0.10606317600787427,0.7046424992477631,0.0002547623114038037,0.9840387246310389,0.03190319956421045,-0.03190319956421045,1.8192344606133772e-06,0.35007228760254183,0.3181690880383314,2.4274684020918882e-06,0.01544000168277007,0.05429612193459258,True,0.7043902339945985,0.07741313449601431,0.07741313449601431,0.04244363226784306,0.11985676676385737,0.0,0.0,0.006320539172769825,0.038061822435061475,0.038061822435061475,0.0,0.0031075603030194547,0.0,0.0005270876019525019,0.0,0.0015967945658321892,0.0034670798809206035,0.0010606317600787426,1.8192344606133772e-07,2.4274684020918884e-08,0.0001544000168277007,0.05429612193459258
0.0,0.0,0.031601624263911346,10700,0.03810659215583401,0.0381065921939406,0.006868406942262276,0.006868406942262276,0.08671238110400754,0.09358078804626982,0.0,0.006214657244120693,0.9267802389561287,0.0,0.014550046365804545,4.3985434497759495e-05,0.0,0.00025411747352084297,0.9840589375033895,0.0035685656658259158,0.71607191035249,0.005618287950551637,0.005618287950551637,0.5396296128402814,0.5452479007908331,0.06934017752227915,0.013013822290912858,-0.013013822290912858,0.7298521310757538,0.7168383087848409,0.10606277244302358,0.7048965889378073,0.00024356088029118918,0.9843935628572313,0.032442933237814664,-0.032442933237814664,1.8095462734844307e-06,0.35007228760254183,0.31762935436472717,2.418202780881468e-06,0.015391418338477828,0.05426853160635893,True,0.7046569731180831,0.07720050635885675,0.07720050635885675,0.04244363226784306,0.11964413862669981,0.0,0.0,0.00632032485278227,0.03810659215583401,0.03810659215583401,0.0,0.0031073286220603463,0.0,0.000527825213973114,0.0,0.0015247048411250578,0.003467008876113958,0.0010606277244302358,1.809546273484431e-07,2.418202780881468e-08,0.0001539141833847783,0.05426853160635893
0.0,0.0,0.03159588844018724,10725,0.038236596981747036,0.03823659701998364,0.006543694998151148,0.006543694998151148,0.08671238110400754,0.09325607610215869,0.0,0.006212543529089919,0.9173612393040801,0.0,0.014739406987628295,4.431651664258745e-05,0.0,0.00019743481825541348,0.9859488499312187,0.0035600785295513567,0.71607191035249,0.008685340278597242,0.008685340278597242,0.5396296128402814,0.5483149531188787,0.0690540105919672,0.012466406583494072,-0.012466406583494072,0.7298521310757538,0.7173857244922597,0.10606377943281349,0.7062147001068257,0.00018949407401288958,0.986234315345291,0.035259429485624494,-0.035259429485624494,1.7610326375739907e-06,0.35007228760254183,0.31481285811691734,2.3713970110979387e-06,0.015144632741048492,0.05404343801214382,True,0.7060102863395767,0.07611368482475767,0.07611368482475767,0.04244363226784306,0.11855731709260073,0.0,0.0,0.006319177688037449,0.038236596981747036,0.038236596981747036,0.0,0.0031062717645449593,0.0,0.0005317981997110493,0.0,0.0011846089095324808,0.00345270052959836,0.0010606377943281349,1.7610326375739907e-07,2.371397011097939e-08,0.0001514463274104849,0.05404343801214382
0.0,0.0,0.03159064853573413,10750,0.03811518283623853,0.03811518287435371,0.006304596713045077,0.006304596713045077,0.08671238110400754,0.09301697781705262,0.0,0.0062110594110619715,0.9094219123545899,0.0,0.014907529731399964,4.464272003256138e-05,0.0,0.0001555168925690624,0.9875293587747437,0.003553215112922339,0.71607191035249,0.0026992176637520293,0.0026992176637520293,0.5396296128402814,0.5423288305040335,0.0685693955597994,0.011955893698659681,-0.011955893698659681,0.7298521310757538,0.7178962373770941,0.10606879715963033,0.7073689237823699,0.0001477149109440667,0.987846197675457,0.03758386064635777,-0.03758386064635777,1.7221661171550492e-06,0.35007228760254183,0.31248842695618406,2.3328040592139465e-06,0.014934483325520673,0.053646354372215224,True,0.7071420443422938,0.07524169148017736,0.07524169148017736,0.04244363226784306,0.11768532374802042,0.0,0.0,0.006318129707146826,0.03811518283623853,0.03811518283623853,0.0,0.0031055297055309857,0.0,0.0005357126403907366,0.0,0.0009331013554143745,0.0034284697779899706,0.0010606879715963032,1.7221661171550493e-07,2.3328040592139467e-08,0.00014934483325520673,0.053646354372215224
0.0,0.0,0.0315852405982267,10775,0.03824237991108697,0.03824237994932935,0.006069251861387029,0.006069251861387029,0.08671238110400754,0.09278163296539457,0.0,0.006209544892769918,0.901195999374045,0.0,0.015076405120962182,4.499485692904281e-05,0.0,0.0001181175317820832,0.9891318110164534,0.0035459639425759375,0.71607191035249,0.0049640471510138395,0.0049640471510138395,0.5396296128402814,0.5445936599912953,0.06804711486165574,0.011362394458473313,-0.011362394458473313,0.7298521310757538,0.7184897366172804,0.10607473422000961,0.7085659149965928,0.00010987640770664185,0.9895178052056527,0.039936967638147025,-0.039936967638147025,1.682365182797914e-06,0.35007228760254183,0.3101353199643948,2.293449828262542e-06,0.014719334729001748,0.05352333155454774,True,0.708289515396288,0.07434282175643828,0.07434282175643828,0.04244363226784306,0.11678645402428134,0.0,0.0,0.00631704811964534,0.03824237991108697,0.03824237991108697,0.0,0.003104772446384959,0.0,0.0005399382831485138,0.0,0.0007087051906924992,0.0034023557430827873,0.001060747342200096,1.6823651827979142e-07,2.293449828262542e-08,0.0001471933472900175,0.05352333155454774
0.0,0.0,0.03157649677552872,10800,0.038381832064787326,0.03838183210316915,0.005755603982596516,0.005755603982596516,0.08671238110400754,0.09246798508660406,0.0,0.006207595736434072,0.888695695564929,0.0,0.015345542101982395,4.551555676039364e-05,0.0,6.911244246018723e-05,0.9916866106514739,0.0035349310761134435,0.71607191035249,0.00042626692254765786,0.00042626692254765786,0.5396296128402814,0.5400558797628291,0.0675448841160666,0.01084195850206715,-0.01084195850206715,0.7298521310757538,0.7190101725736866,0.10608948031471895,0.7104511071864705,6.161479554360642e-05,0.9921504907450461,0.04338647160725689,-0.04338647160725689,1.6242865744986481e-06,0.35007228760254183,0.30668581599528494,2.2349138462949238e-06,0.014390577084491974,0.05334402018158731,True,0.710118935677053,0.07302453364861523,0.07302453364861523,0.04244363226784306,0.1154681659164583,0.0,0.0,0.006315299355105744,0.038381832064787326,0.038381832064787326,0.0,0.003103797868217036,0.0,0.0005461866811247237,0.0,0.00041467465476112343,0.0033772442058033303,0.0010608948031471895,1.6242865744986481e-07,2.2349138462949237e-08,0.00014390577084491974,0.05334402018158731
0.0,0.0,0.031575431747179965,10825,0.03833568455891557,0.03833568459725126,0.005866248608476676,0.005866248608476676,0.08671238110400754,0.09257862971248422,0.0,0.006208128788860433,0.8897928755633747,0.0,0.015363120013912499,4.551782842991404e-05,0.0,6.670444923653288e-05,0.9918327208180121,0.0035345782775298663,0.71607191035249,0.003141776747834446,-0.003141776747834446,0.5396296128402814,0.536487836092447,0.06757531528680534,0.010798621700738642,-0.010798621700738642,0.7298521310757538,0.7190535093750151,0.10609715871728911,0.7105489812497306,5.948770596566506e-05,0.9922871726347814,0.04266702714119003,-0.04266702714119003,1.6297708475596426e-06,0.35007228760254183,0.3074052604613518,2.2398068279351036e-06,0.014405277084129996,0.05328525143686744,True,0.7102235610645891,0.07325813605414239,0.07325813605414239,0.04244363226784306,0.11570176832198545,0.0,0.0,0.006315086349435993,0.03833568455891557,0.03833568455891557,0.0,0.0031040643944302165,0.0,0.0005462139411589685,0.0,0.00040022669541919727,0.003378765764340267,0.0010609715871728912,1.6297708475596426e-07,2.2398068279351037e-08,0.00014405277084129995,0.05328525143686744
0.0,0.0,0.03157438394079797,10850,0.03829916483318739,0.03829916487148655,0.005969769816309811,0.005969769816309811,0.08671238110400754,0.09268215092031735,0.0,0.006208607176304047,0.8908194170453221,0.0,0.015380903739043206,4.552599146320642e-05,0.0,6.42354710965496e-05,0.991985296568397,0.003534139892794974,0.71607191035249,0.004505429048153542,-0.004505429048153542,0.5396296128402814,0.5351241837921279,0.0676251421315496,0.010756426974232514,-0.010756426974232514,0.7298521310757538,0.7190957041015212,0.10610435376918,0.7106507840674168,5.731487677678789e-05,0.9924293410605953,0.04199958038486362,-0.04199958038486362,1.6346224769581395e-06,0.35007228760254183,0.3080727072176782,2.2443061048068298e-06,0.014418904648448104,0.05323674552969929,True,0.7103328162751663,0.07347467341160667,0.07347467341160667,0.04244363226784306,0.11591830567944973,0.0,0.0,0.0063148767881595945,0.03829916483318739,0.03829916483318739,0.0,0.0031043035881520237,0.0,0.000546311897558477,0.0,0.0003854128265792976,0.0033812571065774803,0.0010610435376918,1.6346224769581396e-07,2.2443061048068297e-08,0.00014418904648448103,0.05323674552969929
0.0,0.0,0.031533770761683386,10875,0.037892632353364736,0.03789263239125737,0.007134388983694465,0.007134388983694465,0.08671238110400754,0.09384677008770201,0.0,0.00621356803412762,0.8796390590631276,0.0,0.01639015698198511,4.703755476980888e-05,0.0,1.3293193003534523e-06,1.0011529611009715,0.003498624932058783,0.71607191035249,0.006266569259201327,-0.006266569259201327,0.5396296128402814,0.5333630435810801,0.06760798023237212,0.009483770188021046,-0.009483770188021046,0.7298521310757538,0.7203683608877327,0.10629097078233944,0.7171410522989328,2.229201495807999e-06,1.0014930510693905,0.03808779933490397,-0.03808779933490397,1.5828661321779376e-06,0.35007228760254183,0.31198448826763786,2.187093498129532e-06,0.01389350482270853,0.05246102102102234,True,0.7168975234221544,0.07448802719960235,0.07448802719960235,0.04244363226784306,0.11693165946744541,0.0,0.0,0.0063067541523366775,0.037892632353364736,0.037892632353364736,0.0,0.00310678401706381,0.0,0.0005644506572377065,0.0,7.975915802120713e-06,0.0033803990116186063,0.0010629097078233944,1.5828661321779376e-07,2.1870934981295322e-08,0.0001389350482270853,0.05246102102102234
0.0,0.0,0.03153435455694276,10900,0.03766531695646512,0.037665316994130435,0.007169416989074778,0.007169416989074778,0.08671238110400754,0.09388179809308232,0.0,0.00621244574325737,0.8831565161838335,0.0,0.016256645113286255,4.6674904559215116e-05,0.0,3.928880594400908e-09,1.0000626807832944,0.0034991729142546555,0.71607191035249,0.00033296984900377247,0.00033296984900377247,0.5396296128402814,0.5399625826892852,0.0679191407082328,0.00965338083104228,-0.00965338083104228,0.7298521310757538,0.7201987502447115,0.10625780772316899,0.7163276860627428,1.2757669619449455e-07,1.000357178801435,0.03696322423974119,-0.03696322423974119,1.604102263362079e-06,0.35007228760254183,0.31310906336280064,2.2045327850582645e-06,0.013986733641928713,0.05223711807209331,True,0.7161168043013528,0.07471546964847071,0.07471546964847071,0.04244363226784306,0.11715910191631378,0.0,0.0,0.006306870911388553,0.03766531695646512,0.03766531695646512,0.0,0.003106222871628685,0.0,0.0005600988547105814,0.0,2.357328356640545e-08,0.00339595703541164,0.00106257807723169,1.604102263362079e-07,2.2045327850582645e-08,0.00013986733641928713,0.05223711807209331
0.0,0.0,0.03152604486258906,10925,0.038099528034139185,0.038099528072238716,0.007699212992182972,0.007699212992182972,0.08671238110400754,0.09441159409619052,0.0,0.006214242348418523,0.8872521814294663,0.0,0.016367572374983114,4.6801959305871645e-05,0.0,9.732686544117729e-07,1.000986543792445,0.00349369441004845,0.71607191035249,0.014613432916517954,0.014613432916517954,0.5396296128402814,0.5542430457567994,0.06807378186067475,0.00947767965208457,-0.00947767965208457,0.7298521310757538,0.7203744514236692,0.10629070235224862,0.7170422203781904,1.8361104316832514e-06,1.0013550315242397,0.03358298307981389,-0.03358298307981389,1.6256550384637202e-06,0.35007228760254183,0.31648930452272794,2.2229078211839106e-06,0.014023917031338054,0.052686341385914846,True,0.7167783566604579,0.07594337844871898,0.07594337844871898,0.04244363226784306,0.11838701071656205,0.0,0.0,0.0063052089725178125,0.038099528034139185,0.038099528034139185,0.0,0.0031071211742092616,0.0,0.0005616235116704597,0.0,5.839611926470637e-06,0.003403689093033738,0.0010629070235224861,1.6256550384637202e-07,2.2229078211839107e-08,0.00014023917031338054,0.052686341385914846
0.0,0.0,0.0315297907211251,10950,0.037621143158228884,0.037621143195850026,0.007623742008857806,0.007623742008857806,0.08671238110400754,0.09433612311286535,0.0,0.0062148612617832335,0.8869921411028969,0.0,0.016358500272322246,4.684763653208048e-05,0.0,7.354511414170504e-07,1.0008575844806298,0.00349734795910069,0.71607191035249,0.00479039264396075,0.00479039264396075,0.5396296128402814,0.5444200054842422,0.06811421049145028,0.00956351392502841,-0.00956351392502841,0.7298521310757538,0.7202886171507253,0.10629782742386922,0.7169277501372018,1.4284383645618882e-06,1.0011951729433692,0.03424038111209521,-0.03424038111209521,1.6207944148186864e-06,0.35007228760254183,0.3158319064904466,2.2213578526175082e-06,0.014033555834065903,0.05221032492875086,True,0.7166860125183991,0.07570877277843427,0.07570877277843427,0.04244363226784306,0.11815240504627733,0.0,0.0,0.00630595814422502,0.037621143158228884,0.037621143158228884,0.0,0.0031074306308916167,0.0,0.0005621716383849657,0.0,4.412706848502303e-06,0.003405710524572514,0.001062978274238692,1.6207944148186864e-07,2.2213578526175084e-08,0.00014033555834065903,0.05221032492875086
0.0,0.0,0.03153314825046247,10975,0.03753500440522036,0.037535004442755364,0.007692698452934202,0.007692698452934202,0.08671238110400754,0.09440507955694175,0.0,0.0062154748470340205,0.8901936439920546,0.0,0.016286689695403936,4.6714745456739835e-05,0.0,1.4651075725547547e-08,1.0001210416280688,0.003501492075300025,0.71607191035249,0.003745053648768093,0.003745053648768093,0.5396296128402814,0.5433746664890495,0.06831797810367862,0.009663849457908325,-0.009663849457908325,0.7298521310757538,0.7201882816178454,0.10629465150822688,0.7164168011075616,2.319661602260861e-07,1.0004816286538674,0.033502462403284916,-0.033502462403284916,1.6344037474715014e-06,0.35007228760254183,0.3165698251992569,2.236293641597053e-06,0.014121343818894166,0.05213028099253141,True,0.7161585948635438,0.07586418643101475,0.07586418643101475,0.04244363226784306,0.11830781869885781,0.0,0.0,0.006306629650092494,0.03753500440522036,0.03753500440522036,0.0,0.0031077374235170103,0.0,0.000560576945480878,0.0,8.790645435328528e-08,0.0034158989051839314,0.0010629465150822689,1.6344037474715015e-07,2.236293641597053e-08,0.00014121343818894165,0.05213028099253141
0.0,0.0,0.0315384242224071,11000,0.03746207322533228,0.037462073262794354,0.007918284287451047,0.007918284287451047,0.08671238110400754,0.09463066539145859,0.0,0.006218232708708379,0.8949313444259368,0.0,0.016268312505075055,4.675445642009461e-05,0.0,7.50428703189678e-08,0.9997260604622933,0.003508827409924789,0.71607191035249,0.00222251286479902,-0.00222251286479902,0.5396296128402814,0.5374070999754824,0.06849754290127287,0.009756713090178115,-0.009756713090178115,0.7298521310757538,0.7200954179855756,0.10632433397405161,0.7161446216258343,1.0307913066780358e-08,1.000101527893048,0.03214809711274497,-0.03214809711274497,1.6497216507234125e-06,0.35007228760254183,0.31792419048979687,2.25742880054507e-06,0.014240433066877754,0.05207109052035696,True,0.7158757599416639,0.07629352710387187,0.07629352710387187,0.04244363226784306,0.11873715937171493,0.0,0.0,0.006307684844481421,0.03746207322533228,0.03746207322533228,0.0,0.0031091163543541895,0.0,0.0005610534770411353,0.0,4.502572219138068e-07,0.0034248771450636436,0.001063243339740516,1.6497216507234127e-07,2.25742880054507e-08,0.00014240433066877754,0.05207109052035696
0.0,0.0,0.031541098569278926,11025,0.03738635984333481,0.03738635988072117,0.008339775161199395,0.008339775161199395,0.08671238110400754,0.09505215626520694,0.0,0.006221584234196479,0.9013253692031334,0.0,0.01627959386726099,4.6812485762581376e-05,0.0,1.854187943419893e-07,0.9995693971733233,0.003514597951095177,0.71607191035249,0.00011226521608842521,-0.00011226521608842521,0.5396296128402814,0.539517347624193,0.06840020321659017,0.009751092922949067,-0.009751092922949067,0.7298521310757538,0.7201010381528047,0.10636373875191656,0.7160629407704528,1.5725300644169068e-10,0.9999874599439219,0.0295749035326775,-0.0295749035326775,1.6740824898957567e-06,0.35007228760254183,0.32049738406986433,2.286477810771295e-06,0.01438105966489648,0.05199588243423061,True,0.7157635777594824,0.07713220041122074,0.07713220041122074,0.04244363226784306,0.1195758326790638,0.0,0.0,0.006308219713855786,0.03738635984333481,0.03738635984333481,0.0,0.0031107921170982393,0.0,0.0005617498291509765,0.0,1.112512766051936e-06,0.003420010160829509,0.0010636373875191655,1.674082489895757e-07,2.286477810771295e-08,0.0001438105966489648,0.05199588243423061
0.0,0.0,0.03154694464898259,11050,0.03745188580873813,0.03745188584619001,0.009020228969096433,0.009020228969096433,0.08671238110400754,0.09573261007310398,0.0,0.006227806857937011,0.9110369170961847,0.0,0.01633161564070993,4.7025141974907225e-05,0.0,1.5827414716651954e-07,0.9996021631651462,0.0035255373341389886,0.71607191035249,0.004408349216429963,0.004408349216429963,0.5396296128402814,0.5440379620567114,0.06876633875769972,0.009617701100170573,-0.009617701100170573,0.7298521310757538,0.7202344299755832,0.10644240854434299,0.7160978109128244,1.3072829941761195e-09,1.000036156368653,0.025805530129049015,-0.025805530129049015,1.7073858660977336e-06,0.35007228760254183,0.3242667574734928,2.3302545999371396e-06,0.014598095129893466,0.052089345531845,True,0.7157870405661693,0.07844740361552978,0.07844740361552978,0.04244363226784306,0.12089103588337284,0.0,0.0,0.006309388929796518,0.03745188580873813,0.03745188580873813,0.0,0.0031139034289685056,0.0,0.0005643017036988867,0.0,9.496448829991172e-07,0.003438316937884986,0.00106442408544343,1.7073858660977337e-07,2.3302545999371397e-08,0.00014598095129893465,0.052089345531845
0.0,0.0,0.03154304779698962,11075,0.03736391559333015,0.03736391563069407,0.008564402204272695,0.008564402204272695,0.08671238110400754,0.09527678330828024,0.0,0.006223658059916274,0.904563433704695,0.0,0.016296905742094876,4.688376298235792e-05,0.0,1.7901870348095325e-07,0.9995768939808027,0.0035182398114266544,0.71607191035249,0.0003507082865081834,0.0003507082865081834,0.5396296128402814,0.5399803211267896,0.06843835905408727,0.009723114259985843,-0.009723114259985843,0.7298521310757538,0.7201290168157679,0.10638995334563621,0.7160745603359145,1.3592179851649988e-11,1.0000036867573627,0.028318338593298797,-0.028318338593298797,1.6851252000596543e-06,0.35007228760254183,0.32175394900924303,2.3010007667103723e-06,0.014453059834595617,0.05197857305772975,True,0.7157689460128107,0.0775265872025326,0.0775265872025326,0.04244363226784306,0.11997021947037566,0.0,0.0,0.0063086095593979236,0.03736391559333015,0.03736391559333015,0.0,0.003111829029958137,0.0,0.0005626051557882951,0.0,1.0741122208857196e-06,0.0034219179527043633,0.001063899533456362,1.6851252000596544e-07,2.3010007667103725e-08,0.00014453059834595617,0.05197857305772975
0.0,0.0,0.03154333072719892,11100,0.03736538852698937,0.03736538856435476,0.008605831113760606,0.008605831113760606,0.08671238110400754,0.09531821221776815,0.0,0.006224041196555242,0.9051022433684897,0.0,0.016302086597325002,4.6899045747367184e-05,0.0,1.6215540090724765e-07,0.9995973147619949,0.003518834700145729,0.71607191035249,0.00044104380285758804,0.00044104380285758804,0.5396296128402814,0.540070656643139,0.0684455228121631,0.009714603463301552,-0.009714603463301552,0.7298521310757538,0.7201375276124522,0.10639507303609821,0.7160899036362138,6.307027211072538e-10,1.0000251137954341,0.0280965643201026,-0.0280965643201026,1.6868914462299997e-06,0.35007228760254183,0.32197572328243923,2.3033996144108604e-06,0.014464598712480035,0.05198090133331532,True,0.7157835687608141,0.07760680393489093,0.07760680393489093,0.04244363226784306,0.12005043620273399,0.0,0.0,0.0063086661454397844,0.03736538852698937,0.03736538852698937,0.0,0.003112020598277621,0.0,0.0005627885489684062,0.0,9.729324054434859e-07,0.003422276140608155,0.0010639507303609821,1.68689144623e-07,2.3033996144108606e-08,0.00014464598712480035,0.05198090133331532
0.0,0.0,0.03154325668190475,11125,0.03736421114901864,0.037364211186382855,0.008594983511824555,0.008594983511824555,0.08671238110400754,0.0953073646158321,0.0,0.006223940836157552,0.9049612332979291,0.0,0.016300730314397625,4.689500914318837e-05,0.0,1.6649764516087045e-07,0.9995919587702684,0.003518678988571671,0.71607191035249,0.0004147368125495543,0.0004147368125495543,0.5396296128402814,0.540044349652831,0.06844230330561467,0.009716896253306073,-0.009716896253306073,0.7298521310757538,0.7201352348224477,0.10639373192147605,0.7160858882334256,3.80493954643067e-10,1.0000195062542443,0.028154612515358945,-0.028154612515358945,1.6864290366207722e-06,0.35007228760254183,0.3219176750871829,2.3027716179110005e-06,0.01446157793301667,0.051979431933513086,True,0.7157797334855331,0.07758398907650564,0.07758398907650564,0.04244363226784306,0.1200276213443487,0.0,0.0,0.006308651336380949,0.03736421114901864,0.03736421114901864,0.0,0.003111970418078776,0.0,0.0005627401097182605,0.0,9.989858709652227e-07,0.0034221151652807334,0.0010639373192147606,1.6864290366207722e-07,2.3027716179110005e-08,0.0001446157793301667,0.051979431933513086
0.0,0.0,0.03154313740056408,11150,0.03736275825273994,0.0373627582901027,0.008577516151817524,0.008577516151817524,0.08671238110400754,0.09528989725582507,0.0,0.0062237793870652145,0.9047340725791715,0.0,0.0162985464470208,4.688856184201819e-05,0.0,1.7359928810819287e-07,0.9995833475211784,0.00351842816413089,0.71607191035249,0.0003764491682363147,0.0003764491682363147,0.5396296128402814,0.5400060620085178,0.06843915783444968,0.009720488024482554,-0.009720488024482554,0.7298521310757538,0.7201316430512712,0.10639157455778632,0.7160794194935249,1.0967553333716035e-10,1.000010472608717,0.028248106125224937,-0.028248106125224937,1.685684390436801e-06,0.35007228760254183,0.3218241814773169,2.301760249074947e-06,0.01445671289113159,0.05197761211647142,True,0.7157735672118606,0.0775481763216657,0.0775481763216657,0.04244363226784306,0.11999180858950877,0.0,0.0,0.0063086274801128165,0.03736275825273994,0.03736275825273994,0.0,0.0031118896935326073,0.0,0.0005626627421042183,0.0,1.0415957286491572e-06,0.003421957891722484,0.0010639157455778632,1.6856843904368012e-07,2.301760249074947e-08,0.0001445671289113159,0.05197761211647142
0.0,0.0,0.031543148097748976,11175,0.03736262121847342,0.037362621255836045,0.008579082320360337,0.008579082320360337,0.08671238110400754,0.09529146342436788,0.0,0.006223793893020744,0.9047544482583412,0.0,0.01629874220478884,4.688913872641119e-05,0.0,1.7295668440280125e-07,0.9995841193868394,0.00351845075057067,0.71607191035249,0.0003788925919694375,0.0003788925919694375,0.5396296128402814,0.5400085054322509,0.06843932981089637,0.009720175100373152,-0.009720175100373152,0.7298521310757538,0.7201319559753806,0.10639176842713846,0.7160799995970255,1.2729994575808984e-10,1.0000112827277623,0.02823972798563107,-0.02823972798563107,1.6857511424660191e-06,0.35007228760254183,0.32183255961691076,2.3018509461699255e-06,0.014457149438248485,0.05197750245217934,True,0.7157741199231867,0.07755075165203196,0.07755075165203196,0.04244363226784306,0.11999438391987502,0.0,0.0,0.006308629619549796,0.03736262121847342,0.03736262121847342,0.0,0.003111896946510372,0.0,0.0005626696647169343,0.0,1.0377401064168074e-06,0.0034219664905448186,0.0010639176842713847,1.6857511424660192e-07,2.3018509461699255e-08,0.00014457149438248484,0.05197750245217934
0.0,0.0,0.031543153036212655,11200,0.03736260879964773,0.037362608837010335,0.008579805319005915,0.008579805319005915,0.08671238110400754,0.09529218642301346,0.0,0.006223800488734328,0.904763852948943,0.0,0.016298832350441526,4.688940357310837e-05,0.0,1.7266045909992356e-07,0.9995844756816985,0.003518461102312196,0.71607191035249,0.0003807651249806421,0.0003807651249806421,0.5396296128402814,0.5400103779652621,0.06843941484245386,0.00972002877909739,-0.00972002877909739,0.7298521310757538,0.7201321022966564,0.10639185652827716,0.7160802675204537,1.358829658361662e-10,1.0000116568849113,0.028235858279398673,-0.028235858279398673,1.685781968046262e-06,0.35007228760254183,0.32183642932314316,2.3018928121539517e-06,0.014457350813769382,0.051977502869557414,True,0.7157743750559307,0.07755205994623227,0.07755205994623227,0.04244363226784306,0.11999569221407533,0.0,0.0,0.006308630607242531,0.03736260879964773,0.03736260879964773,0.0,0.003111900244367164,0.0,0.0005626728428773005,0.0,1.0359627545995415e-06,0.003421970742122693,0.0010639185652827716,1.685781968046262e-07,2.301892812153952e-08,0.00014457350813769384,0.051977502869557414
0.0,0.0,0.031543148097748976,11225,0.03736262201388758,0.0373626220512502,0.008579082261540458,0.008579082261540458,0.08671238110400754,0.095291463365548,0.0,0.006223793871826158,0.904754444038884,0.0,0.016298742326414335,4.6889137262140704e-05,0.0,1.729571580026805e-07,0.9995841188174458,0.003518450649682299,0.71607191035249,0.00037971497897015816,0.00037971497897015816,0.5396296128402814,0.5400093278192516,0.06843932731820454,0.009720170171423903,-0.009720170171423903,0.7298521310757538,0.7201319609043298,0.1063917681089946,0.716079999599265,1.273000163315225e-10,1.0000112827308898,0.028239721252659278,-0.028239721252659278,1.6857511598310386e-06,0.35007228760254183,0.32183256634988255,2.3018509326342577e-06,0.014457149078434827,0.051977503090853985,True,0.71577411951546,0.07755075262186674,0.07755075262186674,0.04244363226784306,0.1199943848897098,0.0,0.0,0.006308629619549796,0.03736262201388758,0.03736262201388758,0.0,0.003111896935913079,0.0,0.0005626696471456884,0.0,1.037742948016083e-06,0.0034219663659102273,0.001063917681089946,1.6857511598310387e-07,2.3018509326342576e-08,0.00014457149078434827,0.051977503090853985
0.0,0.0,0.0315430980758144,11250,0.037366931649718944,0.03736693168708588,0.00859928174319484,0.00859928174319484,0.08671238110400754,0.09531166284720238,0.0,0.006223961497633384,0.9049283934999258,0.0,0.016303981693353866,4.6900320483403035e-05,0.0,1.4372775676037564e-07,0.999620885562448,0.003518559182603468,0.71607191035249,0.0003581283386367984,0.0003581283386367984,0.5396296128402814,0.5399877411789182,0.06843947206665088,0.009709563916619812,-0.009709563916619812,0.7298521310757538,0.7201425671591339,0.10639439066889829,0.7161068805659389,2.3836081590514437e-09,1.0000488222096904,0.02813865786790032,-0.02813865786790032,1.6862978572284634e-06,0.35007228760254183,0.3219336297346415,2.3026044804503153e-06,0.014459888855842137,0.0519819062804504,True,0.7158004471491588,0.07759705096247704,0.07759705096247704,0.04244363226784306,0.1200406832303201,0.0,0.0,0.00630861961516288,0.037366931649718944,0.037366931649718944,0.0,0.003111980748816692,0.0,0.0005628038458008364,0.0,8.623665405622539e-07,0.003421973603332544,0.001063943906688983,1.6862978572284636e-07,2.3026044804503153e-08,0.00014459888855842138,0.0519819062804504
0.0,0.0,0.0315431474915137,11275,0.03736259100001448,0.037362591037377074,0.008579327034001785,0.008579327034001785,0.08671238110400754,0.09529170813800933,0.0,0.006223795832697907,0.9047565563681682,0.0,0.016298805418792615,4.688927282778546e-05,0.0,1.7258621881352835e-07,0.9995845650245664,0.0035184520352220935,0.71607191035249,0.00037896340437593157,0.00037896340437593157,0.5396296128402814,0.5400085762446574,0.0684393233824395,0.009720048501528078,-0.009720048501528078,0.7298521310757538,0.7201320825742257,0.106391798948627,0.7160803254870615,1.3777678761005638e-10,1.0000117378357294,0.028238504443782175,-0.028238504443782175,1.6857577669808607e-06,0.35007228760254183,0.32183378315875966,2.30186007674007e-06,0.014457182627661108,0.051977472785174804,True,0.7157744390318497,0.07755111284449549,0.07755111284449549,0.04244363226784306,0.11999474511233856,0.0,0.0,0.00630862949830274,0.03736259100001448,0.03736259100001448,0.0,0.0031118979163489535,0.0,0.0005626712739334255,0.0,1.03551731288117e-06,0.003421966169121975,0.00106391798948627,1.685757766980861e-07,2.30186007674007e-08,0.0001445718262766111,0.051977472785174804
0.0,0.0,0.031543144619039724,11300,0.03736283872656594,0.03736283876392878,0.008580486706520243,0.008580486706520243,0.08671238110400754,0.09529286781052779,0.0,0.006223805526352385,0.9047665408303582,0.0,0.016299106694942653,4.6889912552042454e-05,0.0,1.7083746567397006e-07,0.9995866751088139,0.0035184581882627504,0.71607191035249,0.00037811718973768116,0.00037811718973768116,0.5396296128402814,0.5400077300300191,0.06843929286373876,0.00971943908585371,-0.00971943908585371,0.7298521310757538,0.7201326919899,0.10639195044575822,0.7160818689876958,1.9302507298745523e-10,1.0000138933463567,0.028232692929748116,-0.028232692929748116,1.6857891731797472e-06,0.35007228760254183,0.3218395946727937,2.301903326430229e-06,0.014457339530038955,0.05197772352986413,True,0.7157759500039289,0.07755377767431886,0.07755377767431886,0.04244363226784306,0.11999740994216192,0.0,0.0,0.006308628923807945,0.03736283872656594,0.03736283872656594,0.0,0.0031119027631761925,0.0,0.0005626789506245095,0.0,1.0250247940438203e-06,0.003421964643186938,0.0010639195044575822,1.6857891731797472e-07,2.301903326430229e-08,0.00014457339530038956,0.05197772352986413
0.0,0.0,0.03154314745865212,11325,0.037362588994020736,0.03736258903138333,0.00857934033695501,0.00857934033695501,0.08671238110400754,0.09529172144096255,0.0,0.006223796034136394,0.9047566706402326,0.0,0.016298809145297553,4.6889281133742436e-05,0.0,1.725662874968084e-07,0.9995845890137505,0.00351845213550871,0.71607191035249,0.00037859729147760035,0.00037859729147760035,0.5396296128402814,0.540008210131759,0.06843932304519261,0.009720040865834334,-0.009720040865834334,0.7298521310757538,0.7201320902099194,0.10639180192517157,0.7160803430346427,1.3835266728060447e-10,1.000011762341063,0.02823843677078358,-0.02823843677078358,1.6857581260698156e-06,0.35007228760254183,0.32183385083175825,2.3018605716724312e-06,0.01445718442673172,0.05197747088434623,True,0.7157744562098308,0.07755113392738225,0.07755113392738225,0.04244363226784306,0.11999476619522531,0.0,0.0,0.006308629491730423,0.037362588994020736,0.037362588994020736,0.0,0.003111898017068197,0.0,0.0005626713736049092,0.0,1.0353977249808505e-06,0.0034219661522596305,0.0010639180192517157,1.6857581260698158e-07,2.3018605716724312e-08,0.0001445718442673172,0.05197747088434623
0.0,0.0,0.031543307885794174,11350,0.03736950145245761,0.03736950148982711,0.00863344129579538,0.00863344129579538,0.08671238110400754,0.09534582239980292,0.0,0.00622426645349129,0.9053846019520647,0.0,0.016307486292661415,4.691097923896802e-05,0.0,1.3599530458484362e-07,0.9996312245878792,0.0035190398832555094,0.71607191035249,0.0003959947995968438,0.0003959947995968438,0.5396296128402814,0.5400256076398783,0.06845142079297527,0.00970187276485912,-0.00970187276485912,0.7298521310757538,0.7201502583108946,0.10639835715946758,0.7161150176911117,3.622326695306804e-09,1.0000601857682123,0.027951242131685428,-0.027951242131685428,1.6878756723203002e-06,0.35007228760254183,0.3221210454708564,2.3046554455587828e-06,0.014469721420046426,0.05198548763862281,True,0.7158078506349539,0.07766792655692618,0.07766792655692618,0.04244363226784306,0.12011155882476925,0.0,0.0,0.006308661577158835,0.03736950145245761,0.03736950145245761,0.0,0.003112133226745645,0.0,0.0005629317508676163,0.0,8.159718275090618e-07,0.0034225710396487636,0.0010639835715946758,1.6878756723203004e-07,2.304655445558783e-08,0.00014469721420046425,0.05198548763862281
0.0,0.0,0.031543164103625294,11375,0.037363281698746226,0.037363281736109505,0.008584949719041321,0.008584949719041321,0.08671238110400754,0.09529733082304886,0.0,0.006223844825085318,0.9048218168656224,0.0,0.016299709514957544,4.689150382265456e-05,0.0,1.685770299650873e-07,0.9995894186682701,0.0035185129961071314,0.71607191035249,0.0003791043552601181,0.0003791043552601181,0.5396296128402814,0.5400087171955416,0.06843970749526622,0.009718217611896396,-0.009718217611896396,0.7298521310757538,0.7201339134638574,0.1063924817759984,0.7160839406118922,2.817827429054791e-10,1.0000167863856415,0.028208636841020207,-0.028208636841020207,1.6859777308520575e-06,0.35007228760254183,0.3218636507615216,2.302150391957646e-06,0.014458484083146374,0.05197823309269735,True,0.7157779145898173,0.07756325214099838,0.07756325214099838,0.04244363226784306,0.12000688440884144,0.0,0.0,0.006308632820725059,0.037363281698746226,0.037363281698746226,0.0,0.003111922412542659,0.0,0.0005626980458718546,0.0,1.0114621797905239e-06,0.0034219853747633113,0.001063924817759984,1.6859777308520575e-07,2.3021503919576462e-08,0.00014458484083146374,0.05197823309269735
0.0,0.0,0.03154314765093514,11400,0.03736259693906723,0.03736259697642983,0.008579405132267126,0.008579405132267126,0.08671238110400754,0.09529178623627467,0.0,0.006223796598008059,0.904757423259175,0.0,0.016298819544882694,4.6889306791181575e-05,0.0,1.725199409391435e-07,0.9995846448014781,0.0035184528397066103,0.71607191035249,0.00037859090106295845,0.00037859090106295845,0.5396296128402814,0.5400082037413444,0.06843932636620255,0.00972001994915428,-0.00972001994915428,0.7298521310757538,0.7201321111265995,0.10639180978237026,0.7160803845938168,1.3972135432427086e-10,1.0000118203787725,0.028238092605455234,-0.028238092605455234,1.68576066259279e-06,0.35007228760254183,0.3218341949970866,2.3018639196443503e-06,0.014457199443550147,0.0519774795746729,True,0.715774496157856,0.07755127386971444,0.07755127386971444,0.04244363226784306,0.1199949061375575,0.0,0.0,0.0063086295301870285,0.03736259693906723,0.03736259693906723,0.0,0.0031118982990040295,0.0,0.0005626716814941788,0.0,1.035119645634861e-06,0.0034219663183101276,0.0010639180978237025,1.68576066259279e-07,2.3018639196443504e-08,0.00014457199443550147,0.0519774795746729
0.0,0.0,0.031543147460882964,11425,0.03736258960662271,0.037362589643985304,0.008579341052595543,0.008579341052595543,0.08671238110400754,0.09529172215660309,0.0,0.006223795949333375,0.9047566793718651,0.0,0.016298808981441936,4.688928044814277e-05,0.0,1.725656180745337e-07,0.9995845898194862,0.003518452114603994,0.71607191035249,0.00037894816216721416,0.00037894816216721416,0.5396296128402814,0.5400085610024487,0.0684393230776955,0.009720041355812281,-0.009720041355812281,0.7298521310757538,0.7201320897199415,0.10639180076221293,0.7160803436283463,1.383721725512482e-10,1.0000117631701744,0.028238434058465767,-0.028238434058465767,1.6857581554976837e-06,0.35007228760254183,0.32183385354407607,2.301860610514452e-06,0.014457184600951675,0.051977471434490226,True,0.7157744567867955,0.07755113453641285,0.07755113453641285,0.04244363226784306,0.11999476680425591,0.0,0.0,0.006308629492176593,0.03736258960662271,0.03736258960662271,0.0,0.0031118979746666874,0.0,0.0005626713653777132,0.0,1.0353937084472022e-06,0.003421966153884775,0.0010639180076221293,1.6857581554976838e-07,2.301860610514452e-08,0.00014457184600951675,0.051977471434490226
0.0,0.0,0.031543147458823924,11450,0.03736259093718695,0.03736259097454953,0.008579340335988894,0.008579340335988894,0.08671238110400754,0.09529172143999644,0.0,0.006223796013445535,0.9047566670930896,0.0,0.01629880927621281,4.688927969258477e-05,0.0,1.7256671912956907e-07,0.9995845884942258,0.003518452035249578,0.71607191035249,0.0003794197324927806,0.0003794197324927806,0.5396296128402814,0.5400090325727742,0.06843932055402499,0.009720035917067493,-0.009720035917067493,0.7298521310757538,0.7201320951586863,0.1063918016140469,0.7160803430740068,1.3835396048830928e-10,1.0000117623960352,0.028238429730687742,-0.028238429730687742,1.6857581457008665e-06,0.35007228760254183,0.3218338578718541,2.301860561127899e-06,0.014457184080332986,0.05197747267136553,True,0.7157744558378137,0.07755113777269325,0.07755113777269325,0.04244363226784306,0.11999477004053631,0.0,0.0,0.006308629491764785,0.03736259093718695,0.03736259093718695,0.0,0.0031118980067227674,0.0,0.0005626713563110172,0.0,1.0354003147774144e-06,0.0034219660277012495,0.001063918016140469,1.6857581457008666e-07,2.301860561127899e-08,0.00014457184080332987,0.05197747267136553
0.0,0.0,0.03154314745865298,11475,0.03736258899406879,0.03736258903143138,0.008579340337213678,0.008579340337213678,0.08671238110400754,0.09529172144122122,0.0,0.006223796034138868,0.9047566706435342,0.0,0.016298809145343134,4.6889281133854834e-05,0.0,1.725662872936042e-07,0.999584589013995,0.00351845213551179,0.71607191035249,0.000378597300217276,0.000378597300217276,0.5396296128402814,0.5400082101404987,0.06843932304520567,0.009720040865907498,-0.009720040865907498,0.7298521310757538,0.7201320902098463,0.10639180192520607,0.716080343034825,1.3835267326676847e-10,1.0000117623413174,0.028238436769249642,-0.028238436769249642,1.6857581260809437e-06,0.35007228760254183,0.3218338508332922,2.301860571687111e-06,0.014457184426797599,0.051977470884397484,True,0.7157744562100059,0.07755113392797611,0.07755113392797611,0.04244363226784306,0.11999476619581917,0.0,0.0,0.006308629491730596,0.03736258899406879,0.03736258899406879,0.0,0.003111898017069434,0.0,0.000562671373606258,0.0,1.035397723761625e-06,0.0034219661522602836,0.0010639180192520607,1.6857581260809437e-07,2.3018605716871114e-08,0.000144571844267976,0.051977470884397484
0.0,0.0,0.03154314745865212,11500,0.03736258951439973,0.03736258955176232,0.008579340300882074,0.008579340300882074,0.08671238110400754,0.09529172140488962,0.0,0.006223795942791542,0.9047566706402519,0.0,0.016298808860789663,4.688928015047907e-05,0.0,1.7256615580491716e-07,0.9995845891722585,0.0035184521064341398,0.71607191035249,0.00037894823283768364,0.00037894823283768364,0.5396296128402814,0.5400085610731191,0.06843932303931104,0.009720041598517248,-0.009720041598517248,0.7298521310757538,0.7201320894772365,0.10639180067105655,0.7160803431461916,1.3835633194981798e-10,1.0000117624968416,0.0282384380511424,-0.0282384380511424,1.68575812606988e-06,0.35007228760254183,0.32183384955139943,2.301860571672513e-06,0.014457184426732106,0.05197747133362826,True,0.7157744563233339,0.07755113291281225,0.07755113291281225,0.04244363226784306,0.11999476518065531,0.0,0.0,0.006308629491730423,0.03736258951439973,0.03736258951439973,0.0,0.003111897971395771,0.0,0.0005626713618057488,0.0,1.035396934829503e-06,0.003421966151965552,0.0010639180067105655,1.68575812606988e-07,2.301860571672513e-08,0.00014457184426732106,0.05197747133362826
0.0,0.0,0.03154314745865212,11525,0.03736259092997913,0.03736259096734172,0.00857934027811752,0.00857934027811752,0.08671238110400754,0.09529172138212506,0.0,0.006223796012941844,0.904756666420796,0.0,0.01629880926692315,4.688927966966605e-05,0.0,1.725667605325502e-07,0.9995845884443921,0.0035184520346205382,0.71607191035249,0.0003794197168865976,0.0003794197168865976,0.5396296128402814,0.540009032557168,0.06843932055106988,0.009720035935538385,-0.009720035935538385,0.7298521310757538,0.7201320951402154,0.1063918016070283,0.7160803430368833,1.3835274088535785e-10,1.0000117623441918,0.028238430037878404,-0.028238430037878404,1.6857581434350604e-06,0.35007228760254183,0.32183385756466343,2.3018605581372526e-06,0.014457184066918892,0.051977472663492556,True,0.7157744558021293,0.07755113764763753,0.07755113764763753,0.04244363226784306,0.1199947699154806,0.0,0.0,0.006308629491730423,0.03736259092997913,0.03736259092997913,0.0,0.003111898006470922,0.0,0.0005626713560359926,0.0,1.0354005631953011e-06,0.0034219660275534945,0.001063918016070283,1.6857581434350606e-07,2.3018605581372527e-08,0.00014457184066918893,0.051977472663492556
