detour_error,direction_error,endpoint_error,eval,feature_loss,feature_rmse,flow_boundness_abs_error,flow_boundness_error,flow_boundness_target,flow_boundness_value,joint_limit_error,joint_preservation_error,log_speed_range,max_dev_error,nearest_path_max_dist,nearest_path_mse,out_of_range_error,path_length_error,path_length_ratio,pointwise_cart_mse,ref_path_length,shape_arcness_abs_error,shape_arcness_error,shape_arcness_target,shape_arcness_value,smoothness_error,space_indirectness_abs_error,space_indirectness_error,space_indirectness_target,space_indirectness_value,spatial_coeff_error,spatial_path_length,spatial_path_length_error,spatial_path_length_ratio,time_abs_error,time_error,time_roughness,time_target,time_value,time_warp_deviation,timing_coeff_error,total_loss,valid_candidate,var_path_length,weight_abs_error,weight_error,weight_target,weight_value,weighted_detour,weighted_direction,weighted_endpoint,weighted_feature_loss,weighted_feature_rmse,weighted_joint_limits,weighted_joint_preservation,weighted_max_deviation,weighted_nearest_path,weighted_out_of_range,weighted_path_length,weighted_smoothness,weighted_spatial_coefficients,weighted_time_roughness,weighted_time_warp,weighted_timing_coefficients,weighted_total_loss
0.01048030100088169,0.0,0.015562393247007044,25,1.0850936226583907,1.0850936237434845,0.7830050276596983,0.7830050276596983,0.17822958953434226,0.9612346171940406,0.0,0.008460699871605155,3.4855326233263533,0.00018475310164421535,0.09359239131441614,0.0019455384946477018,0.48566785396239515,0.2523789740094492,1.5023733412607094,0.014947646813810594,0.71607191035249,0.39796777975765285,-0.39796777975765285,0.5064579929774485,0.10849021321979567,0.6308487306857347,0.5775672304528652,0.5775672304528652,0.314239856047101,0.8918070864999662,0.19721059456257112,1.0778194204677423,0.2552100598638891,1.5051831943601144,2.056524535543042,2.056524535543042,6.116573168254988e-05,0.47181556904896566,2.5283401045920075,5.310592078170161e-05,0.22613529352753772,2.8302859863876177,True,1.075807363562943,0.7434975207724055,0.7434975207724055,0.560666570644822,1.3041640914172274,0.04192120400352676,0.0,0.003112478649401409,1.0850936226583907,1.0850936226583907,0.0,0.004230349935802577,0.0011085186098652921,0.023346461935772424,0.12141696349059879,1.5142738440566952,0.03154243653428673,0.001972105945625711,6.116573168254988e-06,5.310592078170161e-07,0.0022613529352753774,2.8302859863876177
0.0,0.0,0.02199536000084871,50,0.16599519688525918,0.16599519705125437,0.017996622138709895,0.017996622138709895,0.17822958953434226,0.19622621167305215,0.0,0.014389143954748862,3.708057719302485,0.0,0.039204895264492036,0.00025766036151660056,0.0,0.15472045274780025,0.6066547918840243,0.0031515840848975497,0.71607191035249,0.053722270308049436,0.053722270308049436,0.5064579929774485,0.560180263285498,0.14928442515103738,0.17629429662268006,-0.17629429662268006,0.314239856047101,0.1379455594244209,0.26312865764788074,0.4347360639960208,0.15436075198197333,0.6071122908743857,0.19371611401255878,0.19371611401255878,3.229293809754085e-05,0.47181556904896566,0.6655316830615244,2.5869800460095006e-05,0.5185569111424521,1.1242880466250735,True,0.4344084618154334,0.2568198875382454,-0.2568198875382454,0.560666570644822,0.30384668310657653,0.0,0.0,0.004399072000169742,0.16599519688525918,0.16599519688525918,0.0,0.007194571977374431,0.0,0.0030919243381992067,0.0,0.9283227164868015,0.007464221257551869,0.0026312865764788074,3.2292938097540855e-06,2.5869800460095004e-07,0.005185569111424521,1.1242880466250735
0.0,0.0,0.0223814043769918,75,0.3989830285347707,0.3989830289337537,0.2875307219076686,0.2875307219076686,0.17822958953434226,0.46576031144201085,0.0,0.014410298889702388,3.0224369226735277,0.0,0.04896785598205621,0.0005254037457997579,0.0013189832800558723,0.051775184651571986,1.2275416108134334,0.010821551917038258,0.71607191035249,0.34503345166845334,-0.34503345166845334,0.5064579929774485,0.16142454130899517,0.2142583806614833,0.44748257034934474,0.44748257034934474,0.314239856047101,0.7617224263964457,0.24805557848194196,0.8799222183553346,0.05235777511709814,1.2288182141288104,0.6093935215768957,0.6093935215768957,2.011623140381417e-05,0.47181556904896566,1.0812090906258613,2.0067395326226113e-05,0.1953402314643277,0.7430992469636937,True,0.8790080785677641,0.15038009565239707,0.15038009565239707,0.560666570644822,0.711046666297219,0.0,0.0,0.00447628087539836,0.3989830285347707,0.3989830285347707,0.0,0.007205149444851194,0.0,0.006304844949597095,0.00032974582001396807,0.3106511079094319,0.010712919033074166,0.0024805557848194197,2.011623140381417e-06,2.0067395326226115e-07,0.001953402314643277,0.7430992469636937
0.0,0.0,0.026954041637994103,100,1.7110502687171683,1.7110502704282184,1.0198409249062834,1.0198409249062834,0.17822958953434226,1.1980705144406256,0.0,0.014436529018939246,4.344101292140316,0.0,0.07781593674990127,0.00022176565160299272,1.8786812032115947,0.02922720766571228,0.8290403332194629,0.006516853526846405,0.71607191035249,0.04387076173796889,0.04387076173796889,0.5064579929774485,0.5503287547154174,1.0211291146169958,0.18956411042825377,0.18956411042825377,0.314239856047101,0.5038039664753547,0.36125417676256216,0.595620126923391,0.02829523163599936,0.8317881346753465,3.51468342992788,3.51468342992788,0.00026990402412660795,0.47181556904896566,3.986498998976846,9.804573069605871e-05,0.3816110736650468,2.4298671552654914,True,0.593652503458129,1.0988770719426082,1.0988770719426082,0.560666570644822,1.6595436425874301,0.0,0.0,0.005390808327598821,1.7110502687171683,1.7110502687171683,0.0,0.007218264509469623,0.0,0.0026611878192359124,0.4696703008028987,0.17536324599427366,0.0510564557308498,0.003612541767625622,2.6990402412660795e-05,9.804573069605871e-07,0.0038161107366504682,2.4298671552654914
0.0,0.0,0.021182388050117153,125,0.6333003126217562,0.6333003132550566,0.3559262693510756,0.3559262693510756,0.17822958953434226,0.5341558588854178,0.0,0.014713149188518893,2.7288578144708735,0.0,0.05823961695649393,0.0005837528679884255,0.0888072169570591,0.08668365466436584,1.2944208801433177,0.012295895456349392,0.71607191035249,0.3529057539704017,-0.3529057539704017,0.5064579929774485,0.15355223900704681,0.2985009816803689,0.15750335761413609,0.15750335761413609,0.314239856047101,0.47174321366123706,0.2689953275800052,0.9278317106461137,0.08745279792691107,1.2957241923260778,1.1789818507653236,1.1789818507653236,8.429525841422273e-06,0.47181556904896566,1.6507974198142892,2.4803831330223048e-05,0.1530296389715711,1.2133485212077915,True,0.9268984453885858,0.5825074603397089,0.5825074603397089,0.560666570644822,1.1431740309845309,0.0,0.0,0.004236477610023431,0.6333003126217562,0.6333003126217562,0.0,0.007356574594259447,0.0,0.007005034415861106,0.022201804239264777,0.520101927986195,0.014925049084018448,0.002689953275800052,8.429525841422274e-07,2.4803831330223047e-07,0.001530296389715711,1.2133485212077915
0.0,0.0,0.0105286923990141,150,1.430772014986597,1.430772016417369,0.8214538372046098,0.8214538372046098,0.17822958953434226,0.999683426738952,0.0,0.014690878919769126,3.817643049070863,0.0,0.05032598281068023,0.00011501782777329875,1.1437637963016638,0.021977971086057407,1.1482496916895863,0.007069091172458013,0.71607191035249,0.2981662431696973,-0.2981662431696973,0.5064579929774485,0.2082917498077512,0.8264042343811003,0.6006794514743019,0.6006794514743019,0.314239856047101,0.9149193075214029,0.3277056999165461,0.8249701875235849,0.023127497919669348,1.1520772761449565,2.8632102064488802,2.8632102064488802,0.00018077880474883968,0.47181556904896566,3.335025775497846,5.3218229673709844e-05,0.3940909276529837,1.9079689705088463,True,0.8222293617723166,0.9555442479835776,0.9555442479835776,0.560666570644822,1.5162108186283996,0.0,0.0,0.00210573847980282,1.430772014986597,1.430772014986597,0.0,0.007345439459884563,0.0,0.001380213933279585,0.28594094907541595,0.13186782651634443,0.04132021171905502,0.003277056999165461,1.8077880474883967e-05,5.321822967370985e-07,0.0039409092765298375,1.9079689705088463
0.0,0.0,0.04487855469459403,175,0.2842235052123213,0.2842235054965448,0.021907675839840157,0.021907675839840157,0.17822958953434226,0.20013726537418242,0.0,0.011310991694725731,1.368795119391682,0.0,0.05349332513915039,0.00032478769130821146,0.0,0.014213740852623197,1.119221394273944,0.00520203869408585,0.71607191035249,0.355712758369254,-0.355712758369254,0.5064579929774485,0.15074523460819456,0.09624455772217906,0.380132894973692,0.380132894973692,0.314239856047101,0.694372751020793,0.300583617583742,0.8020071994084553,0.014402228447961598,1.1200092848406389,0.3237057350960623,0.3237057350960623,1.9934389405995008e-06,0.47181556904896566,0.795521304145028,9.462601540852813e-06,0.10912800791432477,0.39694424752103985,True,0.8014430130973345,0.16618384964006977,-0.16618384964006977,0.560666570644822,0.3944827210047522,0.0,0.0,0.008975710938918807,0.2842235052123213,0.2842235052123213,0.0,0.005655495847362866,0.0,0.0038974522956985377,0.0,0.08528244511573918,0.004812227886108953,0.00300583617583742,1.9934389405995008e-07,9.462601540852814e-08,0.0010912800791432478,0.39694424752103985
0.0,0.0,0.020399778531618448,200,1.5386957352390187,1.5386957367777145,0.7309627627384814,0.7309627627384814,0.17822958953434226,0.9091923522728236,0.0,0.013536085826846145,3.5781598438073745,0.0,0.061220183320130066,0.00029536254422954394,1.3747011807404044,0.04893597174184017,1.2212147638423805,0.005500162225294363,0.71607191035249,0.38655159767748903,-0.38655159767748903,0.5064579929774485,0.11990639529995947,0.45361982901570297,0.45536719295950995,0.45536719295950995,0.314239856047101,0.7696070490066109,0.23439691678239102,0.8763657581136057,0.0501095342429027,1.2238515897707736,2.583136867208412,2.583136867208412,3.8877726052331694e-05,0.47181556904896566,3.0549524362573774,4.723993207174839e-05,0.3764128769142556,2.219172659585339,True,0.874477601107426,2.0674232267625237,2.0674232267625237,0.560666570644822,2.6280897974073456,0.0,0.0,0.004079955706323689,1.5386957352390187,1.5386957352390187,0.0,0.006768042913423073,0.0,0.003544350530754527,0.3436752951851011,0.293615830451041,0.02268099145078515,0.00234396916782391,3.8877726052331694e-06,4.723993207174839e-07,0.0037641287691425563,2.219172659585339
0.0,0.0,0.029283844327800308,225,0.14439490050502793,0.1443949006494228,0.03346674168090705,-0.03346674168090705,0.17822958953434226,0.1447628478534352,0.0,0.008107445133946782,1.5545359767568374,0.0,0.05425364496785672,0.000569366593936139,0.0,1.0213047861179765e-05,0.9968042140464074,0.004203166325371059,0.71607191035249,0.2710732757327488,-0.2710732757327488,0.5064579929774485,0.23538471724469973,0.10449615744197904,0.13381138071483703,-0.13381138071483703,0.314239856047101,0.18042847533226394,0.2604560498184618,0.7141653771731589,7.088918827884057e-06,0.9973374976379571,0.10769442915392374,-0.10769442915392374,4.495441583845989e-06,0.47181556904896566,0.3641211398950419,6.505956022019805e-06,0.10831960315903501,0.1701121483575546,True,0.7137835077676654,0.012046467239960612,0.012046467239960612,0.560666570644822,0.5727130378847826,0.0,0.0,0.005856768865560062,0.14439490050502793,0.14439490050502793,0.0,0.004053722566973391,0.0,0.0068323991272336675,0.0,6.127828716707859e-05,0.005224807872098953,0.0026045604981846182,4.4954415838459895e-07,6.505956022019805e-08,0.0010831960315903502,0.1701121483575546
0.0,0.0,0.017206277560430264,250,0.24190913398833597,0.2419091342302451,0.0303093864204374,-0.0303093864204374,0.17822958953434226,0.14792020311390486,0.0,0.009096835045289256,1.59994971483383,0.0,0.042291303594914835,0.0002733426340644286,0.0,0.07076520686891644,0.7339826944183585,0.004641605970831568,0.71607191035249,0.20878700453236176,-0.20878700453236176,0.5064579929774485,0.29767098844508677,0.1218921428485398,0.3045427112995358,-0.3045427112995358,0.314239856047101,0.009697144747565155,0.16638856517762035,0.5257816351594653,0.07061873703562997,0.7342581383454425,0.004867852155785335,0.004867852155785335,5.561579928891161e-06,0.47181556904896566,0.476683421204751,8.16016989648737e-06,0.09895670144644582,0.686518857413698,True,0.5255843974976488,0.3941059692050742,-0.3941059692050742,0.560666570644822,0.16656060143974777,0.0,0.0,0.003441255512086053,0.24190913398833597,0.24190913398833597,0.0,0.004548417522644628,0.0,0.0032801116087731435,0.0,0.4245912412134986,0.0060946071424269905,0.0016638856517762035,5.561579928891161e-07,8.16016989648737e-08,0.0009895670144644583,0.686518857413698
0.0,0.0,0.023720552882925773,275,0.30323855369122743,0.303238553994466,0.011949563146438802,0.011949563146438802,0.17822958953434226,0.19017915268078106,0.0,0.0174093687427737,1.9818450950863817,0.0,0.046892016661351635,0.00038952605629252924,0.007939342844470993,0.02721820224165354,0.8350206005537251,0.006593984505968459,0.71607191035249,0.21964717855520755,-0.21964717855520755,0.5064579929774485,0.286810814422241,0.1424838173587678,0.5134801989055566,-0.5134801989055566,0.314239856047101,-0.19924034285845568,0.3154616146738139,0.5983065920254232,0.027047156048055545,0.8355398040617258,0.094954552729063,0.094954552729063,4.877349359091288e-06,0.47181556904896566,0.5667701217780287,1.0522935613621687e-05,0.10088983041019603,0.49794400875881917,True,0.5979348049723954,0.3724273704825587,-0.3724273704825587,0.560666570644822,0.18823920016226323,0.0,0.0,0.004744110576585155,0.30323855369122743,0.30323855369122743,0.0,0.00870468437138685,0.0,0.004674312675510351,0.0019848357111177484,0.16330921344992125,0.00712419086793839,0.003154616146738139,4.877349359091288e-07,1.0522935613621686e-07,0.0010088983041019602,0.49794400875881917
0.0,0.0,0.06745485960148333,300,0.4963408608625762,0.49634086135891703,0.23117443647371144,0.23117443647371144,0.17822958953434226,0.4094040260080537,0.0,0.017933952124037148,2.6897012543644063,4.072000419775521e-05,0.08638122278233218,0.0016974579268744627,0.026699344396728282,0.005618588847414378,1.0749572467971868,0.013535337306079118,0.71607191035249,0.4324013251774698,-0.4324013251774698,0.5064579929774485,0.07405666779997873,0.2602123759567444,0.5319505828999154,-0.5319505828999154,0.314239856047101,-0.21771072685281442,0.4411663520070269,0.7702264781435293,0.005719482558998513,1.0756272606868615,0.8216103353917648,0.8216103353917648,2.7376150605178038e-05,0.47181556904896566,1.2934259044407304,2.294883296971092e-05,0.1326305880524385,0.598550548478062,True,0.7697467000108872,0.18260274178735836,0.18260274178735836,0.560666570644822,0.7432693124321803,0.0,0.0,0.013490971920296666,0.4963408608625762,0.4963408608625762,0.0,0.008966976062018574,0.00024432002518653126,0.02036949512249355,0.0066748360991820705,0.03371153308448627,0.013010618797837221,0.0044116635200702695,2.7376150605178038e-06,2.2948832969710923e-07,0.001326305880524385,0.598550548478062
0.0,0.0,0.03871813989885129,325,0.642383739730196,0.6423837403725798,0.3839412108823281,0.3839412108823281,0.17822958953434226,0.5621708004166703,0.0,0.0018597796688239617,3.1596614042806346,0.0,0.01194778046318845,4.402943046024777e-05,0.11621637351707485,0.02940878061111645,0.8285101151346924,0.004640978518511949,0.71607191035249,0.2295132252272981,0.2295132252272981,0.5064579929774485,0.7359712182047466,0.4521529155833009,0.4316586729431687,0.4316586729431687,0.314239856047101,0.7458985289902696,0.12334359568322106,0.5938501578181714,0.02913290528151142,0.8293163590688568,1.2904716914935246,1.2904716914935246,8.077528679535759e-05,0.47181556904896566,1.7622872605424902,4.347068736027612e-05,0.29036018952410914,0.8838455836226602,True,0.5932728291759618,0.10747455063450817,0.10747455063450817,0.560666570644822,0.6681411212793301,0.0,0.0,0.007743627979770258,0.642383739730196,0.642383739730196,0.0,0.0009298898344119808,0.0,0.0005283531655229732,0.029054093379268713,0.1764526836666987,0.022607645779165048,0.0012334359568322106,8.07752867953576e-06,4.3470687360276124e-07,0.0029036018952410913,0.8838455836226602
0.0,0.0,0.03378981488497674,350,0.2669500726987052,0.2669500729656552,0.04796204258933415,-0.04796204258933415,0.17822958953434226,0.1302675469450081,0.0,0.01893763339760663,1.1517479406372473,0.0,0.05980622415974116,0.0007899847042576365,0.0031133634545561233,0.011468895780372192,1.1070929305807446,0.010976592235923115,0.71607191035249,0.3788716796453855,-0.3788716796453855,0.5064579929774485,0.12758631333206308,0.08081048913569601,0.43900690807920045,-0.43900690807920045,0.314239856047101,-0.12476705203209947,0.3129513219532725,0.7930660696203488,0.011561179965502424,1.1075229276270993,0.016794750291086902,0.016794750291086902,2.7931750994037385e-06,0.47181556904896566,0.48861031934005256,3.939086478734877e-06,0.04987846023076607,0.3699175253584676,True,0.7927581608096197,0.13213050797066905,-0.13213050797066905,0.560666570644822,0.4285360626741529,0.0,0.0,0.0067579629769953485,0.2669500726987052,0.2669500726987052,0.0,0.009468816698803315,0.0,0.009479816451091638,0.0007783408636390308,0.06881337468223316,0.0040405244567848,0.0031295132195327253,2.7931750994037387e-07,3.939086478734877e-08,0.0004987846023076607,0.3699175253584676
0.0,0.0,0.012362467055613686,375,0.9759277281835685,0.9759277291594962,0.5735915485765355,0.5735915485765355,0.17822958953434226,0.7518211381108777,0.0007176389940192141,0.02117742198106164,4.147303105792197,0.00011550144924767953,0.09074716005499497,0.00046891350824552705,0.38195910998123284,0.03646636928685385,1.19096169586295,0.009558465543149154,0.71607191035249,0.35612734277011293,-0.35612734277011293,0.5064579929774485,0.15033065020733558,0.5038731482087749,0.3589003882285117,0.3589003882285117,0.314239856047101,0.6731402442756127,0.371717409543444,0.8538318127177424,0.037011126328743274,1.1923827599571835,1.820199579302746,1.820199579302746,7.166095421989805e-05,0.47181556904896566,2.2920151483517115,3.251829484941513e-05,0.3849113005040865,1.3459525273554664,True,0.8528142286228408,0.9297336805132184,0.9297336805132184,0.560666570644822,1.4904002511580403,0.0,0.0,0.0024724934111227375,0.9759277281835685,0.9759277281835685,0.0035881949700960706,0.01058871099053082,0.0006930086954860772,0.005626962098946324,0.09548977749530821,0.21879821572112312,0.025193657410438747,0.00371717409543444,7.166095421989805e-06,3.251829484941513e-07,0.0038491130050408652,1.3459525273554664
0.0,0.0,0.04166444473172247,400,0.383349782372097,0.3833497827554468,0.0655569661622166,0.0655569661622166,0.17822958953434226,0.24378655569655885,0.0,0.01070076154932314,2.6290596332039464,0.0,0.058598467868764895,0.000652968250751166,0.026004420550722402,0.07204824252995681,0.731581963106134,0.005604667851140848,0.71607191035249,0.2464917944439356,-0.2464917944439356,0.5064579929774485,0.25996619853351294,0.1840056572423652,0.674825633295195,-0.674825633295195,0.314239856047101,-0.36058577724809393,0.2903407368197014,0.5241514146018009,0.07183390418957732,0.7319815226713328,0.1538034688189857,0.1538034688189857,4.4519497333501955e-05,0.47181556904896566,0.6256190378679514,1.8106143697561817e-05,0.2130814610471203,0.8578983692714952,True,0.5238653012166539,0.436674039507322,-0.436674039507322,0.560666570644822,0.12399253113749996,0.0,0.0,0.008332888946344494,0.383349782372097,0.383349782372097,0.0,0.00535038077466157,0.0,0.007835619009013993,0.0065011051376806005,0.4322894551797409,0.009200282862118261,0.0029034073681970143,4.451949733350196e-06,1.810614369756182e-07,0.002130814610471203,0.8578983692714952
7.672874718808244e-05,0.0,0.008755693738687537,425,1.3217087804142453,1.321708781735954,0.9899899429972354,0.9899899429972354,0.17822958953434226,1.1682195325315776,0.0,0.01798012682407178,4.229766361731733,0.0,0.06477106913926955,0.0011089811531466123,0.8605914446600618,0.16708432449754154,1.4087594946879418,0.01456340945066357,0.71607191035249,0.46633018594277525,-0.46633018594277525,0.5064579929774485,0.04012780703467327,1.0052350203846625,0.42920828817123086,0.42920828817123086,0.314239856047101,0.7434481442183318,0.37035857989130416,1.011030907207259,0.16967192141892862,1.4119125167058275,2.512607749764622,2.512607749764622,0.00017061052577189314,0.47181556904896566,2.9844233188135876,7.227121138502033e-05,0.3322492587178804,2.6210240927208113,True,1.008773116675998,1.019612245032636,1.019612245032636,0.560666570644822,1.5802788156774579,0.0003069149887523298,0.0,0.0017511387477375075,1.3217087804142453,1.3217087804142453,0.0,0.00899006341203589,0.0,0.013307773837759348,0.21514786116501544,1.0025059469852493,0.05026175101923313,0.0037035857989130417,1.7061052577189315e-05,7.227121138502033e-07,0.003322492587178804,2.6210240927208113
0.0,0.0,0.007113939601057958,450,0.7842466377153335,0.7842466384995802,0.46590073138217863,0.46590073138217863,0.17822958953434226,0.6441303209165209,0.0005344148768947806,0.022022864184230394,3.8923959276455515,0.0,0.0791546445778141,0.0004653453932417867,0.197326165170822,0.06227009726149117,1.2495397709013358,0.00648575675212724,0.71607191035249,0.3932907260309915,-0.3932907260309915,0.5064579929774485,0.113167266946457,0.38160383017407223,0.24687851323778182,0.24687851323778182,0.314239856047101,0.5611183692848828,0.3822216001982116,0.8960499198165637,0.06317213466665726,1.2513406745169935,1.5066397381637482,1.5066397381637482,8.811599450122593e-06,0.47181556904896566,1.9784553072127138,3.3613734953622116e-05,0.3590609640544249,1.2543834361412125,True,0.89476034330613,0.6103773934152519,0.6103773934152519,0.560666570644822,1.1710439640600738,0.0,0.0,0.0014227879202115918,0.7842466377153335,0.7842466377153335,0.002672074384473903,0.011011432092115197,0.0,0.005584144718901441,0.0493315412927055,0.373620583568947,0.019080191508703614,0.003822216001982116,8.811599450122593e-07,3.3613734953622115e-07,0.003590609640544249,1.2543834361412125
0.0,0.0,0.04593877125938986,475,0.8114223128487179,0.8114223136601402,0.45405115991263595,0.45405115991263595,0.17822958953434226,0.6322807494469782,0.0,0.011628636742017768,3.1216398906816756,0.0018050152807373334,0.12248547140773342,0.0019264745406310448,0.21625143916185247,0.003941490647049849,1.062781292174101,0.011053124894542247,0.71607191035249,0.20002965871935674,-0.20002965871935674,0.5064579929774485,0.3064283342580918,0.41711471766770275,0.25325859972294645,0.25325859972294645,0.314239856047101,0.5674984557700474,0.22220585549461552,0.7620856158804582,0.004129152674652156,1.0642584832893849,1.3411329807182353,1.3411329807182353,5.482048350460331e-05,0.47181556904896566,1.8129485497672009,4.6606395578175e-05,0.21546681405228169,0.9633223860075238,True,0.7610278408018094,1.0876943251845512,1.0876943251845512,0.560666570644822,1.6483608958293732,0.0,0.0,0.009187754251877973,0.8114223128487179,0.8114223128487179,0.0,0.005814318371008884,0.010830091684424,0.02311769448757254,0.054062859790463116,0.023648943882299094,0.02085573588338514,0.0022220585549461553,5.4820483504603315e-06,4.6606395578175003e-07,0.002154668140522817,0.9633223860075238
0.0,0.0,0.005187114375270899,500,0.37147393646191307,0.37147393683338703,0.1420622527189735,0.1420622527189735,0.17822958953434226,0.32029184225331575,0.0,0.012222489331537708,2.517074198209779,0.0,0.06765289253068654,0.0006453809225066452,0.00414673389445702,0.0024180207037185195,1.049173373930599,0.0034914208765898986,0.71607191035249,0.33211527534100943,-0.33211527534100943,0.5064579929774485,0.1743427176364391,0.22068417802118923,0.3032793648873221,-0.3032793648873221,0.314239856047101,0.010960491159778867,0.21683100380245302,0.751751037180849,0.0024826466035188025,1.0498261638451005,0.6721763386135315,0.6721763386135315,4.254849127387285e-05,0.47181556904896566,1.1439919076624971,1.3556906011456133e-05,0.278812755637167,0.4179070196823843,True,0.7512835926531851,0.12523092913374723,0.12523092913374723,0.560666570644822,0.6858974997785692,0.0,0.0,0.0010374228750541798,0.37147393646191307,0.37147393646191307,0.0,0.006111244665768854,0.0,0.007744571070079742,0.001036683473614255,0.014508124222311118,0.011034208901059462,0.0021683100380245303,4.254849127387286e-06,1.3556906011456133e-07,0.00278812755637167,0.4179070196823843
0.0,0.0,0.006119848764118189,525,0.4733665496361645,0.473366550109531,0.12777280421781528,0.12777280421781528,0.17822958953434226,0.30600239375215754,0.0,0.021073664688885142,2.1003406833346396,0.0,0.06621148429370072,0.0004371300756640306,0.03668800759546374,0.09437351015590352,0.6927972816593194,0.0061042002327800545,0.71607191035249,0.12176430307522484,-0.12176430307522484,0.5064579929774485,0.3846936899022237,0.17593752836510684,0.498679648579996,-0.498679648579996,0.314239856047101,-0.18443979253289505,0.3507351867292157,0.4964545343045813,0.09406328648312111,0.6933026141566885,0.9147358517319459,0.9147358517319459,8.67588108565408e-06,0.47181556904896566,1.3865514207809115,2.103084715907166e-05,0.10259853814759037,1.0791172670392892,True,0.4960926798927738,0.06167615795653525,-0.06167615795653525,0.560666570644822,0.4989904126882867,0.0,0.0,0.0012239697528236377,0.4733665496361645,0.4733665496361645,0.0,0.010536832344442571,0.0,0.005245560907968367,0.009172001898865936,0.5662410609354211,0.008796876418255342,0.003507351867292157,8.675881085654081e-07,2.103084715907166e-07,0.0010259853814759037,1.0791172670392892
0.0,0.0,0.022761385592846177,550,0.32306052766310717,0.3230605279861677,0.08546864456621073,-0.08546864456621073,0.17822958953434226,0.09276094496813153,0.0,0.022893463928929332,0.7973841667916436,0.0,0.06089570487543181,0.0010918494092940234,0.014699076771067765,0.03201405834601106,0.8210752718431266,0.00723276175092179,0.71607191035249,0.24931485023222694,-0.24931485023222694,0.5064579929774485,0.2571431427452216,0.06419973420864533,0.5853401766948989,-0.5853401766948989,0.314239856047101,-0.2711003206477979,0.44023323381931717,0.5881544560652836,0.03191143953686358,0.821362267320525,0.09968129289876526,-0.09968129289876526,1.40124887638115e-06,0.47181556904896566,0.3721342761502004,2.0215673636746754e-06,0.04524278340956964,0.5559857561497852,True,0.5879489466626504,0.31594027498250254,-0.31594027498250254,0.560666570644822,0.2447262956623194,0.0,0.0,0.0045522771185692356,0.32306052766310717,0.32306052766310717,0.0,0.011446731964464666,0.0,0.01310219291152828,0.0036747691927669413,0.19208435007606633,0.0032099867104322666,0.0044023323381931715,1.40124887638115e-07,2.0215673636746753e-08,0.00045242783409569636,0.5559857561497852
0.0,0.0,0.03333512987399791,575,0.2515462930323554,0.25154629328390166,0.11860683986827303,0.11860683986827303,0.17822958953434226,0.2968364294026153,0.0,0.010653783189254588,2.2812681103989165,9.337431806200438e-05,0.0896630387592105,0.0013510219685101727,0.0,0.004019166684507523,1.0633968980669206,0.007978524184469728,0.71607191035249,0.31669146899573863,-0.31669146899573863,0.5064579929774485,0.18976652398170993,0.19909950952018363,0.10224609977368543,-0.10224609977368543,0.314239856047101,0.21199375627341555,0.2798435182374076,0.7619459693994193,0.004104127662311704,1.0640634658936878,0.43531175945635575,0.43531175945635575,1.1485965847241015e-05,0.47181556904896566,0.9071273285053214,1.701675043294148e-05,0.1434758728470693,0.3186172083902645,True,0.761468658895661,0.045453564065073504,-0.045453564065073504,0.560666570644822,0.5152130065797484,0.0,0.0,0.006667025974799581,0.2515462930323554,0.2515462930323554,0.0,0.005326891594627294,0.0005602459083720263,0.016212263622122074,0.0,0.024115000107045138,0.009954975476009181,0.002798435182374076,1.1485965847241016e-06,1.701675043294148e-07,0.001434758728470693,0.3186172083902645
0.0,0.0,0.008419423621649418,600,0.6228202504189013,0.6228202510417217,0.42268756267777513,0.42268756267777513,0.17822958953434226,0.6009171522121174,0.0,0.013380638048652988,3.4176173395948894,4.0362786826514984e-05,0.0863531713991136,0.0011108385949803838,0.10626401214596755,0.02691530192387269,1.1640588367747153,0.00856678499813094,0.71607191035249,0.3277781510086392,-0.3277781510086392,0.5064579929774485,0.17867984196880932,0.3854001916644614,0.022743817054503623,0.022743817054503623,0.314239856047101,0.3369836731016046,0.23734039659321327,0.8346818880957512,0.0274365239459896,1.1656397414450699,1.2571014774863982,1.2571014774863982,4.139112995574971e-05,0.47181556904896566,1.7289170465353638,3.7862002222482666e-05,0.2960177140426616,0.857432617030609,True,0.8335498466525562,0.26944503651867713,0.26944503651867713,0.560666570644822,0.8301116071634991,0.0,0.0,0.0016838847243298837,0.6228202504189013,0.6228202504189013,0.0,0.006690319024326494,0.0002421767209590899,0.013330063139764606,0.026566003036491887,0.16149181154323614,0.01927000958322307,0.0023734039659321325,4.139112995574972e-06,3.786200222248267e-07,0.002960177140426616,0.857432617030609
0.0,0.0,0.03560894684235472,625,0.4121619343018769,0.41216193471403884,0.1833304818929909,0.1833304818929909,0.17822958953434226,0.36156007142733315,0.0,0.011118951074142973,2.91042120483113,0.0,0.051349615861911474,0.0009840997786061119,0.014244628420462502,0.08067024331066736,0.7159749248558019,0.006246823186671363,0.71607191035249,0.1965206315957435,-0.1965206315957435,0.5064579929774485,0.309937361381705,0.2773254912798528,0.3938621834509974,-0.3938621834509974,0.314239856047101,-0.0796223274038964,0.35831672392624286,0.5132685321179711,0.08021158998876649,0.7167834927325625,0.7829066857327853,0.7829066857327853,6.134359668301537e-05,0.47181556904896566,1.254722254781751,3.7235155779233864e-05,0.1408360404394725,0.9430993224386884,True,0.5126895393657238,0.09532355314564483,-0.09532355314564483,0.560666570644822,0.4653430174991771,0.0,0.0,0.007121789368470945,0.4121619343018769,0.4121619343018769,0.0,0.005559475537071487,0.0,0.011809197343273342,0.0035611571051156255,0.48402145986400413,0.01386627456399264,0.003583167239262429,6.134359668301538e-06,3.7235155779233866e-07,0.0014083604043947252,0.9430993224386884
0.0,0.0,0.04276169517320994,650,0.765214477627238,0.7652144783924526,0.4086268132822634,0.4086268132822634,0.17822958953434226,0.5868564028166057,0.0,0.005624542717971851,3.091212666344084,0.0,0.029800367760113113,0.0003196958726721798,0.17310843749455496,0.09501605152604775,1.3082467380622993,0.011425801787914858,0.71607191035249,0.4358231819009859,-0.4358231819009859,0.5064579929774485,0.07063481107646265,0.21772814875001673,0.21165591193807626,0.21165591193807626,0.314239856047101,0.5258957679851772,0.21164147262821292,0.9379495963117293,0.09600943826994396,1.3098538982648822,1.4122505513571084,1.4122505513571084,8.512361024858008e-06,0.47181556904896566,1.884066120406074,2.7674738116033128e-05,0.24233254425637268,1.4092161326126877,True,0.9367987540191517,0.729107966233296,0.729107966233296,0.560666570644822,1.289774536878118,0.0,0.0,0.008552339034641988,0.765214477627238,0.765214477627238,0.0,0.0028122713589859255,0.0,0.0038363504720661575,0.04327710937363874,0.5700963091562865,0.010886407437500837,0.002116414726282129,8.512361024858008e-07,2.767473811603313e-07,0.002423325442563727,1.4092161326126877
0.0,0.0,0.014850316111674053,675,0.21944452429731498,0.21944452451675947,0.024401523495502536,0.024401523495502536,0.17822958953434226,0.2026311130298448,0.0,0.00700098445325188,2.0640991487521836,0.0,0.04441649916301626,0.00034733610005262077,0.0,0.00343027155599764,0.941431479820661,0.002806982522425844,0.71607191035249,0.24057887622780755,-0.24057887622780755,0.5064579929774485,0.265879116749641,0.15354309531660085,0.2261662953057043,-0.2261662953057043,0.314239856047101,0.08807356074139666,0.14213171076618408,0.6745131346973186,0.0033683127581942717,0.941962832958575,0.12131343230814501,0.12131343230814501,1.371241670888279e-05,0.47181556904896566,0.5931290013571107,1.0730126048790299e-05,0.08051350367208948,0.2605698277360372,True,0.6741326476354672,0.34122972419662834,-0.34122972419662834,0.560666570644822,0.21943684644819364,0.0,0.0,0.0029700632223348105,0.21944452429731498,0.21944452429731498,0.0,0.00350049222662594,0.0,0.004168033200631449,0.0,0.02058162933598584,0.007677154765830043,0.0014213171076618409,1.371241670888279e-06,1.0730126048790299e-07,0.0008051350367208948,0.2605698277360372
0.0,0.0,0.006328908091014978,700,0.4640902957939686,0.4640902962580589,0.2366839536009147,0.2366839536009147,0.17822958953434226,0.41491354313525697,0.0,0.009101087127497014,3.638863038618717,0.0,0.05348476758605172,0.0005667498286890291,0.03295276700787201,0.0007311027095902009,0.9729610889718132,0.00465830965838791,0.71607191035249,0.3032631543780291,-0.3032631543780291,0.5064579929774485,0.20319483859941942,0.2763688751169747,0.20967857325953548,-0.20967857325953548,0.314239856047101,0.10456128278756548,0.19844766197622826,0.6974327526727935,0.0006775474932670208,0.9739702575259181,0.9340955481175393,0.9340955481175393,3.083635574532658e-05,0.47181556904896566,1.4059111171665049,2.7325571498804752e-05,0.5398042850296827,0.5105367470468951,True,0.6967101154082962,0.1114072870679097,0.1114072870679097,0.560666570644822,0.6720738577127316,0.0,0.0,0.0012657816182029956,0.4640902957939686,0.4640902957939686,0.0,0.004550543563748507,0.0,0.00680099794426835,0.008238191751968002,0.004386616257541206,0.013818443755848737,0.0019844766197622825,3.0836355745326585e-06,2.7325571498804754e-07,0.005398042850296827,0.5105367470468951
0.0,0.0,0.016380432653976373,725,0.3185503744203919,0.31855037473894227,0.0014276106273920786,-0.0014276106273920786,0.17822958953434226,0.17680197890695018,0.0,0.014409711762426041,1.731716710704775,0.0,0.07368853404881578,0.0008304033776482761,0.008795438140465977,0.0005462530473240611,1.0233720569767417,0.006997410518724068,0.71607191035249,0.34637161893296536,-0.34637161893296536,0.5064579929774485,0.16008637404448317,0.11149221239365348,0.5239472491030681,-0.5239472491030681,0.314239856047101,-0.2097073930559671,0.3730709573036077,0.7332399906257032,0.0005748170967504151,1.0239753435168386,0.21416854264102897,0.21416854264102897,7.036861960314885e-06,0.47181556904896566,0.6859841116899946,8.022319046793684e-06,0.1261270251005447,0.355039909536351,True,0.7328079940744132,0.2588580407435729,0.2588580407435729,0.560666570644822,0.8195246113883948,0.0,0.0,0.003276086530795275,0.3185503744203919,0.3185503744203919,0.0,0.0072048558812130205,0.0,0.009964840531779314,0.002198859535116494,0.003277518283944367,0.005574610619682674,0.003730709573036077,7.036861960314885e-07,8.022319046793684e-08,0.001261270251005447,0.355039909536351
0.0,0.0,0.022678767792503777,750,0.3059445949914392,0.3059445952973839,0.09911275569643027,-0.09911275569643027,0.17822958953434226,0.07911683383791199,0.0,0.013354740488778305,1.1865394160734206,0.0,0.058986390153172925,0.0005903956353234209,0.009154569123956294,0.06866528070535348,0.737959391113985,0.0030237756492860956,0.71607191035249,0.20156370779035343,-0.20156370779035343,0.5064579929774485,0.3048942851870951,0.06329506925467178,0.5281857501880765,-0.5281857501880765,0.314239856047101,-0.21394589414097545,0.33171294152689795,0.5286296585699033,0.06852069263872027,0.7382354251646716,0.1687393577587199,-0.1687393577587199,3.6281204022034354e-06,0.47181556904896566,0.30307621129024576,4.261219500484243e-06,0.05129676854696136,0.7455180489190274,True,0.5284319983371455,0.33182232106942156,-0.33182232106942156,0.560666570644822,0.22884424957540042,0.0,0.0,0.004535753558500755,0.3059445949914392,0.3059445949914392,0.0,0.006677370244389152,0.0,0.007084747623881051,0.0022886422809890736,0.41199168423212085,0.003164753462733589,0.0033171294152689796,3.6281204022034354e-07,4.261219500484243e-08,0.0005129676854696136,0.7455180489190274
0.0,0.0,0.03995559552128642,775,1.1661231939023737,1.166123195068497,0.6273659690032427,0.6273659690032427,0.17822958953434226,0.805595558537585,0.0,0.02520017573617368,3.324969958974342,0.00215757920209764,0.12644974921458285,0.0014089690017612243,0.6522942169237813,0.09436230289248196,1.307184476971871,0.006281128583283395,0.71607191035249,0.3638243233642547,-0.3638243233642547,0.5064579929774485,0.14263366961319385,0.4673391198377137,0.28840957360762426,0.28840957360762426,0.314239856047101,0.6026494296547252,0.528275165139483,0.9372949838616759,0.0954437548524984,1.308939726892639,2.0656809222186743,2.0656809222186743,4.5054055216274606e-05,0.47181556904896566,2.53749649126764,3.460961053846816e-05,0.21195310813000853,1.976588965920483,True,0.9360380986802129,1.3867381073880671,1.3867381073880671,0.560666570644822,1.947404678032889,0.0,0.0,0.007991119104257285,1.1661231939023737,1.1661231939023737,0.0,0.01260008786808684,0.01294547521258584,0.016907628021134692,0.16307355423094533,0.5661738173548918,0.023366955991885686,0.00528275165139483,4.505405521627461e-06,3.4609610538468156e-07,0.002119531081300085,1.976588965920483
0.0,0.0,0.030880081106885587,800,0.33419140278121306,0.33419140311540446,0.1753120401321454,0.1753120401321454,0.17822958953434226,0.35354162966648767,0.0,0.006271994476498216,2.8403851539168663,0.0,0.04408640457188619,0.0009579292040024409,0.002506683485324858,0.009473725746826561,0.9026669339493173,0.011197772738413981,0.71607191035249,0.24622932236118372,-0.24622932236118372,0.5064579929774485,0.2602286706162648,0.26816119992629883,0.16813219557485068,-0.16813219557485068,0.314239856047101,0.1461076604722503,0.14553771780128744,0.6469715283184447,0.009312102224879366,0.9035007656772378,0.6401371773515774,0.6401371773515774,8.96953031305395e-06,0.47181556904896566,1.111952746400543,3.256128303040902e-05,0.36860789512999226,0.4310183307326485,True,0.6463744448317819,0.17032979175413365,-0.17032979175413365,0.560666570644822,0.3903367788906883,0.0,0.0,0.0061760162213771175,0.33419140278121306,0.33419140278121306,0.0,0.003135997238249108,0.0,0.01149515044802929,0.0006266708713312145,0.05684235448095937,0.013408059996314942,0.0014553771780128743,8.96953031305395e-07,3.2561283030409024e-07,0.0036860789512999227,0.4310183307326485
0.0,0.0,0.013170711954675394,825,0.2261033885473421,0.2261033887734455,0.0596358587396455,0.0596358587396455,0.17822958953434226,0.23786544827398776,0.0,0.00400071614469395,1.6023666343898944,0.0,0.03661786447680253,0.0002508031070733973,0.0,0.0003412295513144407,0.9815276002827342,0.00443333823656017,0.71607191035249,0.2447932072503779,-0.2447932072503779,0.5064579929774485,0.26166478572707064,0.1671648185856126,0.06081553075183277,-0.06081553075183277,0.314239856047101,0.2534243252952682,0.11461405397445938,0.703324968235146,0.0003168833503246275,0.9821987823359011,0.4035465947597536,0.4035465947597536,6.2904938606614314e-06,0.47181556904896566,0.8753621638087192,1.2310808430431679e-05,0.04912003664176279,0.24579123759630478,True,0.7028443536134287,0.1599536782566061,-0.1599536782566061,0.560666570644822,0.40071289238821584,0.0,0.0,0.002634142390935079,0.2261033885473421,0.2261033885473421,0.0,0.002000358072346975,0.0,0.0030096372848807677,0.0,0.002047377307886644,0.008358240929280631,0.0011461405397445938,6.290493860661431e-07,1.231080843043168e-07,0.0004912003664176279,0.24579123759630478
0.0,0.0,0.021022171843981956,850,0.19340260082291294,0.19340260101631554,0.14653252127726857,0.14653252127726857,0.17822958953434226,0.3247621108116108,0.0,0.003917774650905932,2.592744135073103,0.0,0.016591409615974672,0.00013651762920735075,0.0,1.768556081713467e-05,1.0042054204090833,0.002879940734597332,0.71607191035249,0.2175319907637403,-0.2175319907637403,0.5064579929774485,0.28892600221370823,0.19508763514244926,0.08413017956227858,0.08413017956227858,0.314239856047101,0.39837003560937956,0.08323426238034574,0.7195552144019013,2.3662846581342336e-05,1.0048644472020305,0.29028306644451535,0.29028306644451535,6.255953432677224e-05,0.47181556904896566,0.762098635493481,1.6696666768491488e-05,0.371891882342405,0.21562231355700365,True,0.7190833038207118,0.16397785772554596,0.16397785772554596,0.560666570644822,0.7246444283703679,0.0,0.0,0.004204434368796392,0.19340260082291294,0.19340260082291294,0.0,0.001958887325452966,0.0,0.001638211550488209,0.0,0.00010611336490280802,0.009754381757122463,0.0008323426238034575,6.2559534326772236e-06,1.669666676849149e-07,0.00371891882342405,0.21562231355700365
0.0,0.0,0.017080385293616777,875,1.4677550902618834,1.4677550917296385,0.8139122188077841,0.8139122188077841,0.17822958953434226,0.9921418083421264,0.0,0.006351892430698836,4.526984174695934,0.0,0.06369647535001022,0.000935419689966952,1.180598949892572,0.12651033777979678,1.3556829174697553,0.012748757377169883,0.71607191035249,0.36531908436757315,-0.36531908436757315,0.5064579929774485,0.14113890860987538,0.5833541443452932,0.513487034710568,0.513487034710568,0.314239856047101,0.8277268907576689,0.21079939512972973,0.9728783178492666,0.12861700413502306,1.3586321292564612,2.3501892988302866,2.3501892988302866,0.00010528643447339657,0.47181556904896566,2.822004867879252,5.213671329128624e-05,0.5489817829784195,2.5765604829764093,True,0.970766470101634,2.046596012409723,2.046596012409723,0.560666570644822,2.607262583054545,0.0,0.0,0.0034160770587233556,1.4677550902618834,1.4677550902618834,0.0,0.003175946215349418,0.0,0.011225036279603424,0.295149737473143,0.7590620266787806,0.029167707217264662,0.0021079939512972973,1.0528643447339659e-05,5.213671329128624e-07,0.005489817829784195,2.5765604829764093
0.0,0.0,0.030428714109533187,900,1.0655740848918263,1.0655740859574003,0.7031564517303832,0.7031564517303832,0.17822958953434226,0.8813860412647254,0.0,0.012678650575763306,4.277824488880265,0.0,0.04012226739876075,0.0001219178954063199,0.5078353770630077,0.0005635148192370769,1.023738467078501,0.007015612491916146,0.71607191035249,0.17598031199561043,-0.17598031199561043,0.5064579929774485,0.3304776809818381,0.6422561648791715,0.4693744366602744,0.4693744366602744,0.314239856047101,0.7836142927073754,0.20762397711482664,0.7349956029742986,0.0006983900182755793,1.0264270698011637,2.0921478968375036,2.0921478968375036,6.888930050703512e-05,0.47181556904896566,2.563963465886469,6.23101112078792e-05,0.3560771195405868,1.2475594321693397,True,0.7330703700596166,0.7446122571297578,0.7446122571297578,0.560666570644822,1.3052788277745797,0.0,0.0,0.006085742821906638,1.0655740848918263,1.0655740848918263,0.0,0.006339325287881653,0.0,0.0014630147448758389,0.12695884426575194,0.0033810889154224618,0.032112808243958575,0.0020762397711482665,6.888930050703512e-06,6.23101112078792e-07,0.003560771195405868,1.2475594321693397
0.0,0.0,0.0342857870247668,925,0.5606147809777345,0.5606147815383493,0.33655003422559454,0.33655003422559454,0.17822958953434226,0.5147796237599368,0.0,0.011911555064892514,3.464090293922511,0.0,0.03157146569019503,0.00021119395507916962,0.08590367603235186,0.008111643112540048,0.909935339269278,0.008434746370538204,0.71607191035249,0.22752562333346754,-0.22752562333346754,0.5064579929774485,0.278932369643981,0.377406061521439,0.0715418946900731,0.0715418946900731,0.314239856047101,0.3857817507371741,0.32078077436635083,0.6525791035239167,0.007862051816184183,0.9113317880174401,1.1835609488106227,1.1835609488106227,3.4283381807692996e-05,0.47181556904896566,1.6553765178595883,4.805430422248648e-05,0.34016103947089565,0.67159145115508,True,0.6515791457871465,0.021819013281460742,0.021819013281460742,0.560666570644822,0.5824855839262827,0.0,0.0,0.00685715740495336,0.5606147809777345,0.5606147809777345,0.0,0.005955777532446257,0.0,0.0025343274609500354,0.021475919008087964,0.04866985867524029,0.018870303076071952,0.0032078077436635084,3.4283381807692997e-06,4.805430422248649e-07,0.0034016103947089567,0.67159145115508
0.0,0.0,0.007829055333728149,950,0.96736717564682,0.9673671766141871,0.6318714606408748,0.6318714606408748,0.17822958953434226,0.8101010501752172,0.0,0.009788169874890553,3.017116282151722,0.0,0.04296093850004219,0.00017055161604746907,0.39241897939387627,0.00399543308212931,1.0632094382361472,0.006394020777582334,0.71607191035249,0.24966391065629312,-0.24966391065629312,0.5064579929774485,0.2567940823211554,0.5593630835707452,0.2607006771959329,0.2607006771959329,0.314239856047101,0.5749405332430338,0.24863039448760307,0.7629531376624477,0.004286318830858689,1.0654699841977886,1.8942169091682368,1.8942169091682368,5.702472028492269e-05,0.47181556904896566,2.3660324782172024,4.668851347931665e-05,0.17406910395621084,1.130152352904964,True,0.7613344241746501,0.7492530405854934,0.7492530405854934,0.560666570644822,1.3099196112303153,0.0,0.0,0.00156581106674563,0.96736717564682,0.96736717564682,0.0,0.004894084937445277,0.0,0.002046619392569629,0.09810474484846907,0.02397259849277586,0.02796815417853726,0.0024863039448760308,5.702472028492269e-06,4.6688513479316647e-07,0.0017406910395621083,1.130152352904964
0.0,0.0,0.03616938440813725,975,0.1660959019793331,0.166095902145429,0.009489117287182103,0.009489117287182103,0.17822958953434226,0.18771870682152436,0.0,0.0035528238907676845,1.5054779247676489,0.0,0.01143785996720138,2.707805262904659e-05,0.0,0.013425692374119632,0.8841307099610961,0.005927658376490912,0.71607191035249,0.055270607148854456,-0.055270607148854456,0.5064579929774485,0.4511873858285941,0.13304817124208254,0.23112327748153944,0.23112327748153944,0.314239856047101,0.5453631335286404,0.21252155840130604,0.6336300156996925,0.013255091977910796,0.8848692396537277,0.24182150232942062,0.24182150232942062,3.7514574033055487e-06,0.47181556904896566,0.7136370713783863,1.2779991358983342e-05,0.07926052637664702,0.26555601403814827,True,0.6331011753244524,0.15132333529023229,-0.15132333529023229,0.560666570644822,0.40934323535458966,0.0,0.0,0.007233876881627451,0.1660959019793331,0.1660959019793331,0.0,0.0017764119453838423,0.0,0.00032493663154855906,0.0,0.08055415424471779,0.006652408562104127,0.0021252155840130603,3.751457403305549e-07,1.2779991358983343e-07,0.0007926052637664702,0.26555601403814827
0.0,0.0,0.02558144356405438,1000,0.28541607379760486,0.2854160740830209,0.05473338475375139,0.05473338475375139,0.17822958953434226,0.23296297428809365,0.0,0.005673819679836253,1.9030852607147917,0.0,0.04988922828502259,0.0005255990557011035,0.0,6.589066358494887e-05,1.0081173064242364,0.008742438002149156,0.71607191035249,0.327258309682937,-0.327258309682937,0.5064579929774485,0.17919968329451152,0.17011474476964916,0.06567270953509638,-0.06567270953509638,0.314239856047101,0.2485671465120046,0.12119814281127964,0.7224377650310552,7.903123856919682e-05,1.0088899515504415,0.4724710087502671,0.4724710087502671,2.134008332936833e-06,0.47181556904896566,0.9442865777992328,1.4913248128922387e-05,0.08928117458895785,0.31068269794605624,True,0.7218844955517826,0.26396244652319567,-0.26396244652319567,0.560666570644822,0.2967041241216263,0.0,0.0,0.005116288712810876,0.28541607379760486,0.28541607379760486,0.0,0.0028369098399181267,0.0,0.006307188668413242,0.0,0.0003953439815096932,0.008505737238482459,0.0012119814281127963,2.1340083329368329e-07,1.4913248128922386e-07,0.0008928117458895785,0.31068269794605624
0.0,0.0,0.018796285728274086,1025,0.3864143832118294,0.38641438359824376,0.2031639093548434,0.2031639093548434,0.17822958953434226,0.38139349888918567,0.0,0.010647139171293613,2.5205293416174053,0.0,0.051316670982888064,0.000300250937703585,0.009046210892771796,6.267663386928885e-05,1.0079168575754076,0.008133315803393467,0.71607191035249,0.27973033588767515,-0.27973033588767515,0.5064579929774485,0.2267276570897734,0.2576619184696119,0.000995419595967162,0.000995419595967162,0.314239856047101,0.31523527564306814,0.24582571608696285,0.7224204263114347,7.860130840130076e-05,1.0088657378937853,0.7408603686211408,0.7408603686211408,7.916931163212758e-06,0.47181556904896566,1.2126759376701064,2.4998345552974747e-05,0.13203309255566595,0.4184005594084615,True,0.7217409597596692,0.27960806090714574,0.27960806090714574,0.560666570644822,0.8402746315519677,0.0,0.0,0.0037592571456548174,0.3864143832118294,0.3864143832118294,0.0,0.0053235695856468064,0.0,0.0036030112524430198,0.002261552723192949,0.0003760598032157331,0.012883095923480595,0.0024582571608696285,7.916931163212758e-07,2.499834555297475e-07,0.0013203309255566595,0.4184005594084615
0.0,0.0,0.03379895662919271,1050,0.18814535256935436,0.18814535275749972,0.013324899312082805,0.013324899312082805,0.17822958953434226,0.19155448884642506,0.0,0.011707950862091945,2.2222424462828037,0.0,0.021982923700838222,6.628569123467832e-05,0.0,0.0007464267559657576,1.0273208117735502,0.005975750313836198,0.71607191035249,0.31592868254412587,-0.31592868254412587,0.5064579929774485,0.1905293104333227,0.10450607551632701,0.21233721012724516,-0.21233721012724516,0.314239856047101,0.10190264591985582,0.3091179122675168,0.7360929808802368,0.0007817373629184267,1.027959566572435,0.1651849321597279,0.1651849321597279,4.858018745946391e-06,0.47181556904896566,0.6370005012086936,1.0487000477802022e-05,0.10929867547234007,0.21544316848194384,True,0.735635586504765,0.06805682043880695,-0.06805682043880695,0.560666570644822,0.492609750206015,0.0,0.0,0.006759791325838542,0.18814535256935436,0.18814535256935436,0.0,0.005853975431045972,0.0,0.0007954282948161399,0.0,0.004478560535794545,0.005225303775816351,0.003091179122675168,4.858018745946391e-07,1.0487000477802022e-07,0.0010929867547234007,0.21544316848194384
0.0,0.0,0.010479841781875032,1075,0.627794401292982,0.6277944019207765,0.4057885946713056,0.4057885946713056,0.17822958953434226,0.5840181842056479,0.0,0.008138546412352968,3.7128834908943285,0.0,0.02992709875003746,0.00013171464443591282,0.07938349094437498,0.003326754778995477,1.0576780268299417,0.005943734392793089,0.71607191035249,0.30804056033415583,-0.30804056033415583,0.5064579929774485,0.1984174326432927,0.3908063217484309,0.4737321223747997,0.4737321223747997,0.314239856047101,0.7879719784219007,0.1571164940123167,0.7586102443499118,0.0035289658996536417,1.0594050999465,1.1581982837526017,1.1581982837526017,8.631047442880448e-05,0.47181556904896566,1.6300138528015673,3.8835063988739766e-05,0.3183969642312162,0.6996510900667708,True,0.7573735357867488,0.3810909298078726,0.3810909298078726,0.560666570644822,0.9417575004526946,0.0,0.0,0.0020959683563750065,0.627794401292982,0.627794401292982,0.0,0.004069273206176484,0.0,0.0015805757332309537,0.019845872736093745,0.019960528673972862,0.019540316087421544,0.001571164940123167,8.631047442880448e-06,3.8835063988739766e-07,0.0031839696423121623,0.6996510900667708
0.0,0.0,0.018452624028958177,1100,0.8684997553218378,0.8684997561903375,0.48423532457661306,0.48423532457661306,0.17822958953434226,0.6624649141109553,0.0,0.017772791918494853,3.4723547600161924,0.0,0.054624865954027976,0.0004457466692767766,0.2770028446707279,0.0001587123307937208,1.0125981082228135,0.00851142503788348,0.71607191035249,0.3315835640970567,-0.3315835640970567,0.5064579929774485,0.17487442888039184,0.4727696771680044,0.11121553539402712,0.11121553539402712,0.314239856047101,0.4254553914411281,0.3503746673882193,0.7259687130688719,0.00019101860133847448,1.0138209479175082,1.6018398953812176,1.6018398953812176,9.330958977848942e-05,0.47181556904896566,2.0736554644301832,4.1184200965209606e-05,0.2422580868872996,0.9862031754727854,True,0.7250930719004086,0.9212858824590573,0.9212858824590573,0.560666570644822,1.4819524531038792,0.0,0.0,0.0036905248057916354,0.8684997553218378,0.8684997553218378,0.0,0.008886395959247426,0.0,0.005348960031321319,0.06925071116768197,0.0009522739847623248,0.02363848385840022,0.0035037466738821934,9.330958977848942e-06,4.118420096520961e-07,0.0024225808688729963,0.9862031754727854
0.0,0.0,0.030890637674094005,1125,0.6092013174629546,0.6092013180721559,0.35267406185215494,0.35267406185215494,0.17822958953434226,0.5309036513864972,0.0,0.004773450185796522,3.227416712694975,0.0,0.014965678620753157,9.174564358101004e-05,0.10004067294351611,0.003605312170212447,0.9399557482333867,0.006524137893033211,0.71607191035249,0.2660972856370134,-0.2660972856370134,0.5064579929774485,0.2403607073404351,0.3874822536952569,0.36457230453764583,0.36457230453764583,0.314239856047101,0.6788121605847468,0.12608659554124418,0.6740823214152957,0.003438508998760875,0.9413611988632026,1.2354349980894288,1.2354349980894288,3.6856401798341886e-05,0.47181556904896566,1.7072505671383944,3.662138359565915e-05,0.24791099468388011,0.6886272995118272,True,0.6730759176838428,0.035098014722480086,0.035098014722480086,0.560666570644822,0.595764585367302,0.0,0.0,0.0061781275348188015,0.6092013174629546,0.6092013174629546,0.0,0.002386725092898261,0.0,0.0011009477229721204,0.025010168235879027,0.02163187302127468,0.019374112684762846,0.0012608659554124418,3.6856401798341886e-06,3.662138359565915e-07,0.002479109946838801,0.6886272995118272
0.0,0.0,0.03042613345598924,1150,0.5518584690746619,0.5518584696265204,0.33087486994360843,0.33087486994360843,0.17822958953434226,0.5091044594779507,0.0,0.012013742206058386,4.067010215840727,0.0,0.04579370634869748,0.0008030463558680236,0.07789280410881273,9.270794116743197e-06,0.9969552021221856,0.011894526660076496,0.71607191035249,0.2517911750682008,-0.2517911750682008,0.5064579929774485,0.2546668179092477,0.3396873701079266,0.12494540148213878,-0.12494540148213878,0.314239856047101,0.1892944545649622,0.367204031732962,0.7146780533687633,3.7890416098479237e-06,0.9980534539281466,1.152254956247706,1.152254956247706,1.7320863600038483e-05,0.47181556904896566,1.6240705252966716,3.4567561732716355e-05,0.3999397698946602,0.6177738332148587,True,0.7138916260890382,0.08098789749872892,0.08098789749872892,0.560666570644822,0.6416544681435509,0.0,0.0,0.006085226691197848,0.5518584690746619,0.5518584690746619,0.0,0.006006871103029193,0.0,0.009636556270416284,0.019473201027203183,5.562476470045918e-05,0.016984368505396332,0.00367204031732962,1.7320863600038485e-06,3.4567561732716356e-07,0.003999397698946602,0.6177738332148587
0.0,0.0,0.020648479448697712,1175,0.38251620493313604,0.3825162053156522,0.26265578767166353,0.26265578767166353,0.17822958953434226,0.4408853772060058,0.0,0.019336171429082165,3.8915553288654623,0.001186703948264658,0.11444856961130111,0.001368108395134332,0.010208922508756924,0.0005536461436755923,1.0235296864338561,0.0051492969326006974,0.71607191035249,0.29975629524322445,-0.29975629524322445,0.5064579929774485,0.20670169773422406,0.24342254452315776,0.02059419668003959,-0.02059419668003959,0.314239856047101,0.2936456593670614,0.3748565484693228,0.7335197033435824,0.0005937002260381813,1.0243659645004703,0.7541149790046002,0.7541149790046002,3.202245977217783e-05,0.47181556904896566,1.2259305480535658,2.498962791067295e-05,0.34728321006509777,0.4451215954116177,True,0.7329208681024734,0.060314300245142505,0.060314300245142505,0.560666570644822,0.6209808708899645,0.0,0.0,0.0041296958897395425,0.38251620493313604,0.38251620493313604,0.0,0.009668085714541082,0.0071202236895879486,0.016417300741611983,0.002552230627189231,0.003321876862053554,0.012171127226157888,0.0037485654846932284,3.202245977217783e-06,2.498962791067295e-07,0.003472832100650978,0.4451215954116177
0.0,0.0,0.05492418587044966,1200,0.8459068323954481,0.8459068332413548,0.5891711259685586,0.5891711259685586,0.17822958953434226,0.7674007155029008,0.0,0.011061245644967443,3.466158029522046,0.0,0.051832412261111134,0.0005918069938458399,0.26003656078197074,0.04669375639476128,1.216087381387163,0.008113934434348755,0.71607191035249,0.35253292624519617,-0.35253292624519617,0.5064579929774485,0.15392506673225237,0.5044468487985638,0.02240665869212599,-0.02240665869212599,0.314239856047101,0.291833197354975,0.4054199610612225,0.8720098570873329,0.0474231370774042,1.2177685401461933,1.657058780616274,1.657058780616274,7.498462981623105e-05,0.47181556904896566,2.1288743496652396,3.912042766914492e-05,0.3266691922188286,1.2472467785222192,True,0.8708060265063369,0.6000365922914943,0.6000365922914943,0.560666570644822,1.1607031629363163,0.0,0.0,0.010984837174089932,0.8459068323954481,0.8459068323954481,0.0,0.0055306228224837215,0.0,0.007101683926150079,0.06500914019549268,0.2801625383685677,0.025222342439928193,0.004054199610612225,7.498462981623106e-06,3.912042766914492e-07,0.003266691922188286,1.2472467785222192
0.0,0.0,0.005017153123559874,1225,0.166092662374145,0.16609266254023766,0.041752841768226134,0.041752841768226134,0.17822958953434226,0.2199824313025684,0.0,0.008418363218791688,1.4415818580378263,0.0,0.03564386857018089,0.0002636878944367921,0.0,0.0024512793082011905,1.0495103959608605,0.00786348602396469,0.71607191035249,0.27017966332971044,-0.27017966332971044,0.5064579929774485,0.2362783296477381,0.16196414415072485,0.10085151650284754,-0.10085151650284754,0.314239856047101,0.21338833954425343,0.16546009633097386,0.7518832926944627,0.002501086087669745,1.0500108596973672,0.15587759183908406,0.15587759183908406,8.803416234525913e-06,0.47181556904896566,0.6276931608880497,7.74420524423261e-06,0.11115479845362637,0.20004251912975962,True,0.7515249246655955,0.169483510871624,-0.169483510871624,0.560666570644822,0.39118305977319795,0.0,0.0,0.001003430624711975,0.166092662374145,0.166092662374145,0.0,0.004209181609395844,0.0,0.0031642547332415057,0.0,0.014707675849207142,0.008098207207536243,0.0016546009633097386,8.803416234525914e-07,7.744205244232611e-08,0.0011115479845362638,0.20004251912975962
0.0,0.0,0.004392596876282672,1250,0.2561965148068445,0.25619651506304103,0.03324563793350399,-0.03324563793350399,0.17822958953434226,0.14498395160083827,0.0,0.017522984014582483,2.2153718374476523,0.0,0.050486169115257835,0.0003103544910545801,0.0045376904413446766,0.11585364546175025,0.6596271963541296,0.005662240039993873,0.71607191035249,0.05147118919980903,-0.05147118919980903,0.5064579929774485,0.4549868037776395,0.10103756505068316,0.4648667202072613,-0.4648667202072613,0.314239856047101,-0.1506268641601603,0.31824039863383835,0.4725879499360359,0.11561853505114682,0.6599727436643544,0.01368304458384223,0.01368304458384223,5.662637115453184e-06,0.47181556904896566,0.4854986136328079,1.1465873339622865e-05,0.2532524155138541,0.976584562779341,True,0.47234051321003057,0.3288471113262931,-0.3288471113262931,0.560666570644822,0.2318194593185289,0.0,0.0,0.0008785193752565344,0.2561965148068445,0.2561965148068445,0.0,0.008761492007291241,0.0,0.0037242538926549615,0.0011344226103361691,0.6951218727705015,0.005051878252534159,0.0031824039863383837,5.662637115453184e-07,1.1465873339622865e-07,0.002532524155138541,0.976584562779341
0.0,0.0,0.009855770330939984,1275,0.3363097056528164,0.33630970598912613,0.1725908063749097,0.1725908063749097,0.17822958953434226,0.35082039590925196,0.0,0.014373236976795923,3.6438309348196514,0.0,0.03304468837497366,0.0002191200370735888,0.0038062729103023143,0.000589333755509138,0.975723802696692,0.006507826170926533,0.71607191035249,0.261220138528788,-0.261220138528788,0.5064579929774485,0.2452378544486605,0.22380345236327467,0.0820443483417253,0.0820443483417253,0.314239856047101,0.3962842043888263,0.2665678254547568,0.6993429024634503,0.0005457925501000489,0.9766377965486975,0.6661386427443377,0.6661386427443377,3.546884618585882e-05,0.47181556904896566,1.1379542117933032,2.5073745410852626e-05,0.30747099777565834,0.3695188478854564,True,0.6986884171306543,0.13048209855085413,0.13048209855085413,0.560666570644822,0.6911486691956761,0.0,0.0,0.0019711540661879966,0.3363097056528164,0.3363097056528164,0.0,0.0071866184883979615,0.0,0.0026294404448830655,0.0009515682275755786,0.0035360025330548285,0.011190172618163734,0.0026656782545475682,3.5468846185858823e-06,2.5073745410852626e-07,0.0030747099777565833,0.3695188478854564
0.0,0.0,0.014508149034830645,1300,0.4124544453989785,0.412454445811433,0.15420188364434223,0.15420188364434223,0.17822958953434226,0.3324314731786845,0.0,0.012075723824811927,1.525357509690477,4.173441996169325e-07,0.08064602182596019,0.0011421019934738223,0.005265671777704803,0.12210834558438292,1.349440045765197,0.011417625127579113,0.71607191035249,0.3797785583693396,-0.3797785583693396,0.5064579929774485,0.12667943460810893,0.15593010395313306,0.4242519779197828,0.4242519779197828,0.314239856047101,0.7384918339668838,0.2489781982850039,0.9671536274003281,0.12294669467404354,1.350637554568879,0.6904445889952198,0.6904445889952198,5.9670036799521405e-06,0.47181556904896566,1.1622601580441854,1.425798970001496e-05,0.06952926682340183,1.1800504756849637,True,0.9662961249716366,0.16087232139152619,0.16087232139152619,0.560666570644822,0.7215388920363481,0.0,0.0,0.002901629806966129,0.4124544453989785,0.4124544453989785,0.0,0.0060378619124059636,2.504065197701595e-06,0.013705223921685867,0.0013164179444262007,0.7326500735062975,0.007796505197656654,0.002489781982850039,5.967003679952141e-07,1.425798970001496e-07,0.0006952926682340183,1.1800504756849637
0.0,0.0,0.026766701498364354,1325,0.13406337427708714,0.13406337441115052,0.023097248992677094,-0.023097248992677094,0.17822958953434226,0.15513234054166516,0.0,0.01297803146058519,1.3016650857927519,0.0,0.05951687268451756,0.0004613750156816015,0.0,0.02851553670400695,1.1688654396376208,0.009933983945854428,0.71607191035249,0.15991801196298278,-0.15991801196298278,0.5064579929774485,0.34653998101446576,0.09193721516478406,0.23963927935119528,0.23963927935119528,0.314239856047101,0.5538791353982963,0.27643920339314704,0.837513942414404,0.028762371529167396,1.1695947273035556,0.016849799894400774,-0.016849799894400774,9.956324379528173e-07,0.47181556904896566,0.4549657691545649,5.346793130756842e-06,0.11750570401070416,0.3310719135827265,True,0.8369917199949687,0.07776109803016962,-0.07776109803016962,0.560666570644822,0.48290547261465233,0.0,0.0,0.005353340299672871,0.13406337427708714,0.13406337427708714,0.0,0.006489015730292595,0.0,0.0055365001881792185,0.0,0.17109322022404172,0.0045968607582392036,0.0027643920339314705,9.956324379528173e-08,5.3467931307568424e-08,0.0011750570401070416,0.3310719135827265
0.0,0.0,0.04004645641407158,1350,0.16158558460766323,0.1615855847692488,0.02260047077827207,-0.02260047077827207,0.17822958953434226,0.1556291187560702,0.0,0.008402620184987856,1.2680219866013336,0.0,0.02617113628540042,9.065497650495486e-05,0.0,0.00019228346636279337,1.0138666313992546,0.006015339355103502,0.71607191035249,0.24515319156115445,-0.24515319156115445,0.5064579929774485,0.2613048014162941,0.11529544689672412,0.0021526312276700654,0.0021526312276700654,0.314239856047101,0.31639248727477104,0.3127366681627376,0.7263229933833018,0.0002049393560789634,1.0143157031290455,0.02289384551919671,0.02289384551919671,3.7157139358596263e-06,0.47181556904896566,0.49470941456816236,5.295587775604234e-06,0.02442295130087272,0.1851745395659514,True,0.7260014257273744,0.26345754008990074,-0.26345754008990074,0.560666570644822,0.2972090305549212,0.0,0.0,0.008009291282814315,0.16158558460766323,0.16158558460766323,0.0,0.004201310092493928,0.0,0.0010878597180594583,0.0,0.0011537007981767603,0.005764772344836206,0.003127366681627376,3.7157139358596263e-07,5.2955877756042344e-08,0.00024422951300872724,0.1851745395659514
0.0,0.0,0.017223626413858138,1375,0.20073393429109126,0.2007339344918252,0.013033081866345525,-0.013033081866345525,0.17822958953434226,0.16519650766799673,0.0,0.015201074294967027,1.584573573277358,0.0,0.047334900911344076,0.00039280583148553464,0.0,0.007323317851264306,0.9144236139389825,0.005310615558886139,0.71607191035249,0.017766635104172812,-0.017766635104172812,0.5064579929774485,0.4886913578732757,0.11798939777620976,0.3222383428838344,0.3222383428838344,0.314239856047101,0.6364781989309354,0.3025336296540641,0.6551763563593307,0.00723199348886435,0.9149588717803888,0.04888204327812867,0.04888204327812867,3.2199431114856308e-06,0.47181556904896566,0.5206976123270943,7.757671678632822e-06,0.09123153449574363,0.2702702949080952,True,0.6547930732489512,0.307827945380886,-0.307827945380886,0.560666570644822,0.25283862526393597,0.0,0.0,0.0034447252827716278,0.20073393429109126,0.20073393429109126,0.0,0.007600537147483513,0.0,0.0047136699778264155,0.0,0.043939907107585836,0.005899469888810488,0.003025336296540641,3.219943111485631e-07,7.757671678632822e-08,0.0009123153449574363,0.2702702949080952
0.0,0.0,0.058923637976018475,1400,0.18872687731284102,0.18872687750156789,0.021140658330637774,0.021140658330637774,0.17822958953434226,0.19937024786498003,0.0,0.0030490909293511984,2.6247135675796973,0.0,0.016634059068854855,2.926372947482847e-05,0.0,0.0016261355023679846,0.9596746295445661,0.00609493069892533,0.71607191035249,0.1744765027826724,-0.1744765027826724,0.5064579929774485,0.33198149019477613,0.14042169602361992,0.2756513902251781,0.2756513902251781,0.314239856047101,0.5898912462722791,0.22186940075499892,0.6876549999235916,0.0015748555839134736,0.9603155498474091,0.07411910101794844,0.07411910101794844,1.4731425898380221e-05,0.47181556904896566,0.5459346700669141,1.1915116290704119e-05,0.19865458840061886,0.22337204512711606,True,0.6871960548915419,0.256364708824659,-0.256364708824659,0.560666570644822,0.30430186182016294,0.0,0.0,0.011784727595203695,0.18872687731284102,0.18872687731284102,0.0,0.0015245454646755992,0.0,0.0003511647536979417,0.0,0.009756813014207907,0.007021084801180997,0.002218694007549989,1.4731425898380221e-06,1.1915116290704119e-07,0.0019865458840061887,0.22337204512711606
0.0,0.0,0.013450709031533298,1425,0.18677139007134214,0.18677139025811354,0.014452415161116977,-0.014452415161116977,0.17822958953434226,0.16377717437322528,0.0,0.015103774980721027,1.1608978666528036,0.0,0.037936433783431506,0.0003614586503634486,0.0,0.009428656393918086,1.0971012687554498,0.006237068216497204,0.71607191035249,0.3131344606146784,-0.3131344606146784,0.5064579929774485,0.19332353236277014,0.11829528243552428,0.18105782503279036,-0.18105782503279036,0.314239856047101,0.13318203101431061,0.29887075273637864,0.7860249681692228,0.00954333116619564,1.0976899747476456,0.11380407117648678,0.11380407117648678,2.266815104422558e-06,0.47181556904896566,0.5856196402254524,6.2768921968492954e-06,0.07123155210137798,0.2675389381564654,True,0.7856034123388681,0.17442017011905597,-0.17442017011905597,0.560666570644822,0.386246400525766,0.0,0.0,0.00269014180630666,0.18677139007134214,0.18677139007134214,0.0,0.007551887490360514,0.0,0.0043375038043613826,0.0,0.05657193836350852,0.005914764121776214,0.0029887075273637865,2.266815104422558e-07,6.276892196849296e-08,0.0007123155210137798,0.2675389381564654
0.0,0.0,0.02759691023602479,1450,0.175728230589692,0.1757282307654202,0.006881035799625346,-0.006881035799625346,0.17822958953434226,0.1713485537347169,0.0,0.006482023340752839,1.6714637083418522,0.0,0.030755271766092933,0.00015969096695379442,0.0,0.005286780068152061,1.072710247339368,0.009898041980418517,0.71607191035249,0.3018819819906474,-0.3018819819906474,0.5064579929774485,0.20457601098680114,0.10219304851941521,0.12752172329838707,-0.12752172329838707,0.314239856047101,0.1867181327487139,0.17180581272300227,0.7685414290182515,0.005369090285771788,1.0732740764921114,0.1743364254279826,0.1743364254279826,3.8373023304089486e-07,0.47181556904896566,0.6461519944769483,1.0195827260185232e-05,0.1873206249072319,0.22682665345320024,True,0.7681376867940957,0.12871284547957784,0.12871284547957784,0.560666570644822,0.6893794161243998,0.0,0.0,0.0055193820472049585,0.175728230589692,0.175728230589692,0.0,0.0032410116703764195,0.0,0.001916291603445533,0.0,0.03172068040891236,0.005109652425970761,0.0017180581272300227,3.8373023304089486e-08,1.0195827260185233e-07,0.0018732062490723188,0.22682665345320024
0.0,0.0,0.05328647687175975,1475,0.1707478570556273,0.17074785722637517,0.04871943018063821,-0.04871943018063821,0.17822958953434226,0.12951015935370405,0.0,0.008891763962978657,1.3549364181195085,0.0,0.029484593838549726,0.00015315165469183265,0.0,0.010445663190478459,0.8977959727286715,0.007862168571002765,0.71607191035249,0.2005988918994006,-0.2005988918994006,0.5064579929774485,0.3058591010780479,0.10428645149404756,0.25765280790024453,-0.25765280790024453,0.314239856047101,0.056587048146856424,0.3070403850647594,0.643196465468834,0.010357364717287557,0.8982288610789505,0.09861405236140475,-0.09861405236140475,5.199943111894727e-06,0.47181556904896566,0.3732015166875609,7.0849524289774605e-06,0.11674174418020934,0.25981556812162887,True,0.6428864862765515,0.16447174434103057,-0.16447174434103057,0.560666570644822,0.3961948263037914,0.0,0.0,0.01065729537435195,0.1707478570556273,0.1707478570556273,0.0,0.004445881981489329,0.0,0.0018378198563019916,0.0,0.06267397914287075,0.005214322574702378,0.003070403850647594,5.199943111894727e-07,7.084952428977461e-08,0.0011674174418020934,0.25981556812162887
0.0,0.0,0.04725450739419144,1500,0.17377025142131544,0.1737702515950857,0.06539708111394502,0.06539708111394502,0.17822958953434226,0.24362667064828727,0.0,0.008205629080655492,2.8953603413339692,0.0,0.04035496164599323,0.00022332245824470358,0.0,3.62792137335262e-05,1.0060232228693222,0.006186628205893218,0.71607191035249,0.25879146778727813,-0.25879146778727813,0.5064579929774485,0.24766652519017043,0.1511033892468551,0.015501755389861704,0.015501755389861704,0.314239856047101,0.3297416114369627,0.24898396137954118,0.7209671533644404,4.673405336518191e-05,1.0068362309326984,0.2000855858964849,0.2000855858964849,7.032887868172462e-06,0.47181556904896566,0.6719011549454506,1.6732716286705593e-05,0.22332387999535874,0.2025006307138605,True,0.7203849811192367,0.19863573086348907,-0.19863573086348907,0.560666570644822,0.3620308397813329,0.0,0.0,0.009450901478838288,0.17377025142131544,0.17377025142131544,0.0,0.004102814540327746,0.0,0.002679869498936443,0.0,0.00021767528240115722,0.007555169462342755,0.002489839613795412,7.032887868172463e-07,1.6732716286705594e-07,0.0022332387999535875,0.2025006307138605
0.0,0.0,0.06646649711180458,1525,0.2161134790919194,0.2161134793080329,0.0525884673526964,0.0525884673526964,0.17822958953434226,0.23081805688703866,0.0,0.020317709332319696,2.5087549376025833,0.0,0.06321323077373013,0.0007566661561667533,0.0,0.004066602224079194,1.0637699162934937,0.014293368615377371,0.71607191035249,0.2727549099759602,-0.2727549099759602,0.5064579929774485,0.23370308300148834,0.1692008836241812,0.10902821575268351,0.10902821575268351,0.314239856047101,0.4232680717997845,0.45422840221571004,0.7622607625279991,0.004160646935166935,1.0645030769434058,0.19994828836208206,0.19994828836208206,9.818883669982548e-06,0.47181556904896566,0.6717638574110477,1.660275591231417e-05,0.11495896482516871,0.28719830616646036,True,0.7617357667734895,0.3232613834491803,-0.3232613834491803,0.560666570644822,0.23740518719564163,0.0,0.0,0.013293299422360917,0.2161134790919194,0.2161134790919194,0.0,0.010158854666159848,0.0,0.00907999387400104,0.0,0.024399613344475164,0.00846004418120906,0.0045422840221571005,9.818883669982548e-07,1.660275591231417e-07,0.001149589648251687,0.28719830616646036
0.0,0.0,0.012248435200494782,1550,0.4152493602630169,0.4152493606782663,0.3084596279683593,0.3084596279683593,0.17822958953434226,0.48668921750270155,0.0,0.01227160344819691,2.646747508366492,0.0,0.04275441785143364,0.0005410051327759239,0.014693552243640644,0.003609593715385052,1.0600798944355352,0.008512474766376218,0.71607191035249,0.2773948876613267,-0.2773948876613267,0.5064579929774485,0.22906310531612184,0.3254259349365577,0.028757172927348806,0.028757172927348806,0.314239856047101,0.3429970289744498,0.20214607107182161,0.7598320397391183,0.0037345966954590187,1.0611113466997661,0.7992338013952456,0.7992338013952456,6.644843937215256e-05,0.47181556904896566,1.2710493704442112,2.4177668118543477e-05,0.4368488240399152,0.47832599329230946,True,0.7590934457355185,0.22464026274035853,0.22464026274035853,0.560666570644822,0.7853068333851805,0.0,0.0,0.0024496870400989566,0.4152493602630169,0.4152493602630169,0.0,0.006135801724098455,0.0,0.006492061593311087,0.003673388060910161,0.021657562292310313,0.016271296746827885,0.002021460710718216,6.644843937215256e-06,2.417766811854348e-07,0.004368488240399152,0.47832599329230946
0.0,0.0,0.015013396213209806,1575,0.5801767448293227,0.5801767454094994,0.249892778431421,0.249892778431421,0.17822958953434226,0.42812236796576325,0.0,0.009066722017515285,2.474420213546051,0.0,0.07110869838002272,0.00036666567297439763,0.05895418232152301,1.907939754359502e-05,0.9956320030284357,0.005735990453397226,0.71607191035249,0.37231311060219996,-0.37231311060219996,0.5064579929774485,0.1341448823752486,0.24795525713615107,0.07270275060996342,-0.07270275060996342,0.314239856047101,0.24153710543713755,0.22763612168023006,0.713664499068898,1.1302926505202172e-05,0.9966380174739892,1.0320798600955257,1.0320798600955257,1.2996161943793015e-05,0.47181556904896566,1.5038954291444913,2.189701993731138e-05,0.172780340902075,0.6233692411910818,True,0.7129441203729681,0.641472757777195,0.641472757777195,0.560666570644822,1.202139328422017,0.0,0.0,0.0030026792426419615,0.5801767448293227,0.5801767448293227,0.0,0.004533361008757643,0.0,0.004399988075692772,0.014738545580380753,0.00011447638526157012,0.012397762856807555,0.0022763612168023007,1.2996161943793017e-06,2.1897019937311382e-07,0.00172780340902075,0.6233692411910818
0.0,0.0,0.019404915692619283,1600,0.15557700105854985,0.15557700121412685,0.0251240556062044,0.0251240556062044,0.17822958953434226,0.20335364514054666,0.0,0.0031442919469684694,1.5485675252333146,0.0,0.04133327088650289,0.00042982024703481136,0.0,0.003005952834809734,1.054826570518406,0.006554827059995981,0.71607191035249,0.23954603291039311,-0.23954603291039311,0.5064579929774485,0.2669119600670554,0.11413624324560506,0.01819897663635639,0.01819897663635639,0.314239856047101,0.33243883268345736,0.06977753397365971,0.7556984825072628,0.0030623829970000617,1.0553388019114984,0.1834099695198363,0.1834099695198363,1.1102271870483593e-05,0.47181556904896566,0.655225538568802,8.26330010389191e-06,0.17045371828668004,0.1923340076889058,True,0.7553316879899461,0.17040269015133946,0.17040269015133946,0.560666570644822,0.7310692607961614,0.0,0.0,0.0038809831385238566,0.15557700105854985,0.15557700105854985,0.0,0.0015721459734842347,0.0,0.005157842964417736,0.0,0.018035717008858403,0.005706812162280254,0.0006977753397365971,1.1102271870483593e-06,8.263300103891911e-08,0.0017045371828668006,0.1923340076889058
0.0,0.0,0.03137314742901964,1625,0.3169403223012142,0.3169403226181545,0.16606782359516187,0.16606782359516187,0.17822958953434226,0.3442974131295041,0.0,0.016414747182393073,2.0748278058019096,0.0,0.047972288979348854,0.0005681005062184764,0.0007025728910579687,0.05156190115748181,1.2270724579456562,0.004922421239219432,0.71607191035249,0.3412877336856886,-0.3412877336856886,0.5064579929774485,0.16517025929175994,0.20560092516536208,0.07179556245546803,0.07179556245546803,0.314239856047101,0.386035418502569,0.2850799869178816,0.8793526615345251,0.05199440808416361,1.2280228236036113,0.5874538535506333,0.5874538535506333,7.095255246514575e-06,0.47181556904896566,1.0592694225995989,1.3146914940927533e-05,0.11400146928440853,0.6620582834354568,True,0.8786721313727961,0.08912557696175771,0.08912557696175771,0.560666570644822,0.6497921476065797,0.0,0.0,0.006274629485803929,0.3169403223012142,0.3169403223012142,0.0,0.008207373591196537,0.0,0.006817206074621717,0.00017564322276449217,0.30937140694489085,0.010280046258268104,0.0028507998691788164,7.095255246514576e-07,1.3146914940927534e-07,0.0011400146928440854,0.6620582834354568
0.0,0.0,0.015616474023992665,1650,0.8878247353461471,0.887824736233972,0.5859669254711948,0.5859669254711948,0.17822958953434226,0.764196515005537,0.0,0.008875091047007354,3.178858243887559,0.0,0.027153119648989678,0.00014635676411614546,0.3146269221493123,0.0025444670661530695,0.9495572892664057,0.006276177231116509,0.71607191035249,0.19896247517254734,-0.19896247517254734,0.5064579929774485,0.3074955178049012,0.5979870117623997,0.44914970749777167,0.44914970749777167,0.314239856047101,0.7633895635448726,0.24572464838406116,0.681088745117139,0.0023867402838390114,0.9511457239963684,1.7824310617005699,1.7824310617005699,4.509033838592642e-05,0.47181556904896566,2.2542466307495355,4.825056782805513e-05,0.25398825574924383,1.0259668609470596,True,0.6799513116097,0.42358536047803064,0.42358536047803064,0.560666570644822,0.9842519311228526,0.0,0.0,0.0031232948047985334,0.8878247353461471,0.8878247353461471,0.0,0.004437545523503677,0.0,0.0017562811693937455,0.07865673053732808,0.015266802396918418,0.029899350588119985,0.002457246483840612,4.509033838592642e-06,4.825056782805513e-07,0.0025398825574924383,1.0259668609470596
0.0,0.0,0.011198676069824049,1675,0.17080261203408895,0.17080261220489154,0.03400706515188118,0.03400706515188118,0.17822958953434226,0.21223665468622344,0.0,0.015267700711381001,1.861499144019761,0.0,0.025943671774170708,0.00021163961801942883,0.0,0.0399418581073301,0.8001454075900929,0.004614834823423827,0.71607191035249,0.07098238217332153,-0.07098238217332153,0.5064579929774485,0.435475610804127,0.15957337713159123,0.07391043551094523,-0.07391043551094523,0.314239856047101,0.24032942053615575,0.24193433232636252,0.5734046306924803,0.03969497509112794,0.800764021594673,0.23178044212968235,0.23178044212968235,9.742343094530521e-06,0.47181556904896566,0.703596011178648,8.607802795496552e-06,0.088273924812093,0.43414883340425947,True,0.5729616585742636,0.28370364253844266,-0.28370364253844266,0.560666570644822,0.2769629281063793,0.0,0.0,0.00223973521396481,0.17080261203408895,0.17080261203408895,0.0,0.007633850355690501,0.0,0.002539675416233146,0.0,0.2396511486439806,0.007978668856579562,0.002419343323263625,9.74234309453052e-07,8.607802795496552e-08,0.00088273924812093,0.43414883340425947
0.0,0.0,0.020376783692034155,1700,0.9799837999380879,0.9799838009180718,0.5675126799633967,0.5675126799633967,0.17822958953434226,0.745742269497739,0.0,0.01603219902220806,3.4717973096636143,0.0,0.0644740972439293,0.0009114734388464269,0.43165944961852143,0.012200670380933714,1.1104566448020838,0.009389962609480322,0.71607191035249,0.34953782691116614,-0.34953782691116614,0.5064579929774485,0.1569201660662824,0.49625389164135114,0.2660039855197081,-0.2660039855197081,0.314239856047101,0.04823587052739287,0.28715143669461907,0.7962548285088928,0.012538636711672529,1.1119760541887083,1.9919264870421687,1.9919264870421687,6.313522601218265e-05,0.47181556904896566,2.4637420560911343,4.018613628979461e-05,0.41742387730716196,1.2159969852500379,True,0.795166822111611,0.5648580935559062,0.5648580935559062,0.560666570644822,1.1255246642007282,0.0,0.0,0.004075356738406831,0.9799837999380879,0.9799837999380879,0.0,0.00801609951110403,0.0,0.010937681266157122,0.10791486240463036,0.07320402228560229,0.024812694582067557,0.002871514366946191,6.313522601218266e-06,4.0186136289794613e-07,0.00417423877307162,1.2159969852500379
0.0,0.0,0.025148333279688115,1725,0.16300263494796388,0.16300263511096652,0.0012211323731395052,-0.0012211323731395052,0.17822958953434226,0.17700845716120275,0.0,0.015436818651411366,1.1304079755226966,0.0,0.049823726455292504,0.0008270247323411146,0.0,0.006636184256427308,1.0814627783495463,0.008055218476621264,0.71607191035249,0.3438088989982533,-0.3438088989982533,0.5064579929774485,0.16264909397919525,0.11311574533265903,0.04932778712507624,0.04932778712507624,0.314239856047101,0.3635676431721772,0.27785727648960074,0.7749193810019137,0.0067537062398939215,1.0821809359881835,0.11002982512455134,0.11002982512455134,3.4836571072593506e-06,0.47181556904896566,0.581845394173517,5.391924266245801e-06,0.10114877387932486,0.23493836331154003,True,0.7744051284824989,0.010171139136518126,0.010171139136518126,0.560666570644822,0.5708377097813401,0.0,0.0,0.005029666655937623,0.16300263494796388,0.16300263494796388,0.0,0.007718409325705683,0.0,0.009924296788093374,0.0,0.03981710553856385,0.005655787266632952,0.002778572764896007,3.4836571072593507e-07,5.391924266245801e-08,0.0010114877387932485,0.23493836331154003
0.0,0.0,0.03155874456645312,1750,0.2624312558076584,0.26243125607008966,0.11342548750724035,0.11342548750724035,0.17822958953434226,0.2916550770415826,0.0,0.012053681389381097,1.9124264626778795,1.590800280398643e-07,0.08039884837725615,0.0012464900365615071,0.0,0.010543028266879261,1.1026792494464157,0.005368389740782092,0.71607191035249,0.29192390308836486,-0.29192390308836486,0.5064579929774485,0.21453408988908368,0.18945960964271621,0.143129039373442,-0.143129039373442,0.314239856047101,0.17111081667365896,0.27814788462356466,0.790122214453414,0.010694002657484134,1.1034118110153968,0.33249409713494743,0.33249409713494743,1.4420823307396426e-05,0.47181556904896566,0.8043096661839131,1.0727596444002842e-05,0.15880380191795387,0.3668308966416676,True,0.7895976476839373,0.3394520111304049,0.3394520111304049,0.560666570644822,0.9001185817752269,0.0,0.0,0.006311748913290624,0.2624312558076584,0.2624312558076584,0.0,0.0060268406946905485,9.544801682391858e-07,0.014957880438738086,0.0,0.06325816960127556,0.009472980482135811,0.0027814788462356466,1.4420823307396427e-06,1.0727596444002843e-07,0.0015880380191795388,0.3668308966416676
0.0,0.0,0.01408402149169197,1775,0.7757896229861303,0.77578962376192,0.48680004225697865,0.48680004225697865,0.17822958953434226,0.6650296317913209,0.0,0.01654612269777652,2.651359078147389,0.0,0.027651486230909107,0.0001098594075296546,0.20236951672944886,0.004859735758907819,1.069711805018288,0.00581803285636502,0.71607191035249,0.2205393940138788,-0.2205393940138788,0.5064579929774485,0.28591859896356975,0.4243493818006231,0.1204966488441292,0.1204966488441292,0.314239856047101,0.43473650489123017,0.35527494935561704,0.7670643878970909,0.0050710602272171085,1.071211377091144,1.51141142753591,1.51141142753591,1.7065321989545785e-05,0.47181556904896566,1.9832269965848757,3.5236852847164044e-05,0.2211810070999897,0.8949326828148368,True,0.765990586443174,0.6517298907991698,0.6517298907991698,0.560666570644822,1.2123964614439917,0.0,0.0,0.0028168042983383944,0.7757896229861303,0.7757896229861303,0.0,0.00827306134888826,0.0,0.0013183128903558553,0.050592379182362215,0.029158414553446914,0.021217469090031155,0.0035527494935561703,1.7065321989545786e-06,3.5236852847164047e-07,0.002211810070999897,0.8949326828148368
0.0,0.0,0.012708363087159197,1800,0.13626496867363458,0.13626496880989955,0.0013426591841946278,0.0013426591841946278,0.17822958953434226,0.1795722487185369,0.0,0.008637845980465682,1.8973110176351187,0.0,0.024392671834062084,0.00012116818669632234,0.0,0.0008995372180574894,0.9700077140241447,0.002585054862527501,0.71607191035249,0.23569815608795647,-0.23569815608795647,0.5064579929774485,0.27075983688949207,0.11966847858961197,0.1901144619669593,-0.1901144619669593,0.314239856047101,0.12412539408014168,0.17966365299824222,0.6949593344128142,0.0008692997866536197,0.9705161097096462,0.03126537815172542,0.03126537815172542,1.612454134283561e-05,0.47181556904896566,0.5030809472006911,8.106335743960972e-06,0.15946393110577986,0.1593531991180126,True,0.6945952865379982,0.01281610654255394,0.01281610654255394,0.560666570644822,0.5734826771873759,0.0,0.0,0.0025416726174318396,0.13626496867363458,0.13626496867363458,0.0,0.004318922990232841,0.0,0.001454018240355868,0.0,0.005397223308344937,0.005983423929480598,0.0017966365299824222,1.612454134283561e-06,8.106335743960972e-08,0.0015946393110577986,0.1593531991180126
0.0,0.0,0.018547025498159328,1825,0.1958439657281608,0.19584396592400474,0.034773706897639756,0.034773706897639756,0.17822958953434226,0.21300329643198201,0.0,0.014379081257924448,1.8520257927758161,0.0,0.02769804514595577,0.00015577429853962593,0.0,0.010911848404564385,0.895540206756071,0.003013921252696803,0.71607191035249,0.15136983985071129,-0.15136983985071129,0.5064579929774485,0.35508815312673725,0.15183191974335325,0.35147553671808857,0.35147553671808857,0.314239856047101,0.6657153927651895,0.23864073938180988,0.6416856225943055,0.010791271039337774,0.8961189572667959,0.1557973730780688,0.1557973730780688,1.5980823254205647e-05,0.47181556904896566,0.6276129421270344,7.305837684269485e-06,0.197753858080341,0.2860405065691082,True,0.6412711956046857,0.14087008719769195,-0.14087008719769195,0.560666570644822,0.41979648344713,0.0,0.0,0.003709405099631866,0.1958439657281608,0.1958439657281608,0.0,0.007189540628962224,0.0,0.001869291582475511,0.0,0.06547109042738632,0.007591595987167663,0.002386407393818099,1.5980823254205647e-06,7.305837684269485e-08,0.0019775385808034097,0.2860405065691082
0.0,0.0,0.026088694335137563,1850,0.17614773321801974,0.17614773339416748,0.010715893139483512,0.010715893139483512,0.17822958953434226,0.18894548267382577,0.0,0.005901726500896302,1.4204785693984976,0.0,0.011785513014217182,3.6327014440469165e-05,0.0,0.0008683770459316822,0.9705317620830209,0.00618313476350301,0.71607191035249,0.22989473445944308,-0.22989473445944308,0.5064579929774485,0.27656325851800545,0.13185345572061516,0.08471387122590396,-0.08471387122590396,0.314239856047101,0.22952598482119702,0.17320454117124043,0.6953906934081425,0.0008341407015702496,0.9711185058978894,0.10143809373543683,0.10143809373543683,7.345850581471705e-06,0.47181556904896566,0.5732536627844025,7.966796022448054e-06,0.054173695377148647,0.19882979118890418,True,0.6949705426378747,0.2910456558047217,-0.2910456558047217,0.560666570644822,0.26962091484010026,0.0,0.0,0.005217738867027513,0.17614773321801974,0.17614773321801974,0.0,0.002950863250448151,0.0,0.00043592417328562995,0.0,0.0052102622755900935,0.006592672786030759,0.0017320454117124044,7.345850581471705e-07,7.966796022448054e-08,0.0005417369537714865,0.19882979118890418
0.0,0.0,0.021015043981450696,1875,0.20802706189876768,0.20802706210679475,0.05194180286075786,-0.05194180286075786,0.17822958953434226,0.1262877866735844,0.0,0.013849578005475805,0.8993479453647086,0.0,0.033317079651925034,0.00021517204940632128,0.0,0.00043689684580638927,1.020902077547612,0.004823199620739942,0.71607191035249,0.2023112241943572,-0.2023112241943572,0.5064579929774485,0.3041467687830913,0.09919628977757443,0.11640479916315766,0.11640479916315766,0.314239856047101,0.43064465521025863,0.3396044590346857,0.7314274238876437,0.0004598485664092094,1.021444079985143,0.11320108666620798,-0.11320108666620798,3.042923309153763e-06,0.47181556904896566,0.35861448238275767,2.7189111939494216e-06,0.04061505960999728,0.23312064652227835,True,0.7310393111613653,0.38260155153089814,-0.38260155153089814,0.560666570644822,0.1780650191139238,0.0,0.0,0.004203008796290139,0.20802706189876768,0.20802706189876768,0.0,0.0069247890027379026,0.0,0.0025820645928758554,0.0,0.0026213810748383355,0.004959814488878722,0.0033960445903468573,3.0429233091537635e-07,2.7189111939494215e-08,0.0004061505960999728,0.23312064652227835
0.0,0.0,0.03033548587408438,1900,0.19940847224413447,0.19940847244354293,0.021869641326937195,-0.021869641326937195,0.17822958953434226,0.15635994820740506,0.0,0.01046118951224705,1.1455557379813233,0.0,0.025190919951598754,7.97347539825689e-05,0.0,0.008252461826069542,0.9091569384814143,0.0032495905014747646,0.71607191035249,0.13421777004023056,-0.13421777004023056,0.5064579929774485,0.372240222937218,0.11094733418323972,0.3457146351849287,0.3457146351849287,0.314239856047101,0.6599544912320296,0.24930745682609853,0.6514907521802769,0.008133893938873845,0.9098118969105468,0.24338315038036468,0.24338315038036468,1.6866161864772695e-06,0.47181556904896566,0.7151987194293303,6.383300766554228e-06,0.16593883918968197,0.2708778143432291,True,0.651021754840177,0.03964891593569109,-0.03964891593569109,0.560666570644822,0.5210176547091309,0.0,0.0,0.006067097174816877,0.19940847224413447,0.19940847224413447,0.0,0.005230594756123525,0.0,0.0009568170477908268,0.0,0.04951477095641725,0.005547366709161987,0.002493074568260985,1.6866161864772696e-07,6.383300766554228e-08,0.0016593883918968198,0.2708778143432291
0.0,0.0,0.060036074269381935,1925,0.22871283248154534,0.22871283271025816,0.12540718679723545,0.12540718679723545,0.17822958953434226,0.3036367763315777,0.0,0.01527577189353942,2.8689810631701893,0.0,0.02421241568625683,9.786343560620956e-05,0.0,0.02247873220242533,1.149929090580932,0.009115568692355422,0.71607191035249,0.28051751985250317,-0.28051751985250317,0.5064579929774485,0.2259404731249454,0.18060126905120702,0.2724608447574834,0.2724608447574834,0.314239856047101,0.5867007008045844,0.40545588403355987,0.8240443414262859,0.022735912628641674,1.1507843248770961,0.2977545869136203,0.2977545869136203,1.205901336520081e-05,0.47181556904896566,0.7695701559625859,1.3571946985930872e-05,0.17088045737230848,0.39919945621144337,True,0.8234319321614805,0.06510032129793486,0.06510032129793486,0.560666570644822,0.6257668919427568,0.0,0.0,0.012007214853876388,0.22871283248154534,0.22871283248154534,0.0,0.00763788594676971,0.0,0.0011743612272745148,0.0,0.134872393214552,0.009030063452560352,0.004054558840335599,1.2059013365200811e-06,1.3571946985930874e-07,0.0017088045737230848,0.39919945621144337
0.0,0.0,0.014365721749649457,1950,0.09243908005518828,0.09243908014762736,0.017487234120067058,0.017487234120067058,0.17822958953434226,0.19571682365440932,0.0,0.004605972947771634,1.666094827478703,0.0,0.021304208090984666,9.905110751942478e-05,0.0,0.0025214772282878446,0.9497856870176655,0.005836376566751683,0.71607191035249,0.11921860867168893,-0.11921860867168893,0.5064579929774485,0.3872393843057596,0.13773554777894575,0.00329668841994335,-0.00329668841994335,0.314239856047101,0.3109431676271576,0.12597167856562902,0.6804935839053476,0.002468641284501467,0.9503145767402403,0.16178403079792186,0.16178403079792186,6.387188618328615e-06,0.47181556904896566,0.6335995998468875,1.186941590769557e-05,0.19792066273582473,0.12405914575394687,True,0.6801148608260488,0.0449566113731108,0.0449566113731108,0.560666570644822,0.6056231820179327,0.0,0.0,0.0028731443499298917,0.09243908005518828,0.09243908005518828,0.0,0.002302986473885817,0.0,0.0011886132902330974,0.0,0.015128863369727068,0.006886777388947288,0.0012597167856562902,6.387188618328616e-07,1.186941590769557e-07,0.0019792066273582472,0.12405914575394687
0.0,0.0,0.012637467024765528,1975,0.2592261465305723,0.25922614678979844,0.17897985957897056,0.17897985957897056,0.17822958953434226,0.3572094491133128,0.0,0.008270189068641711,2.9035254060709175,0.0,0.036296462284880975,0.0001501323490746658,0.0,0.00440085863179834,1.066338967672088,0.007721846001831324,0.71607191035249,0.2749181478040397,-0.2749181478040397,0.5064579929774485,0.2315398451734088,0.22697673827008885,0.2120757581073573,0.2120757581073573,0.314239856047101,0.5263156141544583,0.2523919498577463,0.7642311244532147,0.00452319503256043,1.0672547026798902,0.4276830216472543,0.4276830216472543,9.28869612131875e-06,0.47181556904896566,0.89949859069622,2.0751162170546382e-05,0.4036736573762438,0.3120061038166105,True,0.7635753923276438,0.022097592366199792,-0.022097592366199792,0.560666570644822,0.5385689782786222,0.0,0.0,0.002527493404953106,0.2592261465305723,0.2592261465305723,0.0,0.0041350945343208555,0.0,0.0018015881888959896,0.0,0.02640515179079004,0.011348836913504443,0.002523919498577463,9.288696121318751e-07,2.0751162170546382e-07,0.004036736573762438,0.3120061038166105
0.0,0.0,0.022221556458922508,2000,0.26667641496793065,0.26667641523460706,0.15923993848328438,0.15923993848328438,0.17822958953434226,0.33746952801762664,4.681423803472796e-05,0.018328887348651048,3.04768953938599,0.0,0.05941080044145566,0.0005369700095441705,0.0,0.007430077748915452,1.0861978987500012,0.00838457148584298,0.71607191035249,0.2828000045138832,-0.2828000045138832,0.5064579929774485,0.2236579884635653,0.22659110237729108,0.15890650000827256,0.15890650000827256,0.314239856047101,0.47314635605537353,0.3311293560174978,0.7783138963647749,0.0075553303107390255,1.0869214030647172,0.45443269465015784,0.45443269465015784,1.7569909725048365e-05,0.47181556904896566,0.9262482636991235,1.771288938449099e-05,0.3482729447618114,0.34966885997876107,True,0.7777958152407528,0.13597059218377883,-0.13597059218377883,0.560666570644822,0.4246959784610431,0.0,0.0,0.004444311291784501,0.26667641496793065,0.26667641496793065,0.00023407119017363978,0.009164443674325524,0.0,0.006443640114530046,0.0,0.04458046649349272,0.011329555118864555,0.0033112935601749783,1.7569909725048367e-06,1.771288938449099e-07,0.0034827294476181144,0.34966885997876107
0.0,0.0,0.01677021040794311,2025,0.12936329377515407,0.12936329390451734,0.029294184229784387,-0.029294184229784387,0.17822958953434226,0.14893540530455787,0.0,0.009964236331377049,1.1598794315996845,0.0,0.04790299430063075,0.00045393267838987064,0.0,0.007013283058747037,1.0837453464901008,0.004494518427110085,0.71607191035249,0.2600365752323305,-0.2600365752323305,0.5064579929774485,0.24642141774511803,0.09507457733397687,0.09384674083225769,0.09384674083225769,0.314239856047101,0.40808659687935867,0.17008715488285095,0.7765211229779032,0.007126361766139891,1.0844177811017317,0.05892724607622135,-0.05892724607622135,1.178948704461563e-06,0.47181556904896566,0.4128883229727443,4.345002668745733e-06,0.08145564959619553,0.19249566277197833,True,0.7760396114342412,0.054013963619791605,0.054013963619791605,0.560666570644822,0.6146805342646136,0.0,0.0,0.0033540420815886224,0.12936329377515407,0.12936329377515407,0.0,0.004982118165688524,0.0,0.005447192140678448,0.0,0.04207969835248222,0.004753728866698843,0.0017008715488285096,1.178948704461563e-07,4.345002668745733e-08,0.0008145564959619553,0.19249566277197833
0.0,0.0,0.038490669872592836,2050,0.18979564097916682,0.18979564116896247,0.11039150018497373,0.11039150018497373,0.17822958953434226,0.288621089719316,0.0,0.009869832598243068,2.5024271708941574,0.0,0.01922692454410563,7.174563915898993e-05,0.0,4.775111174794214e-05,0.9930897820766678,0.004652859881406506,0.71607191035249,0.2546292931032678,-0.2546292931032678,0.5064579929774485,0.2518286998741807,0.19352059965581325,0.049640885155072145,-0.049640885155072145,0.314239856047101,0.26459897089202883,0.24548134559794915,0.7116955762343982,3.735163697240594e-05,0.99388840143887,0.3172146576330895,0.3172146576330895,8.250067867846218e-06,0.47181556904896566,0.7890302266820551,1.5637508735960052e-05,0.16320608524010052,0.21734003126624776,True,0.7111237073340753,0.0004586044827702418,-0.0004586044827702418,0.560666570644822,0.5602079661620517,0.0,0.0,0.007698133974518568,0.18979564097916682,0.18979564097916682,0.0,0.004934916299121534,0.0,0.0008609476699078792,0.0,0.0002865066704876529,0.009676029982790664,0.0024548134559794917,8.250067867846219e-07,1.5637508735960053e-07,0.0016320608524010053,0.21734003126624776
0.0,0.0,0.03621660784965723,2075,0.20486990143873707,0.20486990164360697,0.00881716562097612,0.00881716562097612,0.17822958953434226,0.18704675515531838,0.0,0.014691250091301566,1.2391371209473394,0.0,0.02636992516122289,0.0002910014155067575,0.0,0.002790414164834594,1.0528243709364777,0.0026538029550188316,0.71607191035249,0.37754968893863694,-0.37754968893863694,0.5064579929774485,0.12890830403881157,0.11511471677666979,0.16634890302031613,0.16634890302031613,0.314239856047101,0.4805887590674171,0.24208693797874173,0.7542525099795848,0.002842968018414044,1.0533194900427043,0.15052279827440146,0.15052279827440146,8.165901631837527e-06,0.47181556904896566,0.6223383673233671,4.999752840561501e-06,0.1459615956612939,0.2493304377923334,True,0.7538979690903859,0.13003000666630005,0.13003000666630005,0.560666570644822,0.690696577311122,0.0,0.0,0.007243321569931446,0.20486990143873707,0.20486990143873707,0.0,0.007345625045650783,0.0,0.00349201698608109,0.0,0.016742484989007565,0.00575573583883349,0.002420869379787417,8.165901631837527e-07,4.9997528405615005e-08,0.001459615956612939,0.2493304377923334
0.0,0.0,0.03459675594828331,2100,0.1656200990603321,0.1656200992259522,0.00247360514096423,0.00247360514096423,0.17822958953434226,0.1807031946753065,0.0,0.01333472375332585,1.5991391274729245,0.0,0.04619050563273924,0.00017485387609567063,0.0,0.010338358130616695,1.1016777169817296,0.01077121868951351,0.71607191035249,0.2252161080669875,-0.2252161080669875,0.5064579929774485,0.28124188491046104,0.12059392985430123,0.23894587795305616,0.23894587795305616,0.314239856047101,0.5531857340001571,0.3488490299357736,0.7893087162853003,0.010460329959257116,1.102275754503485,0.052909209150876046,-0.052909209150876046,2.633327726978141e-06,0.47181556904896566,0.4189063598980896,9.41938933155309e-06,0.1391400119714731,0.2542451518619534,True,0.788880478408654,0.1628715913813974,-0.1628715913813974,0.560666570644822,0.39779497926342455,0.0,0.0,0.006919351189656663,0.1656200990603321,0.1656200990603321,0.0,0.006667361876662925,0.0,0.0020982465131480477,0.0,0.06203014878370017,0.006029696492715062,0.003488490299357736,2.6333277269781413e-07,9.41938933155309e-08,0.001391400119714731,0.2542451518619534
0.0,0.0,0.0033283415702814716,2125,0.3456527082289551,0.34565270857460784,0.10754319712126531,0.10754319712126531,0.17822958953434226,0.28577278665560757,0.0,0.009636741922049049,1.9745868251153698,0.0,0.042809075457320114,0.0001270076847770492,0.008212913939943497,0.0012507122255648187,0.9646345899844945,0.00928295829058977,0.71607191035249,0.19591710066272594,-0.19591710066272594,0.5064579929774485,0.3105408923147226,0.19903903499256234,0.01913999822110951,0.01913999822110951,0.314239856047101,0.3333798542682105,0.16288534274454103,0.6913615108310475,0.001190821310853286,0.9654917211258909,0.7308283790464993,0.7308283790464993,5.6127941991748205e-06,0.47181556904896566,1.202643948095465,1.679760167208263e-05,0.11845541481093422,0.37498443014035476,True,0.6907477432886338,0.11381329445202748,-0.11381329445202748,0.560666570644822,0.44685327619279447,0.0,0.0,0.0006656683140562943,0.3456527082289551,0.3456527082289551,0.0,0.0048183709610245245,0.0,0.0015240922173245903,0.002053228484985874,0.007504273353388912,0.009951951749628117,0.0016288534274454102,5.612794199174821e-07,1.679760167208263e-07,0.0011845541481093423,0.37498443014035476
0.0,0.0,0.015289108619887887,2150,0.4066141624516795,0.4066141628582936,0.2475136054262697,0.2475136054262697,0.17822958953434226,0.42574319496061197,0.0,0.007174184891240981,2.0450773142480148,0.0,0.025437065876950694,7.921391866196047e-05,0.018893310255362054,0.000697195035151736,1.0264044510481043,0.004309937860043249,0.71607191035249,0.23241047989443603,-0.23241047989443603,0.5064579929774485,0.2740475130830125,0.2759147065357776,0.08199540616369799,0.08199540616369799,0.314239856047101,0.39623526221079897,0.13477800961455075,0.7357005818286355,0.000751394622062125,1.02741157824829,0.8355385447624657,0.8355385447624657,1.4397549245769747e-05,0.47181556904896566,1.3073541138114313,2.0986906920099477e-05,0.11120478955100055,0.43937335436241015,True,0.7349794063203594,0.08093123459550555,0.08093123459550555,0.560666570644822,0.6415978052403275,0.0,0.0,0.0030578217239775776,0.4066141624516795,0.4066141624516795,0.0,0.0035870924456204907,0.0,0.0009505670239435256,0.004723327563840514,0.004183170210910416,0.01379573532678888,0.0013477800961455076,1.4397549245769748e-06,2.0986906920099477e-07,0.0011120478955100055,0.43937335436241015
0.0,0.0,0.023192130034140935,2175,0.17171494621777036,0.1717149463894853,0.06002227753755897,-0.06002227753755897,0.17822958953434226,0.11820731199678329,0.0,0.007070391907464576,0.9087596474006973,0.0,0.02229682313143282,0.00010349371263481794,0.0,3.5907470858961935e-05,1.0059922842772153,0.0024256124381697485,0.71607191035249,0.1243310887273672,-0.1243310887273672,0.5064579929774485,0.38212690425008133,0.0869222277265898,0.27966355526272685,0.27966355526272685,0.314239856047101,0.5939034113098278,0.14519793427674277,0.7208104502826127,4.378990151802626e-05,1.0066173938614855,0.12265373167648652,-0.12265373167648652,3.759267991736808e-07,0.47181556904896566,0.34916183737247913,3.2093817843116003e-06,0.06535043309990315,0.1877976023016961,True,0.7203628268621736,0.18738617506751942,-0.18738617506751942,0.560666570644822,0.3732803955773025,0.0,0.0,0.0046384260068281875,0.17171494621777036,0.17171494621777036,0.0,0.003535195953732288,0.0,0.0012419245516178154,0.0,0.0002154448251537716,0.004346111386329491,0.0014519793427674277,3.7592679917368086e-08,3.2093817843116e-08,0.0006535043309990315,0.1877976023016961
0.0,0.0,0.012890825005201036,2200,0.22015859812603436,0.22015859834619297,0.09997799474922403,0.09997799474922403,0.17822958953434226,0.2782075842835663,0.0,0.006492688323698504,2.1824418693794545,0.0,0.06363076192396719,0.0007747697358471622,0.0,3.048091969061062e-05,1.0055209527882976,0.005600928806484691,0.71607191035249,0.34025392329767035,-0.34025392329767035,0.5064579929774485,0.16620406967977822,0.17215064174398162,0.1753442915427385,0.1753442915427385,0.314239856047101,0.4895841475898395,0.16686806042232077,0.7205433408785549,3.899220045148241e-05,1.0062443735035216,0.29198622320481465,0.29198622320481465,1.6077604261133713e-05,0.47181556904896566,0.7638017922537803,1.5467013501422642e-05,0.15895616334441878,0.24733076639266102,True,0.7200253196177816,0.02406522921627896,0.02406522921627896,0.560666570644822,0.5847317998611009,0.0,0.0,0.0025781650010402073,0.22015859812603436,0.22015859812603436,0.0,0.003246344161849252,0.0,0.009297236830165947,0.0,0.00018288551814366373,0.00860753208719908,0.0016686806042232078,1.6077604261133714e-06,1.5467013501422643e-07,0.001589561633444188,0.24733076639266102
0.0,0.0,0.034140214618123714,2225,0.6207699735819806,0.6207699742027506,0.4189513885687686,0.4189513885687686,0.17822958953434226,0.5971809781031109,0.0,0.008401811739908244,3.5776445615181367,0.0,0.024972775037116868,0.00015848612255787298,0.09781708539606705,0.005026925524060032,0.9290991853075014,0.007730857446645206,0.71607191035249,0.17030927014373487,-0.17030927014373487,0.5064579929774485,0.33614872283371366,0.38857873847922353,0.36128798097430886,0.36128798097430886,0.314239856047101,0.6755278370214098,0.20298002730221637,0.6664811662606259,0.004796098975966559,0.9307461266356418,1.2275308593971481,1.2275308593971481,2.8129215066897133e-05,0.47181556904896566,1.6993464284461137,4.34966595639822e-05,0.24136824236771093,0.7121922478483937,True,0.6653018378210764,0.29135935699584714,0.29135935699584714,0.560666570644822,0.8520259276406691,0.0,0.0,0.006828042923624743,0.6207699735819806,0.6207699735819806,0.0,0.004200905869954122,0.0,0.0019018334706944757,0.024454271349016763,0.03016155314436019,0.01942893692396118,0.002029800273022164,2.8129215066897136e-06,4.3496659563982197e-07,0.0024136824236771093,0.7121922478483937
0.0,0.0,0.016486706756351256,2250,0.14437600424717045,0.14437600439154646,0.05980222238996402,0.05980222238996402,0.17822958953434226,0.23803181192430628,0.0,0.007896384805744705,2.397915453481457,0.0,0.04937653389481143,0.0009000474020341405,0.0,0.0028336304006414885,0.9467681448694347,0.012292940624781862,0.71607191035249,0.07039067165738572,-0.07039067165738572,0.5064579929774485,0.4360673213200628,0.16294375257879784,0.04103218906469985,-0.04103218906469985,0.314239856047101,0.2732076669824011,0.1710341346749118,0.6783183720983053,0.0027797277460827156,0.9472768765522876,0.20082476083975426,0.20082476083975426,4.342619604481114e-06,0.47181556904896566,0.6726403298887199,1.8019737888947455e-05,0.24686464762623633,0.19175067914086236,True,0.6779540836252206,0.2316824888838102,-0.2316824888838102,0.560666570644822,0.32898408176101174,0.0,0.0,0.0032973413512702512,0.14437600424717045,0.14437600424717045,0.0,0.003948192402872352,0.0,0.010800568824409686,0.0,0.01700178240384893,0.008147187628939892,0.001710341346749118,4.3426196044811144e-07,1.8019737888947457e-07,0.0024686464762623634,0.19175067914086236
0.0,0.0,0.01825481289395195,2275,0.18792426400534237,0.18792426419326663,0.05022196224639422,0.05022196224639422,0.17822958953434226,0.22845155178073648,0.0,0.011143549957846825,2.3596502060131934,0.0,0.04166805119374828,0.00036005793494088816,0.0,0.00010639136861237216,0.9896853808304731,0.008294452928269866,0.71607191035249,0.22541744928382218,-0.22541744928382218,0.5064579929774485,0.28104054369362635,0.17430135996444787,0.17432960646177048,0.17432960646177048,0.314239856047101,0.48856946250887145,0.23047979218035955,0.7090167664136189,9.707327921138068e-05,0.9901474227122351,0.13470562524804136,0.13470562524804136,2.703772448048725e-05,0.47181556904896566,0.606521194297007,1.0420733678663628e-05,0.28713627938098135,0.2160000816876417,True,0.7086859111960623,0.27332390357745706,-0.27332390357745706,0.560666570644822,0.2873426670673649,0.0,0.0,0.00365096257879039,0.18792426400534237,0.18792426400534237,0.0,0.005571774978923413,0.0,0.004320695219290658,0.0,0.000638348211674233,0.008715067998222394,0.0023047979218035956,2.7037724480487254e-06,1.0420733678663628e-07,0.0028713627938098136,0.2160000816876417
0.0,0.0,0.05557813471666477,2300,0.5937937226444109,0.5937937232382047,0.38586239043009346,0.38586239043009346,0.17822958953434226,0.5640919799644357,0.0,0.015317680920824856,2.510324820325281,0.0,0.055317542800503355,0.00047456453624390645,0.064329852612171,2.2015212634978383e-06,0.998516247573381,0.010429997393940977,0.71607191035249,0.2527889173704925,-0.2527889173704925,0.5064579929774485,0.253669075606956,0.359798755249936,0.09460791794246706,-0.09460791794246706,0.314239856047101,0.2196319381046339,0.3073936035880719,0.7157267162852472,2.324012824264431e-07,0.9995179198381737,1.0488613029687188,1.0488613029687188,3.1644859789128766e-05,0.47181556904896566,1.5206768720176844,3.05774150932644e-05,0.21666069649279987,0.657592587787142,True,0.7150094469030333,0.6641552654982334,0.6641552654982334,0.560666570644822,1.2248218361430554,0.0,0.0,0.011115626943332955,0.5937937226444109,0.5937937226444109,0.0,0.007658840460412428,0.0,0.005694774434926877,0.01608246315304275,1.320912758098703e-05,0.0179899377624968,0.0030739360358807187,3.1644859789128767e-06,3.0577415093264403e-07,0.002166606964927999,0.657592587787142
0.0,0.0,0.03654218178934154,2325,0.11478584757391036,0.1147858476886962,0.00017237890215132667,-0.00017237890215132667,0.17822958953434226,0.17805721063219093,0.0,0.00735391390457338,1.6434943834517834,0.0,0.03842982199935901,0.00011669051687264798,0.0,0.0045839261767403345,1.06770469833579,0.004075222108776515,0.71607191035249,0.23994703934414846,-0.23994703934414846,0.5064579929774485,0.2665109536333001,0.11946618633575967,0.05523025661005543,0.05523025661005543,0.314239856047101,0.3694701126571564,0.2120925378351482,0.7650083552027511,0.004670370834364399,1.068340111459994,0.029379659041469053,0.029379659041469053,5.824005715546317e-06,0.47181556904896566,0.5011952280904347,6.675572700684534e-06,0.09858780871133803,0.16375584608553054,True,0.7645533537066853,0.06626309027617888,-0.06626309027617888,0.560666570644822,0.49440348036864307,0.0,0.0,0.007308436357868308,0.11478584757391036,0.11478584757391036,0.0,0.00367695695228669,0.0,0.0014002862024717756,0.0,0.027503557060442007,0.005973309316787984,0.002120925378351482,5.824005715546318e-07,6.675572700684534e-08,0.0009858780871133802,0.16375584608553054
0.0,0.0,0.029918008622680698,2350,0.16029224449445936,0.16029224465475161,0.010417425491888732,0.010417425491888732,0.17822958953434226,0.188647015026231,0.0,0.00595882743454495,1.643274935775687,0.0,0.04991713881180127,0.0007077680141090536,0.0,3.173995060424693e-05,1.0056338220245449,0.010756142928530624,0.71607191035249,0.2850958955362153,-0.2850958955362153,0.5064579929774485,0.22136209744123322,0.13796400774436682,0.021453529792062276,-0.021453529792062276,0.314239856047101,0.2927863262550387,0.13248393430675515,0.7205942372011318,3.988491645052719e-05,1.0063154506134184,0.1360474181791405,0.1360474181791405,1.4034000412666117e-06,0.47181556904896566,0.6078629872281062,1.1334114610150845e-05,0.1146228514147442,0.18730843773478564,True,0.72010614210853,0.16766237545457013,-0.16766237545457013,0.560666570644822,0.3930041951902518,0.0,0.0,0.00598360172453614,0.16029224449445936,0.16029224449445936,0.0,0.002979413717272475,0.0,0.008493216169308643,0.0,0.0001904397036254816,0.006898200387218341,0.0013248393430675515,1.4034000412666116e-07,1.1334114610150845e-07,0.001146228514147442,0.18730843773478564
0.0,0.0,0.02931899039947853,2375,0.24882829077010812,0.24882829101893641,0.0344407924142249,-0.0344407924142249,0.17822958953434226,0.14378879712011736,0.0,0.006607050360941699,0.8430693168870308,0.0,0.029008177138918286,0.0001287458497578339,0.0,0.019693147556821826,1.1403322755349667,0.002060948240321701,0.71607191035249,0.3260642800234256,-0.3260642800234256,0.5064579929774485,0.18039371295402293,0.10115499488826069,0.20797783792287933,0.20797783792287933,0.314239856047101,0.5222176939699803,0.13859571156875142,0.8170799744284334,0.01989750952272354,1.1410585322577955,0.022723920001270825,-0.022723920001270825,2.206976211133602e-06,0.47181556904896566,0.44909164904769483,2.842451685628246e-06,0.040488238135078625,0.38454828793208895,True,0.8165599223822484,0.39787228046247247,-0.39787228046247247,0.560666570644822,0.16279429018234948,0.0,0.0,0.005863798079895706,0.24882829077010812,0.24882829077010812,0.0,0.0033035251804708495,0.0,0.001544950197094007,0.0,0.11815888534093096,0.005057749744413035,0.0013859571156875142,2.2069762111336023e-07,2.842451685628246e-08,0.00040488238135078625,0.38454828793208895
0.0,0.0,0.028574112446254196,2400,0.212764811291956,0.21276481150472082,0.027371851745242815,0.027371851745242815,0.17822958953434226,0.20560144127958507,0.0,0.01052522873197711,1.3946238030805787,0.0,0.06082434106591363,0.00032783029165915,0.0,0.0540584484506907,1.2325047278028787,0.004046163739381566,0.71607191035249,0.3317787074459822,-0.3317787074459822,0.5064579929774485,0.17467928553146633,0.11893876348830842,0.08581112800985052,0.08581112800985052,0.314239856047101,0.4000509840569515,0.20347026756085013,0.8830848846825992,0.054398519616314533,1.2332349022258773,0.1372604664098866,0.1372604664098866,1.6351918719395439e-06,0.47181556904896566,0.6090760354588522,5.681826956832108e-06,0.09592996755938543,0.5609680632143238,True,0.8825620272813304,0.2988544976427896,0.2988544976427896,0.560666570644822,0.8595210682876115,0.0,0.0,0.005714822489250839,0.212764811291956,0.212764811291956,0.0,0.005262614365988555,0.0,0.0039339634999098,0.0,0.32435069070414424,0.005946938174415422,0.002034702675608501,1.6351918719395439e-07,5.681826956832108e-08,0.0009592996755938543,0.5609680632143238
0.0,0.0,0.013790606594251551,2425,0.3066444217746927,0.30664442208133713,0.1314962636285767,0.1314962636285767,0.17822958953434226,0.30972585316291895,0.0,0.010070173866986425,1.839516428749278,0.0,0.06546826568321795,0.0003733490593652059,0.0,0.036262006676746186,1.1904258561139904,0.009428663595509482,0.71607191035249,0.3129904453562002,-0.3129904453562002,0.5064579929774485,0.19346754762124835,0.175311276428279,0.2093356767890518,0.2093356767890518,0.314239856047101,0.5235755328361528,0.17573096786409695,0.8532094203918132,0.036677452947915676,1.1915135842386009,0.38966694196869084,0.38966694196869084,1.6548339985977851e-06,0.47181556904896566,0.8614825110176565,1.3222227976445735e-05,0.10954395765067493,0.5481084695821371,True,0.8524305288248021,0.39904632625232384,0.39904632625232384,0.560666570644822,0.9597128968971458,0.0,0.0,0.0027581213188503104,0.3066444217746927,0.3066444217746927,0.0,0.005035086933493213,0.0,0.004480188712382471,0.0,0.21757204006047712,0.008765563821413951,0.0017573096786409695,1.6548339985977853e-07,1.3222227976445736e-07,0.0010954395765067494,0.5481084695821371
0.0,0.0,0.009135186117933364,2450,0.5120449944357242,0.5120449949477691,0.2909040313215506,0.2909040313215506,0.17822958953434226,0.4691336208558929,0.0,0.00761741461225125,2.3625753386657755,0.0,0.053179726355382435,0.0005714586898063206,0.0587008895024236,0.006222327111641283,1.0788817286299006,0.008798675168797482,0.71607191035249,0.26592934735968443,-0.26592934735968443,0.5064579929774485,0.24052864561776408,0.31335490020211076,0.09319138019175038,0.09319138019175038,0.314239856047101,0.40743123623885136,0.14113682045529138,0.773344975545551,0.006397162960343607,1.0799822665366743,1.0699449384745323,1.0699449384745323,1.9329486040439e-05,0.47181556904896566,1.541760507523498,2.512935864321833e-05,0.12595709530764668,0.5948882966984912,True,0.7725569112532269,0.04626020233108896,0.04626020233108896,0.560666570644822,0.6069267729759109,0.0,0.0,0.001827037223586673,0.5120449944357242,0.5120449944357242,0.0,0.003808707306125625,0.0,0.006857504277675848,0.0146752223756059,0.037333962669847696,0.015667745010105538,0.001411368204552914,1.9329486040439e-06,2.512935864321833e-07,0.0012595709530764667,0.5948882966984912
0.0,0.0,0.007104356888563539,2475,0.2078118483545809,0.20781184856239276,0.03500364842592821,0.03500364842592821,0.17822958953434226,0.21323323796027047,0.0,0.01301276614745982,1.486740076703725,0.0,0.05769991176829692,0.0007625926236947056,0.0,0.04055149845492842,1.201374026266866,0.010726178131388441,0.71607191035249,0.3480459286040213,-0.3480459286040213,0.5064579929774485,0.15841206437342725,0.13843670211902892,0.08122108021527968,-0.08122108021527968,0.314239856047101,0.2330187758318213,0.27061877606003437,0.8607052795572689,0.040796570697064174,1.20198160979917,0.10078941944095193,0.10078941944095193,1.8186983550913308e-06,0.47181556904896566,0.5726049884899176,8.801877477884896e-06,0.1593362828425475,0.4794208606035181,True,0.8602702060505174,0.2771501889789214,0.2771501889789214,0.560666570644822,0.8378167596237434,0.0,0.0,0.0014208713777127079,0.2078118483545809,0.2078118483545809,0.0,0.00650638307372991,0.0,0.009151111484336467,0.0,0.24330899072957052,0.006921835105951447,0.0027061877606003436,1.818698355091331e-07,8.801877477884897e-08,0.001593362828425475,0.4794208606035181
0.0,0.0,0.04390023808801305,2500,0.6216299698528842,0.6216299704745142,0.33750711261355587,0.33750711261355587,0.17822958953434226,0.5157367021478981,0.0,0.009028096378750667,2.5118663583441867,0.0,0.054466589420724465,0.0003336429202121559,0.10793886295765016,0.010465979832089944,1.1023033715577837,0.009214378722648539,0.71607191035249,0.33458102857856986,0.33458102857856986,0.5064579929774485,0.8410390215560184,0.3442456099208399,0.3236009571879542,0.3236009571879542,0.314239856047101,0.6378408132350551,0.18763469566411478,0.7901457994030452,0.010700815802053457,1.1034447475807905,1.2628233319005082,1.2628233319005082,1.2935010493706922e-05,0.47181556904896566,1.7346389009494738,3.204589446558957e-05,0.25283359765452346,0.7503269528235825,True,0.7893284920824064,0.08260289417467404,0.08260289417467404,0.560666570644822,0.643269464819496,0.0,0.0,0.00878004761760261,0.6216299698528842,0.6216299698528842,0.0,0.004514048189375334,0.0,0.004003715042545871,0.02698471573941254,0.06279587899253966,0.017212280496041996,0.001876346956641148,1.2935010493706924e-06,3.204589446558957e-07,0.0025283359765452345,0.7503269528235825
0.0,0.0,0.05013692933798518,2525,0.2132520972199249,0.213252097433177,0.04710900626524503,-0.04710900626524503,0.17822958953434226,0.13112058326909723,0.0,0.009999163234183114,0.6858909454773421,0.0,0.04341636645902355,0.0002543055660482161,0.0,0.017955377961595013,1.1339976789410735,0.0018701881755851155,0.71607191035249,0.3704615975245271,-0.3704615975245271,0.5064579929774485,0.1359963954529214,0.08458831298493764,0.22085292577946253,0.22085292577946253,0.314239856047101,0.5350927818265635,0.23043030553793983,0.8122498074559857,0.01804002670996852,1.1343131665547668,0.12885940423843434,-0.12885940423843434,1.0899776824600434e-06,0.47181556904896566,0.3429561648105313,1.2825142171543957e-06,0.040720512253046334,0.3460040449168293,True,0.8120238956346009,0.15013484172732677,-0.15013484172732677,0.560666570644822,0.4105317289174952,0.0,0.0,0.010027385867597036,0.2132520972199249,0.2132520972199249,0.0,0.004999581617091557,0.0,0.003051666792578593,0.0,0.10773226776957008,0.004229415649246882,0.0023043030553793983,1.0899776824600435e-07,1.2825142171543958e-08,0.00040720512253046337,0.3460040449168293
0.0,0.0,0.0644275254300601,2550,0.16019179822769733,0.16019179838788913,0.051497504443881736,-0.051497504443881736,0.17822958953434226,0.12673208509046052,0.0,0.01583180036462393,0.5971358119092554,0.0,0.04058581759530271,0.0004440395953348352,0.0,0.0037711887247364006,1.0614100050866013,0.004189494001412457,0.71607191035249,0.24287291970739888,-0.24287291970739888,0.5064579929774485,0.26358507327004965,0.09031744309437514,0.1644573759422831,0.1644573759422831,0.314239856047101,0.4786972319893841,0.38713895753865557,0.7603940802391673,0.003831144603461871,1.0618962406246282,0.1262013197358946,-0.1262013197358946,5.978450887661579e-08,0.47181556904896566,0.34561424931307105,1.2976912562556743e-06,0.030949441586752127,0.21764558608979406,True,0.7600459006237088,0.1539311913085955,-0.1539311913085955,0.560666570644822,0.40673537933622644,0.0,0.0,0.01288550508601202,0.16019179822769733,0.16019179822769733,0.0,0.007915900182311964,0.0,0.005328475144018022,0.0,0.022627132348418403,0.0045158721547187575,0.003871389575386556,5.978450887661579e-09,1.2976912562556743e-08,0.0003094944158675213,0.21764558608979406
0.0,0.0,0.05203614456927352,2575,0.1626594231344323,0.16265942329709174,0.0402081540568312,0.0402081540568312,0.17822958953434226,0.21843774359117346,0.0,0.016317685088565275,1.5554063081079545,0.0,0.037802333017194954,0.0003471378474211551,0.0,0.0028948771443653835,1.0538040625265916,0.009786925233677274,0.71607191035249,0.21659657497381324,-0.21659657497381324,0.5064579929774485,0.2898614180036353,0.14641386667926332,0.231291116231709,0.231291116231709,0.314239856047101,0.54553097227881,0.29264020385912726,0.7551161749048669,0.002973041581068823,1.054525604820752,0.1346624998372848,0.1346624998372848,7.37928008467068e-07,0.47181556904896566,0.6064780688862504,9.339403316365693e-06,0.16968830481014216,0.2147045572353057,True,0.7545994987286719,0.11013672722362466,-0.11013672722362466,0.560666570644822,0.4505298434211973,0.0,0.0,0.010407228913854705,0.1626594231344323,0.1626594231344323,0.0,0.008158842544282638,0.0,0.004165654169053861,0.0,0.017369262866192302,0.007320693333963166,0.002926402038591273,7.379280084670681e-08,9.339403316365694e-08,0.0016968830481014217,0.2147045572353057
0.0,0.0,0.008733659295951783,2600,0.6821477232533665,0.6821477239355141,0.13598279169671956,0.13598279169671956,0.17822958953434226,0.3142123812310618,0.0,0.00950991073736757,1.7778940352865371,0.0,0.06336316193590115,0.0004446273066286238,0.15149331920797576,0.026117916258106468,1.1616103841283303,0.00356212062955227,0.71607191035249,0.31482266617342636,-0.31482266617342636,0.5064579929774485,0.1916353268040222,0.18731078791676264,0.05995775000897946,0.05995775000897946,0.314239856047101,0.37419760605608043,0.194931673087709,0.8323250903248148,0.026357020856401566,1.1623484550477816,0.7526446126553346,0.7526446126553346,2.567313157666805e-05,0.47181556904896566,1.2244601817043002,1.0152290182690589e-05,0.2825633943898102,0.9027089244180897,True,0.831796578464167,1.2802164312461375,1.2802164312461375,0.560666570644822,1.8408830018909594,0.0,0.0,0.0017467318591903567,0.6821477232533665,0.6821477232533665,0.0,0.004754955368683785,0.0,0.005335527679543485,0.03787332980199394,0.1567074975486388,0.009365539395838132,0.0019493167308770902,2.5673131576668052e-06,1.015229018269059e-07,0.002825633943898102,0.9027089244180897
0.0,0.0,0.016785768965262116,2625,0.17255304820737674,0.1725530483799298,0.025928433136893553,0.025928433136893553,0.17822958953434226,0.2041580226712358,0.0,0.007835864787382865,1.434859642789387,0.0,0.06023294966312616,0.0006211953261746197,0.0,0.025296107413226677,1.15904750049349,0.0059601236444048996,0.71607191035249,0.3462572900206745,-0.3462572900206745,0.5064579929774485,0.160200702956774,0.13739322158594036,0.004508877214561446,0.004508877214561446,0.314239856047101,0.3187487332616624,0.1621789313170272,0.8304158121872112,0.025498383693726118,1.159682133295263,0.1674946362227368,0.1674946362227368,1.0521951413881843e-06,0.47181556904896566,0.6393102052717025,8.43077645626901e-06,0.08375590173732009,0.3483883217246953,True,0.8299613694581269,0.015218240749612755,0.015218240749612755,0.560666570644822,0.5758848113944347,0.0,0.0,0.0033571537930524235,0.17255304820737674,0.17255304820737674,0.0,0.003917932393691433,0.0,0.007454343914095437,0.0,0.15177664447936007,0.006869661079297019,0.001621789313170272,1.0521951413881844e-07,8.43077645626901e-08,0.0008375590173732008,0.3483883217246953
0.0,0.0,0.0024851073213889062,2650,0.12281602957929932,0.12281602970211536,0.041103827883435,-0.041103827883435,0.17822958953434226,0.13712576165090726,0.0,0.008659854300896106,0.8893211235776457,0.0,0.02188453153508211,0.00010141774022176154,0.0,0.002629979405329101,1.0512833248271707,0.005435878881675749,0.71607191035249,0.2573085715272296,-0.2573085715272296,0.5064579929774485,0.24914942145021896,0.0942733372045071,0.02660137266434659,-0.02660137266434659,0.314239856047101,0.2876384833827544,0.1564338239718901,0.7531687461271759,0.002683862195811071,1.0518060054029557,0.08254294294684322,0.08254294294684322,5.192010825648331e-07,0.47181556904896566,0.5543585119958089,4.2298475615041275e-06,0.07692281877165849,0.1516871950149056,True,0.7527944692435427,0.0008304534584577805,0.0008304534584577805,0.560666570644822,0.5614970241032797,0.0,0.0,0.0004970214642777813,0.12281602957929932,0.12281602957929932,0.0,0.004329927150448053,0.0,0.0012170128826611386,0.0,0.015779876431974607,0.004713666860225355,0.001564338239718901,5.192010825648331e-08,4.229847561504128e-08,0.000769228187716585,0.1516871950149056
0.0,0.0,0.007134352959374149,2675,0.1278843058175934,0.1278843059454777,0.022769231064486084,0.022769231064486084,0.17822958953434226,0.20099882059882834,0.0,0.006213611383032479,1.1812573396431998,0.0,0.031149675515631005,0.0002430447618778761,0.0,0.0025965755081289498,1.0509566041659857,0.0012212312106809327,0.71607191035249,0.2472120303945992,-0.2472120303945992,0.5064579929774485,0.2592459625828493,0.13436899518262455,0.02947817409874043,0.02947817409874043,0.314239856047101,0.3437180301458414,0.17220595309856399,0.7530110227267688,0.002661088927177767,1.0515857434489198,0.09649668572592379,0.09649668572592379,5.332631497935163e-06,0.47181556904896566,0.5683122547748894,4.934821600364628e-06,0.061314352434981914,0.1599682077181252,True,0.7525605137522691,0.09979568916747444,-0.09979568916747444,0.560666570644822,0.4608708814773475,0.0,0.0,0.0014268705918748298,0.1278843058175934,0.1278843058175934,0.0,0.0031068056915162395,0.0,0.002916537142534513,0.0,0.015579453048773699,0.006718449759131228,0.00172205953098564,5.332631497935163e-07,4.934821600364629e-08,0.0006131435243498191,0.1599682077181252
0.0,0.0,0.04545886099463815,2700,0.20402608257351723,0.2040260827775433,0.03964208109119294,-0.03964208109119294,0.17822958953434226,0.13858750844314932,0.0,0.00959951893635479,1.5672799319093387,0.0,0.03345624655939991,0.00027350024353120186,6.176944081185341e-05,0.03852084601396453,0.803732717922817,0.007153318127089023,0.71607191035249,0.12444495854488469,-0.12444495854488469,0.5064579929774485,0.38201303443256385,0.11553953484372141,0.33181390521225546,-0.33181390521225546,0.314239856047101,-0.017574049165154485,0.21461922650245963,0.57576979548535,0.03838974338759541,0.8040669926030956,0.10279325043803289,-0.10279325043803289,8.505762705527557e-06,0.47181556904896566,0.36902231861093276,5.551622411522941e-06,0.12012184669192852,0.46146542917361144,True,0.5755304307731177,0.26534552933758315,-0.26534552933758315,0.560666570644822,0.2953210413072388,0.0,0.0,0.009091772198927631,0.20402608257351723,0.20402608257351723,0.0,0.004799759468177395,0.0,0.0032820029223744225,1.5442360202963352e-05,0.23112507608378718,0.005776976742186071,0.0021461922650245963,8.505762705527558e-07,5.551622411522941e-08,0.0012012184669192851,0.46146542917361144
0.0,0.0,0.026689575200604682,2725,0.5006706850094611,0.5006706855101318,0.07250584478446437,0.07250584478446437,0.17822958953434226,0.2507354343188066,0.00010316287584921314,0.019873617066987058,1.5097977323916465,2.067084384220099e-05,0.08454651997050502,0.0009037998653896097,0.05138799888685121,0.03846148355230903,1.196115995146518,0.008780011439798932,0.71607191035249,0.35356659824116227,-0.35356659824116227,0.5064579929774485,0.15289139473628627,0.14259089340831252,0.12548999044250048,0.12548999044250048,0.314239856047101,0.43972984648960145,0.34549398158686645,0.8570492655268946,0.03876014276039476,1.1968759578018473,0.4604324220439077,0.4604324220439077,3.760135075952723e-06,0.47181556904896566,0.9322479910928734,8.746647329264228e-06,0.19898610138927336,0.783621556425775,True,0.8565050776088967,0.9462259173980134,0.9462259173980134,0.560666570644822,1.5068924880428354,0.0,0.0,0.0053379150401209365,0.5006706850094611,0.5006706850094611,0.0005158143792460657,0.009936808533493529,0.00012402506305320593,0.010845598384675317,0.012846999721712802,0.2307689013138542,0.0071295446704156265,0.0034549398158686645,3.760135075952723e-07,8.746647329264228e-08,0.0019898610138927336,0.783621556425775
0.0,0.0,0.02735264076266637,2750,0.14138029650595632,0.14138029664733662,0.014054569801342398,-0.014054569801342398,0.17822958953434226,0.16417501973299986,0.0,0.003826800412099865,1.5909013653021908,0.0,0.0382492490310979,0.00027632635387288,0.0,0.0014374755970219932,0.9620859445980519,0.004157576577102877,0.71607191035249,0.2663164033702912,-0.2663164033702912,0.5064579929774485,0.2401415896071573,0.11611318631915538,0.00914752637458549,0.00914752637458549,0.314239856047101,0.32338738242168646,0.18258616118144239,0.6893326175580339,0.0013943983835330764,0.9626583559074714,0.027491555084537933,0.027491555084537933,3.0989727518188787e-06,0.47181556904896566,0.4993071241335036,7.055542087729529e-06,0.07557740650432149,0.1690926701386575,True,0.6889227298924663,0.1672737903089307,-0.1672737903089307,0.560666570644822,0.39339278033589126,0.0,0.0,0.005470528152533274,0.14138029650595632,0.14138029650595632,0.0,0.0019134002060499325,0.0,0.0033159162464745603,0.0,0.008624853582131959,0.005805659315957769,0.0018258616118144238,3.098972751818879e-07,7.055542087729529e-08,0.0007557740650432149,0.1690926701386575
0.0,0.0,0.00965906389801459,2775,0.18096758664189055,0.18096758682285813,0.027078705224081484,-0.027078705224081484,0.17822958953434226,0.15115088431026077,0.0,0.017813519437437916,1.1758070500342972,0.0,0.06626120001440922,0.0006704983765221273,0.0,0.002307389365326952,1.048035292913929,0.006272128958056636,0.71607191035249,0.28282895611493347,-0.28282895611493347,0.5064579929774485,0.22362903686251506,0.09660427618215126,0.14362747683846014,-0.14362747683846014,0.314239856047101,0.17061237920864084,0.2887109847871111,0.7508533563235367,0.0023592921815662454,1.0485725455536998,0.17085382769664487,-0.17085382769664487,4.597946606419636e-06,0.47181556904896566,0.3009617413523208,4.473950888812266e-06,0.03223713911700587,0.2217366754327579,True,0.7504686447940614,0.18221136124619297,-0.18221136124619297,0.560666570644822,0.378455209398629,0.0,0.0,0.0019318127796029182,0.18096758664189055,0.18096758664189055,0.0,0.008906759718718958,0.0,0.008045980518265529,0.0,0.013844336191961711,0.004830213809107563,0.002887109847871111,4.597946606419636e-07,4.473950888812266e-08,0.0003223713911700587,0.2217366754327579
0.0,0.0,0.016545545042155173,2800,0.18422143329113805,0.18422143347535946,0.05821592835216455,0.05821592835216455,0.17822958953434226,0.2364455178865068,0.0,0.005838850726738051,1.8710170262610795,0.0,0.024545596494188,0.0001604232637538484,0.0,0.008928520790485625,0.9055091496996369,0.004571590101980315,0.71607191035249,0.1759905443179708,-0.1759905443179708,0.5064579929774485,0.33046744865947775,0.1654185578655555,0.09563170160237827,0.09563170160237827,0.314239856047101,0.40987155764947925,0.12068986039756435,0.6488216665679556,0.008820121494016233,0.9060844981165717,0.35102269447103623,0.35102269447103623,2.0504687301281323e-05,0.47181556904896566,0.8228382635200019,8.63068939478308e-06,0.20515131356871666,0.25747764797946276,True,0.6484096757221693,0.05443861102442549,0.05443861102442549,0.560666570644822,0.6151051816692474,0.0,0.0,0.0033091090084310347,0.18422143329113805,0.18422143329113805,0.0,0.0029194253633690256,0.0,0.0019250791650461808,0.0,0.053571124742913756,0.008270927893277776,0.0012068986039756435,2.0504687301281323e-06,8.63068939478308e-08,0.002051513135687167,0.25747764797946276
0.0,0.0,0.010733954488989707,2825,0.1578449489760486,0.15784494913389355,0.07540480295041885,-0.07540480295041885,0.17822958953434226,0.10282478658392341,0.0,0.011463916741222338,1.0994547307267934,0.0,0.06981932762995867,0.0007678680352481379,0.0,4.2098746743262246e-05,1.0064883547023311,0.00507668373853941,0.71607191035249,0.24099298235664174,-0.24099298235664174,0.5064579929774485,0.2654650106208068,0.08333779500507055,0.022984387286790087,-0.022984387286790087,0.314239856047101,0.2912554687603109,0.197038863190882,0.7210276798215571,4.7896871920559194e-05,1.0069207566002973,0.16909556701103173,-0.16909556701103173,1.0011696178297474e-06,0.47181556904896566,0.3027200020379339,3.908226977836837e-06,0.026979613559304776,0.18159792086488188,True,0.7207180489641163,0.1780169799219602,-0.1780169799219602,0.560666570644822,0.38264959072286175,0.0,0.0,0.0021467908977979414,0.1578449489760486,0.1578449489760486,0.0,0.005731958370611169,0.0,0.009214416422977654,0.0,0.0002525924804595735,0.004166889750253528,0.00197038863190882,1.0011696178297474e-07,3.9082269778368375e-08,0.00026979613559304774,0.18159792086488188
0.0,0.0,0.019796299228969822,2850,0.15977942651522942,0.15977942667500883,0.01969451569771319,0.01969451569771319,0.17822958953434226,0.19792410523205545,0.0,0.01627016736678332,1.5551450403641656,0.0,0.06301045250228789,0.0007304944225796634,0.0,0.014746294981819449,1.1214343237384696,0.006747706971089432,0.71607191035249,0.3136109939462238,-0.3136109939462238,0.5064579929774485,0.19284699903122474,0.13273037559224704,0.09182027979216215,-0.09182027979216215,0.314239856047101,0.22241957625493883,0.3026596711462935,0.8034513578883449,0.014890360143434816,1.1220260633776031,0.04502737114840444,0.04502737114840444,2.4796667417508372e-06,0.47181556904896566,0.5168429401973701,6.886168794566429e-06,0.10237971500219974,0.2798047024757471,True,0.8030276297486019,0.1358277163793149,0.1358277163793149,0.560666570644822,0.6964942870241368,0.0,0.0,0.003959259845793965,0.15977942651522942,0.15977942651522942,0.0,0.00813508368339166,0.0,0.00876593307095596,0.0,0.08847776989091669,0.006636518779612352,0.003026596711462935,2.4796667417508374e-07,6.88616879456643e-08,0.0010237971500219973,0.2798047024757471
0.0,0.0,0.01942480626885014,2875,0.23301060953091354,0.23301060976392415,0.05740238607332693,0.05740238607332693,0.17822958953434226,0.2356319756076692,0.0,0.005420592472486353,1.5618553678248592,0.0,0.04560391432588247,0.00019973958338389856,0.0,8.352691510608202e-05,0.9908606939483305,0.0030404413791859895,0.71607191035249,0.22830187081876424,-0.22830187081876424,0.5064579929774485,0.2781561221586843,0.16923708143567834,0.052522300522439835,0.052522300522439835,0.314239856047101,0.3667621565695408,0.1827927071363616,0.7099840702739306,7.227941183272008e-05,0.991498270068232,0.3915444310103488,0.3915444310103488,1.2514167744439657e-05,0.47181556904896566,0.8633600000593145,9.453002805136622e-06,0.08933970894120456,0.25368842769153205,True,0.7095275199173819,0.24492306885863663,-0.24492306885863663,0.560666570644822,0.3157435017861853,0.0,0.0,0.003884961253770028,0.23301060953091354,0.23301060953091354,0.0,0.0027102962362431766,0.0,0.0023968750006067826,0.0,0.0005011614906364921,0.008461854071783917,0.001827927071363616,1.2514167744439658e-06,9.453002805136622e-08,0.0008933970894120457,0.25368842769153205
0.0,0.0,0.029976464647198914,2900,0.15854570044497493,0.15854570060352063,0.0010107680915985018,-0.0010107680915985018,0.17822958953434226,0.17721882144274376,0.0,0.008500295849917813,1.474057762291859,0.0,0.046060239756927364,0.0003015076057955786,0.0,0.018311565532880453,1.1353202332723398,0.004481850108097751,0.71607191035249,0.25081043112771784,-0.25081043112771784,0.5064579929774485,0.2556475618497307,0.11519845701141435,0.02025900250751711,-0.02025900250751711,0.314239856047101,0.29398085353958386,0.2070710128764099,0.8134115056824855,0.018478456667635673,1.1359354871534129,0.12925238591579763,0.12925238591579763,6.0980837699550745e-06,0.47181556904896566,0.6010679549647633,5.562848993016067e-06,0.05873182568235351,0.2906972424392285,True,0.8129709396543613,0.21368246403758412,-0.21368246403758412,0.560666570644822,0.34698410660723783,0.0,0.0,0.005995292929439783,0.15854570044497493,0.15854570044497493,0.0,0.0042501479249589065,0.0,0.0036180912695469433,0.0,0.10986939319728273,0.005759922850570718,0.002070710128764099,6.098083769955075e-07,5.562848993016067e-08,0.0005873182568235351,0.2906972424392285
0.0,0.0,0.02935021549926249,2925,0.23019434527250782,0.23019434550270215,0.04393179786382137,-0.04393179786382137,0.17822958953434226,0.1342977916705209,0.0,0.008717712583001271,1.1914661860347877,0.0,0.04229051559158948,0.0007102479238649029,0.0,0.000895011249864025,0.9700832613765467,0.005516376038638715,0.71607191035249,0.4457950124400224,-0.4457950124400224,0.5064579929774485,0.06066298053742613,0.10270473990912868,0.04185643672535777,-0.04185643672535777,0.314239856047101,0.2723834193217432,0.17659586907656716,0.6948651876471879,0.0008770699613592327,0.9703846330200142,0.011913780864237722,0.011913780864237722,6.790232321838729e-07,0.47181556904896566,0.4837293499132034,5.3558700987220486e-06,0.05040841654635672,0.2617216885621338,True,0.6946493838757103,0.24978007938447516,-0.24978007938447516,0.560666570644822,0.3108864912603468,0.0,0.0,0.005870043099852499,0.23019434527250782,0.23019434527250782,0.0,0.004358856291500636,0.0,0.008522975086378835,0.0,0.00537006749918415,0.005135236995456434,0.0017659586907656716,6.790232321838729e-08,5.355870098722049e-08,0.0005040841654635672,0.2617216885621338
0.0,0.0,0.022790940001123944,2950,0.2931034667417517,0.2931034670348552,0.1369657491391591,0.1369657491391591,0.17822958953434226,0.31519533867350136,0.0,0.007654387798662775,1.8339642763176984,0.0,0.04586667561078809,0.00047503549537044503,6.0942780232349134e-05,0.00896220683330676,1.0946689327779011,0.006673668375754363,0.71607191035249,0.2769604514517049,-0.2769604514517049,0.5064579929774485,0.22949754152574364,0.2077848625960955,0.17586805223812252,0.17586805223812252,0.314239856047101,0.4901079082852235,0.24077919168648224,0.7845662199622391,0.009149462269222244,1.0956528215434456,0.5456404872399487,0.5456404872399487,9.016910017425667e-06,0.47181556904896566,1.0174560562889143,1.5497117422312936e-05,0.13915136576229156,0.3751673566471203,True,0.7838616848444824,0.07367761342632706,0.07367761342632706,0.560666570644822,0.634344184071149,0.0,0.0,0.004558188000224789,0.2931034667417517,0.2931034667417517,0.0,0.0038271938993313876,0.0,0.00570042594444534,1.5235695058087284e-05,0.053773240999840564,0.010389243129804776,0.0024077919168648226,9.016910017425667e-07,1.5497117422312935e-07,0.0013915136576229156,0.3751673566471203
0.0,0.0,0.00839860205455258,2975,0.24382218089880467,0.24382218114262685,0.027046492706613107,0.027046492706613107,0.17822958953434226,0.20527608224095537,0.0,0.004683831308479433,1.6823217008173224,0.0,0.03669245212793145,0.00033093665528215264,0.0,6.770477256491214e-05,0.9917717090131114,0.004333649049902867,0.71607191035249,0.26551961357564363,-0.26551961357564363,0.5064579929774485,0.2409383794018049,0.12500248056231775,0.09301409278013578,-0.09301409278013578,0.314239856047101,0.2212257632669652,0.07827385415114345,0.7106065549069628,5.825391604554867e-05,0.992367574694401,0.2513499010630255,0.2513499010630255,3.863636145374469e-06,0.47181556904896566,0.7231654701119912,9.393781797269346e-06,0.20410206967829744,0.261295649030573,True,0.7101798722242896,0.3926648798970278,0.3926648798970278,0.560666570644822,0.9533314505418498,0.0,0.0,0.001679720410910516,0.24382218089880467,0.24382218089880467,0.0,0.0023419156542397166,0.0,0.003971239863385831,0.0,0.0004062286353894728,0.006250124028115887,0.0007827385415114345,3.863636145374469e-07,9.393781797269346e-08,0.0020410206967829744,0.261295649030573
0.0,0.0,0.04416786029203736,3000,0.17947446956023042,0.17947446973970488,0.011384524379145333,-0.011384524379145333,0.17822958953434226,0.16684506515519693,0.0,0.006202178456215146,1.3375671548748331,0.0,0.03703688080450221,0.0002767959027665207,0.0,0.001442559381526712,1.0379810397636335,0.0021874439977046497,0.71607191035249,0.2778810394364713,-0.2778810394364713,0.5064579929774485,0.22857695354097723,0.10895860372614524,0.2210137928326869,-0.2210137928326869,0.314239856047101,0.09322606321441408,0.24403585412275905,0.743644321128942,0.0014826405617777091,1.0385050718967996,0.08327935175867957,0.08327935175867957,4.545971186867033e-06,0.47181556904896566,0.5550949208076452,4.752543927190723e-06,0.13197177554546055,0.21259454657465143,True,0.7432690764330194,0.16710894624906358,0.16710894624906358,0.560666570644822,0.7277755168938855,0.0,0.0,0.008833572058407473,0.17947446956023042,0.17947446956023042,0.0,0.003101089228107573,0.0,0.0033215508331982486,0.0,0.008655356289160272,0.005447930186307262,0.0024403585412275906,4.545971186867033e-07,4.7525439271907226e-08,0.0013197177554546055,0.21259454657465143
0.0,0.0,0.02516365200265496,3025,0.20663570155493477,0.20663570176157048,0.011208457255370147,-0.011208457255370147,0.17822958953434226,0.1670211322789721,0.0,0.011603357920681321,1.4748497907908944,0.0,0.030357657009731868,0.0003293823272672797,0.0,0.0015625527208756242,0.9604708623813316,0.007321551998081338,0.71607191035249,0.26721362081234334,-0.26721362081234334,0.5064579929774485,0.2392443721651052,0.12064652035747883,0.06363373604268568,-0.06363373604268568,0.314239856047101,0.2506061200044153,0.21039793355282238,0.6882349657885963,0.0015112285630698918,0.9611254766836956,0.12174029725681484,0.12174029725681484,8.26153450812571e-07,0.47181556904896566,0.5935558663057805,9.155225207359629e-06,0.06661973988731919,0.23960069208814003,True,0.6877662148680123,0.3508459280252051,-0.3508459280252051,0.560666570644822,0.20982064261961683,0.0,0.0,0.005032730400530993,0.20663570155493477,0.20663570155493477,0.0,0.0058016789603406605,0.0,0.0039525879272073565,0.0,0.009375316325253746,0.006032326017873942,0.002103979335528224,8.261534508125711e-08,9.155225207359628e-08,0.0006661973988731918,0.23960069208814003
0.0,0.0,0.021544150664811756,3050,0.059916849311625636,0.059916849371542485,0.04405703385861551,-0.04405703385861551,0.17822958953434226,0.13417255567572675,0.0,0.007237869767412264,1.1199692665764838,0.0,0.045708481729754225,0.0002765375429875336,0.0,0.002377330569260305,1.0487578769970587,0.00508232509487722,0.71607191035249,0.07328250057452435,-0.07328250057452435,0.5064579929774485,0.4331754924029242,0.09606944857442833,0.03454953323874049,0.03454953323874049,0.314239856047101,0.34878938928584147,0.1417566979396091,0.7513781463318157,0.0024310243306761383,1.0493054188774027,0.0931949272931622,-0.0931949272931622,3.115206262424063e-07,0.47181556904896566,0.37862064175580346,4.671569848551326e-06,0.08111509730908634,0.09245931650867584,True,0.7509860669660844,0.0275650566840262,0.0275650566840262,0.560666570644822,0.5882316273288482,0.0,0.0,0.004308830132962352,0.059916849311625636,0.059916849311625636,0.0,0.003618934883706132,0.0,0.0033184505158504033,0.0,0.01426398341556183,0.0048034724287214165,0.001417566979396091,3.115206262424063e-08,4.6715698485513266e-08,0.0008111509730908634,0.09245931650867584
0.0,0.0,0.0060469236550765235,3075,0.21653697054663384,0.2165369707631708,0.07080856682448844,0.07080856682448844,0.17822958953434226,0.2490381563588307,0.0,0.008403899991618571,2.3754473986948232,0.0,0.037053003195220494,0.00016193626311296626,0.0,0.0016798546842459682,1.0409860303548168,0.004065548294354376,0.71607191035249,0.3418784821648667,-0.3418784821648667,0.5064579929774485,0.16457951081258182,0.16497636802380336,0.22904529678502455,0.22904529678502455,0.314239856047101,0.5432851528321255,0.170535387698657,0.745892116315547,0.001734234008067834,1.0416441353382182,0.24468346864737117,0.24468346864737117,1.3157370871044586e-05,0.47181556904896566,0.7164990376963368,1.2924413580680777e-05,0.2389493063745295,0.2463157788594348,True,0.7454208658162892,0.014656091727034748,0.014656091727034748,0.560666570644822,0.5753226623718567,0.0,0.0,0.0012093847310153047,0.21653697054663384,0.21653697054663384,0.0,0.004201949995809286,0.0,0.001943235157355595,0.0,0.010079128105475808,0.008248818401190168,0.0017053538769865701,1.3157370871044588e-06,1.2924413580680778e-07,0.002389493063745295,0.2463157788594348
0.0,0.0,0.04261328475001489,3100,0.18724409811054232,0.1872440982977864,0.01617163330047705,0.01617163330047705,0.17822958953434226,0.1944012228348193,0.0,0.007931830277233393,1.6578065344736566,0.0,0.02282121996688547,8.586690535415748e-05,0.0,0.03922483047754067,0.8019474047694889,0.004416324843346916,0.71607191035249,0.16633542841229104,-0.16633542841229104,0.5064579929774485,0.3401225645651575,0.14566589464368498,0.0036015562571629633,-0.0036015562571629633,0.314239856047101,0.310638299789938,0.15004343690633964,0.5745489632638353,0.039060743105121455,0.802362090920994,0.2729148389911827,0.2729148389911827,1.070747705832711e-05,0.47181556904896566,0.7447304080401483,1.0595052463396289e-05,0.07183870359400077,0.445615348764074,True,0.5742520181549835,0.26995793138745394,-0.26995793138745394,0.560666570644822,0.290708639257368,0.0,0.0,0.008522656950002979,0.18724409811054232,0.18724409811054232,0.0,0.003965915138616697,0.0,0.0010304028642498897,0.0,0.23534898286524403,0.00728329473218425,0.0015004343690633965,1.070747705832711e-06,1.059505246339629e-07,0.0007183870359400077,0.445615348764074
0.0,0.0,0.010767059015763695,3125,0.19043069858904696,0.19043069877947763,0.03947681197656405,-0.03947681197656405,0.17822958953434226,0.1387527775577782,4.2408151237419904e-05,0.014223614222373466,0.9869646166207771,0.0,0.0762876370018316,0.0008529000100447635,0.0,0.0049834706262350615,1.0705937010379472,0.004218609930234903,0.71607191035249,0.3076803558927006,-0.3076803558927006,0.5064579929774485,0.1987776370847479,0.09549425573949347,0.27782137780228705,-0.27782137780228705,0.314239856047101,0.03641847824481392,0.29923066243625235,0.7670292079232799,0.005064065538193347,1.0711622479844007,0.028791236484230764,-0.028791236484230764,4.0036437655935267e-07,0.47181556904896566,0.4430243325647349,4.252378122535291e-06,0.05412834253659011,0.24835196753444305,True,0.7666220874195224,0.08414262795906025,0.08414262795906025,0.560666570644822,0.6448091986038822,0.0,0.0,0.0021534118031527392,0.19043069858904696,0.19043069858904696,0.00021204075618709952,0.007111807111186733,0.0,0.010234800120537162,0.0,0.02990082375741037,0.004774712786974673,0.0029923066243625236,4.003643765593527e-08,4.2523781225352914e-08,0.0005412834253659011,0.24835196753444305
0.0,0.0,0.02828232405035767,3150,0.1562428986152696,0.1562428987715125,0.021923606900541126,-0.021923606900541126,0.17822958953434226,0.15630598263380113,0.0,0.004284877007821943,1.9310667962288037,0.0,0.024154294945182578,0.0001765066101088804,0.0,0.032421512579036756,0.8199402527519358,0.004424851472606859,0.71607191035249,0.13168408977476154,-0.13168408977476154,0.5064579929774485,0.374773903202687,0.12585117295968795,0.016788734977524422,0.016788734977524422,0.314239856047101,0.3310285910246254,0.21807470793546463,0.5875495282365665,0.03221397465961647,0.8205174809079824,0.10088889793765149,0.10088889793765149,3.1624687691896455e-06,0.47181556904896566,0.5727044669866171,1.153994591309469e-05,0.07690129995448827,0.3699317070979992,True,0.5871361913623847,0.30623102666788876,-0.30623102666788876,0.560666570644822,0.2544355439769332,0.0,0.0,0.005656464810071534,0.1562428986152696,0.1562428986152696,0.0,0.0021424385039109715,0.0,0.002118079321306565,0.0,0.19452907547422055,0.006292558647984398,0.0021807470793546464,3.1624687691896456e-07,1.153994591309469e-07,0.0007690129995448828,0.3699317070979992
0.0,0.0,0.03740997190922749,3175,0.20041501709090118,0.2004150172913162,0.0659447409558175,-0.0659447409558175,0.17822958953434226,0.11228484857852476,0.0,0.012209240843601308,0.7509362371800636,0.0,0.034258602980745484,0.00047239779211604116,0.0,0.0019230471955087019,1.0438525620176142,0.007593120456389732,0.71607191035249,0.1995301584821073,-0.1995301584821073,0.5064579929774485,0.3069278344953412,0.08794708560019096,0.16873398141156604,0.16873398141156604,0.314239856047101,0.482973837458667,0.21657049700224112,0.7478047641338097,0.0019638336607225625,1.0443151628759566,0.19135373159747715,-0.19135373159747715,1.7393045541807535e-06,0.47181556904896566,0.2804618374514885,1.848482940482865e-06,0.01994695470686316,0.23797140978537745,True,0.7474735086488197,0.30262599970341286,-0.30262599970341286,0.560666570644822,0.2580405709414091,0.0,0.0,0.007481994381845498,0.20041501709090118,0.20041501709090118,0.0,0.006104620421800654,0.0,0.005668773505392494,0.0,0.011538283173052211,0.0043973542800095486,0.0021657049700224114,1.7393045541807535e-07,1.8484829404828652e-08,0.0001994695470686316,0.23797140978537745
0.0,0.0,0.01789921450584457,3200,0.19537427377545188,0.19537427397082616,0.004053197098303818,0.004053197098303818,0.17822958953434226,0.18228278663264608,0.0,0.013545128179314367,1.1024876631937783,0.0,0.07621863020287829,0.0012536103986165396,0.0,0.026346437239166513,1.1623158564009275,0.004743463981120066,0.71607191035249,0.3345756285330155,-0.3345756285330155,0.5064579929774485,0.17188236444443303,0.10586627434862217,0.1297043255265318,-0.1297043255265318,0.314239856047101,0.18453553052056917,0.27488704560907395,0.8327351972953102,0.026543308487301277,1.1629211726182367,0.07040158882193487,0.07040158882193487,3.016334717077371e-07,0.47181556904896566,0.5422171578709005,5.06708518997553e-06,0.07080129035833638,0.3875989068959798,True,0.8323017473491612,0.23899510301303628,0.23899510301303628,0.560666570644822,0.7996616736578582,0.0,0.0,0.0035798429011689144,0.19537427377545188,0.19537427377545188,0.0,0.006772564089657184,0.0,0.015043324783398475,0.0,0.15807862343499907,0.0052933137174311085,0.0027488704560907394,3.016334717077371e-08,5.06708518997553e-08,0.0007080129035833638,0.3875989068959798
0.0,0.0,0.008036288592996906,3225,0.7049158619827338,0.7049158626876497,0.31982699413593846,0.31982699413593846,0.17822958953434226,0.4980565836702807,0.0,0.0051318698643196175,2.391793834885873,0.0,0.017282451189250557,5.25249448266781e-05,0.13433059889629778,0.0008209580146151496,0.9713476350955955,0.007270376102731385,0.71607191035249,0.19488246981790025,-0.19488246981790025,0.5064579929774485,0.3115755231595483,0.2734753186583622,0.2761681516042747,0.2761681516042747,0.314239856047101,0.5904080076513757,0.12469772394349063,0.6964331869550933,0.0007521659359009278,0.9725743562354331,1.1863540075465757,1.1863540075465757,2.4985418726102378e-05,0.47181556904896566,1.6581695765955413,2.7155786073896398e-05,0.10668342539863802,0.7642180993092512,True,0.6955547663927528,0.9276630341566223,0.9276630341566223,0.560666570644822,1.4883296048014443,0.0,0.0,0.0016072577185993813,0.7049158619827338,0.7049158619827338,0.0,0.0025659349321598087,0.0,0.0006302993379201371,0.033582649724074445,0.004925748087690898,0.013673765932918112,0.0012469772394349064,2.498541872610238e-06,2.71557860738964e-07,0.0010668342539863803,0.7642180993092512
0.0,0.0,0.021948233480700227,3250,0.6374910104891414,0.6374910111266324,0.2843189626063634,0.2843189626063634,0.17822958953434226,0.46254855214070567,0.0,0.012099199594837833,2.1878440476487624,0.0,0.04820748416734337,0.0006787340905024368,0.11799855099667848,0.0028699261192986453,1.0535716913985236,0.00878429712278431,0.71607191035249,0.30943977383313104,-0.30943977383313104,0.5064579929774485,0.1970182191443175,0.3065135902823665,0.15495715503044633,-0.15495715503044633,0.314239856047101,0.15928270101665465,0.23859037692814863,0.7552966633341477,0.003000591850417227,1.0547776583144737,1.2962942896193062,1.2962942896193062,1.7516605469310105e-05,0.47181556904896566,1.7681098586682717,2.756490768470052e-05,0.19260624625535055,0.7224339335892683,True,0.7544331042887618,0.3885782997210109,0.3885782997210109,0.560666570644822,0.9492448703658328,0.0,0.0,0.0043896466961400454,0.6374910104891414,0.6374910104891414,0.0,0.006049599797418917,0.0,0.008144809086029242,0.02949963774916962,0.01721955671579187,0.015325679514118326,0.0023859037692814866,1.7516605469310107e-06,2.756490768470052e-07,0.0019260624625535056,0.7224339335892683
0.0,0.0,0.03776282046943355,3275,0.18455107261038695,0.18455107279493801,0.027165799911841315,-0.027165799911841315,0.17822958953434226,0.15106378962250094,0.0,0.01026458315178948,1.3153600715690457,0.0,0.05091554934931848,0.0006665044734855493,0.0,1.4426152676254167e-05,0.9962018224533002,0.0026999176165770668,0.71607191035249,0.21798914634739486,-0.21798914634739486,0.5064579929774485,0.2884688466300537,0.11527064860067193,0.16445430291191254,0.16445430291191254,0.314239856047101,0.4786941589590135,0.22356654820777386,0.7137171620215363,1.081382647597858e-05,0.996711561696492,0.14494246127271498,-0.14494246127271498,3.050442383755253e-06,0.47181556904896566,0.32687310777625067,5.058242341251373e-06,0.03410098644712163,0.21366110228129687,True,0.713352152062785,0.272001303145152,-0.272001303145152,0.560666570644822,0.28866526749967,0.0,0.0,0.00755256409388671,0.18455107261038695,0.18455107261038695,0.0,0.00513229157589474,0.0,0.007998053681826591,0.0,8.6556916057525e-05,0.005763532430033597,0.002235665482077739,3.050442383755253e-07,5.0582423412513736e-08,0.0003410098644712163,0.21366110228129687
0.0,0.0,0.0153632998888015,3300,0.19054485955887251,0.19054485974941737,0.055131739978130895,-0.055131739978130895,0.17822958953434226,0.12309784955621136,0.0,0.009821238546539875,1.0113150519772838,0.0,0.029207415599015168,0.00018676903365485965,0.0,0.007025428913394068,0.9161821682850596,0.0036816554747554006,0.71607191035249,0.18268284747552277,-0.18268284747552277,0.5064579929774485,0.32377514550192577,0.10201655849346146,0.056367385890085664,-0.056367385890085664,0.314239856047101,0.2578724701570153,0.2343735158993546,0.6563998148097201,0.006944315387568946,0.9166674410115173,0.09319801935568328,-0.09319801935568328,4.250064837136981e-07,0.47181556904896566,0.3786175496932824,4.3718849633804205e-06,0.04224330313170826,0.25078902302860717,True,0.6560523246365908,0.3650493574380596,-0.3650493574380596,0.560666570644822,0.19561721320676234,0.0,0.0,0.0030726599777603,0.19054485955887251,0.19054485955887251,0.0,0.004910619273269938,0.0,0.0022412284038583158,0.0,0.04215257348036441,0.005100827924673073,0.002343735158993546,4.2500648371369815e-08,4.3718849633804206e-08,0.0004224330313170826,0.25078902302860717
0.0,0.0,0.027191573689204013,3325,0.1644387961322876,0.1644387962967264,0.05163461218638901,-0.05163461218638901,0.17822958953434226,0.12659497734795325,0.0,0.005565232479147917,1.2807642786301314,0.0,0.01818423441454136,7.743139257824777e-05,0.0,0.003569010341123787,0.9402588053256065,0.0041674696197453835,0.71607191035249,0.1030012127568602,-0.1030012127568602,0.5064579929774485,0.40345678022058834,0.09652746623597702,0.14025259471935697,0.14025259471935697,0.314239856047101,0.45449245076645794,0.100156982408766,0.6736388835390728,0.0035115183358156604,0.9407419344239482,0.16036891249102875,-0.16036891249102875,7.062589127646245e-07,0.47181556904896566,0.3114466565579369,5.757009335796296e-06,0.08662977514803628,0.2016973349507356,True,0.673292928357845,0.2766518158507028,-0.2766518158507028,0.560666570644822,0.28401475479411914,0.0,0.0,0.005438314737840803,0.1644387961322876,0.1644387961322876,0.0,0.0027826162395739587,0.0,0.0009291767109389731,0.0,0.021414062046742722,0.004826373311798852,0.00100156982408766,7.062589127646245e-08,5.7570093357962965e-08,0.0008662977514803629,0.2016973349507356
0.0,0.0,0.010105852377293412,3350,0.20918161418154513,0.20918161439072674,0.09684770545401733,0.09684770545401733,0.17822958953434226,0.2750772949883596,0.0,0.011604442385906584,2.649719531979667,0.0,0.04627885823666863,0.0001690742676409512,0.0,0.0017476193916440526,0.9581954620687652,0.0026692202470528026,0.71607191035249,0.12767933020588718,-0.12767933020588718,0.5064579929774485,0.37877866277156136,0.2051926150952852,0.3016080377539277,0.3016080377539277,0.314239856047101,0.6158478938010287,0.1875178609101758,0.6866240651241728,0.001691196421331517,0.9588758413905948,0.3152353468604599,0.3152353468604599,7.776635874151939e-06,0.47181556904896566,0.7870509159094256,1.5669763132394725e-05,0.15404580169204837,0.24319581515351807,True,0.6861368645966222,0.05255965405149021,-0.05255965405149021,0.560666570644822,0.5081069165933317,0.0,0.0,0.0020211704754586825,0.20918161418154513,0.20918161418154513,0.0,0.005802221192953292,0.0,0.002028891211691414,0.0,0.010485716349864315,0.01025963075476426,0.001875178609101758,7.776635874151939e-07,1.5669763132394725e-07,0.0015404580169204839,0.24319581515351807
0.0,0.0,0.0018992591139275915,3375,0.26525833787251385,0.26525833813777216,0.005741419715341506,0.005741419715341506,0.17822958953434226,0.18397100924968376,0.0,0.006873771739908649,1.382551052408601,0.0,0.04167567161246694,0.0002175846145441584,6.231190891863673e-05,1.329114808945869e-06,0.9988471275834049,0.0028383605435487753,0.71607191035249,0.21613288479425852,-0.21613288479425852,0.5064579929774485,0.29032510818319,0.1153714121041401,0.12569756903151175,0.12569756903151175,0.314239856047101,0.4399374250786127,0.12366140781985113,0.7156214495616583,3.957491439932636e-07,0.9993709140408551,0.28359980481859876,0.28359980481859876,5.522610534949142e-06,0.47181556904896566,0.7554153738675644,6.010398846210221e-06,0.1541433649028194,0.2802568743033426,True,0.7152463807872174,0.4569844787458852,0.4569844787458852,0.560666570644822,1.0176510493907072,0.0,0.0,0.0003798518227855183,0.26525833787251385,0.26525833787251385,0.0,0.0034368858699543245,0.0,0.0026110153745299005,1.5577977229659183e-05,7.974688853675214e-06,0.005768570605207006,0.0012366140781985113,5.522610534949142e-07,6.010398846210222e-08,0.001541433649028194,0.2802568743033426
0.0,0.0,0.026527446463838762,3400,0.17827798460936542,0.1782779847876434,0.0709900682106302,0.0709900682106302,0.17822958953434226,0.24921965774497246,0.0,0.00603821310089708,1.8701431244135032,0.0,0.04511182665141897,0.0003189992603274999,0.0,0.0005822901489502897,1.0241306889447916,0.005678967309055075,0.71607191035249,0.2650561341153615,-0.2650561341153615,0.5064579929774485,0.24140185886208704,0.17112362305370807,0.010091553381294693,0.010091553381294693,0.314239856047101,0.32433140942839567,0.15056599624010533,0.7339013693869023,0.0006199584130122998,1.0248989640951647,0.2795378092800959,0.2795378092800959,7.979915591296676e-06,0.47181556904896566,0.7513533783290616,1.283466014837616e-05,0.1691160852997148,0.2056782407764577,True,0.7333512291246156,0.07333231904298954,0.07333231904298954,0.560666570644822,0.6339988896878115,0.0,0.0,0.005305489292767753,0.17827798460936542,0.17827798460936542,0.0,0.00301910655044854,0.0,0.0038279911239299984,0.0,0.003493740893701738,0.008556181152685404,0.0015056599624010533,7.979915591296676e-07,1.283466014837616e-07,0.001691160852997148,0.2056782407764577
0.0,0.0,0.023887012182711158,3425,0.14281520996156,0.1428152101043752,0.02099763147691802,0.02099763147691802,0.17822958953434226,0.19922722101126028,0.0,0.006640629265029332,1.7574306143522758,0.0,0.030692514185761036,0.00032993622623899994,0.0,3.431617512852292e-05,1.0058580009498568,0.007976394393130627,0.71607191035249,0.26218137367710814,-0.26218137367710814,0.5064579929774485,0.2442766193003404,0.14032335151689895,0.09980500593094957,-0.09980500593094957,0.314239856047101,0.2144348501161514,0.13588581019717413,0.7205396937697156,3.892861850839091e-05,1.0062392802876927,0.1222873056262826,0.1222873056262826,1.0198468570973812e-05,0.47181556904896566,0.5941028746752482,7.770050180149019e-06,0.16168847430133745,0.16507106676444505,True,0.7202666703420807,0.08880159699417334,-0.08880159699417334,0.560666570644822,0.4718649736506486,0.0,0.0,0.004777402436542232,0.14281520996156,0.14281520996156,0.0,0.003320314632514666,0.0,0.003959234714867999,0.0,0.0002058970507711375,0.007016167575844948,0.0013588581019717413,1.0198468570973813e-06,7.770050180149019e-08,0.0016168847430133746,0.16507106676444505
0.0,0.0,0.03178538569441111,3450,0.11595128105747655,0.11595128117342783,0.036400059824064884,-0.036400059824064884,0.17822958953434226,0.14182952971027737,0.0,0.008393297961753072,1.2183889416597484,0.0,0.036482306706697006,0.00019180297105465715,0.0,9.111783297686004e-05,1.0095455661422914,0.002304918596560461,0.71607191035249,0.24238182975580796,-0.24238182975580796,0.5064579929774485,0.26407616322164057,0.08001537316570348,0.06082866743474824,-0.06082866743474824,0.314239856047101,0.25341118861235273,0.20394680228598477,0.7232368397514208,0.00010011734651564753,1.010005865605516,0.003233594488673275,-0.003233594488673275,1.8526660460870487e-06,0.47181556904896566,0.4685819745602924,4.046941991447406e-06,0.09254839412730682,0.13631929618619495,True,0.7229072322308523,0.05864298221120101,0.05864298221120101,0.560666570644822,0.619309552856023,0.0,0.0,0.006357077138882223,0.11595128105747655,0.11595128105747655,0.0,0.004196648980876536,0.0,0.0023016356526558857,0.0,0.0005467069978611602,0.004000768658285174,0.0020394680228598477,1.8526660460870488e-07,4.046941991447406e-08,0.0009254839412730682,0.13631929618619495
0.0,0.0,0.02208342237915359,3475,0.07851029778008894,0.07851029785859924,0.04940402582630199,-0.04940402582630199,0.17822958953434226,0.12882556370804027,0.0,0.005456371358812743,1.1280463807799683,0.0,0.025071024663258237,0.00011170353942221989,0.0,0.000853109333395977,0.9707919645748644,0.003698397488330373,0.71607191035249,0.011283861711782528,0.011283861711782528,0.5064579929774485,0.5177418546892311,0.09210493845552596,0.15413870851589095,0.15413870851589095,0.314239856047101,0.46837856456299193,0.11273654961329097,0.6955312403132564,0.0008228418038334925,0.9713147807428025,0.05919009477349757,-0.05919009477349757,4.354301175050043e-07,0.47181556904896566,0.4126254742754681,6.225022330913242e-06,0.10951078767236386,0.09894209249763643,True,0.6951568663358896,0.03144904233853385,-0.03144904233853385,0.560666570644822,0.5292175283062881,0.0,0.0,0.004416684475830718,0.07851029778008894,0.07851029778008894,0.0,0.0027281856794063716,0.0,0.0013404424730666387,0.0,0.005118656000375862,0.004605246922776298,0.0011273654961329097,4.3543011750500435e-08,6.225022330913242e-08,0.0010951078767236387,0.09894209249763643
0.0,0.0,0.032215800892645016,3500,0.2273658255337183,0.22736582576108413,0.04118517284827081,0.04118517284827081,0.17822958953434226,0.21941476238261307,0.0,0.011093524453864514,1.3756313846021837,0.0,0.054410730954207474,0.0004908901390256645,0.0,0.008857396891048202,1.0941137444321933,0.005556503515452176,0.71607191035249,0.3134482398616495,-0.3134482398616495,0.5064579929774485,0.19300975311579902,0.13260977448936911,0.2564807938830239,-0.2564807938830239,0.314239856047101,0.05775906216407707,0.2769892391870835,0.7839536766087425,0.008986547045126206,1.0947973999913827,0.2643189328916384,0.2643189328916384,4.9871195978318235e-06,0.47181556904896566,0.736134501940604,8.615511680061499e-06,0.05617944781222574,0.3083535714153149,True,0.7834641300596141,0.1512718750110199,-0.1512718750110199,0.560666570644822,0.40939469563380204,0.0,0.0,0.006443160178529004,0.2273658255337183,0.2273658255337183,0.0,0.005546762226932257,0.0,0.005890681668307973,0.0,0.05314438134628921,0.006630488724468456,0.002769892391870835,4.987119597831824e-07,8.615511680061499e-08,0.0005617944781222574,0.3083535714153149
0.0,0.0,0.018343686519529764,3525,0.16748183315027598,0.16748183331775782,0.03169081130909762,0.03169081130909762,0.17822958953434226,0.20992040084343988,0.0,0.006644675592966662,1.5385207288569265,0.0,0.05768966419340804,0.0009002900223600578,0.0,0.00143331345385374,1.037859126427504,0.01191267863004767,0.71607191035249,0.23637327089195787,-0.23637327089195787,0.5064579929774485,0.27008472208549067,0.14339984061744,0.006242182999523227,-0.006242182999523227,0.314239856047101,0.30799767304757775,0.1824299122713103,0.743656737420251,0.0014839761757621842,1.0385224113440759,0.2579424125217487,0.2579424125217487,2.2492668634983704e-06,0.47181556904896566,0.7297579815707144,1.1028443761914115e-05,0.10122114608557042,0.20388310706767318,True,0.7431817777163006,0.1296184350995444,-0.1296184350995444,0.560666570644822,0.43104813554527754,0.0,0.0,0.003668737303905953,0.16748183315027598,0.16748183315027598,0.0,0.003322337796483331,0.0,0.010803480268320693,0.0,0.008599880723122441,0.007169992030871999,0.001824299122713103,2.2492668634983706e-07,1.1028443761914116e-07,0.0010122114608557043,0.20388310706767318
0.0,0.0,0.009800465988198394,3550,0.23957251495485288,0.23957251519442538,0.058118915158929474,0.058118915158929474,0.17822958953434226,0.23634850469327173,0.0,0.0036032803121773026,1.5599204693005118,0.0,0.04112224719869601,0.00014946709969186,0.0,0.0007727288053981891,0.9722019999748509,0.004636757957184329,0.71607191035249,0.21368308249061818,-0.21368308249061818,0.5064579929774485,0.29277491048683035,0.15889650518878548,0.14247230316286513,0.14247230316286513,0.314239856047101,0.4567121592099661,0.05657282805523034,0.6967384622238307,0.0007289635223797731,0.9730006755199362,0.46648905706916083,0.46648905706916083,7.483429656187011e-06,0.47181556904896566,0.9383046261181265,1.2485507787484554e-05,0.046503515386259894,0.2587406882291703,True,0.696166553092523,0.005126851584217218,-0.005126851584217218,0.560666570644822,0.5555397190606047,0.0,0.0,0.001960093197639679,0.23957251495485288,0.23957251495485288,0.0,0.0018016401560886513,0.0,0.0017936051963023199,0.0,0.004636372832389135,0.007944825259439275,0.0005657282805523034,7.483429656187011e-07,1.2485507787484554e-07,0.00046503515386259897,0.2587406882291703
0.0,0.0,0.03311160407046349,3575,0.14130183211206612,0.14130183225336795,0.041637783162884995,-0.041637783162884995,0.17822958953434226,0.13659180637145726,0.0,0.005654753996190014,1.4072245000280983,0.0,0.03523705683290679,0.00011435454313917819,0.0,0.0028511083298004736,0.9466042292891986,0.0022008006588915287,0.71607191035249,0.17359438648076414,-0.17359438648076414,0.5064579929774485,0.3328636064966844,0.10301036254691485,0.08874586840710047,0.08874586840710047,0.314239856047101,0.40298572445420144,0.25765753428633487,0.6782407184510193,0.0027911745107122464,0.9471684326305546,0.12875342297679476,-0.12875342297679476,1.256600325759118e-06,0.47181556904896566,0.3430621460721709,6.473497819791206e-06,0.07379672862342843,0.177695685572181,True,0.6778367082809053,0.208588230489811,-0.208588230489811,0.560666570644822,0.35207834015501094,0.0,0.0,0.006622320814092699,0.14130183211206612,0.14130183211206612,0.0,0.002827376998095007,0.0,0.0013722545176701384,0.0,0.017106649978802842,0.005150518127345743,0.0025765753428633486,1.2566003257591182e-07,6.473497819791206e-08,0.0007379672862342843,0.177695685572181
0.0,0.0,0.028459669100432523,3600,0.5408506932263918,0.5408506937672425,0.23253968265034802,0.23253968265034802,0.17822958953434226,0.4107692721846903,0.0,0.007218433511859005,3.0104966961316215,0.0,0.022422151036917796,0.00011956562138120282,0.07322142976165075,0.0027398270600934647,0.9476566426364007,0.005522608370798052,0.71607191035249,0.1921191284051425,-0.1921191284051425,0.5064579929774485,0.31433886457230603,0.3111531690108186,0.26307193889564734,0.26307193889564734,0.314239856047101,0.5773117949427483,0.15660470686990843,0.6793280918083848,0.0026330282821654624,0.9486869579720179,1.13325231871922,1.13325231871922,1.433695160434342e-05,0.47181556904896566,1.6050678877681857,2.808369833544228e-05,0.19693471449750005,0.6054257182563145,True,0.6785903119274408,0.13470426243982453,-0.13470426243982453,0.560666570644822,0.4259623082049974,0.0,0.0,0.005691933820086505,0.5408506932263918,0.5408506932263918,0.0,0.0036092167559295023,0.0,0.001434787456574434,0.018305357440412687,0.016438962360560787,0.01555765845054093,0.0015660470686990843,1.4336951604343421e-06,2.808369833544228e-07,0.0019693471449750005,0.6054257182563145
0.0,0.0,0.006461505221071461,3625,0.12336039729142853,0.12336039741478892,0.007186016948564411,-0.007186016948564411,0.17822958953434226,0.17104357258577785,0.0,0.0068548830088503414,1.5322294813527408,0.0,0.03378967802891107,8.241146011608502e-05,0.0,0.0031238775748540695,0.9441083407398378,0.005377914663800394,0.71607191035249,0.2084422737556137,-0.2084422737556137,0.5064579929774485,0.29801571922183484,0.11581303776624802,0.138487421791406,-0.138487421791406,0.314239856047101,0.17575243425569498,0.1321594230983712,0.6764693499362817,0.0030586759052602225,0.9446947027378008,0.10868637999018255,0.10868637999018255,3.0389461695014887e-06,0.47181556904896566,0.5805019490391482,8.3642325214682e-06,0.10778934360399028,0.15600286990286358,True,0.6760494725743786,0.039970273127374556,-0.039970273127374556,0.560666570644822,0.5206962975174474,0.0,0.0,0.0012923010442142922,0.12336039729142853,0.12336039729142853,0.0,0.0034274415044251707,0.0,0.0009889375213930204,0.0,0.018743265449124417,0.005790651888312401,0.001321594230983712,3.038946169501489e-07,8.3642325214682e-08,0.0010778934360399029,0.15600286990286358
0.0,0.0,0.013117029186341757,3650,0.08837550604784551,0.08837550613622101,0.010253974574006147,-0.010253974574006147,0.17822958953434226,0.1679756149603361,0.0,0.0027219878164918224,1.6538429988755499,0.0,0.019237462134323577,6.483048512265651e-05,0.0,0.0048751398712509626,0.9301777981495072,0.004023915650428777,0.71607191035249,0.17675785325880128,-0.17675785325880128,0.5064579929774485,0.32970013971864726,0.11641491851928751,0.06863635438058768,0.06863635438058768,0.314239856047101,0.38287621042768866,0.055785418564520406,0.6664751131510522,0.004797269883122885,0.930737673421095,0.01592627337577479,-0.01592627337577479,7.652866787326641e-06,0.47181556904896566,0.45588929567319086,6.8148840505856014e-06,0.17204857122376066,0.13048863010170383,True,0.6660742021901684,0.052326593761149565,-0.052326593761149565,0.560666570644822,0.5083399768836724,0.0,0.0,0.0026234058372683515,0.08837550604784551,0.08837550604784551,0.0,0.0013609939082459112,0.0,0.0007779658214718782,0.0,0.029250839227505775,0.005820745925964376,0.0005578541856452041,7.652866787326642e-07,6.814884050585602e-08,0.0017204857122376067,0.13048863010170383
0.0,0.0,0.02031832944449856,3675,0.11955650398214847,0.11955650410170497,0.08123469491815682,-0.08123469491815682,0.17822958953434226,0.09699489461618543,0.0,0.009419995565123752,0.7772371426126138,0.0,0.05621785204403445,0.00043140218051311173,0.0,0.00016365782681927588,0.9872071181190759,0.006305989959650182,0.71607191035249,0.20568731246556393,-0.20568731246556393,0.5064579929774485,0.3007706805118846,0.07308808826154882,0.01999124473665892,0.01999124473665892,0.314239856047101,0.3342311007837599,0.1670229731275058,0.7072397312577441,0.0001521330000022779,0.9876657793111085,0.14276582239462238,-0.14276582239462238,5.708915567929821e-07,0.47181556904896566,0.3290497466543433,2.8440061696557416e-06,0.04620291618534567,0.14027568961610637,True,0.7069112968571741,0.042198486788255773,-0.042198486788255773,0.560666570644822,0.5184680838565662,0.0,0.0,0.004063665888899712,0.11955650398214847,0.11955650398214847,0.0,0.004709997782561876,0.0,0.00517682616615734,0.0,0.0009819469609156552,0.003654404413077441,0.0016702297312750582,5.708915567929821e-08,2.8440061696557417e-08,0.0004620291618534567,0.14027568961610637
0.0,0.0,0.005255170956653262,3700,0.2124269085523506,0.2124269087647775,0.03305694829886133,-0.03305694829886133,0.17822958953434226,0.14517264123548093,0.0,0.0073525954603081605,1.3013774095573547,0.0,0.05886809445938328,0.0007718462690991123,0.0,0.0014740431950998351,1.0383932701798093,0.010380502807270481,0.71607191035249,0.34920528767406844,-0.34920528767406844,0.5064579929774485,0.15725270530338012,0.10480847102190051,0.11911558237575914,0.11911558237575914,0.314239856047101,0.4333554384228601,0.13462241811981418,0.7439702364477808,0.0015178983662192203,1.0389602151716237,0.1921629661402962,-0.1921629661402962,2.710372389158421e-06,0.47181556904896566,0.27965260290866945,4.847831850591286e-06,0.059390317213780096,0.24244152529361207,True,0.743564263058758,0.22687823947192493,-0.22687823947192493,0.560666570644822,0.333788331172897,0.0,0.0,0.0010510341913306524,0.2124269085523506,0.2124269085523506,0.0,0.0036762977301540802,0.0,0.009262155229189347,0.0,0.00884425917059901,0.005240423551095026,0.0013462241811981418,2.710372389158421e-07,4.847831850591286e-08,0.000593903172137801,0.24244152529361207
0.0,0.0,0.031287391257748036,3725,0.14101997014918738,0.14101997029020735,0.08329132576266775,-0.08329132576266775,0.17822958953434226,0.09493826377167451,0.0,0.011591490458913268,0.8856343631867796,0.0,0.045518368872555635,0.0003684382045613797,0.0,0.0015185078010835178,0.9610319643671442,0.0023764248757103808,0.71607191035249,0.24747537072475778,-0.24747537072475778,0.5064579929774485,0.25898262225269075,0.07030140849060582,0.06500290298285111,0.06500290298285111,0.314239856047101,0.3792427590299521,0.23607687090517926,0.6884929273878988,0.0014833496051433839,0.9614857220612487,0.15081867351584105,-0.15081867351584105,3.6404371335080086e-07,0.47181556904896566,0.3209968955331246,2.563058935869728e-06,0.05042286807197251,0.17298562874069376,True,0.6881680042445067,0.06542175756825758,-0.06542175756825758,0.560666570644822,0.49524481307656437,0.0,0.0,0.006257478251549608,0.14101997014918738,0.14101997014918738,0.0,0.005795745229456634,0.0,0.0044212584547365565,0.0,0.009111046806501107,0.003515070424530291,0.0023607687090517926,3.640437133508009e-08,2.563058935869728e-08,0.0005042286807197251,0.17298562874069376
0.0,0.0,0.021146220065623347,3750,0.13306750144672772,0.13306750157979522,0.029914331578509257,-0.029914331578509257,0.17822958953434226,0.148315257955833,0.0,0.004297619678839184,1.0243958351724871,0.0,0.02083147468266391,7.21474232635955e-05,0.0,0.00039133291913732136,0.9802178636356605,0.005044933733692284,0.71607191035249,0.22052611721271093,-0.22052611721271093,0.5064579929774485,0.2859318757647376,0.1022409606546721,0.03213082038285836,0.03213082038285836,0.314239856047101,0.34637067642995933,0.1670771555457844,0.7023420537025935,0.0003676371161091296,0.9808261345548392,0.1300314552058945,0.1300314552058945,1.2612865642591418e-06,0.47181556904896566,0.6018470242548601,6.6253790438951415e-06,0.08676432691085477,0.15030997713300587,True,0.7019064879774026,0.1451468060802671,-0.1451468060802671,0.560666570644822,0.41551976456455486,0.0,0.0,0.00422924401312467,0.13306750144672772,0.13306750144672772,0.0,0.002148809839419592,0.0,0.000865769079163146,0.0,0.0023479975148239284,0.005112048032733605,0.001670771555457844,1.2612865642591419e-07,6.625379043895141e-08,0.0008676432691085477,0.15030997713300587
0.0,0.0,0.04158709609645792,3775,0.13330831217472047,0.13330831230802878,0.00595345715860951,0.00595345715860951,0.17822958953434226,0.18418304669295177,0.0,0.011326246142239298,1.5725844899836412,0.0,0.056000985298329774,0.00035846799588554694,0.0,0.0032714443469413265,0.9428034586103204,0.00702992457854087,0.71607191035249,0.2179172111569614,-0.2179172111569614,0.5064579929774485,0.28854078182048715,0.11807862022796728,0.11582063105138385,-0.11582063105138385,0.314239856047101,0.19841922499571713,0.25585564087727397,0.6755412628794834,0.0032037159968659086,0.9433986219525893,0.06620614574540634,0.06620614574540634,1.8200275218707098e-06,0.47181556904896566,0.538021714794372,9.983420484262742e-06,0.14673246829438905,0.18114923043747821,True,0.6751150831220615,0.1534095947778522,0.1534095947778522,0.560666570644822,0.7140761654226742,0.0,0.0,0.008317419219291584,0.13330831217472047,0.13330831217472047,0.0,0.005663123071119649,0.0,0.0043016159506265635,0.0,0.01962866608164796,0.005903931011398364,0.0025585564087727396,1.8200275218707098e-07,9.983420484262743e-08,0.0014673246829438906,0.18114923043747821
0.0,0.0,0.05098223110780412,3800,0.20080303496994184,0.20080303517074488,0.049077640514370274,0.049077640514370274,0.17822958953434226,0.22730723004871253,0.0,0.010476379490473725,2.030392295459128,0.0,0.044584673310231374,0.0003587007051640462,0.0,0.0011990844341605278,1.0346277985751409,0.0051632147995908624,0.71607191035249,0.2700448810472932,-0.2700448810472932,0.5064579929774485,0.23641311193015538,0.13033776763582142,0.15807175395217077,0.15807175395217077,0.314239856047101,0.47231160999927174,0.25565238332361395,0.7412255541486165,0.0012339233424952193,1.0351272450171547,0.2789765291496678,0.2789765291496678,1.759415241811351e-06,0.47181556904896566,0.7507920981986335,1.2399040381135035e-05,0.16390162704839173,0.2384493144211104,True,0.7408679145757704,0.15317264402203634,0.15317264402203634,0.560666570644822,0.7138392146668583,0.0,0.0,0.010196446221560825,0.20080303496994184,0.20080303496994184,0.0,0.0052381897452368625,0.0,0.004304408461968555,0.0,0.007194506604963167,0.006516888381791071,0.0025565238332361396,1.759415241811351e-07,1.2399040381135035e-07,0.0016390162704839172,0.2384493144211104
0.0,0.0,0.004432326692924369,3825,0.18513391550083272,0.18513391568596663,0.04606645542094878,-0.04606645542094878,0.17822958953434226,0.13216313411339348,0.0,0.010053935218987273,1.4282038349219708,0.0,0.036623158802948946,0.0002974191828880881,0.0,0.0031499381540671012,0.9438756901684564,0.0023174816298179536,0.71607191035249,0.22306282505711122,-0.22306282505711122,0.5064579929774485,0.2833951679203373,0.10692930001664414,0.03712723476554225,-0.03712723476554225,0.314239856047101,0.2771126212815587,0.18171666031341477,0.6762638391419677,0.0030905032281315923,0.9444077053169093,0.05945695952578406,-0.05945695952578406,2.775076412016179e-06,0.47181556904896566,0.4123586095231816,5.796712498369209e-06,0.047163307698449286,0.22115160772368797,True,0.6758828780329584,0.33849686830338166,-0.33849686830338166,0.560666570644822,0.22216970234144032,0.0,0.0,0.0008864653385848739,0.18513391550083272,0.18513391550083272,0.0,0.005026967609493636,0.0,0.003569030194657057,0.0,0.018899628924402608,0.0053464650008322075,0.0018171666031341477,2.775076412016179e-07,5.796712498369209e-08,0.0004716330769844929,0.22115160772368797
0.0,0.0,0.016731172893877575,3850,0.1846057548113484,0.18460575499595414,0.07351434868520217,-0.07351434868520217,0.17822958953434226,0.10471524084914009,0.0,0.004835271307860624,1.0701682811058355,0.0,0.027781192751646668,0.00016342015429301955,0.0,0.007762831775893443,0.9118930662439474,0.0027038487879075166,0.71607191035249,0.17739929521507447,-0.17739929521507447,0.5064579929774485,0.32905869776237406,0.08169429372140302,0.06180143956714945,-0.06180143956714945,0.314239856047101,0.2524384164799515,0.13850777801530917,0.6533149166510419,0.007680882346457089,0.9123593567660695,0.21111122664014687,-0.21111122664014687,1.5017467487822484e-06,0.47181556904896566,0.2607043424088188,3.846000389741874e-06,0.05296452206819877,0.24490728387251512,True,0.6529810191014238,0.2917776320019016,-0.2917776320019016,0.560666570644822,0.26888893864292035,0.0,0.0,0.0033462345787755154,0.1846057548113484,0.1846057548113484,0.0,0.002417635653930312,0.0,0.0019610418515162344,0.0,0.04657699065536065,0.004084714686070151,0.0013850777801530916,1.5017467487822484e-07,3.846000389741875e-08,0.0005296452206819878,0.24490728387251512
0.0,0.0,0.03557865952736396,3875,0.16606122890297376,0.16606122906903498,0.04191466862761209,-0.04191466862761209,0.17822958953434226,0.13631492090673017,0.0,0.013181970377940198,0.9892980695738453,0.0,0.03153322796608638,0.00025161704072054,0.0,0.0010480398439018865,1.032373443497748,0.0074284152751368845,0.71607191035249,0.2710710679571042,-0.2710710679571042,0.5064579929774485,0.23538692502034436,0.09799296062804665,0.15470573130508458,-0.15470573130508458,0.314239856047101,0.1595341247420164,0.22908135697587131,0.7396540322927607,0.001084556309804446,1.0329326025361563,0.012511592247871683,-0.012511592247871683,1.3013026941475038e-06,0.47181556904896566,0.45930397680109397,3.6592600720179828e-06,0.02032542866284714,0.19646947216013413,True,0.7392536342063454,0.19635399774592566,-0.19635399774592566,0.560666570644822,0.3643125728988963,0.0,0.0,0.0071157319054727915,0.16606122890297376,0.16606122890297376,0.0,0.006590985188970099,0.0,0.00301940448864648,0.0,0.006288239063411319,0.0048996480314023325,0.0022908135697587134,1.3013026941475038e-07,3.659260072017983e-08,0.0002032542866284714,0.19646947216013413
0.0,0.0,0.00874133745698331,3900,0.19411390138694437,0.19411390158105826,0.04397671525972782,0.04397671525972782,0.17822958953434226,0.22220630479407008,0.0,0.009287002735569273,1.6764042575618088,0.0,0.06270421044422275,0.0007347554788757907,0.0,0.006569515410360424,1.0810525472169779,0.004045422064202157,0.71607191035249,0.31206609060463975,-0.31206609060463975,0.5064579929774485,0.19439190237280882,0.13157848078937537,0.18549967145570195,-0.18549967145570195,0.314239856047101,0.12874018459139902,0.1650490421859599,0.7746118756118348,0.0066833081318878,1.081751502321901,0.232657399696024,0.232657399696024,4.49074294060083e-06,0.47181556904896566,0.7044729687449897,9.444175816031313e-06,0.07655001640664508,0.25773528659624473,True,0.7741113734876122,0.02328612894657811,-0.02328612894657811,0.560666570644822,0.5373804416982438,0.0,0.0,0.0017482674913966623,0.19411390138694437,0.19411390138694437,0.0,0.0046435013677846365,0.0,0.008817065746509489,0.0,0.039417092462162545,0.006578924039468768,0.001650490421859599,4.49074294060083e-07,9.444175816031312e-08,0.0007655001640664508,0.25773528659624473
0.0,0.0,0.021849236309445418,3925,0.13502163225175648,0.1350216323867781,0.023850195564669857,0.023850195564669857,0.17822958953434226,0.20207978509901212,0.0,0.005185438448608954,1.4820260542334203,0.0,0.04434276360005422,0.00027807615620140775,0.0,0.000173415075944158,0.9868312841953303,0.0028946455833864203,0.71607191035249,0.229121746134051,-0.229121746134051,0.5064579929774485,0.2773362468433975,0.12964764370525433,0.04137549364501031,-0.04137549364501031,0.314239856047101,0.27286436240209067,0.1887168101824588,0.707078536282568,0.00015773678823639871,0.9874406692759368,0.1883839391409084,0.1883839391409084,2.51620526762405e-06,0.47181556904896566,0.660199508189874,7.947961135171072e-06,0.04312185335619883,0.15516270298881935,True,0.7066421727376639,0.0298020080086554,0.0298020080086554,0.560666570644822,0.5904685786534773,0.0,0.0,0.004369847261889084,0.13502163225175648,0.13502163225175648,0.0,0.002592719224304477,0.0,0.003336913874416893,0.0,0.001040490455664948,0.006482382185262717,0.001887168101824588,2.51620526762405e-07,7.947961135171072e-08,0.0004312185335619883,0.15516270298881935
0.0,0.0,0.023497850149383683,3950,0.14240979585135888,0.14240979599376866,0.07153391266019753,-0.07153391266019753,0.17822958953434226,0.10669567687414473,0.0,0.006465976533920498,0.9353117047772359,0.0,0.03611543212759977,0.00017485969163355352,0.0,0.007208240784373124,0.9150986408567382,0.0025930150108360675,0.71607191035249,0.18604837162067123,-0.18604837162067123,0.5064579929774485,0.3204096213567773,0.07995199421837712,0.0485621171863409,-0.0485621171863409,0.314239856047101,0.26567773886076007,0.11085141615654555,0.6556086250787471,0.007129684920541458,0.9155625384053887,0.19832619436669657,-0.19832619436669657,1.2794021690396129e-06,0.47181556904896566,0.2734893746822691,2.593573431077089e-06,0.05279879932220495,0.20132437089569477,True,0.6552764410702381,0.14135096085332172,-0.14135096085332172,0.560666570644822,0.41931560979150023,0.0,0.0,0.004699570029876737,0.14240979585135888,0.14240979585135888,0.0,0.003232988266960249,0.0,0.0020983162996026424,0.0,0.043249444706238746,0.003997599710918856,0.0011085141615654556,1.279402169039613e-07,2.593573431077089e-08,0.0005279879932220495,0.20132437089569477
0.0,0.0,0.018370262486997458,3975,0.27074905832335794,0.270749058594107,0.08919403560075595,0.08919403560075595,0.17822958953434226,0.2674236251350982,0.0,0.008939154428316408,2.1995822488431,0.0,0.05039289290086526,0.0004037961904216704,0.0,0.00744263757881271,1.0862707226051382,0.0038460290489792616,0.71607191035249,0.4747888634680974,-0.4747888634680974,0.5064579929774485,0.03166912950935112,0.19333161362169476,0.05566567642109471,0.05566567642109471,0.314239856047101,0.3699055324681957,0.16551975408080902,0.7785309278375188,0.00760811151664425,1.0872244892025413,0.33158724662544675,0.33158724662544675,8.424204000583935e-06,0.47181556904896566,0.8034028156744124,1.3272218172633967e-05,0.10541586695264986,0.3407709798268531,True,0.7778479623585484,0.14176195939615288,-0.14176195939615288,0.560666570644822,0.41890461124866907,0.0,0.0,0.003674052497399492,0.27074905832335794,0.27074905832335794,0.0,0.004469577214158204,0.0,0.004845554285060045,0.0,0.04465582547287626,0.009666580681084738,0.0016551975408080901,8.424204000583936e-07,1.3272218172633968e-07,0.0010541586695264986,0.3407709798268531
0.0,0.0,0.031240013908761948,4000,0.2224653345510864,0.22246533477355177,0.008912922758934266,0.008912922758934266,0.17822958953434226,0.18714251229327653,0.0,0.0032179186859538104,1.6440310355167957,0.0,0.022926884541784574,7.98794610916793e-05,0.0,0.0033146647112391103,0.942426875095761,0.005419423299232853,0.71607191035249,0.11738051611387518,-0.11738051611387518,0.5064579929774485,0.38907747686357336,0.13470140041851947,0.40130990067736977,0.40130990067736977,0.314239856047101,0.7155497567244707,0.11460151950309432,0.6753734106352158,0.003230306457769963,0.9431642149894104,0.23631197873730897,0.23631197873730897,2.304458420576774e-06,0.47181556904896566,0.7081275477862746,1.072590407362695e-05,0.07754409542347174,0.259825702351425,True,0.6748454222416178,0.1292420691874479,-0.1292420691874479,0.560666570644822,0.43142450145737404,0.0,0.0,0.00624800278175239,0.2224653345510864,0.2224653345510864,0.0,0.0016089593429769052,0.0,0.0009585535331001515,0.0,0.01988798826743466,0.006735070020925974,0.0011460151950309432,2.3044584205767742e-07,1.072590407362695e-07,0.0007754409542347174,0.259825702351425
0.0,0.0,5.294866690704437e-05,4025,0.15368726648242167,0.15368726663610893,0.018829950678993596,0.018829950678993596,0.17822958953434226,0.19705954021333585,0.0,0.009256129689215385,1.636544362526417,0.0,0.030985199517721534,0.00020846107691622806,0.0,0.00022695895108732243,0.9849348431442841,0.003102651340687019,0.71607191035249,0.226679143445973,-0.226679143445973,0.5064579929774485,0.2797788495314755,0.13467835974274808,0.09606559593582206,-0.09606559593582206,0.314239856047101,0.2181742601112789,0.16549150542720775,0.7057559506232964,0.00020754239802130224,0.985593668127476,0.10477770898226074,0.10477770898226074,3.769718626990735e-06,0.47181556904896566,0.5765932780312264,7.950621218056185e-06,0.09014305566819515,0.17147992776609577,True,0.705284184552406,0.2148346142788516,-0.2148346142788516,0.560666570644822,0.34583195636597036,0.0,0.0,1.0589733381408875e-05,0.15368726648242167,0.15368726648242167,0.0,0.004628064844607692,0.0,0.002501532922994737,0.0,0.0013617537065239347,0.006733917987137405,0.0016549150542720776,3.7697186269907355e-07,7.950621218056185e-08,0.0009014305566819516,0.17147992776609577
0.0,0.0,0.009032720052051062,4050,0.10835979466142805,0.10835979476978785,0.05027626327167997,-0.05027626327167997,0.17822958953434226,0.1279533262626623,0.0,0.004829483326202462,1.2369175992396968,0.0,0.04416179900598998,0.0002046528815107889,0.0,0.0037635094346116778,0.9386525515232159,0.002708589118664541,0.71607191035249,0.19855151080723765,-0.19855151080723765,0.5064579929774485,0.3079064821702109,0.08389539274161284,0.007223131588663001,-0.007223131588663001,0.314239856047101,0.307016724458438,0.09910584589951141,0.6725367049571835,0.0036963076173478792,0.9392027334714144,0.007256792135800716,0.007256792135800716,9.884325152958263e-07,0.47181556904896566,0.47907236118476637,5.21352650593305e-06,0.10042542749067764,0.14380820487023813,True,0.6721427351129938,0.12905032296861352,0.12905032296861352,0.560666570644822,0.6897168936134355,0.0,0.0,0.0018065440104102126,0.10835979466142805,0.10835979466142805,0.0,0.002414741663101231,0.0,0.0024558345781294667,0.0,0.022581056607670066,0.004194769637080642,0.000991058458995114,9.884325152958263e-08,5.21352650593305e-08,0.0010042542749067764,0.14380820487023813
0.0,0.0,0.009396260866371785,4075,0.18148436807849555,0.18148436825997993,0.08562113744104244,0.08562113744104244,0.17822958953434226,0.2638507269753847,0.0,0.0045896456192775536,1.7034763852203352,0.0,0.03609780248904639,0.00020702476846675295,0.0,0.0012375413339317102,0.9648212943113066,0.003481149996852216,0.71607191035249,0.23730754656716224,-0.23730754656716224,0.5064579929774485,0.2691504464102863,0.17737339771382454,0.19627919758320303,-0.19627919758320303,0.314239856047101,0.11796065846389794,0.14088509444981792,0.6913001297810621,0.0011967446967445258,0.9654060020127114,0.21272245218435587,0.21272245218435587,1.7824713548090325e-05,0.47181556904896566,0.6845380212333215,1.0821132141049583e-05,0.1861601973168483,0.20770900177263413,True,0.6908814370144722,0.13137984515124335,-0.13137984515124335,0.560666570644822,0.4292867254935786,0.0,0.0,0.0018792521732743572,0.18148436807849555,0.18148436807849555,0.0,0.0022948228096387768,0.0,0.002484297221601035,0.0,0.007425248003590261,0.008868669885691228,0.0014088509444981792,1.7824713548090327e-06,1.0821132141049583e-07,0.001861601973168483,0.20770900177263413
0.0,0.0,0.023196957541438842,4100,0.14986296163379273,0.14986296178365568,0.05155810022375937,-0.05155810022375937,0.17822958953434226,0.1266714893105829,0.0,0.009975640695909093,1.1615883370775086,0.0,0.03518520557733041,0.00036636507783275387,0.0,0.00034224612694569873,0.9815001046774394,0.006860395978357331,0.71607191035249,0.23915539113547213,-0.23915539113547213,0.5064579929774485,0.2673026018419764,0.090942887469435,0.2059852968396143,-0.2059852968396143,0.314239856047101,0.10825455920748667,0.22667094271505922,0.7031542859379001,0.00032542633178151364,0.9819604231817508,0.08870036134540715,-0.08870036134540715,1.7032285304891672e-06,0.47181556904896566,0.3831152077035585,3.7703396769636546e-06,0.08883046963560218,0.1736423977089305,True,0.702824664782544,0.046295800544903676,-0.046295800544903676,0.560666570644822,0.5143707700999183,0.0,0.0,0.004639391508287768,0.14986296163379273,0.14986296163379273,0.0,0.004987820347954547,0.0,0.004396380933993046,0.0,0.0020534767616741923,0.00454714437347175,0.0022667094271505922,1.7032285304891674e-07,3.7703396769636547e-08,0.0008883046963560218,0.1736423977089305
0.0,0.0,0.006064539208599463,4125,0.17722786765950627,0.17722786783673417,0.07171623053081402,0.07171623053081402,0.17822958953434226,0.24994582006515628,0.0,0.009808446060709002,1.8765056048013264,0.0,0.043448325015773843,0.0003782034944945261,0.0,0.006996342592632329,1.0836441426080292,0.008663879591489338,0.71607191035249,0.2666810855271377,-0.2666810855271377,0.5064579929774485,0.23977690745031083,0.15318336660425155,0.03243850457597597,0.03243850457597597,0.314239856047101,0.34667836062307694,0.20963473948760356,0.7764452770078141,0.00710849000902874,1.084311861615248,0.27903417146097526,0.27903417146097526,8.250182610936395e-06,0.47181556904896566,0.7508497405099409,9.131358430211367e-06,0.11135452545589072,0.2407314733328019,True,0.775967142176059,0.043292507068251274,0.043292507068251274,0.560666570644822,0.6039590777130732,0.0,0.0,0.0012129078417198926,0.17722786765950627,0.17722786765950627,0.0,0.004904223030354501,0.0,0.0045384419339343125,0.0,0.041978055555793974,0.007659168330212578,0.0020963473948760357,8.250182610936395e-07,9.131358430211367e-08,0.0011135452545589072,0.2407314733328019
0.0,0.0,0.016394164497157235,4150,0.10565474142871535,0.1056547415343701,0.01867359352548853,0.01867359352548853,0.17822958953434226,0.1969031830598308,0.0,0.007089131135030383,1.9478097113717427,0.0,0.03175037699723079,0.00032960297299248673,0.0,0.017546679231179082,0.8675361210322637,0.008210531204178757,0.71607191035249,0.10758444301990516,-0.10758444301990516,0.5064579929774485,0.39887354995754337,0.14809765530056374,0.017440705713585303,0.017440705713585303,0.314239856047101,0.3316805617606863,0.11729527902867465,0.6215430273756751,0.017426728136437517,0.867989666554328,0.05381446935683826,0.05381446935683826,1.2839720290710538e-05,0.47181556904896566,0.5256300384058039,9.373658842610615e-06,0.17128047610920735,0.2320054689836708,True,0.6212182561627233,0.20172092415133436,-0.20172092415133436,0.560666570644822,0.3589456464934876,0.0,0.0,0.003278832899431447,0.10565474142871535,0.10565474142871535,0.0,0.0035445655675151915,0.0,0.003955235675909841,0.0,0.10528007538707448,0.007404882765028187,0.0011729527902867465,1.283972029071054e-06,9.373658842610616e-08,0.0017128047610920735,0.2320054689836708
0.0,0.0,0.03634047685704217,4175,0.1466626335945178,0.14666263374118044,0.04466082010586456,0.04466082010586456,0.17822958953434226,0.22289040964020682,0.0,0.004823033008003718,2.098989492942811,0.0,0.015274816001413132,4.339568115031624e-05,0.0,9.394963937688863e-08,1.0003065120542114,0.007038235642872955,0.71607191035249,0.22284671961292973,-0.22284671961292973,0.5064579929774485,0.2836112733645188,0.1529943617960409,0.06306570168142739,-0.06306570168142739,0.314239856047101,0.2511741543656736,0.13054100771959978,0.7166826955912421,7.275277388110647e-07,1.0008529523660856,0.1301140549400585,0.1301140549400585,2.5467999055423654e-05,0.47181556904896566,0.6019296239890242,9.188602757228392e-06,0.21861817166754988,0.16800750591117486,True,0.7162914050277603,0.1870493019586299,-0.1870493019586299,0.560666570644822,0.37361726868619205,0.0,0.0,0.007268095371408434,0.1466626335945178,0.1466626335945178,0.0,0.002411516504001859,0.0,0.0005207481738037948,0.0,5.636978362613318e-07,0.007649718089802045,0.0013054100771959978,2.5467999055423657e-06,9.188602757228393e-08,0.0021861817166754986,0.16800750591117486
0.0,0.0,0.01733009665997365,4200,0.13448955072297594,0.13448955085746547,0.07603552776042821,0.07603552776042821,0.17822958953434226,0.25426511729477047,0.0,0.005440876764405071,1.827382328955831,0.0,0.03319793217545908,0.0002644043150381318,0.0,0.0012706971926129533,0.9643531601314653,0.007029383800586346,0.71607191035249,0.19851844386074735,-0.19851844386074735,0.5064579929774485,0.3079395491167012,0.17786063634318872,0.059141767637345743,-0.059141767637345743,0.314239856047101,0.25509808840975523,0.08394041235833812,0.6909252568124133,0.001233239578865231,0.9648824889995713,0.15629325598439253,0.15629325598439253,2.413415244838304e-05,0.47181556904896566,0.6281088250333582,1.034669354513486e-05,0.1816624588587534,0.1630246207848192,True,0.6905462192733307,0.13160885938659972,-0.13160885938659972,0.560666570644822,0.42905771125822223,0.0,0.0,0.0034660193319947298,0.13448955072297594,0.13448955072297594,0.0,0.0027204383822025356,0.0,0.0031728517804575813,0.0,0.0076241831556777195,0.008893031817159436,0.0008394041235833811,2.413415244838304e-06,1.034669354513486e-07,0.001816624588587534,0.1630246207848192
0.0,0.0,0.015610301652973791,4225,0.3529224875784833,0.3529224879314058,0.13470870699348791,0.13470870699348791,0.17822958953434226,0.3129382965278302,0.0,0.017662876392268406,1.8086488484318415,0.0,0.03904833927049443,0.00038192718409437376,0.0008059003693940507,0.0013958157468382754,1.0373606175917673,0.008438007842146173,0.71607191035249,0.24363354867309883,-0.24363354867309883,0.5064579929774485,0.2628244443043497,0.1883700847474255,0.05238804744514097,-0.05238804744514097,0.314239856047101,0.26185180860196,0.29110356014985567,0.7433254904398063,0.001448550078257225,1.0380598223623971,0.5916627882625642,0.5916627882625642,1.0208235221534094e-05,0.47181556904896566,1.0634783573115298,1.1161933551533531e-05,0.0626443227405226,0.39099259739685566,True,0.7428248095369819,0.4387007045011615,0.4387007045011615,0.560666570644822,0.9993672751459834,0.0,0.0,0.0031220603305947585,0.3529224875784833,0.3529224875784833,0.0,0.008831438196134203,0.0,0.0045831262091324855,0.00020147509234851269,0.008374894481029653,0.009418504237371277,0.002911035601498557,1.0208235221534093e-06,1.1161933551533531e-07,0.000626443227405226,0.39099259739685566
0.0,0.0,0.010908953444912465,4250,0.12170656039000712,0.12170656051171366,0.03601584059263724,0.03601584059263724,0.17822958953434226,0.2142454301269795,0.0,0.011134135583000684,1.8648966011580945,0.0,0.04432568483733239,0.0004254198652106562,0.0,0.0026066191562944103,1.0510550600459387,0.009870991177297487,0.71607191035249,0.18844355932682344,-0.18844355932682344,0.5064579929774485,0.3180144336506251,0.1431983906148957,0.05829411689962427,0.05829411689962427,0.314239856047101,0.37253397294672524,0.23723768292141872,0.7530123520364305,0.00266128045727155,1.0515875998401898,0.13288987168008565,0.13288987168008565,5.65138560588948e-06,0.47181556904896566,0.6047054407290513,1.0284127321675137e-05,0.21662657954709108,0.161899402326048,True,0.752631015243297,0.12726506383271152,0.12726506383271152,0.560666570644822,0.6879316344775335,0.0,0.0,0.0021817906889824933,0.12170656039000712,0.12170656039000712,0.0,0.005567067791500342,0.0,0.005105038382527875,0.0,0.01563971493776646,0.007159919530744786,0.002372376829214187,5.65138560588948e-07,1.0284127321675138e-07,0.002166265795470911,0.161899402326048
0.0,0.0,0.004106830087936362,4275,0.2663024852947608,0.26630248556106334,0.06748621970734409,0.06748621970734409,0.17822958953434226,0.24571580924168634,0.0,0.0043678504824877125,1.7346175494625493,0.0,0.01816861364664382,3.746044577950177e-05,0.0,0.00025726459173013353,0.9839605301917385,0.004157578830821722,0.71607191035249,0.279134788950846,-0.279134788950846,0.5064579929774485,0.22732320402660258,0.16407099276545983,0.13836998221553615,0.13836998221553615,0.314239856047101,0.4526098382626371,0.08671096079489063,0.7051288703348269,0.0002335411856825311,0.9847179456327845,0.5028749529318686,0.5028749529318686,6.879784462366586e-06,0.47181556904896566,0.9746905219808343,1.2275535029225724e-05,0.21612911494531029,0.28253365058279817,True,0.7045865064054524,0.009218381768165473,-0.009218381768165473,0.560666570644822,0.5514481888766565,0.0,0.0,0.0008213660175872724,0.2663024852947608,0.2663024852947608,0.0,0.0021839252412438562,0.0,0.00044952534935402123,0.0,0.0015435875503808012,0.008203549638272993,0.0008671096079489063,6.879784462366586e-07,1.2275535029225725e-07,0.0021612911494531028,0.28253365058279817
0.0,0.0,0.009262398163413394,4300,0.2051836001192001,0.20518360032438368,0.02202957393145341,0.02202957393145341,0.17822958953434226,0.20025916346579567,0.0,0.00685661371948032,1.493283480468299,0.0,0.04355215383889848,0.0001756448535274992,0.0,0.007483547759675636,1.0865075011757688,0.004914581254342222,0.71607191035249,0.23564467762737423,-0.23564467762737423,0.5064579929774485,0.2708133153500743,0.11125798227828992,0.09563838439063854,0.09563838439063854,0.314239856047101,0.4098782404377395,0.14700245729254763,0.7784192320528068,0.0075809245927849645,1.0870685051714164,0.29516552267588886,0.29516552267588886,8.250423434848649e-07,0.47181556904896566,0.7669810917248545,8.759733886548237e-06,0.13014426291978454,0.2658079478296178,True,0.7780175128443181,0.24128499050560404,0.24128499050560404,0.560666570644822,0.801951561150426,0.0,0.0,0.0018524796326826788,0.2051836001192001,0.2051836001192001,0.0,0.00342830685974016,0.0,0.0021077382423299903,0.0,0.04490128655805382,0.005562899113914496,0.0014700245729254763,8.250423434848649e-08,8.759733886548238e-08,0.0013014426291978454,0.2658079478296178
0.0,0.0,0.045145275143678984,4325,0.1586397506757593,0.15863975083439905,0.06939338813057636,-0.06939338813057636,0.17822958953434226,0.1088362014037659,0.0,0.008171419135371553,0.8913923707412623,0.0,0.07302432363311893,0.0011363683021752063,0.0,0.001154977633587694,1.033984961874154,0.00888267527999205,0.71607191035249,0.2507247661309563,-0.2507247661309563,0.5064579929774485,0.25573322684649225,0.07869446885064937,0.01594924261630226,-0.01594924261630226,0.314239856047101,0.2982906134307987,0.21021542366827436,0.7406784858308564,0.0011808336282869423,1.0343632598611794,0.2012212209257535,-0.2012212209257535,1.0828221127240978e-06,0.47181556904896566,0.27059434812321215,2.573047748970049e-06,0.03231202721504322,0.19868093266386394,True,0.7404075972648215,0.1319475045821366,-0.1319475045821366,0.560666570644822,0.42871906606268534,0.0,0.0,0.009029055028735798,0.1586397506757593,0.1586397506757593,0.0,0.004085709567685777,0.0,0.013636419626102476,0.0,0.0069298658015261635,0.003934723442532469,0.002102154236682744,1.0828221127240978e-07,2.573047748970049e-08,0.0003231202721504322,0.19868093266386394
0.0,0.0,0.013887746589850525,4350,0.2189906827596547,0.21899068297864538,0.013073946567018269,0.013073946567018269,0.17822958953434226,0.19130353610136053,0.0,0.008208893448524162,1.607138766856474,0.0,0.04410862733778587,0.00033512553457972383,0.0,4.136946295096737e-05,0.9935680902563105,0.005821701377263521,0.71607191035249,0.2684143590102234,-0.2684143590102234,0.5064579929774485,0.2380436339672251,0.13194852742257063,0.22782774105702647,-0.22782774105702647,0.314239856047101,0.08641211499007452,0.26087603617793054,0.7118783408550284,3.429702680789989e-05,0.9941436336514952,0.2924896036846501,0.2924896036846501,1.0844725440712425e-05,0.47181556904896566,0.7643051727336158,7.202605587419749e-06,0.20432285453830337,0.2413929737714402,True,0.7114662103907924,0.1735273814036571,0.1735273814036571,0.560666570644822,0.734193952048479,0.0,0.0,0.0027775493179701054,0.2189906827596547,0.2189906827596547,0.0,0.004104446724262081,0.0,0.004021506414956686,0.0,0.00024821677770580427,0.0065974263711285315,0.0026087603617793056,1.0844725440712426e-06,7.202605587419749e-08,0.0020432285453830337,0.2413929737714402
0.0,0.0,0.02422502153005155,4375,0.18619593956744773,0.18619593975364368,0.011608937204720338,-0.011608937204720338,0.17822958953434226,0.16662065232962192,0.0,0.008361448018738409,1.435103410525697,0.0,0.05305307593398021,0.0005869690287672626,0.0,7.276034333542017e-05,0.9914700326298737,0.003277928720963587,0.71607191035249,0.2815658766516167,-0.2815658766516167,0.5064579929774485,0.2248921163258318,0.11016427657769642,0.2963370367704398,-0.2963370367704398,0.314239856047101,0.01790281927666117,0.21542577606743363,0.7102387680856581,6.635800774252975e-05,0.9918539575410799,0.07525837785553846,-0.07525837785553846,7.876469572633973e-06,0.47181556904896566,0.3965571911934272,5.4441664933137976e-06,0.1008783602546523,0.21137395556877484,True,0.7099638502372195,0.021238332956329598,0.021238332956329598,0.560666570644822,0.5819049036011515,0.0,0.0,0.004845004306010311,0.18619593956744773,0.18619593956744773,0.0,0.0041807240093692044,0.0,0.007043628345207151,0.0,0.00043656206001252103,0.0055082138288848215,0.002154257760674336,7.876469572633974e-07,5.444166493313798e-08,0.001008783602546523,0.21137395556877484
0.0,0.0,0.00464936650338905,4400,0.21689708227822435,0.2168970824951214,0.026718547949328875,-0.026718547949328875,0.17822958953434226,0.15151104158501338,0.0,0.006889735936331104,1.4826452647587045,0.0,0.025907068316757702,0.0001628441713702968,0.0,0.0005227753219616202,0.9771357195179551,0.007634059825499343,0.71607191035249,0.3872336051041723,-0.3872336051041723,0.5064579929774485,0.11922438787327622,0.11035705011240177,0.143617232906461,0.143617232906461,0.314239856047101,0.457857088953562,0.11885474354711793,0.7000832230858598,0.0004985547649446227,0.9776716600495106,0.05028054265589943,-0.05028054265589943,5.293925695367698e-07,0.47181556904896566,0.4215350263930662,7.011690386876456e-06,0.13166540931929654,0.23438578262572607,True,0.6996994511202341,0.24779817128159465,-0.24779817128159465,0.560666570644822,0.3128683993632273,0.0,0.0,0.0009298733006778101,0.21689708227822435,0.21689708227822435,0.0,0.003444867968165552,0.0,0.0019541300564435617,0.0,0.003136651931769721,0.0055178525056200885,0.0011885474354711794,5.293925695367698e-08,7.011690386876457e-08,0.0013166540931929655,0.23438578262572607
0.0,0.0,0.015620701248639244,4425,0.15821532835742594,0.15821532851564124,0.0068828995063547616,-0.0068828995063547616,0.17822958953434226,0.1713466900279875,0.0,0.008556281156815912,1.209055637324402,0.0,0.07132798065606877,0.0009187354599001956,0.0,0.014382235150958602,1.1199259569524405,0.009427659104363358,0.71607191035249,0.3312208263959622,-0.3312208263959622,0.5064579929774485,0.17523716658148636,0.11232635455350708,0.006190661644719153,-0.006190661644719153,0.314239856047101,0.3080491944023818,0.18860168889896758,0.8024094522842126,0.014537374265576658,1.1205710341067732,0.00953696997624709,-0.00953696997624709,2.40530177728091e-06,0.47181556904896566,0.46227859907271857,5.9116576485490495e-06,0.08964419475627519,0.27133492182109764,True,0.8019475306475341,0.12359839260522565,0.12359839260522565,0.560666570644822,0.6842649632500476,0.0,0.0,0.0031241402497278487,0.15821532835742594,0.15821532835742594,0.0,0.004278140578407956,0.0,0.011024825518802347,0.0,0.08629341090575161,0.005616317727675354,0.0018860168889896758,2.40530177728091e-07,5.9116576485490496e-08,0.0008964419475627519,0.27133492182109764
0.0,0.0,0.014801484559326691,4450,0.20967824425651946,0.2096782444661977,0.039007493049729974,0.039007493049729974,0.17822958953434226,0.21723708258407223,5.2839763443435545e-05,0.017135020774622405,1.571903365586634,0.0,0.07215733506809187,0.0016668144339232061,0.0,0.045777504571629636,1.2139567820183077,0.014766209848396172,0.71607191035249,0.41143560157709835,-0.41143560157709835,0.5064579929774485,0.09502239140035015,0.14068587721273132,0.07562039426695477,0.07562039426695477,0.314239856047101,0.38986025031405575,0.4422185996272738,0.8698505844818301,0.046118893606136566,1.2147530991770237,0.0678844398423199,0.0678844398423199,3.8551569365583984e-06,0.47181556904896566,0.5397000088912856,1.0431396867780657e-05,0.14362394386895624,0.5290302601350307,True,0.8692803641247787,0.19671616875896103,0.19671616875896103,0.560666570644822,0.757382739403783,0.0,0.0,0.0029602969118653383,0.20967824425651946,0.20967824425651946,0.0002641988172171777,0.008567510387311203,0.0,0.020001773207078473,0.0,0.27466502742977783,0.007034293860636566,0.004422185996272738,3.8551569365583984e-07,1.0431396867780657e-07,0.0014362394386895625,0.5290302601350307
0.0,0.0,0.05352607460649629,4475,0.24824892481232547,0.2482489250605744,0.016529859294516697,0.016529859294516697,0.17822958953434226,0.19475944882885896,0.0,0.009190163001215983,1.386288597451146,0.0,0.04636451745911779,0.0007889757511411322,0.002748527147128779,0.0034278916669224597,1.0585481995190498,0.005713743801501641,0.71607191035249,0.3437224274192269,-0.3437224274192269,0.5064579929774485,0.16273556555822166,0.1222027859347365,0.43146884450833395,-0.43146884450833395,0.314239856047101,-0.11722898846123297,0.28177128094091836,0.7583268530432712,0.003482102417908794,1.0590093417850834,0.042766737917800335,-0.042766737917800335,8.228556733661764e-06,0.47181556904896566,0.4290488311311653,6.900230028774978e-06,0.1152226268403208,0.30435238226876615,True,0.7579966420152767,0.041532432578703427,-0.041532432578703427,0.560666570644822,0.5191341380661185,0.0,0.0,0.010705214921299258,0.24824892481232547,0.24824892481232547,0.0,0.004595081500607992,0.0,0.009467709013693586,0.0006871317867821947,0.020567350001534757,0.006110139296736826,0.0028177128094091838,8.228556733661764e-07,6.900230028774979e-08,0.001152226268403208,0.30435238226876615
0.0,0.0,0.035428959149405234,4500,0.26729704024774376,0.26729704051504083,0.19447434386200108,0.19447434386200108,0.17822958953434226,0.37270393339634333,0.0,0.0065253213648461305,2.513656709293084,0.0,0.04052665616703687,0.0005777360826349708,0.0,0.015958905015878124,1.1263285597791652,0.00844014690942282,0.71607191035249,0.3348213351053504,-0.3348213351053504,0.5064579929774485,0.17163665787209811,0.21019939765111176,0.004556104162265651,-0.004556104162265651,0.314239856047101,0.3096837518848353,0.17869549117598577,0.8070857807444025,0.016154807350660955,1.1271015631322485,0.4337476678045455,0.4337476678045455,3.7402455164506636e-05,0.47181556904896566,0.9055632368535111,1.4706646723517668e-05,0.31805856232091245,0.3958131535764446,True,0.8065322547489212,0.1384021136659116,0.1384021136659116,0.560666570644822,0.6990686843107335,0.0,0.0,0.007085791829881047,0.26729704024774376,0.26729704024774376,0.0,0.0032626606824230652,0.0,0.00693283299161965,0.0,0.09575343009526874,0.010509969882555589,0.0017869549117598576,3.7402455164506636e-06,1.470664672351767e-07,0.0031805856232091246,0.3958131535764446
0.0,0.0,0.010766777100885454,4525,0.18589792817957243,0.18589792836547037,0.0698357982222122,0.0698357982222122,0.17822958953434226,0.24806538775655446,0.0,0.007698036556367112,2.414446749849261,0.0,0.023741158646077568,0.00012661722123330716,0.0,0.001705615045241869,0.9587009074525618,0.0073136838818828875,0.71607191035249,0.18158912321751458,-0.18158912321751458,0.5064579929774485,0.32486886975993395,0.17661139230732734,0.2396908649003487,0.2396908649003487,0.314239856047101,0.5539307209474497,0.17766784095839827,0.6870559278184154,0.0016419562226204672,0.959478940998285,0.2195973834715657,0.2195973834715657,4.44918881049455e-06,0.47181556904896566,0.6914129525205314,1.6431733304755e-05,0.2511620856320992,0.2167728769216694,True,0.6864987998432307,0.17106673821755486,-0.17106673821755486,0.560666570644822,0.3895998324272671,0.0,0.0,0.002153355420177091,0.18589792817957243,0.18589792817957243,0.0,0.003849018278183556,0.0,0.0015194066547996859,0.0,0.010233690271451214,0.008830569615366367,0.0017766784095839827,4.4491888104945503e-07,1.6431733304755e-07,0.002511620856320992,0.2167728769216694
0.0,0.0,0.011565307402844666,4550,0.1409140502119473,0.14091405035286136,0.0229951923126597,0.0229951923126597,0.17822958953434226,0.20122478184700196,0.0,0.007946348651232494,2.0489400287799917,0.0,0.05124009627160739,0.00021986388193578075,0.0,0.00036161849164428395,1.0190162691305178,0.0047161958284985105,0.71607191035249,0.25187350327435604,-0.25187350327435604,0.5064579929774485,0.2545844897030925,0.1423631656236953,0.15486885049860666,0.15486885049860666,0.314239856047101,0.46910870654570763,0.15613715359701885,0.73018959208438,0.0003886985055889849,1.0197154382550575,0.03752137372332515,0.03752137372332515,2.2419288755852154e-06,0.47181556904896566,0.5093369427722908,1.1823628295072074e-05,0.18863556340873042,0.16257459143164033,True,0.7296889367067196,0.09961221346905846,0.09961221346905846,0.560666570644822,0.6602787841138804,0.0,0.0,0.002313061480568933,0.1409140502119473,0.1409140502119473,0.0,0.003973174325616247,0.0,0.002638366583229369,0.0,0.0021697109498657035,0.007118158281184766,0.0015613715359701886,2.2419288755852155e-07,1.1823628295072074e-07,0.0018863556340873043,0.16257459143164033
0.0,0.0,0.01916748097905392,4575,0.27929402659886293,0.27929402687815696,0.08316585548062444,0.08316585548062444,0.17822958953434226,0.2613954450149667,0.0,0.014842648269984132,2.2399016292210803,0.0,0.024078168361980578,0.00016194845418310617,5.33091608029643e-05,0.001161534723017343,0.965918704205718,0.005825522255904121,0.71607191035249,0.23080171565949703,-0.23080171565949703,0.5064579929774485,0.2756562773179515,0.18051876864598745,0.051839989267069786,-0.051839989267069786,0.314239856047101,0.2623998667800312,0.2567328551643717,0.6920514849270254,0.0011252485544342708,0.9664552753113955,0.5445106615023534,0.5445106615023534,3.6841569134945506e-05,0.47181556904896566,1.016326230551319,1.0454939393913193e-05,0.29382158045792495,0.31401003550299766,True,0.6916672614249773,0.17510148715231255,0.17510148715231255,0.560666570644822,0.7357680577971345,0.0,0.0,0.003833496195810784,0.27929402659886293,0.27929402659886293,0.0,0.007421324134992066,0.0,0.001943381450197274,1.3327290200741075e-05,0.006969208338104058,0.009025938432299372,0.002567328551643717,3.684156913494551e-06,1.0454939393913193e-07,0.0029382158045792497,0.31401003550299766
0.0,0.0,0.010003577638034696,4600,0.5997237440277571,0.5997237446274808,0.26592229828618236,0.26592229828618236,0.17822958953434226,0.4441518878205246,0.0,0.010124752541432986,2.25856283840986,3.563867766184858e-05,0.0859698138716252,0.0018590481091224776,0.103705529137055,0.01779404689487828,1.133394328570889,0.015007531164921406,0.71607191035249,0.39501254104368877,-0.39501254104368877,0.5064579929774485,0.11144545193375979,0.3238195749586602,0.06692429181430698,0.06692429181430698,0.314239856047101,0.38116414786140795,0.22376389790625772,0.8121960125204022,0.018019851788248994,1.1342380415092868,1.2482730683320689,1.2482730683320689,2.3046083495258348e-05,0.47181556904896566,1.7200886373810345,2.446432278654597e-05,0.10968453189645941,0.7815279211525925,True,0.8115918533763775,0.09449211122859547,0.09449211122859547,0.560666570644822,0.6551586818734174,0.0,0.0,0.002000715527606939,0.5997237440277571,0.5997237440277571,0.0,0.005062376270716493,0.00021383206597109147,0.02230857730946973,0.02592638228426375,0.10676428136926969,0.016190978747933012,0.0022376389790625772,2.304608349525835e-06,2.4464322786545973e-07,0.001096845318964594,0.7815279211525925
0.0,0.0,0.03153967991976309,4625,0.2307318558321854,0.23073185606291724,0.0277077271618065,0.0277077271618065,0.17822958953434226,0.20593731669614876,0.0,0.01197332821714783,1.49360658620195,0.0,0.02781275787775061,0.0001558684898709802,0.0,0.0042896599705963,1.0654954958038818,0.0067717743830582825,0.71607191035249,0.33119913057054134,-0.33119913057054134,0.5064579929774485,0.1752588624069072,0.12698327733731457,0.1406841751208015,-0.1406841751208015,0.314239856047101,0.17355568092629947,0.2341107017342189,0.763389763161179,0.004366531390747425,1.0660797350989502,0.27355570407761126,0.27355570407761126,1.1563386477004182e-05,0.47181556904896566,0.7453712731265769,7.182393355321672e-06,0.21730162506366046,0.28149935292416733,True,0.7629714058072141,0.2471853644802221,0.2471853644802221,0.560666570644822,0.807851935125044,0.0,0.0,0.006307935983952619,0.2307318558321854,0.2307318558321854,0.0,0.005986664108573915,0.0,0.0018704218784517624,0.0,0.0257379598235778,0.006349163866865729,0.002341107017342189,1.1563386477004183e-06,7.182393355321673e-08,0.0021730162506366046,0.28149935292416733
0.0,0.0,0.04382109396060086,4650,0.3565705630976143,0.35657056345418486,0.12910898267333742,0.12910898267333742,0.17822958953434226,0.3073385722076797,0.0,0.008614418700151755,1.4594240434801053,0.0,0.055643385825826175,0.0004950069758147063,0.0013752958324167327,0.002061831457003249,1.045407394298762,0.006043549332389028,0.71607191035249,0.2316179788764416,-0.2316179788764416,0.5064579929774485,0.27484001410100695,0.18410494173534597,0.21843445683669777,0.21843445683669777,0.314239856047101,0.5326743128837987,0.2240706373340604,0.7492617026550809,0.0021483029255125437,1.0463497888399995,0.6111089699131755,0.6111089699131755,6.634054525334771e-06,0.47181556904896566,1.0829245389621411,1.2134696068673874e-05,0.06776932908933571,0.400421319153125,True,0.7485868803862072,0.3797749741920037,0.3797749741920037,0.560666570644822,0.9404415448368256,0.0,0.0,0.008764218792120172,0.3565705630976143,0.3565705630976143,0.0,0.004307209350075877,0.0,0.005940083709776475,0.00034382395810418317,0.012370988742019494,0.0092052470867673,0.002240706373340604,6.634054525334772e-07,1.2134696068673873e-07,0.0006776932908933571,0.400421319153125
0.0,0.0,0.006511119544670042,4675,0.16055262425733147,0.1605526244178841,0.07102036168515327,0.07102036168515327,0.17822958953434226,0.24924995121949553,0.0,0.006097067597021752,1.6177278122751813,0.0,0.04237729178787763,0.0004216252799108944,0.0,5.6396874149598864e-05,1.007509785226596,0.005557833972419231,0.71607191035249,0.2574211217051917,-0.2574211217051917,0.5064579929774485,0.2490368712722568,0.14949125679509329,0.13152164311773834,-0.13152164311773834,0.314239856047101,0.18271821292936263,0.12798802109857338,0.7218769024639433,6.571862733794367e-05,1.0081067026180774,0.1991236511542474,0.1991236511542474,1.4474271410258858e-05,0.47181556904896566,0.6709392202032131,9.108256272938217e-06,0.15936091164013674,0.18065085724545024,True,0.7214494666811333,0.025060512886082575,0.025060512886082575,0.560666570644822,0.5857270835309045,0.0,0.0,0.0013022239089340085,0.16055262425733147,0.16055262425733147,0.0,0.003048533798510876,0.0,0.005059503358930732,0.0,0.0003383812448975932,0.007474562839754665,0.0012798802109857338,1.447427141025886e-06,9.108256272938217e-08,0.0015936091164013674,0.18065085724545024
0.0,0.0,0.04526253760901515,4700,0.15098419122607845,0.15098419137706265,0.03699516496961949,0.03699516496961949,0.17822958953434226,0.21522475450396175,0.0,0.015541751759526356,1.8987052386696375,0.0005539351971533189,0.10353582794705381,0.0019047534535684165,0.0,3.84672368050702e-05,1.0062021961275882,0.008210733351644078,0.71607191035249,0.24774076632862568,-0.24774076632862568,0.5064579929774485,0.25871722664882285,0.12897098190115683,0.08302022404330334,-0.08302022404330334,0.314239856047101,0.23121963200379764,0.2734811976917074,0.7209705699815026,4.679931198931977e-05,1.0068410022649696,0.10159888445019377,0.10159888445019377,6.748247390347681e-06,0.47181556904896566,0.5734144534991594,1.075835759617152e-05,0.11719163003754621,0.2045750904548814,True,0.7205131388439749,0.18445137509647147,0.18445137509647147,0.560666570644822,0.7451179457412934,0.0,0.0,0.009052507521803031,0.15098419122607845,0.15098419122607845,0.0,0.007770875879763178,0.0033236111829199133,0.022857041442820997,0.0,0.0002308034208304212,0.006448549095057841,0.0027348119769170743,6.748247390347681e-07,1.075835759617152e-07,0.0011719163003754622,0.2045750904548814
0.0,0.0,0.014431576368538979,4725,0.13865159828564352,0.1386515984242951,0.012883107635935864,-0.012883107635935864,0.17822958953434226,0.1653464818984064,0.0,0.009231604189564304,1.389337626648446,0.0,0.026592611965890318,6.38162684201993e-05,0.0,7.934075121984571e-05,0.99109265745467,0.0029385905823315775,0.71607191035249,0.2585318121621193,-0.2585318121621193,0.5064579929774485,0.24792618081532924,0.09241345706012158,0.05120510581051052,0.05120510581051052,0.314239856047101,0.3654449618576115,0.18850528712538026,0.7102326504876906,6.649726846070107e-05,0.99184541426799,0.11877628214276675,0.11877628214276675,5.944163505516118e-06,0.47181556904896566,0.5905918511917324,5.18961700170678e-06,0.1468970368435342,0.15537089778771077,True,0.7096936224708181,0.11129639843745087,0.11129639843745087,0.560666570644822,0.6719629690822728,0.0,0.0,0.002886315273707796,0.13865159828564352,0.13865159828564352,0.0,0.004615802094782152,0.0,0.0007657952210423916,0.0,0.00047604450731907424,0.004620672853006079,0.0018850528712538025,5.944163505516119e-07,5.18961700170678e-08,0.001468970368435342,0.15537089778771077
0.0,0.0,0.04510921428085868,4750,0.1879090273893452,0.18790902757725422,0.007358902874546908,0.007358902874546908,0.17822958953434226,0.18558849240888917,0.0,0.00820476141783345,1.4759520975420692,0.0,0.021467762635199575,0.00012960157560694576,0.0,0.012123793924099393,0.8898918989170216,0.005312358965867176,0.71607191035249,0.20083015364227474,-0.20083015364227474,0.5064579929774485,0.3056278393351738,0.13259461193593167,0.1842125794061332,-0.1842125794061332,0.314239856047101,0.13002727664096778,0.20218559689372512,0.6375286578672357,0.012031079202065066,0.8903137237296066,0.06229259226673828,0.06229259226673828,1.2410716292303606e-05,0.47181556904896566,0.5341081613157039,8.63623179975198e-06,0.12859871998972683,0.2852701346058917,True,0.6372266009636356,0.3136039982188982,-0.3136039982188982,0.560666570644822,0.24706257242592375,0.0,0.0,0.009021842856171736,0.1879090273893452,0.1879090273893452,0.0,0.004102380708916725,0.0,0.001555218907283349,0.0,0.07274276354459636,0.006629730596796584,0.002021855968937251,1.2410716292303607e-06,8.63623179975198e-08,0.0012859871998972684,0.2852701346058917
0.0,0.0,0.029278931841670196,4775,0.8051493341448094,0.8051493349499588,0.48103570859082484,0.48103570859082484,0.17822958953434226,0.6592652981251671,0.0,0.007898948582272183,2.865190795481347,0.0,0.03104122352713155,0.00018336242339715524,0.21104665059944366,0.004298972559336632,1.0655665506133778,0.005057449702360341,0.71607191035249,0.24085767617991088,-0.24085767617991088,0.5064579929774485,0.26560031679753765,0.42954541472581514,0.2691979531894499,0.2691979531894499,0.314239856047101,0.5834378092365509,0.19732969086233168,0.7640478272122349,0.0044888293739017765,1.0669987266588088,1.4731111480588426,1.4731111480588426,5.500947065012052e-05,0.47181556904896566,1.9449267171078082,3.401271843758654e-05,0.2594982294453002,0.9217618329045426,True,0.7630222861611002,0.8422561915479818,0.8422561915479818,0.560666570644822,1.4029227621928038,0.0,0.0,0.0058557863683340395,0.8051493341448094,0.8051493341448094,0.0,0.0039494742911360915,0.0,0.0022003490807658626,0.052761662649860916,0.025793835356019795,0.021477270736290757,0.001973296908623317,5.5009470650120525e-06,3.4012718437586544e-07,0.0025949822944530024,0.9217618329045426
0.0,0.0,0.007789715907257611,4800,0.11597028022708337,0.11597028034305366,0.018571889469613717,-0.018571889469613717,0.17822958953434226,0.15965770006472854,0.0,0.013337930678553411,1.753620982334523,0.0,0.03360159692548194,0.0002399131399061851,0.0,0.00023704130456015721,0.984603854230355,0.009100900280338262,0.71607191035249,0.21654201011671337,-0.21654201011671337,0.5064579929774485,0.28991598286073517,0.1184751063433923,0.11459741331936613,0.11459741331936613,0.314239856047101,0.4288372693664671,0.23566392328030633,0.7054154052387177,0.0002214711305924114,0.9851180938521837,0.03201255436252254,-0.03201255436252254,6.821484066656142e-06,0.47181556904896566,0.4398030146864431,8.172297703153034e-06,0.18089179843451242,0.1385884706597483,True,0.7050471726851935,0.07650360523577204,-0.07650360523577204,0.560666570644822,0.4841629654090499,0.0,0.0,0.0015579431814515222,0.11597028022708337,0.11597028022708337,0.0,0.0066689653392767055,0.0,0.0028789576788742213,0.0,0.0014222478273609434,0.005923755317169615,0.0023566392328030635,6.821484066656142e-07,8.172297703153034e-08,0.0018089179843451242,0.1385884706597483
0.0,0.0,0.01209360724273674,4825,0.1354410334139988,0.13544103354943984,0.05032524382308179,-0.05032524382308179,0.17822958953434226,0.12790434571126047,0.0,0.011007253543386117,1.1298108844726353,0.0,0.05025649353529692,0.00033648146551681484,0.0,0.00014169885307504,1.0119037327370468,0.006276771911863065,0.71607191035249,0.23038810158945444,-0.23038810158945444,0.5064579929774485,0.2760698913879941,0.08259391748351531,0.029298408264119724,0.029298408264119724,0.314239856047101,0.3435382643112207,0.17615098355341385,0.7249189784001078,0.0001526456616914391,1.0123549852970952,0.05238436075077341,0.05238436075077341,1.129821103610651e-06,0.47181556904896566,0.5241999297997391,4.545433800658351e-06,0.10166367300985023,0.155159353215148,True,0.7245958491128699,0.18029848126586878,0.18029848126586878,0.560666570644822,0.7409650519106907,0.0,0.0,0.002418721448547348,0.1354410334139988,0.1354410334139988,0.0,0.005503626771693059,0.0,0.004037777586201778,0.0,0.00085019311845024,0.004129695874175766,0.0017615098355341385,1.129821103610651e-07,4.545433800658351e-08,0.0010166367300985023,0.155159353215148
0.0,0.0,0.023626287850485136,4850,0.13712220716995085,0.13712220730707306,0.062373331500962526,0.062373331500962526,0.17822958953434226,0.24060292103530478,0.0,0.0056969934568839335,1.5664958087432075,0.0,0.0155168862754585,7.0352123980689e-05,0.0,3.484855349880427e-05,1.00590326634151,0.0038937481178874314,0.71607191035249,0.1951344521737527,-0.1951344521737527,0.5064579929774485,0.31132354080369584,0.1666805619947882,0.00017437885494303584,0.00017437885494303584,0.314239856047101,0.314414234902044,0.14507584809629823,0.7206943491549427,4.16703524213284e-05,1.0064552577346941,0.19385999115806013,0.19385999115806013,1.7411876508510825e-05,0.47181556904896566,0.6656755602070258,9.17035875988944e-06,0.19227920980973937,0.15745868984728922,True,0.7202990836180073,0.12026173621045005,-0.12026173621045005,0.560666570644822,0.4404048344343719,0.0,0.0,0.004725257570097028,0.13712220716995085,0.13712220716995085,0.0,0.0028484967284419667,0.0,0.000844225487768268,0.0,0.0002090913209928256,0.00833402809973941,0.0014507584809629822,1.7411876508510827e-06,9.17035875988944e-08,0.0019227920980973937,0.15745868984728922
0.0,0.0,0.0037832768952493242,4875,0.16120950630641528,0.16120950646762477,0.07701450067805236,-0.07701450067805236,0.17822958953434226,0.1012150888562899,0.0,0.0080544175632587,0.9817121172247738,0.0,0.03762282159826792,0.00013688192922128826,0.0,0.002632318159206785,0.9486938779558737,0.0011668230164282082,0.71607191035249,0.13787979645008813,-0.13787979645008813,0.5064579929774485,0.3685781965273604,0.0741432902956549,0.04646827498978623,0.04646827498978623,0.314239856047101,0.3607081310368872,0.1535528961493511,0.6796686300218715,0.0025844491457280867,0.9491625222328243,0.1353000166040032,-0.1353000166040032,6.286894930435442e-07,0.47181556904896566,0.33651555244496245,3.3357417857171705e-06,0.05052555021521836,0.18917790777778629,True,0.6793330470145132,0.2907491327937168,-0.2907491327937168,0.560666570644822,0.26991743785110517,0.0,0.0,0.0007566553790498649,0.16120950630641528,0.16120950630641528,0.0,0.00402720878162935,0.0,0.001642583150655459,0.0,0.015793908955240712,0.0037071645147827453,0.001535528961493511,6.286894930435442e-08,3.33574178571717e-08,0.0005052555021521836,0.18917790777778629
0.0,0.0,0.011075492113880491,4900,0.17975000136086883,0.17975000154061885,0.12409656015909376,0.12409656015909376,0.17822958953434226,0.302326149693436,0.0,0.004846236971678848,3.052849657334384,0.0,0.0236201635111347,0.00012716280503020949,0.0,0.00037903419007759715,1.0194688004272887,0.007558666175555185,0.71607191035249,0.14799058169090495,-0.14799058169090495,0.5064579929774485,0.3584674112865436,0.1796104959655123,0.03285246544390763,0.03285246544390763,0.314239856047101,0.3470923214910086,0.11161621659000247,0.7304953292629781,0.0004057163825113504,1.0201424026002697,0.3509526072361628,0.3509526072361628,8.071123952143817e-05,0.47181556904896566,0.8227681762851284,1.4577774238784353e-05,0.43393558707786556,0.20263263680696125,True,0.730012981661418,0.0014593646312444086,-0.0014593646312444086,0.560666570644822,0.5592072060135775,0.0,0.0,0.0022150984227760984,0.17975000136086883,0.17975000136086883,0.0,0.002423118485839424,0.0,0.0015259536603625138,0.0,0.002274205140465583,0.008980524798275614,0.0011161621659000248,8.071123952143818e-06,1.4577774238784354e-07,0.004339355870778655,0.20263263680696125
0.0,0.0,0.018349953678676867,4925,0.16381884457569115,0.16381884473951,0.07698049183399547,0.07698049183399547,0.17822958953434226,0.2552100813683377,0.0,0.011038248772750312,2.501266137838547,0.0,0.021087120521624318,0.00013781677561535213,0.0,0.0021134182292212155,0.9540280712910453,0.007579268340170797,0.71607191035249,0.20522745076620946,-0.20522745076620946,0.5064579929774485,0.30123054221123907,0.16837865301753802,0.13102015718109,-0.13102015718109,0.314239856047101,0.18321969886601097,0.22673247770966723,0.6835916176568373,0.002057438432571778,0.9546410049431011,0.1997704405225072,0.1997704405225072,4.347150187715366e-05,0.47181556904896566,0.6715860095714729,1.2077031594565507e-05,0.3065309996377928,0.2010983057253684,True,0.683152713079561,0.17048242224236348,-0.17048242224236348,0.560666570644822,0.39018414840245846,0.0,0.0,0.0036699907357353734,0.16381884457569115,0.16381884457569115,0.0,0.005519124386375156,0.0,0.0016538013073842256,0.0,0.012680509375327293,0.008418932650876901,0.0022673247770966724,4.347150187715366e-06,1.2077031594565508e-07,0.003065309996377928,0.2010983057253684
0.0,0.0,0.012904900344502064,4950,0.13829462443568358,0.1382946245739782,0.024314560198497315,0.024314560198497315,0.17822958953434226,0.20254414973283957,0.0,0.0055359723404667036,1.8764165700278161,0.0,0.0409589612849773,0.00045740450258936196,0.0,0.007911069724841421,1.0889441944414666,0.010835437688678338,0.71607191035249,0.28305123053830694,-0.28305123053830694,0.5064579929774485,0.22340676243914157,0.1275791559539625,0.1045395020092314,-0.1045395020092314,0.314239856047101,0.20970035403786957,0.168210535443604,0.7801533096917266,0.008008488390744653,1.0894901580663743,0.05542646622600361,0.05542646622600361,9.678521453001866e-06,0.47181556904896566,0.5272420352749693,7.90673095110525e-06,0.17998634724698478,0.20646083659899706,True,0.7797623604703963,0.030285612834336395,0.030285612834336395,0.560666570644822,0.5909521834791583,0.0,0.0,0.0025809800689004132,0.13829462443568358,0.13829462443568358,0.0,0.0027679861702333518,0.0,0.005488854031072344,0.0,0.04746641834904852,0.006378957797698125,0.0016821053544360401,9.678521453001866e-07,7.90673095110525e-08,0.0017998634724698478,0.20646083659899706
0.0,0.0,0.01905159091604488,4975,0.1355938563660382,0.13559385650163208,0.0009998610628635385,0.0009998610628635385,0.17822958953434226,0.1792294505972058,0.0,0.017845307209628247,1.666237826891446,0.0,0.018561726168094945,0.00010004745867666159,0.0,0.0001263843444557011,1.0112420791873968,0.0066979434058502246,0.71607191035249,0.26852760621017757,-0.26852760621017757,0.5064579929774485,0.23793038676727093,0.11333200855423585,0.007355440290885307,0.007355440290885307,0.314239856047101,0.3215952963379863,0.2920657476191101,0.7244269445873217,0.00013613886958464038,1.0116678562548842,0.13679706427772348,0.13679706427772348,8.19893179975671e-06,0.47181556904896566,0.6086126333266891,7.091212320750292e-06,0.1781568896401373,0.16065542133052296,True,0.724122057584964,0.03244773164546855,-0.03244773164546855,0.560666570644822,0.5282188389993534,0.0,0.0,0.003810318183208976,0.1355938563660382,0.1355938563660382,0.0,0.008922653604814123,0.0,0.0012005695041199392,0.0,0.0007583060667342066,0.005666600427711793,0.002920657476191101,8.19893179975671e-07,7.091212320750292e-08,0.001781568896401373,0.16065542133052296
0.0,0.0,0.023315794855301532,5000,0.25051489443721103,0.250514894687726,0.09577675055589532,-0.09577675055589532,0.17822958953434226,0.08245283897844694,0.0,0.010792937905898746,1.445295068471867,0.0,0.02673046233621391,7.842914293623142e-05,0.0,0.07060124342444174,0.7342910550537642,0.005649589574669136,0.71607191035249,0.12680555991865994,-0.12680555991865994,0.5064579929774485,0.3796524330587886,0.0755899767945829,0.18356258368433506,-0.18356258368433506,0.314239856047101,0.1306772723627659,0.24525346402208723,0.5260980030974695,0.07038411725758442,0.7346999486287565,0.22258400674788203,-0.22258400674788203,6.163753528761682e-06,0.47181556904896566,0.24923156230108362,4.573798170552025e-06,0.11783022326841228,0.6925341304490747,True,0.5258052058900049,0.4530969699080666,-0.4530969699080666,0.560666570644822,0.1075696007367554,0.0,0.0,0.0046631589710603065,0.25051489443721103,0.25051489443721103,0.0,0.005396468952949373,0.0,0.0009411497152347771,0.0,0.42360746054665044,0.0037794988397291452,0.002452534640220872,6.163753528761682e-07,4.573798170552025e-08,0.0011783022326841228,0.6925341304490747
0.0,0.0,0.01686756773377651,5025,0.16331168928021525,0.16331168944352695,0.044135729535603574,0.044135729535603574,0.17822958953434226,0.22236531906994583,0.0,0.008678849674483501,2.020024513098228,0.0,0.03883143144049478,0.00034202153987938395,0.0,0.0011058550724858918,1.0332543992952195,0.009072287201543811,0.71607191035249,0.26604355894374304,-0.26604355894374304,0.5064579929774485,0.2404144340337055,0.1348308831774275,0.1422901220387044,-0.1422901220387044,0.314239856047101,0.17194973400839658,0.2193914903700489,0.7402682880365634,0.001141792176593483,1.0337904154545854,0.16247998169622951,0.16247998169622951,2.3026483551364436e-05,0.47181556904896566,0.6342955507451952,8.456272058157357e-06,0.22026121665603401,0.19290447501788818,True,0.7398844619159863,0.11823780438423936,0.11823780438423936,0.560666570644822,0.6789043750290613,0.0,0.0,0.003373513546755302,0.16331168928021525,0.16331168928021525,0.0,0.0043394248372417505,0.0,0.004104258478552608,0.0,0.0066351304349153515,0.006741544158871376,0.002193914903700489,2.302648355136444e-06,8.456272058157358e-08,0.0022026121665603402,0.19290447501788818
0.0,0.0,0.023765873903996454,5050,0.1838418433561799,0.18384184354002173,0.05647438475815525,0.05647438475815525,0.17822958953434226,0.2347039742924975,0.0,0.012510632201173277,2.283228620226059,0.0,0.05805737726908652,0.0009512728657929415,0.0,0.0025307019746177205,1.0503060828788897,0.015789946987070987,0.71607191035249,0.2804319356305067,-0.2804319356305067,0.5064579929774485,0.22602605734694184,0.15203023732590204,0.20913627733331458,-0.20913627733331458,0.314239856047101,0.1051035787137864,0.20233439780417198,0.752480024912758,0.002585132762747845,1.0508442008762833,0.14006936278420884,0.14006936278420884,1.939662306317114e-05,0.47181556904896566,0.6118849318331745,1.0449836629774178e-05,0.259747359422262,0.2336741940740195,True,0.7520946937249882,0.1542733989969527,0.1542733989969527,0.560666570644822,0.7149399696417746,0.0,0.0,0.004753174780799291,0.1838418433561799,0.1838418433561799,0.0,0.006255316100586638,0.0,0.011415274389515298,0.0,0.015184211847706323,0.0076015118662951025,0.00202334397804172,1.939662306317114e-06,1.0449836629774179e-07,0.00259747359422262,0.2336741940740195
0.0,0.0,0.028890736529156486,5075,0.18448782991463172,0.18448783009911957,0.004468975973285216,-0.004468975973285216,0.17822958953434226,0.17376061356105704,0.0,0.008370610647193492,1.3307676179278811,0.0,0.04002828956250795,0.00017638206398309188,0.0,0.003823892442265303,1.0618376296624095,0.005958683101604205,0.71607191035249,0.24373411245340498,-0.24373411245340498,0.5064579929774485,0.26272388052404355,0.12101628187991557,0.1106804068157331,0.1106804068157331,0.314239856047101,0.4249202628628341,0.24111677834009138,0.760845001123917,0.003909495066597757,1.0625259551434263,0.12242033721218243,0.12242033721218243,7.467226191242902e-07,0.47181556904896566,0.5942359062611481,6.417971068384129e-06,0.06752313404707042,0.22864857403528865,True,0.7603521105748976,0.2889906859012389,-0.2889906859012389,0.560666570644822,0.27167588474358306,0.0,0.0,0.005778147305831298,0.18448782991463172,0.18448782991463172,0.0,0.004185305323596746,0.0,0.0021165847677971023,0.0,0.02294335465359182,0.006050814093995779,0.0024111677834009137,7.467226191242903e-08,6.417971068384129e-08,0.0006752313404707041,0.22864857403528865
0.0,0.0,0.05192448274645969,5100,0.20719932494003684,0.20719932514723619,0.02729267455763154,-0.02729267455763154,0.17822958953434226,0.15093691497671072,0.0,0.010579358445977658,2.0023691192014326,0.0,0.026936651041842705,0.0001553635644564969,0.0,0.005937709922088908,0.9229434628205438,0.010539115038764719,0.71607191035249,0.1486103629776963,-0.1486103629776963,0.5064579929774485,0.3578476299997522,0.12351057492714941,0.26553243704460144,0.26553243704460144,0.314239856047101,0.5797722930917024,0.23412134969414491,0.6613184576709253,0.005846687633311357,0.9235363639805734,0.11285020991301736,-0.11285020991301736,1.1579446243985618e-05,0.47181556904896566,0.3589653591359483,9.240405842718091e-06,0.1937150814757106,0.27081966642506783,True,0.6608938977986838,0.32952272552620965,-0.32952272552620965,0.560666570644822,0.2311438451186123,0.0,0.0,0.010384896549291938,0.20719932494003684,0.20719932494003684,0.0,0.005289679222988829,0.0,0.0018643627734779627,0.0,0.03562625953253345,0.006175528746357471,0.0023412134969414493,1.1579446243985619e-06,9.240405842718091e-08,0.001937150814757106,0.27081966642506783
0.0,0.0,0.03161792714438485,5125,0.16870851639498638,0.1687085165636949,0.06681174252441785,0.06681174252441785,0.17822958953434226,0.2450413320587601,0.0,0.007958345071273156,2.4217298760762476,0.0,0.04074406407224479,0.0003270819921147608,0.0,0.0004176027510059642,1.0204353309492644,0.012095462761862649,0.71607191035249,0.2472267789149034,-0.2472267789149034,0.5064579929774485,0.2592312140625451,0.17256264383060685,0.05296515303041133,0.05296515303041133,0.314239856047101,0.3672050090775123,0.30814271443281693,0.7312264112748017,0.00044788798890186036,1.0211633643096238,0.19515475037200608,0.19515475037200608,1.6739829725889707e-05,0.47181556904896566,0.6669703194209717,1.4248907521047553e-05,0.23112732620757662,0.1994645238408949,True,0.7307050870283684,0.18930727568038702,-0.18930727568038702,0.560666570644822,0.3713592949644349,0.0,0.0,0.00632358542887697,0.16870851639498638,0.16870851639498638,0.0,0.003979172535636578,0.0,0.003924983905377129,0.0,0.0025056165060357853,0.008628132191530342,0.0030814271443281695,1.6739829725889709e-06,1.4248907521047554e-07,0.002311273262075766,0.1994645238408949
0.0,0.0,0.029944097349082096,5150,0.1181895180382376,0.11818951815642711,0.02668987422029684,0.02668987422029684,0.17822958953434226,0.2049194637546391,0.0,0.0071516039165505085,1.8196911051448041,0.0,0.02895794365212425,0.00018588402292593753,0.0,0.0029376653246234886,0.9457997663785156,0.005047108553051896,0.71607191035249,0.18823811446255873,-0.18823811446255873,0.5064579929774485,0.3182198785148898,0.1390879148048499,0.030559696056806918,0.030559696056806918,0.314239856047101,0.3447995521039079,0.16766946890465323,0.6775635377815326,0.0028919932021709,0.9462227445645383,0.14497742902794303,0.14497742902794303,1.9470079212397856e-05,0.47181556904896566,0.6167929980769087,7.98432391858249e-06,0.19669993721995999,0.15821085634183052,True,0.6772606549796001,0.10837676843904681,-0.10837676843904681,0.560666570644822,0.45228980220577514,0.0,0.0,0.0059888194698164195,0.1181895180382376,0.1181895180382376,0.0,0.0035758019582752543,0.0,0.0022306082751112504,0.0,0.01762599194774093,0.006954395740242494,0.0016766946890465323,1.9470079212397857e-06,7.98432391858249e-08,0.0019669993721996,0.15821085634183052
0.0,0.0,0.05722092730253153,5175,0.2810045297585147,0.28100453003951925,0.22134711443930305,0.22134711443930305,0.17822958953434226,0.3995767039736453,0.0,0.012478250238242538,2.578978629902862,3.347113703902864e-05,0.08578542453403626,0.0012231047167465677,0.0,0.0043582885336234806,1.0660173350993774,0.006038319864281376,0.71607191035249,0.27430644116018027,-0.27430644116018027,0.5064579929774485,0.23215155181726826,0.25081691098387027,0.06231625170598565,0.06231625170598565,0.314239856047101,0.3765561077530866,0.3165790687174045,0.7638679761971823,0.00445523720902513,1.066747563319009,0.37149207417109936,0.37149207417109936,3.860149734241671e-05,0.47181556904896566,0.843307643220065,1.9511149717165796e-05,0.39208095724916125,0.35934715603316675,True,0.763345080273655,0.3587331659917391,0.3587331659917391,0.560666570644822,0.919399736636561,0.0,0.0,0.011444185460506308,0.2810045297585147,0.2810045297585147,0.0,0.006239125119121269,0.00020082682223417184,0.014677256600958814,0.0,0.026149731201740883,0.012540845549193514,0.003165790687174045,3.860149734241671e-06,1.9511149717165796e-07,0.003920809572491612,0.35934715603316675
0.0,0.0,0.04238450016069712,5200,0.15640738210345087,0.15640738225985826,0.02799233086918218,-0.02799233086918218,0.17822958953434226,0.15023725866516008,0.0,0.00773737647524361,1.4776309448944203,0.0,0.02406220691035531,0.00013611436869736653,0.0,0.018985336381511703,0.8622127132805363,0.005574312444793855,0.71607191035249,0.2656967519780775,-0.2656967519780775,0.5064579929774485,0.24076124099937105,0.10729306077394188,0.09682922499969998,-0.09682922499969998,0.314239856047101,0.217410631047401,0.2069497261724817,0.6178566159398726,0.01881243647155591,0.8628415643441647,0.15718407924350214,0.15718407924350214,2.308431303024414e-06,0.47181556904896566,0.6289996482924678,7.4244313183157585e-06,0.14515187609960079,0.29318433523551213,True,0.6174063133511245,0.12982787815429792,-0.12982787815429792,0.560666570644822,0.43083869249052403,0.0,0.0,0.008476900032139424,0.15640738210345087,0.15640738210345087,0.0,0.003868688237621805,0.0,0.0016333724243683984,0.0,0.11391201828907022,0.005364653038697095,0.002069497261724817,2.3084313030244142e-07,7.424431318315758e-08,0.001451518760996008,0.29318433523551213
0.0,0.0,0.03602789200461208,5225,0.32379143611742,0.32379143644121144,0.17318721331171139,0.17318721331171139,0.17822958953434226,0.35141680284605364,0.0,0.010479903583443858,2.582443312639024,0.0,0.0397094620689189,0.0003985336716207788,0.0025950331459182268,0.00042995884214376177,1.020735448925542,0.012797216260002225,0.71607191035249,0.257940569927649,-0.257940569927649,0.5064579929774485,0.24851742304979949,0.25905485134556566,0.01696866099334482,-0.01696866099334482,0.314239856047101,0.29727119505375615,0.21771978319117183,0.7315262317762439,0.0004657855714997865,1.0215820659692205,0.6420930159198204,0.6420930159198204,2.8542928626835705e-05,0.47181556904896566,1.113908584968786,2.2090903776993785e-05,0.2701604775158536,0.3620825020851048,True,0.7309199930839738,0.1229062510416824,-0.1229062510416824,0.560666570644822,0.43776031960313955,0.0,0.0,0.007205578400922417,0.32379143611742,0.32379143611742,0.0,0.005239951791721929,0.0,0.004782404059449345,0.0006487582864795567,0.002579753052862571,0.012952742567278283,0.0021771978319117184,2.8542928626835705e-06,2.2090903776993785e-07,0.002701604775158536,0.3620825020851048
0.0,0.0,0.03618517430742199,5250,0.12383466808363985,0.12383466820747452,0.0690670929093902,0.0690670929093902,0.17822958953434226,0.24729668244373246,0.0,0.005878361135578172,1.8412323171647318,0.0,0.06914258964858354,0.0010220088022472253,0.0,0.004116806520610128,1.0641623450367124,0.004975490950047341,0.71607191035249,0.2081737173010702,-0.2081737173010702,0.5064579929774485,0.29828427567637833,0.1465023195874062,0.01626251435314796,-0.01626251435314796,0.314239856047101,0.297977341693953,0.1462709918928981,0.7624066007321858,0.004186962347481439,1.0647067411285829,0.13041851989066705,0.13041851989066705,1.1740182407340215e-05,0.47181556904896566,0.6022340889396327,1.1295577563476882e-05,0.13749986651236337,0.1811399398009801,True,0.7620167739772478,0.10627843454256192,0.10627843454256192,0.560666570644822,0.6669450051873839,0.0,0.0,0.007237034861484398,0.12383466808363985,0.12383466808363985,0.0,0.002939180567789086,0.0,0.012264105626966703,0.0,0.024700839123660764,0.007325115979370311,0.001462709918928981,1.1740182407340216e-06,1.1295577563476882e-07,0.0013749986651236338,0.1811399398009801
0.0,0.0,0.01285500533167285,5275,0.128007743479411,0.12800774360741873,0.01158592573103176,0.01158592573103176,0.17822958953434226,0.18981551526537402,0.0,0.008209826356226432,1.3130740828555454,0.0,0.04496768088284587,0.0004292721255138094,0.0,0.00019135282804939088,1.0138330339423205,0.004455425079184469,0.71607191035249,0.24596915413971443,-0.24596915413971443,0.5064579929774485,0.2604888388377341,0.12494503307093476,0.12877020024461142,-0.12877020024461142,0.314239856047101,0.18546965580248956,0.2204801223960695,0.7263119728251741,0.0002044989471502783,1.0143003128340005,0.01751004118627658,0.01751004118627658,9.165158555285576e-06,0.47181556904896566,0.48932561023524224,5.687390983988966e-06,0.13116242381706847,0.1507476907037643,True,0.7259773675318686,0.06638138022577755,0.06638138022577755,0.560666570644822,0.6270479508705995,0.0,0.0,0.00257100106633457,0.128007743479411,0.128007743479411,0.0,0.004104913178113216,0.0,0.005151265506165712,0.0,0.0011481169682963453,0.006247251653546738,0.002204801223960695,9.165158555285576e-07,5.687390983988966e-08,0.0013116242381706847,0.1507476907037643
0.0,0.0,0.044012501867826806,5300,0.16446055452842584,0.1644605546928864,0.1368470785372049,0.1368470785372049,0.17822958953434226,0.31507666807154716,0.0,0.0035347118819236906,3.075288303099839,0.0,0.029753026640522203,0.00016953282477686393,0.0,0.0005639782087211855,1.0237482253804613,0.009983975781783363,0.71607191035249,0.19905848653904118,-0.19905848653904118,0.5064579929774485,0.30739950643840736,0.18415124913256153,0.16292053115134386,0.16292053115134386,0.314239856047101,0.47716038719844484,0.10998196657467274,0.7335829513833309,0.0005980123424122909,1.0244542908793588,0.21987600430547466,0.21987600430547466,8.715138559517788e-05,0.47181556904896566,0.6916915733544403,1.5335495799542323e-05,0.44935103705971363,0.19525843497909198,True,0.7330773577056406,0.044681198977878034,0.044681198977878034,0.560666570644822,0.6053477696227,0.0,0.0,0.008802500373565362,0.16446055452842584,0.16446055452842584,0.0,0.0017673559409618453,0.0,0.0020343938973223672,0.0,0.0033838692523271135,0.009207562456628076,0.0010998196657467274,8.715138559517787e-06,1.5335495799542324e-07,0.004493510370597136,0.19525843497909198
0.0,0.0,0.020683161321571563,5325,0.1820502528555173,0.18205025303756756,0.021545539748889342,-0.021545539748889342,0.17822958953434226,0.15668404978545292,0.0,0.012422431074605876,1.189760050221233,0.0,0.03614026207501083,0.00022517236725114938,0.0,0.002512567878236955,0.9498744787734137,0.0016879217295130602,0.71607191035249,0.1982477564540684,-0.1982477564540684,0.5064579929774485,0.30821023652338014,0.10435343564895164,0.08685207634676109,-0.08685207634676109,0.314239856047101,0.22738777970033988,0.20704341665910736,0.6804573357964395,0.0024736740753029647,0.9502639559745353,0.1665120104463063,0.1665120104463063,4.408494197602479e-06,0.47181556904896566,0.638327579495272,4.1881267732378835e-06,0.14536147956307818,0.218917779808927,True,0.6801784421090988,0.30112382360825396,0.30112382360825396,0.560666570644822,0.8617903942530759,0.0,0.0,0.004136632264314313,0.1820502528555173,0.1820502528555173,0.0,0.006211215537302938,0.0,0.0027020684070137926,0.0,0.015075407269421729,0.0052176717824475825,0.0020704341665910737,4.408494197602479e-07,4.188126773237884e-08,0.001453614795630782,0.218917779808927
0.0,0.0,0.019146498935736424,5350,0.09884949911118082,0.0988494992100303,0.036048482745639016,-0.036048482745639016,0.17822958953434226,0.14218110678870324,0.0,0.008197296500733434,1.4653012482149201,0.0,0.025076602638882246,7.575147895147566e-05,0.0,0.0021382938691038725,0.9537583102698023,0.0050662431560169405,0.71607191035249,0.17699661453163978,-0.17699661453163978,0.5064579929774485,0.32946137844580875,0.10361306751488294,0.0382263489250213,0.0382263489250213,0.314239856047101,0.3524662049721223,0.18552965011868489,0.6832583382387944,0.0020998776840295526,0.9541755776465262,0.03536636356800149,-0.03536636356800149,7.963492747817795e-06,0.47181556904896566,0.43644920548096416,5.265620680421081e-06,0.14106367052632257,0.12896366369841156,True,0.6829595447870433,0.1162617279343588,-0.1162617279343588,0.560666570644822,0.44440484271046315,0.0,0.0,0.003829299787147285,0.09884949911118082,0.09884949911118082,0.0,0.004098648250366717,0.0,0.0009090177474177079,0.0,0.012829763214623235,0.005180653375744148,0.001855296501186849,7.963492747817796e-07,5.265620680421081e-08,0.0014106367052632257,0.12896366369841156
0.0,0.0,0.042428578106113016,5375,0.11530238630474368,0.11530238642004606,0.0177303463849261,-0.0177303463849261,0.17822958953434226,0.16049924314941616,0.0,0.01485027361356861,1.3829300053337485,0.0,0.048530881851918416,0.000592807032433657,0.0,0.0022165289211860876,1.0470800267755456,0.006599922560914006,0.71607191035249,0.2455141194963455,-0.2455141194963455,0.5064579929774485,0.26094387348110304,0.11094956424672467,0.030151015752403865,0.030151015752403865,0.314239856047101,0.34439087179950484,0.3315115488253805,0.7501018043527167,0.0022584352806993796,1.0475229973875742,0.046938205043672465,0.046938205043672465,3.5595832085671566e-06,0.47181556904896566,0.5187537740926381,5.660868776558804e-06,0.13026703901154166,0.16179177330678504,True,0.7497846055359015,0.05262484842894366,-0.05262484842894366,0.560666570644822,0.5080417222158783,0.0,0.0,0.008485715621222604,0.11530238630474368,0.11530238630474368,0.0,0.007425136806784305,0.0,0.007113684389203884,0.0,0.013299173527116525,0.0055474782123362334,0.003315115488253805,3.5595832085671566e-07,5.6608687765588046e-08,0.0013026703901154167,0.16179177330678504
0.0,0.0,0.01916850896683198,5400,0.18478520128142584,0.18478520146621105,0.018651141862168596,-0.018651141862168596,0.17822958953434226,0.15957844767217366,0.0,0.013596884299157378,1.1736442631011552,0.0,0.028191546047726723,0.00018048115338946193,0.0,0.006398736949348731,0.9200078944560857,0.0021175458333193417,0.71607191035249,0.32450170166186354,-0.32450170166186354,0.5064579929774485,0.181956291315585,0.10173058008982566,0.09341992932783624,-0.09341992932783624,0.314239856047101,0.22081992671926473,0.26240467784029187,0.659222072000336,0.006302971353868789,0.9206087451045848,0.20038704439251426,0.20038704439251426,3.3814069028668236e-06,0.47181556904896566,0.6722026134414799,5.178382682130286e-06,0.15704321655411377,0.2452569386340893,True,0.6587918197226202,0.12726501158742654,0.12726501158742654,0.560666570644822,0.6879315822322485,0.0,0.0,0.003833701793366396,0.18478520128142584,0.18478520128142584,0.0,0.006798442149578689,0.0,0.002165773840673543,0.0,0.03839242169609239,0.0050865290044912834,0.0026240467784029186,3.381406902866824e-07,5.1783826821302865e-08,0.0015704321655411377,0.2452569386340893
0.0,0.0,0.043507525462121076,5425,0.1745733735786044,0.17457337375317775,0.09916396482549522,0.09916396482549522,0.17822958953434226,0.2773935543598375,0.0,0.010345483985732647,1.670045680017705,0.0,0.014907698447461246,3.806069465995685e-05,0.0,0.0018381301087556504,0.9571265803934926,0.0025428879368834803,0.71607191035249,0.19919232870954884,-0.19919232870954884,0.5064579929774485,0.3072656642678997,0.16793592243096217,0.05807766292333455,0.05807766292333455,0.314239856047101,0.3723175189704355,0.3345288313667676,0.6858144154258896,0.0017854715628612388,0.9577451592967002,0.3100118649742925,0.3100118649742925,2.2797407996678226e-05,0.47181556904896566,0.7818274340232582,1.237344580412023e-05,0.20514051996299817,0.2137290227624518,True,0.6853714684427802,0.05820538656956942,-0.05820538656956942,0.560666570644822,0.5024611840752525,0.0,0.0,0.008701505092424216,0.1745733735786044,0.1745733735786044,0.0,0.005172741992866324,0.0,0.00045672833591948217,0.0,0.011028780652533902,0.008396796121548108,0.003345288313667676,2.2797407996678226e-06,1.2373445804120229e-07,0.002051405199629982,0.2137290227624518
0.0,0.0,0.04416462663908313,5450,0.14831451932078876,0.1483145194691033,0.05003427377320627,-0.05003427377320627,0.17822958953434226,0.128195315761136,0.0,0.012409032106339327,0.979394739201056,0.0,0.03948063307348714,0.00027375726946908747,0.0,3.060070079106303e-05,1.005531790016899,0.004715690595877778,0.71607191035249,0.2387053181434048,-0.2387053181434048,0.5064579929774485,0.26775267483404375,0.09783323446780536,0.02955605340626133,-0.02955605340626133,0.314239856047101,0.28468380264083964,0.24181133662753865,0.7203779843366174,3.616160264757046e-05,1.006013451808036,0.044558094157966244,-0.044558094157966244,2.276958398749526e-06,0.47181556904896566,0.4272574748909994,3.878526731490155e-06,0.05368449944248483,0.17466753870534818,True,0.7200330798528776,0.21827354836730645,-0.21827354836730645,0.560666570644822,0.3423930222775155,0.0,0.0,0.008832925327816626,0.14831451932078876,0.14831451932078876,0.0,0.006204516053169663,0.0,0.0032850872336290496,0.0,0.0001836042047463782,0.004891661723390268,0.0024181133662753867,2.276958398749526e-07,3.878526731490155e-08,0.0005368449944248483,0.17466753870534818
0.0,0.0,0.024827060684898986,5475,0.2799812636443331,0.2799812639243144,0.18544992333486582,0.18544992333486582,0.17822958953434226,0.3636795128692081,0.0,0.021585654304959616,2.2455119036062476,0.0,0.046559694857680356,0.0003898069891506115,0.0,0.0011756593701691988,1.034287889555486,0.006793724355421059,0.71607191035249,0.2370184368084104,-0.2370184368084104,0.5064579929774485,0.26943955616903814,0.24228320906226972,0.0822709816500222,-0.0822709816500222,0.314239856047101,0.23196887439707878,0.32957904159945595,0.7411649285836008,0.0012279824792591854,1.0350425809446049,0.4966652224353805,0.4966652224353805,2.7741517565629722e-05,0.47181556904896566,0.9684807914843462,1.3810191187440039e-05,0.1472608073276584,0.3243566142206683,True,0.7406245152713209,0.21893667964237662,0.21893667964237662,0.560666570644822,0.7796032502871986,0.0,0.0,0.004965412136979798,0.2799812636443331,0.2799812636443331,0.0,0.010792827152479808,0.0,0.0046776838698073375,0.0,0.007053956221015192,0.012114160453113487,0.0032957904159945594,2.7741517565629724e-06,1.381019118744004e-07,0.001472608073276584,0.3243566142206683
0.0,0.0,0.02684987394627106,5500,0.2344087949195404,0.2344087951539492,0.024622871839054677,-0.024622871839054677,0.17822958953434226,0.15360671769528758,0.0,0.00866657163361079,0.9930780221911021,0.0,0.07415982684891702,0.00120988536605628,0.0,0.001357726170264816,1.0368473359995647,0.005449147079751447,0.71607191035249,0.31744598874866514,-0.31744598874866514,0.5064579929774485,0.18901200422878336,0.09365139935789275,0.028199206915159647,-0.028199206915159647,0.314239856047101,0.2860406491319413,0.18088996717861291,0.7429021244759897,0.0014038951245389237,1.0374685885047585,0.1239845345000164,0.1239845345000164,3.1143787250525957e-06,0.47181556904896566,0.595800103548982,2.9599749879592704e-06,0.10276705634413312,0.2742965181806087,True,0.7424572630015718,0.3964742293914961,0.3964742293914961,0.560666570644822,0.9571408000363181,0.0,0.0,0.005369974789254213,0.2344087949195404,0.2344087949195404,0.0,0.004333285816805395,0.0,0.014518624392675362,0.0,0.008146357021588896,0.004682569967894638,0.0018088996717861292,3.114378725052596e-07,2.9599749879592705e-08,0.0010276705634413312,0.2742965181806087
0.0,0.0,0.011722985841458606,5525,0.23738409632885654,0.23738409656624063,0.06811856038232,0.06811856038232,0.17822958953434226,0.24634814991666226,0.0,0.007442130516029928,1.5529306881291445,0.0,0.04019056314042316,0.00034821948199748986,0.0,3.063135720697545e-05,1.0055345602541643,0.0037232478540979953,0.71607191035249,0.2645860774395641,-0.2645860774395641,0.5064579929774485,0.24187191553788445,0.12840681790950476,0.1808992162246315,-0.1808992162246315,0.314239856047101,0.13334063982246946,0.1481903828856943,0.7204009347360674,3.65480970820068e-05,1.0060455022191714,0.4010820743688522,0.4010820743688522,1.1069056781708586e-05,0.47181556904896566,0.8728976434178178,8.960643887077048e-06,0.09033396721359385,0.25661896159096015,True,0.7200350635419961,0.11627019849784836,0.11627019849784836,0.560666570644822,0.6769367691426703,0.0,0.0,0.002344597168291721,0.23738409632885654,0.23738409632885654,0.0,0.003721065258014964,0.0,0.004178633783969878,0.0,0.0001837881432418527,0.006420340895475238,0.001481903828856943,1.1069056781708586e-06,8.960643887077048e-08,0.0009033396721359386,0.25661896159096015
0.0,0.0,0.01669046875887319,5550,0.18038637564658852,0.1803863758269749,0.014429452074640609,-0.014429452074640609,0.17822958953434226,0.16380013745970165,0.0,0.00830519266159403,1.7691224941687518,0.0,0.025512875232758934,0.0001923394059064738,0.0,0.003137903616769746,0.9439830060002347,0.004149297713735132,0.71607191035249,0.21058511424282966,-0.21058511424282966,0.5064579929774485,0.29587287873461887,0.12443211605785617,0.07817886827810883,0.07817886827810883,0.314239856047101,0.3924187243252098,0.17332399183898495,0.676364894992467,0.0030748321881331883,0.9445488305972436,0.10346636725664732,0.10346636725664732,3.650247368690084e-06,0.47181556904896566,0.575281936305613,8.601356630211612e-06,0.11046773090536757,0.21807253436929586,True,0.6759597238867041,0.31831540787963736,-0.31831540787963736,0.560666570644822,0.2423511627651846,0.0,0.0,0.003338093751774638,0.18038637564658852,0.18038637564658852,0.0,0.004152596330797015,0.0,0.0023080728708776855,0.0,0.018827421700618477,0.006221605802892809,0.0017332399183898495,3.650247368690084e-07,8.601356630211612e-08,0.0011046773090536758,0.21807253436929586
0.0,0.0,0.006848363206232516,5575,0.16984643370328328,0.16984643387312973,0.06298307946981213,0.06298307946981213,0.17822958953434226,0.2412126690041544,0.0,0.006705338287840741,2.1062880212778476,0.0,0.04624967389875184,0.0005405144952223254,0.0,0.0015276112819018375,1.0390846681180976,0.011696631924695083,0.71607191035249,0.165984235135603,-0.165984235135603,0.5064579929774485,0.3404737578418455,0.15519160971833906,0.0823535740583129,-0.0823535740583129,0.314239856047101,0.23188628198878808,0.11730793077568817,0.7444404227010808,0.0015694935304214367,1.0396168339272769,0.27869134872544504,0.27869134872544504,1.9541188789440354e-05,0.47181556904896566,0.7505069177744107,1.129850887323121e-05,0.2482874989107502,0.2016382190092781,True,0.7440593537081559,0.16813816303700857,0.16813816303700857,0.560666570644822,0.7288047336818305,0.0,0.0,0.0013696726412465033,0.16984643370328328,0.16984643370328328,0.0,0.0033526691439203704,0.0,0.006486173942667904,0.0,0.009165667691411025,0.007759580485916954,0.0011730793077568817,1.9541188789440353e-06,1.1298508873231209e-07,0.002482874989107502,0.2016382190092781
0.0,0.0,0.02090393488911691,5600,0.19285741472259754,0.19285741491545494,0.014245605997384891,0.014245605997384891,0.17822958953434226,0.19247519553172715,0.0,0.004318247686192404,1.7364572980642172,0.0,0.02158987668977364,6.75299932861364e-05,0.0,0.00019997538789277283,0.9858587345724376,0.0035136765687540836,0.71607191035249,0.26520068118232143,-0.26520068118232143,0.5064579929774485,0.24125731179512713,0.1357188192592983,0.137858808630206,0.137858808630206,0.314239856047101,0.45209866467730697,0.08850730595681643,0.706524828664935,0.00017775789514863595,0.9866674122861075,0.24929535884896709,0.24929535884896709,5.458612998297749e-06,0.47181556904896566,0.7211109278979327,9.457046139613727e-06,0.09442902965961904,0.20982348254119787,True,0.7059457572615611,0.18515492645075554,-0.18515492645075554,0.560666570644822,0.3755116441940664,0.0,0.0,0.004180786977823383,0.19285741472259754,0.19285741472259754,0.0,0.002159123843096202,0.0,0.0008103599194336368,0.0,0.001199852327356637,0.006785940962964915,0.0008850730595681643,5.458612998297749e-07,9.457046139613727e-08,0.0009442902965961904,0.20982348254119787
0.0,0.0,0.01339528458459012,5625,0.179538875243743,0.1795388754232819,0.06554745403402201,-0.06554745403402201,0.17822958953434226,0.11268213550032025,0.0,0.008580477272113082,0.8230677433398168,0.0,0.0394877095137845,0.0005599844268785768,0.0,0.0004984425744957797,1.0223258275209628,0.004424535040594188,0.71607191035249,0.26340520872966633,-0.26340520872966633,0.5064579929774485,0.2430527842477822,0.08144189071950071,0.10676155000667409,-0.10676155000667409,0.314239856047101,0.20747830604042689,0.16112420996820284,0.7324343046012936,0.0005221314903393322,1.0228501967243027,0.17450330143234238,-0.17450330143234238,3.1316930776625323e-07,0.47181556904896566,0.29731226761662327,2.768538976644498e-06,0.04104051276265877,0.20231244013183936,True,0.7320588185388843,0.2136418391944982,-0.2136418391944982,0.560666570644822,0.34702473145032375,0.0,0.0,0.002679056916918024,0.179538875243743,0.179538875243743,0.0,0.004290238636056541,0.0,0.006719813122542922,0.0,0.0029906554469746782,0.004072094535975036,0.0016112420996820284,3.1316930776625325e-08,2.768538976644498e-08,0.0004104051276265877,0.20231244013183936
0.0,0.0,0.009799919669035026,5650,0.7940254825163421,0.7940254833103675,0.485448867268009,0.485448867268009,0.17822958953434226,0.6636784568023513,0.0,0.01075753769880953,3.3504250504675204,0.0,0.054918854343906434,0.0007176914885334,0.23691984083740802,0.0002662126162776844,0.983683976701485,0.011475083569850605,0.71607191035249,0.30140644750302265,-0.30140644750302265,0.5064579929774485,0.2050515454744259,0.49677927798427773,0.432714728828508,0.432714728828508,0.314239856047101,0.746954584875609,0.20685470053147129,0.7056050371268283,0.0002136591371441,0.9853829162571975,1.6165773766223301,1.6165773766223301,3.200013506553735e-05,0.47181556904896566,2.0883929456712957,5.209220820822971e-05,0.3152330448264915,0.900867331357355,True,0.7043884742166064,0.1590956952618897,0.1590956952618897,0.560666570644822,0.7197622659067117,0.0,0.0,0.0019599839338070055,0.7940254825163421,0.7940254825163421,0.0,0.005378768849404765,0.0,0.008612297862400801,0.059229960209352006,0.0015972756976661065,0.02483896389921389,0.002068547005314713,3.2000135065537354e-06,5.209220820822971e-07,0.0031523304482649153,0.900867331357355
0.0,0.0,0.02483202184019208,5675,0.13405671336409875,0.13405671349815546,0.011375784929396004,-0.011375784929396004,0.17822958953434226,0.16685380460494625,0.0,0.014432601936931643,1.242917463374759,0.0,0.06590741183250756,0.0006438946836010017,0.0,0.002608508807434263,1.0510735627055159,0.007978243536965348,0.71607191035249,0.26465800314744303,-0.26465800314744303,0.5064579929774485,0.2417999898300055,0.10278833138061574,0.023612756755114983,-0.023612756755114983,0.314239856047101,0.290627099291986,0.2577439465199348,0.7529853735436534,0.002657394681461381,1.051549924165428,0.011944653405404793,-0.011944653405404793,3.8971057056745e-06,0.47181556904896566,0.45987091564356086,5.142443560874843e-06,0.09299442574644486,0.1782644491751213,True,0.7526442644782722,0.13777702286785476,0.13777702286785476,0.560666570644822,0.6984435935126767,0.0,0.0,0.004966404368038416,0.13405671336409875,0.13405671336409875,0.0,0.007216300968465822,0.0,0.00772673620321202,0.0,0.01565105284460558,0.005139416569030788,0.002577439465199348,3.8971057056745005e-07,5.142443560874843e-08,0.0009299442574644486,0.1782644491751213
0.0,0.0,0.02468612454311453,5700,0.13345568093519725,0.13345568106865294,0.055989200152959134,-0.055989200152959134,0.17822958953434226,0.12224038938138312,0.0,0.01084916716998537,0.8957351205310966,0.0,0.045591350134643334,0.00019625386275537587,0.0,0.00016337670846576375,0.9872181101371603,0.0032767241251565786,0.71607191035249,0.21669295578494752,-0.21669295578494752,0.5064579929774485,0.289765037192501,0.08636830007132501,0.05019521647083636,-0.05019521647083636,0.314239856047101,0.2640446395762646,0.18858113677565697,0.7073337474181244,0.00014891141249196737,0.9877970736094998,0.08762663994025471,-0.08762663994025471,2.346178413609826e-07,0.47181556904896566,0.38418892910871094,3.5387841986183997e-06,0.034617147038364916,0.15370325272400454,True,0.7069191679326724,0.16959799127092146,-0.16959799127092146,0.560666570644822,0.3910685793739005,0.0,0.0,0.0049372249086229066,0.13345568093519725,0.13345568093519725,0.0,0.005424583584992685,0.0,0.0023550463530645103,0.0,0.0009802602507945825,0.0043184150035662505,0.0018858113677565696,2.3461784136098262e-08,3.5387841986183994e-08,0.0003461714703836492,0.15370325272400454
0.0,0.0,0.011371817001681592,5725,0.10210679796534958,0.10210679806745637,0.05171051023425219,0.05171051023425219,0.17822958953434226,0.22994009976859445,0.0,0.005702882764743173,2.1076273410038167,0.0,0.038152527593140056,0.0003346147489740138,0.0,0.0018546776982210932,0.956934030857055,0.009142730216434946,0.71607191035249,0.18163874438328154,-0.18163874438328154,0.5064579929774485,0.324819248594167,0.15155501156289947,0.03181664092901837,-0.03181664092901837,0.314239856047101,0.2824232151180826,0.21767694454061443,0.6856170639847495,0.0018088386263560706,0.9574695564759069,0.11776414875271263,0.11776414875271263,3.1231989492955074e-05,0.47181556904896566,0.5895797178016783,1.0174861154930183e-05,0.23629102820735862,0.13449670117825777,True,0.6852335891264603,0.039770433196819166,0.039770433196819166,0.560666570644822,0.6004370038416411,0.0,0.0,0.0022743634003363185,0.10210679796534958,0.10210679796534958,0.0,0.0028514413823715863,0.0,0.004015376987688165,0.0,0.01112806618932656,0.007577750578144974,0.002176769445406144,3.1231989492955077e-06,1.0174861154930183e-07,0.002362910282073586,0.13449670117825777
0.0,0.0,0.028741582030882833,5750,0.19041721269059317,0.19041721288101038,0.003405098223797559,0.003405098223797559,0.17822958953434226,0.18163468775813982,0.0,0.011163949304587329,1.827438715401874,0.0,0.045565045776609275,0.0006956106150544516,0.0,0.002737291568896189,0.9476808680414498,0.011333869817549424,0.71607191035249,0.2188176692665454,-0.2188176692665454,0.5064579929774485,0.28764032371090315,0.11095972613879071,0.1394943780388029,-0.1394943780388029,0.314239856047101,0.17474547800829807,0.17364972447602084,0.6789267704908015,0.002690859002739974,0.948126509634111,0.20898943520336472,0.20898943520336472,1.0635032586750917e-05,0.47181556904896566,0.6808050042523304,7.5328030812592655e-06,0.21248314105399105,0.23592903433662307,True,0.6786076590597556,0.2650764836771631,0.2650764836771631,0.560666570644822,0.825743054321985,0.0,0.0,0.005748316406176567,0.19041721269059317,0.19041721269059317,0.0,0.005581974652293664,0.0,0.00834732738065342,0.0,0.016423749413377133,0.005547986306939536,0.0017364972447602085,1.0635032586750916e-06,7.532803081259265e-08,0.0021248314105399104,0.23592903433662307
0.0,0.0,0.02251720692924965,5775,0.22217310325745868,0.2221731034796318,0.013453811913595848,0.013453811913595848,0.17822958953434226,0.1916834014479381,0.0,0.01028740120376861,1.5084938811133108,0.0,0.04346343344773553,0.0002683756450907463,0.0,0.003242313630129122,0.9430586825746969,0.0025553988964361805,0.71607191035249,0.31164659706093134,-0.31164659706093134,0.5064579929774485,0.1948113959165172,0.13163092150781602,0.22153445985135062,0.22153445985135062,0.314239856047101,0.5357743158984516,0.20247657579935474,0.6757394000101691,0.0031724693523739926,0.9436753219949373,0.13989391570243964,0.13989391570243964,7.661059579431171e-06,0.47181556904896566,0.6117094847514053,8.214513214857006e-06,0.07209631892502255,0.26382275804078126,True,0.6752978418363526,0.28434487595523855,-0.28434487595523855,0.560666570644822,0.2763216946895834,0.0,0.0,0.0045034413858499305,0.22217310325745868,0.22217310325745868,0.0,0.005143700601884305,0.0,0.0032205077410889555,0.0,0.019453881780774732,0.006581546075390802,0.0020247657579935473,7.661059579431172e-07,8.214513214857007e-08,0.0007209631892502255,0.26382275804078126
0.0,0.0,0.011904861058651987,5800,0.12989334902713756,0.1298933491570309,0.011194014775550598,0.011194014775550598,0.17822958953434226,0.18942360430989286,0.0,0.005161841294744113,1.5531683705463262,0.0,0.03015896500711157,0.00015371603852843349,0.0,0.006923215420563806,1.0832058616959395,0.003698540643390333,0.71607191035249,0.28129966317860283,-0.28129966317860283,0.5064579929774485,0.2251583297988457,0.11746289781790809,0.026973944358887503,0.026973944358887503,0.314239856047101,0.3412138004059885,0.12239281180449416,0.7760662267354533,0.007019509813863835,1.0837825149650202,0.046860103850416,0.046860103850416,6.9320154962596115e-06,0.47181556904896566,0.5186756728993817,5.8440952916188055e-06,0.15902761699643256,0.18692722769337128,True,0.7756533015216851,0.04672409761368246,-0.04672409761368246,0.560666570644822,0.5139424730311395,0.0,0.0,0.0023809722117303974,0.12989334902713756,0.12989334902713756,0.0,0.0025809206473720566,0.0,0.0018445924623412017,0.0,0.041539292523382836,0.005873144890895405,0.0012239281180449417,6.932015496259612e-07,5.844095291618806e-08,0.0015902761699643257,0.18692722769337128
0.0,0.0,0.028015785464264916,5825,0.17431440157326333,0.17431440174757773,0.004081013928774274,-0.004081013928774274,0.17822958953434226,0.17414857560556798,0.0,0.010439629298356259,1.5995406549512257,0.0,0.0360408152802706,0.0003822718835631911,0.0,0.006455979899002887,1.080349112621129,0.011349049889986673,0.71607191035249,0.29092975428231826,-0.29092975428231826,0.5064579929774485,0.21552823869513024,0.11847169188746569,0.1845310185708802,-0.1845310185708802,0.314239856047101,0.12970883747622078,0.33666930602861506,0.7739887262109653,0.00654177973041884,1.0808812693422825,0.09740258172705013,-0.09740258172705013,6.8035528992451964e-06,0.47181556904896566,0.3744129873219155,5.937127056438768e-06,0.11369932298206514,0.23888852592311058,True,0.7736076637257204,0.15405134514090268,-0.15405134514090268,0.560666570644822,0.40661522550391926,0.0,0.0,0.005603157092852983,0.17431440157326333,0.17431440157326333,0.0,0.005219814649178129,0.0,0.004587262602758293,0.0,0.03873587939401732,0.005923584594373285,0.0033666930602861507,6.803552899245197e-07,5.9371270564387684e-08,0.0011369932298206514,0.23888852592311058
0.0,0.0,0.04256545787682306,5850,0.14509215465973987,0.145092154804832,0.012480803807383284,-0.012480803807383284,0.17822958953434226,0.16574878572695897,0.0,0.004486138786135059,2.17598674329592,0.0,0.016686212575753912,7.148034946153013e-05,0.0,0.03388071326501731,0.8159328566391674,0.009140598133722023,0.71607191035249,0.08197635270358922,-0.08197635270358922,0.5064579929774485,0.4244816402738593,0.1353388420145187,0.07322654899726563,-0.07322654899726563,0.314239856047101,0.24101330704983534,0.10995369028328783,0.5845597954047679,0.033730152319041515,0.8163422957808698,0.07824405714752569,-0.07824405714752569,1.1631566617886604e-05,0.47181556904896566,0.39357151190143996,1.1072872615657392e-05,0.23816887367139142,0.37023980103747484,True,0.5842666075323015,0.29478553917438155,-0.29478553917438155,0.560666570644822,0.2658810314704404,0.0,0.0,0.008513091575364612,0.14509215465973987,0.14509215465973987,0.0,0.0022430693930675294,0.0,0.0008577641935383616,0.0,0.20328427959010387,0.006766942100725936,0.0010995369028328783,1.1631566617886605e-06,1.1072872615657392e-07,0.002381688736713914,0.37023980103747484
0.0,0.0,0.014118628004358362,5875,0.049663626419750875,0.049663626469414496,0.0036407503009090736,-0.0036407503009090736,0.17822958953434226,0.17458883923343319,0.0,0.003623765936302057,1.5767334056143452,0.0,0.029465254233128613,0.00016455505638960705,0.0,3.8686019637433615e-05,1.0062198086495835,0.006007801770268423,0.71607191035249,0.09082969658467721,0.09082969658467721,0.5064579929774485,0.5972876895621257,0.1133109870136534,0.05170902204319944,-0.05170902204319944,0.314239856047101,0.26253083400390154,0.07631418282496917,0.7208257995906717,4.4074054334328424e-05,1.0066388292894402,0.03657948082689316,0.03657948082689316,9.57765234781947e-06,0.47181556904896566,0.5083950498758588,5.647829523156067e-06,0.14829769190855965,0.06441869412482143,True,0.7205257506764222,0.007563646463209284,0.007563646463209284,0.560666570644822,0.5682302171080312,0.0,0.0,0.0028237256008716728,0.049663626419750875,0.049663626419750875,0.0,0.0018118829681510284,0.0,0.001974660676675285,0.0,0.00023211611782460168,0.00566554935068267,0.0007631418282496918,9.57765234781947e-07,5.6478295231560665e-08,0.0014829769190855965,0.06441869412482143
0.0,0.0,0.018831504533366693,5900,0.19707732358631574,0.19707732378339307,0.03343664956653719,0.03343664956653719,0.17822958953434226,0.21166623910087945,0.0,0.008083299939951034,1.5966664223201086,0.0,0.012286895788643715,4.7159133087646345e-05,0.0,2.421792460366149e-06,1.001556210930551,0.003415928379165581,0.71607191035249,0.3348106207713425,-0.3348106207713425,0.5064579929774485,0.17164737220610604,0.13588843902350012,0.044986429920198634,0.044986429920198634,0.314239856047101,0.3592262859672996,0.14196237563761444,0.7177070281196206,5.2141014308660955e-06,1.0022834407000984,0.2652419299133249,0.2652419299133249,1.0064590762721247e-05,0.47181556904896566,0.7370574989622906,8.654883358963575e-06,0.18698581477149884,0.21555071167795456,True,0.7171862793020032,0.09275848301629608,-0.09275848301629608,0.560666570644822,0.46790808762852587,0.0,0.0,0.003766300906673339,0.19707732358631574,0.19707732358631574,0.0,0.004041649969975517,0.0,0.0005659095970517562,0.0,1.4530754762196894e-05,0.006794421951175006,0.0014196237563761443,1.0064590762721248e-06,8.654883358963576e-08,0.0018698581477149883,0.21555071167795456
0.0,0.0,0.011764970509388295,5925,0.1363188047836441,0.13631880491996293,0.05358855475673968,-0.05358855475673968,0.17822958953434226,0.12464103477760258,0.0,0.009565533973187488,0.9552979206335637,0.0,0.029710289686526968,0.0001246777483804599,0.0,0.0012884787513895114,0.9641046137868735,0.005016287034140683,0.71607191035249,0.2306463665987874,-0.2306463665987874,0.5064579929774485,0.27581162637866113,0.09217926151632293,0.17767422608075675,-0.17767422608075675,0.314239856047101,0.13656562996634422,0.15657813715796634,0.6907412121649976,0.001251357427933772,0.9646254692195957,0.06406975824825595,-0.06406975824825595,2.465066860539623e-06,0.47181556904896566,0.4077458108007097,3.893177171321285e-06,0.09561360273508285,0.15981273727422257,True,0.6903682422150622,0.03422774769847403,-0.03422774769847403,0.560666570644822,0.5264388229463479,0.0,0.0,0.0023529941018776593,0.1363188047836441,0.1363188047836441,0.0,0.004782766986593744,0.0,0.0014961329805655188,0.0,0.007730872508337068,0.0046089630758161465,0.0015657813715796633,2.465066860539623e-07,3.8931771713212856e-08,0.0009561360273508285,0.15981273727422257
0.0,0.0,0.010369915879603776,5950,0.07444048880403609,0.07444048887847657,0.025683063480868074,-0.025683063480868074,0.17822958953434226,0.15254652605347419,0.0,0.010234428044528825,1.620326287296637,0.0,0.04834640912601347,0.0003681421909482724,0.0,4.101689810568834e-05,1.0064044436218682,0.009635520383039654,0.71607191035249,0.1078252456787,-0.1078252456787,0.5064579929774485,0.39863274729874854,0.10724717979480178,0.0432024862442999,-0.0432024862442999,0.314239856047101,0.2710373698028011,0.20859164481507214,0.720924991881139,4.593250140213637e-05,1.0067773520937116,0.05468836185837905,-0.05468836185837905,5.230236626920016e-06,0.47181556904896566,0.4171272071905866,6.627752006099259e-06,0.15017837065321674,0.09524614212784036,True,0.7206579625955905,0.10278013828778754,-0.10278013828778754,0.560666570644822,0.4578864323570344,0.0,0.0,0.002073983175920755,0.07444048880403609,0.07444048880403609,0.0,0.005117214022264413,0.0,0.004417706291379268,0.0,0.00024610138863413,0.00536235898974009,0.0020859164481507216,5.230236626920016e-07,6.627752006099259e-08,0.0015017837065321674,0.09524614212784036
0.0,0.0,0.041200506247898956,5975,0.04997876971543745,0.049978769765416216,0.05391199636079727,0.05391199636079727,0.17822958953434226,0.23214158589513953,0.0,0.0068553679031984754,1.5963306875138141,0.0,0.03413545558874172,0.0003711009500935615,0.0,3.8825303914950885e-05,1.006230995419269,0.005073325479816773,0.71607191035249,0.04647985756273132,0.04647985756273132,0.5064579929774485,0.5529378505401799,0.14758553704025662,0.012025479827409535,0.012025479827409535,0.314239856047101,0.3262653358745105,0.1429090931343982,0.7209519528674738,4.6444270259659335e-05,1.0068150033205905,0.08090450035102764,0.08090450035102764,1.7073647966186292e-05,0.47181556904896566,0.5527200693999933,8.01922055147123e-06,0.18682715365082497,0.0770111450180961,True,0.7205337612080736,0.027062082025135048,0.027062082025135048,0.560666570644822,0.587728652669957,0.0,0.0,0.008240101249579792,0.04997876971543745,0.04997876971543745,0.0,0.0034276839515992377,0.0,0.004453211401122738,0.0,0.0002329518234897053,0.0073792768520128315,0.001429090931343982,1.7073647966186294e-06,8.01922055147123e-08,0.0018682715365082498,0.0770111450180961
0.0,0.0,0.01946026523303526,6000,0.13762993868114728,0.13762993881877722,0.025199959586192366,0.025199959586192366,0.17822958953434226,0.20342954912053463,0.0,0.003857342146341345,1.8506005852528138,0.0,0.031076604921796393,0.0003351831433068291,0.0,0.0003376037597611015,0.9816260031631356,0.0055911408699893745,0.71607191035249,0.22972884590542536,-0.22972884590542536,0.5064579929774485,0.2767291470720232,0.12478141396640952,0.09209417588105892,-0.09209417588105892,0.314239856047101,0.22214568016604205,0.08429929679394295,0.7031794544927565,0.00032415945410449145,0.9819955712641447,0.18113214512003867,0.18113214512003867,1.5749798658705188e-05,0.47181556904896566,0.6529477141690043,7.3532064692456275e-06,0.19232054618601582,0.1585054007192242,True,0.702914817152966,0.003070580583415139,-0.003070580583415139,0.560666570644822,0.5575959900614068,0.0,0.0,0.003892053046607052,0.13762993868114728,0.13762993868114728,0.0,0.0019286710731706725,0.0,0.004022197719681949,0.0,0.002025622558566609,0.006239070698320476,0.0008429929679394295,1.574979865870519e-06,7.353206469245627e-08,0.0019232054618601583,0.1585054007192242
0.0,0.0,0.014161868654903443,6025,0.14285492174436068,0.1428549218872156,0.02221181768169006,-0.02221181768169006,0.17822958953434226,0.1560177718526522,0.0,0.0073796640480099165,1.5494970498651548,0.0,0.0530681719165152,0.0006944641520011245,0.0,0.005699422360647265,0.924505481254284,0.008270859290414396,0.71607191035249,0.19720986224751547,-0.19720986224751547,0.5064579929774485,0.30924813072993307,0.09693779751269935,0.2146974126595404,-0.2146974126595404,0.314239856047101,0.09954244338756056,0.19502285224845067,0.6623375320023026,0.0056310752592613434,0.9249595092016227,0.07189049207970205,0.07189049207970205,6.81998002031275e-06,0.47181556904896566,0.5437060611286677,5.417158570225002e-06,0.14084555674948016,0.20011354162244543,True,0.6620124153381581,0.10672079024464265,0.10672079024464265,0.560666570644822,0.6673873608894646,0.0,0.0,0.0028323737309806887,0.14285492174436068,0.14285492174436068,0.0,0.0036898320240049583,0.0,0.008333569824013494,0.0,0.03419653416388359,0.004846889875634967,0.0019502285224845069,6.81998002031275e-07,5.417158570225002e-08,0.0014084555674948017,0.20011354162244543
0.0,0.0,0.012497116834775114,6050,0.20823664589017993,0.20823664609841658,0.022530405351668586,-0.022530405351668586,0.17822958953434226,0.15569918418267367,0.0,0.009634534287723243,1.436973244557468,0.0,0.033604274530089566,0.00021843615514893075,0.0,9.775147981689435e-05,0.9901130651960836,0.005581323795677868,0.71607191035249,0.26360197145663,-0.26360197145663,0.5064579929774485,0.24285602152081856,0.11539753863558158,0.16695722835401472,-0.16695722835401472,0.314239856047101,0.14728262769308625,0.26185157974980683,0.7093905491726962,8.705984930009333e-05,0.9906694132392387,0.0463321787958591,0.0463321787958591,3.3779563632014955e-06,0.47181556904896566,0.5181477478448248,7.4609860004126036e-06,0.03657462652120294,0.2275156305416706,True,0.7089921639610497,0.34175649003175845,-0.34175649003175845,0.560666570644822,0.21891008061306352,0.0,0.0,0.002499423366955023,0.20823664589017993,0.20823664589017993,0.0,0.0048172671438616215,0.0,0.002621233861787169,0.0,0.0005865088789013661,0.005769876931779079,0.0026185157974980685,3.3779563632014957e-07,7.460986000412604e-08,0.00036574626521202944,0.2275156305416706
0.0,0.0,0.009358041895950494,6075,0.09862152645666242,0.09862152655528394,0.05726448760025758,-0.05726448760025758,0.17822958953434226,0.12096510193408468,0.0,0.0036250324801324284,1.2747352115588755,0.0,0.010117393434244525,1.93993953774403e-05,0.0,0.01182177433006436,0.8912720168031046,0.003231198857640751,0.71607191035249,0.09884555082047641,-0.09884555082047641,0.5064579929774485,0.4076124421569721,0.09141635141481538,0.043331276756370385,0.043331276756370385,0.314239856047101,0.35757113280347136,0.10134408641015775,0.6385173765012089,0.011730086315900357,0.891694476983395,0.06830644454962376,-0.06830644454962376,2.4934712417286856e-07,0.47181556904896566,0.4035091244993419,6.352158192554167e-06,0.1022075969658017,0.18007551266162886,True,0.6382148646286359,0.17040537882062717,-0.17040537882062717,0.560666570644822,0.3902611918241948,0.0,0.0,0.0018716083791900989,0.09862152645666242,0.09862152645666242,0.0,0.0018125162400662142,0.0,0.0002327927445292836,0.0,0.07093064598038616,0.004570817570740769,0.0010134408641015776,2.4934712417286856e-08,6.352158192554167e-08,0.001022075969658017,0.18007551266162886
0.0,0.0,0.006597840214996799,6100,0.17956579263969563,0.17956579281926144,0.11273161903279655,0.11273161903279655,0.17822958953434226,0.2909612085671388,0.0,0.008238479720209102,1.6582071325870993,0.0,0.04000813764079031,0.00026757816116420213,0.0,0.0016751754682964325,1.0409289074896513,0.0029232461551598984,0.71607191035249,0.210033420883521,-0.210033420883521,0.5064579929774485,0.29642457209392753,0.1713947321870954,0.009644033760713211,0.009644033760713211,0.314239856047101,0.3238838898078142,0.18295451306282853,0.7458536463463941,0.0017297623476562741,1.0415904117274195,0.32110450267510465,0.32110450267510465,1.5559065247314273e-05,0.47181556904896566,0.7929200717240703,1.0816273066890801e-05,0.1714017639871668,0.21038155473565867,True,0.7453799617365341,0.034580412242419256,0.034580412242419256,0.560666570644822,0.5952469828872412,0.0,0.0,0.0013195680429993598,0.17956579263969563,0.17956579263969563,0.0,0.004119239860104551,0.0,0.003210937933970426,0.0,0.010051052809778596,0.00856973660935477,0.0018295451306282854,1.5559065247314275e-06,1.0816273066890802e-07,0.001714017639871668,0.21038155473565867
0.0,0.0,0.002396542802881564,6125,0.3103484981376085,0.310348498447957,0.22171055578692095,0.22171055578692095,0.17822958953434226,0.3999401453212632,0.0,0.00795742581622382,2.2530017336478445,0.0,0.02689570630935722,0.00021835577489322843,0.001602029669835505,0.0005237677304966286,0.9771140276479974,0.007261459714235444,0.71607191035249,0.20492949071111943,-0.20492949071111943,0.5064579929774485,0.3015285022663291,0.25126073468292315,0.07476242148429907,0.07476242148429907,0.314239856047101,0.38900227753140004,0.1412633112802141,0.7003434938184476,0.00048245550754341237,0.9780351301496364,0.617683863067543,0.617683863067543,2.940085171037215e-05,0.47181556904896566,1.0894994321165086,2.4040330105684263e-05,0.20865696002144601,0.337035322641089,True,0.6996839181812575,0.05750227277077402,-0.05750227277077402,0.560666570644822,0.5031642978740479,0.0,0.0,0.0004793085605763128,0.3103484981376085,0.3103484981376085,0.0,0.00397871290811191,0.0,0.0026202692987187413,0.00040050741745887626,0.003142606382979772,0.012563036734146158,0.001412633112802141,2.9400851710372154e-06,2.4040330105684265e-07,0.00208656960021446,0.337035322641089
0.0,0.0,0.006611949979016157,6150,0.13860676214603995,0.13860676228464672,0.0045847623098750345,-0.0045847623098750345,0.17822958953434226,0.17364482722446722,0.0,0.006344609828309885,1.3040736976961418,0.0,0.034520490732358085,0.0002605481531680888,0.0,0.004413332430161742,0.9335670832330708,0.002670571831199027,0.71607191035249,0.19637803518189423,-0.19637803518189423,0.5064579929774485,0.3100799577955543,0.12100663659085979,0.08767311473181902,-0.08767311473181902,0.314239856047101,0.22656674131528196,0.13874663460077996,0.6688969385974084,0.004340204510860241,0.9341197714723132,0.18028561714376584,0.18028561714376584,5.28084954288935e-06,0.47181556904896566,0.6521011861927315,7.109931608314589e-06,0.12440767219034714,0.18139050355671024,True,0.6685011740685779,0.13146992512409927,-0.13146992512409927,0.560666570644822,0.4291966455207227,0.0,0.0,0.0013223899958032315,0.13860676214603995,0.13860676214603995,0.0,0.0031723049141549426,0.0,0.0031265778380170656,0.0,0.026479994580970452,0.00605033182954299,0.0013874663460077996,5.28084954288935e-07,7.10993160831459e-08,0.0012440767219034715,0.18139050355671024
0.0,0.0,0.03695538446808839,6175,0.09367496253309712,0.0936749626267721,0.034278260703583,-0.034278260703583,0.17822958953434226,0.14395132883075926,0.0,0.005251574071666124,1.109706189311917,0.0,0.02984497490129715,0.00017849300584130658,0.0,0.014421962222074553,0.879908525606209,0.0012339398680915044,0.71607191035249,0.11950327705220581,-0.11950327705220581,0.5064579929774485,0.3869547159252427,0.09215404627955513,0.021341955358019526,-0.021341955358019526,0.314239856047101,0.29289790068908145,0.197559206190477,0.6303275816282694,0.01433829868079048,0.8802573648160753,0.10175507303988401,0.10175507303988401,4.215325095013285e-06,0.47181556904896566,0.5735706420888497,4.2202709075877186e-06,0.14278396970050317,0.200377113673197,True,0.6300777876653663,0.13270036467433255,0.13270036467433255,0.560666570644822,0.6933669353191545,0.0,0.0,0.007391076893617678,0.09367496253309712,0.09367496253309712,0.0,0.002625787035833062,0.0,0.002141916070095679,0.0,0.08653177333244733,0.004607702313977757,0.0019755920619047703,4.215325095013285e-07,4.2202709075877186e-08,0.0014278396970050318,0.200377113673197
0.0,0.0,0.023161124631274937,6200,0.13736738296114473,0.1373673830985121,0.010541605053004693,0.010541605053004693,0.17822958953434226,0.18877119458734695,0.0,0.007780409832687296,1.2919493202204908,0.0,0.03260417436524662,0.0002329192196934666,0.0,0.0017046636300426105,0.9587124276562231,0.002071836562583831,0.71607191035249,0.21002206957727848,-0.21002206957727848,0.5064579929774485,0.29643592340017005,0.11114712141374866,0.16295210905231733,-0.16295210905231733,0.314239856047101,0.15128774699478365,0.16954925599972956,0.6868301534486518,0.001667607862174686,0.9591636453368486,0.10456186338136525,0.10456186338136525,9.15457267507825e-06,0.47181556904896566,0.5763774324303309,5.491034044970604e-06,0.15440557992651727,0.1677107000178785,True,0.6865070491375893,0.11243674413495164,0.11243674413495164,0.560666570644822,0.6731033147797736,0.0,0.0,0.0046322249262549875,0.13736738296114473,0.13736738296114473,0.0,0.003890204916343648,0.0,0.002795030636321599,0.0,0.010227981780255663,0.005557356070687434,0.0016954925599972955,9.15457267507825e-07,5.491034044970604e-08,0.0015440557992651726,0.1677107000178785
0.0,0.0,0.02371377981210881,6225,0.22252226463657007,0.22252226485909232,0.11659054834649057,0.11659054834649057,0.17822958953434226,0.29482013788083283,0.0,0.005835831035756007,2.3821680318753544,0.0,0.07120051096333355,0.000907984761371116,0.0,0.006582549127537605,1.081132910261728,0.013436028331087289,0.71607191035249,0.4051879975215248,-0.4051879975215248,0.5064579929774485,0.10126999545592372,0.1917308333843816,0.052236146483764345,0.052236146483764345,0.314239856047101,0.3664760025308653,0.1055059272707612,0.7746629888175354,0.006694984069641329,1.0818228823107652,0.2463929480691212,0.2463929480691212,2.2709649154849933e-05,0.47181556904896566,0.7182085171180869,1.4933743254285093e-05,0.17853225862019526,0.2930033918490256,True,0.7741689192073917,0.07982494994170486,-0.07982494994170486,0.560666570644822,0.4808416207031171,0.0,0.0,0.0047427559624217625,0.22252226463657007,0.22252226463657007,0.0,0.0029179155178780036,0.0,0.010895817136453392,0.0,0.039495294765225626,0.00958654166921908,0.001055059272707612,2.2709649154849935e-06,1.4933743254285094e-07,0.0017853225862019526,0.2930033918490256
0.0,0.0,0.045946789096355,6250,0.17159595592885812,0.17159595610045406,0.027871878813624018,-0.027871878813624018,0.17822958953434226,0.15035771072071824,0.0,0.008846187675489826,1.0341060672767266,0.0,0.053519740869341574,0.0004552700249498172,0.0,0.000582359864259751,1.0241321334377993,0.006747328638879583,0.71607191035249,0.350413155216622,-0.350413155216622,0.5064579929774485,0.15604483776082656,0.09708301087796069,0.05616618404852136,-0.05616618404852136,0.314239856047101,0.2580736719985796,0.2084245249216763,0.7337049702708918,0.0006063754168831698,1.0246246912038135,0.038223557498371086,0.038223557498371086,3.442734741203873e-06,0.47181556904896566,0.5100391265473367,5.381573483103483e-06,0.09949260367202342,0.20209952698987438,True,0.7333522634854974,0.13799985215307797,0.13799985215307797,0.560666570644822,0.6986664227978999,0.0,0.0,0.009189357819271,0.17159595592885812,0.17159595592885812,0.0,0.004423093837744913,0.0,0.005463240299397806,0.0,0.0034941591855585058,0.004854150543898035,0.002084245249216763,3.442734741203873e-07,5.381573483103483e-08,0.0009949260367202342,0.20209952698987438
0.0,0.0,0.00241668564066787,6275,0.11060535496242505,0.11060535507303039,0.052211642429137034,0.052211642429137034,0.17822958953434226,0.2304412319634793,0.0,0.003566865836610887,1.4743195845726411,0.0,0.019569390898074603,8.926329473181141e-05,0.0,9.599533066377256e-06,0.9969016886750397,0.002445767856989858,0.71607191035249,0.22139194295872106,-0.22139194295872106,0.5064579929774485,0.2850660500187275,0.149501617334387,0.013623975221488893,-0.013623975221488893,0.314239856047101,0.3006158808256121,0.07100452319923786,0.7142898764616514,6.19331978398274e-06,0.9975113618615832,0.08531415821203708,0.08531415821203708,1.5932581847971096e-05,0.47181556904896566,0.5571297272610027,8.462987431913284e-06,0.18784917763898684,0.12406617750720476,True,0.7138533066121758,0.04430752249568637,-0.04430752249568637,0.560666570644822,0.5163590481491356,0.0,0.0,0.000483337128133574,0.11060535496242505,0.11060535496242505,0.0,0.0017834329183054436,0.0,0.001071159536781737,0.0,5.759719839826354e-05,0.00747508086671935,0.0007100452319923786,1.5932581847971097e-06,8.462987431913284e-08,0.0018784917763898686,0.12406617750720476
0.0,0.0,0.01933059898294191,6300,0.15056739732866795,0.15056739747923534,0.07223359902260257,0.07223359902260257,0.17822958953434226,0.2504631885569448,0.0,0.006340963295183924,1.7740290270491794,0.0,0.03228833279611168,0.00018270156587069068,0.0,0.0012969110341926279,0.9639873489702212,0.003416076936109076,0.71607191035249,0.17299625027948562,-0.17299625027948562,0.5064579929774485,0.3334617426979629,0.16511400483912797,0.14576347746271656,0.14576347746271656,0.314239856047101,0.46000333350981754,0.12477368866168184,0.6907365328838664,0.0012518197911641725,0.9646189345671421,0.2114132296035665,0.2114132296035665,2.2172996590492914e-05,0.47181556904896566,0.6832287986525322,1.0723852096504579e-05,0.17818198645878797,0.17886546529979344,True,0.6902842721726122,0.11074640159569732,-0.11074640159569732,0.560666570644822,0.44992016904912463,0.0,0.0,0.003866119796588382,0.15056739732866795,0.15056739732866795,0.0,0.003170481647591962,0.0,0.0021924187904482882,0.0,0.007781466205155767,0.008255700241956399,0.0012477368866168185,2.2172996590492915e-06,1.0723852096504579e-07,0.0017818198645878796,0.17886546529979344
0.0,0.0,0.01188885992246813,6325,0.18196789637842029,0.18196789656038817,0.07866092683037218,0.07866092683037218,0.17822958953434226,0.25689051636471444,0.0,0.019101310094661584,2.103287408088443,0.0,0.03169118316157057,0.00027828930590003103,0.0,0.0055188565139908585,1.0742890066832964,0.012014841683398262,0.71607191035249,0.26827236570280466,-0.26827236570280466,0.5064579929774485,0.2381856272746439,0.1732105955080503,0.16509845617430768,0.16509845617430768,0.314239856047101,0.47933831222140866,0.3098247621854677,0.7698058724168408,0.005630983818808326,1.075039881521817,0.18605730820230265,0.18605730820230265,6.4481982905630235e-06,0.47181556904896566,0.6578728772512683,1.6684733667484663e-05,0.2020507746471608,0.24412903097588476,True,0.7692681920292771,0.15977844384284662,-0.15977844384284662,0.560666570644822,0.40088812680197533,0.0,0.0,0.0023777719844936263,0.18196789637842029,0.18196789637842029,0.0,0.009550655047330792,0.0,0.0033394716708003724,0.0,0.03311313908394515,0.008660529775402515,0.003098247621854677,6.448198290563024e-07,1.6684733667484662e-07,0.002020507746471608,0.24412903097588476
0.0,0.0,0.03665316478258368,6350,0.11405515584371713,0.11405515595777228,0.05864567178121255,0.05864567178121255,0.17822958953434226,0.2368752613155548,0.0,0.006838004592015971,1.8884939793967794,0.0,0.02935028727014509,0.00019486033083112052,0.0,0.0002485941203614343,1.0157668678044003,0.008775435668573955,0.71607191035249,0.23483949296295503,-0.23483949296295503,0.5064579929774485,0.2716185000144935,0.14835776189643934,0.01573204802472572,-0.01573204802472572,0.314239856047101,0.29850780802237525,0.11932230574407332,0.7277799296725805,0.0002673331595245191,1.0163503259760935,0.037568053293991543,0.037568053293991543,2.3466418511946424e-05,0.47181556904896566,0.5093836223429572,9.516502587350618e-06,0.19084476554877494,0.13915668040301146,True,0.7273621316591308,0.06924691159639396,-0.06924691159639396,0.560666570644822,0.491419659048428,0.0,0.0,0.007330632956516737,0.11405515584371713,0.11405515584371713,0.0,0.0034190022960079855,0.0,0.002338323969973446,0.0,0.0014915647221686056,0.007417888094821967,0.0011932230574407331,2.3466418511946427e-06,9.516502587350618e-08,0.0019084476554877495,0.13915668040301146
0.0,0.0,0.012820138914530713,6375,0.18321801546620345,0.18321801564942147,0.03435836963594174,0.03435836963594174,0.17822958953434226,0.212587959170284,0.0,0.00521800430729845,2.3719794008661657,0.0,0.017590951815710295,6.020529431727706e-05,0.0,0.0007530127332149177,0.9725589225208827,0.008218290145918664,0.71607191035249,0.30878101477762765,-0.30878101477762765,0.5064579929774485,0.19767697819982086,0.13615680819421427,0.11343404200039603,0.11343404200039603,0.314239856047101,0.427673898047497,0.10168212977327243,0.6968595140264964,0.000719863640326073,0.9731697253028212,0.18190349379051335,0.18190349379051335,3.1685681941844566e-05,0.47181556904896566,0.653719062839479,1.0753570411007762e-05,0.28394646672427587,0.20429898781244016,True,0.696422135305477,0.1592539817513955,-0.1592539817513955,0.560666570644822,0.40141258889342646,0.0,0.0,0.0025640277829061427,0.18321801546620345,0.18321801546620345,0.0,0.002609002153649225,0.0,0.0007224635318073248,0.0,0.004518076399289506,0.006807840409710714,0.0010168212977327243,3.1685681941844567e-06,1.0753570411007761e-07,0.0028394646672427588,0.20429898781244016
0.0,0.0,0.0015813124518173063,6400,0.21751583314331194,0.21751583336082775,0.10029750196870552,0.10029750196870552,0.17822958953434226,0.2785270915030478,0.0,0.007980299228323856,2.506413440026362,0.0,0.046138886995336505,0.0005778835893369318,0.0,0.0012576403855532,1.0354632258198997,0.014028599094037997,0.71607191035249,0.2837957049485945,-0.2837957049485945,0.5064579929774485,0.222662288028854,0.1952617679740708,0.10657998297540525,-0.10657998297540525,0.314239856047101,0.20765987307169573,0.14344511839375296,0.741996710660698,0.001310742003406095,1.0362041710774614,0.31668095059908713,0.31668095059908713,7.671233895413076e-06,0.47181556904896566,0.7884965196480528,2.0187848492121804e-05,0.2631829626412821,0.2501330288441281,True,0.7414661405672396,0.18525652625876804,-0.18525652625876804,0.560666570644822,0.3754100443860539,0.0,0.0,0.0003162624903634613,0.21751583314331194,0.21751583314331194,0.0,0.003990149614161928,0.0,0.0069346030720431814,0.0,0.0075458423133192,0.00976308839870354,0.0014344511839375297,7.671233895413077e-07,2.0187848492121804e-07,0.002631829626412821,0.2501330288441281
0.0,0.0,0.034491309124219695,6425,0.13971931262943935,0.13971931276915867,0.026270386766346354,-0.026270386766346354,0.17822958953434226,0.1519592027679959,0.0,0.004547368966854072,0.8876898216499013,0.0,0.03864017823600439,0.00019888819300991858,0.0,0.015223649583592949,1.1233841545077525,0.002419028284119358,0.71607191035249,0.29231770639759425,-0.29231770639759425,0.5064579929774485,0.21414028657985426,0.0909696912942603,0.0448340263259428,0.0448340263259428,0.314239856047101,0.3590738823730438,0.19972176183822168,0.8047390556542264,0.015332467996622658,1.1238243433118975,0.027413388370127023,0.027413388370127023,8.334699739913138e-07,0.47181556904896566,0.4992289574190927,3.141957900056538e-06,0.08262412001924614,0.24999187290525113,True,0.8044238488119246,0.09330634131986759,0.09330634131986759,0.560666570644822,0.6539729119646895,0.0,0.0,0.006898261824843939,0.13971931262943935,0.13971931262943935,0.0,0.002273684483427036,0.0,0.002386658316119023,0.0,0.09134189750155769,0.004548484564713015,0.001997217618382217,8.334699739913138e-08,3.141957900056538e-08,0.0008262412001924615,0.24999187290525113
0.0,0.0,0.032988026663403384,6450,0.18690960079004856,0.18690960097695816,0.040321459147482835,-0.040321459147482835,0.17822958953434226,0.13790813038685942,0.0,0.0060064552353055935,1.0735440022700515,0.0,0.03970261982426905,0.0002602173348184155,0.0,0.028535048498195763,1.168923202959794,0.006546796991861813,0.71607191035249,0.3384679410937612,-0.3384679410937612,0.5064579929774485,0.1679900518836873,0.09040893052841696,0.21784580842793572,0.21784580842793572,0.314239856047101,0.5320856644750367,0.15548690151097247,0.8375493334490838,0.028779138022268357,1.1696441511584421,0.06331969313394603,-0.06331969313394603,5.180394414231967e-07,0.47181556904896566,0.4084958759150196,4.010155676253438e-06,0.06082174091188462,0.3775269576035279,True,0.8370330826880031,0.08380601221033429,-0.08380601221033429,0.560666570644822,0.47686055843448766,0.0,0.0,0.006597605332680678,0.18690960079004856,0.18690960079004856,0.0,0.0030032276176527968,0.0,0.003122608017820986,0.0,0.17121029098917456,0.004520446526420848,0.0015548690151097246,5.1803944142319674e-08,4.0101556762534384e-08,0.0006082174091188462,0.3775269576035279
0.0,0.0,0.05544661658895054,6475,0.11222630724451323,0.11222630735673954,0.002739503290453388,-0.002739503290453388,0.17822958953434226,0.17549008624388887,0.0,0.012310953260285725,1.448800111786816,0.0,0.04660588034269128,0.00031791531924058535,0.0,0.0008984788734441557,1.0299746371695164,0.008254044974193523,0.71607191035249,0.24189849707067812,-0.24189849707067812,0.5064579929774485,0.2645594959067704,0.1168441592134885,0.0640981211609748,0.0640981211609748,0.314239856047101,0.37833797720807577,0.29709441326879293,0.737999987016259,0.0009377507019661266,1.0306227154570937,0.018471096755030836,-0.018471096755030836,1.0644701441334562e-06,0.47181556904896566,0.4533444722939348,8.534187518058215e-06,0.13455682949734307,0.1488358764412235,True,0.7375359163523347,0.0012577756615802516,-0.0012577756615802516,0.560666570644822,0.5594087949832417,0.0,0.0,0.011089323317790108,0.11222630724451323,0.11222630724451323,0.0,0.006155476630142862,0.0,0.003814983830887024,0.0,0.005390873240664934,0.005842207960674425,0.0029709441326879293,1.0644701441334563e-07,8.534187518058215e-08,0.0013455682949734308,0.1488358764412235
0.0,0.0,0.02020622985783326,6500,0.1683027747988413,0.16830277496714408,0.0664312547229688,-0.0664312547229688,0.17822958953434226,0.11179833481137345,0.0,0.013268791780359368,0.8178020305483188,0.0,0.036901899632553525,0.0003885133524586196,0.0,0.0014905857523137087,1.0386081047490512,0.003273346482957254,0.71607191035249,0.26907670838960346,-0.26907670838960346,0.5064579929774485,0.23738128458784508,0.07628530553538049,0.12413240291728014,-0.12413240291728014,0.314239856047101,0.19010745312982083,0.25861201055070066,0.7440967256446009,0.0015316936789788614,1.039136858317689,0.13997197039752174,-0.13997197039752174,3.8192975304787254e-07,0.47181556904896566,0.3318435986514439,2.6177387328309968e-06,0.03377887003786679,0.19932232985699072,True,0.7437181000613131,0.1726636260344701,-0.1726636260344701,0.560666570644822,0.38800294461035184,0.0,0.0,0.0040412459715666515,0.1683027747988413,0.1683027747988413,0.0,0.006634395890179684,0.0,0.004662160229503435,0.0,0.008943514513882252,0.0038142652767690246,0.0025861201055070067,3.8192975304787255e-08,2.6177387328309968e-08,0.0003377887003786679,0.19932232985699072
0.0,0.0,0.023962374062326527,6525,0.37086260102412266,0.3708626013949853,0.21871794196008326,0.21871794196008326,0.17822958953434226,0.3969475314944255,0.0,0.013907197581541155,2.212913138135286,0.0,0.025792730057544677,0.0002055356638373352,0.008224561592862178,0.0024428431978767303,0.9505748728086945,0.005412582215131017,0.71607191035249,0.16002858320859709,-0.16002858320859709,0.5064579929774485,0.34642940976885145,0.2666583996164033,0.27689549534708296,0.27689549534708296,0.314239856047101,0.5911353513941839,0.2350732502124842,0.6813858088915695,0.002346377810503673,0.9515605758652761,0.7309720241718991,0.7309720241718991,2.5157470776395935e-05,0.47181556904896566,1.2027875932208647,2.245097460346391e-05,0.1329263932716838,0.418803958851368,True,0.6806799746109458,0.05707402669168948,0.05707402669168948,0.560666570644822,0.6177405973365114,0.0,0.0,0.004792474812465306,0.37086260102412266,0.37086260102412266,0.0,0.0069535987907705776,0.0,0.002466427966048022,0.0020561403982155444,0.014657059187260381,0.013332919980820167,0.002350732502124842,2.5157470776395936e-06,2.2450974603463912e-07,0.001329263932716838,0.418803958851368
0.0,0.0,0.0290619376338486,6550,0.21633602208309857,0.21633602229943458,0.05371394243949987,0.05371394243949987,0.17822958953434226,0.23194353197384213,0.0,0.006128992440465353,1.755614423668042,0.0,0.031606299804120726,0.00025758503581368286,0.0,0.0003618933662995781,0.9809765048873879,0.008625530976430356,0.71607191035249,0.33030491655837646,-0.33030491655837646,0.5064579929774485,0.17615307641907207,0.16375070515455956,0.048131706765170534,0.048131706765170534,0.314239856047101,0.3623715628122715,0.13700279055272824,0.7027806308053459,0.00034452516583469714,0.9814386108861783,0.3367062089514499,0.3367062089514499,1.4415618015202011e-05,0.47181556904896566,0.8085217780004156,1.3240855506407053e-05,0.2301621560101441,0.24233604515137588,True,0.7024497296753857,0.07957458679811968,0.07957458679811968,0.560666570644822,0.6402411574429416,0.0,0.0,0.00581238752676972,0.21633602208309857,0.21633602208309857,0.0,0.0030644962202326766,0.0,0.0030910204297641946,0.0,0.0021713601977974683,0.008187535257727979,0.0013700279055272825,1.4415618015202012e-06,1.3240855506407053e-07,0.0023016215601014407,0.24233604515137588
0.0,0.0,0.016667564598918265,6575,0.12566254113675782,0.12566254126242035,0.005472532349821924,0.005472532349821924,0.17822958953434226,0.18370212188416418,0.0,0.002506161299091896,1.949785222792646,0.0,0.024468230944268237,0.00014397159444720704,0.0,0.0011157062345538854,0.9665978109317086,0.010187669094105452,0.71607191035249,0.23203805015454793,0.23203805015454793,0.5064579929774485,0.7384960431319965,0.1326766496654888,0.03428907227446676,0.03428907227446676,0.314239856047101,0.34852892832156773,0.04962835761456365,0.6924710706909679,0.0010862805139446531,0.9670412300905411,0.03748010757431458,0.03748010757431458,9.812380635628828e-06,0.47181556904896566,0.5092956766232802,1.0913762995701319e-05,0.19891909470126923,0.1477914286289035,True,0.6921535506823816,0.1500108899766192,-0.1500108899766192,0.560666570644822,0.41065568066820274,0.0,0.0,0.003333512919783653,0.12566254113675782,0.12566254113675782,0.0,0.001253080649545948,0.0,0.0017276591333664844,0.0,0.006694237407323313,0.0066338324832744405,0.0004962835761456364,9.812380635628828e-07,1.0913762995701319e-07,0.0019891909470126923,0.1477914286289035
0.0,0.0,0.02010144055891314,6600,0.1555819693727515,0.15558196952833347,0.04527003427936174,-0.04527003427936174,0.17822958953434226,0.13295955525498052,0.0,0.006074711198221306,1.0949277218522084,0.0,0.03130236136180554,0.0002885607388643989,0.0,4.06458078721753e-06,1.002016080550776,0.0023227877186835105,0.71607191035249,0.30283937971716834,-0.30283937971716834,0.5064579929774485,0.20361861326028022,0.08964364709465071,0.15455302496141066,-0.15455302496141066,0.314239856047101,0.15968683108569032,0.16785556475992197,0.7178752947772378,6.3424715057219e-06,1.0025184263947398,0.0056082115724602755,-0.0056082115724602755,1.735624033713473e-06,0.47181556904896566,0.4662073574765054,3.1589228733354473e-06,0.09873176563591164,0.17327499024506382,True,0.7175155790240695,0.05787564892663122,0.05787564892663122,0.560666570644822,0.6185422195714532,0.0,0.0,0.004020288111782628,0.1555819693727515,0.1555819693727515,0.0,0.003037355599110653,0.0,0.003462728866372787,0.0,2.4387484723305177e-05,0.004482182354732535,0.0016785556475992197,1.735624033713473e-07,3.1589228733354474e-08,0.0009873176563591165,0.17327499024506382
0.0,0.0,0.04540695686383131,6625,0.1491569851291718,0.14915698527832877,0.03990095371540692,-0.03990095371540692,0.17822958953434226,0.13832863581893534,0.0,0.0048346505212593874,1.267642273708567,0.0,0.03693265286410843,0.0002043079475003117,0.0,0.00045712170270129077,1.0213804046430672,0.004136069414391014,0.71607191035249,0.2732974157792416,-0.2732974157792416,0.5064579929774485,0.23316057719820693,0.09062258458241311,0.15732630006483964,-0.15732630006483964,0.314239856047101,0.15691355598226134,0.17329476074152642,0.7317271414970937,0.000477974938363348,1.021862637955273,0.005062174762254901,0.005062174762254901,9.506730942236354e-07,0.47181556904896566,0.47687774381122056,4.5135081128820805e-06,0.10221365693837701,0.17313648095708947,True,0.7313818277631645,0.10088744918061743,0.10088744918061743,0.560666570644822,0.6615540198254394,0.0,0.0,0.009081391372766262,0.1491569851291718,0.1491569851291718,0.0,0.0024173252606296937,0.0,0.0024516953700037406,0.0,0.0027427302162077445,0.004531129229120656,0.0017329476074152642,9.506730942236355e-08,4.5135081128820803e-08,0.0010221365693837703,0.17313648095708947
0.0,0.0,0.03257052936810232,6650,0.15088633857027778,0.1508863387211641,0.025338386794055617,-0.025338386794055617,0.17822958953434226,0.15289120274028664,0.0,0.0046865465951276605,1.2287667893457304,0.0,0.019515565065800287,8.589693866485272e-05,0.0,1.870036363866654e-05,0.995675608292642,0.003346219792422907,0.71607191035249,0.27483096045252997,-0.27483096045252997,0.5064579929774485,0.23162703252491854,0.10426825796656997,0.09353322729472563,0.09353322729472563,0.314239856047101,0.4077730833418266,0.14574494644033437,0.713345673079921,1.4494965981999647e-05,0.9961927745033949,0.11084559114922926,-0.11084559114922926,3.339414635683571e-06,0.47181556904896566,0.3609699778997364,4.256361823199698e-06,0.09823782073300348,0.16854030026241604,True,0.7129753448782458,0.12893461796358324,-0.12893461796358324,0.560666570644822,0.4317319526812387,0.0,0.0,0.006514105873620464,0.15088633857027778,0.15088633857027778,0.0,0.0023432732975638302,0.0,0.0010307632639782326,0.0,0.00011220218183199924,0.005213412898328499,0.0014574494644033437,3.339414635683571e-07,4.256361823199698e-08,0.0009823782073300348,0.16854030026241604
0.0,0.0,0.013019332198426626,6675,0.1822413094232551,0.1822413096054964,0.007564184489250669,-0.007564184489250669,0.17822958953434226,0.1706654050450916,0.0,0.011942756294941053,1.5319768332974426,0.0,0.038082964722238044,0.0004246409190563013,0.0,0.0005581878295743684,1.0236259990174885,0.006223819389579508,0.71607191035249,0.37180828571937,-0.37180828571937,0.5064579929774485,0.1346497072580785,0.10605485805459039,0.09240816046234146,-0.09240816046234146,0.314239856047101,0.22183169558475951,0.1931154661328541,0.7334814204381884,0.0005910977596104296,1.0243125021256643,0.11214458751127337,0.11214458751127337,9.827161363874375e-06,0.47181556904896566,0.583960156560239,5.797180085098485e-06,0.15755176251813013,0.20807182789370937,True,0.7329898348391891,0.08151797218380963,0.08151797218380963,0.560666570644822,0.6421845428286316,0.0,0.0,0.0026038664396853253,0.1822413094232551,0.1822413094232551,0.0,0.0059713781474705265,0.0,0.005095691028675615,0.0,0.003349126977446211,0.00530274290272952,0.001931154661328541,9.827161363874375e-07,5.797180085098485e-08,0.0015755176251813013,0.20807182789370937
0.0,0.0,0.009379407128186754,6700,0.3471222739611732,0.34712227430829545,0.140863047446399,0.140863047446399,0.17822958953434226,0.31909263698074125,0.0,0.005584458106165651,2.0726510882162423,0.0,0.03621486602100986,0.0003501455657355984,0.0005230238540009613,0.034561345459423194,1.1859068192924165,0.005400243413756724,0.71607191035249,0.4436707653037203,-0.4436707653037203,0.5064579929774485,0.06278722767372827,0.17764705213043067,0.10137290317349273,0.10137290317349273,0.314239856047101,0.4156127592205937,0.20362601024882648,0.8498376224477102,0.03489604907454387,1.1868048422138566,0.3673476549779829,0.3673476549779829,2.8045924543484055e-05,0.47181556904896566,0.8391632240269485,9.678471741082866e-06,0.22124692689270536,0.5766249433038686,True,0.849194573449834,0.4904716662235411,0.4904716662235411,0.560666570644822,1.051138236868363,0.0,0.0,0.001875881425637351,0.3471222739611732,0.3471222739611732,0.0,0.0027922290530828257,0.0,0.004201746788827181,0.00013075596350024032,0.20736807275653918,0.008882352606521534,0.002036260102488265,2.8045924543484056e-06,9.678471741082866e-08,0.0022124692689270537,0.5766249433038686
0.0,0.0,0.013076611276396028,6725,0.18998806965877066,0.1899880698487587,0.07918605583502553,0.07918605583502553,0.17822958953434226,0.2574156453693678,0.0,0.005030135273169592,2.2633957032437975,0.0,0.01568109304411937,3.6701577565501854e-05,0.0,0.00025521086536625404,0.9840246794909694,0.00437538836959483,0.71607191035249,0.35637135951188337,-0.35637135951188337,0.5064579929774485,0.15008663346556514,0.15320343025263994,0.006778370338190232,-0.006778370338190232,0.314239856047101,0.30746148570891074,0.09805701697696662,0.7051863592994686,0.00023109382881123116,0.9847982294185437,0.21096396633236075,0.21096396633236075,3.870268668269808e-05,0.47181556904896566,0.6827795353813264,1.1149200628770077e-05,0.2684276478430102,0.20841914359512453,True,0.704632441917342,0.05152295323547762,-0.05152295323547762,0.560666570644822,0.5091436174093443,0.0,0.0,0.0026153222552792055,0.18998806965877066,0.18998806965877066,0.0,0.002515067636584796,0.0,0.00044041893078602224,0.0,0.0015312651921975244,0.007660171512631997,0.0009805701697696663,3.870268668269808e-06,1.1149200628770077e-07,0.002684276478430102,0.20841914359512453
0.0,0.0,0.0077394780728781325,6750,0.11326308540440246,0.11326308551766553,0.004532477421904768,-0.004532477421904768,0.17822958953434226,0.1736971121124375,0.0,0.007394724274152703,1.7246416269658182,0.0,0.014087064895172393,3.8546065546376927e-05,0.0,0.003554973344469139,0.9403764027882489,0.007857647300680082,0.71607191035249,0.19593217621436576,-0.19593217621436576,0.5064579929774485,0.3105258167630828,0.12214905519089073,0.031353201271968834,-0.031353201271968834,0.314239856047101,0.28288665477513214,0.11842287463227467,0.6737753187749662,0.0034889734203463734,0.9409324672908511,0.12625388599850756,0.12625388599850756,8.09172763208058e-06,0.47181556904896566,0.5980694550474732,9.419696981305296e-06,0.1928841847894436,0.1495221627329205,True,0.673377136598748,0.09385949455173942,-0.09385949455173942,0.560666570644822,0.46680707609308253,0.0,0.0,0.0015478956145756266,0.11326308540440246,0.11326308540440246,0.0,0.0036973621370763516,0.0,0.0004625527865565231,0.0,0.021329840066814834,0.006107452759544537,0.0011842287463227467,8.09172763208058e-07,9.419696981305296e-08,0.001928841847894436,0.1495221627329205
0.0,0.0,0.03889620491779915,6775,0.10568060612811782,0.10568060623379841,0.016501414214169924,-0.016501414214169924,0.17822958953434226,0.16172817532017233,0.0,0.008853342047354258,1.4044068360388755,0.0,0.032979344039915856,0.00025631482429431043,0.0,0.00042297369549473065,0.9794336756931451,0.005468913267066409,0.71607191035249,0.2233409981820097,-0.2233409981820097,0.5064579929774485,0.28311699479543884,0.11692658375967467,0.0497161120668177,-0.0497161120668177,0.314239856047101,0.2645237439802833,0.15086357687230514,0.7017368199824224,0.00040076352550948516,0.9799809209625047,0.01975762129494868,0.01975762129494868,4.885119226830309e-06,0.47181556904896566,0.49157319034391433,5.513190983030776e-06,0.14518250940980829,0.13230747189449227,True,0.7013449530114884,0.05316388935580907,0.05316388935580907,0.560666570644822,0.613830460000631,0.0,0.0,0.007779240983559831,0.10568060612811782,0.10568060612811782,0.0,0.004426671023677129,0.0,0.003075777891531725,0.0,0.0025378421729683838,0.0058463291879837335,0.0015086357687230515,4.88511922683031e-07,5.513190983030776e-08,0.001451825094098083,0.13230747189449227
0.0,0.0,0.010189760707578228,6800,0.20208344797009875,0.2020834481721822,0.056208119763905995,0.056208119763905995,0.17822958953434226,0.23443770929824825,0.0,0.010682663754543464,1.512979239827685,0.0,0.023127265763103876,0.0001300743958740057,0.0,0.0003824198279616233,0.9804444425300217,0.007483492268606834,0.71607191035249,0.09837772076319712,-0.09837772076319712,0.5064579929774485,0.4080802722142514,0.17138172679663716,0.11330389655955464,0.11330389655955464,0.314239856047101,0.4275437526066556,0.17277020929287693,0.7025636855181385,0.00035586388552431484,0.9811356451071256,0.3635374615956995,0.3635374615956995,5.216565208682914e-06,0.47181556904896566,0.8353530306446652,1.3869289895003765e-05,0.08673988308162991,0.22448299132014068,True,0.7020687347613992,0.2152993555420385,-0.2152993555420385,0.560666570644822,0.34536721510278345,0.0,0.0,0.0020379521415156455,0.20208344797009875,0.20208344797009875,0.0,0.005341331877271732,0.0,0.0015608927504880685,0.0,0.00229451896776974,0.008569086339831859,0.0017277020929287693,5.216565208682914e-07,1.3869289895003764e-07,0.0008673988308162991,0.22448299132014068
0.0,0.0,0.027688088202609425,6825,0.13656137020361603,0.1365613703401774,0.005383903197471285,-0.005383903197471285,0.17822958953434226,0.17284568633687097,0.0,0.005304981879720077,1.8600118197352764,0.0,0.03496515572276896,0.00012558861311856318,0.0,0.0006153933162271091,0.9751928777116912,0.006064857134373774,0.71607191035249,0.23869858445000347,-0.23869858445000347,0.5064579929774485,0.26775940852744506,0.12306610542466759,0.004344806394729117,0.004344806394729117,0.314239856047101,0.3185846624418301,0.13764040031899225,0.6987753238715391,0.0005834558782462758,0.975845168635524,0.03628164300726672,0.03628164300726672,1.7193573150891359e-06,0.47181556904896566,0.5080972120562324,1.0513310124995196e-05,0.16087154637343465,0.15908960384577375,True,0.6983082366570816,0.18682559715399233,-0.18682559715399233,0.560666570644822,0.3738409734908296,0.0,0.0,0.005537617640521885,0.13656137020361603,0.13656137020361603,0.0,0.0026524909398600383,0.0,0.0015070633574227582,0.0,0.0036923598973626543,0.00615330527123338,0.0013764040031899224,1.719357315089136e-07,1.0513310124995196e-07,0.0016087154637343464,0.15908960384577375
0.0,0.0,0.009198191601160092,6850,0.1452083295908872,0.14520832973609551,0.034463434076040245,0.034463434076040245,0.17822958953434226,0.2126930236103825,0.0,0.005279096674158448,1.5785021328218367,0.0,0.02063208112011913,7.338125753148261e-05,0.0,0.000516395236450763,1.022724331375219,0.00730427288290932,0.71607191035249,0.10595490363488569,-0.10595490363488569,0.5064579929774485,0.40050308934256285,0.14620347000175174,0.15954544431420287,0.15954544431420287,0.314239856047101,0.47378530036130384,0.09881646171039797,0.7327296883023899,0.0005411533209851056,1.0232627023577465,0.24101422989143767,0.24101422989143767,4.747925062243168e-06,0.47181556904896566,0.7128297989404033,1.0555818143401476e-05,0.12664609346049865,0.16323184215976502,True,0.7323441759590694,0.09731658347662314,-0.09731658347662314,0.560666570644822,0.4633499871681988,0.0,0.0,0.0018396383202320184,0.1452083295908872,0.1452083295908872,0.0,0.002639548337079224,0.0,0.0008805750903777914,0.0,0.0030983714187045783,0.007310173500087587,0.0009881646171039798,4.7479250622431684e-07,1.0555818143401476e-07,0.0012664609346049866,0.16323184215976502
0.0,0.0,0.017104836073547305,6875,0.23975522321663204,0.23975522345638722,0.07997099388053963,0.07997099388053963,0.17822958953434226,0.2582005834148819,0.0,0.009545992615304429,1.862107078594034,0.0,0.05089957107389122,0.0006463391092920743,0.0,0.01113233331913709,1.1055098730884323,0.012641069541328393,0.71607191035249,0.3100629984733154,-0.3100629984733154,0.5064579929774485,0.1963949945041331,0.16760726035105705,0.21750563104316345,-0.21750563104316345,0.314239856047101,0.09673422500393751,0.15693632794412876,0.79207720876626,0.011266119018621616,1.1061419757618145,0.30922394734578545,0.30922394734578545,1.4902665795341706e-05,0.47181556904896566,0.7810395163947511,1.1463626381031972e-05,0.2114306735979481,0.3345648939011381,True,0.7916245777910712,0.20481763557128707,0.20481763557128707,0.560666570644822,0.765484206216109,0.0,0.0,0.003420967214709461,0.23975522321663204,0.23975522321663204,0.0,0.004772996307652214,0.0,0.007756069311504892,0.0,0.06679399991482254,0.008380363017552853,0.0015693632794412877,1.4902665795341707e-06,1.1463626381031972e-07,0.002114306735979481,0.3345648939011381
0.0,0.0,0.014019645153538809,6900,0.18835488657445223,0.18835488676280712,0.033540194164907194,-0.033540194164907194,0.17822958953434226,0.14468939536943506,0.0,0.008838118856219872,1.2486231133747214,0.0,0.02160012406768343,0.000132053749074752,5.550215299842243e-06,0.0026510529942162875,0.9485116227269077,0.0023637408169160878,0.71607191035249,0.2377460152484932,-0.2377460152484932,0.5064579929774485,0.26871197772895533,0.0996874055950834,0.3195077850993198,-0.3195077850993198,0.314239856047101,-0.005267929052218834,0.16989966105335835,0.6795983988456282,0.0025944308803537877,0.9490644438495682,0.09300380803116509,-0.09300380803116509,3.986767080537602e-06,0.47181556904896566,0.37881176101780056,4.2711567807234316e-06,0.1015802414161492,0.22076983623401475,True,0.6792025391627133,0.09489347395170072,-0.09489347395170072,0.560666570644822,0.4657730966931212,0.0,0.0,0.002803929030707762,0.18835488657445223,0.18835488657445223,0.0,0.004419059428109936,0.0,0.0015846449888970238,1.3875538249605608e-06,0.015906317965297727,0.0049843702797541705,0.0016989966105335835,3.986767080537602e-07,4.271156780723431e-08,0.001015802414161492,0.22076983623401475
0.0,0.0,0.04877237526428856,6925,0.4056769978043681,0.4056769982100451,0.18308011401435048,0.18308011401435048,0.17822958953434226,0.36130970354869274,0.0,0.0088272624683314,2.094076749638482,0.0,0.042839881311030364,0.00023213495217615674,0.01821157941265974,0.005020295588382244,1.0708540442627112,0.009647759178130447,0.71607191035249,0.3068106031757618,-0.3068106031757618,0.5064579929774485,0.19964738980168673,0.2636985630697259,0.06461712951606319,0.06461712951606319,0.314239856047101,0.37885698556316416,0.28157741063343955,0.7675342709811872,0.005164947972536524,1.071867572468649,0.829942441720092,0.829942441720092,1.8118801157543035e-05,0.47181556904896566,1.3017580107690576,2.81088414854568e-05,0.10555561918325686,0.4743637433211478,True,0.7668085118924299,0.047309935740586395,-0.047309935740586395,0.560666570644822,0.5133566349042356,0.0,0.0,0.009754475052857713,0.4056769978043681,0.4056769978043681,0.0,0.0044136312341657,0.0,0.0027856194261138808,0.004552894853164935,0.030121773530293466,0.013184928153486295,0.0028157741063343958,1.8118801157543035e-06,2.81088414854568e-07,0.0010555561918325685,0.4743637433211478
0.0,0.0,0.055692246372508886,6950,0.19293421602935984,0.19293421622229406,0.09502800561550845,0.09502800561550845,0.17822958953434226,0.2732575951498507,0.0,0.012858849566232589,1.651497024641306,0.0,0.03305653202942796,0.00012807907058255447,0.0,4.3363571347258226e-05,0.993414897772452,0.004947809028576765,0.71607191035249,0.19549719167349683,-0.19549719167349683,0.5064579929774485,0.3109608013039517,0.1736154696013102,0.11886153292245283,0.11886153292245283,0.314239856047101,0.4331013889695538,0.24460367831056368,0.7118937403065773,3.404560166139947e-05,0.9941651391052229,0.349306331690551,0.349306331690551,1.2911884220056782e-05,0.47181556904896566,0.8211219007395166,1.1927397050960845e-05,0.14057814147546152,0.2248332225023704,True,0.7113565135546922,0.05220735365142537,0.05220735365142537,0.560666570644822,0.6128739242962473,0.0,0.0,0.011138449274501777,0.19293421602935984,0.19293421602935984,0.0,0.0064294247831162945,0.0,0.0015369488469906536,0.0,0.00026018142808354936,0.00868077348006551,0.0024460367831056367,1.2911884220056782e-06,1.1927397050960846e-07,0.0014057814147546152,0.2248332225023704
0.0,0.0,0.01379567275305687,6975,0.17408598151213395,0.17408598168621991,0.023260709119702322,-0.023260709119702322,0.17822958953434226,0.15496888041463994,0.0,0.0075466046206752,1.247696868489949,0.0,0.024417218561496007,0.00014877929669871543,0.0,0.0026701980058503496,0.9483260413181809,0.00314223035172657,0.71607191035249,0.28692054731064254,-0.28692054731064254,0.5064579929774485,0.21953744566680597,0.10387879948986192,0.0568199337893498,-0.0568199337893498,0.314239856047101,0.2574199222577512,0.13325978277970382,0.6793797296320274,0.002625632846399516,0.9487590705939137,0.17054490994995358,0.17054490994995358,4.382818716099151e-06,0.47181556904896566,0.6423604789989192,5.363549407164708e-06,0.16605371901227015,0.20661252487834816,True,0.6790696495269846,0.19065967810426132,0.19065967810426132,0.560666570644822,0.7513262487490833,0.0,0.0,0.002759134550611374,0.17408598151213395,0.17408598151213395,0.0,0.0037733023103376,0.0,0.0017853515603845852,0.0,0.016021188035102097,0.005193939974493096,0.0013325978277970382,4.3828187160991506e-07,5.363549407164708e-08,0.0016605371901227016,0.20661252487834816
0.0,0.0,0.0052401966022951295,7000,0.11420656733934892,0.11420656745355548,0.07618068290167684,0.07618068290167684,0.17822958953434226,0.2544102724360191,0.0,0.005630073469469412,2.1209025900363008,0.0,0.019918731439620103,9.576709188194657e-05,0.0,0.0063641079169085004,0.9202246409164553,0.005953858537686459,0.71607191035249,0.16327995321715372,-0.16327995321715372,0.5064579929774485,0.3431780397602948,0.17592859762277818,0.023741584237046975,-0.023741584237046975,0.314239856047101,0.290498271810054,0.10329688128703651,0.6594008794826652,0.006263384755511959,0.9208584511428292,0.1505768590798207,0.1505768590798207,2.4672631296976476e-05,0.47181556904896566,0.6223924281287864,1.2381979582867332e-05,0.24901220176724223,0.16972560779318424,True,0.6589470257767267,0.09754387405279158,-0.09754387405279158,0.560666570644822,0.46312269659203037,0.0,0.0,0.001048039320459026,0.11420656733934892,0.11420656733934892,0.0,0.002815036734734706,0.0,0.0011492051025833588,0.0,0.038184647501451,0.00879642988113891,0.0010329688128703652,2.4672631296976477e-06,1.2381979582867333e-07,0.0024901220176724225,0.16972560779318424
0.0,0.0,0.024264743834272757,7025,0.14567263468681776,0.14567263483249038,0.020429942243212013,-0.020429942243212013,0.17822958953434226,0.15779964729113025,0.0,0.006697888283853935,1.2176434018858855,0.0,0.02158506472911399,0.00010182841432114913,0.0,7.002625895506908e-05,1.0083681693909163,0.005769406960892091,0.71607191035249,0.2821198602810836,-0.2821198602810836,0.5064579929774485,0.22433813269636493,0.11018659968939251,0.06779440297758127,0.06779440297758127,0.314239856047101,0.38203425902468224,0.12315982379945031,0.7223877294107685,7.779374801900289e-05,1.0088200764179798,0.042270863437797346,0.042270863437797346,3.3604628578096768e-06,0.47181556904896566,0.514086432486763,6.252398126155524e-06,0.09797895944269791,0.16323774250834167,True,0.7220641314780784,0.14039472076704929,-0.14039472076704929,0.560666570644822,0.42027184987777266,0.0,0.0,0.004852948766854551,0.14567263468681776,0.14567263468681776,0.0,0.0033489441419269675,0.0,0.0012219409718537896,0.0,0.0004201575537304145,0.005509329984469626,0.0012315982379945032,3.360462857809677e-07,6.252398126155525e-08,0.0009797895944269792,0.16323774250834167
0.0,0.0,0.03009107373190444,7050,0.14949187424127522,0.14949187439076708,0.043534880164019546,-0.043534880164019546,0.17822958953434226,0.1346947093703227,0.0,0.00540066963174263,1.2078603928636162,0.0,0.048501089084643234,0.00040667185531607035,0.0,0.014089927354337992,0.8812990001965527,0.005583492512620388,0.71607191035249,0.17297601044908956,-0.17297601044908956,0.5064579929774485,0.333481982528359,0.10683737804932157,0.18368044237194062,-0.18368044237194062,0.314239856047101,0.13055941367516036,0.15057341404346794,0.6313671523067341,0.013992729133974363,0.8817091333450703,0.001178376705003259,-0.001178376705003259,4.980024055310501e-06,0.47181556904896566,0.4706371923439624,6.229792669491957e-06,0.11336730032169992,0.2556118865397982,True,0.631073467475475,0.2149028224126771,-0.2149028224126771,0.560666570644822,0.34576374823214484,0.0,0.0,0.0060182147463808885,0.14949187424127522,0.14949187424127522,0.0,0.002700334815871315,0.0,0.0048800622637928445,0.0,0.08453956412602795,0.005341868902466079,0.0015057341404346794,4.980024055310501e-07,6.229792669491957e-08,0.0011336730032169993,0.2556118865397982
0.0,0.0,0.014696147648218104,7075,0.2152988149540117,0.21529881516931051,6.3718124238554275e-06,6.3718124238554275e-06,0.17822958953434226,0.17823596134676611,0.0,0.011345224478589145,1.6317839763501483,0.0,0.036627530944200654,0.0004402710168787383,8.940237851529144e-05,0.005693846075812658,1.0754575779879838,0.0074759700372367555,0.71607191035249,0.3187555349601287,-0.3187555349601287,0.5064579929774485,0.18770245801731983,0.1045762413238275,0.33538251180687856,-0.33538251180687856,0.314239856047101,-0.021142655759777605,0.2702791416130637,0.770514068705568,0.005780391071677842,1.0760288831410658,0.009344025142646595,-0.009344025142646595,7.793233679700446e-06,0.47181556904896566,0.46247154390631906,5.755472264769068e-06,0.13748334946634136,0.27268660983007553,True,0.7701049731274934,0.1326426323866855,-0.1326426323866855,0.560666570644822,0.42802393825813645,0.0,0.0,0.002939229529643621,0.2152988149540117,0.2152988149540117,0.0,0.0056726122392945725,0.0,0.00528325220254486,2.235059462882286e-05,0.03416307645487595,0.0052288120661913755,0.0027027914161306373,7.793233679700446e-07,5.7554722647690684e-08,0.0013748334946634135,0.27268660983007553
0.0,0.0,0.009004438135805407,7100,0.25523099536395316,0.25523099561918416,0.10904032347347231,0.10904032347347231,0.17822958953434226,0.28726991300781457,0.0,0.0038412247204722126,2.009423099677404,0.0,0.03174269040382134,0.0001741721657293152,0.0,3.4223195419171114e-05,0.994149940562766,0.008597604744242164,0.71607191035249,0.20753828103246036,-0.20753828103246036,0.5064579929774485,0.2989197119449882,0.2096578880104882,0.017091460644015455,-0.017091460644015455,0.314239856047101,0.2971483954030855,0.10405938282036327,0.712445174111999,2.5651989371549475e-05,0.9949352206986336,0.492111979140706,0.492111979140706,1.4443605307510072e-05,0.47181556904896566,0.9639275481896716,1.69853460327621e-05,0.17388259200232697,0.2745118288753596,True,0.7118828570570936,0.16818459306953037,-0.16818459306953037,0.560666570644822,0.3924819775752916,0.0,0.0,0.0018008876271610815,0.25523099536395316,0.25523099536395316,0.0,0.0019206123602361063,0.0,0.002090065988751782,0.0,0.0002053391725150267,0.010482894400524412,0.0010405938282036327,1.4443605307510072e-06,1.69853460327621e-07,0.0017388259200232699,0.2745118288753596
0.0,0.0,0.012330975983022673,7125,0.13884154674425714,0.1388415468830987,0.028142563491254657,0.028142563491254657,0.17822958953434226,0.20637215302559692,0.0,0.0040059243093695015,2.3586699355125123,0.0,0.038003078616760506,0.00023381567509910594,0.0,0.00036099916672878315,0.9810000219282026,0.010473259803742065,0.71607191035249,0.20291254364206301,-0.20291254364206301,0.5064579929774485,0.3035454493353855,0.13917770405217825,0.13437034525967823,0.13437034525967823,0.314239856047101,0.4486102013067792,0.1773003667679948,0.7029162995169186,0.0003375276908203795,0.9816280732959121,0.009975951130817062,-0.009975951130817062,2.177017271065144e-05,0.47181556904896566,0.4618396179181486,1.1024121942190218e-05,0.21953606004514972,0.15921202392633926,True,0.7024665695679628,0.19043230338137868,-0.19043230338137868,0.560666570644822,0.3702342672634433,0.0,0.0,0.0024661951966045348,0.13884154674425714,0.13884154674425714,0.0,0.0020029621546847507,0.0,0.0028057881011892714,0.0,0.002165995000372699,0.006958885202608913,0.001773003667679948,2.177017271065144e-06,1.1024121942190219e-07,0.0021953606004514975,0.15921202392633926
0.0,0.0,0.008289366846101645,7150,0.1683513227290095,0.1683513228973608,0.03447370808962688,-0.03447370808962688,0.17822958953434226,0.14375588144471538,0.0,0.005313070547407432,1.1342726644064554,0.0,0.04160707577560232,0.00022975979711091247,0.0,1.9093257723263498e-05,1.0043695832436588,0.00454645160155546,0.71607191035249,0.33581390393650945,-0.33581390393650945,0.5064579929774485,0.17064408904093908,0.09464986827943006,0.15320098904912077,0.15320098904912077,0.314239856047101,0.46744084509622175,0.18534632940550438,0.7195666404293619,2.381834064734001e-05,1.0048804037381491,0.012055866672901372,-0.012055866672901372,1.2507439112584229e-06,0.47181556904896566,0.4597597023760643,5.535489039003539e-06,0.10601886612601212,0.18318373428217222,True,0.7192008562169169,0.06430814888539094,0.06430814888539094,0.560666570644822,0.6249747195302129,0.0,0.0,0.001657873369220329,0.1683513227290095,0.1683513227290095,0.0,0.002656535273703716,0.0,0.0027571175653309495,0.0,0.000114559546339581,0.004732493413971504,0.0018534632940550438,1.250743911258423e-07,5.535489039003539e-08,0.0010601886612601212,0.18318373428217222
0.0,0.0,0.016480766679032435,7175,0.09419539380926821,0.0941953939034636,0.008369668640332784,-0.008369668640332784,0.17822958953434226,0.16985992089400948,0.0,0.00843855614709805,1.460887292323161,0.0,0.053712542841253944,0.0006826357112741123,0.0,0.001430792153838071,0.9621741866731451,0.00809899471102297,0.71607191035249,0.19201697557425618,-0.19201697557425618,0.5064579929774485,0.31444101740319236,0.11404371835430928,0.04629138933214483,-0.04629138933214483,0.314239856047101,0.26794846671495615,0.22145861315247775,0.689332208850721,0.0013944410103118076,0.9626577851445337,0.03586658237716184,-0.03586658237716184,3.939793450021857e-06,0.47181556904896566,0.4359489866718038,6.77246819207063e-06,0.09766929464329673,0.12738113337664161,True,0.6889859175646342,0.06319799398392267,-0.06319799398392267,0.560666570644822,0.4974685766608993,0.0,0.0,0.0032961533358064872,0.09419539380926821,0.09419539380926821,0.0,0.004219278073549025,0.0,0.008191628535289347,0.0,0.008584752923028426,0.005702185917715465,0.0022145861315247778,3.9397934500218576e-07,6.77246819207063e-08,0.0009766929464329673,0.12738113337664161
0.0,0.0,0.013181036628017912,7200,0.1764026350460775,0.17640263522248015,0.10961875401078025,0.10961875401078025,0.17822958953434226,0.2878483435451225,0.0,0.004302183067628029,2.487973601647752,0.0,0.023603096410702133,0.0001516867565870057,0.0,0.0014794265282660228,1.038463314057242,0.006886858987342294,0.71607191035249,0.2360792078267756,-0.2360792078267756,0.5064579929774485,0.27037878515067293,0.1967724189927492,0.18312701597626968,0.18312701597626968,0.314239856047101,0.49736687202337065,0.09196070150487679,0.7441674384936492,0.0015394330419101214,1.0392356093607595,0.20642349049515046,0.20642349049515046,3.9937633258047814e-05,0.47181556904896566,0.6782390595441161,1.2228853990886349e-05,0.2954467924068194,0.20560354609475545,True,0.7436144195125801,0.10813705914074367,-0.10813705914074367,0.560666570644822,0.4525295115040783,0.0,0.0,0.0026362073256035825,0.1764026350460775,0.1764026350460775,0.0,0.0021510915338140146,0.0,0.0018202410790440684,0.0,0.008876559169596137,0.00983862094963746,0.0009196070150487679,3.993763325804782e-06,1.2228853990886348e-07,0.0029544679240681945,0.20560354609475545
0.0,0.0,0.026849322968944572,7225,0.12299565608228073,0.12299565620527639,0.03346714373374943,0.03346714373374943,0.17822958953434226,0.21169673326809169,0.0,0.0050348318513368465,2.1063319225850234,0.0,0.03973923615586656,0.00033604467184454324,0.0,1.029519498052503e-05,1.003208612625501,0.009145449692575984,0.71607191035249,0.1967296876491621,-0.1967296876491621,0.5064579929774485,0.30972830532828644,0.14237825037168717,0.1360139081950359,0.1360139081950359,0.314239856047101,0.45025376424213687,0.1874567363748936,0.7187874086317567,1.4380784471948343e-05,1.0037922004788709,0.11504340369990912,0.11504340369990912,1.8286123149990704e-05,0.47181556904896566,0.5868589727488748,9.317018146219598e-06,0.21054179746706225,0.14607806347325608,True,0.7183695177568998,0.06389264086929314,-0.06389264086929314,0.560666570644822,0.4967739297755288,0.0,0.0,0.005369864593788915,0.12299565608228073,0.12299565608228073,0.0,0.0025174159256684233,0.0,0.004032536062134519,0.0,6.177116988315018e-05,0.007118912518584358,0.001874567363748936,1.8286123149990704e-06,9.317018146219598e-08,0.0021054179746706225,0.14607806347325608
0.0,0.0,0.02388317937941747,7250,0.24558832982956286,0.2455883300751512,0.08309474870236028,0.08309474870236028,0.17822958953434226,0.26132433823670254,0.0,0.004085399014443538,1.687568687310562,0.0,0.04691515819595447,0.00043990947237641814,0.0,0.002855156561882372,1.0534336650612923,0.007936736906607147,0.71607191035249,0.3670325775628748,-0.3670325775628748,0.5064579929774485,0.13942541541457373,0.17503059469940643,0.10945979866546324,0.10945979866546324,0.314239856047101,0.4236996547125642,0.1638971367376597,0.754832368409845,0.002929977529235193,1.0541292668455355,0.3797388239905312,0.3797388239905312,5.6597691607928545e-06,0.47181556904896566,0.8515543930394969,1.4656309977402526e-05,0.1307350094951931,0.2865160819897941,True,0.7543342675044014,0.06137969632993956,-0.06137969632993956,0.560666570644822,0.4992868743148824,0.0,0.0,0.004776635875883495,0.24558832982956286,0.24558832982956286,0.0,0.002042699507221769,0.0,0.0052789136685170174,0.0,0.017130939371294233,0.008751529734970322,0.0016389713673765972,5.659769160792854e-07,1.4656309977402527e-07,0.001307350094951931,0.2865160819897941
0.0,0.0,0.01303980339192894,7275,0.30585828250420954,0.3058582828100678,0.12580731939954226,0.12580731939954226,0.17822958953434226,0.3040369089338845,0.0,0.00802551033431052,2.587389302188922,0.0,0.04240699482012744,0.0004974492623063548,0.00020561133335856834,0.00013903629132109183,0.9882086348830557,0.011971457644471922,0.71607191035249,0.2069158910310901,-0.2069158910310901,0.5064579929774485,0.29954210194635844,0.21428377433197685,0.22774899596090842,0.22774899596090842,0.314239856047101,0.5419888520080094,0.14578506066613645,0.7082487238460657,0.00011935900522647644,0.9890748452996547,0.5602477537169743,0.5602477537169743,3.937508718319353e-06,0.47181556904896566,1.03206332276594,2.2776977083261387e-05,0.18737477236140818,0.33338041864621004,True,0.7076284548896223,0.2082249445571096,-0.2082249445571096,0.560666570644822,0.35244162608771235,0.0,0.0,0.002607960678385788,0.30585828250420954,0.30585828250420954,0.0,0.00401275516715526,0.0,0.005969391147676258,5.1402833339642084e-05,0.0008342177479265509,0.010714188716598842,0.0014578506066613645,3.9375087183193535e-07,2.2776977083261387e-07,0.001873747723614082,0.33338041864621004
0.0,0.0,0.03493168931067373,7300,0.18994963023762834,0.18994963042757795,0.105284926458434,-0.105284926458434,0.17822958953434226,0.07294466307590826,0.0,0.004124349277543182,0.9869155585531133,0.0,0.028250552003259936,0.0001719085342184894,0.0,0.05534653641379812,0.7647415540011409,0.0013288992588126722,0.71607191035249,0.184550361470334,-0.184550361470334,0.5064579929774485,0.32190763150711454,0.06604243313791865,0.02904704314253681,-0.02904704314253681,0.314239856047101,0.28519281290456416,0.1629868676217529,0.5478503259107986,0.055188704841796304,0.7650772364333411,0.21177231988096634,-0.21177231988096634,1.5595707074517367e-06,0.47181556904896566,0.2600432491679993,3.0347155234277877e-06,0.06369355666841565,0.5387093758359689,True,0.5476099531469444,0.2992813269427074,-0.2992813269427074,0.560666570644822,0.2613852437021145,0.0,0.0,0.006986337862134747,0.18994963023762834,0.18994963023762834,0.0,0.002062174638771591,0.0,0.0020629024106218726,0.0,0.33207921848278876,0.0033021216568959325,0.001629868676217529,1.5595707074517368e-07,3.034715523427788e-08,0.0006369355666841566,0.5387093758359689
0.0,0.0,0.04248645311634279,7325,0.15511531541394372,0.15511531556905903,0.04808416623215847,-0.04808416623215847,0.17822958953434226,0.1301454233021838,0.0,0.002801283021259306,1.239793851704541,0.0,0.021362162264270547,8.664235568711775e-05,0.0,0.0014406859114878508,0.9620436314765513,0.00554110000521039,0.71607191035249,0.17305883766313895,-0.17305883766313895,0.5064579929774485,0.3333991553143096,0.09789028194203071,0.19209632807797433,0.19209632807797433,0.314239856047101,0.5063361841250753,0.13525926791295229,0.6892575596034027,0.0014022375993963901,0.962553536890697,0.11801152642275708,-0.11801152642275708,1.332251026127833e-06,0.47181556904896566,0.35380404262620857,5.771660097246413e-06,0.10108546529469516,0.18195522365589606,True,0.6888924306542973,0.1929109578412161,-0.1929109578412161,0.560666570644822,0.36775561280360586,0.0,0.0,0.008497290623268558,0.15511531541394372,0.15511531541394372,0.0,0.001400641510629653,0.0,0.0010397082682454132,0.0,0.008644115468927105,0.004894514097101536,0.001352592679129523,1.3322510261278332e-07,5.7716600972464125e-08,0.0010108546529469515,0.18195522365589606
0.0,0.0,0.01907824461699639,7350,0.15793308262623063,0.1579330827841637,0.03175478478696456,-0.03175478478696456,0.17822958953434226,0.1464748047473777,0.0,0.006866354372547817,1.0177041921074135,0.0,0.04133227782796645,0.0002828163974062267,0.0,0.0038967658042495692,1.0624240803236185,0.001950678505036916,0.71607191035249,0.28720246229986374,-0.28720246229986374,0.5064579929774485,0.2192555306775848,0.09353219728551006,0.1849727708053589,0.1849727708053589,0.314239856047101,0.4992126268524599,0.13152547835344292,0.761111187640471,0.003956118989924571,1.0628976866818214,0.05814228193771365,-0.05814228193771365,7.118317197059655e-07,0.47181556904896566,0.413673287111252,3.3294641736979386e-06,0.07407424172829467,0.19868901187318252,True,0.7607720514260616,0.060209813089230124,0.060209813089230124,0.560666570644822,0.6208763837340521,0.0,0.0,0.003815648923399278,0.15793308262623063,0.15793308262623063,0.0,0.0034331771862739086,0.0,0.0033937967688747205,0.0,0.023380594825497415,0.004676609864275503,0.0013152547835344293,7.118317197059656e-08,3.329464173697939e-08,0.0007407424172829468,0.19868901187318252
0.0,0.0,0.0038428162359303106,7375,0.22488374574139675,0.2248837459662805,0.016078736346641698,-0.016078736346641698,0.17822958953434226,0.16215085318770056,0.0,0.007529045574138471,0.9861095007441097,0.0,0.06539189063227999,0.0004755361912061813,0.0,0.009539299330298118,1.0976693366942671,0.001829608681639955,0.71607191035249,0.29954410934785447,-0.29954410934785447,0.5064579929774485,0.20691388362959404,0.10063195364437787,0.12139005853640056,0.12139005853640056,0.314239856047101,0.43562991458350153,0.14860224419696594,0.7862974841533885,0.009617831882258572,1.0980705454367343,0.08315036514801916,0.08315036514801916,1.9075101623239877e-06,0.47181556904896566,0.5549659341969848,2.889054962604614e-06,0.08213138292476142,0.2996982156469169,True,0.7860101898387077,0.37580416077514234,0.37580416077514234,0.560666570644822,0.9364707314199643,0.0,0.0,0.0007685632471860622,0.22488374574139675,0.22488374574139675,0.0,0.0037645227870692355,0.0,0.005706434294474176,0.0,0.05723579598178871,0.005031597682218894,0.0014860224419696595,1.9075101623239878e-07,2.8890549626046143e-08,0.0008213138292476142,0.2996982156469169
0.0,0.0,0.057709907505261546,7400,0.11256704872472681,0.11256704883729386,0.055567894867387405,-0.055567894867387405,0.17822958953434226,0.12266169466695485,0.0,0.008678674797096279,0.993137097203538,0.0,0.038465622515222814,0.00023707129573273831,0.0,0.003176103127440375,0.9436430738290281,0.006580273896494071,0.71607191035249,0.2328939932684409,-0.2328939932684409,0.5064579929774485,0.27356399970900763,0.08725413582686174,0.026948421068991757,0.026948421068991757,0.314239856047101,0.34118827711609273,0.1983643519659831,0.6760641272886156,0.00312159030086956,0.9441288061621236,0.06675537499441914,-0.06675537499441914,9.838875876786614e-07,0.47181556904896566,0.4050601940545465,5.978569134220241e-06,0.09127548880232952,0.15760910531123867,True,0.6757163080040787,0.02909986065976411,-0.02909986065976411,0.560666570644822,0.5315667099850578,0.0,0.0,0.01154198150105231,0.11256704872472681,0.11256704872472681,0.0,0.004339337398548139,0.0,0.0028448555487928595,0.0,0.01905661876464225,0.0043627067913430875,0.001983643519659831,9.838875876786614e-08,5.978569134220242e-08,0.0009127548880232953,0.15760910531123867
0.0,0.0,0.012542282537044851,7425,0.17472120244591421,0.17472120262063542,0.043210599609512346,-0.043210599609512346,0.17822958953434226,0.1350189899248299,0.0,0.007925859596396913,1.5171805127335047,0.0,0.025380888923298515,8.160319122709758e-05,0.0,0.0019729500448366715,0.9555820976988256,0.007008802667075509,0.71607191035249,0.2066914864705358,-0.2066914864705358,0.5064579929774485,0.2997665065069127,0.10102186133512132,0.1273503723288727,0.1273503723288727,0.314239856047101,0.44159022837597367,0.18694274002605799,0.6846282052212826,0.0019282103886375222,0.9560886075301919,0.1682984319996379,-0.1682984319996379,4.429312770020062e-06,0.47181556904896566,0.30351713704932776,5.7948219898298145e-06,0.11564383606372684,0.20208698702241767,True,0.6842655077536588,0.25200493483690584,-0.25200493483690584,0.560666570644822,0.3086616358079161,0.0,0.0,0.0025084565074089704,0.17472120244591421,0.17472120244591421,0.0,0.003962929798198457,0.0,0.0009792382947251708,0.0,0.011837700269020028,0.005051093066756066,0.0018694274002605798,4.429312770020062e-07,5.7948219898298145e-08,0.0011564383606372684,0.20208698702241767
0.0,0.0,0.016851284621728812,7450,0.11581205616993663,0.11581205628574869,0.01730529580957596,0.01730529580957596,0.17822958953434226,0.19553488534391822,0.0,0.005405355658332553,1.8665176061774944,0.0,0.03497030799551777,0.0002883508852814572,0.0,0.0019407415971382132,0.9559461511654406,0.008077856826000134,0.71607191035249,0.2163342531773591,-0.2163342531773591,0.5064579929774485,0.29012373980008943,0.12431919517520233,0.11189811924110912,-0.11189811924110912,0.314239856047101,0.20234173680599185,0.09892901317577661,0.6849144170218269,0.001893267642390549,0.9564883045332574,0.03983435397055862,0.03983435397055862,5.319953700324909e-06,0.47181556904896566,0.5116499230195243,9.303034745042312e-06,0.19805694404472357,0.14617609548633806,True,0.6845261962186088,0.07651284009142023,0.07651284009142023,0.560666570644822,0.6371794107362422,0.0,0.0,0.0033702569243457626,0.11581205616993663,0.11581205616993663,0.0,0.0027026778291662766,0.0,0.003460210623377486,0.0,0.011644449582829279,0.006215959758760117,0.000989290131757766,5.319953700324909e-07,9.303034745042312e-08,0.0019805694404472357,0.14617609548633806
0.0,0.0,0.01970707209083846,7475,0.15295811709994198,0.1529581172529001,0.047461104986435326,0.047461104986435326,0.17822958953434226,0.22569069452077758,0.0,0.007658736080096318,1.2936788126678929,0.0,0.03929234525110539,0.0004104388521500548,0.0,0.0009584742304064732,1.0309592349777328,0.002839573889077421,0.71607191035249,0.2764422851289488,-0.2764422851289488,0.5064579929774485,0.23001570784849973,0.12605890005627698,0.18239348103125594,-0.18239348103125594,0.314239856047101,0.13184637501584504,0.19905576563321717,0.7386979261359614,0.0009983952355561646,1.0315973928601105,0.06399567286152558,0.06399567286152558,1.1270036257123025e-05,0.47181556904896566,0.5358112419104912,7.32135275199223e-06,0.12449652739351769,0.18094467931663172,True,0.7382409591956391,0.03074421256452453,-0.03074421256452453,0.560666570644822,0.5299223580802974,0.0,0.0,0.003941414418167692,0.15295811709994198,0.15295811709994198,0.0,0.003829368040048159,0.0,0.004925266225800657,0.0,0.0057508453824388385,0.00630294500281385,0.0019905576563321718,1.1270036257123025e-06,7.32135275199223e-08,0.0012449652739351768,0.18094467931663172
0.0,0.0,0.02008234601606218,7500,0.19790318748751778,0.19790318768542095,0.07188708446812925,0.07188708446812925,0.17822958953434226,0.2501166740024715,0.0,0.0060742386003106025,2.0163568694611285,0.0,0.028693625997803465,0.0002381663216101061,0.0,0.0003694973818854728,0.9807776853140556,0.005744450432413043,0.71607191035249,0.24134900757898903,-0.24134900757898903,0.5064579929774485,0.2651089853984595,0.16058484585141736,0.1077972202480885,-0.1077972202480885,0.314239856047101,0.20644263579901248,0.11985197352797798,0.7027984316724056,0.00034360294683864686,0.9814634699353237,0.27469921854571594,0.27469921854571594,1.0446465600541952e-05,0.47181556904896566,0.7465147875946816,1.1770601990013518e-05,0.13879214967249445,0.22064860201867523,True,0.702307360561706,0.21291162660766555,-0.21291162660766555,0.560666570644822,0.3477549440371564,0.0,0.0,0.004016469203212436,0.19790318748751778,0.19790318748751778,0.0,0.0030371193001553012,0.0,0.0028579958593212733,0.0,0.0022169842913128367,0.008029242292570868,0.0011985197352797799,1.0446465600541951e-06,1.1770601990013519e-07,0.0013879214967249445,0.22064860201867523
0.0,0.0,0.008912546971448472,7525,0.18317179490883387,0.18317179509200568,0.01882943944110324,-0.01882943944110324,0.17822958953434226,0.15940015009323902,0.0,0.007992772841225087,1.3901783343691705,0.0,0.027453099155009566,7.358212598407403e-05,0.0,0.00636044844792126,0.9202475803005247,0.007895048277892568,0.71607191035249,0.17323459814856318,-0.17323459814856318,0.5064579929774485,0.33322339482888536,0.11838963559755003,0.07935441027346801,0.07935441027346801,0.314239856047101,0.393594266320569,0.16584097627196642,0.6593702153999625,0.006270164687774951,0.9208156285131027,0.14469189845759262,0.14469189845759262,1.6614326511920351e-06,0.47181556904896566,0.6165074675065583,1.0225026677333995e-05,0.08620369055466005,0.2364365637647482,True,0.658963452025529,0.3319064490058396,-0.3319064490058396,0.560666570644822,0.22876012163898235,0.0,0.0,0.0017825093942896945,0.18317179490883387,0.18317179490883387,0.0,0.003996386420612543,0.0,0.0008829855118088884,0.0,0.03816269068752756,0.005919481779877502,0.0016584097627196643,1.6614326511920352e-07,1.0225026677333995e-07,0.0008620369055466005,0.2364365637647482
0.0,0.0,0.031317933029951624,7550,0.1204492742471967,0.12044927436764598,0.027087996888908644,0.027087996888908644,0.17822958953434226,0.2053175864232509,0.0,0.00489473114126705,1.7149274140696593,0.0,0.04237217658291871,0.0005328994390376449,0.0,0.0036289851774330742,1.0602410589003304,0.007318075690240554,0.71607191035249,0.2536925885571986,-0.2536925885571986,0.5064579929774485,0.2527654044202499,0.12722284210452048,0.0006067848339256221,0.0006067848339256221,0.314239856047101,0.3148466408810266,0.10181920558489632,0.7596022906348272,0.0036954849255913954,1.060790500290682,0.07979630132454013,0.07979630132454013,1.3144862058596963e-05,0.47181556904896566,0.5516118703735058,6.622736913997476e-06,0.15086994350413233,0.16621834506656205,True,0.759208851083317,0.032842526109378434,-0.032842526109378434,0.560666570644822,0.5278240445354435,0.0,0.0,0.0062635866059903254,0.1204492742471967,0.1204492742471967,0.0,0.002447365570633525,0.0,0.0063947932684517384,0.0,0.021773911064598445,0.006361142105226024,0.0010181920558489633,1.3144862058596964e-06,6.622736913997477e-08,0.0015086994350413233,0.16621834506656205
0.0,0.0,0.035537143392161824,7575,0.13073858559529242,0.130738585726031,0.06150988553583167,-0.06150988553583167,0.17822958953434226,0.11671970399851059,0.0,0.012469630068741777,1.0341634197432283,0.0,0.028508841183880824,0.0001568227610869016,0.0,0.0003950247100053957,1.0198752285522807,0.007510941473742165,0.71607191035249,0.24456443042161136,-0.24456443042161136,0.5064579929774485,0.2618935625558372,0.08789506911131255,0.014478496360369186,-0.014478496360369186,0.314239856047101,0.2997613596867318,0.21783283163775574,0.7307129842095914,0.00041805361370341463,1.0204463594241961,0.10232540676629298,-0.10232540676629298,1.8814663795174253e-07,0.47181556904896566,0.3694901622826727,4.173449193600308e-06,0.07973142578391218,0.15570330728010895,True,0.7303040134293663,0.10577119936632534,-0.10577119936632534,0.560666570644822,0.4548953712784966,0.0,0.0,0.007107428678432365,0.13073858559529242,0.13073858559529242,0.0,0.006234815034370888,0.0,0.0018818731330428192,0.0,0.002370148260032374,0.004394753455565627,0.0021783283163775576,1.8814663795174254e-08,4.173449193600308e-08,0.0007973142578391218,0.15570330728010895
0.0,0.0,0.028269242998919458,7600,0.1743708462946522,0.17437084646902304,0.008798833973748504,0.008798833973748504,0.17822958953434226,0.18702842350809076,0.0,0.009032719120511913,1.4919891391374307,0.0,0.038024850994034964,0.0004229524030385402,0.0,0.0002323730458770721,1.015243787123844,0.0039369696047082525,0.71607191035249,0.2662993954392143,-0.2662993954392143,0.5064579929774485,0.24015859753823418,0.12910789860333288,0.08093885830402539,-0.08093885830402539,0.314239856047101,0.23330099774307558,0.2436068635244019,0.727447664332312,0.00025237499941829783,1.015886314847009,0.22243936213716292,0.22243936213716292,3.7001899113216194e-06,0.47181556904896566,0.6942549311861286,6.8731900381484385e-06,0.08285955851263015,0.20073121946784542,True,0.7269875682717055,0.15812275101794304,-0.15812275101794304,0.560666570644822,0.4025438196268789,0.0,0.0,0.005653848599783892,0.1743708462946522,0.1743708462946522,0.0,0.004516359560255956,0.0,0.0050754288364624825,0.0,0.0013942382752624325,0.006455394930166645,0.002436068635244019,3.7001899113216194e-07,6.873190038148439e-08,0.0008285955851263015,0.20073121946784542
0.0,0.0,0.010472734653145181,7625,0.1379875986096739,0.1379875987476615,0.03867340464420441,0.03867340464420441,0.17822958953434226,0.21690299417854667,0.0,0.00845697795441403,1.942272016313461,0.0,0.02433198267687379,0.00021559543456734997,0.0,0.001032046268180458,1.0321254769331205,0.008690634478915462,0.71607191035249,0.22675266455734622,-0.22675266455734622,0.5064579929774485,0.2797053284201023,0.14428731616591917,0.10746049536051322,0.10746049536051322,0.314239856047101,0.4217003514076142,0.13463170679189262,0.739589378577143,0.0010786175310718302,1.0328423131199955,0.050841636934150836,0.050841636934150836,9.006052267656498e-06,0.47181556904896566,0.5226572059831165,9.997137405580103e-06,0.19103533339476123,0.16356209412816428,True,0.7390760723122292,0.16780302089302962,-0.16780302089302962,0.560666570644822,0.39286354975179233,0.0,0.0,0.002094546930629036,0.1379875986096739,0.1379875986096739,0.0,0.004228488977207015,0.0,0.0025871452148081998,0.0,0.006192277609082749,0.007214365808295958,0.0013463170679189262,9.006052267656498e-07,9.997137405580103e-08,0.0019103533339476122,0.16356209412816428
0.0,0.0,0.013622143145958705,7650,0.1952323075156991,0.1952323077109314,0.0953289430281572,0.0953289430281572,0.17822958953434226,0.27355853256249946,0.0,0.006173823927309979,2.6831742996335812,0.0,0.03748934191192995,0.00013281561136557106,0.0,9.433696879764385e-05,0.9902872779923626,0.005302869664737903,0.71607191035249,0.23838915809029554,-0.23838915809029554,0.5064579929774485,0.268068834887153,0.1822672348301785,0.05560931938395741,-0.05560931938395741,0.314239856047101,0.25863053666314356,0.15196836947456988,0.7097521953123329,7.789024661391255e-05,0.9911744548829031,0.32432484503025155,0.32432484503025155,7.78086324680432e-06,0.47181556904896566,0.7961404140792172,1.8494877241978423e-05,0.25960786151762855,0.21643354434424653,True,0.7091169128526312,0.12799324314419785,-0.12799324314419785,0.560666570644822,0.4326733275006241,0.0,0.0,0.0027244286291917413,0.1952323075156991,0.1952323075156991,0.0,0.0030869119636549895,0.0,0.0015937873363868528,0.0,0.000566021812785863,0.009113361741508926,0.0015196836947456989,7.780863246804321e-07,1.8494877241978423e-07,0.0025960786151762857,0.21643354434424653
0.0,0.0,0.0340890677426219,7675,0.3989218695141322,0.39892186991305406,0.16725175275405313,0.16725175275405313,0.17822958953434226,0.3454813422883954,0.0,0.002173133537246721,2.3799353027278194,0.0,0.03423810828933792,0.00046485064491637827,0.01997136663815126,0.005669510495331447,0.9247038480708911,0.010163237670835528,0.71607191035249,0.2083355750624616,-0.2083355750624616,0.5064579929774485,0.29812241791498695,0.24951722462460152,0.05632000051044178,0.05632000051044178,0.314239856047101,0.37055985655754275,0.12228195695774453,0.6631178419602266,0.005468718140639319,0.9260492181201624,0.8441857492880886,0.8441857492880886,9.192340754360188e-06,0.47181556904896566,1.3160013183370542,2.813144550630732e-05,0.1481970515057886,0.4665962140661989,True,0.6621544602454602,0.09216783104826187,-0.09216783104826187,0.560666570644822,0.4684987395965601,0.0,0.0,0.006817813548524381,0.3989218695141322,0.3989218695141322,0.0,0.0010865667686233605,0.0,0.005578207738996539,0.004992841659537815,0.034017062971988685,0.012475861231230076,0.0012228195695774453,9.192340754360189e-07,2.813144550630732e-07,0.001481970515057886,0.4665962140661989
0.0,0.0,0.02093910216157284,7700,0.12676366886443202,0.12676366899119568,0.021162715341235316,-0.021162715341235316,0.17822958953434226,0.15706687419310694,0.0,0.005183123686643592,1.8357516797365578,0.0,0.020590059423516865,5.086287900957422e-05,0.0,0.011677012419255367,0.8919397741106592,0.007041377405121616,0.71607191035249,0.14845682480725692,-0.14845682480725692,0.5064579929774485,0.3580011681701916,0.1153212379568272,0.057309168814828226,-0.057309168814828226,0.314239856047101,0.25693068723227275,0.12997053134008896,0.639084061981487,0.01155929080327041,0.8924858576592344,0.037065478094636395,0.037065478094636395,1.1422421130951673e-05,0.47181556904896566,0.508881047143602,7.042255030414203e-06,0.1752829808974997,0.21303528988859613,True,0.6386930268861859,0.230650512749159,-0.230650512749159,0.560666570644822,0.33001605789566296,0.0,0.0,0.004187820432314568,0.12676366886443202,0.12676366886443202,0.0,0.002591561843321796,0.0,0.0006103545481148907,0.0,0.0700620745155322,0.00576606189784136,0.0012997053134008896,1.1422421130951674e-06,7.042255030414203e-08,0.001752829808974997,0.21303528988859613
0.0,0.0,0.013883867960748836,7725,0.1641696039425108,0.1641696041066804,0.07398227799649051,-0.07398227799649051,0.17822958953434226,0.10424731153785174,0.0,0.002676410931251197,0.6007388207513874,0.0,0.032586856194642175,0.00010144038566854057,0.0,0.002833170890964025,1.053227538840003,0.0010593986514114526,0.71607191035249,0.22274518498635232,-0.22274518498635232,0.5064579929774485,0.2837128079910962,0.07535543369986882,0.23339199576449515,0.23339199576449515,0.314239856047101,0.5476318518115961,0.07514872694069522,0.7546614621916748,0.002904196227737598,1.053890594984075,0.09676199137789748,-0.09676199137789748,5.565932134645245e-07,0.47181556904896566,0.3750535776710682,1.3409335357573607e-06,0.02837691878722059,0.19130399018502212,True,0.7541866663052877,0.12583637394734526,-0.12583637394734526,0.560666570644822,0.4348301966974767,0.0,0.0,0.0027767735921497673,0.1641696039425108,0.1641696039425108,0.0,0.0013382054656255985,0.0,0.0012172846280224868,0.0,0.016999025345784152,0.003767771684993441,0.0007514872694069522,5.5659321346452445e-08,1.3409335357573607e-08,0.00028376918787220587,0.19130399018502212
0.0,0.0,0.004206171906542358,7750,0.15058701863944757,0.1505870187900346,0.003017101661155458,-0.003017101661155458,0.17822958953434226,0.1752124878731868,0.0,0.004518565720968707,1.3005888801314016,0.0,0.04819272209158383,0.00040558370577103726,0.0,1.0401685069998386e-05,1.00322516434775,0.005360017515611448,0.71607191035249,0.2743216560210642,-0.2743216560210642,0.5064579929774485,0.23213633695638436,0.1139216454330755,0.1832745862037226,0.1832745862037226,0.314239856047101,0.4975144422508236,0.07730172515391964,0.7188563142779986,1.5119870360606607e-05,1.0038884277491817,0.026564917163323876,0.026564917163323876,8.550134752177952e-06,0.47181556904896566,0.49838048621228953,5.641857692271054e-06,0.12041913630976862,0.16629115277925563,True,0.7183813699804358,0.0618506952567095,0.0618506952567095,0.560666570644822,0.6225172659015314,0.0,0.0,0.0008412343813084717,0.15058701863944757,0.15058701863944757,0.0,0.0022592828604843535,0.0,0.004867004469252447,0.0,6.241011041999031e-05,0.005696082271653775,0.0007730172515391965,8.550134752177952e-07,5.6418576922710544e-08,0.0012041913630976863,0.16629115277925563
0.0,0.0,0.04065443159026147,7775,0.15946107045816252,0.1594610706176236,0.0019653606715227256,0.0019653606715227256,0.17822958953434226,0.18019495020586498,0.0,0.009529679852681605,1.2784059510423114,0.0,0.046712497572338973,0.0005275334309529512,0.0,0.0014048875251729106,1.0374818292666315,0.009787505230280148,0.71607191035249,0.3257527728407369,-0.3257527728407369,0.5064579929774485,0.18070522013671164,0.11574467447076146,0.08718758623924866,0.08718758623924866,0.314239856047101,0.40142744228634963,0.1803261267010603,0.7435411475484288,0.001471565491638983,1.038360989190048,0.11294592968281164,0.11294592968281164,2.695467904872338e-06,0.47181556904896566,0.5847614987317773,6.999888084183822e-06,0.11820002210055522,0.19588935778225405,True,0.742911605813771,0.0257288812515184,0.0257288812515184,0.560666570644822,0.5863954518963403,0.0,0.0,0.008130886318052295,0.15946107045816252,0.15946107045816252,0.0,0.0047648399263408026,0.0,0.006330401171435415,0.0,0.008429325151037463,0.005787233723538073,0.001803261267010603,2.695467904872338e-07,6.999888084183822e-08,0.0011820002210055523,0.19588935778225405
0.0,0.0,0.024224270076211946,7800,0.14084509701442516,0.14084509715527024,0.023755341726385187,0.023755341726385187,0.17822958953434226,0.20198493126072745,0.0,0.0034311083055173887,1.7248730034473378,0.0,0.032755366736344466,0.0002162251118518126,0.0,0.0028815751427522115,1.0536803049800596,0.008274599512992387,0.71607191035249,0.26906203562537145,-0.26906203562537145,0.5064579929774485,0.2373959573520771,0.12828646290936224,0.09563464567598634,0.09563464567598634,0.314239856047101,0.4098745017230873,0.11985136752139683,0.7550187936856239,0.0029582298055642435,1.0543896111915156,0.0975681721771729,0.0975681721771729,1.1115189404529686e-05,0.47181556904896566,0.5693837412261386,8.081546094801318e-06,0.14780871274978385,0.17638177366374258,True,0.7545108794246687,0.08696250923481735,-0.08696250923481735,0.560666570644822,0.4737040614100046,0.0,0.0,0.00484485401524239,0.14084509701442516,0.14084509701442516,0.0,0.0017155541527586944,0.0,0.0025947013422217514,0.0,0.017289450856513268,0.006414323145468113,0.0011985136752139683,1.1115189404529686e-06,8.081546094801318e-08,0.0014780871274978386,0.17638177366374258
0.0,0.0,0.01783853585092713,7825,0.15678972503206948,0.1567897251888592,0.013741301279401624,-0.013741301279401624,0.17822958953434226,0.16448828825494063,0.0,0.004779591139597418,1.5386091286294519,0.0,0.019656338453180367,8.161495218838219e-05,0.0,0.0005820434531898222,0.9758744232568458,0.006803357998967312,0.71607191035249,0.23886503009045085,-0.23886503009045085,0.5064579929774485,0.2675929628869977,0.11500402510838158,0.22195199965416706,0.22195199965416706,0.314239856047101,0.536191855701268,0.09764806422483167,0.6993434702853124,0.0005457554997860866,0.9766385895163394,0.012717245091147578,-0.012717245091147578,1.206499962888264e-06,0.47181556904896566,0.4590983239578181,1.1134701160454422e-05,0.15244268485305412,0.175470208660659,True,0.6987962722844082,0.12745722886456845,-0.12745722886456845,0.560666570644822,0.4332093417802535,0.0,0.0,0.0035677071701854263,0.15678972503206948,0.15678972503206948,0.0,0.002389795569798709,0.0,0.0009793794262605861,0.0,0.0034922607191389334,0.005750201255419079,0.0009764806422483168,1.206499962888264e-07,1.1134701160454422e-07,0.0015244268485305414,0.175470208660659
0.0,0.0,0.012112331390610066,7850,0.14915503144246275,0.1491550315916178,0.012538266536979564,0.012538266536979564,0.17822958953434226,0.19076785607132182,0.0,0.008619332106876588,1.568397115008062,0.0,0.035609045732324304,0.00036165599671727556,0.0,0.0002526541701349075,1.015895098934417,0.005085665134146505,0.71607191035249,0.2822630123149974,-0.2822630123149974,0.5064579929774485,0.22419498066245114,0.11748021920984465,0.08086681331711365,0.08086681331711365,0.314239856047101,0.3951066693642146,0.21470207470342614,0.7277871201733401,0.0002676616269033946,1.016360367566268,0.017157204954197036,0.017157204954197036,1.0999437069538294e-05,0.47181556904896566,0.4889727740031627,6.220682905614073e-06,0.12455453860601526,0.17101069999956245,True,0.7274539543706509,0.15675678555867545,-0.15675678555867545,0.560666570644822,0.4039097850861465,0.0,0.0,0.002422466278122013,0.14915503144246275,0.14915503144246275,0.0,0.004309666053438294,0.0,0.004339871960607307,0.0,0.001515925020809445,0.005874010960492233,0.0021470207470342616,1.0999437069538294e-06,6.220682905614073e-08,0.0012455453860601526,0.17101069999956245
0.0,0.0,0.019001553875061302,7875,0.10622044791587187,0.10622044802209232,0.02264791849310946,0.02264791849310946,0.17822958953434226,0.20087750802745172,0.0,0.0027194301889440957,1.572894082510061,0.0,0.033844922416309896,0.00021854933029771508,0.0,4.376795803831223e-06,0.9979079206984841,0.005657288349112137,0.71607191035249,0.22787675930649565,-0.22787675930649565,0.5064579929774485,0.2785812336709529,0.1333432210758498,0.002548013249306924,-0.002548013249306924,0.314239856047101,0.31169184279779405,0.06722244918971569,0.7149540612338939,2.4370299125468947e-06,0.9984389010561316,0.04146533616007092,0.04146533616007092,1.3143318725067026e-05,0.47181556904896566,0.5132809052090366,7.084020632820892e-06,0.14583605532595928,0.12282845779477983,True,0.7145738411095238,0.047405756734627436,-0.047405756734627436,0.560666570644822,0.5132608139101945,0.0,0.0,0.0038003107750122604,0.10622044791587187,0.10622044791587187,0.0,0.0013597150944720479,0.0,0.0026225919635725807,0.0,2.6260774822987342e-05,0.006667161053792491,0.0006722244918971569,1.3143318725067026e-06,7.084020632820892e-08,0.0014583605532595928,0.12282845779477983
0.0,0.0,0.02843108893826586,7900,0.0989518645184548,0.09895186461740665,0.049823670184781954,0.049823670184781954,0.17822958953434226,0.2280532597191242,0.0,0.011703244218203446,1.9853458806914472,0.0,0.058558345062273906,0.0007178445206293084,0.0,0.0002654227974303725,1.0162918015403568,0.010468197491250431,0.71607191035249,0.20640798745774258,-0.20640798745774258,0.5064579929774485,0.30005000551970595,0.15025469590487445,0.022037291406315995,0.022037291406315995,0.314239856047101,0.33627714745341697,0.19291480439905595,0.7281578165676822,0.0002848685029718153,1.0168780479609407,0.017518666797050775,0.017518666797050775,1.781371843911398e-05,0.47181556904896566,0.48933423584601643,8.361205099384338e-06,0.1705541057014919,0.13184566432748776,True,0.7277380219674949,0.05548113427461032,-0.05548113427461032,0.560666570644822,0.5051854363702116,0.0,0.0,0.005686217787653172,0.0989518645184548,0.0989518645184548,0.0,0.005851622109101723,0.0,0.0086141342475517,0.0,0.001592536784582235,0.0075127347952437225,0.0019291480439905596,1.7813718439113982e-06,8.361205099384339e-08,0.0017055410570149191,0.13184566432748776
0.0,0.0,0.039624731318842754,7925,0.16778095377474536,0.16778095394252632,0.04682992203555647,0.04682992203555647,0.17822958953434226,0.22505951156989873,0.0,0.005493190852439982,2.133448774120696,0.0,0.04615964388161932,0.00040041964832946645,0.0,0.0016470707968683294,1.0405841200085493,0.011261044938320778,0.71607191035249,0.21489658938764117,-0.21489658938764117,0.5064579929774485,0.29156140358980737,0.15671750930192882,0.11596008866888019,0.11596008866888019,0.314239856047101,0.43019994471598116,0.17406494404693154,0.7456754486951632,0.0017091243618943684,1.041341557323042,0.20807595140145324,0.20807595140145324,1.0055504795645198e-05,0.47181556904896566,0.6798915204504189,1.2735900354481433e-05,0.15221855377247231,0.2042397993786711,True,0.7451330691028277,0.188775827597999,-0.188775827597999,0.560666570644822,0.37189074304682296,0.0,0.0,0.00792494626376855,0.16778095377474536,0.16778095377474536,0.0,0.002746595426219991,0.0,0.004805035779953597,0.0,0.009882424781209976,0.007835875465096441,0.0017406494404693155,1.00555047956452e-06,1.2735900354481432e-07,0.0015221855377247232,0.2042397993786711
0.0,0.0,0.011843356707073321,7950,0.1658183712836432,0.16581837144946157,0.04307075997771992,-0.04307075997771992,0.17822958953434226,0.13515882955662234,0.0,0.003650700284785867,1.2625566984499241,0.0,0.02966623348711226,0.00013605920192834997,0.0,0.00024315007856156164,0.9844067297027993,0.004278861454651408,0.71607191035249,0.3133994272990691,-0.3133994272990691,0.5064579929774485,0.19305856567837942,0.1012173649189324,0.08595865131242103,0.08595865131242103,0.314239856047101,0.400198507359522,0.10401668446777275,0.7053955723254259,0.00022229626058323598,0.9850903970346881,0.02458324094866937,-0.02458324094866937,2.1714846877090787e-06,0.47181556904896566,0.4472323281002963,6.325695873576172e-06,0.06817090304611628,0.17988702818847338,True,0.7049060173461981,0.17149677747212771,-0.17149677747212771,0.560666570644822,0.38916979317269423,0.0,0.0,0.0023686713414146645,0.1658183712836432,0.1658183712836432,0.0,0.0018253501423929335,0.0,0.0016327104231401996,0.0,0.0014589004713693697,0.00506086824594662,0.0010401668446777274,2.1714846877090788e-07,6.325695873576172e-08,0.0006817090304611628,0.17988702818847338
0.0,0.0,0.01534532926647354,7975,0.15571967780279078,0.15571967795851047,0.028308266434464074,-0.028308266434464074,0.17822958953434226,0.14992132309987818,0.0,0.007998636188106052,1.7402197237733243,0.0,0.03238984343652319,0.00028410520033510754,0.0,0.0073873557810682795,0.9140502717801372,0.008202954978812937,0.71607191035249,0.20712218168838825,-0.20712218168838825,0.5064579929774485,0.2993358112890603,0.10955454580146379,0.06484377272448447,-0.06484377272448447,0.314239856047101,0.2493960833226165,0.14796416755397984,0.6548313463142666,0.007314172826306329,0.9144770625720425,0.1304518842251745,-0.1304518842251745,8.241362228715997e-06,0.47181556904896566,0.34136368482379115,7.182648005112013e-06,0.1290935330111901,0.21877065909899723,True,0.6545257334123182,0.23731777317045977,-0.23731777317045977,0.560666570644822,0.3233487974743622,0.0,0.0,0.0030690658532947085,0.15571967780279078,0.15571967780279078,0.0,0.003999318094053026,0.0,0.0034092624040212905,0.0,0.04432413468640968,0.005477727290073189,0.0014796416755397984,8.241362228715997e-07,7.182648005112014e-08,0.001290935330111901,0.21877065909899723
0.0,0.0,0.0060260884870653115,8000,0.10974177439997196,0.10974177450971373,0.025645688506365977,-0.025645688506365977,0.17822958953434226,0.15258390102797628,0.0,0.003277492647924995,1.4123719138622652,0.0,0.03793323265030821,0.00016261353879589167,0.0,3.2849201999490125e-06,0.9981875651184252,0.005763103383617059,0.71607191035249,0.20223620381528334,-0.20223620381528334,0.5064579929774485,0.3042217891621652,0.1007972633107858,0.1270553627412357,0.1270553627412357,0.314239856047101,0.44129521878833666,0.07443683762588163,0.7151348025542716,1.7126754988211711e-06,0.9986913077142349,0.03420156073026992,-0.03420156073026992,7.050504197029746e-07,0.47181556904896566,0.43761400831869574,7.583798166609572e-06,0.12959687279377605,0.12163715702085741,True,0.7147740866263269,0.03669182378171698,0.03669182378171698,0.560666570644822,0.5973583944265389,0.0,0.0,0.0012052176974130624,0.10974177439997196,0.10974177439997196,0.0,0.0016387463239624974,0.0,0.0019513624655507,0.0,1.9709521199694074e-05,0.00503986316553929,0.0007443683762588163,7.050504197029747e-08,7.583798166609572e-08,0.0012959687279377604,0.12163715702085741
0.0,0.0,0.05501034902129992,8025,0.15395494770485602,0.15395494785881095,0.029805697944128073,-0.029805697944128073,0.17822958953434226,0.14842389159021419,0.0,0.012787101139970128,1.2879731019840794,0.0,0.061871187871197525,0.0011032267489877034,0.0,7.090065824286102e-05,1.0084202528609811,0.005658633441597439,0.71607191035249,0.2960561806734763,-0.2960561806734763,0.5064579929774485,0.21040181230397226,0.10495400116071656,0.0007279038146625338,0.0007279038146625338,0.314239856047101,0.3149677598617635,0.28109860793108277,0.7226195800397882,8.361013222373952e-05,1.0091438576226743,0.003949272668726411,0.003949272668726411,2.130180674961812e-06,0.47181556904896566,0.47576484171769207,4.614991421354178e-06,0.11470574684105936,0.19422069579014964,True,0.7221014269885063,0.17308050585657536,-0.17308050585657536,0.560666570644822,0.3875860647882466,0.0,0.0,0.011002069804259985,0.15395494770485602,0.15395494770485602,0.0,0.006393550569985064,0.0,0.013238720987852441,0.0,0.0004254039494571661,0.005247700058035828,0.0028109860793108276,2.1301806749618122e-07,4.614991421354178e-08,0.0011470574684105937,0.19422069579014964
0.0,0.0,0.03365523252788606,8050,0.18944763166845105,0.1894476318578987,0.0967099793914486,0.0967099793914486,0.17822958953434226,0.27493956892579086,0.0,0.004907292389292639,2.5072995561801825,0.0,0.07561038654794057,0.0015791758953509014,0.0,0.015285109029701056,1.1236329609355897,0.015032660937376024,0.71607191035249,0.34314979856934635,-0.34314979856934635,0.5064579929774485,0.1633081944081022,0.14699171161439595,0.15125717130752686,0.15125717130752686,0.314239856047101,0.46549702735462783,0.20030572679642514,0.805153637861671,0.015476183684637521,1.1244033105855207,0.1444745918807399,0.1444745918807399,1.4835910249905931e-05,0.47181556904896566,0.6162901609297056,1.4727573314858444e-05,0.3089716962083611,0.32173707996861756,True,0.8046020121085021,0.09271344098722312,0.09271344098722312,0.560666570644822,0.6533800116320451,0.0,0.0,0.006731046505577213,0.18944763166845105,0.18944763166845105,0.0,0.0024536461946463193,0.0,0.018950110744210817,0.0,0.09171065417820634,0.007349585580719797,0.0020030572679642514,1.4835910249905933e-06,1.4727573314858444e-07,0.0030897169620836113,0.32173707996861756
0.0,0.0,0.02034137240549593,8075,0.3520618183961777,0.3520618187482395,0.18371460752118512,0.18371460752118512,0.17822958953434226,0.3619441970555274,0.0,0.003539210212693715,2.5793742212020296,0.0,0.02646912177517178,6.522131639179524e-05,0.006504453287174905,7.587093149636997e-06,0.9972455321476487,0.00446235116724808,0.71607191035249,0.19949213408555244,-0.19949213408555244,0.5064579929774485,0.3069658588918961,0.23760450644225953,0.20476542749139565,0.20476542749139565,0.314239856047101,0.5190052835384966,0.10795448172916784,0.714684785500892,3.7525291898149282e-06,0.9980628554029668,0.7085237401320184,0.7085237401320184,1.613922763040712e-05,0.47181556904896566,1.180339309180984,2.0851545572707156e-05,0.1928270590691733,0.37524385282933204,True,0.7140995232679076,0.047483490778606696,0.047483490778606696,0.560666570644822,0.6081500614234286,0.0,0.0,0.004068274481099186,0.3520618183961777,0.3520618183961777,0.0,0.0017696051063468576,0.0,0.0007826557967015429,0.0016261133217937262,4.552255889782198e-05,0.011880225322112976,0.0010795448172916786,1.6139227630407122e-06,2.0851545572707156e-07,0.001928270590691733,0.37524385282933204
0.0,0.0,0.004694164223352607,8100,0.14557890692271358,0.1455789070682925,0.037919106025199684,-0.037919106025199684,0.17822958953434226,0.14031048350914258,0.0,0.009726612728797724,1.020631850258209,0.0,0.05650380799624715,0.00032788310557983383,0.0,0.00025875971144234753,0.9839139901951308,0.0021970403892331535,0.71607191035249,0.17555787214996527,-0.17555787214996527,0.5064579929774485,0.33090012082748327,0.09023253836529493,0.07020916852593823,0.07020916852593823,0.314239856047101,0.3844490245730392,0.20715679721484653,0.7048338224576214,0.00024630449294362546,0.9843059089800134,0.06599518410070299,0.06599518410070299,1.774857209705175e-06,0.47181556904896566,0.5378107531496686,3.5696382339080098e-06,0.10464751359652152,0.1644980848758768,True,0.7045531804207084,0.25381681223045405,0.25381681223045405,0.560666570644822,0.814483382875276,0.0,0.0,0.0009388328446705215,0.14557890692271358,0.14557890692271358,0.0,0.004863306364398862,0.0,0.003934597266958006,0.0,0.0015525582686540852,0.004511626918264747,0.0020715679721484653,1.774857209705175e-07,3.56963823390801e-08,0.0010464751359652153,0.1644980848758768
0.0,0.0,0.0035440506884223764,8125,0.5601971090721419,0.560197109632339,0.34065551474040007,0.34065551474040007,0.17822958953434226,0.5188851042747423,0.0,0.008194557941386349,3.651042557575505,0.0,0.05005331589476803,0.00014743753798117338,0.06832984217122783,3.367720151562278e-06,0.9981648650862778,0.006657376102877763,0.71607191035249,0.24310282192851762,-0.24310282192851762,0.5064579929774485,0.2633551710489309,0.36112017819353365,0.34376820199261865,0.34376820199261865,0.314239856047101,0.6580080580397196,0.14913823069958487,0.7158564867900223,9.051351664126456e-08,0.999699145356291,1.1126920963037987,1.1126920963037987,3.7998395038005364e-05,0.47181556904896566,1.5845076653527643,4.653582165269917e-05,0.36423166277602903,0.6070690885421631,True,0.7147578317707151,0.1941611922380445,0.1941611922380445,0.560666570644822,0.7548277628828665,0.0,0.0,0.0007088101376844753,0.5601971090721419,0.5601971090721419,0.0,0.0040972789706931745,0.0,0.0017692504557740806,0.017082460542806956,2.020632090937367e-05,0.018056008909676683,0.0014913823069958487,3.7998395038005366e-06,4.653582165269917e-07,0.0036423166277602904,0.6070690885421631
0.0,0.0,0.05009342262320057,8150,0.1593115241407398,0.1593115243000513,0.04843439283495754,0.04843439283495754,0.17822958953434226,0.2266639823692998,0.0,0.0060550207482940755,2.0330773932943953,0.0,0.04790339314199704,0.0006577782364496698,0.0,0.001610829556602308,1.0401351411683366,0.011613460099251122,0.71607191035249,0.24238279109555766,-0.24238279109555766,0.5064579929774485,0.2640752018818909,0.15555347148497697,0.03005251715638524,0.03005251715638524,0.314239856047101,0.3442923732034862,0.20762312439892067,0.7453168938955987,0.0016679736205143876,1.0408408327598053,0.12791517460557272,0.12791517460557272,2.725987268744306e-06,0.47181556904896566,0.5997307436545384,1.3225486147864694e-05,0.14827864945712266,0.20125313138293446,True,0.744811567962519,0.22031807770506817,-0.22031807770506817,0.560666570644822,0.3403484929397538,0.0,0.0,0.010018684524640116,0.1593115241407398,0.1593115241407398,0.0,0.0030275103741470378,0.0,0.007893338837396038,0.0,0.009664977339613847,0.007777673574248849,0.002076231243989207,2.725987268744306e-07,1.3225486147864695e-07,0.0014827864945712267,0.20125313138293446
0.0,0.0,0.021150543573787716,8175,0.3519236683743,0.35192366872622366,0.1468893560015369,0.1468893560015369,0.17822958953434226,0.32511894553587917,0.0,0.008617003728319651,2.587714494901179,0.0,0.05149021951138343,0.0003984580776570275,0.005187436771485287,0.00012915527738112224,1.011364650341349,0.010233145346516084,0.71607191035249,0.23454717408425418,-0.23454717408425418,0.5064579929774485,0.27191081889319435,0.23732974572240248,0.17402036283636235,0.17402036283636235,0.314239856047101,0.4882602188834633,0.17311820401617123,0.7248454090935454,0.00015011751216927147,1.0122522451889142,0.689234683535209,0.689234683535209,2.2128313636984523e-05,0.47181556904896566,1.1610502525841746,2.392347404057752e-05,0.17897447667770203,0.38270543290142267,True,0.7242098273465543,0.1932225338866806,-0.1932225338866806,0.560666570644822,0.36744403675814136,0.0,0.0,0.004230108714757544,0.3519236683743,0.3519236683743,0.0,0.0043085018641598255,0.0,0.00478149693188433,0.0012968591928713218,0.0007749316642867334,0.011866487286120124,0.0017311820401617122,2.2128313636984525e-06,2.392347404057752e-07,0.0017897447667770204,0.38270543290142267
0.0,0.0,0.013039736182440972,8200,0.17484697275679723,0.1748469729316442,0.01879654689664753,0.01879654689664753,0.17822958953434226,0.1970261364309898,0.0,0.009323922957508295,1.6608014872201065,0.0,0.03003899370213735,7.758483878624244e-05,0.0,0.005378271133536324,1.0733366970454514,0.011253364962173456,0.71607191035249,0.28286062578928367,-0.28286062578928367,0.5064579929774485,0.22359736718816486,0.13089304731452667,0.0051903794606755205,-0.0051903794606755205,0.314239856047101,0.30904947658642545,0.19303925450707554,0.7690251085948434,0.005468534285563625,1.0739495387785727,0.12959861249735466,0.12959861249735466,3.492546603248378e-06,0.47181556904896566,0.6014141815463203,1.1134701413628636e-05,0.1238788998536587,0.22503182084970053,True,0.7685862698381353,0.2359473151351107,-0.2359473151351107,0.560666570644822,0.32471925550971126,0.0,0.0,0.0026079472364881947,0.17484697275679723,0.17484697275679723,0.0,0.0046619614787541475,0.0,0.0009310180654349093,0.0,0.03226962680121794,0.0065446523657263335,0.0019303925450707554,3.492546603248378e-07,1.1134701413628637e-07,0.001238788998536587,0.22503182084970053
0.0,0.0,0.044863745648240194,8225,0.10951375745209266,0.10951375756160642,0.04207324833969453,-0.04207324833969453,0.17822958953434226,0.13615634119464773,0.0,0.0055501129422001,1.0252622651119758,0.0,0.03100697088416818,0.00010860987652135715,0.0,5.6129652827296417e-05,0.992508027440834,0.00497533552561642,0.71607191035249,0.23484267646507834,-0.23484267646507834,0.5064579929774485,0.2716153165123702,0.09923470610219143,0.03167219335743726,-0.03167219335743726,0.314239856047101,0.2825676626896637,0.20988910048652903,0.711106803735429,4.8077914294562e-05,0.9930661760698326,0.027702475241548064,-0.027702475241548064,7.320600947950591e-07,0.47181556904896566,0.4441130938074176,5.988092769880555e-06,0.09757561466176864,0.13093817503159053,True,0.7107071291748198,0.035700414487747745,-0.035700414487747745,0.560666570644822,0.5249661561570742,0.0,0.0,0.00897274912964804,0.10951375745209266,0.10951375745209266,0.0,0.00277505647110005,0.0,0.001303318518256286,0.0,0.00033677791696377847,0.004961735305109571,0.0020988910048652903,7.320600947950591e-08,5.988092769880555e-08,0.0009757561466176865,0.13093817503159053
0.0,0.0,0.01627601777353911,8250,0.029776959736079814,0.029776959765856773,0.027927479648837072,0.027927479648837072,0.17822958953434226,0.20615706918317933,0.0,0.004955639063634835,1.9367651321649664,0.0,0.04583869793726322,0.0005126263560929526,0.0,0.00339889270547088,1.0583000232030046,0.010117501853065591,0.71607191035249,0.04542850629543399,-0.04542850629543399,0.5064579929774485,0.46102948668201454,0.13745739224488604,0.0343748954235889,-0.0343748954235889,0.314239856047101,0.27986496062351207,0.18787261492764534,0.7581884878106124,0.0034593352263840517,1.0588161136627035,0.016889747822790846,0.016889747822790846,1.2242526021489608e-05,0.47181556904896566,0.4887053168717565,7.866442210252683e-06,0.18119326080232584,0.07261968661511403,True,0.7578189299240603,0.011079094900605768,-0.011079094900605768,0.560666570644822,0.5495874757442162,0.0,0.0,0.0032552035547078226,0.029776959736079814,0.029776959736079814,0.0,0.0024778195318174174,0.0,0.006151516273115431,0.0,0.02039335623282528,0.006872869612244302,0.0018787261492764534,1.224252602148961e-06,7.866442210252683e-08,0.0018119326080232585,0.07261968661511403
0.0,0.0,0.007157483554201356,8275,0.14750569490132773,0.14750569504883343,0.077445466440978,-0.077445466440978,0.17822958953434226,0.10078412309336426,0.0,0.005594409732180831,0.9428313561063707,0.0,0.022351385743337743,0.00017014835177062574,0.0,0.00039719584016828676,0.9800702272926085,0.0034175494753768297,0.71607191035249,0.23648797254679865,-0.23648797254679865,0.5064579929774485,0.2699700204306499,0.07472237595980588,0.10767027600519863,-0.10767027600519863,0.314239856047101,0.20656958004190235,0.10608204135750299,0.7021639490596563,0.0003772370008604845,0.9805774100372663,0.12586551885832753,-0.12586551885832753,7.381916333625529e-07,0.47181556904896566,0.3459500501906381,2.413007811716969e-06,0.06664407325930807,0.16162282963391553,True,0.7018007697377195,0.13939250968086303,-0.13939250968086303,0.560666570644822,0.4212740609639589,0.0,0.0,0.0014314967108402712,0.14750569490132773,0.14750569490132773,0.0,0.0027972048660904157,0.0,0.002041780221247509,0.0,0.0023831750410097203,0.003736118797990294,0.00106082041357503,7.381916333625529e-08,2.413007811716969e-08,0.0006664407325930807,0.16162282963391553
0.0,0.0,0.04573720188006913,8300,0.1113172180890409,0.11131721820035811,0.02969754943787567,-0.02969754943787567,0.17822958953434226,0.1485320400964666,0.0,0.007755167808591011,1.192678474898944,0.0,0.028300908914690222,0.00024652025286575976,0.0,1.817693878346291e-06,0.9986517812201477,0.0027715510912212867,0.71607191035249,0.24330022855406763,-0.24330022855406763,0.5064579929774485,0.2631577644233809,0.09175276964020666,0.021897408665700502,0.021897408665700502,0.314239856047101,0.3361372647128015,0.1864071075648006,0.7153552959699199,1.001543630797901e-06,0.9989992284822209,0.03428160586479928,0.03428160586479928,3.564719968222347e-06,0.47181556904896566,0.5060971749137649,3.5815312163195716e-06,0.10526228625411345,0.13481611627451784,True,0.7151064987417459,0.015031456193993264,-0.015031456193993264,0.560666570644822,0.5456351144508287,0.0,0.0,0.009147440376013826,0.1113172180890409,0.1113172180890409,0.0,0.0038775839042955056,0.0,0.002958243034389117,0.0,1.0906163270077746e-05,0.004587638482010333,0.0018640710756480062,3.5647199682223474e-07,3.5815312163195714e-08,0.0010526228625411345,0.13481611627451784
0.0,0.0,0.032482206210983106,8325,0.14705146214006648,0.14705146228711793,0.016802738414318202,-0.016802738414318202,0.17822958953434226,0.16142685112002406,0.0,0.006779079412671249,1.1935315899975036,0.0,0.04756700654130098,0.0001970282757842251,0.0,0.003011242791431733,1.0548747919488697,0.001459201400606375,0.71607191035249,0.2489361057678513,-0.2489361057678513,0.5064579929774485,0.25752188720959723,0.09722258835056502,0.070603722709633,0.070603722709633,0.314239856047101,0.384843578756734,0.15493978449487844,0.7557605902898237,0.0030719900311729593,1.0554255359123659,0.06237569354928002,0.06237569354928002,3.449470780607908e-06,0.47181556904896566,0.5341912625982457,3.581459615698797e-06,0.10704800809695052,0.18485062725172058,True,0.7553662180022604,0.19233703029994786,0.19233703029994786,0.560666570644822,0.7530036009447698,0.0,0.0,0.006496441242196622,0.14705146214006648,0.14705146214006648,0.0,0.0033895397063356245,0.0,0.002364339309410701,0.0,0.018067456748590397,0.004861129417528251,0.0015493978449487844,3.4494707806079083e-07,3.581459615698797e-08,0.0010704800809695051,0.18485062725172058
0.0,0.0,0.024366081543962945,8350,0.12581696488779567,0.12581696501361264,0.003099891040659497,-0.003099891040659497,0.17822958953434226,0.17512969849368276,0.0,0.012889664077938368,1.4428617545998703,0.0,0.07419873761931171,0.0012755671304730668,0.0,0.008671173162138935,1.0931191342428555,0.01316300917697175,0.71607191035249,0.25575268948365093,-0.25575268948365093,0.5064579929774485,0.2507053034937976,0.12007193319308519,0.009369116048558335,0.009369116048558335,0.314239856047101,0.3236089720956593,0.2553074004807537,0.7831393035087686,0.008772218383808313,1.0936601216303306,0.09543434301500925,-0.09543434301500925,4.533393443825416e-06,0.47181556904896566,0.3763812260339564,5.445576617294615e-06,0.084620601676269,0.21387224225040286,True,0.7827519176313328,0.06734242170697896,-0.06734242170697896,0.560666570644822,0.493324148937843,0.0,0.0,0.004873216308792589,0.12581696488779567,0.12581696488779567,0.0,0.006444832038969184,0.0,0.015306805565676802,0.0,0.05202703897283361,0.00600359665965426,0.002553074004807537,4.5333934438254164e-07,5.4455766172946154e-08,0.00084620601676269,0.21387224225040286
0.0,0.0,0.03666881177530497,8375,0.09531829098528617,0.09531829108060447,0.0014292750982919378,-0.0014292750982919378,0.17822958953434226,0.17680031443605032,0.0,0.009490122720348635,1.28407482390748,0.0,0.0364826898151293,0.000290062641546141,0.0,0.006130915805980876,1.0783001647889765,0.0030130702641149427,0.71607191035249,0.1925688574890888,-0.1925688574890888,0.5064579929774485,0.3138891354883597,0.10375620058016038,0.08627935155553396,0.08627935155553396,0.314239856047101,0.40051920760263493,0.20282155635246787,0.7725004329486524,0.006209890151389395,1.0788028562387773,0.006703897278192317,0.006703897278192317,4.5265266283312325e-06,0.47181556904896566,0.47851946632715797,5.280063611333314e-06,0.10311319008392443,0.15591102418163133,True,0.7721404697168488,0.02922339177978206,0.02922339177978206,0.560666570644822,0.589889962424604,0.0,0.0,0.007333762355060994,0.09531829098528617,0.09531829098528617,0.0,0.0047450613601743175,0.0,0.0034807516985536917,0.0,0.03678549483588525,0.005187810029008019,0.0020282155635246786,4.526526628331233e-07,5.280063611333314e-08,0.0010311319008392444,0.15591102418163133
0.0,0.0,0.027301542073289636,8400,0.11435819273205279,0.11435819284641097,0.002510516120712236,-0.002510516120712236,0.17822958953434226,0.17571907341363002,0.0,0.008769269307593341,1.799680324849595,0.0,0.057195543925463145,0.0008442091391102196,0.0,4.2639210634687995e-06,0.9979350735936918,0.01143793174999755,0.71607191035249,0.147397658055952,-0.147397658055952,0.5064579929774485,0.3590603349214965,0.12857712255926,0.05844000254485748,0.05844000254485748,0.314239856047101,0.37267985859195846,0.18414403164807713,0.7149169374948416,2.601583617575245e-06,0.9983870574661274,0.09922107972665017,-0.09922107972665017,5.696578194011419e-06,0.47181556904896566,0.3725944893223155,9.028367183913763e-06,0.14540374836603712,0.14408422286580622,True,0.7145932845353383,0.17434607108950773,-0.17434607108950773,0.560666570644822,0.3863204995553142,0.0,0.0,0.0054603084146579274,0.11435819273205279,0.11435819273205279,0.0,0.0043846346537966705,0.0,0.010130509669322635,0.0,2.5583526380812797e-05,0.006428856127963,0.0018414403164807715,5.696578194011419e-07,9.028367183913763e-08,0.0014540374836603711,0.14408422286580622
0.0,0.0,0.013528435366778436,8425,0.20324336988780073,0.2032433700910441,0.09886226630157824,0.09886226630157824,0.17822958953434226,0.2770918558359205,0.0,0.005764054966390145,1.901099825571471,0.0,0.04193295887916077,0.00030565956621712,0.0,0.0002396699809739192,1.015481278402442,0.00461510082991934,0.71607191035249,0.21666900939565825,-0.21666900939565825,0.5064579929774485,0.2897889835817903,0.17194447422731163,0.22095209783690112,0.22095209783690112,0.314239856047101,0.5351919538840021,0.16943789462315267,0.7275604943810028,0.0002574061780786967,1.0160438828865925,0.288891333222907,0.288891333222907,1.689848527104214e-05,0.47181556904896566,0.7607069022718727,1.2078907171318705e-05,0.15146441836609734,0.2257450766036574,True,0.7271576291076383,0.1324465860232319,-0.1324465860232319,0.560666570644822,0.42821998462159006,0.0,0.0,0.0027056870733556874,0.20324336988780073,0.20324336988780073,0.0,0.0028820274831950726,0.0,0.00366791479460544,0.0,0.0014380198858435153,0.008597223711365582,0.0016943789462315268,1.6898485271042141e-06,1.2078907171318705e-07,0.0015146441836609735,0.2257450766036574
0.0,0.0,0.029148565356063666,8450,0.22885017119151832,0.2288501714203685,0.14999640385021606,0.14999640385021606,0.17822958953434226,0.3282259933845583,0.0,0.004071088063062426,2.101066666863229,0.0,0.017036950439618868,7.068098896045688e-05,0.0,0.00024293983574433597,1.0155865273792573,0.004819076911187317,0.71607191035249,0.23901834566529157,-0.23901834566529157,0.5064579929774485,0.26743964731215697,0.21148278171360463,0.010611865633586903,0.010611865633586903,0.314239856047101,0.3248517216806879,0.1469101618429113,0.7276753435556071,0.00026257838733737774,1.0162042706512011,0.4138127096546054,0.4138127096546054,2.9174371271048653e-05,0.47181556904896566,0.8856282787035711,1.399526723347928e-05,0.2385802371849963,0.25345333964201255,True,0.7272329949445815,0.1043060098900262,-0.1043060098900262,0.560666570644822,0.45636056075479575,0.0,0.0,0.005829713071212734,0.22885017119151832,0.22885017119151832,0.0,0.002035544031531213,0.0,0.0008481718675254827,0.0,0.0014576390144660158,0.010574139085680232,0.001469101618429113,2.9174371271048655e-06,1.399526723347928e-07,0.002385802371849963,0.25345333964201255
0.0,0.0,0.008333776965515514,8475,0.14920379561845262,0.14920379576765644,0.02841404494529126,-0.02841404494529126,0.17822958953434226,0.149815544589051,0.0,0.002068052058553843,1.3934114649186076,0.0,0.030039486516473694,0.00016904903314543144,0.0,2.3297354065523568e-06,0.9984736529206788,0.006768578381733914,0.71607191035249,0.30182858538760626,-0.30182858538760626,0.5064579929774485,0.2046294075898423,0.10305230861304969,0.04563044206847844,0.04563044206847844,0.314239856047101,0.3598702981155794,0.06359015743452556,0.7154467408227205,7.62247855551197e-07,0.9991269319296004,0.04120674886452963,-0.04120674886452963,4.360261653672671e-06,0.47181556904896566,0.430608820184436,5.706856889588265e-06,0.10711819545929835,0.1608073359053421,True,0.7149789460682761,0.12498350713112877,-0.12498350713112877,0.560666570644822,0.4356830635136932,0.0,0.0,0.0016667553931031028,0.14920379561845262,0.14920379561845262,0.0,0.0010340260292769216,0.0,0.0020285883977451775,0.0,1.397841243931414e-05,0.005152615430652485,0.0006359015743452556,4.3602616536726717e-07,5.7068568895882655e-08,0.0010711819545929835,0.1608073359053421
0.0,0.0,0.03192732937350772,8500,0.11346380572421157,0.11346380583767537,0.015564817528182534,-0.015564817528182534,0.17822958953434226,0.16266477200615972,0.0,0.00951600625060726,1.482997868557516,0.0,0.05408602065042829,0.0006645910916263315,0.0,0.00023210087815250934,1.015234857339421,0.009290516779841529,0.71607191035249,0.21626034413153533,-0.21626034413153533,0.5064579929774485,0.2901976488459132,0.1145831794384197,0.002624778126046612,-0.002624778126046612,0.314239856047101,0.31161507792105436,0.18397159946575228,0.7273708875084743,0.0002489798521482896,1.0157790954160335,0.09963961619161321,-0.09963961619161321,3.805605935940773e-06,0.47181556904896566,0.37217595285735244,5.972604234482443e-06,0.10900761140080265,0.14263436445987018,True,0.7269811739038254,0.08616515312032941,-0.08616515312032941,0.560666570644822,0.47450141752449254,0.0,0.0,0.006385465874701545,0.11346380572421157,0.11346380572421157,0.0,0.00475800312530363,0.0,0.007975093099515978,0.0,0.0013926052689150561,0.005729158971920985,0.0018397159946575228,3.805605935940773e-07,5.972604234482443e-08,0.0010900761140080265,0.14263436445987018
0.0,0.0,0.029156157269839507,8525,0.1597282582689444,0.15972825842867266,0.04254815810147655,-0.04254815810147655,0.17822958953434226,0.1356814314328657,0.0,0.004680251233028164,1.2710416457957852,0.0,0.029945285343968148,0.00013883425598226558,0.0,4.093352059768238e-05,0.9936020690377527,0.005021037195139689,0.71607191035249,0.285906715297341,-0.285906715297341,0.5064579929774485,0.22055127768010754,0.09621981503147248,0.07089248130900816,0.07089248130900816,0.314239856047101,0.38513233735610913,0.1371954650290026,0.7119226067411275,3.357679457480657e-05,0.9942054513053382,0.11548837344389984,-0.11548837344389984,4.739349234858629e-07,0.47181556904896566,0.3563271956050658,6.7016785867197796e-06,0.10383478968575391,0.17703263524379909,True,0.7114905416420709,0.16015392217012797,-0.16015392217012797,0.560666570644822,0.400512648474694,0.0,0.0,0.0058312314539679016,0.1597282582689444,0.1597282582689444,0.0,0.002340125616514082,0.0,0.001666011071787187,0.0,0.0002456011235860943,0.004810990751573624,0.001371954650290026,4.739349234858629e-08,6.70167858671978e-08,0.0010383478968575392,0.17703263524379909
0.0,0.0,0.014495272017072614,8550,0.18795614956859683,0.18795614975655298,0.021441689626860716,-0.021441689626860716,0.17822958953434226,0.15678789990748154,0.0,0.0051636836654227105,1.7266297746982116,0.0,0.027345382048068422,0.00019838427896401223,0.0,0.00015061136013819025,0.9877276179924926,0.008596276310509226,0.71607191035249,0.31273927759146314,-0.31273927759146314,0.5064579929774485,0.1937187153859854,0.10876544877208555,0.018004053947327014,0.018004053947327014,0.314239856047101,0.332243909994428,0.10262420586551231,0.707647241244213,0.00013841827984158967,0.9882348701731944,0.12405943426662752,-0.12405943426662752,6.621224930281072e-06,0.47181556904896566,0.34775613478233813,7.401576466061806e-06,0.1405397375606073,0.20459197332424317,True,0.7072840122010748,0.25031396318415805,-0.25031396318415805,0.560666570644822,0.3103526074606639,0.0,0.0,0.002899054403414523,0.18795614956859683,0.18795614956859683,0.0,0.0025818418327113552,0.0,0.0023806113475681465,0.0,0.0009036681608291415,0.005438272438604278,0.0010262420586551232,6.621224930281072e-07,7.401576466061807e-08,0.001405397375606073,0.20459197332424317
0.0,0.0,0.026875265766029166,8575,0.12179343150539206,0.12179343162718548,0.005653629037403185,-0.005653629037403185,0.17822958953434226,0.17257596049693907,0.0,0.0035870911239509694,1.4353936193589263,0.0,0.04476773141452309,0.0003154063169236657,0.0,0.009292284403459984,1.0963964958048786,0.0038127806939793536,0.71607191035249,0.19889494975913413,-0.19889494975913413,0.5064579929774485,0.3075630432183144,0.10320481961651191,0.16343433167331944,0.16343433167331944,0.314239856047101,0.4776741877204204,0.1200935760647915,0.7855456810582186,0.009413005861540593,1.097020646573503,0.01706349913949251,-0.01706349913949251,2.3493243907291627e-06,0.47181556904896566,0.45475206990947314,6.134968084837959e-06,0.10932965157428189,0.1959553819837535,True,0.7850987442187403,0.08703500217878102,0.08703500217878102,0.560666570644822,0.647701572823603,0.0,0.0,0.005375053153205834,0.12179343150539206,0.12179343150539206,0.0,0.0017935455619754847,0.0,0.0037848758030839882,0.0,0.0557537064207599,0.005160240980825596,0.001200935760647915,2.3493243907291628e-07,6.134968084837959e-08,0.0010932965157428188,0.1959553819837535
0.0,0.0,0.013724511935861954,8600,0.12017637403950991,0.12017637415968628,0.014075826945653985,-0.014075826945653985,0.17822958953434226,0.16415376258868827,0.0,0.005171492366997496,1.1985568466773122,0.0,0.028899073362254033,0.00019375405067299263,0.0,0.0008553844545384025,1.0292469563294782,0.00425344950429162,0.71607191035249,0.23737435650867272,-0.23737435650867272,0.5064579929774485,0.2690836364687758,0.10820017168757465,0.025863260764146412,0.025863260764146412,0.314239856047101,0.3401031168112474,0.22415154351313174,0.7373663750030188,0.0008843409929058212,1.0297378713580145,0.019063515637622874,-0.019063515637622874,5.49938772284164e-06,0.47181556904896566,0.4527520534113428,4.617565214751678e-06,0.09030553438084661,0.1415195534232303,True,0.7370148445358049,0.1209742311937298,-0.1209742311937298,0.560666570644822,0.43969233945109215,0.0,0.0,0.002744902387172391,0.12017637403950991,0.12017637403950991,0.0,0.002585746183498748,0.0,0.0023250486080759114,0.0,0.005132306727230415,0.005410008584378733,0.0022415154351313176,5.49938772284164e-07,4.617565214751678e-08,0.0009030553438084661,0.1415195534232303
0.0,0.0,0.021544150664811756,8625,0.12828081610871828,0.1282808162369991,0.00931317924318309,0.00931317924318309,0.17822958953434226,0.18754276877752535,0.0,0.00920665081053966,1.369534223113724,0.0,0.04751052505667359,0.0006556904387835791,0.0,0.0087954342726083,1.0937839766303834,0.010313052205174297,0.71607191035249,0.2470862524402091,-0.2470862524402091,0.5064579929774485,0.25937174053723944,0.13520980287513432,0.12460134788692359,-0.12460134788692359,0.314239856047101,0.18963850816017738,0.17476212501841196,0.7835446232016416,0.008878568046823698,1.0942261537303932,0.04534708237117652,0.04534708237117652,4.983121133315019e-06,0.47181556904896566,0.5171626514201422,7.422226898781332e-06,0.09478968565719427,0.20729044333289834,True,0.7832279925965018,0.059662667094045,-0.059662667094045,0.560666570644822,0.501003903550777,0.0,0.0,0.004308830132962352,0.12828081610871828,0.12828081610871828,0.0,0.00460332540526983,0.0,0.007868285265402949,0.0,0.0527726056356498,0.006760490143756716,0.0017476212501841195,4.98312113331502e-07,7.422226898781332e-08,0.0009478968565719428,0.20729044333289834
0.0,0.0,0.030846536388335392,8650,0.2551458028969483,0.2551458031520941,0.13574642113752472,0.13574642113752472,0.17822958953434226,0.313976010671867,0.0,0.010154070641252308,2.0038336680689106,0.0,0.04283764876697144,0.0002031619082708932,0.0,0.0017652581099165596,1.0420149748294172,0.009474742694851048,0.71607191035249,0.2446369830616666,-0.2446369830616666,0.5064579929774485,0.26182100991578194,0.218791368478852,0.08402418532124056,0.08402418532124056,0.314239856047101,0.39826404136834154,0.22854801715817188,0.7466761688981849,0.0018266281780827643,1.0427390708612478,0.4720377619666924,0.4720377619666924,2.083293527816149e-05,0.47181556904896566,0.943853331015658,1.5188508749560845e-05,0.16274902608379355,0.2942764110889691,True,0.7461576640621523,0.13169224561853865,-0.13169224561853865,0.560666570644822,0.4289743250262833,0.0,0.0,0.006169307277667079,0.2551458028969483,0.2551458028969483,0.0,0.005077035320626154,0.0,0.0024379428992507184,0.0,0.010591548659499357,0.0109395684239426,0.0022854801715817188,2.0832935278161492e-06,1.5188508749560846e-07,0.0016274902608379356,0.2942764110889691
0.0,0.0,0.006138510429857547,8675,0.20523327283287202,0.2052332730381053,0.0877247031365272,0.0877247031365272,0.17822958953434226,0.26595429267086945,0.0,0.005807507538126718,1.744856115783836,0.0,0.04383178044141751,0.0003481208065222806,0.0,0.012097431650946558,1.1099883250665568,0.006553836734452906,0.71607191035249,0.3040319917899197,-0.3040319917899197,0.5064579929774485,0.20242600118752882,0.1799176858665433,0.0620464757813442,-0.0620464757813442,0.314239856047101,0.2521933802657568,0.157172396530945,0.795332634752043,0.012251878381363776,1.1106882034426604,0.3177576016964932,0.3177576016964932,8.97524720804995e-06,0.47181556904896566,0.7895731707454589,1.094775273757304e-05,0.11220586884743464,0.29781744222121276,True,0.7948314714992533,0.07518475673125247,-0.07518475673125247,0.560666570644822,0.4854818139135695,0.0,0.0,0.0012277020859715094,0.20523327283287202,0.20523327283287202,0.0,0.002903753769063359,0.0,0.004177449678267367,0.0,0.07258458990567934,0.008995884293327166,0.0015717239653094501,8.975247208049951e-07,1.0947752737573041e-07,0.0011220586884743463,0.29781744222121276
0.0,0.0,0.008333776965515514,8700,0.03260974808563248,0.03260974811824223,0.025586698524233342,-0.025586698524233342,0.17822958953434226,0.15264289101010892,0.0,0.004217706187325689,1.317467697813513,0.0,0.04096105214132372,0.0002996498785713847,0.0,4.293107238935683e-05,1.0065521807354008,0.006001192489148205,0.71607191035249,0.028221570209873814,-0.028221570209873814,0.5064579929774485,0.4782364227675747,0.09967930619622219,0.04224685279680718,0.04224685279680718,0.314239856047101,0.35648670884390815,0.11198788896437875,0.721094621595733,4.9199581127004497e-05,1.0070142413080108,0.025034415161625467,-0.025034415161625467,4.1341270539956005e-06,0.47181556904896566,0.4467811538873402,4.868988230198394e-06,0.10168032852486775,0.04735985113688246,True,0.720763752994185,0.038135595989514215,-0.038135595989514215,0.560666570644822,0.5225309746553077,0.0,0.0,0.0016667553931031028,0.03260974808563248,0.03260974808563248,0.0,0.0021088530936628444,0.0,0.0035957985428566163,0.0,0.00025758643433614097,0.00498396530981111,0.0011198788896437876,4.1341270539956007e-07,4.868988230198394e-08,0.0010168032852486775,0.04735985113688246
0.0,0.0,0.03205941459550717,8725,0.1541481125299265,0.1541481126840746,0.04636983858872801,-0.04636983858872801,0.17822958953434226,0.13185975094561425,0.0,0.01742730331092817,0.8469308212303632,0.0,0.06191356793574095,0.0007779245876724341,0.0,0.000763808038619358,1.0276370772445163,0.005902664896316573,0.71607191035249,0.24739642089677327,-0.24739642089677327,0.5064579929774485,0.25906157208067526,0.0930422964710641,0.1972244607684212,-0.1972244607684212,0.314239856047101,0.11701539527867977,0.2764258489376882,0.7361528841754956,0.0007864222995612396,1.028043221989658,0.12557661032063872,-0.12557661032063872,2.144392884305614e-06,0.47181556904896566,0.34623895872832694,2.1122736971355234e-06,0.04690152726437856,0.19107721453587667,True,0.7358620553279009,0.028037104558364945,-0.028037104558364945,0.560666570644822,0.532629466086457,0.0,0.0,0.0064118829191014345,0.1541481125299265,0.1541481125299265,0.0,0.008713651655464085,0.0,0.009335095052069208,0.0,0.004582848231716148,0.004652114823553205,0.002764258489376882,2.144392884305614e-07,2.1122736971355234e-08,0.0004690152726437856,0.19107721453587667
0.0,0.0,0.014019287452125244,8750,0.15144090802904436,0.15144090818048528,0.10723040506811554,0.10723040506811554,0.17822958953434226,0.2854599946024578,0.0,0.008278244002529729,2.2191049463598898,0.0,0.03681867174147572,0.0002425408292227028,0.0,0.0037374949921640693,0.9388649446539543,0.004986270919617979,0.71607191035249,0.08719500583206446,-0.08719500583206446,0.5064579929774485,0.41926298714538407,0.17883426546658368,0.15881262670797408,0.15881262670797408,0.314239856047101,0.47305248275507505,0.19409996962495799,0.672759305495553,0.0036586049657036297,0.939513596852651,0.2543328621096775,0.2543328621096775,3.6980523278187445e-05,0.47181556904896566,0.7261484311586431,1.360188274335549e-05,0.24343394529458515,0.19704023391807102,True,0.6722948238699913,0.07525795232889632,-0.07525795232889632,0.560666570644822,0.48540861831592563,0.0,0.0,0.002803857490425049,0.15144090802904436,0.15144090802904436,0.0,0.004139122001264864,0.0,0.0029104899506724336,0.0,0.022424969952984417,0.008941713273329184,0.0019409996962495798,3.6980523278187448e-06,1.360188274335549e-07,0.0024343394529458516,0.19704023391807102
0.0,0.0,0.020612120263261133,8775,0.20621268448389016,0.20621268469010284,0.14095072086704163,0.14095072086704163,0.17822958953434226,0.3191803104013839,0.0,0.008413611583917008,1.7861111788710298,5.163830450278698e-05,0.08718597971767156,0.0014319891794618196,0.0,0.016445658909320707,1.128240628933738,0.010407227034503782,0.71607191035249,0.3189215679236633,-0.3189215679236633,0.5064579929774485,0.18753642505378526,0.17603320360483743,0.018128112210590464,0.018128112210590464,0.314239856047101,0.33236796825769144,0.22015986753330577,0.8083677088857961,0.016613092431535022,1.128891785741121,0.18173271698450438,0.18173271698450438,2.1888749586591214e-05,0.47181556904896566,0.65354828603347,1.1409475805695124e-05,0.16858330178802822,0.34340096260815556,True,0.807901433780283,0.24017675899383495,0.24017675899383495,0.560666570644822,0.8008433296386569,0.0,0.0,0.004122424052652227,0.20621268448389016,0.20621268448389016,0.0,0.004206805791958504,0.0003098298270167219,0.017183870153541836,0.0,0.09867395345592425,0.008801660180241871,0.0022015986753330576,2.1888749586591216e-06,1.1409475805695124e-07,0.0016858330178802822,0.34340096260815556
0.0,0.0,0.041200506247898956,8800,0.12605340535924156,0.12605340548529495,0.022107793440836382,0.022107793440836382,0.17822958953434226,0.20033738297517864,0.0,0.006034401911090932,1.73039308358082,0.0,0.02540318555703623,0.00019910281223563584,0.0,0.00042351969420828707,1.0205795941215634,0.006627374404463827,0.71607191035249,0.24843412377897262,-0.24843412377897262,0.5064579929774485,0.2580238691984759,0.1299146422400844,0.10202070886765671,-0.10202070886765671,0.314239856047101,0.21221914717944426,0.15710029295771286,0.7311659108446871,0.00044431897079916883,1.0210788749889355,0.01281083064537586,-0.01281083064537586,1.1377035052414164e-05,0.47181556904896566,0.4590047384035898,6.778820566391817e-06,0.15771831724811988,0.1518861831822176,True,0.7308083898351927,0.08164982770262713,-0.08164982770262713,0.560666570644822,0.4790167429421948,0.0,0.0,0.008240101249579792,0.12605340535924156,0.12605340535924156,0.0,0.003017200955545466,0.0,0.0023892337468276303,0.0,0.0025411181652497225,0.00649573211200422,0.0015710029295771285,1.1377035052414165e-06,6.778820566391818e-08,0.0015771831724811988,0.1518861831822176
0.0,0.0,0.05141973275077248,8825,0.18323957944947317,0.18323957963271276,0.07594133376421663,0.07594133376421663,0.17822958953434226,0.2541709232985589,0.0,0.011638650931837692,2.379994961769019,0.0,0.03135164064385137,0.00021987496852321503,0.0,0.017717355385689033,0.8668934434909796,0.007131496730617956,0.71607191035249,0.1397418990488406,-0.1397418990488406,0.5064579929774485,0.36671609392860793,0.17340476185708617,0.16185961212870914,-0.16185961212870914,0.314239856047101,0.15238024391839183,0.250249256216595,0.6211734320648066,0.017563266885698176,0.8674735238312805,0.25105277790590924,0.25105277790590924,2.647881143018574e-05,0.47181556904896566,0.7228683469548749,1.2728831335934015e-05,0.2206822407911581,0.3216678116343475,True,0.6207580528215686,0.2310039001044613,-0.2310039001044613,0.560666570644822,0.32966267054036064,0.0,0.0,0.010283946550154497,0.18323957944947317,0.18323957944947317,0.0,0.005819325465918846,0.0,0.00263849962227858,0.0,0.1063041323141342,0.00867023809285431,0.00250249256216595,2.647881143018574e-06,1.2728831335934014e-07,0.002206822407911581,0.3216678116343475
0.0,0.0,0.02869182872401262,8850,0.3501506174076652,0.3501506177578158,0.15565601778756366,0.15565601778756366,0.17822958953434226,0.3338856073219059,0.0,0.005958314556384998,2.6027232244814105,0.0,0.0430336412279407,0.0007276960073493172,0.007004136629236039,0.00010309153885467352,1.0101534003592232,0.011557227557014368,0.71607191035249,0.24675272658163822,-0.24675272658163822,0.5064579929774485,0.2597052663958103,0.23696639985213908,0.07235268373137918,-0.07235268373137918,0.314239856047101,0.2418871723157218,0.14236890385169737,0.7239274746702076,0.0001203484175338409,1.010970342635207,0.7153225701588939,0.7153225701588939,4.357540202931524e-06,0.47181556904896566,1.1871381392078595,2.5264371410419947e-05,0.21915408168499914,0.3854343141549973,True,0.7233424852458266,0.10483454301940048,-0.10483454301940048,0.560666570644822,0.45583202762542147,0.0,0.0,0.005738365744802524,0.3501506174076652,0.3501506174076652,0.0,0.002979157278192499,0.0,0.008732352088191807,0.0017510341573090098,0.0006185492331280411,0.011848319992606954,0.0014236890385169738,4.357540202931524e-07,2.526437141041995e-07,0.0021915408168499914,0.3854343141549973
0.0,0.0,0.018670732423764252,8875,0.23587351312281357,0.2358735133586871,0.12776430752983847,0.12776430752983847,0.17822958953434226,0.30599389706418073,0.0,0.008614766177074355,2.7664619871667426,0.0,0.048736142767937314,0.0006195981895644811,0.0,0.0005004139085003834,0.9776300668641951,0.005611087548336262,0.71607191035249,0.1670942642657508,-0.1670942642657508,0.5064579929774485,0.33936372871169773,0.20728817951590464,0.2320582555840081,0.2320582555840081,0.314239856047101,0.5462981116311091,0.263171817034893,0.7004615804415402,0.00047523829802273394,0.9782000390362108,0.40845004918938915,0.40845004918938915,3.70725463563994e-05,0.47181556904896566,0.8802656182383548,1.5476821928669805e-05,0.21189108398795095,0.2694716044307583,True,0.7000534393737774,0.11512985461753467,0.11512985461753467,0.560666570644822,0.6757964252623566,0.0,0.0,0.0037341464847528505,0.23587351312281357,0.23587351312281357,0.0,0.004307383088537177,0.0,0.007435178274773774,0.0,0.003002483451002301,0.010364408975795233,0.00263171817034893,3.70725463563994e-06,1.5476821928669805e-07,0.0021189108398795096,0.2694716044307583
0.0,0.0,0.03994549018015998,8900,0.1268672764296322,0.1268672765564995,0.03609926253617879,-0.03609926253617879,0.17822958953434226,0.14213032699816347,0.0,0.0033267535490486763,1.2461649433206474,0.0,0.013384913935942577,3.686231190994319e-05,0.0,0.00034453583750302026,0.9814383234188552,0.002089887707478395,0.71607191035249,0.2088849714566151,-0.2088849714566151,0.5064579929774485,0.2975730215208334,0.0966966061857742,0.1136105445702178,0.1136105445702178,0.314239856047101,0.42785040061731877,0.11909093939444886,0.7031945860394844,0.0003233989858548975,0.9820167025867085,0.08810317491132502,-0.08810317491132502,2.4086452632574147e-06,0.47181556904896566,0.38371239413764063,4.026312700979887e-06,0.10211699523571542,0.1460765047913696,True,0.7027804249580678,0.12194636518253738,-0.12194636518253738,0.560666570644822,0.4387202054622846,0.0,0.0,0.007989098036031995,0.1268672764296322,0.1268672764296322,0.0,0.0016633767745243382,0.0,0.00044234774291931835,0.0,0.0020672150250181215,0.004834830309288711,0.0011909093939444886,2.4086452632574146e-07,4.026312700979887e-08,0.0010211699523571542,0.1460765047913696
0.0,0.0,0.021899112596664484,8925,0.13295505784567524,0.1329550579786303,0.034829208299776676,0.034829208299776676,0.17822958953434226,0.21305879783411893,1.3927991434802121e-07,0.010167559910509813,1.7834460257860738,0.0,0.06097141754699033,0.0006763800331745148,0.0,0.0016156899422295685,1.0401956458118236,0.005322595037901569,0.71607191035249,0.2682955265196513,-0.2682955265196513,0.5064579929774485,0.23816246645779726,0.1478125197724578,0.05919796001575389,0.05919796001575389,0.314239856047101,0.37343781606285487,0.20444708405910555,0.7453081443881041,0.0016669757215377185,1.0408286140046135,0.10270598915894408,0.10270598915894408,8.302981106061682e-06,0.47181556904896566,0.5745215582079097,9.318209665675876e-06,0.11269586771064714,0.17079303575783403,True,0.744854893638771,0.03371580089682946,-0.03371580089682946,0.560666570644822,0.5269507697479925,0.0,0.0,0.004379822519332897,0.13295505784567524,0.13295505784567524,6.963995717401061e-07,0.0050837799552549065,0.0,0.008116560398094178,0.0,0.00969413965337741,0.00739062598862289,0.0020444708405910556,8.302981106061683e-07,9.318209665675876e-08,0.0011269586771064715,0.17079303575783403
0.0,0.0,0.024808508088207937,8950,0.16544580040637272,0.1654458005718185,0.007440430990383162,0.007440430990383162,0.17822958953434226,0.18567002052472542,0.0,0.0032061525285273333,2.084660120410357,0.0,0.01813954337325911,7.683542020970485e-05,0.0,8.594257546832233e-05,1.0092705218552314,0.009606793473843269,0.71607191035249,0.22791041331302875,-0.22791041331302875,0.5064579929774485,0.2785475796644198,0.12542791316768606,0.05277810597872945,0.05277810597872945,0.314239856047101,0.3670179620258304,0.15054281640853734,0.7231097836487304,9.659805142030772e-05,1.0098284307709984,0.0958279637395747,-0.0958279637395747,1.1941781534342933e-05,0.47181556904896566,0.37598760530939096,9.47033320566938e-06,0.18981714590740062,0.18312454294663358,True,0.7227102807400352,0.2699898535486774,-0.2699898535486774,0.560666570644822,0.29067671709614457,0.0,0.0,0.004961701617641588,0.16544580040637272,0.16544580040637272,0.0,0.0016030762642636667,0.0,0.0009220250425164582,0.0,0.0005156554528099339,0.006271395658384304,0.0015054281640853734,1.1941781534342935e-06,9.470333205669379e-08,0.0018981714590740062,0.18312454294663358
0.0,0.0,0.008857343277502164,8975,0.19421329834853282,0.1942132985427461,0.011583529079915389,0.011583529079915389,0.17822958953434226,0.18981311861425765,0.0,0.009838106213843305,1.5438399498742827,0.0,0.022921807912346288,0.00020748684080434894,0.0,0.006728900477657587,1.0820298755189692,0.00794739738637976,0.71607191035249,0.36159119084637265,-0.36159119084637265,0.5064579929774485,0.1448668021310759,0.12180880521222491,0.07675918475890411,-0.07675918475890411,0.314239856047101,0.23748067128819686,0.18036300966392377,0.7753679736403878,0.0068570653445423485,1.0828073990929696,0.01928676873992019,-0.01928676873992019,2.8957751376666867e-06,0.47181556904896566,0.45252880030904546,8.341288314946597e-06,0.11861158491889505,0.2528476242633889,True,0.7748112108416341,0.22682087055063366,-0.22682087055063366,0.560666570644822,0.3338457000941883,0.0,0.0,0.0017714686555004328,0.19421329834853282,0.19421329834853282,0.0,0.004919053106921653,0.0,0.0024898420896521875,0.0,0.040373402865945526,0.006090440260611246,0.0018036300966392377,2.895775137666687e-07,8.341288314946597e-08,0.0011861158491889505,0.2528476242633889
0.0,0.0,0.021307212170366404,9000,0.1658970724776826,0.16589707264357967,0.009465608775841738,-0.009465608775841738,0.17822958953434226,0.16876398075850052,0.0,0.006584980254759254,1.183912468571937,0.0,0.04778033450445347,0.00039333151420345636,0.0,0.0005845058015825388,1.0241765547914201,0.006058560052972682,0.71607191035249,0.3628682146166591,-0.3628682146166591,0.5064579929774485,0.14358977836078948,0.10772404109072788,0.007959675180220283,0.007959675180220283,0.314239856047101,0.32219953122732126,0.19487353275879882,0.7339695264284674,0.0006247073309315264,1.0249941459332286,0.06477533200130153,0.06477533200130153,3.665553345553523e-06,0.47181556904896566,0.5365909010502672,5.728445793511182e-06,0.10148275759286088,0.19002820681691768,True,0.7333840723694893,0.039837853419998015,0.039837853419998015,0.560666570644822,0.60050442406482,0.0,0.0,0.004261442434073281,0.1658970724776826,0.1658970724776826,0.0,0.003292490127379627,0.0,0.004719978170441477,0.0,0.0035070348094952326,0.005386202054536394,0.0019487353275879883,3.665553345553523e-07,5.728445793511182e-08,0.0010148275759286089,0.19002820681691768
0.0,0.0,0.013782672707723636,9025,0.04590627374707617,0.04590627379298244,0.000731854587764702,-0.000731854587764702,0.17822958953434226,0.17749773494657756,0.0,0.001946713230080241,1.6901219378053536,0.0,0.03058328060389108,0.00019660463290596574,0.0,4.711988994208255e-06,0.9978292883668695,0.007880645081613551,0.71607191035249,0.00046826243835806913,0.00046826243835806913,0.5064579929774485,0.5069262554158066,0.12169019307945128,0.03749132820952733,0.03749132820952733,0.314239856047101,0.3517311842566283,0.07115625053260646,0.7147803704343312,3.253187573461305e-06,0.9981963405051226,0.05011334478109414,0.05011334478109414,8.674219163449564e-06,0.47181556904896566,0.5219289138300598,7.4366581485454635e-06,0.1523022986710026,0.060343729367004335,True,0.7145175347048227,0.08135863796100085,-0.08135863796100085,0.560666570644822,0.4793079326838211,0.0,0.0,0.002756534541544727,0.04590627374707617,0.04590627374707617,0.0,0.0009733566150401205,0.0,0.002359255594871589,0.0,2.8271933965249534e-05,0.006084509653972565,0.0007115625053260646,8.674219163449564e-07,7.436658148545464e-08,0.001523022986710026,0.060343729367004335
0.0,0.0,0.041324870929609465,9050,0.3011646111785504,0.30116461147971507,0.11894231134578281,0.11894231134578281,0.17822958953434226,0.2971719008801251,0.0,0.011521080995738947,2.8943033827180704,0.0,0.03779481334672627,0.0002962969272986472,0.0,0.001178472840075503,0.9656711077942282,0.01060442936716564,0.71607191035249,0.2994457125977231,-0.2994457125977231,0.5064579929774485,0.20701228037972538,0.22642908111012652,0.2435777005396847,0.2435777005396847,0.314239856047101,0.5578175565867857,0.2901619609332616,0.6921960870574426,0.0011117414242581588,0.9666572133099502,0.4567831031596162,0.4567831031596162,2.7903398545595747e-05,0.47181556904896566,0.9285986722085818,2.4131655241787728e-05,0.2387970685092026,0.34243060203671644,True,0.6914899645871293,0.28584035454231155,-0.28584035454231155,0.560666570644822,0.2748262161025104,0.0,0.0,0.008264974185921894,0.3011646111785504,0.3011646111785504,0.0,0.005760540497869474,0.0,0.0035555631275837663,0.0,0.007070837040453018,0.011321454055506327,0.002901619609332616,2.7903398545595747e-06,2.413165524178773e-07,0.002387970685092026,0.34243060203671644
0.0,0.0,0.0112561518597086,9075,0.07270911553488,0.07270911560758912,0.038702415883893976,0.038702415883893976,0.17822958953434226,0.21693200541823623,0.0,0.004455763930980126,1.8252390503275138,0.0,0.053348107569134676,0.00072369996745603,0.0,0.0011611001867261725,1.0340749202013177,0.008824709218872295,0.71607191035249,0.1542645958956293,-0.1542645958956293,0.5064579929774485,0.35219339708181924,0.13673627591583826,0.017761488324122665,0.017761488324122665,0.314239856047101,0.33200134437122364,0.16282128542214366,0.7408208115465009,0.0011945331455236036,1.0345620188288185,0.016207442752000423,0.016207442752000423,9.343936206095842e-06,0.47181556904896566,0.4880230118009661,8.39783101376691e-06,0.16775150967846061,0.1029827887208699,True,0.7404720138969054,0.023653398319264496,0.023653398319264496,0.560666570644822,0.5843199689640864,0.0,0.0,0.00225123037194172,0.07270911553488,0.07270911553488,0.0,0.002227881965490063,0.0,0.00868439960947236,0.0,0.0069666011203570345,0.006836813795791913,0.0016282128542214366,9.343936206095842e-07,8.397831013766911e-08,0.0016775150967846062,0.1029827887208699
0.0,0.0,0.0025129711724847293,9100,0.12901141584921108,0.1290114159782225,0.017853797495883977,0.017853797495883977,0.17822958953434226,0.19608338703022624,0.0,0.01303267400018703,1.3925836588436509,0.0,0.044995217002860216,0.0003634004926363959,0.0,0.002547327936349652,1.0504710603846368,0.009050999083062564,0.71607191035249,0.25457114801640685,-0.25457114801640685,0.5064579929774485,0.2518868449610417,0.14043658068447676,0.039683635343983226,-0.039683635343983226,0.314239856047101,0.27455622070311775,0.22485293383576305,0.7526381077553632,0.0026076306294269074,1.0510649647941415,0.10012070739857964,0.10012070739857964,2.9940470077624707e-06,0.47181556904896566,0.5719362764475453,9.329741281317779e-06,0.14942632936332825,0.16644013498186455,True,0.7522128294843433,0.08059499247476987,0.08059499247476987,0.560666570644822,0.6412615631195918,0.0,0.0,0.0005025942344969459,0.12901141584921108,0.12901141584921108,0.0,0.006516337000093515,0.0,0.004360805911636751,0.0,0.015283967618097912,0.0070218290342238384,0.0022485293383576305,2.994047007762471e-07,9.329741281317779e-08,0.0014942632936332826,0.16644013498186455
0.0,0.0,0.022101819109689242,9125,0.08266797315076146,0.08266797323342943,0.0003184263424930167,-0.0003184263424930167,0.17822958953434226,0.17791116319184924,0.0,0.006888038590455964,1.3546211207024086,0.0,0.03455828464751786,0.00025351964114508224,0.0,9.002537429507926e-05,0.9905118297709685,0.004865558915034766,0.71607191035249,0.12156572699120277,-0.12156572699120277,0.5064579929774485,0.38489226598624576,0.11283645028640629,0.02136733055289658,-0.02136733055289658,0.314239856047101,0.2928725254942044,0.1493343757884666,0.7096245000655959,8.10697203787611e-05,0.9909961274787589,0.1375081230796949,0.1375081230796949,5.886021176471068e-06,0.47181556904896566,0.6093236921286606,6.249393292034631e-06,0.1297538822927593,0.10254810039862189,True,0.7092777080759561,0.005157023416906936,0.005157023416906936,0.560666570644822,0.5658235940617289,0.0,0.0,0.004420363821937849,0.08266797315076146,0.08266797315076146,0.0,0.003444019295227982,0.0,0.003042235693740987,0.0,0.0005401522457704755,0.005641822514320315,0.0014933437578846659,5.886021176471068e-07,6.24939329203463e-08,0.001297538822927593,0.10254810039862189
0.0,0.0,0.02556699081964306,9150,0.1780393450227073,0.17803934520074663,0.04285364880668899,0.04285364880668899,0.17822958953434226,0.22108323834103125,0.0,0.0151550973293362,2.1816017178150817,0.0,0.0334800316658238,9.396132597289831e-05,0.0,0.0005430672267811425,1.0233038028394754,0.006230496253511197,0.71607191035249,0.3589277522931775,-0.3589277522931775,0.5064579929774485,0.14753024068427098,0.13447454300631495,0.15291143161120896,0.15291143161120896,0.314239856047101,0.46715128765830993,0.2548179721821714,0.733329629699174,0.000580835313920709,1.0241005251793547,0.060016955161673324,0.060016955161673324,1.9146166125345545e-05,0.47181556904896566,0.531832524210639,9.481737800985604e-06,0.19431426232205193,0.20633329005301415,True,0.732759119203269,0.02899197804575815,-0.02899197804575815,0.560666570644822,0.5316745925990638,0.0,0.0,0.005113398163928612,0.1780393450227073,0.1780393450227073,0.0,0.0075775486646681,0.0,0.0011275359116747798,0.0,0.0032584033606868554,0.006723727150315748,0.002548179721821714,1.9146166125345544e-06,9.481737800985604e-08,0.0019431426232205194,0.20633329005301415
0.0,0.0,0.022327153276372046,9175,0.16689937318371892,0.1668993733506183,0.023862729121818277,-0.023862729121818277,0.17822958953434226,0.15436686041252398,0.0,0.012170494012147173,1.0630619060194932,0.0,0.053623287447307384,0.0003036923484563062,0.0,0.0009789007279993912,1.0312873892806573,0.002670667763314546,0.71607191035249,0.09848137871056334,-0.09848137871056334,0.5064579929774485,0.4079766142668852,0.09778648927135257,0.03336691156145072,0.03336691156145072,0.314239856047101,0.3476067676085517,0.23267760135905985,0.7388998948341764,0.0010162989316595166,1.0318794437162808,0.14334297812102242,0.14334297812102242,1.573050534744254e-06,0.47181556904896566,0.6151585471699881,4.026617343080419e-06,0.12000233129991508,0.19538408475592323,True,0.7384759412775062,0.327640705905901,0.327640705905901,0.560666570644822,0.888307276550723,0.0,0.0,0.00446543065527441,0.16689937318371892,0.16689937318371892,0.0,0.006085247006073586,0.0,0.003644308181475674,0.0,0.005873404367996347,0.004889324463567629,0.0023267760135905987,1.573050534744254e-07,4.026617343080419e-08,0.0012000233129991508,0.19538408475592323
0.0,0.0,0.019033183127548956,9200,0.1948517559126409,0.19485175610749264,0.013793798059347107,-0.013793798059347107,0.17822958953434226,0.16443579147499515,0.0,0.0028500688535149075,1.5303232028221667,0.0,0.039871385923478705,0.00017431182507589578,0.0,0.0036738064620198164,1.0606119333301605,0.005368211447693218,0.71607191035249,0.3255203414754786,-0.3255203414754786,0.5064579929774485,0.18093765150196997,0.11455466209267579,0.22009488708793828,0.22009488708793828,0.314239856047101,0.5343347431350393,0.049354470879240456,0.7598744170461628,0.003741833365907662,1.0611705269382867,0.03324661154607228,0.03324661154607228,1.1226290627308181e-06,0.47181556904896566,0.5050621805950379,8.559878445876824e-06,0.07423294758154021,0.2311818127888701,True,0.7594744238484951,0.18475707350493248,-0.18475707350493248,0.560666570644822,0.37590949713988947,0.0,0.0,0.0038066366255097915,0.1948517559126409,0.1948517559126409,0.0,0.0014250344267574537,0.0,0.0020917419009107495,0.0,0.0220428387721189,0.00572773310463379,0.0004935447087924046,1.1226290627308181e-07,8.559878445876825e-08,0.0007423294758154022,0.2311818127888701
0.0,0.0,0.022651491775403786,9225,0.5832432904678216,0.583243291051065,0.3157502551353872,0.3157502551353872,0.17822958953434226,0.49397984466972944,0.0,0.006389379839492042,2.801293362700803,0.0,0.05249379849185267,0.0007954315904007247,0.08527775616224827,0.001252517450445839,1.0353909232776688,0.012287306990530999,0.71607191035249,0.3235938296782779,-0.3235938296782779,0.5064579929774485,0.18286416329917066,0.3555597421504959,0.3034617843437775,0.3034617843437775,0.314239856047101,0.6177016403908785,0.1347268660313037,0.7423706262937904,0.0013488245760150239,1.0367263471640595,1.1811689489996948,1.1811689489996948,2.0864048537775255e-05,0.47181556904896566,1.6529845180486604,3.957261282677599e-05,0.2225470716369125,0.6507012101858832,True,0.7414143667469779,0.09593410195710805,0.09593410195710805,0.560666570644822,0.65660067260193,0.0,0.0,0.004530298355080758,0.5832432904678216,0.5832432904678216,0.0,0.003194689919746021,0.0,0.009545179084808696,0.021319439040562067,0.0075151047026750335,0.017777987107524797,0.001347268660313037,2.0864048537775256e-06,3.957261282677599e-07,0.0022254707163691253,0.6507012101858832
0.0,0.0,0.013810804270102901,9250,0.3133994514615913,0.31339945177499073,0.10706147143082784,0.10706147143082784,0.17822958953434226,0.2852910609651701,0.0,0.007766545574382469,2.161601150354107,0.0,0.06429745563290348,0.0011171067287718763,0.0014567200708157934,0.0010175229370106872,1.0318986353471538,0.012822982233977093,0.71607191035249,0.045132080999661595,0.045132080999661595,0.5064579929774485,0.5515900739771101,0.22178466338689728,0.059139688329537976,0.059139688329537976,0.314239856047101,0.37337954437663895,0.2361793240036592,0.7394081088275843,0.0010620539039408587,1.0325891685064357,0.6135284427742371,0.6135284427742371,1.0617154277048229e-05,0.47181556904896566,1.0853440118232027,2.3085056759569094e-05,0.11276794289503732,0.35449948189216085,True,0.7389136374221502,0.3125417822233286,-0.3125417822233286,0.560666570644822,0.24812478842149333,0.0,0.0,0.0027621608540205804,0.3133994514615913,0.3133994514615913,0.0,0.0038832727871912346,0.0,0.013405280745262515,0.00036418001770394836,0.006105137622064123,0.011089233169344865,0.0023617932400365922,1.061715427704823e-06,2.3085056759569095e-07,0.0011276794289503732,0.35449948189216085
0.0,0.0,0.013412824202350456,9275,0.15690734238355014,0.1569073425404575,0.025339316060544348,-0.025339316060544348,0.17822958953434226,0.1528902734737979,0.0,0.0058759171122520085,1.3031384098271048,0.0,0.05780139139057714,0.0002683434194307472,0.0,0.00026765131782278853,1.0163600525006122,0.0024528949853631957,0.71607191035249,0.3375134334835176,-0.3375134334835176,0.5064579929774485,0.16894455949393092,0.10139611087062206,0.03112864605305965,0.03112864605305965,0.314239856047101,0.3453685021001606,0.10508302725600278,0.728154829397087,0.00028472770320997373,1.0168738763539968,0.006418602353364777,-0.006418602353364777,7.453127364483526e-07,0.47181556904896566,0.4653969666956009,6.381692792175611e-06,0.0886818524805605,0.1743614874093502,True,0.727786894563671,0.08678698597154988,0.08678698597154988,0.560666570644822,0.6474535566163718,0.0,0.0,0.0026825648404700912,0.15690734238355014,0.15690734238355014,0.0,0.0029379585561260043,0.0,0.003220121033168966,0.0,0.0016059079069367312,0.005069805543531103,0.001050830272560028,7.453127364483526e-08,6.381692792175611e-08,0.000886818524805605,0.1743614874093502
0.0,0.0,0.016431618732237203,9300,0.07836949041837397,0.07836949049674347,0.0009833059166404756,-0.0009833059166404756,0.17822958953434226,0.17724628361770178,0.0,0.0014624408964500333,1.8750804781415369,0.0,0.014971850423462954,8.232051015080909e-05,0.0,0.002925004980180509,0.9459166848262747,0.0056727260100482265,0.71607191035249,0.12055550273175342,0.12055550273175342,0.5064579929774485,0.627013495709202,0.12449232581340894,0.0865991990976469,0.0865991990976469,0.314239856047101,0.4008390551447479,0.04465781500580268,0.6777325649055332,0.002866660926644158,0.9464587922563923,0.009233239632131018,-0.009233239632131018,1.2334436985206105e-05,0.47181556904896566,0.46258232941683464,7.432803843662413e-06,0.19409548172271437,0.10953836764563177,True,0.6773443769970116,0.09268017628223457,-0.09268017628223457,0.560666570644822,0.4679863943625874,0.0,0.0,0.003286323746447441,0.07836949041837397,0.07836949041837397,0.0,0.0007312204482250167,0.0,0.0009878461218097091,0.0,0.017550029881083055,0.0062246162906704474,0.0004465781500580268,1.2334436985206106e-06,7.432803843662413e-08,0.0019409548172271438,0.10953836764563177
0.0,0.0,0.015439253886758387,9325,0.23573255080220962,0.23573255103794213,0.07053696661077999,0.07053696661077999,0.17822958953434226,0.24876655614512225,0.0,0.007196823847454048,1.787798872601627,0.0,0.024057435386558225,0.00022737115991612846,0.0,0.0035572990347649443,1.0596430971258615,0.00868937248836257,0.71607191035249,0.28847925525973367,-0.28847925525973367,0.5064579929774485,0.21797873771771487,0.16505181958044066,0.05676076352543269,0.05676076352543269,0.314239856047101,0.37100061957253366,0.13515344120685718,0.7594309814790603,0.0036664557807466118,1.060551265723737,0.3885869272855627,0.3885869272855627,5.387305250825086e-06,0.47181556904896566,0.8604024963345284,1.5241910302760029e-05,0.1419846349356845,0.2775157245209471,True,0.7587806674471758,0.18823349698497827,-0.18823349698497827,0.560666570644822,0.3724330736598437,0.0,0.0,0.0030878507773516774,0.23573255080220962,0.23573255080220962,0.0,0.003598411923727024,0.0,0.0027284539189935415,0.0,0.021343794208589666,0.008252590979022032,0.001351534412068572,5.387305250825086e-07,1.524191030276003e-07,0.001419846349356845,0.2775157245209471
0.0,0.0,0.014080295588487973,9350,0.27038668237343466,0.2703866826438213,0.11926965579178916,0.11926965579178916,0.17822958953434226,0.2974992453261314,0.0,0.004151016627295306,3.1846834623625666,0.0,0.03518922454243782,0.00010067564272010166,0.0,0.002473765018893552,0.9502630417205319,0.005889522034507424,0.71607191035249,0.2507966455851162,-0.2507966455851162,0.5064579929774485,0.2556613473923323,0.20241775869320433,0.21917950007794812,0.21917950007794812,0.314239856047101,0.5334193561250491,0.0829814339395327,0.6810557500212635,0.0023912446126566136,0.9510996460886364,0.4576227043377025,0.4576227043377025,1.7365426292200132e-05,0.47181556904896566,0.9294382733866682,2.0158708554078616e-05,0.31737895475386185,0.30545537758209135,True,0.6804566811248196,0.1759613302587898,-0.1759613302587898,0.560666570644822,0.38470524038603215,0.0,0.0,0.002816059117697595,0.27038668237343466,0.27038668237343466,0.0,0.002075508313647653,0.0,0.0012081077126412198,0.0,0.014842590113361311,0.010120887934660218,0.000829814339395327,1.7365426292200132e-06,2.0158708554078615e-07,0.0031737895475386184,0.30545537758209135
0.0,0.0,0.009721173611863964,9375,0.16153491284157517,0.1615349130031101,0.04193231188397617,0.04193231188397617,0.17822958953434226,0.22016190141831843,0.0,0.009881643526370058,2.304694166211402,0.0,0.041920214784299595,0.0003569794001491293,0.0,0.004092930697557066,1.0639760165808803,0.010898180072421564,0.71607191035249,0.2590297922811513,-0.2590297922811513,0.5064579929774485,0.24742820069629726,0.14165386013784656,0.19375386864024907,0.19375386864024907,0.314239856047101,0.50799372468735,0.18334235900321896,0.7622807233252331,0.004164243811432927,1.0645309523518205,0.05935614820179541,-0.05935614820179541,1.880127705222344e-05,0.47181556904896566,0.41245942084717024,1.032422770768227e-05,0.21516114038938952,0.20833101768506565,True,0.7618833494020637,0.14334983286716413,-0.14334983286716413,0.560666570644822,0.4173167377776578,0.0,0.0,0.0019442347223727929,0.16153491284157517,0.16153491284157517,0.0,0.004940821763185029,0.0,0.0042837528017895515,0.0,0.024557584185342395,0.007082693006892328,0.0018334235900321896,1.880127705222344e-06,1.032422770768227e-07,0.002151611403893895,0.20833101768506565
0.0,0.0,0.020800557350701486,9400,0.39808592755426736,0.3980859279523533,0.16169105116740468,0.16169105116740468,0.17822958953434226,0.33992064070174693,0.0,0.006728340702882032,1.9522722239983534,0.0,0.02707499051139251,0.00014506600594392673,0.01142332829096666,2.7154697742323196e-05,1.0052110169585526,0.008140139503173112,0.71607191035249,0.33755623551618164,-0.33755623551618164,0.5064579929774485,0.16890175746126693,0.24454585154042907,0.24530099767961994,0.24530099767961994,0.314239856047101,0.5595408537267209,0.1246768947062101,0.7203963580792971,3.647086025034921e-05,1.0060391108824354,0.76717531248176,0.76717531248176,1.0584902346243821e-05,0.47181556904896566,1.2389908815307256,2.283585803414903e-05,0.1568550203910828,0.4254136602831807,True,0.7198033832729902,0.05952547740969294,-0.05952547740969294,0.560666570644822,0.501141093235129,0.0,0.0,0.0041601114701402975,0.39808592755426736,0.39808592755426736,0.0,0.003364170351441016,0.0,0.0017407920713271208,0.002855832072741665,0.00016292818645393918,0.012227292577021454,0.001246768947062101,1.0584902346243821e-06,2.283585803414903e-07,0.0015685502039108278,0.4254136602831807
0.0,0.0,0.021142568546278183,9425,0.17856802731339352,0.17856802749196155,0.09410020116062617,0.09410020116062617,0.17822958953434226,0.27232979069496843,0.0,0.004189884379614583,1.4651356189512486,0.0,0.041596016961726635,0.0003038811900917495,0.0,0.006969982704775023,1.083486422277967,0.002955914494689299,0.71607191035249,0.2812415489407594,-0.2812415489407594,0.5064579929774485,0.2252164440366891,0.1579077402837634,0.0040622619974181595,0.0040622619974181595,0.314239856047101,0.31830211804451913,0.2021366416040397,0.7763399079910236,0.007083698908426765,1.0841647129646788,0.2668892851987152,0.2668892851987152,1.52279575228074e-05,0.47181556904896566,0.7387048542476808,9.44589906770479e-06,0.15166129521566496,0.24179293735933577,True,0.7758542030764327,0.015318386872153478,0.015318386872153478,0.560666570644822,0.5759849575169754,0.0,0.0,0.004228513709255637,0.17856802731339352,0.17856802731339352,0.0,0.0020949421898072917,0.0,0.003646574281100994,0.0,0.041819896228650136,0.00789538701418817,0.002021366416040397,1.52279575228074e-06,9.44589906770479e-08,0.0015166129521566496,0.24179293735933577
0.0,0.0,0.015633962126205058,9450,0.09162472340293194,0.09162472349455666,0.03945768214298659,-0.03945768214298659,0.17822958953434226,0.13877190739135567,0.0,0.006761947724820363,1.2371487234275493,0.0,0.022676413904135995,6.593510182541576e-05,0.0,0.00028379657066521295,0.9831537371899518,0.0020152424182192253,0.71607191035249,0.1973936213392138,-0.1973936213392138,0.5064579929774485,0.30906437163823475,0.09154462622994845,0.01653131856224277,0.01653131856224277,0.314239856047101,0.33077117460934374,0.14464034228248882,0.7043695905496652,0.0002670738575395504,0.9836576055138927,0.03349640004212212,-0.03349640004212212,9.706278548529083e-07,0.47181556904896566,0.43831916900684353,4.287780625815345e-06,0.101422210155436,0.10766448711294782,True,0.7040087845913361,0.007681539075973021,-0.007681539075973021,0.560666570644822,0.5529850315688489,0.0,0.0,0.003126792425241012,0.09162472340293194,0.09162472340293194,0.0,0.0033809738624101817,0.0,0.0007912212219049891,0.0,0.0017027794239912776,0.004577231311497423,0.0014464034228248881,9.706278548529084e-08,4.287780625815345e-08,0.00101422210155436,0.10766448711294782
0.0,0.0,0.0045279817077961745,9475,0.14510559643981538,0.145105596584921,0.027883000585124107,-0.027883000585124107,0.17822958953434226,0.15034658894921815,0.0,0.00900828002225736,0.9812153987111573,0.0,0.037300242649949605,0.0003952675614345036,0.0,0.004256684750999222,1.065243273607317,0.0033368570719987897,0.71607191035249,0.27327913863404574,-0.27327913863404574,0.5064579929774485,0.23317885434340282,0.0929436388708958,0.10029422096536167,-0.10029422096536167,0.314239856047101,0.2139456350817393,0.19750041324537765,0.7631737204277327,0.004326749196902126,1.0657780297432367,0.07035230519017471,0.07035230519017471,1.83212461429472e-06,0.47181556904896566,0.5421678742391404,2.9725206449950637e-06,0.1032851760747613,0.18845390281012672,True,0.7627907965745644,0.12169981044567357,0.12169981044567357,0.560666570644822,0.6823663810904955,0.0,0.0,0.0009055963415592349,0.14510559643981538,0.14510559643981538,0.0,0.00450414001112868,0.0,0.004743210737214043,0.0,0.025540108505995335,0.00464718194354479,0.0019750041324537765,1.83212461429472e-07,2.9725206449950637e-08,0.0010328517607476131,0.18845390281012672
0.0,0.0,0.025600754312137583,9500,0.19526115918868409,0.19526115938394523,0.058179443813243414,0.058179443813243414,0.17822958953434226,0.23640903334758567,0.0,0.00818627120740336,1.869577712920553,0.0,0.0503112985325749,0.0006540194972119374,0.0,0.0013921434967222696,1.0373114392207305,0.008931048715360126,0.71607191035249,0.30707099650030517,-0.30707099650030517,0.5064579929774485,0.19938699647714336,0.16510061976396087,0.10764280847127883,0.10764280847127883,0.314239856047101,0.4218826645183798,0.2321750281894795,0.7432874053353997,0.0014445043966230897,1.0380066362182065,0.1718479862190218,0.1718479862190218,1.4832871312449779e-05,0.47181556904896566,0.6436635552679875,9.897274760913822e-06,0.1275813973576465,0.23252971810523826,True,0.7427895942863938,0.22768059351333847,-0.22768059351333847,0.560666570644822,0.3329859771314835,0.0,0.0,0.005120150862427517,0.19526115918868409,0.19526115918868409,0.0,0.00409313560370168,0.0,0.007848233966543248,0.0,0.008352860980333618,0.008255030988198044,0.002321750281894795,1.4832871312449779e-06,9.897274760913822e-08,0.001275813973576465,0.23252971810523826
0.0,0.0,0.03354583028365292,9525,0.25457593047796645,0.25457593073254237,0.049406575750201936,0.049406575750201936,0.17822958953434226,0.2276361652845442,0.0,0.00846762628774137,1.808504823191122,0.0,0.043481991590704545,0.0004215404151663186,0.0,0.002187513177772739,1.0467708582107784,0.006879354893237677,0.71607191035249,0.3756138377857309,-0.3756138377857309,0.5064579929774485,0.1308441551917177,0.1387902255242312,0.0478244679863965,-0.0478244679863965,0.314239856047101,0.26641538806070447,0.17216577741185854,0.7501431890919248,0.0022639317195190752,1.0475807914974002,0.25495430713715056,0.25495430713715056,1.4853732185808241e-05,0.47181556904896566,0.7267698761861162,7.199189210389192e-06,0.21610242640571062,0.294526224406698,True,0.7495632186080161,0.33649499136279704,0.33649499136279704,0.560666570644822,0.897161562007619,0.0,0.0,0.0067091660567305846,0.25457593047796645,0.25457593047796645,0.0,0.004233813143870685,0.0,0.0050584849819958234,0.0,0.013125079066636434,0.00693951127621156,0.0017216577741185853,1.4853732185808243e-06,7.199189210389192e-08,0.002161024264057106,0.294526224406698
0.0,0.0,0.013241326755857234,9550,0.14727020725835968,0.14727020740562988,0.025398805927023815,-0.025398805927023815,0.17822958953434226,0.15283078360731844,0.0,0.015673347379194902,1.1276149098445003,0.0,0.02667054339251444,0.0002748963062273259,0.0,0.0070020345308115985,0.9163218395827705,0.0016714144114156454,0.71607191035249,0.3151507104506903,-0.3151507104506903,0.5064579929774485,0.19130728252675824,0.10303209225546062,0.04030363961067063,0.04030363961067063,0.314239856047101,0.3545434956577716,0.25893477646185753,0.656583121789231,0.006901716377867592,0.9169234306325328,0.01951200151980087,0.01951200151980087,5.083208488929734e-06,0.47181556904896566,0.4913275705687665,3.945973658730664e-06,0.11007099336000219,0.21190831925030315,True,0.6561523393309607,0.08045121961298801,-0.08045121961298801,0.560666570644822,0.48021535103183394,0.0,0.0,0.002648265351171447,0.14727020725835968,0.14727020725835968,0.0,0.007836673689597451,0.0,0.0032987556747279107,0.0,0.04201220718486959,0.005151604612773031,0.002589347764618575,5.083208488929735e-07,3.9459736587306645e-08,0.0011007099336000218,0.21190831925030315
0.0,0.0,0.00812380955757592,9575,0.09407406532882004,0.0940740654228941,0.016211343078999463,-0.016211343078999463,0.17822958953434226,0.1620182464553428,0.0,0.0122995399153266,1.406828284989947,0.0,0.051774559167072416,0.000540960963021867,0.0,6.962324622576751e-05,1.0083440545435518,0.008313334839922866,0.71607191035249,0.209095145160116,-0.209095145160116,0.5064579929774485,0.2973628478173325,0.115184553296893,0.011563138418917429,0.011563138418917429,0.314239856047101,0.3258029944660184,0.23044183402879886,0.722469371901473,7.981797825354766e-05,1.0089340907905364,0.011095532166161493,-0.011095532166161493,2.807518206535656e-06,0.47181556904896566,0.46072003688280416,7.1555548734545245e-06,0.12743471377326873,0.11809621368185023,True,0.7220468635130171,0.003040484805819199,0.003040484805819199,0.560666570644822,0.5637070554506411,0.0,0.0,0.0016247619115151843,0.09407406532882004,0.09407406532882004,0.0,0.0061497699576633,0.0,0.006491531556262403,0.0,0.00041773947735460504,0.00575922766484465,0.0023044183402879887,2.807518206535656e-07,7.155554873454525e-08,0.0012743471377326873,0.11809621368185023
0.0,0.0,0.029965896763414632,9600,0.1251558434678068,0.12515584359296267,0.022721733123240218,0.022721733123240218,0.17822958953434226,0.20095132265758248,0.0,0.005223707060537446,1.990602067474485,0.0,0.041558506290150975,0.00013446566900550636,0.0,0.003314396413524113,1.0575707947967032,0.0029682176747026583,0.71607191035249,0.27509570917803583,-0.27509570917803583,0.5064579929774485,0.23136228379941268,0.13427180519271514,0.018903761816506548,-0.018903761816506548,0.314239856047101,0.2953360942305944,0.18133505333825964,0.757769742899544,0.0033908881593931804,1.0582313331411293,0.013384356711566459,-0.013384356711566459,3.5598066621347486e-06,0.47181556904896566,0.4584312123373992,1.0266406790028718e-05,0.15910376841743457,0.16537927998189605,True,0.7572967499387845,0.03986861356559546,-0.03986861356559546,0.560666570644822,0.5207979570792265,0.0,0.0,0.005993179352682927,0.1251558434678068,0.1251558434678068,0.0,0.002611853530268723,0.0,0.0016135880280660764,0.0,0.019886378481144676,0.0067135902596357575,0.0018133505333825964,3.559806662134749e-07,1.0266406790028718e-07,0.0015910376841743457,0.16537927998189605
0.0,0.0,0.02062513895291702,9625,0.20428404468443448,0.20428404488871854,0.0674708423047779,0.0674708423047779,0.17822958953434226,0.24570043183912016,0.0,0.012421807733779508,1.5633722272699584,0.0,0.03986048537322272,0.00034588861920272927,0.0,0.0363208727399614,1.190580357697118,0.005490295659119883,0.71607191035249,0.38492752405900665,-0.38492752405900665,0.5064579929774485,0.12153046891844188,0.14121190322887484,0.16153397429764982,0.16153397429764982,0.314239856047101,0.4757738303447508,0.19875814322167015,0.8530819350381513,0.036609292675344976,1.1913355499517666,0.1435823430853586,0.1435823430853586,8.50466260372773e-06,0.47181556904896566,0.6153979121343243,6.4621852569767616e-06,0.11044934805799902,0.44684946137446224,True,0.8525411630701297,0.09606886874888793,-0.09606886874888793,0.560666570644822,0.464597701895934,0.0,0.0,0.004125027790583404,0.20428404468443448,0.20428404468443448,0.0,0.006210903866889754,0.0,0.004150663430432751,0.0,0.2179252364397684,0.007060595161443742,0.0019875814322167016,8.50466260372773e-07,6.462185256976762e-08,0.0011044934805799903,0.44684946137446224
0.0,0.0,0.02497702351583907,9650,0.20089321043328992,0.20089321063418314,0.013058325605248694,-0.013058325605248694,0.17822958953434226,0.16517126392909356,0.0,0.008892456427889994,1.5010509220707273,0.0,0.02965233955932515,0.00017065309659997205,0.0,0.00010912456386687197,1.0104462703328447,0.004219344903316445,0.71607191035249,0.4129764784149659,-0.4129764784149659,0.5064579929774485,0.09348151456248267,0.09899428258135629,0.1284589934755706,0.1284589934755706,0.314239856047101,0.4426988495226716,0.16032412786356262,0.7241305852632121,0.00012665224942264716,1.0112539881563225,0.11511309267206743,0.11511309267206743,6.191461366945704e-06,0.47181556904896566,0.5869286617210331,5.432770078799913e-06,0.16652766987750342,0.22125633347311957,True,0.7235522012102513,0.03629850814602731,0.03629850814602731,0.560666570644822,0.5969650787908493,0.0,0.0,0.004995404703167814,0.20089321043328992,0.20089321043328992,0.0,0.004446228213944997,0.0,0.0020478371591996646,0.0,0.0006547473832012318,0.004949714129067815,0.0016032412786356263,6.191461366945705e-07,5.432770078799914e-08,0.0016652766987750342,0.22125633347311957
0.0,0.0,0.00708766430908532,9675,0.08968951422189063,0.08968951431158013,0.003654016549407557,-0.003654016549407557,0.17822958953434226,0.1745755729849347,0.0,0.007635045830840325,1.2552992871897726,0.0,0.02520880089714401,9.728399690174015e-05,0.0,0.0010318908613157671,0.967876941905918,0.0022055953961938658,0.71607191035249,0.20003222642678797,-0.20003222642678797,0.5064579929774485,0.30642576655066056,0.11579496442098744,0.0009347165244505407,0.0009347165244505407,0.314239856047101,0.3151745725715515,0.12999818853130438,0.693450911216434,0.0009979543200728557,0.9684095849968245,0.0035285616586648305,-0.0035285616586648305,7.77951409649319e-06,0.47181556904896566,0.4682870073903008,4.96371430260211e-06,0.1337616477543471,0.1107114973023019,True,0.6930695004554661,0.013471339899003953,-0.013471339899003953,0.560666570644822,0.547195230745818,0.0,0.0,0.001417532861817064,0.08968951422189063,0.08968951422189063,0.0,0.0038175229154201627,0.0,0.0011674079628208817,0.0,0.006191345167894603,0.005789748221049372,0.0012999818853130438,7.77951409649319e-07,4.96371430260211e-08,0.001337616477543471,0.1107114973023019
0.0,0.0,0.05395436281307321,9700,0.1703473459712072,0.17034734614155456,0.029392430960947097,-0.029392430960947097,0.17822958953434226,0.14883715857339516,0.0,0.010558335283750787,1.1797466715349023,0.0,0.043566763767223876,0.00016895989197380232,0.0,0.0018124683594173635,1.0425730943133966,0.002740473824005627,0.71607191035249,0.3274754011186808,-0.3274754011186808,0.5064579929774485,0.17898259185876778,0.09394638119608105,0.1530674403637775,0.1530674403637775,0.314239856047101,0.4673072964108785,0.22775752590795398,0.746968388577584,0.001861677236039244,1.0431471579138099,0.02377366213028087,0.02377366213028087,4.083066382408162e-06,0.47181556904896566,0.4955892311792465,3.6551361017454038e-06,0.09432442347877844,0.2072382984475577,True,0.7465573177528316,0.11398337616124016,-0.11398337616124016,0.560666570644822,0.4466831944835818,0.0,0.0,0.010790872562614642,0.1703473459712072,0.1703473459712072,0.0,0.0052791676418753935,0.0,0.002027518703685628,0.0,0.010874810156504182,0.0046973190598040525,0.00227757525907954,4.083066382408162e-07,3.655136101745404e-08,0.0009432442347877844,0.2072382984475577
0.0,0.0,0.04039017855449959,9725,0.1665300297004213,0.16653002986695134,0.025620190970138818,0.025620190970138818,0.17822958953434226,0.20384978050448108,0.0,0.010659778056658072,1.2838053089671653,0.0,0.036752860207272905,0.0003227998144601906,0.0,0.0061754749475164935,1.078584190188081,0.002834072822933743,0.71607191035249,0.3101784169862364,-0.3101784169862364,0.5064579929774485,0.19627957599121212,0.11696306280800363,0.16224996437157102,0.16224996437157102,0.314239856047101,0.476489820418672,0.2520983312128341,0.772835655439533,0.00628389097356525,1.079270997051666,0.08588880255412817,0.08588880255412817,6.983910668068681e-06,0.47181556904896566,0.5577043716030938,5.289073123969077e-06,0.12766641164872408,0.2305109537490853,True,0.7723438523298145,0.08995705834033552,0.08995705834033552,0.560666570644822,0.6506236289851575,0.0,0.0,0.008078035710899918,0.1665300297004213,0.1665300297004213,0.0,0.005329889028329036,0.0,0.0038735977735222873,0.0,0.03705284968509896,0.005848153140400182,0.002520983312128341,6.983910668068682e-07,5.289073123969077e-08,0.001276664116487241,0.2305109537490853
0.0,0.0,0.013447632744121713,9750,0.1285300058784865,0.12853000600701653,0.013892771211528765,-0.013892771211528765,0.17822958953434226,0.1643368183228135,0.0,0.00552755046984848,1.3298886083367198,0.0,0.052563182963887865,0.0004863937798534005,0.0,0.00101961390954968,1.0319313937927814,0.005437510593508156,0.71607191035249,0.23463939971053538,-0.23463939971053538,0.5064579929774485,0.27181859326691316,0.09928070334660256,0.12020973115760986,0.12020973115760986,0.314239856047101,0.43444958720471083,0.12012915990394075,0.7393610953679131,0.0010577789528098433,1.032523513844753,0.03012149255824731,0.03012149255824731,4.503202396754544e-06,0.47181556904896566,0.501937061607213,4.7100101502423e-06,0.10727327875984792,0.15317627345208318,True,0.7389370948252186,0.10951470884516312,0.10951470884516312,0.560666570644822,0.6701812794899851,0.0,0.0,0.002689526548824343,0.1285300058784865,0.1285300058784865,0.0,0.00276377523492424,0.0,0.005836725358240806,0.0,0.00611768345729808,0.004964035167330128,0.0012012915990394077,4.503202396754544e-07,4.7100101502423e-08,0.0010727327875984791,0.15317627345208318
0.0,0.0,0.02826770365962245,9775,0.10439460128238007,0.10439460138677467,0.030845663680253682,0.030845663680253682,0.17822958953434226,0.20907525321459594,0.0,0.011768755376398016,1.9545082274156544,0.0,0.02706529228113404,0.0001242688088497388,0.0,4.3998256127419934e-05,1.0066331181300667,0.004097351298132525,0.71607191035249,0.22488765952736345,-0.22488765952736345,0.5064579929774485,0.2815703334500851,0.1370956318616543,0.017562127602469946,-0.017562127602469946,0.314239856047101,0.29667772844463103,0.2503031394831897,0.7212265370386164,5.181785874826743e-05,1.0071984622488603,0.04663436229646173,0.04663436229646173,1.3759247867434683e-05,0.47181556904896566,0.5184499313454274,8.296980947243251e-06,0.17059396571442448,0.12875294648512,True,0.7208217099898118,0.021955808917553665,0.021955808917553665,0.560666570644822,0.5826223795623756,0.0,0.0,0.00565354073192449,0.10439460128238007,0.10439460128238007,0.0,0.005884377688199008,0.0,0.0014912257061968658,0.0,0.0002639895367645196,0.006854781593082716,0.0025030313948318974,1.3759247867434685e-06,8.296980947243251e-08,0.001705939657144245,0.12875294648512
0.0,0.0,0.023626127543140026,9800,0.262064000487546,0.26206400074961,0.09098552002621801,0.09098552002621801,0.17822958953434226,0.2692151095605603,0.0,0.01641234665813577,1.4046251919071955,0.0,0.0733630134385595,0.001201376046872111,0.0005817109409853125,0.05442949758177113,1.2333013021433252,0.005655508139292153,0.71607191035249,0.18072173956429605,-0.18072173956429605,0.5064579929774485,0.3257362534131525,0.1460167766163483,0.10339768944993372,0.10339768944993372,0.314239856047101,0.4176375454970347,0.33249554005501986,0.8835889849376608,0.05472740058087637,1.2339388821484714,0.2201092756078959,0.2201092756078959,8.495246795353342e-06,0.47181556904896566,0.6919248446568615,6.660505672273086e-06,0.14112116404721214,0.6281722471151564,True,0.8831324317989974,0.4932644473775236,0.4932644473775236,0.560666570644822,1.0539310180223456,0.0,0.0,0.004725225508628006,0.262064000487546,0.262064000487546,0.0,0.008206173329067885,0.0,0.014416512562465334,0.00014542773524632812,0.3265769854906268,0.007300838830817415,0.0033249554005501986,8.495246795353342e-07,6.660505672273086e-08,0.0014112116404721214,0.6281722471151564
0.0,0.0,0.0050139735023714055,9825,0.15609189021521097,0.15609189037130286,0.08272468482599726,0.08272468482599726,0.17822958953434226,0.2609542743603395,0.0,0.014071299110523497,1.6539713709399122,0.0,0.04246154774145536,0.0005342000706408875,0.0,0.010474901939458919,1.1023469683940805,0.005862163344727919,0.71607191035249,0.31779223391215483,-0.31779223391215483,0.5064579929774485,0.1886657590652937,0.16004254793381892,0.04778611787185483,0.04778611787185483,0.314239856047101,0.3620259739189558,0.22203438256223298,0.7899500032973025,0.010644320609825616,1.1031713167979629,0.10242472707452682,0.10242472707452682,9.337001117988283e-06,0.47181556904896566,0.5742402961234925,8.773760130960692e-06,0.12667494282401648,0.24488038904365778,True,0.7893597105526948,0.03483928825968963,-0.03483928825968963,0.560666570644822,0.5258272823851323,0.0,0.0,0.0010027947004742812,0.15609189021521097,0.15609189021521097,0.0,0.007035649555261749,0.0,0.0064104008476906504,0.0,0.0628494116367535,0.008002127396690947,0.00222034382562233,9.337001117988283e-07,8.773760130960692e-08,0.0012667494282401649,0.24488038904365778
0.0,0.0,0.00985564957140577,9850,0.13180076987057435,0.1318007700023751,0.03803090584365068,-0.03803090584365068,0.17822958953434226,0.14019868369069158,0.0,0.006670409521259237,1.1168604260877402,0.0,0.03547689580607744,0.0001256470342517088,0.0,4.223416106022148e-05,0.9935012184941928,0.003041602130976166,0.71607191035249,0.23490756243763983,-0.23490756243763983,0.5064579929774485,0.2715504305398087,0.0954701434863643,0.10093379717239515,-0.10093379717239515,0.314239856047101,0.21330605887470583,0.11802946637707798,0.7118114743093097,3.539947745372756e-05,0.9940502540009066,0.03975017280285881,0.03975017280285881,1.939652819994521e-06,0.47181556904896566,0.5115657418518245,3.4661573381513055e-06,0.10770812846748527,0.14589938567248623,True,0.7114183253996754,0.13587345041220267,0.13587345041220267,0.560666570644822,0.6965400210570246,0.0,0.0,0.001971129914281154,0.13180076987057435,0.13180076987057435,0.0,0.0033352047606296184,0.0,0.0015077644110205058,0.0,0.0002534049663613289,0.004773507174318216,0.0011802946637707798,1.9396528199945212e-07,3.466157338151306e-08,0.0010770812846748528,0.14589938567248623
0.0,0.0,0.012678189477584562,9875,0.15833695881097262,0.15833695896930958,0.05641946417376045,0.05641946417376045,0.17822958953434226,0.2346490537081027,0.0,0.007597122085621593,1.7243633185999216,0.0,0.028287777065319923,0.00025118556365165683,0.0,0.0013203421508479606,1.0363365126401525,0.00533348413378831,0.71607191035249,0.2736282968226391,-0.2736282968226391,0.5064579929774485,0.2328296961548094,0.14954668740258306,0.04794415188706441,0.04794415188706441,0.314239856047101,0.3621840079341654,0.1880703888882112,0.7425803657628341,0.0013704248677537808,1.037019249962064,0.19007889566270258,0.19007889566270258,1.621014812858563e-05,0.47181556904896566,0.6618944647116682,8.493178069037315e-06,0.13965716870716227,0.18636375331088442,True,0.7420914767376365,0.09417395522122413,-0.09417395522122413,0.560666570644822,0.4664926154235978,0.0,0.0,0.0025356378955169127,0.15833695881097262,0.15833695881097262,0.0,0.0037985610428107964,0.0,0.003014226763819882,0.0,0.007922052905087764,0.007477334370129153,0.001880703888882112,1.621014812858563e-06,8.493178069037315e-08,0.0013965716870716228,0.18636375331088442
0.0,0.0,0.021608993709425768,9900,0.13781101070906174,0.13781101084687272,0.04454210508521883,-0.04454210508521883,0.17822958953434226,0.13368748444912343,0.0,0.01858448701058516,1.0734372644171208,0.0,0.034098740873668966,0.0003328765858479712,0.0,0.0002647402794017116,0.9837291586142046,0.004814955477035732,0.71607191035249,0.23552291054632618,-0.23552291054632618,0.5064579929774485,0.27093508243112235,0.0860307470639642,0.14032202176141936,-0.14032202176141936,0.314239856047101,0.1739178342856816,0.2987856647882195,0.7048143019017117,0.0002471608970103222,0.9842786483720285,0.10971386489080137,-0.10971386489080137,1.922464742722811e-06,0.47181556904896566,0.3621017041581643,3.223854203531134e-06,0.07308004855900081,0.1650284326345121,True,0.7044208277156128,0.07600612537854878,-0.07600612537854878,0.560666570644822,0.48466044526627317,0.0,0.0,0.004321798741885154,0.13781101070906174,0.13781101070906174,0.0,0.00929224350529258,0.0,0.003994519030175655,0.0,0.0015884416764102695,0.0043015373531982105,0.002987856647882195,1.922464742722811e-07,3.223854203531134e-08,0.0007308004855900082,0.1650284326345121
0.0,0.0,0.0049367239445601745,9925,0.16243021020871365,0.16243021037114386,0.012967277234163438,0.012967277234163438,0.17822958953434226,0.1911968667685057,0.0,0.009968434039728887,1.7889341584676668,0.0,0.024513721846205545,6.780205647448825e-05,0.0,8.716678135944974e-05,1.0093363151917365,0.003739953709456098,0.71607191035249,0.22840129250176017,-0.22840129250176017,0.5064579929774485,0.27805670047568837,0.12043593260238984,0.030181526417502935,-0.030181526417502935,0.314239856047101,0.28405832962959804,0.1834712287781231,0.7232069220539967,9.928299603765664e-05,1.00996408530863,0.009782073780633227,-0.009782073780633227,1.2691018946012471e-05,0.47181556904896566,0.46203349526833243,7.127443350211829e-06,0.16199911221023525,0.17921623779967186,True,0.7227573935008529,0.2803140239202952,-0.2803140239202952,0.560666570644822,0.28035254672452675,0.0,0.0,0.000987344788912035,0.16243021020871365,0.16243021020871365,0.0,0.004984217019864443,0.0,0.000813624677693859,0.0,0.0005230006881566984,0.0060217966301194924,0.0018347122877812312,1.2691018946012472e-06,7.127443350211829e-08,0.0016199911221023524,0.17921623779967186
0.0,0.0,0.017789553980637734,9950,0.1445982071785268,0.14459820732312503,0.03496923549539477,-0.03496923549539477,0.17822958953434226,0.1432603540389475,0.0,0.007546278969848173,1.2138452248987806,0.0,0.020658889283476985,7.430177595286164e-05,0.0,0.0034983989856326625,1.0591472652422127,0.002591574768029125,0.71607191035249,0.2355201282985802,-0.2355201282985802,0.5064579929774485,0.2709378646788683,0.08556943454671571,0.1921764000147424,0.1921764000147424,0.314239856047101,0.5064162560618434,0.16008155661030804,0.7588811193084615,0.003574052396355717,1.0597833789305666,0.05401887779574238,-0.05401887779574238,1.9249425800922854e-06,0.47181556904896566,0.4177966912532233,3.856417815599437e-06,0.09478377468934583,0.18063862878357725,True,0.7584256161580794,0.08944731219806185,-0.08944731219806185,0.560666570644822,0.4712192584467601,0.0,0.0,0.0035579107961275468,0.1445982071785268,0.1445982071785268,0.0,0.0037731394849240866,0.0,0.0008916213114343397,0.0,0.020990393913795976,0.004278471727335786,0.0016008155661030804,1.9249425800922854e-07,3.856417815599437e-08,0.0009478377468934583,0.18063862878357725
0.0,0.0,0.0023350259241285776,9975,0.07997322397023196,0.07997322405020518,0.05280664944586749,-0.05280664944586749,0.17822958953434226,0.12542294008847477,0.0,0.005741502569911456,0.9127604232361366,0.0,0.04297041214503081,0.00020712575216252823,0.0,0.0008981606282107447,1.029969328124113,0.002144218540503399,0.71607191035249,0.13512490466860433,-0.13512490466860433,0.5064579929774485,0.3713330883088442,0.08589827000768273,0.03401453636671942,0.03401453636671942,0.314239856047101,0.3482543924138204,0.09985195667526113,0.7379374216699491,0.000932407139448493,1.0305353424648962,0.01455002980620107,-0.01455002980620107,1.7539456956418968e-07,0.47181556904896566,0.4572655392427646,3.2909300493856848e-06,0.0757650462620131,0.09723658721374254,True,0.7375321146939975,0.09778859179842614,0.09778859179842614,0.560666570644822,0.6584551624432481,0.0,0.0,0.00046700518482571554,0.07997322397023196,0.07997322397023196,0.0,0.002870751284955728,0.0,0.0024855090259503386,0.0,0.005388963769264468,0.004294913500384137,0.0009985195667526112,1.753945695641897e-08,3.2909300493856846e-08,0.0007576504626201309,0.09723658721374254
0.0,0.0,0.01568710797933313,10000,0.1569427968338826,0.15694279699082536,0.02402486810082302,-0.02402486810082302,0.17822958953434226,0.15420472143351924,0.0,0.010222696544749556,1.2592514417110003,0.0,0.03614310339139347,0.00016908375889065395,0.0,0.00026939610681153383,0.983586709445954,0.002004179858966156,0.71607191035249,0.29887797604077204,-0.29887797604077204,0.5064579929774485,0.2075800169366765,0.0985825149184718,0.14350163838673996,0.14350163838673996,0.314239856047101,0.45774149443384093,0.1686026179953862,0.7046554947176125,0.00025418330154670953,0.9840568729056465,0.014512066903079823,0.014512066903079823,2.9434155937584924e-06,0.47181556904896566,0.4863276359520455,3.819036989536085e-06,0.11151224419572209,0.176567555349445,True,0.704318823866151,0.11156454849793795,0.11156454849793795,0.560666570644822,0.6722311191427599,0.0,0.0,0.0031374215958666265,0.1569427968338826,0.1569427968338826,0.0,0.005111348272374778,0.0,0.0020290051066878473,0.0,0.0016163766408692029,0.00492912574592359,0.0016860261799538621,2.9434155937584924e-07,3.819036989536085e-08,0.001115122441957221,0.176567555349445
0.0,0.0,0.002307055996597707,10025,0.15927828428896731,0.1592782844482456,0.0015981116646739124,-0.0015981116646739124,0.17822958953434226,0.17663147786966835,0.0,0.005914986000694965,1.2289058267429087,0.0,0.040043777839619404,0.0002481495440948913,0.0,0.007176085785928337,1.0847117806797162,0.0033949905461581114,0.71607191035249,0.3175063606994323,-0.3175063606994323,0.5064579929774485,0.18895163227801623,0.11097014858080868,0.023229126661228505,-0.023229126661228505,0.314239856047101,0.29101072938587247,0.10985902807493104,0.7771913582076253,0.007285266020293132,1.085353769807157,0.0768953659454677,0.0768953659454677,5.241539949888422e-06,0.47181556904896566,0.5487109349944334,3.963220577529259e-06,0.11993241811710016,0.21657848341050454,True,0.7767316478202934,0.1399375818322569,0.1399375818322569,0.560666570644822,0.7006041524770789,0.0,0.0,0.0004614111993195414,0.15927828428896731,0.15927828428896731,0.0,0.0029574930003474823,0.0,0.0029777945291386953,0.0,0.043056514715570024,0.0055485074290404345,0.0010985902807493105,5.241539949888422e-07,3.9632205775292595e-08,0.0011993241811710017,0.21657848341050454
0.0,0.0,0.017635017840237948,10050,0.15644552706238005,0.15644552721882557,0.042163939335547324,-0.042163939335547324,0.17822958953434226,0.13606565019879494,0.0,0.007549029037295568,1.2660485433554018,0.0,0.03326429419800297,0.00012167376455027738,0.0,0.0013487637675955004,0.9632744807035285,0.0028008304016100697,0.71607191035249,0.2924815182404916,-0.2924815182404916,0.5064579929774485,0.21397647473695694,0.09252127607227563,0.08870788302445393,0.08870788302445393,0.314239856047101,0.4029477390715549,0.13379092666432518,0.6902054203447838,0.0013048543838720995,0.9638772317800518,0.011287662798121711,-0.011287662798121711,4.996086273038107e-06,0.47181556904896566,0.46052790625084394,3.8460147102740206e-06,0.12625414426766068,0.18052676551095975,True,0.6897738072239232,0.1644879290379766,-0.1644879290379766,0.560666570644822,0.39617864160684535,0.0,0.0,0.0035270035680475898,0.15644552706238005,0.15644552706238005,0.0,0.003774514518647784,0.0,0.0014600851746033286,0.0,0.008092582605573002,0.004626063803613782,0.001337909266643252,4.996086273038107e-07,3.8460147102740205e-08,0.0012625414426766068,0.18052676551095975
0.0,0.0,0.008147256308567035,10075,0.10276901838400519,0.10276901848677422,0.01753066324562988,-0.01753066324562988,0.17822958953434226,0.16069892628871238,0.0,0.0053195127029881965,1.132585189183533,0.0,0.030110605677604634,0.00011542464747894727,0.0,0.00012135691200598917,0.9889837886727791,0.004481177449419879,0.71607191035249,0.20469314001449712,-0.20469314001449712,0.5064579929774485,0.3017648529629514,0.10922034945654988,0.06639585591819602,0.06639585591819602,0.314239856047101,0.380635711965297,0.10990777942789934,0.7086376721009517,0.0001077856216893003,0.9896180145593774,0.07845627051067888,0.07845627051067888,4.035117603398252e-06,0.47181556904896566,0.5502718395596445,5.6593437062319525e-06,0.11724458353068866,0.11690446444660678,True,0.7081835207523981,0.0060789814355560745,-0.0060789814355560745,0.560666570644822,0.5545875892092659,0.0,0.0,0.001629451261713407,0.10276901838400519,0.10276901838400519,0.0,0.0026597563514940982,0.0,0.0013850957697473672,0.0,0.000728141472035935,0.0054610174728274945,0.0010990777942789934,4.0351176033982525e-07,5.659343706231953e-08,0.0011724458353068866,0.11690446444660678
0.0,0.0,0.012788371521655439,10100,0.1587987575724063,0.15879875773120505,0.05216555052279975,0.05216555052279975,0.17822958953434226,0.230395140057142,0.0,0.009514029480138238,1.7498350822473734,0.0,0.04117720956730196,0.00016006812827401695,0.0,0.0006709530450568198,1.0259027613403826,0.004492405415053096,0.71607191035249,0.24017158434351554,-0.24017158434351554,0.5064579929774485,0.266286408633933,0.15363685078679376,0.01764086175822499,-0.01764086175822499,0.314239856047101,0.296598994288876,0.2223160283252174,0.7351165225019356,0.0007073437511275482,1.0265959348609435,0.2024193683987156,0.2024193683987156,1.11274978944492e-05,0.47181556904896566,0.6742349374476813,8.764666167875674e-06,0.14251352713778415,0.18339132091685648,True,0.7346201604079301,0.15619472459382505,-0.15619472459382505,0.560666570644822,0.4044718460509969,0.0,0.0,0.002557674304331088,0.1587987575724063,0.1587987575724063,0.0,0.004757014740069119,0.0,0.0019208175392882035,0.0,0.004025718270340919,0.007681842539339689,0.002223160283252174,1.11274978944492e-06,8.764666167875674e-08,0.0014251352713778415,0.18339132091685648
0.0,0.0,0.03053712446891677,10125,0.12116595929986959,0.12116595942103554,0.019346469443430825,-0.019346469443430825,0.17822958953434226,0.15888312009091143,0.0,0.007188565893505275,1.3514004058207598,0.0,0.035444544532860486,0.0002270478039914715,0.0,0.00047745567633129696,0.978149240829406,0.004586636079447955,0.71607191035249,0.24467977031085109,-0.24467977031085109,0.5064579929774485,0.26177822266659745,0.10573191747433584,0.05120926236300649,-0.05120926236300649,0.314239856047101,0.2630305936840945,0.17883066746485168,0.7007803727451949,0.0004560259897004427,0.978645234964991,0.05662183271071425,0.05662183271071425,6.603344190875584e-06,0.47181556904896566,0.5284374017596799,4.833660578945421e-06,0.13838980334872356,0.14491648409916846,True,0.700425205272043,0.0856449195312855,0.0856449195312855,0.560666570644822,0.6463114901761075,0.0,0.0,0.006107424893783354,0.12116595929986959,0.12116595929986959,0.0,0.0035942829467526375,0.0,0.0027245736478976584,0.0,0.002864734057987782,0.005286595873716792,0.0017883066746485169,6.603344190875585e-07,4.833660578945421e-08,0.0013838980334872355,0.14491648409916846
0.0,0.0,0.026405287151435794,10150,0.16359602700978496,0.16359602717338098,0.08909681487766846,0.08909681487766846,0.17822958953434226,0.2673264044120107,0.0,0.005934743968728665,1.881593959877374,0.0,0.04910153326119786,0.0004806474013635054,0.0,0.005521024715740031,1.0743035982691285,0.006958494653653646,0.71607191035249,0.2838860605901135,-0.2838860605901135,0.5064579929774485,0.22257193238733503,0.1623461570032286,0.07004640713228627,0.07004640713228627,0.314239856047101,0.38428626317938724,0.11886581884562679,0.7696520867646324,0.005598798383041755,1.0748251186637332,0.18347219339482818,0.18347219339482818,1.8751963266460182e-05,0.47181556904896566,0.6552877624437938,9.250498856220981e-06,0.1888354512143626,0.2219346617873152,True,0.7692786406541648,0.08197693464992262,0.08197693464992262,0.560666570644822,0.6426435052947446,0.0,0.0,0.005281057430287159,0.16359602700978496,0.16359602700978496,0.0,0.0029673719843643326,0.0,0.005767768816362064,0.0,0.03312614829444019,0.00811730785016143,0.001188658188456268,1.8751963266460183e-06,9.250498856220981e-08,0.001888354512143626,0.2219346617873152
0.0,0.0,0.010259928055143181,10175,0.17258098845776748,0.17258098863034846,0.09018654661289105,0.09018654661289105,0.17822958953434226,0.2684161361472333,0.0,0.007251019438982836,2.60733367402013,0.0,0.06436093130519417,0.0006826302749325733,0.0,0.009610686414802647,1.0980341084256018,0.012655523649517742,0.71607191035249,0.29073665086314837,-0.29073665086314837,0.5064579929774485,0.21572134211430014,0.17801659274962453,0.180753225793087,0.180753225793087,0.314239856047101,0.494993081840188,0.17146642382669658,0.7868453939522376,0.0097684967266704,1.0988357057275882,0.1307767474473705,0.1307767474473705,2.9784193710105446e-05,0.47181556904896566,0.6025923164963362,1.2572039910465989e-05,0.2608202332359482,0.25734096592417205,True,0.7862713926328548,0.08053128913995411,-0.08053128913995411,0.560666570644822,0.48013528150486784,0.0,0.0,0.002051985611028636,0.17258098845776748,0.17258098845776748,0.0,0.003625509719491418,0.0,0.00819156329919088,0.0,0.057664118488815884,0.008900829637481227,0.001714664238266966,2.978419371010545e-06,1.2572039910465988e-07,0.0026082023323594824,0.25734096592417205
0.0,0.0,0.012165937014771231,10200,0.12057390815863497,0.12057390827920889,0.05234997069793004,-0.05234997069793004,0.17822958953434226,0.12587961883641222,0.0,0.00937682325158357,1.1064256484692745,0.0,0.030906094031475,0.00021979251780264997,0.0,0.00022306546032011188,0.9850646238641234,0.0033465819268057744,0.71607191035249,0.14119888333215147,-0.14119888333215147,0.5064579929774485,0.36525910964529706,0.08587116426190673,0.012990599233810018,-0.012990599233810018,0.314239856047101,0.30124925681329096,0.16975413346209248,0.7057417235079955,0.00020811525075555825,0.9855737998504264,0.15050973981077836,-0.15050973981077836,1.4537258196793273e-06,0.47181556904896566,0.3213058292381873,3.7775551585574707e-06,0.0704139442657797,0.13836683230144106,True,0.7053771168816861,0.16489619539556716,-0.16489619539556716,0.560666570644822,0.3957703752492548,0.0,0.0,0.002433187402954246,0.12057390815863497,0.12057390815863497,0.0,0.004688411625791785,0.0,0.0026375102136317998,0.0,0.0013383927619206714,0.004293558213095337,0.0016975413346209248,1.4537258196793274e-07,3.777555158557471e-08,0.0007041394426577969,0.13836683230144106
0.0,0.0,0.01363136483055056,10225,0.16446439339372917,0.1644643935581936,0.011626404566819987,0.011626404566819987,0.17822958953434226,0.18985599410116225,0.0,0.01196022986696368,1.2830143138568921,0.0,0.037486640244539515,0.00018013398857362914,0.0,0.003233493751295137,1.056863817593397,0.009170229579440347,0.71607191035249,0.2787017605509442,-0.2787017605509442,0.5064579929774485,0.2277562324265043,0.13386513565352834,0.07714897139149121,-0.07714897139149121,0.314239856047101,0.23709088465560976,0.21610486788749408,0.7572200732961659,0.0033020785725832143,1.0574637152695787,0.1294529031625244,0.1294529031625244,4.295667255551505e-06,0.47181556904896566,0.60126847221149,9.341271514236996e-06,0.10501074613570585,0.20463828756632457,True,0.7567905034151675,0.186340605346778,-0.186340605346778,0.560666570644822,0.37432596529804396,0.0,0.0,0.002726272966110112,0.16446439339372917,0.16446439339372917,0.0,0.00598011493348184,0.0,0.0021616078628835496,0.0,0.01940096250777082,0.0066932567826764175,0.0021610486788749407,4.2956672555515056e-07,9.341271514236996e-08,0.0010501074613570585,0.20463828756632457
0.0,0.0,0.0038004619504587106,10250,0.04861955135412673,0.048619551402746285,0.054108244353583496,0.054108244353583496,0.17822958953434226,0.23233783388792575,0.0,0.0021304842625451646,2.1991274308869806,0.0,0.03234728523694072,0.0003368169846281114,0.0,0.0032512089161264262,1.0570193731649729,0.009210915760521434,0.71607191035249,0.04885724414399417,-0.04885724414399417,0.5064579929774485,0.45760074883345436,0.14674117864169028,0.05011806552130049,0.05011806552130049,0.314239856047101,0.36435792156840147,0.05311700484941352,0.7572788229281198,0.0033115144464486526,1.0575457595870335,0.012482213984194968,0.012482213984194968,1.2090179683935163e-05,0.47181556904896566,0.4842977830331606,1.1550781708996193e-05,0.2497015504720191,0.08436051219887127,True,0.7569018923920273,0.061943081317479554,-0.061943081317479554,0.560666570644822,0.4987234893273424,0.0,0.0,0.0007600923900917422,0.04861955135412673,0.04861955135412673,0.0,0.0010652421312725823,0.0,0.0040418038155373365,0.0,0.019507253496758557,0.007337058932084514,0.0005311700484941352,1.2090179683935164e-06,1.1550781708996194e-07,0.002497015504720191,0.08436051219887127
0.0,0.0,0.013647025562165264,10275,0.13308200615073143,0.13308200628381342,0.0785313837676963,0.0785313837676963,0.17822958953434226,0.25676097330203856,0.0,0.012223713213335066,1.4778517726057954,0.0,0.038153850481727564,0.0001741248524985587,0.0,0.0004385653909573949,1.0209419528926362,0.002871791646948999,0.71607191035249,0.22731039276568082,-0.22731039276568082,0.5064579929774485,0.2791476002117677,0.17117452018924803,0.012990335231955974,0.012990335231955974,0.314239856047101,0.32723019127905695,0.20776825380558245,0.7315330961488669,0.00046619944122440026,1.0215916521189186,0.12115062859347864,0.12115062859347864,1.3735778349503908e-05,0.47181556904896566,0.5929661976424443,8.32351238505787e-06,0.16686082797251064,0.15895063208576118,True,0.7310678647762514,0.12597890882538199,-0.12597890882538199,0.560666570644822,0.43468766181943996,0.0,0.0,0.002729405112433053,0.13308200615073143,0.13308200615073143,0.0,0.006111856606667533,0.0,0.0020894982299827043,0.0,0.0026313923457443695,0.008558726009462402,0.0020776825380558247,1.373577834950391e-06,8.323512385057869e-08,0.0016686082797251064,0.15895063208576118
0.0,0.0,0.007070526905430105,10300,0.559449126409903,0.5594491269693521,0.2841015865781774,0.2841015865781774,0.17822958953434226,0.46233117611251967,0.0,0.009684154252721495,2.778325020338727,0.0,0.022032773103977887,0.0001011907300433222,0.09243268411254538,0.019353337316958878,0.8608837273466584,0.008020986482261105,0.71607191035249,0.14422506419636894,-0.14422506419636894,0.5064579929774485,0.3622329287810796,0.3709533782565276,0.062229455275378875,0.062229455275378875,0.314239856047101,0.37646931132247985,0.1810868655906349,0.6171872417650215,0.01906973793235947,0.8619067781085564,1.208010453226386,1.208010453226386,5.30674607691917e-05,0.47181556904896566,1.6798260222753516,3.437648486216358e-05,0.31599145991081834,0.7296718952865254,True,0.6164546638413311,0.01550120921341458,-0.01550120921341458,0.560666570644822,0.5451653614314074,0.0,0.0,0.001414105381086021,0.559449126409903,0.559449126409903,0.0,0.004842077126360748,0.0,0.0012142887605198663,0.023108171028136344,0.11612002390175327,0.01854766891282638,0.001810868655906349,5.306746076919171e-06,3.437648486216358e-07,0.0031599145991081834,0.7296718952865254
0.0,0.0,0.00719848095880629,10325,0.15739168992310856,0.15739169008050025,0.00644301156273136,-0.00644301156273136,0.17822958953434226,0.1717865779716109,0.0,0.008082473887372942,1.375663508642878,0.0,0.03494398927224627,0.000204053667380194,0.0,0.0008087221181618145,0.9715619600154685,0.004246752120085685,0.71607191035249,0.34509188500531773,-0.34509188500531773,0.5064579929774485,0.1613661079721308,0.11763917009250445,0.04109037768648627,-0.04109037768648627,0.314239856047101,0.2731494783606147,0.1541187504238604,0.6961314929040251,0.0007754532843183548,0.9721530381492279,0.054372411960881994,0.054372411960881994,7.902837611348602e-06,0.47181556904896566,0.5261879810098476,5.2467832377743045e-06,0.128723711544013,0.17888482565198696,True,0.6957082384497056,0.009274735392361011,-0.009274735392361011,0.560666570644822,0.5513918352524609,0.0,0.0,0.001439696191761258,0.15739168992310856,0.15739168992310856,0.0,0.004041236943686471,0.0,0.0024486440085623278,0.0,0.004852332708970887,0.005881958504625223,0.0015411875042386038,7.902837611348603e-07,5.246783237774305e-08,0.00128723711544013,0.17888482565198696
0.0,0.0,0.007228482153928057,10350,0.020477347504813902,0.020477347525291248,0.016857839120872242,-0.016857839120872242,0.17822958953434226,0.16137175041347002,0.0,0.00790807716175648,1.2179538940358514,0.0,0.03788943717670276,0.00021228102016385397,0.0,2.7836196739651695e-06,1.0016684183150413,0.0026891964867120114,0.71607191035249,0.023466387716620463,0.023466387716620463,0.5064579929774485,0.529924380694069,0.10355885024497188,0.02517736593695996,0.02517736593695996,0.314239856047101,0.33941722198406094,0.15141164872873203,0.7176380155624025,4.783249499015889e-06,1.0021870641277786,0.005521311787462346,-0.005521311787462346,5.426458470256042e-06,0.47181556904896566,0.4662942572615033,3.7822966144766657e-06,0.10866018396614262,0.0362203977844983,True,0.717266627859293,0.024441073558414517,0.024441073558414517,0.560666570644822,0.5851076442032365,0.0,0.0,0.0014456964307856116,0.020477347504813902,0.020477347504813902,0.0,0.00395403858087824,0.0,0.0025473722419662474,0.0,1.6701718043791016e-05,0.005177942512248595,0.0015141164872873203,5.426458470256042e-07,3.7822966144766655e-08,0.0010866018396614263,0.0362203977844983
0.0,0.0,0.007228694323514859,10375,0.017813841160909366,0.017813841178723207,0.01686877326507802,-0.01686877326507802,0.17822958953434226,0.16136081626926424,0.0,0.007907186126448244,1.2170054401687926,0.0,0.03790500288452282,0.00021238406659108646,0.0,3.347778002051565e-06,1.0018296934175024,0.0026814723646487928,0.71607191035249,0.00091781236335442,0.00091781236335442,0.5064579929774485,0.507375805340803,0.10343646659232258,0.02584707518194329,0.02584707518194329,0.314239856047101,0.34008693122904426,0.1513982827278343,0.7177596288374297,5.554968235098471e-06,1.0023568980111788,0.005574736314958584,-0.005574736314958584,5.416251753573464e-06,0.47181556904896566,0.46624083273400707,3.777518831392224e-06,0.10855235799525734,0.033553777693152514,True,0.7173821124316173,0.02453808909142252,0.02453808909142252,0.560666570644822,0.5852046597362445,0.0,0.0,0.0014457388647029718,0.017813841160909366,0.017813841160909366,0.0,0.003953593063224122,0.0,0.0025486087990930373,0.0,2.008666801230939e-05,0.005171823329616129,0.001513982827278343,5.416251753573465e-07,3.777518831392224e-08,0.0010855235799525733,0.033553777693152514
0.0,0.0,0.007228772873465111,10400,0.017728573575053405,0.017728573592781977,0.01688782285974247,-0.01688782285974247,0.17822958953434226,0.1613417666745998,0.0,0.007907280946350268,1.2171071206270674,0.0,0.037895555526211176,0.00021231802463463826,0.0,2.9967421660453327e-06,1.001731110096454,0.0026829310346316686,0.71607191035249,0.001331691624831488,0.001331691624831488,0.5064579929774485,0.50778968460228,0.10341302488968322,0.02572228985888181,0.02572228985888181,0.314239856047101,0.3399621459059828,0.15139960394018495,0.7176889757143516,5.099604430590346e-06,1.0022582303758896,0.005730917035656036,-0.005730917035656036,5.417363508232719e-06,0.47181556904896566,0.4660846520133096,3.7780390104631686e-06,0.10853909898536004,0.03346438316201403,True,0.7173115196835994,0.024291151454672533,0.024291151454672533,0.560666570644822,0.5849577220994945,0.0,0.0,0.0014457545746930222,0.017728573575053405,0.017728573575053405,0.0,0.003953640473175134,0.0,0.002547816295615659,0.0,1.7980452996271998e-05,0.005170651244484161,0.0015139960394018495,5.41736350823272e-07,3.778039010463169e-08,0.0010853909898536004,0.03346438316201403
0.0,0.0,0.0072339472099023005,10425,0.014950588242980983,0.014950588257931571,0.01811343544272581,-0.01811343544272581,0.17822958953434226,0.16011615409161645,0.0,0.007913390735911956,1.2231028472065824,0.0,0.03724810742691381,0.00020843399269714706,0.0,1.9435154003010742e-05,0.9955914680444607,0.0027716415991159856,0.71607191035249,0.01116491975958045,0.01116491975958045,0.5064579929774485,0.517622912737029,0.10416006655367044,0.018502504601261183,0.018502504601261183,0.314239856047101,0.33274236064836216,0.15148664638392603,0.7132744480375872,1.5262240988785223e-05,0.9960933081784219,0.01569801436179874,-0.01569801436179874,5.485944975492135e-06,0.47181556904896566,0.4561175546871669,3.8105074066581435e-06,0.10764678024965714,0.030771816182892212,True,0.7129150944091517,0.008722278262725314,0.008722278262725314,0.560666570644822,0.5693888489075473,0.0,0.0,0.0014467894419804602,0.014950588242980983,0.014950588242980983,0.0,0.003956695367955978,0.0,0.0025012079123657646,0.0,0.00011661092401806445,0.005208003327683522,0.0015148664638392603,5.485944975492135e-07,3.8105074066581435e-08,0.0010764678024965714,0.030771816182892212
0.0,0.0,0.007235700777270859,10450,0.01396338681438247,0.013963386828345857,0.01836222382981309,-0.01836222382981309,0.17822958953434226,0.15986736570452917,0.0,0.007914319557827546,1.224067238893768,0.0,0.037122628076672236,0.00020775114108126353,0.0,3.21753959617228e-05,0.9943276639766563,0.002786400736933383,0.71607191035249,0.0006535635979386667,-0.0006535635979386667,0.5064579929774485,0.5058044293795099,0.10411907145469454,0.01706123096109552,0.01706123096109552,0.314239856047101,0.3313010870081965,0.15150312935506377,0.7123762832596978,2.6635775582049367e-05,0.9948390140881757,0.017747833536904012,-0.017747833536904012,5.497264416161938e-06,0.47181556904896566,0.45406773551206164,3.815907939640955e-06,0.10742711735858419,0.02984959674288814,True,0.7120101198033697,0.005586703149077055,0.005586703149077055,0.560666570644822,0.566253273793899,0.0,0.0,0.0014471401554541719,0.01396338681438247,0.01396338681438247,0.0,0.003957159778913773,0.0,0.002493013692975162,0.0,0.00019305237577033678,0.005205953572734727,0.0015150312935506378,5.497264416161938e-07,3.815907939640955e-08,0.001074271173585842,0.02984959674288814
0.0,0.0,0.007235550320050975,10475,0.013960405048949253,0.013960405062909659,0.018330939417964903,-0.018330939417964903,0.17822958953434226,0.15989865011637736,0.0,0.007914252727786616,1.2239569943132742,0.0,0.037137998099718655,0.00020784375003414377,0.0,3.055733667210632e-05,0.9944721309103682,0.0027846345675949314,0.71607191035249,0.0001823210212347215,0.0001823210212347215,0.5064579929774485,0.5066403139986833,0.10409887577357635,0.01721797681007259,0.01721797681007259,0.314239856047101,0.33145783285717356,0.15150214770495646,0.7124792976916708,2.5171547853741173e-05,0.9949828745427545,0.017505724692085667,-0.017505724692085667,5.496081509497344e-06,0.47181556904896566,0.45430984435688,3.815326447141798e-06,0.10745345522853472,0.029837198076724265,True,0.7121135685180202,0.005958090656862258,0.005958090656862258,0.560666570644822,0.5666246613016842,0.0,0.0,0.001447110064010195,0.013960405048949253,0.013960405048949253,0.0,0.003957126363893308,0.0,0.002494125000409725,0.0,0.0001833440200326379,0.005204943788678818,0.0015150214770495646,5.496081509497344e-07,3.815326447141798e-08,0.0010745345522853473,0.029837198076724265
0.0,0.0,0.007235618235876193,10500,0.013916668396400515,0.013916668410317183,0.01824803190143931,-0.01824803190143931,0.17822958953434226,0.15998155763290295,0.0,0.007914974981162502,1.2239769330014134,0.0,0.03716967292328788,0.00020813194022784734,0.0,2.8258136179962197e-05,0.9946841617613059,0.0027828039880410447,0.71607191035249,0.0015076544888094068,0.0015076544888094068,0.5064579929774485,0.5079656474662579,0.10409204938069498,0.017278648158760346,0.017278648158760346,0.314239856047101,0.3315185042058613,0.15151546202192695,0.7126298274664019,2.3106378531199995e-05,0.9951930905426459,0.017039329805272785,-0.017039329805272785,5.497691601589868e-06,0.47181556904896566,0.45477623924369287,3.81589198599711e-06,0.10752637726762926,0.029784020423981275,True,0.7122653978566251,0.006649373314300933,0.006649373314300933,0.560666570644822,0.5673159439591229,0.0,0.0,0.0014471236471752386,0.013916668396400515,0.013916668396400515,0.0,0.003957487490581251,0.0,0.002497583282734168,0.0,0.0001695488170797732,0.005204602469034749,0.0015151546202192695,5.497691601589869e-07,3.81589198599711e-08,0.0010752637726762927,0.029784020423981275
0.0,0.0,0.007238629291347873,10525,0.013437261768038536,0.013437261781475796,0.017742171893131403,-0.017742171893131403,0.17822958953434226,0.16048741764121086,0.0,0.007924543863698959,1.2259381338396327,0.0,0.03730991066836825,0.00021014007582264037,0.0,2.5019343752462522e-05,0.9949980659987898,0.002788482655129666,0.71607191035249,0.005404709108688843,0.005404709108688843,0.5064579929774485,0.5118627020861374,0.10437428327829461,0.015606468481193903,0.015606468481193903,0.314239856047101,0.3298463245282949,0.15168769731744364,0.7128466520827835,2.028702667457998e-05,0.9954958878039529,0.015204013618532464,-0.015204013618532464,5.535224194406976e-06,0.47181556904896566,0.4566115554304332,3.831637261786242e-06,0.10799221620161123,0.02933516166844139,True,0.712490175866767,0.009169546789103866,0.009169546789103866,0.560666570644822,0.5698361174339258,0.0,0.0,0.0014477258582695747,0.013437261768038536,0.013437261768038536,0.0,0.003962271931849479,0.0,0.002521680909871684,0.0,0.00015011606251477515,0.005218714163914731,0.0015168769731744363,5.535224194406976e-07,3.8316372617862416e-08,0.0010799221620161124,0.02933516166844139
0.0,0.0,0.007249910519165859,10550,0.012284355909452151,0.012284355921736507,0.016075704929041396,-0.016075704929041396,0.17822958953434226,0.16215388460530086,0.0,0.007958286204100074,1.232966717690838,0.0,0.03774911203956179,0.0002170318978009413,0.0,1.9521740083974896e-05,0.9955816586727625,0.0028130885065097704,0.71607191035249,0.006183122179767797,0.006183122179767797,0.5064579929774485,0.5126411151572163,0.10482196581387601,0.009241126135708877,0.009241126135708877,0.314239856047101,0.32348098218280985,0.1522965343105099,0.7132673475325818,1.5339816126226336e-05,0.9960833922680173,0.009651936692541607,-0.009651936692541607,5.669825526460721e-06,0.47181556904896566,0.46216363235642405,3.888115976480092e-06,0.10951311210717277,0.028294794948033546,True,0.7129080701935223,0.016712552738317954,0.016712552738317954,0.560666570644822,0.5773791233831399,0.0,0.0,0.001449982103833172,0.012284355909452151,0.012284355909452151,0.0,0.003979143102050037,0.0,0.0026043827736112954,0.0,0.00011713044050384938,0.005241098290693801,0.001522965343105099,5.669825526460721e-07,3.888115976480092e-08,0.0010951311210717278,0.028294794948033546
0.0,0.0,0.007257659537037311,10575,0.011429953073241246,0.011429953084671199,0.015364777687789932,-0.015364777687789932,0.17822958953434226,0.16286481184655233,0.0,0.007973728987252437,1.2383513273441629,0.0,0.037856825442303975,0.00022020560591552875,0.0,2.6464681793356682e-05,0.9948556164807281,0.0028424771538364912,0.71607191035249,0.0010100031187508796,0.0010100031187508796,0.5064579929774485,0.5074679960961994,0.1052832098194363,0.004732338925146462,0.004732338925146462,0.314239856047101,0.31897219497224744,0.15258730931970926,0.7127414078879661,2.1632605925931102e-05,0.9953489134682387,0.008362069611340117,-0.008362069611340117,5.761981768431025e-06,0.47181556904896566,0.46345349943762554,3.927416770576418e-06,0.11024388388350345,0.0275626927313699,True,0.7123881717668152,0.01799453800480788,0.01799453800480788,0.560666570644822,0.5786611086496298,0.0,0.0,0.0014515319074074624,0.011429953073241246,0.011429953073241246,0.0,0.003986864493626219,0.0,0.0026424672709863452,0.0,0.00015878809076014008,0.005264160490971816,0.0015258730931970927,5.761981768431025e-07,3.9274167705764185e-08,0.0011024388388350345,0.0275626927313699
0.0,0.0,0.007258270794765362,10600,0.010489667146848158,0.010489667157337824,0.01619959478977276,-0.01619959478977276,0.17822958953434226,0.1620299947445695,0.0,0.007966716376089433,1.2407894350478257,0.0,0.03743835780725097,0.00021705204499276968,0.0,6.633584949155888e-05,0.9918553177169666,0.0028818218373274883,0.71607191035249,0.0005970566386919174,0.0005970566386919174,0.5064579929774485,0.5070550496161405,0.10553182396554098,0.0025982917643686543,0.0025982917643686543,0.314239856047101,0.31683814781146963,0.15246091298017536,0.710574228812459,5.8945064946961714e-05,0.9923224310522821,0.014245234683280483,-0.014245234683280483,5.781921584052933e-06,0.47181556904896566,0.45757033436568517,3.9380077672497554e-06,0.10958459035111641,0.026824982934534575,True,0.7102397420694173,0.008815010272342105,0.008815010272342105,0.560666570644822,0.569481580917164,0.0,0.0,0.0014516541589530724,0.010489667146848158,0.010489667146848158,0.0,0.003983358188044716,0.0,0.0026046245399132363,0.0,0.00039801509694935327,0.005276591198277049,0.0015246091298017537,5.781921584052934e-07,3.9380077672497554e-08,0.0010958459035111641,0.026824982934534575
0.0,0.0,0.007260374334905148,10625,0.010298621258350765,0.010298621268649387,0.01575154040292598,-0.01575154040292598,0.17822958953434226,0.16247804913141628,0.0,0.007973893317833582,1.2425870034281628,0.0,0.037547735700366056,0.00021874297400997469,0.0,6.123304541308329e-05,0.9921748453425454,0.0028873868624261488,0.71607191035249,0.001020851375882148,-0.001020851375882148,0.5064579929774485,0.5054371416015664,0.10606479283886192,0.0014454537784778787,0.0014454537784778787,0.314239856047101,0.31568530982557885,0.15258938364731373,0.7107976738269736,5.4250976924467575e-05,0.9926344737510163,0.012849514673705043,-0.012849514673705043,5.816706333142976e-06,0.47181556904896566,0.4589660543752606,3.952391257521812e-06,0.10995742805062812,0.026659285698315188,True,0.7104685468298713,0.010674992908815462,0.010674992908815462,0.560666570644822,0.5713415635536374,0.0,0.0,0.0014520748669810297,0.010298621258350765,0.010298621258350765,0.0,0.003986946658916791,0.0,0.002624915688119696,0.0,0.00036739827247849973,0.005303239641943096,0.0015258938364731372,5.816706333142977e-07,3.952391257521812e-08,0.0010995742805062813,0.026659285698315188
0.0,0.0,0.007263152094022399,10650,0.009740222344884447,0.00974022235462467,0.013804070098589583,-0.013804070098589583,0.17822958953434226,0.16442551943575268,0.0,0.00799295409247357,1.2533148725532233,0.0,0.0378119290875364,0.00022407758898681517,0.0,5.0901644145744834e-05,0.9928654611819863,0.002932576031813254,0.71607191035249,0.002899910205779843,-0.002899910205779843,0.5064579929774485,0.5035580827716687,0.10644221209645736,0.0016274064455699677,-0.0016274064455699677,0.314239856047101,0.312612449601531,0.15290567561582882,0.7112959545971498,4.448454169188084e-05,0.9933303267177559,0.010250354655093885,-0.010250354655093885,6.013809961466348e-06,0.47181556904896566,0.46156521439387177,4.03538614521724e-06,0.11123898219483547,0.026147869660429077,True,0.7109630774402456,0.01294911598546411,0.01294911598546411,0.560666570644822,0.5736156866302861,0.0,0.0,0.00145263041880448,0.009740222344884447,0.009740222344884447,0.0,0.003996477046236785,0.0,0.002688931067841782,0.0,0.000305409864874469,0.0053221106048228686,0.0015290567561582883,6.013809961466349e-07,4.0353861452172396e-08,0.0011123898219483547,0.026147869660429077
0.0,0.0,0.007202670022409534,10675,0.08869014052054984,0.08869014060923999,0.044353357069356475,0.044353357069356475,0.17822958953434226,0.22258294660369873,0.0,0.008112791918080871,1.5551431431317166,0.0,0.040460074061256915,0.0003159994506192657,0.0,0.00020900462553870804,1.0144569922715172,0.004217160348307028,0.71607191035249,0.1865046182544544,-0.1865046182544544,0.5064579929774485,0.3199533747229941,0.1388150867285332,0.034857062213119294,-0.034857062213119294,0.314239856047101,0.2793827938339817,0.1543241247064292,0.7268673416921012,0.00022728245239866192,1.0150758897713754,0.025615855253206865,0.025615855253206865,1.2902273459910887e-05,0.47181556904896566,0.4974314243021725,7.042371449903515e-06,0.14004809653016972,0.10911892884458875,True,0.7264241665708764,0.026595591108108052,-0.026595591108108052,0.560666570644822,0.5340709795367139,0.0,0.0,0.0014405340044819069,0.08869014052054984,0.08869014052054984,0.0,0.004056395959040436,0.0,0.0037919934074311886,0.0,0.0012540277532322483,0.006940754336426661,0.001543241247064292,1.2902273459910888e-06,7.042371449903514e-08,0.0014004809653016973,0.10911892884458875
0.0,0.0,0.007255916495045969,10700,0.0067784638066217835,0.006778463813400247,0.007053022831904676,-0.007053022831904676,0.17822958953434226,0.17117656670243758,0.0,0.008010839348899814,1.2955544695668748,0.0,0.038195529158268494,0.0002383133282626188,0.0,1.913876852596611e-05,0.9956252121736059,0.0031292472669356445,0.71607191035249,0.0032983064048972555,-0.0032983064048972555,0.5064579929774485,0.5031596865725513,0.11036127754621301,0.004782934749713974,-0.004782934749713974,0.314239856047101,0.309456921297387,0.15311796029431696,0.7132662941571473,1.5351341318142768e-05,0.9960819212210392,0.008292348465835875,-0.008292348465835875,6.784118809638679e-06,0.47181556904896566,0.4635232205831298,4.3647719585274045e-06,0.11478160373026321,0.023407440907545107,True,0.7129392576325093,0.008801954001303125,0.008801954001303125,0.560666570644822,0.5694685246461251,0.0,0.0,0.001451183299009194,0.0067784638066217835,0.0067784638066217835,0.0,0.004005419674449907,0.0,0.002859759939151426,0.0,0.00011483261115579667,0.005518063877310651,0.0015311796029431697,6.78411880963868e-07,4.3647719585274046e-08,0.0011478160373026322,0.023407440907545107
0.0,0.0,0.007244171074413683,10725,0.004577301303628981,0.004577301308206282,0.0004585235600142179,-0.0004585235600142179,0.17822958953434226,0.17777106597432804,0.0,0.00801281438402242,1.3321572606382297,0.0,0.0385887615684334,0.00025084034977072313,0.0,4.4259433170582405e-08,0.9997896207396852,0.0032833078022331042,0.71607191035249,4.918266249154257e-06,4.918266249154257e-06,0.5064579929774485,0.5064629112436977,0.11418221266542737,0.005158051572293765,-0.005158051572293765,0.314239856047101,0.3090818044748072,0.15306585009775456,0.7162281513682742,4.760156433215184e-08,1.0002181778273156,0.005190843719340643,-0.005190843719340643,7.504646205373965e-06,0.47181556904896566,0.466624725329625,4.674496290890189e-06,0.11824221762797181,0.021465880984482703,True,0.7159212736715541,0.00714127535843867,0.00714127535843867,0.560666570644822,0.5678078460032606,0.0,0.0,0.0014488342148827368,0.004577301303628981,0.004577301303628981,0.0,0.00400640719201121,0.0,0.0030100841972486776,0.0,2.655565990234944e-07,0.005709110633271369,0.0015306585009775455,7.504646205373965e-07,4.674496290890189e-08,0.001182422176279718,0.021465880984482703
0.0,0.0,0.007220227915846258,10750,0.004002196866591994,0.004002196870594191,0.002702275331809195,0.002702275331809195,0.17822958953434226,0.18093186486615145,0.0,0.007929226322800206,1.3512085204065936,0.0,0.03840583857540932,0.00025101235890343106,0.0,2.082961664859526e-05,1.004563947485302,0.003324906759278187,0.71607191035249,0.0014170539687806682,-0.0014170539687806682,0.5064579929774485,0.5050409390086679,0.11578578602060811,0.00575502402946898,0.00575502402946898,0.314239856047101,0.31999488007656995,0.1516085311459915,0.719711185933257,2.5829393718047266e-05,1.0050822626573257,0.004868194938547343,-0.004868194938547343,7.854242948030078e-06,0.47181556904896566,0.4669473741104183,4.820298814491287e-06,0.11985714794450411,0.021052761337112404,True,0.7193400349926782,0.0037360328553379674,0.0037360328553379674,0.560666570644822,0.5644026035001599,0.0,0.0,0.0014440455831692517,0.004002196866591994,0.004002196866591994,0.0,0.003964613161400103,0.0,0.0030121483068411728,0.0,0.00012497769989157156,0.005789289301030406,0.0015160853114599148,7.854242948030078e-07,4.820298814491287e-08,0.0011985714794450412,0.021052761337112404
0.0,0.0,0.0072287464536802066,10775,0.0031775466668910834,0.00317754667006863,0.0020327571512794296,0.0020327571512794296,0.17822958953434226,0.1802623466856217,0.0,0.007962758284882642,1.3475776268987367,0.0,0.03843554335614585,0.00025146856415248945,0.0,5.8992839978619304e-06,1.0024288441691187,0.003328998973826121,0.71607191035249,0.0009920784464940713,0.0009920784464940713,0.5064579929774485,0.5074500714239426,0.11574053318885927,0.0005553990162376898,0.0005553990162376898,0.314239856047101,0.31479525506333866,0.15217941742794538,0.7181916657523895,8.763026301209958e-06,1.002960240919454,0.006066358589300103,-0.006066358589300103,7.796544888149093e-06,0.47181556904896566,0.46574921045966555,4.799475237585112e-06,0.11939319748449254,0.020161274031694026,True,0.7178111474609078,0.002873763790055217,0.002873763790055217,0.560666570644822,0.5635403344348772,0.0,0.0,0.0014457492907360414,0.0031775466668910834,0.0031775466668910834,0.0,0.003981379142441321,0.0,0.0030176227698298736,0.0,3.5395703987171586e-05,0.005787026659442964,0.0015217941742794539,7.796544888149093e-07,4.799475237585112e-08,0.0011939319748449253,0.020161274031694026
0.0,0.0,0.007228583991092422,10800,0.0031480368594741857,0.0031480368626222227,0.0020666287038867692,0.0020666287038867692,0.17822958953434226,0.18029621823822903,0.0,0.007961474119205132,1.3478723394685246,0.0,0.03843297907767648,0.0002514747236717819,0.0,6.137517389975302e-06,1.002477401338091,0.0033296159871983636,0.71607191035249,0.0006214581462894442,0.0006214581462894442,0.5064579929774485,0.507079451123738,0.11571892016656334,0.000643011818885042,0.000643011818885042,0.314239856047101,0.314882867865986,0.15215882263133823,0.7182254033414064,9.044188454444538e-06,1.0030073557246266,0.0059994539675749525,-0.0059994539675749525,7.801601610343749e-06,0.47181556904896566,0.4658161150813907,4.801225074289156e-06,0.11943405383555386,0.02013171545110534,True,0.7178459178861407,0.002913177630448738,0.002913177630448738,0.560666570644822,0.5635797482752707,0.0,0.0,0.0014457167982184845,0.0031480368594741857,0.0031480368594741857,0.0,0.003980737059602566,0.0,0.003017696684061383,0.0,3.682510433985181e-05,0.005785946008328167,0.0015215882263133822,7.801601610343749e-07,4.801225074289156e-08,0.0011943405383555386,0.02013171545110534
0.0,0.0,0.007228550809342298,10825,0.0031342728043240197,0.0031342728074582925,0.0020620542603021486,0.0020620542603021486,0.17822958953434226,0.1802916437946444,0.0,0.007960939968611917,1.3479271336678527,0.0,0.0384312954574476,0.00025145002293676475,0.0,6.183860162130248e-06,1.0024867368501975,0.003329681745656873,0.71607191035249,0.0004049877983338668,0.0004049877983338668,0.5064579929774485,0.5068629807757824,0.11567861330837073,0.0006619431254291652,0.0006619431254291652,0.314239856047101,0.31490179917253014,0.1521505925116503,0.7182311821074829,9.092792853899037e-06,1.0030154258163482,0.005958213975775062,-0.005958213975775062,7.802053960134401e-06,0.47181556904896566,0.4658573550731906,4.801114303706311e-06,0.11944829458488337,0.020115704139635322,True,0.7178526027842222,0.0029603656507615206,0.0029603656507615206,0.560666570644822,0.5636269362955835,0.0,0.0,0.0014457101618684598,0.0031342728043240197,0.0031342728043240197,0.0,0.003980469984305958,0.0,0.003017400275241177,0.0,3.7103160972781485e-05,0.005783930665418537,0.0015215059251165032,7.802053960134401e-07,4.8011143037063106e-08,0.0011944829458488337,0.020115704139635322
0.0,0.0,0.007228459116707782,10850,0.0031181023721389258,0.0031181023752570283,0.0020494521029649215,0.0020494521029649215,0.17822958953434226,0.18027904163730718,0.0,0.007959464185405187,1.3480785507962947,0.0,0.03842664162256656,0.00025138294312009106,0.0,6.314155555929823e-06,1.002512798351625,0.0033298651750849465,0.71607191035249,0.00043993258752039743,-0.00043993258752039743,0.5064579929774485,0.5060180603899281,0.11556786007015868,0.0007147218426424296,0.0007147218426424296,0.314239856047101,0.3149545778897434,0.15212785462999429,0.7182471576828459,9.227838981724836e-06,1.0030377358314582,0.005844266174095392,-0.005844266174095392,7.803305623816934e-06,0.47181556904896566,0.46597130287487026,4.8008121175152676e-06,0.11948766965823304,0.020093383124033515,True,0.7178712646935967,0.003090751216610954,0.003090751216610954,0.560666570644822,0.5637573218614329,0.0,0.0,0.0014456918233415564,0.0031181023721389258,0.0031181023721389258,0.0,0.003979732092702594,0.0,0.003016595317441093,0.0,3.788493333557894e-05,0.005778393003507934,0.0015212785462999428,7.803305623816935e-07,4.800812117515268e-08,0.0011948766965823305,0.020093383124033515
0.0,0.0,0.007228231931796863,10875,0.0030736235032530024,0.003073623506326626,0.00208632219584301,0.00208632219584301,0.17822958953434226,0.18031591173018527,0.0,0.007960778594924337,1.3488223488684834,0.0,0.03841840485550213,0.0002514657805882482,0.0,5.173102170807139e-06,1.002274445464461,0.003334287481758118,0.71607191035249,0.0004892706536716585,-0.0004892706536716585,0.5064579929774485,0.5059687223237769,0.11559335525751385,5.845464349019114e-05,5.845464349019114e-05,0.314239856047101,0.31429831069059116,0.15214487721609646,0.7180748824963687,7.824060402672091e-06,1.0027971521951213,0.0057379273704126765,-0.0057379273704126765,7.814237689270401e-06,0.47181556904896566,0.466077641678553,4.80486194288814e-06,0.1195805238022691,0.02004603841260607,True,0.7177005868839637,0.003117122673609418,0.003117122673609418,0.560666570644822,0.5637836933184314,0.0,0.0,0.0014456463863593725,0.0030736235032530024,0.0030736235032530024,0.0,0.003980389297462169,0.0,0.0030175893670589785,0.0,3.103861302484283e-05,0.005779667762875693,0.0015214487721609646,7.814237689270402e-07,4.80486194288814e-08,0.001195805238022691,0.02004603841260607
0.0,0.0,0.007223365156296678,10900,0.0029758604679256447,0.002975860470901505,0.0018002416918206088,0.0018002416918206088,0.17822958953434226,0.18002983122616287,0.0,0.00794808752698086,1.3504998847565484,0.0,0.03827179464260115,0.0002497163111986983,0.0,2.025414339093078e-06,1.001423170523547,0.0033390983084625853,0.71607191035249,0.0009806212069218834,-0.0009806212069218834,0.5064579929774485,0.5054773717705267,0.11530687352731138,0.00034164506864664546,-0.00034164506864664546,0.314239856047101,0.31389821097845433,0.15190518442684145,0.7174512750059054,3.710552672925339e-06,1.0019262794898263,0.005735642301157751,-0.005735642301157751,7.815345162951401e-06,0.47181556904896566,0.4660799267478079,4.801818603607509e-06,0.11976246914105569,0.01988617524784122,True,0.7170910128022754,0.0026574283906016793,0.0026574283906016793,0.560666570644822,0.5633239990354236,0.0,0.0,0.0014446730312593357,0.0029758604679256447,0.0029758604679256447,0.0,0.00397404376349043,0.0,0.0029965957343843796,0.0,1.2152486034558468e-05,0.0057653436763655695,0.0015190518442684145,7.815345162951402e-07,4.8018186036075093e-08,0.0011976246914105568,0.01988617524784122
0.0,0.0,0.007208724824718525,10925,0.0027397357203767783,0.0027397357231165142,0.0016642098926097082,0.0016642098926097082,0.17822958953434226,0.17989379942695197,0.0,0.007913976894964718,1.3579134201259198,0.0,0.03791399004572905,0.0002459340422132305,0.0,2.2156556542958885e-07,0.9995292924842011,0.0033620793373206905,0.71607191035249,0.0011091401009981627,-0.0011091401009981627,0.5064579929774485,0.5053488528764504,0.11514436680463191,0.0013772832344515207,-0.0013772832344515207,0.314239856047101,0.31286257281264945,0.15124980593868503,0.7161035699924485,1.9535487803133965e-09,1.000044198968091,0.0054709974353016055,-0.0054709974353016055,7.880504628586675e-06,0.47181556904896566,0.46634457161366405,4.821829442645518e-06,0.1205306783680801,0.019566866484810718,True,0.7157348599177276,0.0013047033330698676,0.0013047033330698676,0.560666570644822,0.5619712739778918,0.0,0.0,0.001441744964943705,0.0027397357203767783,0.0027397357203767783,0.0,0.003956988447482359,0.0,0.0029512085065587657,0.0,1.329393392577533e-06,0.005757218340231596,0.0015124980593868504,7.880504628586676e-07,4.821829442645518e-08,0.001205306783680801,0.019566866484810718
0.0,0.0,0.007026846094111027,10950,0.01467313748907094,0.014673137503744077,0.0021800538308847095,-0.0021800538308847095,0.17822958953434226,0.17604953570345755,0.0,0.007493669621975908,1.4199538912728156,0.0,0.03380350894533137,0.00019881041280331914,0.0,0.00038109925826036874,0.9804782362922719,0.0034714578084417387,0.71607191035249,0.03244306592657248,-0.03244306592657248,0.5064579929774485,0.47401492705087606,0.11276336519008703,0.001213886532773767,0.001213886532773767,0.314239856047101,0.31545374257987474,0.1432611663388679,0.7023734742445311,0.0003659563802088463,0.9808700135857642,0.003523282827460894,0.003523282827460894,8.168743344904496e-06,0.47181556904896566,0.47533885187642655,4.905282820212997e-06,0.12910039720576758,0.03286031184419654,True,0.7020929335256296,0.002304911538582588,-0.002304911538582588,0.560666570644822,0.5583616591062394,0.0,0.0,0.0014053692188222054,0.01467313748907094,0.01467313748907094,0.0,0.003746834810987954,0.0,0.00238572495363983,0.0,0.0022865955495622124,0.005638168259504352,0.0014326116633886791,8.168743344904496e-07,4.905282820212997e-08,0.0012910039720576759,0.03286031184419654
0.0,0.0,0.007051615707253684,10975,0.0057343467483807874,0.0057343467541151345,0.000955597464845942,-0.000955597464845942,0.17822958953434226,0.17727399206949632,0.0,0.007546045572744628,1.412075160989265,0.0,0.03453275999813931,0.00020686585237349539,0.0,0.00022746872100783271,0.9849179337951383,0.0034522307534575352,0.71607191035249,0.011915257684743441,-0.011915257684743441,0.5064579929774485,0.4945427352927051,0.1132062481764735,0.0032224458050381655,0.0032224458050381655,0.314239856047101,0.31746230185213914,0.14427122432715617,0.7055875023586936,0.00021437560669900212,0.9853584288172682,0.003303355029010413,0.003303355029010413,8.16803624533725e-06,0.47181556904896566,0.47511892407797607,4.904322872069121e-06,0.12796558055658686,0.023148441535247137,True,0.7052720762422913,0.00048043715447476654,-0.00048043715447476654,0.560666570644822,0.5601861334903472,0.0,0.0,0.001410323141450737,0.0057343467483807874,0.0057343467483807874,0.0,0.003773022786372314,0.0,0.0024823902284819444,0.0,0.0013648123260469962,0.005660312408823675,0.0014427122432715616,8.16803624533725e-07,4.904322872069121e-08,0.0012796558055658686,0.023148441535247137
0.0,0.0,0.007155838710084011,11000,0.0014450082811531613,0.0014450082825981695,5.504589228533252e-05,5.504589228533252e-05,0.17822958953434226,0.1782846354266276,0.0,0.007786177591637319,1.3738349223858837,0.0,0.03671979974776784,0.00023129617808853275,0.0,3.752412209477432e-05,0.9938743063988823,0.003383690510067719,0.71607191035249,0.001362176670004267,-0.001362176670004267,0.5064579929774485,0.5050958163074443,0.11457519571168523,0.0007576275127331167,-0.0007576275127331167,0.314239856047101,0.31348222853436786,0.1488278992726641,0.7120297660955734,3.186489401901392e-05,0.9943551001763526,0.0027252133078867202,-0.0027252133078867202,7.907019784985613e-06,0.47181556904896566,0.46909035574107893,4.811490094583757e-06,0.12264271572924006,0.01821426844110241,True,0.7116854831720467,0.0007621694902002485,0.0007621694902002485,0.560666570644822,0.5614287401350222,0.0,0.0,0.0014311677420168023,0.0014450082811531613,0.0014450082811531613,0.0,0.0038930887958186595,0.0,0.002775554137062393,0.0,0.00022514473256864592,0.005728759785584262,0.0014882789927266411,7.907019784985614e-07,4.8114900945837566e-08,0.0012264271572924007,0.01821426844110241
0.0,0.0,0.007128210546821445,11025,0.0006818910162201107,0.0006818910169020016,0.00014216230523553253,0.00014216230523553253,0.17822958953434226,0.1783717518395778,0.0,0.007722066256653714,1.3852292745493762,0.0,0.036196076599121836,0.00022567342424613962,0.0,6.441261866436627e-05,0.9919742527659808,0.003405106554672956,0.71607191035249,0.0009724161067510284,-0.0009724161067510284,0.5064579929774485,0.5054855768706975,0.11420161996778617,0.0003857282161843223,0.0003857282161843223,0.314239856047101,0.3146255842632853,0.14761160737541507,0.7106802151154679,5.6694247472502834e-05,0.9924704417478512,0.0007496771212722186,-0.0007496771212722186,8.004078407907859e-06,0.47181556904896566,0.47106589192769344,4.845076142922933e-06,0.12414139040219957,0.01749158289161881,True,0.7103249081183622,0.0008051531196237027,0.0008051531196237027,0.560666570644822,0.5614717237644457,0.0,0.0,0.001425642109364289,0.0006818910162201107,0.0006818910162201107,0.0,0.003861033128326857,0.0,0.0027080810909536754,0.0,0.0003864757119861976,0.005710080998389309,0.0014761160737541508,8.004078407907859e-07,4.845076142922933e-08,0.0012414139040219957,0.01749158289161881
0.0,0.0,0.0071165150921503025,11050,0.000414098595135643,0.0004140985955497416,0.00020749220127386225,0.00020749220127386225,0.17822958953434226,0.17843708173561612,0.0,0.007695944757473022,1.3904330939108167,0.0,0.03596316382585693,0.0002232996191560162,0.0,8.035750425215865e-05,0.9910357652723638,0.003416857017596369,0.71607191035249,0.0003630237279439452,-0.0003630237279439452,0.5064579929774485,0.5060949692495046,0.11400371380281317,0.0005877442991720772,0.0005877442991720772,0.314239856047101,0.31482760034627305,0.14711227292799212,0.7099976571555642,7.195714504645034e-05,0.9915172442539909,3.983774484811464e-05,-3.983774484811464e-05,8.05290546271857e-06,0.47181556904896566,0.47177573130411754,4.863124930338495e-06,0.12481064924607335,0.017267383281364252,True,0.7096528835765811,0.0005792396623313101,0.0005792396623313101,0.560666570644822,0.5612458103071533,0.0,0.0,0.0014233030184300605,0.000414098595135643,0.000414098595135643,0.0,0.003847972378736511,0.0,0.002679595429872194,0.0,0.0004821450255129519,0.005700185690140659,0.0014711227292799212,8.052905462718571e-07,4.863124930338495e-08,0.0012481064924607336,0.017267383281364252
0.0,0.0,0.007097761024721865,11075,0.000690752477571258,0.0006907524782620106,0.00025736461573833136,0.00025736461573833136,0.17822958953434226,0.1784869541500806,0.0,0.00765696771045638,1.3999008906739416,0.0,0.035538262416987994,0.00021921242288812674,0.0,0.00012477589075818665,0.9888296870787705,0.0034451262612838264,0.71607191035249,0.0011336020572765282,0.0011336020572765282,0.5064579929774485,0.5075915950347251,0.1139371439167985,0.0003488477009543911,-0.0003488477009543911,0.314239856047101,0.3138910083461466,0.14635452159954984,0.7084429283324618,0.00011350657871606886,0.9893460533736991,0.0005255124944801848,0.0005255124944801848,8.149749926728022e-06,0.47181556904896566,0.47234108154344584,4.900464516302645e-06,0.125936112620182,0.01773862047462554,True,0.708073172928047,0.0007978387438034584,-0.0007978387438034584,0.560666570644822,0.5598687319010185,0.0,0.0,0.0014195522049443732,0.000690752477571258,0.000690752477571258,0.0,0.00382848385522819,0.0,0.002630549074657521,0.0,0.0007486553445491199,0.0056968571958399255,0.0014635452159954985,8.149749926728022e-07,4.9004645163026456e-08,0.0012593611262018201,0.01773862047462554
0.0,0.0,0.007094682740883735,11100,0.001098375341355851,0.0010983753424542264,0.000615150082430016,-0.000615150082430016,0.17822958953434226,0.17761443945191224,0.0,0.0076508598249452105,1.398240034446463,0.0,0.03536140033928929,0.00021659995623406732,0.0,0.00016277713394724895,0.98724158575891,0.003439757300603278,0.71607191035249,0.0013516084324025623,0.0013516084324025623,0.5064579929774485,0.5078096014098511,0.11353134915098485,0.0013956783655930671,-0.0013956783655930671,0.314239856047101,0.3128441776815079,0.14623069840660124,0.7072938654545478,0.00015027380996731214,0.9877413781375184,6.0208643755166324e-05,6.0208643755166324e-05,8.083753036289787e-06,0.47181556904896566,0.4718757776927208,4.872871971477269e-06,0.12579407562735032,0.01831627638240961,True,0.7069359781662201,0.0013694319278936273,-0.0013694319278936273,0.560666570644822,0.5592971387169283,0.0,0.0,0.001418936548176747,0.001098375341355851,0.001098375341355851,0.0,0.0038254299124726053,0.0,0.0025991994748088077,0.0,0.0009766628036834938,0.005676567457549243,0.0014623069840660125,8.083753036289788e-07,4.872871971477269e-08,0.0012579407562735032,0.01831627638240961
0.0,0.0,0.007114234241823846,11125,0.0003730052027389528,0.000373005203111958,7.647236068775154e-05,7.647236068775154e-05,0.17822958953434226,0.17830606189503,0.0,0.007693261322343009,1.3919659313867474,0.0,0.03586181756736089,0.00022238648577225096,0.0,9.756589193458736e-05,0.9901224551666628,0.0034257145695558667,0.71607191035249,8.201430979615232e-05,-8.201430979615232e-05,0.5064579929774485,0.5063759786676524,0.11394340752141761,0.0006447328378604844,-0.0006447328378604844,0.314239856047101,0.3135951232092405,0.14704895311581595,0.7093449012207667,8.825352032726376e-05,0.9906056655197261,0.0004172493116156861,-0.0004172493116156861,8.0656525500006e-06,0.47181556904896566,0.47139831973734997,4.867976658723544e-06,0.12493423903036632,0.017314373435704057,True,0.7089988878553144,0.00030547114188261837,-0.00030547114188261837,0.560666570644822,0.5603610995029393,0.0,0.0,0.0014228468483647692,0.0003730052027389528,0.0003730052027389528,0.0,0.0038466306611715045,0.0,0.0026686378292670116,0.0,0.0005853953516075242,0.005697170376070881,0.0014704895311581595,8.0656525500006e-07,4.8679766587235437e-08,0.0012493423903036632,0.017314373435704057
0.0,0.0,0.007110302468115802,11150,6.1604257837213e-05,6.160425789881725e-05,0.0001078132418112221,0.0001078132418112221,0.17822958953434226,0.17833740277615348,0.0,0.007683332797924308,1.3932735643505947,0.0,0.03580202614961028,0.0002216720831156224,0.0,9.886503916371437e-05,0.9900569099791003,0.003426000145450947,0.71607191035249,7.179770424781129e-05,7.179770424781129e-05,0.5064579929774485,0.5065297906816963,0.11392831239660646,3.053493058724488e-05,-3.053493058724488e-05,0.314239856047101,0.31420932111651373,0.14686472575048123,0.7093032632013306,8.934942159222348e-05,0.9905475177020941,1.2741965497442553e-05,1.2741965497442553e-05,8.075728569859909e-06,0.47181556904896566,0.4718283110144631,4.871534857021694e-06,0.12514222269361122,0.016995927775269086,True,0.7089519527869867,3.319755774922051e-05,-3.319755774922051e-05,0.560666570644822,0.5606333730870727,0.0,0.0,0.0014220604936231605,6.1604257837213e-05,6.1604257837213e-05,0.0,0.003841666398962154,0.0,0.002660064997387469,0.0,0.0005931902349822862,0.005696415619830323,0.0014686472575048124,8.075728569859909e-07,4.871534857021694e-08,0.0012514222269361123,0.016995927775269086
0.0,0.0,0.007110773494839252,11175,4.986999172864218e-05,4.9869991778512174e-05,1.6643533317373116e-06,1.6643533317373116e-06,0.17822958953434226,0.178231253887674,0.0,0.007684106792328208,1.3925847284348054,0.0,0.03580178558266518,0.00022154775288951625,0.0,0.00010001052758868334,0.9899994736344189,0.0034235602005450788,0.71607191035249,8.85543694550961e-05,8.85543694550961e-05,0.5064579929774485,0.5065465473469036,0.11385162717204253,4.3980038449964454e-05,-4.3980038449964454e-05,0.314239856047101,0.314195876008651,0.14688019976835034,0.709260200110359,9.048994381160166e-05,0.9904873797609911,5.12019497724836e-05,-5.12019497724836e-05,8.062466523931597e-06,0.47181556904896566,0.47176436709919317,4.866107122945007e-06,0.12506943607822568,0.0169856469118584,True,0.7089108242333526,5.877970379097874e-06,-5.877970379097874e-06,0.560666570644822,0.5606606926744429,0.0,0.0,0.0014221546989678505,4.986999172864218e-05,4.986999172864218e-05,0.0,0.003842053396164104,0.0,0.002658573034674195,0.0,0.0006000631655321,0.005692581358602127,0.0014688019976835036,8.062466523931598e-07,4.866107122945007e-08,0.0012506943607822568,0.0169856469118584
0.0,0.0,0.007109955995573737,11200,3.681414280636894e-05,3.681414284318308e-05,4.1051246399775865e-05,-4.1051246399775865e-05,0.17822958953434226,0.17818853828794248,0.0,0.007682151047094537,1.392763828272533,0.0,0.035779946773122386,0.00022126812609140432,0.0,0.0001023981778664218,0.989880801520554,0.003423725839906773,0.71607191035249,1.0750035751461162e-05,1.0750035751461162e-05,0.5064579929774485,0.5064687430132,0.1138382505079655,4.135746918249028e-05,-4.135746918249028e-05,0.314239856047101,0.3141984985779185,0.14684314680620322,0.7091763973476881,9.273018701285697e-05,0.99037034855185,3.5434281926149946e-05,-3.5434281926149946e-05,8.061415064297842e-06,0.47181556904896566,0.4717801347670395,4.865525302662116e-06,0.12509649140552498,0.016981651150038784,True,0.7088258464648851,4.482866130006702e-05,-4.482866130006702e-05,0.560666570644822,0.5606217419835219,0.0,0.0,0.0014219911991147475,3.681414280636894e-05,3.681414280636894e-05,0.0,0.0038410755235472687,0.0,0.002655217513096852,0.0,0.0006143890671985308,0.005691912525398276,0.0014684314680620324,8.061415064297843e-07,4.8655253026621166e-08,0.00125096491405525,0.016981651150038784
0.0,0.0,0.007114469384067821,11225,0.00015858346688457458,0.00015858346704315804,0.00010710525554849526,0.00010710525554849526,0.17822958953434226,0.17833669478989075,0.0,0.007691846903113554,1.3913078525921112,0.0,0.03589258882680285,0.00022256775230637235,0.0,8.954755163751114e-05,0.99053704318738,0.00342051082992249,0.71607191035249,0.00018558489270126266,-0.00018558489270126266,0.5064579929774485,0.5062724080847473,0.1139233361342187,0.00015629162712776923,0.00015629162712776923,0.314239856047101,0.31439614767422874,0.14703073311563625,0.7096402467423365,8.06742072229886e-05,0.9910181178351646,0.000185016409090355,-0.000185016409090355,8.05712758344936e-06,0.47181556904896566,0.4716305526398753,4.864514467025434e-06,0.12489459344746989,0.017051773563001464,True,0.7092957626954646,0.00014550652077882642,0.00014550652077882642,0.560666570644822,0.5608120771656008,0.0,0.0,0.0014228938768135642,0.00015858346688457458,0.00015858346688457458,0.0,0.003845923451556777,0.0,0.002670813027676468,0.0,0.0005372853098250668,0.005696166806710936,0.0014703073311563624,8.05712758344936e-07,4.8645144670254335e-08,0.001248945934474699,0.017051773563001464
0.0,0.0,0.007110001571190183,11250,2.4464986664651245e-05,2.446498668911623e-05,1.7244315129755217e-05,1.7244315129755217e-05,0.17822958953434226,0.17824683384947201,0.0,0.00768219676057919,1.392927776123974,0.0,0.03578931777460238,0.00022141710709701448,0.0,0.00010041845913919432,0.9899790988858689,0.0034240903267696763,0.71607191035249,4.057477474561644e-06,4.057477474561644e-06,0.5064579929774485,0.5064620504549231,0.11386394991896982,4.466610707903884e-05,4.466610707903884e-05,0.314239856047101,0.31428452215418,0.14684459659218302,0.7092467864161099,9.084668176102879e-05,0.9904686474327602,2.0753091754532882e-05,2.0753091754532882e-05,8.066156485098304e-06,0.47181556904896566,0.4718363221407202,4.867499402402107e-06,0.1251166536054334,0.016960745009758815,True,0.7088962344480317,1.5909003795777643e-05,1.5909003795777643e-05,0.560666570644822,0.5606824796486177,0.0,0.0,0.0014220003142380367,2.4464986664651245e-05,2.4464986664651245e-05,0.0,0.003841098380289595,0.0,0.002657005285164174,0.0,0.0006025107548351658,0.005693197495948491,0.0014684459659218302,8.066156485098304e-07,4.867499402402107e-08,0.001251166536054334,0.016960745009758815
0.0,0.0,0.007108994929280224,11275,7.576411917535771e-05,7.576411925112182e-05,6.435407227647905e-05,6.435407227647905e-05,0.17822958953434226,0.17829394360661874,0.0,0.0076804662979812945,1.3936132692994192,0.0,0.03577347796142748,0.00022131251737571083,0.0,0.00010207491505643908,0.989896786894436,0.0034262531604038826,0.71607191035249,8.419341252230428e-05,8.419341252230428e-05,0.5064579929774485,0.5065421863899708,0.11390335459719104,3.3238685817338354e-05,-3.3238685817338354e-05,0.314239856047101,0.31420661736128364,0.14680974003028238,0.709189831768311,9.236920996315764e-05,0.990389109824623,0.0001254080060436591,0.0001254080060436591,8.07551085554752e-06,0.47181556904896566,0.4719409770550093,4.871204515462167e-06,0.12520420440679703,0.01702215939023027,True,0.7088372931422584,2.5279503240049905e-05,2.5279503240049905e-05,0.560666570644822,0.560691850148062,0.0,0.0,0.001421798985856045,7.576411917535771e-05,7.576411917535771e-05,0.0,0.0038402331489906473,0.0,0.00265575020850853,0.0,0.0006124494903386344,0.005695167729859552,0.001468097400302824,8.075510855547521e-07,4.871204515462167e-08,0.0012520420440679703,0.01702215939023027
0.0,0.0,0.00711027414346425,11300,1.0157035289626804e-05,1.0157035299783839e-05,1.4027861162863031e-05,1.4027861162863031e-05,0.17822958953434226,0.17824361739550512,0.0,0.007682865911960909,1.392816972885908,0.0,0.03579399615057489,0.00022146863525316756,0.0,0.00010021145214930798,0.9899894329756348,0.003423939297718416,0.71607191035249,2.5387746404037514e-06,-2.5387746404037514e-06,0.5064579929774485,0.5064554542028081,0.11386094566533146,1.4263411484971567e-05,1.4263411484971567e-05,0.314239856047101,0.31425411945858595,0.14685710350074818,0.7092537804118941,9.066058848741241e-05,0.9904784146022098,2.1939974420570607e-06,-2.1939974420570607e-06,8.065093497733749e-06,0.47181556904896566,0.4718133750515236,4.8671007909952e-06,0.12510122348091562,0.01694602288933769,True,0.7089036343995355,1.021479480756149e-05,1.021479480756149e-05,0.560666570644822,0.5606767854396295,0.0,0.0,0.00142205482869285,1.0157035289626804e-05,1.0157035289626804e-05,0.0,0.0038414329559804546,0.0,0.0026576236230380105,0.0,0.0006012687128958479,0.005693047283266573,0.0014685710350074818,8.065093497733749e-07,4.8671007909952e-08,0.0012510122348091562,0.01694602288933769
0.0,0.0,0.007110149424199582,11325,6.204756801181225e-06,6.204756807385982e-06,8.231590703650093e-06,8.231590703650093e-06,0.17822958953434226,0.1782378211250459,0.0,0.0076826015265136684,1.3928496975302667,0.0,0.03579078483752139,0.0002214287415906305,0.0,0.00010061435439732549,0.9899693293146806,0.0034239980287295844,0.71607191035249,2.479540934685609e-06,2.479540934685609e-06,0.5064579929774485,0.5064604725183832,0.11385896090179651,7.775207746973933e-06,7.775207746973933e-06,0.314239856047101,0.31424763125484795,0.14685197259216082,0.7092395670093337,9.103897279278367e-05,0.9904585654751089,2.6821832421752845e-06,2.6821832421752845e-06,8.065031423727464e-06,0.47181556904896566,0.47181825123220783,4.867053833065649e-06,0.12510634506190402,0.01694375282568063,True,0.7088892387324299,7.137216823216441e-06,7.137216823216441e-06,0.560666570644822,0.5606737078616452,0.0,0.0,0.0014220298848399166,6.204756801181225e-06,6.204756801181225e-06,0.0,0.0038413007632568342,0.0,0.002657144899087566,0.0,0.000603686126383953,0.005692948045089826,0.0014685197259216081,8.065031423727465e-07,4.8670538330656494e-08,0.0012510634506190403,0.01694375282568063
0.0,0.0,0.007110050701729737,11350,3.5700962231244227e-06,3.5700962266945187e-06,5.593997250474825e-06,5.593997250474825e-06,0.17822958953434226,0.17823518353159273,0.0,0.00768240366016264,1.392888686542767,0.0,0.03578825528010959,0.00022140050254394828,0.0,0.0001009336643541509,0.9899534252426934,0.0034241141359289823,0.71607191035249,2.53178707554369e-06,2.53178707554369e-06,0.5064579929774485,0.5064605247645241,0.11385917494263258,1.021794730160508e-06,-1.021794730160508e-06,0.314239856047101,0.3142388342523708,0.14684808390453646,0.7092283686670995,9.133764617800033e-05,0.9904429269031779,4.9764897435689015e-06,4.9764897435689015e-06,8.065261016372563e-06,0.47181556904896566,0.4718205455387092,4.867132044116425e-06,0.12511132338824152,0.016942598100784165,True,0.7088778502730606,4.644024834687954e-07,4.644024834687954e-07,0.560666570644822,0.5606670350473054,0.0,0.0,0.0014220101403459476,3.5700962231244227e-06,3.5700962231244227e-06,0.0,0.00384120183008132,0.0,0.0026568060305273795,0.0,0.0006056019861249055,0.005692958747131629,0.0014684808390453647,8.065261016372563e-07,4.867132044116425e-08,0.0012511132338824153,0.016942598100784165
0.0,0.0,0.007110054517344459,11375,1.4226152598146075e-05,1.4226152612372227e-05,2.7185503788745846e-05,-2.7185503788745846e-05,0.17822958953434226,0.1782024040305535,0.0,0.007682346006094598,1.3927438884631285,0.0,0.035785039215039796,0.00022132967083718472,0.0,0.00010160218995604226,0.9899202088337088,0.003423557991612501,0.71607191035249,9.376247787074021e-06,9.376247787074021e-06,0.5064579929774485,0.5064673692252356,0.11383992798558186,8.54788067916612e-06,-8.54788067916612e-06,0.314239856047101,0.3142313081664218,0.14684710776934953,0.7092042803361472,9.198176890740468e-05,0.9904092873618586,1.0534580549503847e-05,-1.0534580549503847e-05,8.061835623708937e-06,0.47181556904896566,0.47180503446841615,4.865712006185774e-06,0.1250968943408929,0.016955270509960756,True,0.7088540649352918,9.527856426050363e-07,-9.527856426050363e-07,0.560666570644822,0.5606656178591793,0.0,0.0,0.001422010903468892,1.4226152598146075e-05,1.4226152598146075e-05,0.0,0.003841173003047299,0.0,0.0026559560500462164,0.0,0.0006096131397362536,0.005691996399279094,0.0014684710776934954,8.061835623708937e-07,4.8657120061857746e-08,0.0012509689434089292,0.016955270509960756
0.0,0.0,0.00711004691163301,11400,6.125379140544233e-06,6.125379146669612e-06,9.264623825194773e-06,-9.264623825194773e-06,0.17822958953434226,0.17822032491051706,0.0,0.0076823336056788425,1.3928232365118158,0.0,0.035786616357508426,0.0002213657400030777,0.0,0.00010119287487069827,0.98994053307224,0.0034238486846364185,0.71607191035249,7.568740406638241e-06,-7.568740406638241e-06,0.5064579929774485,0.5064504242370419,0.1138508666173249,2.835042589910408e-06,2.835042589910408e-06,0.314239856047101,0.3142426910896909,0.14684692185121254,0.709219026339604,9.158719164176878e-05,0.990429880270249,4.493265551908099e-06,-4.493265551908099e-06,8.063708595033024e-06,0.47181556904896566,0.47181107578341375,4.866487495444416e-06,0.12510430161898983,0.01694575829487041,True,0.7088686185518065,4.031793729875055e-06,-4.031793729875055e-06,0.560666570644822,0.5606625388510921,0.0,0.0,0.001422009382326602,6.125379140544233e-06,6.125379140544233e-06,0.0,0.0038411668028394213,0.0,0.002656388880036932,0.0,0.0006071572492241896,0.005692543330866245,0.0014684692185121253,8.063708595033025e-07,4.866487495444416e-08,0.0012510430161898985,0.01694575829487041
0.0,0.0,0.007109996230822166,11425,3.908333541619384e-06,3.908333545527718e-06,6.421620135643735e-07,-6.421620135643735e-07,0.17822958953434226,0.1782289473723287,0.0,0.007682240618254089,1.3928822814499924,0.0,0.035786467564051114,0.0002213736371346735,0.0,0.00010110821356100096,0.9899447419943096,0.00342403966397208,0.71607191035249,4.68919493645803e-06,-4.68919493645803e-06,0.5064579929774485,0.5064533037825121,0.113856358301899,5.470186617062556e-06,5.470186617062556e-06,0.314239856047101,0.31424532623371804,0.14684510265436598,0.7092221995806518,9.150239215485375e-05,0.9904343117260255,2.9879835307666802e-06,2.9879835307666802e-06,8.064792460392959e-06,0.47181556904896566,0.4718185570324964,4.86692919816863e-06,0.12511096254884166,0.016943394531480232,True,0.7088716324427156,3.888887643799244e-06,-3.888887643799244e-06,0.560666570644822,0.5606626817571781,0.0,0.0,0.0014219992461644332,3.908333541619384e-06,3.908333541619384e-06,0.0,0.0038411203091270447,0.0,0.0026564836456160817,0.0,0.0006066492813660058,0.0056928179150949505,0.0014684510265436598,8.064792460392959e-07,4.86692919816863e-08,0.0012511096254884165,0.016943394531480232
0.0,0.0,0.007110042300596764,11450,9.77881838116237e-07,9.77881839094119e-07,1.0304049732068332e-06,-1.0304049732068332e-06,0.17822958953434226,0.17822855912936905,0.0,0.007682361504856491,1.3928625723945254,0.0,0.03578739801742525,0.0002213837087306309,0.0,0.00010106767157648668,0.989946758155874,0.0034240037918637236,0.71607191035249,2.7276390757169366e-07,2.7276390757169366e-07,0.5064579929774485,0.5064582657413561,0.11385546073039446,3.496730843766116e-08,-3.496730843766116e-08,0.314239856047101,0.31423982107979254,0.1468473418258243,0.7092235546979166,9.14661909110169e-05,0.9904362041578139,1.5374254910272e-06,1.5374254910272e-06,8.064595835265607e-06,0.47181556904896566,0.4718171064744567,4.866854839591718e-06,0.12510867138931064,0.0169403659254152,True,0.7088730761593987,1.1314725117950175e-06,-1.1314725117950175e-06,0.560666570644822,0.5606654391723102,0.0,0.0,0.001422008460119353,9.77881838116237e-07,9.77881838116237e-07,0.0,0.0038411807524282456,0.0,0.0026566045047675705,0.0,0.0006064060294589201,0.005692773036519723,0.001468473418258243,8.064595835265607e-07,4.866854839591718e-08,0.0012510867138931065,0.0169403659254152
0.0,0.0,0.007110089527069084,11475,5.57493492774621e-07,5.574934933321145e-07,1.0526289639656294e-06,1.0526289639656294e-06,0.17822958953434226,0.17823064216330622,0.0,0.007682471586988197,1.3928515107076422,0.0,0.035788573741591966,0.00022139869565334958,0.0,0.00010094117772980254,0.9899530513224262,0.0034239947834458643,0.71607191035249,1.0216071100188628e-07,1.0216071100188628e-07,0.5064579929774485,0.5064580951381595,0.1138561950540367,5.707207706429074e-07,-5.707207706429074e-07,0.314239856047101,0.31423928532633033,0.1468494347515993,0.7092279984836884,9.134752777090636e-05,0.9904424099391684,2.9752406693894784e-07,-2.9752406693894784e-07,8.064633597925492e-06,0.47181556904896566,0.4718152715248987,4.866878329294055e-06,0.12510690973398902,0.016939470936320502,True,0.7088775825192568,1.459029144168511e-07,-1.459029144168511e-07,0.560666570644822,0.5606664247419075,0.0,0.0,0.0014220179054138169,5.57493492774621e-07,5.57493492774621e-07,0.0,0.0038412357934940987,0.0,0.0026567843478401947,0.0,0.0006056470663788152,0.005692809752701835,0.001468494347515993,8.064633597925492e-07,4.8668783292940546e-08,0.0012510690973398903,0.016939470936320502
0.0,0.0,0.007110082615514216,11500,4.062586146912656e-06,4.062586150975242e-06,5.7025790041742574e-06,5.7025790041742574e-06,0.17822958953434226,0.17823529211334643,0.0,0.007682476472201327,1.3928757522298625,0.0,0.03578892631349927,0.00022140783390613622,0.0,0.00010087633420379786,0.989956278866685,0.0034240864745900537,0.71607191035249,5.500800530189309e-06,-5.500800530189309e-06,0.5064579929774485,0.5064524921769183,0.11385890921307722,2.072980366696342e-06,-2.072980366696342e-06,0.314239856047101,0.3142377830667343,0.14684946948421093,0.7092303542354621,9.12846529839161e-05,0.9904456997648223,3.5639948000043553e-06,3.5639948000043553e-06,8.065154420994853e-06,0.47181556904896566,0.47181913304376566,4.8670915796446755e-06,0.1251096849338001,0.016942861548638704,True,0.7088798936730722,1.656958316775814e-06,1.656958316775814e-06,0.560666570644822,0.5606682276031387,0.0,0.0,0.0014220165231028433,4.062586146912656e-06,4.062586146912656e-06,0.0,0.0038412382361006636,0.0,0.0026568940068736344,0.0,0.0006052580052227872,0.005692945460653861,0.0014684946948421093,8.065154420994853e-07,4.867091579644676e-08,0.001251096849338001,0.016942861548638704
0.0,0.0,0.007110054054505507,11525,8.326409112444672e-07,8.326409120771081e-07,2.0910962017506307e-07,2.0910962017506307e-07,0.17822958953434226,0.17822979864396243,0.0,0.007682391964207472,1.392863107760593,0.0,0.03578776689727886,0.00022138908550363738,0.0,0.00010102404939176509,0.9899489279481358,0.0034240146593745684,0.71607191035249,5.746280316021313e-07,-5.746280316021313e-07,0.5064579929774485,0.5064574183494169,0.11385605246973253,3.9727705924974543e-07,-3.9727705924974543e-07,0.314239856047101,0.3142394587700417,0.14684791242421796,0.7092250980716848,9.142496921815435e-05,0.9904383594912717,1.6035426416149967e-06,1.6035426416149967e-06,8.06468181796504e-06,0.47181556904896566,0.47181717259160727,4.866892215341962e-06,0.12510859917427697,0.01694007563288585,True,0.7088746298867104,6.027870014246872e-07,-6.027870014246872e-07,0.560666570644822,0.5606659678578205,0.0,0.0,0.0014220108109011015,8.326409112444672e-07,8.326409112444672e-07,0.0,0.003841195982103736,0.0,0.0026566690260436485,0.0,0.0006061442963505905,0.005692802623486627,0.0014684791242421797,8.064681817965041e-07,4.8668922153419616e-08,0.0012510859917427698,0.01694007563288585
0.0,0.0,0.007110054721327754,11550,8.451420556565466e-07,8.451420565016887e-07,5.777085808622573e-07,5.777085808622573e-07,0.17822958953434226,0.17823016724292312,0.0,0.007682392977106685,1.3928642610888426,0.0,0.035787817793457265,0.0002213899982124223,0.0,0.00010101274233000198,0.989949490444261,0.0034240188835888315,0.71607191035249,2.507235813409281e-07,-2.507235813409281e-07,0.5064579929774485,0.5064577422538672,0.11385626477054533,2.6272832409635072e-08,2.6272832409635072e-08,0.314239856047101,0.3142398823199334,0.14684793504460097,0.7092255031861722,9.14141506274873e-05,0.9904389252368007,1.6516090391438532e-06,1.6516090391438532e-06,8.06471534486722e-06,0.47181556904896566,0.4718172206580048,4.866906377297006e-06,0.12510868514418533,0.01694004358841702,True,0.7088750326743909,6.679919758445507e-07,-6.679919758445507e-07,0.560666570644822,0.5606659026528461,0.0,0.0,0.0014220109442655508,8.451420556565466e-07,8.451420556565466e-07,0.0,0.0038411964885533426,0.0,0.0026566799785490676,0.0,0.0006060764539800119,0.005692813238527267,0.0014684793504460098,8.064715344867221e-07,4.866906377297006e-08,0.0012510868514418532,0.01694004358841702
0.0,0.0,0.0071100541909237085,11575,8.552299718559583e-07,8.552299727111882e-07,5.828263105744913e-07,5.828263105744913e-07,0.17822958953434226,0.17823017236065283,0.0,0.007682391763442928,1.392864532713303,0.0,0.035787806034024525,0.0002213898847221038,0.0,0.00010101373433266217,0.9899494410935181,0.0034240196404484863,0.71607191035249,2.064025297343619e-07,-2.064025297343619e-07,0.5064579929774485,0.5064577865749188,0.11385627781802998,2.7108040145940038e-08,2.7108040145940038e-08,0.314239856047101,0.3142398831551411,0.14684791187790996,0.7092254690672379,9.141506174963744e-05,0.9904388775894439,1.6613949094246294e-06,1.6613949094246294e-06,8.06471830099288e-06,0.47181556904896566,0.4718172304438751,4.866907526154782e-06,0.12510871546059768,0.016940058277731217,True,0.7088749973357097,7.168229402276793e-07,-7.168229402276793e-07,0.560666570644822,0.5606658538218817,0.0,0.0,0.0014220108381847417,8.552299718559583e-07,8.552299718559583e-07,0.0,0.003841195881721464,0.0,0.0026566786166652458,0.0,0.000606082405995973,0.0056928138909015,0.0014684791187790996,8.06471830099288e-07,4.8669075261547824e-08,0.0012510871546059768,0.016940058277731217
0.0,0.0,0.007110054696371689,11600,8.420963123117221e-07,8.420963131538185e-07,5.782256211617209e-07,5.782256211617209e-07,0.17822958953434226,0.17823016775996342,0.0,0.007682392933438374,1.3928642592911602,0.0,0.035787816898275523,0.0002213899876641992,0.0,0.00010101279386992786,0.9899494878802159,0.003424018755167757,0.71607191035249,1.8081458463825584e-07,-1.8081458463825584e-07,0.5064579929774485,0.5064578121628639,0.11385626365353115,2.9781955290797413e-08,2.9781955290797413e-08,0.314239856047101,0.31423988582905626,0.14684793406202018,0.7092255012678781,9.141420185406057e-05,0.9904389225578881,1.6518399765241831e-06,1.6518399765241831e-06,8.064715429180873e-06,0.47181556904896566,0.4718172208889422,4.866906418912571e-06,0.12510868613883505,0.016940040642788014,True,0.7088750308383502,6.701715804524611e-07,-6.701715804524611e-07,0.560666570644822,0.5606659004732415,0.0,0.0,0.0014220109392743378,8.420963123117221e-07,8.420963123117221e-07,0.0,0.003841196466719187,0.0,0.0026566798519703904,0.0,0.0006060767632195672,0.005692813182676558,0.001468479340620202,8.064715429180873e-07,4.866906418912571e-08,0.0012510868613883506,0.016940040642788014
0.0,0.0,0.0071100547212724526,11625,8.451432339949119e-07,8.451432348400552e-07,5.777090755498815e-07,5.777090755498815e-07,0.17822958953434226,0.1782301672434178,0.0,0.007682392976982345,1.3928642611171709,0.0,0.035787817792229386,0.00022138999820029434,0.0,0.00010101274243405097,0.9899494904390846,0.003424018883669311,0.71607191035249,2.507234431181615e-07,-2.507234431181615e-07,0.5064579929774485,0.5064577422540054,0.1138562647719095,2.627267409183176e-08,2.627267409183176e-08,0.314239856047101,0.31423988231977507,0.14684793504222335,0.7092255031825918,9.141415072309807e-05,0.9904389252318007,1.6516097959273779e-06,1.6516097959273779e-06,8.064715345175503e-06,0.47181556904896566,0.4718172206587616,4.866906377416858e-06,0.12510868514734705,0.01694004359007697,True,0.7088750326706843,6.679971891188075e-07,-6.679971891188075e-07,0.560666570644822,0.5606659026476328,0.0,0.0,0.0014220109442544906,8.451432339949119e-07,8.451432339949119e-07,0.0,0.0038411964884911727,0.0,0.002656679978403532,0.0,0.0006060764546043058,0.005692813238595475,0.0014684793504222335,8.064715345175504e-07,4.866906377416858e-08,0.0012510868514734705,0.01694004359007697
0.0,0.0,0.007110054721327524,11650,8.43757772938085e-07,8.437577737818428e-07,5.779191485644208e-07,5.779191485644208e-07,0.17822958953434226,0.17823016745349082,0.0,0.007682392955677873,1.392864261088952,0.0,0.03578781780826581,0.00022139000101164134,0.0,0.0001010127366821468,0.9899494907252345,0.0034240188688613228,0.71607191035249,2.2314652847743588e-07,-2.2314652847743588e-07,0.5064579929774485,0.5064577698309201,0.11385626474594844,2.488144429380057e-08,2.488144429380057e-08,0.314239856047101,0.31423988092854527,0.14684793467541943,0.7092255033960654,9.141414502245016e-05,0.9904389255299182,1.652173062971496e-06,1.652173062971496e-06,8.064715344868397e-06,0.47181556904896566,0.4718172212220286,4.866906377297487e-06,0.12510868514419748,0.016940042188201807,True,0.7088750328755882,6.674998669353727e-07,-6.674998669353727e-07,0.560666570644822,0.560665903144955,0.0,0.0,0.0014220109442655048,8.43757772938085e-07,8.43757772938085e-07,0.0,0.0038411964778389367,0.0,0.002656680012139696,0.0,0.0006060764200928808,0.005692813237297423,0.0014684793467541943,8.064715344868398e-07,4.866906377297487e-08,0.0012510868514419749,0.016940042188201807
0.0,0.0,0.007110054721327453,11675,8.415587009269043e-07,8.415587017684629e-07,5.779947254702655e-07,5.779947254702655e-07,0.17822958953434226,0.17823016752906773,0.0,0.007682392989533539,1.3928642465111207,0.0,0.03578781745225852,0.00022138999313568632,0.0,0.00010101274693010787,0.9899494902154116,0.003424018718864265,0.71607191035249,1.8160337533768e-07,-1.8160337533768e-07,0.5064579929774485,0.5064578113740732,0.113856263038509,2.967718543134268e-08,2.967718543134268e-08,0.314239856047101,0.3142398857242864,0.1468479351346528,0.7092255028830637,9.141415872176294e-05,0.9904389248135075,1.651406087932461e-06,1.651406087932461e-06,8.064715290094043e-06,0.47181556904896566,0.4718172204550536,4.866906364858373e-06,0.125108684712436,0.016940039887931062,True,0.7088750325105183,6.678508451818388e-07,-6.678508451818388e-07,0.560666570644822,0.5606659027939768,0.0,0.0,0.0014220109442654907,8.415587009269043e-07,8.415587009269043e-07,0.0,0.0038411964947667695,0.0,0.002656679917628236,0.0,0.0006060764815806472,0.00569281315192545,0.001468479351346528,8.064715290094044e-07,4.866906364858373e-08,0.00125108684712436,0.016940039887931062
0.0,0.0,0.007110054721327364,11700,8.451420037006406e-07,8.451420045457826e-07,5.777085716474062e-07,5.777085716474062e-07,0.17822958953434226,0.1782301672429139,0.0,0.007682392977105858,1.3928642610890316,0.0,0.03578781779344905,0.0002213899982123413,0.0,0.00010101274233069603,0.9899494904442264,0.003424018883589368,0.71607191035249,2.507243760385691e-07,-2.507243760385691e-07,0.5064579929774485,0.5064577422530725,0.11385626477055613,2.627237927210757e-08,2.627237927210757e-08,0.314239856047101,0.31423988231948025,0.1468479350445851,0.7092255031861482,9.141415062812633e-05,0.9904389252367672,1.651608788011405e-06,1.651608788011405e-06,8.064715344869258e-06,0.47181556904896566,0.47181722065775367,4.866906377297797e-06,0.12510868514420642,0.016940043588368356,True,0.7088750326743661,6.679919956065206e-07,-6.679919956065206e-07,0.560666570644822,0.5606659026528263,0.0,0.0,0.001422010944265473,8.451420037006406e-07,8.451420037006406e-07,0.0,0.003841196488552929,0.0,0.0026566799785480953,0.0,0.0006060764539841762,0.005692813238527807,0.0014684793504458511,8.064715344869259e-07,4.866906377297797e-08,0.0012510868514420642,0.016940043588368356
