detour_error,direction_error,endpoint_error,eval,feature_loss,feature_rmse,flow_boundness_abs_error,flow_boundness_error,flow_boundness_target,flow_boundness_value,joint_limit_error,joint_preservation_error,log_speed_range,max_dev_error,nearest_path_max_dist,nearest_path_mse,out_of_range_error,path_length_error,path_length_ratio,pointwise_cart_mse,ref_path_length,shape_arcness_abs_error,shape_arcness_error,shape_arcness_target,shape_arcness_value,smoothness_error,space_indirectness_abs_error,space_indirectness_error,space_indirectness_target,space_indirectness_value,spatial_coeff_error,spatial_path_length,spatial_path_length_error,spatial_path_length_ratio,time_abs_error,time_error,time_roughness,time_target,time_value,time_warp_deviation,timing_coeff_error,total_loss,valid_candidate,var_path_length,weight_abs_error,weight_error,weight_target,weight_value,weighted_detour,weighted_direction,weighted_endpoint,weighted_feature_loss,weighted_feature_rmse,weighted_joint_limits,weighted_joint_preservation,weighted_max_deviation,weighted_nearest_path,weighted_out_of_range,weighted_path_length,weighted_smoothness,weighted_spatial_coefficients,weighted_time_roughness,weighted_time_warp,weighted_timing_coefficients,weighted_total_loss
58.943673359005466,0.030768643561752018,0.038954656122641984,25,41.95393099408244,41.95393103603637,29.38034982963361,29.38034982963361,0.13434145653821858,29.51469128617183,0.0,0.0767770307948791,2.5671978139820455,0.015212400998935291,0.20333856249744153,0.0068539732822991365,1707.0514725766839,65.24565601526261,9.077478320321424,0.00880768670080187,0.11260163850920346,0.3112366956958973,-0.3112366956958973,0.37853848277213403,0.06730178707623671,1.164031699834925,1.6484751837668106,1.6484751837668106,0.710130366962256,2.3586055507290666,0.24783304594266858,1.027435194551777,66.00770988655074,9.12451290149451,43.386532121686976,43.386532121686976,1.3784561008375984e-05,0.24177930482610213,43.62831142651308,2.257753477263161e-05,0.13617832962716467,563.5022803685524,True,1.0221390231747476,77.79621573388008,77.79621573388008,0.035750267384525816,77.8319660012646,29.471836679502733,0.015384321780876009,0.007790931224528397,41.95393099408244,41.95393099408244,0.0,0.003838851539743955,0.015212400998935291,0.010280959923448706,426.76286814417097,65.24565601526261,0.01164031699834925,0.002478330459426686,4.135368302512795e-07,2.2577534772631612e-07,0.0013617832962716466,563.5022803685524
92.09504386047759,0.17149792658391738,0.12617679847286292,50,57.06331098819348,57.06331104525678,40.96506789113494,40.96506789113494,0.13434145653821858,41.09940934767316,0.0,0.07797686648060162,4.521121761024458,0.03771867691197803,0.2742129679294821,0.015221969125647092,3183.9756684776034,99.9323368775967,10.996616271398873,0.01932306596779632,0.11260163850920346,0.2640857814008844,-0.2640857814008844,0.37853848277213403,0.11445270137124965,2.717840931993767,2.307577569122186,2.307577569122186,0.710130366962256,3.017707936084442,0.4152547006785152,1.2502985854887139,102.08541067983793,11.103732512286632,55.71143232389987,55.71143232389987,0.0003064621485769664,0.24177930482610213,55.953211628725974,0.00010061613414130649,0.4125275099827657,999.2479881437932,True,1.2382371201826434,107.2091983124368,107.2091983124368,0.035750267384525816,107.24494857982133,46.047521930238794,0.08574896329195869,0.025235359694572586,57.06331098819348,57.06331098819348,0.0,0.0038988433240300813,0.03771867691197803,0.022832953688470638,795.9939171194009,99.9323368775967,0.02717840931993767,0.004152547006785153,9.193864457308992e-06,1.006161341413065e-06,0.004125275099827657,999.2479881437932
215.15008845045918,0.015408949561441343,0.03485751002767091,75,166.628746800337,166.62874696696576,71.36251731135138,71.36251731135138,0.13434145653821858,71.4968587678896,0.0,0.06124427493726905,4.195909319147348,0.03747451983917204,0.27358336663869665,0.022049610127521182,27573.537744502108,227.044484753989,16.067995379412253,0.024883205444566653,0.11260163850920346,0.46034182999676715,-0.46034182999676715,0.37853848277213403,-0.08180334722463312,2.043042250483805,1.7046735823691188,1.7046735823691188,0.710130366962256,2.414803949331375,0.23008768132006194,1.8139647275983282,228.29926360883462,16.109575229265534,105.8931047979637,105.8931047979637,0.0001481119881787072,0.24177930482610213,106.1348841027898,8.915102041993973e-05,0.4547818594544086,7394.748283483428,True,1.8092827679600836,350.02374238259495,350.02374238259495,0.035750267384525816,350.05949264997946,107.57504422522959,0.0077044747807206715,0.006971502005534182,166.628746800337,166.628746800337,0.0,0.0030622137468634524,0.03747451983917204,0.03307441519128177,6893.384436125527,227.044484753989,0.02043042250483805,0.0023008768132006196,4.443359645361215e-06,8.915102041993974e-07,0.004547818594544086,7394.748283483428
243.858549333383,0.09394202766926518,0.07981881119878564,100,58.098977226842706,58.09897728494168,44.865661494361134,44.865661494361134,0.13434145653821858,45.00000295089935,0.0,0.07042421557219931,3.7742136282753935,0.027508211601550328,0.24585599658001617,0.022506101659252625,3303.6343162354665,256.511326109319,17.015970969919962,0.033109944089324696,0.11260163850920346,0.3831579938743128,-0.3831579938743128,0.37853848277213403,-0.004619511102178805,0.8507963706877593,2.7479035168244055,2.7479035168244055,0.710130366962256,3.4580338837866615,0.31939168627218245,1.9220822803276896,258.2369480324979,17.069752581558244,39.417697076478305,39.417697076478305,1.4218253420071513e-05,0.24177930482610213,39.65947638130441,1.860592761556517e-05,0.3316605467242029,1262.590899511307,True,1.9160263821977375,115.33895959239095,115.33895959239095,0.035750267384525816,115.37470985977548,121.9292746666915,0.04697101383463259,0.01596376223975713,58.098977226842706,58.098977226842706,0.0,0.003521210778609966,0.027508211601550328,0.03375915248887894,825.9085790588666,256.511326109319,0.008507963706877593,0.0031939168627218247,4.265476026021454e-07,1.860592761556517e-07,0.003316605467242029,1262.590899511307
269.4245043836465,0.0034961093775185415,0.03334603918418322,125,88.24789539932804,88.24789548757595,39.800083454869544,39.800083454869544,0.13434145653821858,39.93442491140776,0.0,0.08857386287158003,2.9968822891852946,0.027125416616655764,0.24469795571486538,0.02373414990837467,7687.290213050255,282.71582887150885,17.814155609827953,0.02985957915951316,0.11260163850920346,0.42792876458724277,-0.42792876458724277,0.37853848277213403,-0.049390281815108725,0.8092137192707933,1.8572270471581795,1.8572270471581795,0.710130366962256,2.5673574141204356,0.4964468993848108,2.0107850370158964,284.17563523984046,17.857509757963673,48.35187136393267,48.35187136393267,2.8641072476097493e-05,0.24177930482610213,48.59365066875878,1.3670967921710958e-05,0.23775350189644226,2427.5895374595207,True,2.005903288466102,187.11727009335482,187.11727009335482,0.035750267384525816,187.15302036073933,134.71225219182324,0.0017480546887592707,0.006669207836836644,88.24789539932804,88.24789539932804,0.0,0.004428693143579002,0.027125416616655764,0.03560122486256201,1921.8225532625638,282.71582887150885,0.008092137192707934,0.004964468993848108,8.592321742829248e-07,1.367096792171096e-07,0.0023775350189644225,2427.5895374595207
59.4869525301241,0.05259737380793261,0.07715525642344856,150,51.57251876621202,51.57251881778454,32.622968983195385,32.622968983195385,0.13434145653821858,32.7573104397336,0.0,0.06203196164064233,3.16295522867955,0.0012474291257768154,0.1153189626939526,0.0042748566982278345,2596.070066268526,65.81717534776038,9.112778522045353,0.005923243076214829,0.11260163850920346,0.31413512696038465,-0.31413512696038465,0.37853848277213403,0.06440335581174939,1.4032377921828807,2.3857012468730456,2.3857012468730456,0.710130366962256,3.0958316138353017,0.3776395403396234,1.0361903131061332,67.27716629437295,9.202265924387781,44.40649420486889,44.40649420486889,1.513540750402115e-05,0.24177930482610213,44.648273509694995,3.4378125140403995e-05,0.2078774813086211,796.2230663425916,True,1.0261138840815693,101.27506308016203,101.27506308016203,0.035750267384525816,101.31081334754656,29.74347626506205,0.026298686903966306,0.015431051284689712,51.57251876621202,51.57251876621202,0.0,0.0031015980820321165,0.0012474291257768154,0.006412285047341752,649.0175165671315,65.81717534776038,0.014032377921828806,0.003776395403396234,4.540622251206345e-07,3.4378125140403997e-07,0.002078774813086211,796.2230663425916
68.64130255472786,0.03907984785336649,0.06994132105622379,175,92.41232406180761,92.41232415421993,32.74461985740829,32.74461985740829,0.13434145653821858,32.878961313946505,0.0,0.08681404956496794,4.424153947164145,0.01807609058267498,0.21444735245691893,0.009838160739847387,8435.897630735128,75.42930629907094,9.685004680428845,0.012430546153279477,0.11260163850920346,0.2920061657004134,-0.2920061657004134,0.37853848277213403,0.08653231707172064,1.9766832199366406,2.6764210270291957,2.6764210270291957,0.710130366962256,3.3865513939914518,0.5211710053240199,1.123496445998596,80.5976586001271,9.977619873893476,57.529980527528394,57.529980527528394,0.00016849288419084165,0.24177930482610213,57.7717598323545,5.93396829441371e-05,0.38619105744087395,2311.236237645343,True,1.0905474928356391,195.73203874609902,195.73203874609902,0.035750267384525816,195.76778901348354,34.32065127736393,0.019539923926683245,0.013988264211244758,92.41232406180761,92.41232406180761,0.0,0.004340702478248397,0.01807609058267498,0.01475724110977108,2108.974407683782,75.42930629907094,0.019766832199366407,0.005211710053240199,5.0547865257252495e-06,5.93396829441371e-07,0.0038619105744087394,2311.236237645343
96.85052707974697,0.00504750473788651,0.033187343949003224,200,58.43242614262796,58.43242620106039,31.36138645065996,31.36138645065996,0.13434145653821858,31.49572790719818,0.0,0.06933240377224248,2.750265132919022,0.010238423326107037,0.18118509438700464,0.005242597993059645,3344.060730224749,104.88354031046353,11.241266538395704,0.008882673807892972,0.11260163850920346,0.3352109741384346,-0.3352109741384346,0.37853848277213403,0.04332750863369941,1.2314534401032775,1.7703210452229272,1.7703210452229272,0.710130366962256,2.4804514121851833,0.32879398402499665,1.2789569210774836,107.2932045064805,11.3582433118015,46.864493801550886,46.864493801550886,1.8088854324802945e-05,0.24177930482610213,47.10627310637699,3.134299221030899e-05,0.15046762420892165,1047.804250717394,True,1.2657851435547034,117.85023723492567,117.85023723492567,0.035750267384525816,117.8859875023102,48.425263539873484,0.002523752368943255,0.0066374687898006456,58.43242614262796,58.43242614262796,0.0,0.0034666201886121243,0.010238423326107037,0.007863896989589468,836.0151825561873,104.88354031046353,0.012314534401032775,0.0032879398402499665,5.426656297440883e-07,3.134299221030899e-07,0.0015046762420892167,1047.804250717394
280.76799431976417,0.09643688687322316,0.08535174212973311,225,83.16908292535479,83.16908300852387,58.501018947376195,58.501018947376195,0.13434145653821858,58.63536040391441,0.0,0.07611887157696212,4.4574995112258256,0.02605254696366685,0.24140801393879688,0.009928172256020823,6813.136566394928,294.33290074855535,18.156133035989065,0.013126954712440072,0.11260163850920346,0.36588685211769895,-0.36588685211769895,0.37853848277213403,0.01265163065443508,1.3014888944884686,2.8142164174672057,2.8142164174672057,0.710130366962256,3.524346784429462,0.321869792542629,2.052596384622774,296.83260649595127,18.228830676977218,70.66941160491771,70.66941160491771,3.596951635225599e-05,0.24177930482610213,70.91119090974381,3.1080946220915444e-05,0.3745144958777863,2221.3001420950372,True,2.0444105104047776,161.7432941444381,161.7432941444381,0.035750267384525816,161.7790444118226,140.38399715988209,0.04821844343661158,0.01707034842594662,83.16908292535479,83.16908292535479,0.0,0.003805943578848106,0.02605254696366685,0.014892258384031236,1703.284141598732,294.33290074855535,0.013014888944884687,0.00321869792542629,1.0790854905676796e-06,3.1080946220915443e-07,0.003745144958777863,2221.3001420950372
48.21861786889394,0.3543842571402369,0.0837347945741023,250,13.024870719530224,13.024870732555094,16.371949519849995,16.371949519849995,0.13434145653821858,16.506290976388215,0.0,0.06986663032359915,3.3030827171886576,0.022231244597302597,0.2291014573949651,0.00964057571984499,153.014319228961,53.9337880225519,8.343962692072441,0.013840277902154618,0.11260163850920346,0.34910137177796996,-0.34910137177796996,0.37853848277213403,0.02943711099416407,0.972372059378542,0.8935598895808908,0.8935598895808908,0.710130366962256,1.6036902565431468,0.32466733144808396,0.9447114616957105,54.60995140070411,8.389854626493278,19.717323043224315,19.717323043224315,8.342681858552097e-05,0.24177930482610213,19.95910234805042,2.929956741210431e-05,0.3143384767363921,129.5717885854234,True,0.939543954226648,13.802260969979713,13.802260969979713,0.035750267384525816,13.838011237364238,24.10930893444697,0.17719212857011846,0.016746958914820458,13.024870719530224,13.024870719530224,0.0,0.0034933315161799574,0.022231244597302597,0.014460863579767485,38.25357980724025,53.9337880225519,0.00972372059378542,0.0032466733144808396,2.502804557565629e-06,2.929956741210431e-07,0.003143384767363921,129.5717885854234
115.9224850384553,0.8433174322857309,0.13343014528812436,275,20.381001330581157,20.38100135096216,19.529124039597235,19.529124039597235,0.13434145653821858,19.663465496135455,0.0,0.07517183272759664,2.984161001784843,0.03285802815548554,0.2612678354134719,0.013917352045666192,388.75898326167555,124.69586941537774,12.166730471153038,0.016383126428288416,0.11260163850920346,0.3838032536093958,-0.3838032536093958,0.37853848277213403,-0.005264770837261769,1.0371835299511594,2.280673487723518,2.280673487723518,0.710130366962256,2.9908038546857743,0.40609423295130814,1.379523269747003,126.59308931286868,12.251359442879277,21.520193845617793,21.520193845617793,1.1613444409394757e-05,0.24177930482610213,21.761973150443897,3.09025332829193e-05,0.19617165049086505,300.7500916252289,True,1.3699939080189898,35.02958570890583,35.02958570890583,0.035750267384525816,35.065335976290356,57.96124251922765,0.42165871614286543,0.026686029057624874,20.381001330581157,20.381001330581157,0.0,0.0037585916363798324,0.03285802815548554,0.020876028068499287,97.18974581541889,124.69586941537774,0.010371835299511594,0.004060942329513081,3.484033322818427e-07,3.09025332829193e-07,0.0019617165049086505,300.7500916252289
107.13105027961606,0.04128755024455344,0.0326450616103768,300,35.946438729974034,35.946438765920476,18.796484652510507,18.796484652510507,0.13434145653821858,18.930826109048727,0.0,0.05806927428564516,1.9321425936658179,0.021408881871999803,0.2263177428475433,0.013945026950422948,1249.020409060356,115.57138071861151,11.75041304874429,0.022115071629474063,0.11260163850920346,0.40915334834578854,-0.40915334834578854,0.37853848277213403,-0.030614865573654525,0.48165850485527073,1.4222687588972684,1.4222687588972684,0.710130366962256,2.1323991258595245,0.15444218740712926,1.3253326334495865,115.99504833452949,11.770099736517276,29.72918215533637,29.72918215533637,1.4585972297096373e-06,0.24177930482610213,29.970961460162474,1.3064479206370744e-05,0.13870519122251881,517.4185977601766,True,1.3231158799526623,72.25932422849054,72.25932422849054,0.035750267384525816,72.29507449587507,53.56552513980803,0.02064377512227672,0.00652901232207536,35.946438729974034,35.946438729974034,0.0,0.002903463714282258,0.021408881871999803,0.020917540425634422,312.255102265089,115.57138071861151,0.004816585048552708,0.0015444218740712926,4.3757916891289115e-08,1.3064479206370744e-07,0.0013870519122251882,517.4185977601766
89.8873637351735,0.9993791511489384,0.153318495112646,325,44.635886581284545,44.63588662592043,22.211921709358517,22.211921709358517,0.13434145653821858,22.346263165896737,4.919109403086798e-05,0.07458771238711426,2.0557749851076053,0.009605064682918638,0.1780054319051686,0.009636959980398175,1938.8579254147553,97.63207947081654,10.880894669553792,0.0138827364747422,0.11260163850920346,0.3884246553944264,-0.3884246553944264,0.37853848277213403,-0.009886172622292353,0.7849724896772093,1.3158856861828725,1.3158856861828725,0.710130366962256,2.0260160531451286,0.3024724001824639,1.2276489765767264,98.06117782128543,10.902584401119004,38.19075915895234,38.19075915895234,2.9547757945849614e-05,0.24177930482610213,38.43253846377844,1.9426288214560372e-05,0.18452112575243776,672.4972391345685,True,1.2252066770467616,89.4875739664358,89.4875739664358,0.035750267384525816,89.52332423382033,44.94368186758675,0.4996895755744692,0.030663699022529203,44.635886581284545,44.635886581284545,0.0002459554701543399,0.003729385619355713,0.009605064682918638,0.014455439970597263,484.7144813536888,97.63207947081654,0.007849724896772093,0.0030247240018246393,8.864327383754884e-07,1.942628821456037e-07,0.0018452112575243777,672.4972391345685
62.19800011104489,0.2553120516125549,0.07284665138843643,350,34.212140268460836,34.21214030267298,30.582460691839685,30.582460691839685,0.13434145653821858,30.716802148377905,0.0,0.05838122949072928,4.0801702004525415,0.011730803619177704,0.18830883444658475,0.0028060384185393883,1125.6534288692835,68.66725680823743,9.286570871490657,0.010583836601093277,0.11260163850920346,0.1823783734902092,-0.1823783734902092,0.37853848277213403,0.19616010928192484,2.710696324879246,2.6701727668627773,2.6701727668627773,0.710130366962256,3.3803031338250333,0.1881671291524656,1.0621213479632434,71.10799960094356,9.432555935239538,43.91388835921886,43.91388835921886,0.000185947984262995,0.24177930482610213,44.15566766404496,9.446955502925858e-05,0.41300383607962676,415.58596382438327,True,1.045683189127398,54.60286753622957,54.60286753622957,0.035750267384525816,54.638617803614096,31.099000055522446,0.12765602580627744,0.014569330277687288,34.212140268460836,34.212140268460836,0.0,0.0029190614745364645,0.011730803619177704,0.004209057627809083,281.4133572173209,68.66725680823743,0.027106963248792464,0.001881671291524656,5.57843952788985e-06,9.446955502925858e-07,0.004130038360796268,415.58596382438327
116.52527023146519,0.7122717686756901,0.11989522728846184,375,59.95333239391063,59.95333245386396,37.86851723422507,37.86851723422507,0.13434145653821858,38.00285869076328,0.0,0.08531245882922633,4.268605786692451,0.021129134032763383,0.22535863934683545,0.015227571592659694,3519.7333271547627,125.32101993534948,12.194687129855371,0.02112236242566106,0.11260163850920346,0.37989396676830245,-0.37989396676830245,0.37853848277213403,-0.0013554839961684242,1.4044599144134264,1.6998765270773304,1.6998765270773304,0.710130366962256,2.4100068940395865,0.3193763074956533,1.3794365994157372,126.575769394242,12.250589735397963,57.47416171537779,57.47416171537779,4.764343485027799e-05,0.24177930482610213,57.71594102020389,2.6176265630129815e-05,0.3924820376795947,1123.9198351515035,True,1.3731418738756815,115.02900764407293,115.02900764407293,0.035750267384525816,115.06475791145746,58.26263511573259,0.35613588433784504,0.02397904545769237,59.95333239391063,59.95333239391063,0.0,0.004265622941461317,0.021129134032763383,0.02284135738898954,879.9333317886907,125.32101993534948,0.014044599144134265,0.0031937630749565332,1.4293030455083396e-06,2.617626563012982e-07,0.003924820376795948,1123.9198351515035
88.39170573655814,0.10310340408699448,0.04877924093190809,400,39.375384440215306,39.37538447959069,35.50035159169859,35.50035159169859,0.13434145653821858,35.634693048236805,0.0,0.06102314151608497,3.5929291002662938,0.013238997009259165,0.19506084046824604,0.004026294184211345,1498.8701864407933,96.07305479582918,10.801686324088788,0.005542569108435866,0.11260163850920346,0.2866930351841669,-0.2866930351841669,0.37853848277213403,0.09184544758796714,2.2892500919007954,1.824428140634831,1.824428140634831,0.710130366962256,2.534558507597087,0.19275920715295344,1.2304916969531141,98.56181279822151,10.927830216025127,47.49690048503646,47.49690048503646,0.00015234788295324917,0.24177930482610213,47.738679789862566,6.041534064819035e-05,0.21716649935371574,554.4724727926872,True,1.2162876867717156,65.05738439886375,65.05738439886375,0.035750267384525816,65.09313466624828,44.19585286827907,0.05155170204349724,0.009755848186381618,39.375384440215306,39.375384440215306,0.0,0.003051157075804249,0.013238997009259165,0.0060394412763170174,374.7175466101983,96.07305479582918,0.022892500919007956,0.0019275920715295346,4.570436488597475e-06,6.041534064819036e-07,0.0021716649935371573,554.4724727926872
149.44536520387635,0.1657594512218914,0.13654725009047192,425,46.93157442469576,46.931574471627336,32.56818140677896,32.56818140677896,0.13434145653821858,32.70252286331718,0.0,0.08258610192523952,3.305775614283067,0.03812080870408545,0.27524550879363513,0.023352110727207737,2144.788425269008,159.38519310269342,13.624784873521348,0.02682054459376715,0.11260163850920346,0.37932162038262507,-0.37932162038262507,0.37853848277213403,-0.000783137610491049,0.9877576993863859,1.8270582772260378,1.8270582772260378,0.710130366962256,2.537188644188294,0.3688279989969674,1.5409147019061025,160.90047013183582,13.684654907873364,35.599604352034056,35.599604352034056,2.8189628856504648e-05,0.24177930482610213,35.84138365686016,2.684523727302469e-05,0.2639281235810675,817.4402301544604,True,1.534173237341763,93.17383278004195,93.17383278004195,0.035750267384525816,93.20958304742648,74.72268260193817,0.0828797256109457,0.027309450018094386,46.93157442469576,46.93157442469576,0.0,0.0041293050962619765,0.03812080870408545,0.03502816609081161,536.197106317252,159.38519310269342,0.00987757699386386,0.003688279989969674,8.456888656951394e-07,2.684523727302469e-07,0.002639281235810675,817.4402301544604
164.82096682498747,0.034157510924780254,0.04237665976254708,450,84.81536396543794,84.81536405025331,55.709352015376055,55.709352015376055,0.13434145653821858,55.84369347191427,0.0,0.08354247949012088,4.325000896956878,0.02691035194813039,0.2440437501038378,0.007935725452258523,7087.152639855926,175.2515762892789,14.238261830364245,0.00959043772001902,0.11260163850920346,0.3757423256731026,-0.3757423256731026,0.37853848277213403,0.0027961570990314034,2.099396825188868,2.1822531224804353,2.1822531224804353,0.710130366962256,2.8923834894426914,0.25465522671848106,1.6223452776339908,179.76987391970997,14.407828829445503,83.57193527789764,83.57193527789764,0.0002894173815802673,0.24177930482610213,83.81371458272373,8.152267076459816e-05,0.3547213314612164,2114.3612260142895,True,1.6032517540046825,160.8587150757861,160.8587150757861,0.035750267384525816,160.89446534317062,82.41048341249373,0.017078755462390127,0.008475331952509416,84.81536396543794,84.81536396543794,0.0,0.004177123974506044,0.02691035194813039,0.011903588178387785,1771.7881599639816,175.2515762892789,0.02099396825188868,0.002546552267184811,8.68252144740802e-06,8.152267076459816e-07,0.0035472133146121645,2114.3612260142895
72.5268794175589,0.2690251797290206,0.07436549517246221,475,46.76692382289827,46.7669238696652,24.771431949606878,24.771431949606878,0.13434145653821858,24.905773406145098,0.0,0.0639108954781407,2.101014354519861,0.016494467783711348,0.20843078985862912,0.009536657235725169,2130.820944076908,79.49989657790995,9.916271450438796,0.01345100062220358,0.11260163850920346,0.33770608030319943,-0.33770608030319943,0.37853848277213403,0.04083240246893458,0.6660162383729044,2.073899110239912,2.073899110239912,0.710130366962256,2.784029477202168,0.29162928305447366,1.1237345004451227,80.63562276845764,9.979734003212881,38.63718938395257,38.63718938395257,4.117916961238214e-06,0.24177930482610213,38.87896868877867,1.84587132212749e-05,0.2907285396305282,695.4313608648599,True,1.1165885123841583,93.94069668633372,93.94069668633372,0.035750267384525816,93.97644695371825,36.26343970877945,0.1345125898645103,0.014873099034492444,46.76692382289827,46.76692382289827,0.0,0.0031955447739070355,0.016494467783711348,0.014304985853587754,532.705236019227,79.49989657790995,0.006660162383729044,0.0029162928305447367,1.235375088371464e-07,1.8458713221274901e-07,0.002907285396305282,695.4313608648599
130.62538897520884,0.09053989404742169,0.046888045292889834,500,106.71187088683142,106.71187099354329,41.675701757264704,41.675701757264704,0.13434145653821858,41.81004321380292,0.0,0.07908796280369759,3.6821813732457658,0.01571283508072461,0.2053508479457742,0.006269150208873855,11264.594812234827,139.9287061491963,12.8291464674843,0.010179175480203882,0.11260163850920346,0.4054113125768832,-0.4054113125768832,0.37853848277213403,-0.026872829804749164,1.1892447221898852,1.98076688717572,1.98076688717572,0.710130366962256,2.690897254137976,0.21830692634002827,1.449027959977061,140.86416893961533,12.868621189490181,74.89596996882945,74.89596996882945,7.278679222363896e-05,0.24177930482610213,75.13774927365554,4.739128832132879e-05,0.27787254284245255,3128.2025499963856,True,1.4445830412047562,222.68084521212674,222.68084521212674,0.035750267384525816,222.71659547951126,65.31269448760442,0.045269947023710844,0.009377609058577967,106.71187088683142,106.71187088683142,0.0,0.00395439814018488,0.01571283508072461,0.009403725313310782,2816.148703058707,139.9287061491963,0.011892447221898852,0.0021830692634002826,2.1836037667091686e-06,4.739128832132879e-07,0.0027787254284245256,3128.2025499963856
88.19394751022723,0.439933910233419,0.09310207828562674,525,17.988683591843703,17.988683609832385,17.914335393048326,17.914335393048326,0.13434145653821858,18.048676849586546,0.0,0.08991506892690915,2.8517194388558407,0.0252737395156214,0.23897716664861465,0.017322155153534628,300.1163538355453,95.86687812394553,10.791163267147859,0.02032803849151209,0.11260163850920346,0.36448524166106405,-0.36448524166106405,0.37853848277213403,0.014053241111069996,1.10981427174281,0.8870953188525258,0.8870953188525258,0.710130366962256,1.5972256858147817,0.33634072526809317,1.221282151060135,96.94453293307221,10.846041485443386,19.993318290963348,19.993318290963348,1.5539406094016675e-05,0.24177930482610213,20.23509759578945,2.44649610446534e-05,0.14585199011544353,233.29188480695834,True,1.2151027732128108,29.939734695196442,29.939734695196442,0.035750267384525816,29.975484962580968,44.096973755113616,0.2199669551167095,0.01862041565712535,17.988683591843703,17.988683591843703,0.0,0.004495753446345458,0.0252737395156214,0.025983232730301942,75.02908845888632,95.86687812394553,0.011098142717428101,0.003363407252680932,4.661821828205002e-07,2.44649610446534e-07,0.0014585199011544353,233.29188480695834
230.63095742073438,0.001134046003989142,0.021878520144250492,550,90.14013579720026,90.14013588734039,63.23386771724705,63.23386771724705,0.13434145653821858,63.36820917378527,0.0,0.08051525104657169,4.470722524162413,0.022727871664712306,0.23075765872655463,0.013611567268298302,8012.432275620052,242.9401883737318,16.586538691246744,0.016367234150907323,0.11260163850920346,0.424000201362215,-0.424000201362215,0.37853848277213403,-0.04546171859008095,2.1143031731980635,2.3233782253980433,2.3233782253980433,0.710130366962256,3.0335085923602993,0.335688867021105,1.876056611287951,245.26707273317314,16.661004844299523,78.15864107771678,78.15864107771678,0.00027722982114609755,0.24177930482610213,78.40042038254288,6.299227625571349e-05,0.38488782750823824,2451.5843432439574,True,1.8676715996960693,174.68070135190746,174.68070135190746,0.035750267384525816,174.71645161929197,115.31547871036719,0.000567023001994571,0.004375704028850099,90.14013579720026,90.14013579720026,0.0,0.004025762552328584,0.022727871664712306,0.02041735090244745,2003.108068905013,242.9401883737318,0.021143031731980635,0.00335688867021105,8.316894634382926e-06,6.29922762557135e-07,0.0038488782750823827,2451.5843432439574
275.2203853219598,0.06222654796913507,0.046450262979507814,575,66.3768086708868,66.3768087372636,48.012118364454174,48.012118364454174,0.13434145653821858,48.14645982099239,0.0,0.10154227379008658,3.5840164745988012,0.0315501870458917,0.25762372320692895,0.015224980452496767,4323.754176744465,288.6521993127469,17.98976748848397,0.018797384773266545,0.11260163850920346,0.4372063006391003,-0.4372063006391003,0.37853848277213403,-0.058667817866966294,1.5759815664447083,2.7545476348974436,2.7545476348974436,0.710130366962256,3.4646780018596997,0.45341216666867423,2.0385916418930305,292.56243052892034,18.104456452308572,48.98571071162525,48.98571071162525,2.8495775699400347e-05,0.24177930482610213,49.227490016451355,2.4042906940744484e-05,0.21665017766015518,1573.7000744631346,True,2.0256774755005678,131.59354712495875,131.59354712495875,0.035750267384525816,131.62929739234326,137.6101926609799,0.031113273984567535,0.009290052595901563,66.3768086708868,66.3768086708868,0.0,0.00507711368950433,0.0315501870458917,0.02283747067874515,1080.9385441861164,288.6521993127469,0.015759815664447084,0.004534121666686743,8.548732709820104e-07,2.4042906940744487e-07,0.0021665017766015517,1573.7000744631346
186.45158355977568,0.6503402891664972,0.10968869726183028,600,72.91315024248473,72.91315031539789,36.28006703423547,36.28006703423547,0.13434145653821858,36.41440849077369,0.0,0.06996154048465866,5.5252173533493405,0.016049334531681596,0.20668596817201818,0.00423778628389086,5229.840967689063,197.5353655732661,15.054727516863004,0.008187214577729316,0.11260163850920346,0.33233271016795507,-0.33233271016795507,0.37853848277213403,0.04620577260417897,3.2560658849671262,2.0327716920070187,2.0327716920070187,0.710130366962256,2.7429020589692747,0.24967783846228248,1.72096499575541,204.02286295278233,15.283657198098194,54.617993499377334,54.617993499377334,0.0003509667358414927,0.24177930482610213,54.85977280420344,0.00011845611279081655,0.5841908289310003,1671.548472552009,True,1.6951871362556412,149.2582539121047,149.2582539121047,0.035750267384525816,149.2940041794892,93.22579177988784,0.3251701445832486,0.02193773945236606,72.91315024248473,72.91315024248473,0.0,0.0034980770242329334,0.016049334531681596,0.00635667942583629,1307.4602419222658,197.5353655732661,0.03256065884967126,0.0024967783846228248,1.052900207524478e-05,1.1845611279081656e-06,0.005841908289310003,1671.548472552009
12.055058004425451,0.09099372361853819,0.07462613119362,625,5.4724466372583995,5.472446642730846,7.928757786318454,7.928757786318454,0.13434145653821858,8.063099242856673,0.0,0.050760289315860976,2.439784621567385,0.00011353097277861258,0.09065509140170147,0.0019290608488188334,23.288422150843786,14.992689571576191,4.872039458938428,0.0030743562106785955,0.11260163850920346,0.24306310027635575,-0.24306310027635575,0.37853848277213403,0.13547538249577828,0.4390588876222346,0.4845267109056829,0.4845267109056829,0.710130366962256,1.1946570778679388,0.2039600663130183,0.5500715163453987,15.094085039150325,4.885110685572591,7.830739040130445,7.830739040130445,2.1211633259046188e-05,0.24177930482610213,8.072518344956547,1.6485183226832783e-05,0.23216023639631364,32.3894905666222,True,0.5485996746783546,5.025817499139312,5.025817499139312,0.035750267384525816,5.061567766523838,6.0275290022127255,0.045496861809269096,0.014925226238723999,5.4724466372583995,5.4724466372583995,0.0,0.002538014465793049,0.00011353097277861258,0.00289359127322825,5.8221055377109465,14.992689571576191,0.004390588876222346,0.002039600663130183,6.363489977713856e-07,1.6485183226832783e-07,0.0023216023639631364,32.3894905666222
180.45485749058693,0.10151820121544497,0.08739070319351354,650,64.29207776128312,64.29207782557519,47.22801001850785,47.22801001850785,0.13434145653821858,47.36235147504607,0.0,0.09797635713222075,4.519127349204691,0.024314429955015655,0.23593084991436317,0.03366159107405471,4051.592741505695,191.36153645638728,14.833348707250435,0.037983665005200395,0.11260163850920346,0.23221390763677605,-0.23221390763677605,0.37853848277213403,0.146324575135358,2.222941252387209,5.3356143104989675,5.3356143104989675,0.710130366962256,6.045744677461223,0.34441046459529934,1.6781201136804909,193.2977912326644,14.903157599360815,62.115722990073486,62.115722990073486,0.00012860608667478337,0.24177930482610213,62.35750229489959,4.728269206297271e-05,0.3426524310685552,1358.9562755875472,True,1.670259517348261,120.62332145730348,120.62332145730348,0.035750267384525816,120.659071724688,90.22742874529347,0.050759100607722485,0.01747814063870271,64.29207776128312,64.29207776128312,0.0,0.004898817856611038,0.024314429955015655,0.05049238661108207,1012.8981853764237,191.36153645638728,0.02222941252387209,0.0034441046459529933,3.858182600243501e-06,4.728269206297271e-07,0.003426524310685552,1358.9562755875472
72.4679646453358,0.05718454660786565,0.06240309935278107,675,16.70934593067008,16.709345947379425,12.428989568434206,12.428989568434206,0.13434145653821858,12.563331024972424,0.0,0.08131001945173869,1.3734144138019126,0.035606407647300636,0.26869660210851876,0.01898195004936001,258.1517308611319,79.43821408078344,9.912811794309551,0.01981336684852583,0.11260163850920346,0.3281843424750814,-0.3281843424750814,0.37853848277213403,0.050354140297052666,0.4023603779315313,1.8219070591493236,1.8219070591493236,0.710130366962256,2.5320374261115797,0.2527589811857766,1.1195909001431996,79.97609088139279,9.9429352497596,16.404488410976654,16.404488410976654,3.3774626692577516e-06,0.24177930482610213,16.646267715802757,5.410826166374261e-06,0.0309816356629376,197.0355539416527,True,1.1161989494007305,31.128718861094953,31.128718861094953,0.035750267384525816,31.164469128479478,36.2339823226679,0.028592273303932825,0.012480619870556216,16.70934593067008,16.70934593067008,0.0,0.004065500972586934,0.035606407647300636,0.028472925074040013,64.53793271528298,79.43821408078344,0.0040236037793153125,0.002527589811857766,1.0132388007773255e-07,5.410826166374261e-08,0.000309816356629376,197.0355539416527
148.87371384953212,0.14809696121567462,0.12726038492344818,700,50.74466510098395,50.74466515172862,38.6843915928162,38.6843915928162,0.13434145653821858,38.818733049354414,0.0,0.04867544816791018,3.0955486307967335,0.019623524394024015,0.22008399049864338,0.02433597577033852,2511.8274653130147,158.79481915906038,13.601381636910311,0.03208573851900381,0.11260163850920346,0.390884059574356,-0.390884059574356,0.37853848277213403,-0.01234557680222198,0.7606257482153258,2.575405518554847,2.575405518554847,0.710130366962256,3.285535885517103,0.1823665406280237,1.5380409412840361,160.25365916680974,13.659133428746603,37.88196069715509,37.88196069715509,7.375934116997268e-05,0.24177930482610213,38.12374000198119,2.7530730478536904e-05,0.1868458333457374,912.102570200424,True,1.5315379943189091,99.68347206886968,99.68347206886968,0.035750267384525816,99.7192223362542,74.43685692476606,0.07404848060783731,0.02545207698468964,50.74466510098395,50.74466510098395,0.0,0.002433772408395509,0.019623524394024015,0.03650396365550778,627.9568663282537,158.79481915906038,0.007606257482153258,0.0018236654062802372,2.21278023509918e-06,2.7530730478536906e-07,0.001868458333457374,912.102570200424
136.56016750249586,0.0047469069899575,0.010816238708337202,725,92.59590014986034,92.59590024245624,32.113409528462746,32.113409528462746,0.13434145653821858,32.24775098500096,0.0,0.08251466522374867,2.4397421629272458,0.025092505262386933,0.23840614022943343,0.0156310255187767,8472.99877241782,146.06888437710478,13.085896093261136,0.023054498966295814,0.11260163850920346,0.39207935776551156,-0.39207935776551156,0.37853848277213403,-0.01354087499337752,1.119506933477223,1.4780975474372164,1.4780975474372164,0.710130366962256,2.1882279143994725,0.2964694219603426,1.478566292832487,147.15987816469337,13.130947125624337,42.902807836676566,42.902807836676566,1.5362062578129432e-05,0.24177930482610213,43.14458714150267,1.496194207449401e-05,0.14292006164577536,2425.267352435359,True,1.473493472321349,199.9893577622531,199.9893577622531,0.035750267384525816,200.0251080296376,68.28008375124793,0.00237345349497875,0.0021632477416674407,92.59590014986034,92.59590014986034,0.0,0.004125733261187434,0.025092505262386933,0.02344653827816505,2118.249693104455,146.06888437710478,0.01119506933477223,0.002964694219603426,4.6086187734388293e-07,1.496194207449401e-07,0.0014292006164577536,2425.267352435359
87.12879146324113,0.5397357735565952,0.10138335722629775,750,34.96733601598006,34.967336050947395,36.08521242862865,36.08521242862865,0.13434145653821858,36.21955388516687,0.0,0.05505387091440038,3.7313002151333325,0.00447731286092673,0.14691272570241576,0.0067492130639719705,1176.4409724688676,94.75621582084091,10.734280446999712,0.012435684170372491,0.11260163850920346,0.3276791179545479,-0.3276791179545479,0.37853848277213403,0.05085936481758611,1.2432134494357516,2.270072174964333,2.270072174964333,0.710130366962256,2.980202541926589,0.1705587082660728,1.2143214111978815,95.73104117736209,10.784224096849075,45.86109587738358,45.86109587738358,7.263696362408451e-05,0.24177930482610213,46.10287518220969,4.4646257372819955e-05,0.3106484998315261,467.7229359020314,True,1.208697673892277,51.989707444086584,51.989707444086584,0.035750267384525816,52.02545771147111,43.564395731620564,0.2698678867782976,0.02027667144525955,34.96733601598006,34.96733601598006,0.0,0.002752693545720019,0.00447731286092673,0.010123819595957956,294.1102431172169,94.75621582084091,0.012432134494357516,0.001705587082660728,2.1791089087225353e-06,4.464625737281996e-07,0.003106484998315261,467.7229359020314
86.66543437665963,0.14594457125084637,0.09989232245916092,775,83.71056487555403,83.71056495926459,43.98292980821246,43.98292980821246,0.13434145653821858,44.11727126475068,0.0,0.07413336918986405,4.43536858100696,0.029577533850007626,0.25198120202512725,0.008059230567382416,6905.985247119641,94.27297611880934,10.709427177687123,0.011502942731273561,0.11260163850920346,0.3732243262069425,-0.3732243262069425,0.37853848277213403,0.005314156565191508,1.1966703840491875,1.56574331455811,1.56574331455811,0.710130366962256,2.275873681520366,0.2995324503621796,1.211060995240251,95.165269048479,10.755268784020203,73.6460996282522,73.6460996282522,0.00012246944748894788,0.24177930482610213,73.8878789330783,8.154718920160741e-05,0.425044069126276,1947.970110719472,True,1.2058991547968363,166.36242507099652,166.36242507099652,0.035750267384525816,166.39817533838104,43.332717188329816,0.07297228562542318,0.019978464491832187,83.71056487555403,83.71056487555403,0.0,0.0037066684594932024,0.029577533850007626,0.012088845851073624,1726.4963117799102,94.27297611880934,0.011966703840491874,0.0029953245036217963,3.674083424668436e-06,8.154718920160741e-07,0.00425044069126276,1947.970110719472
118.91317758474116,0.03092612516387716,0.06135183863566177,800,91.19198122272611,91.19198131391809,49.96081163186562,49.96081163186562,0.13434145653821858,50.09515308840383,0.0,0.0770593781016571,3.0046991275465755,0.00931858698374346,0.1765328285286589,0.01031728476858601,8205.462453285098,127.79696309644619,12.30473188963127,0.011943585442820506,0.11260163850920346,0.37560038342422364,-0.37560038342422364,0.37853848277213403,0.002938099347910392,1.61649427982125,2.340425150508125,2.340425150508125,0.710130366962256,3.050555517470381,0.3224190386499183,1.3985696563784318,130.42799897317204,12.420507824662266,75.6337627324024,75.6337627324024,8.298888027094609e-05,0.24177930482610213,75.8755420372285,3.2708658325899036e-05,0.1847391848499126,2329.8887666879536,True,1.3855330952362472,182.64095885173367,182.64095885173367,0.035750267384525816,182.6767091191182,59.45658879237058,0.01546306258193858,0.012270367727132355,91.19198122272611,91.19198122272611,0.0,0.003852968905082855,0.00931858698374346,0.015475927152879015,2051.3656133212744,127.79696309644619,0.0161649427982125,0.003224190386499183,2.4896664081283824e-06,3.270865832589904e-07,0.001847391848499126,2329.8887666879536
27.11988148422999,0.014491911700632132,0.018833725021058657,825,13.744346360274282,13.744346374018628,11.066224329667897,11.066224329667897,0.13434145653821858,11.200565786206115,0.0,0.05920076766465103,1.8589975215365295,0.008207221166863591,0.1705937148309064,0.006204827827344705,171.45134575004658,31.446021682291875,6.607675247577366,0.008368169781715475,0.11260163850920346,0.31455019411841695,-0.31455019411841695,0.37853848277213403,0.06398828865371707,0.3165419108723681,1.0687376132164963,1.0687376132164963,0.710130366962256,1.7788679801787524,0.1574944454946123,0.7464661479618658,31.688622496257434,6.6292648273338,14.7625235639698,14.7625235639698,2.3618256962595326e-05,0.24177930482610213,15.004302868795902,1.3755747531994509e-05,0.21903402167697458,101.65156397422406,True,0.7440351256906705,24.554036764719037,24.554036764719037,0.035750267384525816,24.589787032103562,13.559940742114994,0.007245955850316066,0.003766745004211732,13.744346360274282,13.744346360274282,0.0,0.0029600383832325515,0.008207221166863591,0.009307241741017058,42.862836437511646,31.446021682291875,0.003165419108723681,0.001574944454946123,7.085477088778598e-07,1.375574753199451e-07,0.002190340216769746,101.65156397422406
105.46469049399792,0.05708485855199774,0.051519570018311145,850,68.03284421369567,68.03284428172852,32.71066223638132,32.71066223638132,0.13434145653821858,32.84500369291953,0.0,0.08328988712323221,4.347477954750369,0.02422669086218064,0.23564925589986174,0.009168837374448478,4548.125307108628,113.84037074070658,11.66960030838581,0.016655921043817058,0.11260163850920346,0.39691754408779506,-0.39691754408779506,0.37853848277213403,-0.01837906131566104,1.5248378405354375,1.6094996948987101,1.6094996948987101,0.710130366962256,2.319630061860966,0.28391879012148585,1.3210411621318445,115.17556129337967,11.731987760586557,50.88465285876091,50.88465285876091,4.225130051885488e-05,0.24177930482610213,51.12643216358701,4.415539907579273e-05,0.36461316206499805,1371.739613170138,True,1.3140162321677513,139.57204645632194,139.57204645632194,0.035750267384525816,139.60779672370646,52.73234524699896,0.02854242927599887,0.01030391400366223,68.03284421369567,68.03284421369567,0.0,0.004164494356161611,0.02422669086218064,0.013753256061672717,1137.031326777157,113.84037074070658,0.015248378405354375,0.0028391879012148588,1.2675390155656462e-06,4.415539907579273e-07,0.0036461316206499806,1371.739613170138
111.87413599879702,0.09866739036807337,0.07999315216107628,875,24.473680046386878,24.473680070860556,20.018393962135043,20.018393962135043,0.13434145653821858,20.152735418673263,0.0,0.05233133688683671,2.3399424728810123,0.014063974448832683,0.19859162891550433,0.007289402233812076,567.7210487031545,120.49578164484188,11.977057057556086,0.012093586965662493,0.11260163850920346,0.37934224519304427,-0.37934224519304427,0.37853848277213403,-0.0008037624209102376,0.3880732989884474,2.000404682742274,2.000404682742274,0.710130366962256,2.71053504970453,0.20576319746540261,1.3535906413678966,121.46365948865896,12.021055280174352,23.280320224679457,23.280320224679457,1.868148066835005e-05,0.24177930482610213,23.52209952950556,1.4072473170001007e-05,0.14358898841842438,342.93711379269394,True,1.348636368969605,45.254283278310766,45.254283278310766,0.035750267384525816,45.290033545695294,55.93706799939851,0.049333695184036686,0.015998630432215256,24.473680046386878,24.473680046386878,0.0,0.0026165668443418355,0.014063974448832683,0.010934103350718115,141.9302621757886,120.49578164484188,0.003880732989884474,0.002057631974654026,5.604444200505014e-07,1.4072473170001007e-07,0.001435889884184244,342.93711379269394
65.47125656512186,0.07179999049311614,0.07119661215590971,900,47.754667002543684,47.75466705029835,10.480116626921406,10.480116626921406,0.13434145653821858,10.614458083459624,0.0,0.06299104689671653,0.9333550047347048,0.008407837110748863,0.17169425887561807,0.005752259625925485,2230.891241114072,72.10440141146032,9.491431057923059,0.012583668292465993,0.11260163850920346,0.38581523465741446,-0.38581523465741446,0.37853848277213403,-0.007276751885280429,0.2791771731680308,0.9221488111272292,0.9221488111272292,0.710130366962256,1.6322791780894852,0.2788253399676653,1.070107835147874,72.30922052873024,9.503482846971012,20.001464084210156,20.001464084210156,6.92490543459324e-07,0.24177930482610213,20.24324338903626,2.6692854754534726e-06,0.06383854289087774,710.394050529683,True,1.0687507838335895,104.36307059287435,104.36307059287435,0.035750267384525816,104.39882086025888,32.73562828256093,0.03589999524655807,0.014239322431181943,47.754667002543684,47.754667002543684,0.0,0.0031495523448358265,0.008407837110748863,0.008628389438888228,557.722810278518,72.10440141146032,0.002791771731680308,0.002788253399676653,2.077471630377972e-08,2.6692854754534725e-08,0.0006383854289087774,710.394050529683
83.76790727570094,0.11543799693302603,0.09774899898542677,925,45.07908203262107,45.07908207770016,20.092747261788855,20.092747261788855,0.13434145653821858,20.227088718327074,0.0,0.06638277536457035,1.888020710849002,0.036992424837634146,0.27233414891182,0.00994462142623754,1979.049006143237,91.24989202414508,10.552480935555176,0.010295927603662281,0.11260163850920346,0.3590765261964762,-0.3590765261964762,0.37853848277213403,0.01946195657565784,0.6534946177822673,2.352432621032136,2.352432621032136,0.710130366962256,3.062562987994392,0.26312867843824617,1.1887465491389215,91.33810705100598,10.557097208410406,35.362404457220705,35.362404457220705,1.538181885798222e-05,0.24177930482610213,35.60418376204681,1.1388518507286643e-05,0.08658980450253703,673.1177092307818,True,1.1882267492054543,92.19944245021111,92.19944245021111,0.035750267384525816,92.23519271759564,41.88395363785047,0.057718998466513016,0.019549799797085356,45.07908203262107,45.07908203262107,0.0,0.003319138768228518,0.036992424837634146,0.014916932139356312,494.76225153580924,91.24989202414508,0.006534946177822673,0.002631286784382462,4.614545657394665e-07,1.1388518507286643e-07,0.0008658980450253703,673.1177092307818
39.88868541200172,6.889163247414398e-05,0.009405174379210877,950,28.685310691815598,28.685310720500905,16.166253925546865,16.166253925546865,0.13434145653821858,16.300595382085085,0.0,0.06513410721600864,1.9090316007853487,0.004609822829574346,0.14789567607421217,0.0019562944343866277,788.0262046223523,45.10128461079843,7.715748998495881,0.007648862253637939,0.11260163850920346,0.3355989116023057,-0.3355989116023057,0.37853848277213403,0.042939571169828335,0.3413432554914928,1.5582507537123056,1.5582507537123056,0.710130366962256,2.2683811206745617,0.2366279760474772,0.8727160631089288,45.568888911015605,7.750473236078757,25.0041077530563,25.0041077530563,2.2400986687028928e-05,0.24177930482610213,25.245887057882403,1.4072960363208559e-05,0.09680099030315131,290.7569541497146,True,0.8688060567138718,56.79032763689427,56.79032763689427,0.035750267384525816,56.8260779042788,19.94434270600086,3.444581623707199e-05,0.0018810348758421754,28.685310691815598,28.685310691815598,0.0,0.003256705360800432,0.004609822829574346,0.0029344416515799414,197.00655115558808,45.10128461079843,0.003413432554914928,0.002366279760474772,6.720296006108678e-07,1.4072960363208558e-07,0.0009680099030315131,290.7569541497146
27.926582636121378,0.0702947846377231,0.041650073241052195,975,8.290412674274815,8.290412682565227,7.060010736462232,7.060010736462232,0.13434145653821858,7.194352193000451,0.0,0.0583140613929671,1.3191301612572475,0.004079343242335791,0.14386973651374954,0.0036308922601295396,58.32646657427622,32.314231260015944,6.6845607798682165,0.006165820842939959,0.11260163850920346,0.29819047948379007,-0.29819047948379007,0.37853848277213403,0.08034800328834399,0.32017119337150496,0.8498319833214617,0.8498319833214617,0.710130366962256,1.5599623502837177,0.15747845096658283,0.7537839518784999,32.424520114621245,6.694253253467152,8.531681422047352,8.531681422047352,9.399607866534873e-07,0.24177930482610213,8.773460726873454,5.592739799678016e-06,0.03754349848287371,69.2106227031442,True,0.7526925633731278,14.839482497310717,14.839482497310717,0.035750267384525816,14.875232764695243,13.963291318060689,0.03514739231886155,0.008330014648210439,8.290412674274815,8.290412674274815,0.0,0.002915703069648355,0.004079343242335791,0.005446338390194309,14.581616643569054,32.314231260015944,0.0032017119337150496,0.0015747845096658283,2.819882359960462e-08,5.592739799678016e-08,0.00037543498482873707,69.2106227031442
85.65452301797643,0.12581446572183896,0.09616046816836983,1000,38.28038700520078,38.28038704348116,25.686372924668813,25.686372924668813,0.13434145653821858,25.820714381207033,0.0,0.08122609290904362,2.9362431945317375,0.037733185425916124,0.2742503164113668,0.018132143494075208,1418.0459403244408,93.21850132234125,10.654972880456022,0.021381396879809545,0.11260163850920346,0.34131837276014226,-0.34131837276014226,0.37853848277213403,0.03722011001199177,1.6267290815489641,1.3454697358116485,1.3454697358116485,0.710130366962256,2.0556001027739046,0.31167726691825537,1.203727259727738,93.89879134973361,10.69013887154016,32.44875587291754,32.44875587291754,3.593249936572863e-05,0.24177930482610213,32.69053517774364,1.9314825032631492e-05,0.15139246186853367,529.0096662086742,True,1.199767511160204,74.9152979185605,74.9152979185605,0.035750267384525816,74.95104818594503,42.827261508988215,0.06290723286091948,0.019232093633673966,38.28038700520078,38.28038700520078,0.0,0.004061304645452181,0.037733185425916124,0.02719821524111281,354.5114850811102,93.21850132234125,0.01626729081548964,0.003116772669182554,1.0779749809718589e-06,1.9314825032631493e-07,0.0015139246186853367,529.0096662086742
61.32872676671523,0.00019622025030108237,0.009217741786432664,1025,47.28667693211921,47.28667697940588,16.347174936790555,16.347174936790555,0.13434145653821858,16.481516393328775,0.0,0.06388483812671766,2.1578937355407617,0.01626981663624012,0.20755319139966713,0.014772024121172456,2184.96305036278,67.75373954648653,9.231265974714129,0.027838132545171264,0.11260163850920346,0.35741110895698563,-0.35741110895698563,0.37853848277213403,0.021127373815148384,0.532425809484392,0.9181606741694902,0.9181606741694902,0.710130366962256,1.6282910411317462,0.24328796058406227,1.0402024918437516,67.86295589133668,9.23789754071612,20.578276434897823,20.578276434897823,3.252358107618879e-05,0.24177930482610213,20.820055739723927,1.6925344383105662e-05,0.16572744964849723,691.9985217630231,True,1.0394557665797297,102.41329380311848,102.41329380311848,0.035750267384525816,102.449044070503,30.664363383357614,9.811012515054118e-05,0.0018435483572865328,47.28667693211921,47.28667693211921,0.0,0.0031942419063358835,0.01626981663624012,0.022158036181758684,546.240762590695,67.75373954648653,0.00532425809484392,0.0024328796058406227,9.757074322856637e-07,1.6925344383105661e-07,0.0016572744964849723,691.9985217630231
148.754040659116,1.0438027841333777,0.15889009810436136,1050,96.88832543325692,96.88832553014525,52.4658040907357,52.4658040907357,0.13434145653821858,52.60014554727392,0.0,0.08611921186684768,4.387522763484362,0.02730449394122314,0.24524071514376575,0.014885472632281658,9270.724407731508,158.6712219130353,13.596476567399128,0.024013495317149858,0.11260163850920346,0.3030330247366345,-0.3030330247366345,0.37853848277213403,0.07550545803549949,1.4932623606895723,3.231971736666652,3.231971736666652,0.710130366962256,3.942102103628908,0.3519150453570252,1.5387051196985626,160.40303321421334,13.66503190735078,75.36412633348964,75.36412633348964,6.470708000433318e-05,0.24177930482610213,75.60590563831573,5.0162404314266276e-05,0.34481641867496554,2648.2471900649816,True,1.5309856754058977,196.19833973038263,196.19833973038263,0.035750267384525816,196.23408999776714,74.377020329558,0.5219013920666888,0.031778019620872275,96.88832543325692,96.88832543325692,0.0,0.004305960593342384,0.02730449394122314,0.02232820894842249,2317.681101932877,158.6712219130353,0.014932623606895724,0.0035191504535702525,1.9412124001299957e-06,5.016240431426628e-07,0.0034481641867496553,2648.2471900649816
138.11520167282,0.0008616083003039066,0.00924210125582038,1075,54.550789121627815,54.550789176178604,39.43370357912822,39.43370357912822,0.13434145653821858,39.56804503566644,0.0,0.07584190864455384,2.8669745824173356,0.004129061850840485,0.14425777657871836,0.006008922443630637,2906.1620443384627,147.67699560114053,13.152242410400664,0.010138327667698902,0.11260163850920346,0.339226276595369,-0.339226276595369,0.37853848277213403,0.03931220617676501,1.2458405209222962,2.07104293281355,2.07104293281355,0.710130366962256,2.781173299775806,0.23897892897942993,1.4860915786306967,148.78579229101044,13.1977781702657,59.346144398835506,59.346144398835506,3.6081896384448644e-05,0.24177930482610213,59.58792370366161,3.439629803667143e-05,0.2372648761635016,997.8623326788243,True,1.4809641770037745,98.98260893939475,98.98260893939475,0.035750267384525816,99.01835920677928,69.05760083641,0.0004308041501519533,0.001848420251164076,54.550789121627815,54.550789121627815,0.0,0.003792095432227692,0.004129061850840485,0.009013383665445955,726.5405110846157,147.67699560114053,0.012458405209222962,0.0023897892897942995,1.0824568915334593e-06,3.4396298036671426e-07,0.002372648761635016,997.8623326788243
53.222488013216775,0.007974444963859795,0.015668200552236933,1100,48.70300734222521,48.70300739092822,20.55030645741297,20.55030645741297,0.13434145653821858,20.68464791395119,0.0,0.07119109462068104,3.2966158689159197,0.024272458576217775,0.23579620847831237,0.006574630341658063,2314.5101869568957,59.21878755388968,8.695374425841129,0.008135973405039871,0.11260163850920346,0.3770362424985565,-0.3770362424985565,0.37853848277213403,0.001502240273577544,0.5566177142018036,0.5583197033587982,0.5583197033587982,0.710130366962256,1.2684500703210542,0.2677585985761473,0.9820744143211615,59.624186843885916,8.721669951758228,42.427704806982184,42.427704806982184,1.7647400212347473e-05,0.24177930482610213,42.66948411180829,3.729487393597891e-05,0.2345815697780029,713.2159909445558,True,0.9791134947544796,98.16840396330541,98.16840396330541,0.035750267384525816,98.20415423068994,26.611244006608388,0.003987222481929897,0.003133640110447387,48.70300734222521,48.70300734222521,0.0,0.0035595547310340522,0.024272458576217775,0.009861945512487095,578.6275467392239,59.21878755388968,0.0055661771420180365,0.002677585985761473,5.294220063704242e-07,3.729487393597891e-07,0.002345815697780029,713.2159909445558
35.65277658885855,0.11870290172014564,0.10250631817112926,1125,14.333636121441787,14.333636135775423,13.380083475617216,13.380083475617216,0.13434145653821858,13.514424932155434,0.0,0.058704534022648525,3.441162004087357,0.004841393159509116,0.14958012043327545,0.006157751110040427,186.88035193567214,40.58957227392501,7.370994606333065,0.01478152621967711,0.11260163850920346,0.36614640003840043,-0.36614640003840043,0.37853848277213403,0.012392082733733599,1.1018346218952058,1.1168946542191898,1.1168946542191898,0.710130366962256,1.8270250211814456,0.30021497606005043,0.8328210967110545,40.91100907968855,7.396171439203967,19.3746235762366,19.3746235762366,0.00010848074192319193,0.24177930482610213,19.616402881062704,4.6609433591559664e-05,0.2529633324275615,119.58310448455451,True,0.8299861438255502,21.71362325761876,21.71362325761876,0.035750267384525816,21.749373525003286,17.826388294429275,0.05935145086007282,0.020501263634225855,14.333636121441787,14.333636121441787,0.0,0.0029352267011324264,0.004841393159509116,0.00923662666506064,46.720087983918035,40.58957227392501,0.011018346218952058,0.0030021497606005044,3.254422257695758e-06,4.6609433591559663e-07,0.0025296333242756154,119.58310448455451
30.737454834993965,0.0048501071747096836,0.011754565822694298,1150,16.935581418119313,16.935581435054893,13.407186881091715,13.407186881091715,0.13434145653821858,13.541528337629932,0.0,0.05030301112473111,2.4783547115721403,0.006675557612597535,0.16170408565425315,0.002277892758575789,265.41866273312246,35.33276441769461,6.944136978375802,0.007377706073481828,0.11260163850920346,0.27154123211081616,-0.27154123211081616,0.37853848277213403,0.10699725066131785,0.8785686462894197,1.932670849558416,1.932670849558416,0.710130366962256,2.642801216520672,0.20252638117235838,0.7843911198830753,35.594007590694915,6.9660713698961825,15.687603057636295,15.687603057636295,2.733150264859331e-05,0.24177930482610213,15.929382362462396,3.2487975062333625e-05,0.29460222386017765,134.02288056798818,True,0.7819212712388343,31.692382234614882,31.692382234614882,0.035750267384525816,31.728132501999408,15.368727417496983,0.0024250535873548418,0.0023509131645388596,16.935581418119313,16.935581418119313,0.0,0.002515150556236556,0.006675557612597535,0.0034168391378636837,66.35466568328061,35.33276441769461,0.008785686462894196,0.002025263811723584,8.199450794577993e-07,3.2487975062333623e-07,0.0029460222386017768,134.02288056798818
26.584381131025534,0.1425258881714554,0.12325388311812212,1175,32.02759647987752,32.02759651190512,20.01039478161654,20.01039478161654,0.13434145653821858,20.14473623815476,0.0,0.05702639403686036,2.989624997164136,0.012333194920627821,0.1910549184891323,0.011812923797787464,985.9622143458707,30.869184632267306,6.55600437655221,0.01377836487518839,0.11260163850920346,0.309427800229214,-0.309427800229214,0.37853848277213403,0.06911068254292005,0.9165018892517801,1.0335972055253544,1.0335972055253544,0.710130366962256,1.7437275724876102,0.18029942896895115,0.7465550916974979,31.697516202121285,6.63005472461159,32.27911595586586,32.27911595586586,4.843761757629387e-05,0.24177930482610213,32.520895260691965,3.977245208398789e-05,0.16427821210617055,322.8209555313101,True,0.7382169004333314,60.70678213092653,60.70678213092653,0.035750267384525816,60.742532398311056,13.292190565512767,0.0712629440857277,0.024650776623624426,32.02759647987752,32.02759647987752,0.0,0.0028513197018430183,0.012333194920627821,0.017719385696681196,246.49055358646768,30.869184632267306,0.009165018892517801,0.0018029942896895116,1.453128527288816e-06,3.9772452083987894e-07,0.0016427821210617055,322.8209555313101
42.04630043369016,0.1036949090043815,0.09951267750587615,1200,41.03933319846285,41.039333239502184,20.16857830715959,20.16857830715959,0.13434145653821858,20.30291976369781,0.0,0.051929812632127925,3.960935971805253,0.018712699464164803,0.21679436927068602,0.021332461160859066,1634.7183302873061,47.39374993007678,7.884311870483264,0.02265885120333429,0.11260163850920346,0.2260921882165029,-0.2260921882165029,0.37853848277213403,0.15244629455563113,0.6409099327600815,1.890488531133292,1.890488531133292,0.710130366962256,2.600618898095548,0.1890041495507528,0.8889725577411156,47.538887086184914,7.8948449646228385,37.85988010523431,37.85988010523431,0.00027564908710213035,0.24177930482610213,38.101659410060414,6.800576392618283e-05,0.36060499377730726,518.2727879293426,True,0.887786513977097,81.10096933228283,81.10096933228283,0.035750267384525816,81.13671959966736,21.02315021684508,0.05184745450219075,0.019902535501175232,41.03933319846285,41.03933319846285,0.0,0.0025964906316063964,0.018712699464164803,0.031998691741288596,408.67958257182653,47.39374993007678,0.006409099327600815,0.0018900414955075279,8.26947261306391e-06,6.800576392618284e-07,0.003606049937773073,518.2727879293426
31.71011439355264,0.13009345933616212,0.11151629174946444,1225,18.568326630775072,18.5683266493434,18.19848400816474,18.19848400816474,0.13434145653821858,18.33282546470296,0.0,0.04176415114418706,4.636443670376767,0.012474639845715773,0.19168992723480383,0.004874770456351691,320.4963173312137,36.37505315139094,7.031173447297875,0.006303831726256852,0.11260163850920346,0.10581280883839805,-0.10581280883839805,0.37853848277213403,0.272725673933736,1.5727990991433503,2.1257477599082515,2.1257477599082515,0.710130366962256,2.8358781268705076,0.17554588781931227,0.7995440219017338,37.21783576253939,7.100642241808594,25.625812067464683,25.625812067464683,0.0003591483793450784,0.24177930482610213,25.867591372290786,8.079009596716105e-05,0.45914045737350373,151.0538277396469,True,0.7917217211198797,27.046565559824153,27.046565559824153,0.035750267384525816,27.082315827208678,15.85505719677632,0.06504672966808106,0.02230325834989289,18.568326630775072,18.568326630775072,0.0,0.002088207557209353,0.012474639845715773,0.007312155684527537,80.12407933280342,36.37505315139094,0.015727990991433502,0.0017554588781931227,1.0774451380352351e-05,8.079009596716105e-07,0.004591404573735037,151.0538277396469
64.54957745736301,0.012334029905908706,0.03806306200485264,1250,119.06027192399242,119.06027204305269,24.878267669340165,24.878267669340165,0.13434145653821858,25.012609125878384,0.0,0.04038286819100615,2.9936491057462202,0.016093612915253085,0.20686060426804329,0.016159517070790264,14052.010918758364,71.1369975908779,9.43427516689359,0.031486577956965335,0.11260163850920346,0.3693737121122356,-0.3693737121122356,0.37853848277213403,0.009164770659898442,0.4240505395162409,2.585164264468631,2.585164264468631,0.710130366962256,3.295294631430887,0.1678885545068138,1.0639460682820445,71.38156293222121,9.448761029418527,46.99905872109297,46.99905872109297,4.972256570042686e-05,0.24177930482610213,47.240838025919075,2.7976907121594702e-05,0.3844902663523728,3735.540685657477,True,1.0623149362816589,260.84877354651104,260.84877354651104,0.035750267384525816,260.88452381389556,32.27478872868151,0.006167014952954353,0.007612612400970529,119.06027192399242,119.06027192399242,0.0,0.0020191434095503074,0.016093612915253085,0.024239275606185398,3513.002729689591,71.1369975908779,0.004240505395162409,0.0016788855450681382,1.4916769710128057e-06,2.79769071215947e-07,0.0038449026635237285,3735.540685657477
43.690616128386665,0.07628679619884704,0.06966598204477811,1275,26.28730570444519,26.287305730732495,23.66756832587585,23.66756832587585,0.13434145653821858,23.801909782414068,0.0,0.05211557380608315,4.085963245887793,0.013295122863516123,0.1953044789395283,0.005020804568218779,656.8718560684795,49.1385263320652,8.009887754598157,0.008433909063110978,0.11260163850920346,0.3098617985252706,-0.3098617985252706,0.37853848277213403,0.06867668424686342,0.6883285711421233,1.8377040003998264,1.8377040003998264,0.710130366962256,2.5478343673620825,0.1709245980439516,0.9059833543563485,49.64492589524594,8.045915546985071,27.886049971468086,27.886049971468086,5.9708708440025933e-05,0.24177930482610213,28.12782927629419,2.6741370597130458e-05,0.42875254736169316,261.57749493657855,True,0.9019265655414347,45.97666222233318,45.97666222233318,0.035750267384525816,46.01241248971771,21.845308064193333,0.03814339809942352,0.013933196408955623,26.28730570444519,26.28730570444519,0.0,0.0026057786903041576,0.013295122863516123,0.0075312068523281685,164.21796401711987,49.1385263320652,0.006883285711421233,0.0017092459804395161,1.791261253200778e-06,2.6741370597130457e-07,0.004287525473616932,261.57749493657855
71.96301435140401,0.05012217283214149,0.05521451909850274,1300,45.01534440337039,45.01534444838574,34.12293855705972,34.12293855705972,0.13434145653821858,34.257280013597935,0.0,0.08136004479873207,4.153586892931951,0.016813922414222318,0.20966850972469114,0.010953916292287431,1968.2861304347066,78.90949570663506,9.883101694038803,0.015578123358205413,0.11260163850920346,0.27456302707837477,-0.27456302707837477,0.37853848277213403,0.10397545569375928,1.6654551095006433,2.9118195739158783,2.9118195739158783,0.710130366962256,3.6219499408781344,0.3119366427546654,1.1214638688329668,80.273873640846,9.959568831190818,55.08288894770819,55.08288894770819,0.00014690643031806846,0.24177930482610213,55.324668252534295,5.794495460798329e-05,0.3317518075448239,652.0743931059529,True,1.1128535431328705,76.97306353753085,76.97306353753085,0.035750267384525816,77.00881380491538,35.981507175702006,0.025061086416070744,0.011042903819700549,45.01534440337039,45.01534440337039,0.0,0.004068002239936604,0.016813922414222318,0.016430874438431147,492.07153260867665,78.90949570663506,0.016654551095006433,0.0031193664275466545,4.407192909542053e-06,5.794495460798329e-07,0.0033175180754482394,652.0743931059529
60.574809053836226,0.3160184039400924,0.08063694136395329,1325,34.16825852235773,34.16825855652599,27.63677990542024,27.63677990542024,0.13434145653821858,27.77112136195846,0.0,0.07678025866094071,3.5119903996393207,0.016087980886125678,0.2068384046183398,0.024773770304647256,1123.3217524833346,66.96119466624856,9.182982015515405,0.04147541257233679,0.11260163850920346,0.19419913929036103,-0.19419913929036103,0.37853848277213403,0.184339343481773,1.6808599306442058,2.3852521767193418,2.3852521767193418,0.710130366962256,3.095382543681598,0.29761580956187306,1.0460103009632364,68.71541081987563,9.289475907430797,38.318971073675385,38.318971073675385,0.00013364482746128746,0.24177930482610213,38.56075037850149,5.753401744857012e-05,0.38738684761186387,412.5021832864402,True,1.0340189131774022,59.99572630604619,59.99572630604619,0.035750267384525816,60.031476573430716,30.287404526918113,0.1580092019700462,0.016127388272790658,34.16825852235773,34.16825852235773,0.0,0.0038390129330470356,0.016087980886125678,0.037160655456970886,280.83043812083366,66.96119466624856,0.01680859930644206,0.002976158095618731,4.009344823838624e-06,5.753401744857011e-07,0.003873868476118639,412.5021832864402
75.39795799172339,0.019142124625600387,0.026145141190780655,1350,44.25882630920163,44.25882635346046,21.4799739481364,21.4799739481364,0.13434145653821858,21.61431540467462,0.0,0.07728785971502918,2.0627429864656452,0.0053540423929576055,0.15317132220315283,0.007980025902082613,1905.8519800226059,82.50451779602243,10.083199755373787,0.019237937439886492,0.11260163850920346,0.3882785798408973,-0.3882785798408973,0.37853848277213403,-0.00974009706876327,1.0202585039633172,1.086026141514521,1.086026141514521,0.710130366962256,1.7961565084767768,0.2565203077613206,1.140219574518782,83.28635308565819,10.126135714838904,38.6292757969144,38.6292757969144,1.1831550091950041e-05,0.24177930482610213,38.8710551017405,2.5015306533115707e-05,0.19897977833198605,640.9760648625203,True,1.1353849147026855,88.53969792407538,88.53969792407538,0.035750267384525816,88.57544819145991,37.698978995861694,0.009571062312800194,0.005229028238156131,44.25882630920163,44.25882630920163,0.0,0.003864392985751459,0.0053540423929576055,0.011970038853123921,476.46299500565146,82.50451779602243,0.010202585039633172,0.002565203077613206,3.549465027585012e-07,2.5015306533115706e-07,0.0019897977833198605,640.9760648625203
73.55357685269635,0.13588092288403653,0.056296343376103945,1375,67.02609767613906,67.02609774316515,31.361482163716182,31.361482163716182,0.13434145653821858,31.495823620254402,0.0,0.06615479969220732,3.174248809688507,0.02084575509505345,0.22438059113001804,0.005161818883527126,4412.893594798665,80.57464740952098,9.976338196030772,0.0074097914041574035,0.11260163850920346,0.36834515992593686,-0.36834515992593686,0.37853848277213403,0.010193322846197167,1.100320302219994,1.4402096428709257,1.4402096428709257,0.710130366962256,2.1503400098331817,0.24098599395079082,1.1284743333285774,81.39337716904701,10.021827817523842,54.628392717174734,54.628392717174734,2.8832554856447837e-05,0.24177930482610213,54.87017202200084,3.817913119898922e-05,0.20743434413924644,1287.7275168183678,True,1.123352126958398,135.9870404010707,135.9870404010707,0.035750267384525816,136.0227906684552,36.776788426348176,0.06794046144201826,0.01125926867522079,67.02609767613906,67.02609767613906,0.0,0.003307739984610366,0.02084575509505345,0.007742728325290689,1103.2233986996662,80.57464740952098,0.011003203022199941,0.0024098599395079084,8.64976645693435e-07,3.817913119898922e-07,0.0020743434413924644,1287.7275168183678
53.12882140140558,0.05823475568539038,0.07098361920500217,1400,16.610037703574406,16.610037720184444,15.1746589205612,15.1746589205612,0.13434145653821858,15.309000377099418,0.0,0.050313413804768205,3.2443521924104495,0.002943412896883804,0.1342532293682487,0.006881759399965268,254.4194697014741,59.119983009258654,8.688952009816335,0.011260701092716773,0.11260163850920346,0.33755528734523366,-0.33755528734523366,0.37853848277213403,0.04098319542690039,0.7166208959053056,1.194785585778479,1.194785585778479,0.710130366962256,1.9049159527407349,0.26413472270936283,0.9815379963869539,59.550639705094824,8.716906096687637,23.682635016227465,23.682635016227465,4.710605331850437e-05,0.24177930482610213,23.92441432105357,2.684658904968284e-05,0.17400906145349143,165.9699439917233,True,0.9783903201226759,24.22370397966712,24.22370397966712,0.035750267384525816,24.259454247051647,26.56441070070279,0.02911737784269519,0.014196723841000434,16.610037703574406,16.610037703574406,0.0,0.0025156706902384105,0.002943412896883804,0.010322639099947902,63.604867425368525,59.119983009258654,0.007166208959053057,0.0026413472270936282,1.413181599555131e-06,2.6846589049682843e-07,0.0017400906145349144,165.9699439917233
128.39974270205752,0.3811495852286587,0.08559468339244085,1425,38.5260691971233,38.526069235649366,19.383493793113555,19.383493793113555,0.13434145653821858,19.517835249651775,0.0,0.06367631108905032,4.133498870372683,0.016282284236258264,0.20760205420077793,0.010637973853362553,1438.721513803226,137.62483152287538,12.731361026022316,0.02038572194176645,0.11260163850920346,0.4347583032555283,-0.4347583032555283,0.37853848277213403,-0.056219820483394224,0.39081783039412943,0.9892615013501084,0.9892615013501084,0.710130366962256,1.6993918683123643,0.2714184929868716,1.434695713053144,137.85902846594834,12.741338444400125,28.794304707239146,28.794304707239146,2.003745901204323e-05,0.24177930482610213,29.03608401206525,2.7557709712157855e-05,0.38799497937721117,600.2847705014261,True,1.4335722392959367,78.83711426383474,78.83711426383474,0.035750267384525816,78.87286453121926,64.19987135102876,0.19057479261432936,0.01711893667848817,38.5260691971233,38.5260691971233,0.0,0.0031838155544525164,0.016282284236258264,0.015956960780043827,359.6803784508065,137.62483152287538,0.003908178303941294,0.002714184929868716,6.011237703612969e-07,2.7557709712157854e-07,0.0038799497937721116,600.2847705014261
23.418527423148607,0.0779255121435446,0.08120479274619197,1450,13.280679853542841,13.28067986682352,9.46570959522811,9.46570959522811,0.13434145653821858,9.600051051766329,0.0,0.06271917622057055,2.184411534135315,0.0011611113386102113,0.11407508383863804,0.003346610492772549,159.6156008200865,27.449942868540003,6.239269306739252,0.0055990755396591926,0.11260163850920346,0.31336678823666464,-0.31336678823666464,0.37853848277213403,0.06517169453546938,0.3021521647900362,1.2061028586347606,1.2061028586347606,0.710130366962256,1.9162332255970165,0.19934337016750678,0.7032931776176679,27.518958181249392,6.245851521083054,18.02524816345808,18.02524816345808,1.1420471777813336e-05,0.24177930482610213,18.267027468284184,2.2093570445773077e-05,0.11106536494770435,92.4144335117375,True,0.7025520094317148,21.58286765655201,21.58286765655201,0.035750267384525816,21.618617923936537,11.709263711574303,0.0389627560717723,0.016240958549238394,13.280679853542841,13.280679853542841,0.0,0.0031359588110285276,0.0011611113386102113,0.005019915739158824,39.90390020502163,27.449942868540003,0.003021521647900362,0.0019934337016750676,3.426141533344001e-07,2.2093570445773078e-07,0.0011106536494770434,92.4144335117375
26.293955003173057,0.026786168220131357,0.05494457037472776,1475,14.98401694132899,14.984016956313006,11.108476256730532,11.108476256730532,0.13434145653821858,11.24281771326875,0.0,0.07390111202874382,2.299250347453118,0.016164254261974938,0.20713872054561086,0.005309532679124014,205.58920650221881,30.556165529466256,6.527763157866503,0.007601845317735892,0.11260163850920346,0.34186557537996926,-0.34186557537996926,0.37853848277213403,0.03667290739216478,0.506854523872893,0.5710488479027179,0.5710488479027179,0.710130366962256,1.2811792148649739,0.2938584864912907,0.7360748421775377,30.658159116009404,6.536981047105851,17.624080088618165,17.624080088618165,2.2706533268431243e-05,0.24177930482610213,17.865859393444268,1.5745529824469673e-05,0.2807015392690356,110.14748218915122,True,0.735036892653412,26.23269731004962,26.23269731004962,0.035750267384525816,26.268447577434145,13.146977501586528,0.013393084110065678,0.010988914074945552,14.98401694132899,14.98401694132899,0.0,0.003695055601437191,0.016164254261974938,0.00796429901868602,51.397301625554704,30.556165529466256,0.00506854523872893,0.002938584864912907,6.811959980529373e-07,1.5745529824469673e-07,0.0028070153926903563,110.14748218915122
28.137328668731097,0.16489594370619776,0.1182073348510997,1500,25.496792186223963,25.496792211720756,12.435285454681665,12.435285454681665,0.13434145653821858,12.569626911219883,0.0,0.05984363502898356,1.6396497466402797,0.01476041456815079,0.20149244654772078,0.013081228000177738,619.7789209882201,32.54089914039619,6.704463089581367,0.014454194238347267,0.11260163850920346,0.31471787835162307,-0.31471787835162307,0.37853848277213403,0.06382060442051095,0.5543193310958789,1.4997130609229998,1.4997130609229998,0.710130366962256,2.209843427885256,0.2203026537448876,0.7636020771706087,33.42512589085599,6.781446695322546,21.291445728037306,21.291445728037306,7.144556534718021e-06,0.24177930482610213,21.53322503286341,1.3994157413004118e-05,0.05721121295057736,227.20286847144004,True,0.7549335962559693,51.38211647354444,51.38211647354444,0.035750267384525816,51.41786674092897,14.068664334365549,0.08244797185309888,0.023641466970219942,25.496792186223963,25.496792186223963,0.0,0.002992181751449178,0.01476041456815079,0.019621842000266607,154.94473024705502,32.54089914039619,0.005543193310958789,0.002203026537448876,2.1433669604154062e-07,1.399415741300412e-07,0.0005721121295057736,227.20286847144004
34.829239788539645,0.16587151401637323,0.13447467847555178,1525,5.295280027071507,5.295280032366787,3.776199507884889,3.776199507884889,0.13434145653821858,3.9105409644231073,0.0,0.05576629174048757,1.129425602063769,0.03135795632656196,0.25708177864072285,0.018351393936034986,21.667381243254816,39.71054400079555,7.301630265319884,0.01902149193492261,0.11260163850920346,0.3814110297558242,-0.3814110297558242,0.37853848277213403,-0.0028725469836901846,0.14039498534161263,0.5427074252089855,0.5427074252089855,0.710130366962256,1.2528377921712415,0.22991885311175864,0.822464117449287,39.74284318015314,7.304192508176851,8.108690541110887,8.108690541110887,2.2199182758196755e-06,0.24177930482610213,8.350469845936988,6.118312892617873e-06,0.02776904043674036,68.0127742440411,True,0.8221756046797115,7.7297737591771964,7.7297737591771964,0.035750267384525816,7.765524026561723,17.414619894269823,0.08293575700818662,0.026894935695110356,5.295280027071507,5.295280027071507,0.0,0.002788314587024379,0.03135795632656196,0.02752709090405248,5.416845310813704,39.71054400079555,0.0014039498534161262,0.0022991885311175863,6.659754827459027e-08,6.118312892617874e-08,0.00027769040436740364,68.0127742440411
60.8369916821748,0.16178932729856643,0.11699955721946494,1550,21.1483000120298,21.148300033178103,15.423911103086974,15.423911103086974,0.13434145653821858,15.558252559625192,0.0,0.07521299132920697,2.9719299823417886,0.03280556840392744,0.2611230752939212,0.016570694764054573,420.52993245788,67.23683740755871,9.19980715672989,0.019700264706363213,0.11260163850920346,0.36043679495066333,-0.36043679495066333,0.37853848277213403,0.018101687821470692,0.754187884460341,1.3707919807162439,1.3707919807162439,0.710130366962256,2.0809223476785,0.23601698063481444,1.0398777611179149,67.81544983366543,9.235013651091625,21.893074030066114,21.893074030066114,2.326167875738368e-05,0.24177930482610213,22.134853334892217,3.491753799646632e-05,0.26194502855576823,224.1143557563178,True,1.0359134518145534,38.949201043502406,38.949201043502406,0.035750267384525816,38.984951310886935,30.4184958410874,0.08089466364928322,0.023399911443892987,21.1483000120298,21.1483000120298,0.0,0.0037606495664603487,0.03280556840392744,0.02485604214608186,105.13248311447,67.23683740755871,0.007541878844603411,0.0023601698063481446,6.978503627215103e-07,3.491753799646632e-07,0.0026194502855576823,224.1143557563178
9.857391285677085,0.04617054075258453,0.0528598369388835,1575,8.804190132779846,8.804190141584035,11.474137490031529,11.474137490031529,0.13434145653821858,11.608478946569747,0.0,0.05209970772464532,3.433883950789413,0.001112547156278511,0.11335486705532659,0.003724458251200669,66.15014737705269,12.529109905035815,4.539648274198415,0.005295290392150551,0.11260163850920346,0.1816143075098075,-0.1816143075098075,0.37853848277213403,0.19692417526232653,0.6355040431473183,1.8655207596004235,1.8655207596004235,0.710130366962256,2.5756511265626796,0.15706486270301304,0.5118685334538988,12.572947018848996,4.545835165211293,12.135388807409837,12.135388807409837,8.784620000408461e-05,0.24177930482610213,12.377168112235939,3.0351203189349994e-05,0.2339996604080406,42.852762607161374,True,0.5111718793267019,10.25339827264504,10.25339827264504,0.035750267384525816,10.289148540029565,4.928695642838543,0.023085270376292266,0.010571967387776701,8.804190132779846,8.804190132779846,0.0,0.002604985386232266,0.001112547156278511,0.0055866873768010035,16.537536844263172,12.529109905035815,0.006355040431473184,0.0015706486270301303,2.635386000122538e-06,3.0351203189349996e-07,0.002339996604080406,42.852762607161374
34.60723217204403,0.12180312771480117,0.10301129062571233,1600,14.65215132484713,14.652151339499282,13.169220928870015,13.169220928870015,0.13434145653821858,13.303562385408233,0.0,0.06599236989317442,1.9716506032983165,0.010291537026664277,0.18144721300589917,0.008780091488577446,195.61753746063033,39.47346512315347,7.2827911888867884,0.01095566860967591,0.11260163850920346,0.1590681661158402,-0.1590681661158402,0.37853848277213403,0.21947031665629382,0.507000153823019,2.712553054744413,2.712553054744413,0.710130366962256,3.4226834217066693,0.27455022511710847,0.8221862082693965,39.711730846669106,7.301724434364701,18.961682746554974,18.961682746554974,1.3381609616548425e-05,0.24177930482610213,19.203462051381077,1.2156318812641063e-05,0.16746136020490504,120.45137265431985,True,0.8200542936169541,23.08832291803131,23.08832291803131,0.035750267384525816,23.124073185415835,17.303616086022014,0.06090156385740059,0.020602258125142468,14.65215132484713,14.65215132484713,0.0,0.003299618494658721,0.010291537026664277,0.01317013723286617,48.90438436515758,39.47346512315347,0.00507000153823019,0.0027455022511710847,4.0144828849645276e-07,1.2156318812641062e-07,0.0016746136020490505,120.45137265431985
29.79329698039695,0.15098849910475387,0.12355415224211777,1625,11.760913857284592,11.760913869045506,15.540533008612142,15.540533008612142,0.13434145653821858,15.67487446515036,0.0,0.03734745877496181,2.7117755777692145,0.0018635770671736553,0.12316916801576856,0.002069490554631319,122.96591404888918,34.319955893966224,6.8583236419616,0.004182713442292156,0.11260163850920346,0.2906657003877231,-0.2906657003877231,0.37853848277213403,0.08787278238441094,0.27719587546751673,2.229689187468804,2.229689187468804,0.710130366962256,2.93981955443106,0.2032539897626752,0.7736407978035209,34.4639351377867,6.870599214542473,15.939385663134777,15.939385663134777,4.652310054267558e-05,0.24177930482610213,16.18116496796088,2.0810592369481472e-05,0.1945487133450216,91.83278860909495,True,0.7722585480945202,13.819091621504196,13.819091621504196,0.035750267384525816,13.854841888888721,14.896648490198475,0.07549424955237694,0.024710830448423555,11.760913857284592,11.760913857284592,0.0,0.0018673729387480905,0.0018635770671736553,0.0031042358319469786,30.741478512222294,34.319955893966224,0.002771958754675167,0.002032539897626752,1.3956930162802674e-06,2.0810592369481473e-07,0.001945487133450216,91.83278860909495
19.949795621911914,0.04181585036160296,0.03132512145507227,1650,9.10355185492215,9.103551864025702,8.907796237182088,8.907796237182088,0.13434145653821858,9.042137693720306,0.0,0.04954282910872963,2.7914136115827115,0.002950236909903261,0.13431608334465273,0.0023706190202937866,71.32612955798066,23.683011148300388,5.866519407985587,0.004239066556439107,0.11260163850920346,0.2887332928317034,-0.2887332928317034,0.37853848277213403,0.08980518994043062,0.41749259088735213,1.1819605284568064,1.1819605284568064,0.710130366962256,1.8920908954190625,0.15738298113148091,0.6615569651795339,23.767554245655298,5.875197867333725,13.945248613787546,13.945248613787546,3.835329485839165e-05,0.24177930482610213,14.187027918613648,2.3434773852176993e-05,0.16195378702901517,60.63651913857832,True,0.6605797563504134,11.7929679214484,11.7929679214484,0.035750267384525816,11.828718188832925,9.974897810955957,0.02090792518080148,0.006265024291014454,9.10355185492215,9.10355185492215,0.0,0.002477141455436482,0.002950236909903261,0.00355592853044068,17.831532389495166,23.683011148300388,0.004174925908873521,0.0015738298113148093,1.1505988457517493e-06,2.3434773852176994e-07,0.0016195378702901517,60.63651913857832
18.273386594205583,0.21823279707872334,0.15821249398191203,1675,22.396481451731823,22.396481474128304,16.442491396805636,16.442491396805636,0.13434145653821858,16.576832853343856,0.0,0.06229463111077166,1.8273719817749232,0.00661629250007854,0.16134059564619957,0.009513568108713653,472.91869171658817,21.853177146314234,5.674738190135811,0.011121271487655729,0.11260163850920346,0.15830599058923156,-0.15830599058923156,0.37853848277213403,0.22023249218290247,0.40049931348848294,2.7446275989237514,2.7446275989237514,0.710130366962256,3.4547579658860075,0.2429003842460511,0.6407837750011274,22.00279761373672,5.690713976969468,31.221728202811615,31.221728202811615,1.3792733419760943e-05,0.24177930482610213,31.46350750763772,2.065564404503187e-05,0.09594141953827587,171.78817912936148,True,0.638984875067426,35.430241819061315,35.430241819061315,0.035750267384525816,35.465992086445844,9.136693297102791,0.10911639853936167,0.03164249879638241,22.396481451731823,22.396481451731823,0.0,0.003114731555538583,0.00661629250007854,0.014270352163070479,118.22967292914704,21.853177146314234,0.004004993134884829,0.002429003842460511,4.1378200259282825e-07,2.065564404503187e-07,0.0009594141953827587,171.78817912936148
60.032756120304285,0.0008506176101775731,0.005539961762260778,1700,45.39961596011802,45.399616005517636,17.78986049629794,17.78986049629794,0.13434145653821858,17.92420195283616,0.0,0.051500771845318816,2.0499858372463176,0.01181823343365423,0.18871169869730778,0.009203519181873971,2008.717965041308,66.39122076221318,9.148080802386117,0.01687246863351786,0.11260163850920346,0.3873331069494081,-0.3873331069494081,0.37853848277213403,-0.008794624177274035,0.37512302651453044,0.7911324841966113,0.7911324841966113,0.710130366962256,1.5012628511588673,0.12271500180645087,1.031133003261011,66.54240209576429,9.15735264015013,34.201729575524084,34.201729575524084,1.7131677564864403e-05,0.24177930482610213,34.44350888035019,2.5103238237809946e-05,0.14884960705232506,644.0229055361032,True,1.0300889790440735,93.90746672796554,93.90746672796554,0.035750267384525816,93.94321699535007,30.016378060152142,0.00042530880508878655,0.0011079923524521557,45.39961596011802,45.39961596011802,0.0,0.002575038592265941,0.01181823343365423,0.013805278772810957,502.179491260327,66.39122076221318,0.0037512302651453045,0.0012271500180645086,5.139503269459321e-07,2.5103238237809947e-07,0.0014884960705232506,644.0229055361032
36.184399835050435,0.18430521345622586,0.1307269363078071,1725,15.46160964423483,15.46160965969644,15.266539736904006,15.266539736904006,0.13434145653821858,15.400881193442224,0.0,0.07663890830143819,3.4114307235151093,0.01989719441202855,0.22105741530323228,0.007321289751646967,219.07255710498606,41.156677455308056,7.415347025322017,0.00884370535942839,0.11260163850920346,0.298879653264293,-0.298879653264293,0.37853848277213403,0.07965882950784106,1.0409618242575611,1.0119499324279784,1.0119499324279784,0.710130366962256,1.7220802993902342,0.3741955543840133,0.8400780020835468,41.73959829743467,7.460619033609293,22.642376118327345,22.642376118327345,3.46131690907834e-05,0.24177930482610213,22.884155423153448,2.7712370462379284e-05,0.29073929937569254,129.64869564405782,True,0.8349802993190771,21.176615943274445,21.176615943274445,0.035750267384525816,21.21236621065897,18.092199917525218,0.09215260672811293,0.02614538726156142,15.46160964423483,15.46160964423483,0.0,0.0038319454150719094,0.01989719441202855,0.01098193462747045,54.768139276246515,41.156677455308056,0.010409618242575611,0.003741955543840133,1.038395072723502e-06,2.7712370462379283e-07,0.0029073929937569252,129.64869564405782
44.839499430711626,0.028617769603463628,0.03475704447012579,1750,41.01054620578273,41.010546246793275,19.724479592663286,19.724479592663286,0.13434145653821858,19.858821049201506,0.0,0.07866528707581519,3.5987585083136153,0.033223448209765076,0.26227300461057057,0.008041240659624771,1632.9365055989633,50.35648362292794,8.096230240270389,0.010523765301483136,0.11260163850920346,0.3401414974036807,-0.3401414974036807,0.37853848277213403,0.03839698536845334,0.7858792768725003,1.2157870168094251,1.2157870168094251,0.710130366962256,1.9259173837716812,0.2439978136936354,0.9136800738682596,50.61282441792525,8.114269071234602,34.97216275775986,34.97216275775986,5.334290727264935e-05,0.24177930482610213,35.213942062585964,3.06402931092963e-05,0.2507709667697745,522.1041931983196,True,0.9116488717645101,82.4355713259556,82.4355713259556,0.035750267384525816,82.47132159334014,22.419749715355813,0.014308884801731814,0.006951408894025159,41.01054620578273,41.01054620578273,0.0,0.003933264353790759,0.033223448209765076,0.012061860989437158,408.23412639974083,50.35648362292794,0.007858792768725002,0.002439978136936354,1.6002872181794803e-06,3.06402931092963e-07,0.002507709667697745,522.1041931983196
22.52568499071318,0.008359010196853034,0.01612034103890558,1775,13.926477659217527,13.926477673144005,16.82951315729581,16.82951315729581,0.13434145653821858,16.96385461383403,0.0,0.07607633682538507,4.16762035311653,0.0020769832568529943,0.12557393176864373,0.006604216675230495,176.0164016565866,26.482583513725938,6.146123153765943,0.008521097480107797,0.11260163850920346,0.032750775793767395,-0.032750775793767395,0.37853848277213403,0.34578770697836664,1.0464709879459375,2.3560028944847295,2.3560028944847295,0.710130366962256,3.0661332614469856,0.30552200929270407,0.6998611535328347,27.20010697282333,6.2153721797033175,21.204888759385703,21.204888759385703,0.000280663677955036,0.24177930482610213,21.446668064211806,9.557727830855017e-05,0.39188127783817717,95.71664289929777,True,0.6920635990546298,15.208624501947629,15.208624501947629,0.035750267384525816,15.244374769332154,11.26284249535659,0.004179505098426517,0.003224068207781116,13.926477659217527,13.926477659217527,0.0,0.0038038168412692537,0.0020769832568529943,0.009906325012845742,44.00410041414665,26.482583513725938,0.010464709879459376,0.0030552200929270406,8.419910338651078e-06,9.557727830855017e-07,0.003918812778381772,95.71664289929777
341.67683531152034,0.0010264756565073752,0.02255577104938018,1800,51.189485037170975,51.18948508836046,42.64777988634293,42.64777988634293,0.13434145653821858,42.78212134288115,0.0,0.07824954817403598,1.8229930620591066,0.022979514535538748,0.23158995525937315,0.018050479436944315,2554.713224171735,356.62443736862787,19.884502571384502,0.02644277386032302,0.11260163850920346,0.4175799004686916,-0.4175799004686916,0.37853848277213403,-0.03904141769655758,0.9178484632633601,2.4134799316800084,2.4134799316800084,0.710130366962256,3.1236102986422645,0.23641591252757374,2.2464900303361928,359.1318314633837,19.950773901436946,47.47262232678951,47.47262232678951,7.181485758017648e-06,0.24177930482610213,47.714401631615615,1.1759982418642499e-05,0.12952075069860255,1217.4024763919397,True,2.23902776932339,94.9912346476639,94.9912346476639,0.035750267384525816,95.02698491504843,170.83841765576017,0.0005132378282536876,0.004511154209876036,51.189485037170975,51.189485037170975,0.0,0.003912477408701799,0.022979514535538748,0.027075719155416473,638.6783060429337,356.62443736862787,0.0091784846326336,0.0023641591252757375,2.1544457274052942e-07,1.17599824186425e-07,0.0012952075069860255,1217.4024763919397
33.370186533047395,0.11573455307711256,0.10525427897238505,1825,22.29552471145981,22.295524733755332,14.271292098568065,14.271292098568065,0.13434145653821858,14.405633555106283,0.0,0.0675694027826371,2.3904478418605235,0.03155210688283946,0.25762912734920324,0.019783365041188758,470.0237798272672,38.15154124580752,7.176693390950171,0.024328057040235142,0.11260163850920346,0.33380383437007655,-0.33380383437007655,0.37853848277213403,0.04473464840205747,0.6886231333960073,0.9693532982498697,0.9693532982498697,0.710130366962256,1.6794836652121257,0.26367079568380963,0.8115642104577263,38.53171431769944,7.2073919094656365,17.57800681916738,17.57800681916738,3.559036205254217e-05,0.24177930482610213,17.819786123993484,2.3241459645537706e-05,0.0898095426415327,194.79205027236728,True,0.8081075066660947,44.40433473269772,44.40433473269772,0.035750267384525816,44.44008500008225,16.685093266523698,0.05786727653855628,0.021050855794477012,22.29552471145981,22.29552471145981,0.0,0.003378470139131855,0.03155210688283946,0.029675047561783137,117.5059449568168,38.15154124580752,0.006886231333960074,0.0026367079568380965,1.0677108615762652e-06,2.3241459645537706e-07,0.000898095426415327,194.79205027236728
85.16672921345611,0.09975127276177265,0.08812189019842398,1850,57.724658226516944,57.7246582842416,37.2360201585159,37.2360201585159,0.13434145653821858,37.370361615054115,0.0,0.07738344572690227,3.5264842184318166,0.017181128359480376,0.21107680328525094,0.0030822381659351772,3259.8948758752276,92.70959496441027,10.628582188692699,0.007294685671120254,0.11260163850920346,0.2735756970331772,-0.2735756970331772,0.37853848277213403,0.10496278573895683,1.2248951622731188,2.7750885371204563,2.7750885371204563,0.710130366962256,3.4852189040827124,0.3534074948831346,1.2031028670292425,93.7913556085306,10.684593724495137,56.13415483471836,56.13415483471836,0.0001168030031915677,0.24177930482610213,56.37593413954446,4.915542960799576e-05,0.23013020416343957,1008.1025987630348,True,1.1967958757623556,110.06970688549102,110.06970688549102,0.035750267384525816,110.10545715287554,42.583364606728054,0.04987563638088632,0.017624378039684797,57.724658226516944,57.724658226516944,0.0,0.0038691722863451136,0.017181128359480376,0.004623357248902766,814.9737189688069,92.70959496441027,0.012248951622731189,0.0035340749488313463,3.5040900957470308e-06,4.915542960799577e-07,0.002301302041634396,1008.1025987630348
91.6974354527351,0.09518632401959948,0.07772207018104862,1875,42.05949034816789,42.05949039022738,29.674510148865227,29.674510148865227,0.13434145653821858,29.808851605403447,0.0,0.061355792014862576,4.495740274015089,0.006117522070801613,0.15821458988450693,0.004355178598851081,1716.1469043997488,99.51813768489049,10.975877790194229,0.007294712173850734,0.11260163850920346,0.33677210115155815,-0.33677210115155815,0.37853848277213403,0.04176638162057588,1.5585418992045397,1.944972448631935,1.944972448631935,0.710130366962256,2.655102815594191,0.24471240719837933,1.2492959041016305,101.9055490101924,11.094827834598885,39.16178843719061,39.16178843719061,6.801408181586164e-05,0.24177930482610213,39.40356774201671,2.887935110488549e-05,0.44636178721925024,616.564426005131,True,1.2359019330114234,80.16785577761024,80.16785577761024,0.035750267384525816,80.20360604499477,45.84871772636755,0.04759316200979974,0.015544414036209726,42.05949034816789,42.05949034816789,0.0,0.003067789600743129,0.006117522070801613,0.006532767898276622,429.0367260999372,99.51813768489049,0.015585418992045397,0.0024471240719837932,2.040422454475849e-06,2.887935110488549e-07,0.004463617872192503,616.564426005131
99.088617963387,0.059211219728281694,0.05258066223385473,1900,37.31650909579774,37.31650913311425,19.563701703840685,19.563701703840685,0.13434145653821858,19.698043160378905,0.0,0.07543191443839678,2.2417443578395817,0.035663977164151726,0.26884908568524163,0.03249794738461602,1347.35574392215,107.21207923952615,11.35432659517393,0.03596957469995073,0.11260163850920346,0.3726154461992169,-0.3726154461992169,0.37853848277213403,0.0059230365729171725,0.6203871606430761,1.3676631479980044,1.3676631479980044,0.710130366962256,2.0777935149602604,0.2631135261580667,1.2831227101091685,108.0609963694753,11.395239120360594,33.69112703981966,33.69112703981966,1.8361854358711682e-05,0.24177930482610213,33.932906344645765,1.600420664580733e-05,0.11778682203947524,531.0501511198148,True,1.2785158923284756,73.77512764530965,73.77512764530965,0.035750267384525816,73.81087791269418,49.5443089816935,0.029605609864140847,0.010516132446770946,37.31650909579774,37.31650909579774,0.0,0.003771595721919839,0.035663977164151726,0.04874692107692403,336.8389359805375,107.21207923952615,0.006203871606430761,0.002631135261580667,5.508556307613505e-07,1.600420664580733e-07,0.0011778682203947525,531.0501511198148
89.54171726010745,0.1520861279922031,0.12678510892065045,1925,65.6057011218519,65.60570118745758,39.904936448186504,39.904936448186504,0.13434145653821858,40.03927790472472,0.0,0.06659131722483495,5.56089588538259,0.01741758129174047,0.21197568447157403,0.0031152520492557286,4221.581478750605,97.27183608655059,10.862648533053918,0.004814952918208674,0.11260163850920346,0.2794815910909294,-0.2794815910909294,0.37853848277213403,0.09905689168120464,2.0702217253504043,4.640136812932012,4.640136812932012,0.710130366962256,5.350267179894268,0.3825370369944722,1.235814569968732,99.5026585305781,10.975101930836502,71.82227250838713,71.82227250838713,0.00047523011287862804,0.24177930482610213,72.06405181321323,0.00010497278305932578,0.4850605814575285,1263.1999791371843,True,1.2231521319979517,121.4417077477279,121.4417077477279,0.035750267384525816,121.47745801511243,44.77085863005372,0.07604306399610156,0.02535702178413009,65.6057011218519,65.6057011218519,0.0,0.0033295658612417477,0.01741758129174047,0.004672878073883593,1055.3953696876513,97.27183608655059,0.020702217253504043,0.0038253703699447222,1.4256903386358841e-05,1.0497278305932579e-06,0.004850605814575285,1263.1999791371843
47.060423138815885,0.07876380221379475,0.08960588058415905,1950,24.136757787007888,24.136757811144644,21.95235950514732,21.95235950514732,0.13434145653821858,22.08670096168554,0.0,0.06854456904218371,4.239310260887876,0.026774484498299306,0.24362910651317296,0.006773984898355748,551.1680365039542,52.70847113503842,8.260059995278167,0.007724281730870268,0.11260163850920346,0.33421187436859356,-0.33421187436859356,0.37853848277213403,0.044326608403540475,0.7389106848455982,1.8299974834676993,1.8299974834676993,0.710130366962256,2.5401278504299554,0.2298878915150399,0.9345031623025272,53.27826372458396,8.299196101255532,26.31153334557922,26.31153334557922,5.688787645174553e-05,0.24177930482610213,26.553312650405324,2.5564862343719e-05,0.4925652267781778,238.2797309852808,True,0.9300963722532449,41.65635515697495,41.65635515697495,0.035750267384525816,41.69210542435948,23.530211569407943,0.03938190110689738,0.017921176116831812,24.136757787007888,24.136757787007888,0.0,0.003427228452109186,0.026774484498299306,0.010160977347533622,137.79200912598856,52.70847113503842,0.007389106848455982,0.0022988789151503993,1.7066362935523658e-06,2.5564862343719e-07,0.0049256522677817785,238.2797309852808
34.70492819017228,0.08034250323255465,0.07281348505069651,1975,13.264242062376667,13.26424207564091,12.250376096445901,12.250376096445901,0.13434145653821858,12.38471755298412,0.0,0.06790835830419452,2.0609285683970366,0.010566901088325233,0.18279543320753716,0.005105220302336915,158.79320554102497,39.57779929404413,7.291088879839811,0.006690026084248665,0.11260163850920346,0.3004246296201372,-0.3004246296201372,0.37853848277213403,0.07811385315199683,0.6361900985612348,1.4702929008603811,1.4702929008603811,0.710130366962256,2.180423267822637,0.24238837239524474,0.8230903993025098,39.81300099907572,7.3097544325493145,14.78721803875872,14.78721803875872,1.2967655438094361e-05,0.24177930482610213,15.028997343584821,1.517538521495101e-05,0.19858396256719787,109.9799330999654,True,0.8209886272970843,22.554712172924003,22.554712172924003,0.035750267384525816,22.590462440308528,17.35246409508614,0.040171251616277326,0.014562697010139304,13.264242062376667,13.264242062376667,0.0,0.003395417915209726,0.010566901088325233,0.007657830453505372,39.698301385256244,39.57779929404413,0.006361900985612348,0.0024238837239524474,3.890296631428308e-07,1.517538521495101e-07,0.0019858396256719787,109.9799330999654
47.31365964086853,0.5056724511236002,0.09960851328104592,2000,48.50279154049069,48.502791588993475,31.047491784335698,31.047491784335698,0.13434145653821858,31.181833240873917,0.0,0.06738434503963665,2.7885756099881363,0.007862129449516,0.16866864975579587,0.00996646162713289,2291.5433797511614,52.97645367391719,8.278492541310817,0.014241817464498647,0.11260163850920346,0.29454439989322356,-0.29454439989322356,0.37853848277213403,0.08399408287891047,1.4300819891165906,1.493585932738417,1.493585932738417,0.710130366962256,2.203716299700673,0.27710297938406786,0.9436533381273426,54.47115400600584,8.380457574297534,52.45969209808649,52.45969209808649,5.183879274169115e-05,0.24177930482610213,52.701471402912595,2.7877102362539917e-05,0.23150144902553205,698.3402476381028,True,0.9321719073227431,89.69013526113264,89.69013526113264,0.035750267384525816,89.72588552851717,23.656829820434265,0.2528362255618001,0.019921702656209184,48.50279154049069,48.50279154049069,0.0,0.003369217251981833,0.007862129449516,0.014949692440699335,572.8858449377904,52.97645367391719,0.014300819891165906,0.0027710297938406785,1.5551637822507345e-06,2.7877102362539916e-07,0.0023150144902553205,698.3402476381028
40.58279931805382,0.02611753389012683,0.039457965399112935,2025,17.39722013728794,17.39722015468516,12.510983892316187,12.510983892316187,0.13434145653821858,12.645325348854405,0.0,0.025801147061477847,1.5590932300588567,0.005560334600699597,0.15456765116791327,0.007237312080866781,280.59181099742864,45.8391697484243,7.770463037963083,0.00828110196359725,0.11260163850920346,0.3406523066637591,-0.3406523066637591,0.37853848277213403,0.037886176108374935,0.1731134368390562,1.7330295798966673,1.7330295798966673,0.710130366962256,2.4431599468589233,0.06376213022382801,0.8763843519081496,46.009778323722514,7.783050812409009,25.19355140130545,25.19355140130545,6.72836808357346e-06,0.24177930482610213,25.435330706131552,1.4076951840619864e-05,0.05528358548554186,153.71732094834232,True,0.8749669477544764,26.81337651005689,26.81337651005689,0.035750267384525816,26.849126777441416,20.29139965902691,0.013058766945063416,0.007891593079822587,17.39722013728794,17.39722013728794,0.0,0.0012900573530738924,0.005560334600699597,0.010855968121300172,70.14795274935716,45.8391697484243,0.001731134368390562,0.0006376213022382801,2.018510425072038e-07,1.4076951840619865e-07,0.0005528358548554187,153.71732094834232
35.64554736499223,0.03733579265063358,0.035438612033281934,2050,8.943448463116,8.94344847205945,6.658996532463201,6.658996532463201,0.13434145653821858,6.79333798900142,0.0,0.03363593632263978,1.6496471132488568,0.023483560398390987,0.23324346771850013,0.014194612377633187,68.76805889682213,40.58185873608134,7.370389213861374,0.015149491613799592,0.11260163850920346,0.3296930205568562,-0.3296930205568562,0.37853848277213403,0.04884546221527784,0.1601675089405356,1.1645822571144913,1.1645822571144913,0.710130366962256,1.874712624076747,0.11143015408402358,0.8304212842405674,40.63882764553152,7.374859029463438,10.896237595967095,10.896237595967095,1.115736713715615e-05,0.24177930482610213,11.138016900793197,9.286453128437964e-06,0.18584803744276043,84.61688338500214,True,0.8299179756352428,15.342463132541624,15.342463132541624,0.035750267384525816,15.37821339992615,17.822773682496116,0.01866789632531679,0.007087722406656387,8.943448463116,8.943448463116,0.0,0.0016817968161319892,0.023483560398390987,0.021291918566449783,17.19201472420553,40.58185873608134,0.001601675089405356,0.001114301540840236,3.347210141146845e-07,9.286453128437964e-08,0.0018584803744276044,84.61688338500214
48.915167261580315,0.027720152909556983,0.02790394898928794,2075,36.909031471463,36.90903150837203,21.814185392278933,21.814185392278933,0.13434145653821858,21.948526848817153,0.0,0.0409795092708309,2.6539805251007538,0.015042498970903971,0.2026478657413327,0.009681138054650982,1316.096487016473,54.670317576577354,8.393937893746292,0.010702447555421924,0.11260163850920346,0.4105655704602747,-0.4105655704602747,0.37853848277213403,-0.032027087688140665,0.3676439142745545,0.7924411413494544,0.7924411413494544,0.710130366962256,1.5025715083117104,0.12713483280044063,0.9466089112820197,54.85928813324028,8.406705619453245,45.00747123975841,45.00747123975841,6.240151768858972e-05,0.24177930482610213,45.24925054458451,3.922723697387509e-05,0.31363416643724656,445.12019487417086,True,0.9451712443197036,65.64339536962916,65.64339536962916,0.035750267384525816,65.67914563701369,24.457583630790158,0.013860076454778492,0.005580789797857588,36.909031471463,36.909031471463,0.0,0.0020489754635415447,0.015042498970903971,0.014521707081976473,329.02412175411826,54.670317576577354,0.003676439142745545,0.0012713483280044065,1.8720455306576917e-06,3.9227236973875087e-07,0.003136341664372466,445.12019487417086
38.758708636424934,0.0015872971398467328,0.02285645266556332,2100,39.400711117107825,39.400711156508535,27.4494630206487,27.4494630206487,0.13434145653821858,27.58380447718692,0.0,0.050545867970888045,3.399422260200874,0.007476820920994947,0.16646861234572316,0.0022223547004463448,1502.1333255914644,43.8992280397916,7.625649254208345,0.003351158097715366,0.11260163850920346,0.21581510657510675,-0.21581510657510675,0.37853848277213403,0.1627233761970273,0.8016612757830758,2.4083680659626245,2.4083680659626245,0.710130366962256,3.1184984329248806,0.18540579031121882,0.8628162926117066,44.38963531980547,7.662554714207267,46.946603617331085,46.946603617331085,2.3551854363499197e-05,0.24177930482610213,47.18838292215719,3.62258035348028e-05,0.2386050069280371,478.24358524799516,True,0.8586606769768376,69.27320386676901,69.27320386676901,0.035750267384525816,69.30895413415354,19.379354318212467,0.0007936485699233664,0.004571290533112664,39.400711117107825,39.400711117107825,0.0,0.0025272933985444022,0.007476820920994947,0.0033335320506695174,375.5333313978661,43.8992280397916,0.008016612757830758,0.0018540579031121882,7.065556309049758e-07,3.6225803534802803e-07,0.002386050069280371,478.24358524799516
17.777678160330446,0.015556607421572832,0.028916056682132336,2125,12.042404074033476,12.04240408607588,6.0898877066270245,6.0898877066270245,0.13434145653821858,6.224229163165243,0.0,0.0534055485046238,2.518408718736369,0.005803528951227778,0.1561808962353934,0.00889487976841108,131.47983958131925,21.31076488062263,5.616358400365231,0.01925813949840873,0.11260163850920346,0.3039911802252852,-0.3039911802252852,0.37853848277213403,0.07454730254684881,0.5330895593367984,0.8003706876063442,0.8003706876063442,0.710130366962256,1.5105010545686002,0.19257781552789943,0.6364067905132899,21.639639297452028,5.651842570149169,6.598805140741702,6.598805140741702,2.449907890688994e-05,0.24177930482610213,6.840584445567805,1.890201153037028e-05,0.21797854666950095,75.15678295443527,True,0.6324112144996379,25.371904055897048,25.371904055897048,0.035750267384525816,25.407654323281573,8.888839080165223,0.007778303710786416,0.005783211336426467,12.042404074033476,12.042404074033476,0.0,0.00267027742523119,0.005803528951227778,0.013342319652616619,32.86995989532981,21.31076488062263,0.005330895593367984,0.0019257781552789943,7.349723672066981e-07,1.890201153037028e-07,0.0021797854666950095,75.15678295443527
187.26369961329186,0.048568925161363574,0.046844393829668866,2150,48.456430119593605,48.456430168050034,41.320447427933246,41.320447427933246,0.13434145653821858,41.45478888447146,0.0,0.04752621285804803,2.304028670514627,0.010208151621416976,0.18103539786340714,0.006401982196872021,2285.3752885831755,198.37124581107093,15.084432747223827,0.013038435340365537,0.11260163850920346,0.39338531205294636,-0.39338531205294636,0.37853848277213403,-0.014846829280812324,1.2754097007376146,2.8169476761371426,2.8169476761371426,0.710130366962256,3.5270780430993987,0.18200578034982393,1.7074584360830782,200.6106036227251,15.16370726973433,48.04788179319031,48.04788179319031,1.7188579332901332e-05,0.24177930482610213,48.28966109801641,3.202960922204741e-05,0.18659510244610428,911.8756296017993,True,1.6985319941636157,87.84110573350458,87.84110573350458,0.035750267384525816,87.8768560008891,93.63184980664593,0.024284462580681787,0.009368878765933774,48.456430119593605,48.456430119593605,0.0,0.0023763106429024014,0.010208151621416976,0.009602973295308032,571.3438221457939,198.37124581107093,0.012754097007376147,0.0018200578034982392,5.156573799870399e-07,3.202960922204741e-07,0.0018659510244610428,911.8756296017993
54.670083476183024,3.845419739956224e-05,0.021123795740999027,2175,31.131384314616486,31.131384345747872,18.585794574155415,18.585794574155415,0.13434145653821858,18.720136030693634,0.0,0.0401450810989901,3.1009211225985043,0.01827845830720863,0.2151978487521478,0.007075479325254624,930.8013191104883,60.74522112671637,8.793922063166681,0.010857995254767258,0.11260163850920346,0.35556453439146557,-0.35556453439146557,0.37853848277213403,0.02297394838066844,0.5369691384389442,1.1732107151867055,1.1732107151867055,0.710130366962256,1.8833410821489613,0.15143341594208254,0.9919809509906082,60.99061067896522,8.809648563089457,29.958792191857704,29.958792191857704,6.342260359745466e-05,0.24177930482610213,30.200571496683807,4.481625311121968e-05,0.2543516795805169,351.9565497678236,True,0.9902101211740238,60.01126242086075,60.01126242086075,0.035750267384525816,60.04701268824528,27.335041738091512,1.922709869978112e-05,0.0042247591481998055,31.131384314616486,31.131384314616486,0.0,0.002007254054949505,0.01827845830720863,0.010613218987881937,232.70032977762207,60.74522112671637,0.005369691384389442,0.0015143341594208255,1.9026781079236396e-06,4.481625311121968e-07,0.002543516795805169,351.9565497678236
16.708981142515604,0.00991414010881475,0.03550441666886373,2200,19.63505062122432,19.63505064085937,15.16943726454547,15.16943726454547,0.13434145653821858,15.303778721083688,0.0,0.06556245560388542,2.634101132024285,0.004470399223921746,0.146861044143221,0.0019672137094143465,360.6714929547521,20.139110793035588,5.487662063149986,0.004468208365258144,0.11260163850920346,0.25602851533448023,-0.25602851533448023,0.37853848277213403,0.1225099674376538,1.1004950694067734,0.8118934498768265,0.8118934498768265,0.710130366962256,1.5220238168390825,0.24493061343883696,0.6210660607252501,20.390676100271588,5.515603625238999,30.13674681627358,30.13674681627358,3.9618026724774946e-05,0.24177930482610213,30.378526121099682,3.384623049499963e-05,0.34512524404595596,138.3361895564342,True,0.617919794772105,28.082307796543105,28.082307796543105,0.035750267384525816,28.11805806392763,8.354490571257802,0.004957070054407375,0.007100883333772747,19.63505062122432,19.63505062122432,0.0,0.0032781227801942712,0.004470399223921746,0.0029508205641215197,90.16787323868803,20.139110793035588,0.011004950694067735,0.00244930613438837,1.1885408017432484e-06,3.384623049499963e-07,0.0034512524404595596,138.3361895564342
18.964106293844864,0.030306705579148274,0.04282880145806035,2225,18.722525498175475,18.722525516898003,14.26668329237621,14.26668329237621,0.13434145653821858,14.401024748914429,0.0,0.07309180219708218,2.078432741633114,0.013150343435163438,0.1946749468504932,0.0030701758018995724,326.67795284632155,22.607930059201077,5.7547797066952615,0.008518329545848791,0.11260163850920346,0.2849885463977828,-0.2849885463977828,0.37853848277213403,0.09354993637435122,0.37872686084301005,0.5066531808403666,0.5066531808403666,0.710130366962256,1.2167835478026225,0.249961243050624,0.6500264359691896,22.77958927548552,5.772796798050963,23.85737314563818,23.85737314563818,2.3767004150471597e-05,0.24177930482610213,24.099152450464285,2.3614504260541097e-05,0.22101387003991158,132.53562419510294,True,0.6479976817811968,31.298792103882633,31.298792103882633,0.035750267384525816,31.33454237126716,9.482053146922432,0.015153352789574137,0.008565760291612072,18.722525498175475,18.722525498175475,0.0,0.0036545901098541094,0.013150343435163438,0.004605263702849359,81.66948821158039,22.607930059201077,0.0037872686084301005,0.00249961243050624,7.130101245141479e-07,2.3614504260541097e-07,0.002210138700399116,132.53562419510294
108.31166480808822,0.03736512010020265,0.041718863285309854,2250,34.434087947697144,34.43408798213123,16.841131476136233,16.841131476136233,0.13434145653821858,16.975472932674453,0.0,0.04295591987997784,1.7623288401682025,0.02250707613536078,0.2300235852636537,0.011304576168500606,1144.5837527173503,116.79749602648177,11.807289022991926,0.01323962391499815,0.11260163850920346,0.3925468020697351,-0.3925468020697351,0.37853848277213403,-0.014008319297601043,0.18135607503691786,1.9187428769346146,1.9187428769346146,0.710130366962256,2.6288732438968707,0.11003225459236159,1.3313203978822976,117.14330904383506,11.82327626201212,28.914998263168744,28.914998263168744,1.1162824501367635e-06,0.24177930482610213,29.156777567994848,1.0473727249981117e-05,0.25480318978834887,491.6074546800698,True,1.3295202084135131,69.31807538175458,69.31807538175458,0.035750267384525816,69.35382564913911,54.15583240404411,0.018682560050101327,0.008343772657061972,34.434087947697144,34.434087947697144,0.0,0.0021477959939988924,0.02250707613536078,0.01695686425275091,286.1459381793376,116.79749602648177,0.0018135607503691788,0.001100322545923616,3.34884735041029e-08,1.0473727249981117e-07,0.0025480318978834886,491.6074546800698
39.75015602038451,0.04519327022478559,0.035265941131514454,2275,13.373560684583527,13.373560697957087,12.114415262581886,12.114415262581886,0.13434145653821858,12.248756719120104,0.0,0.04592471286957146,2.383224409658097,0.009410737649844396,0.17700895654445725,0.005026133760121897,161.60677691839675,44.953974004119246,7.704772479668438,0.0054303247070728805,0.11260163850920346,0.30165490609303436,-0.30165490609303436,0.37853848277213403,0.07688357667909967,0.6044784719845542,1.0003486478664798,1.0003486478664798,0.710130366962256,1.7104790148287359,0.14379793774243704,0.8747377859447806,45.81161600666487,7.768427882947773,15.656056948015662,15.656056948015662,2.8563075352209994e-06,0.24177930482610213,15.897836252841763,2.1978526253651877e-05,0.23657778670461502,118.66305177320521,True,0.8675700825990094,22.38967974974782,22.38967974974782,0.035750267384525816,22.425430017132346,19.875078010192254,0.022596635112392793,0.0070531882263028915,13.373560684583527,13.373560684583527,0.0,0.002296235643478573,0.009410737649844396,0.007539200640182845,40.40169422959919,44.953974004119246,0.006044784719845542,0.0014379793774243704,8.568922605662998e-08,2.1978526253651877e-07,0.00236577786704615,118.66305177320521
38.489036009023266,0.09995650646042176,0.0784744077759022,2300,7.5954738166603315,7.595473824255805,7.219506210971515,7.219506210971515,0.13434145653821858,7.353847667509734,0.0,0.0673085592736223,0.9225404878701083,0.019388833018258295,0.21924378987322304,0.011042327677642523,48.093689612385944,43.61219861423528,7.603953256515016,0.014117043576190017,0.11260163850920346,0.3479231373838249,-0.3479231373838249,0.37853848277213403,0.030615345388309127,0.23974600168796942,0.8132814633547879,0.8132814633547879,0.710130366962256,1.5234118303170439,0.16925519801266337,0.8572957007898951,43.73874050983441,7.6135270854389345,7.587092236534163,7.587092236534163,3.858996681436036e-07,0.24177930482610213,7.828871541360265,3.449461416696709e-06,0.029134809416899603,82.5849851319503,True,0.8562176718705168,13.341229227124419,13.341229227124419,0.035750267384525816,13.376979494508944,19.244518004511633,0.04997825323021088,0.01569488155518044,7.5954738166603315,7.5954738166603315,0.0,0.0033654279636811148,0.019388833018258295,0.016563491516463785,12.023422403096486,43.61219861423528,0.0023974600168796944,0.0016925519801266338,1.1576990044308107e-08,3.449461416696709e-08,0.00029134809416899604,82.5849851319503
36.30873982247528,0.07038226630233191,0.04258450533698642,2325,7.222251730450595,7.222251737672847,7.2442711641162285,7.2442711641162285,0.13434145653821858,7.378612620654447,0.0,0.04235792823670764,1.4667596580976174,0.010016714052671984,0.18008353537256758,0.006290502456515359,42.90127000959714,41.28927853577115,7.425673391619835,0.008199343810260707,0.11260163850920346,0.3569262166650048,-0.3569262166650048,0.37853848277213403,0.021612266107129227,0.23600188486938276,1.2502077287123359,1.2502077287123359,0.710130366962256,1.9603380956745917,0.14492998524139078,0.8373082093420436,41.422364756957315,7.436020879157969,9.294099428400322,9.294099428400322,1.7052033273211512e-06,0.24177930482610213,9.535878733226424,6.38234137630543e-06,0.05258016290156539,77.46083131353613,True,0.8361430651873214,10.966058372919612,10.966058372919612,0.035750267384525816,11.001808640304137,18.15436991123764,0.035191133151165954,0.008516901067397284,7.222251730450595,7.222251730450595,0.0,0.0021178964118353824,0.010016714052671984,0.009435753684773038,10.725317502399285,41.28927853577115,0.0023600188486938276,0.0014492998524139077,5.1156099819634535e-08,6.382341376305431e-08,0.0005258016290156539,77.46083131353613
10.047700015371303,0.033830813941419735,0.03388947969087702,2350,9.908491213747945,9.908491223656437,8.573659454945108,8.573659454945108,0.13434145653821858,8.708000911483326,0.0,0.07196238128888045,1.9757049315143407,0.0,0.07975781325007604,0.0015987679052821627,85.59755869200501,12.743548593231905,4.569810722325752,0.004260991050456498,0.11260163850920346,0.2355744433978415,-0.2355744433978415,0.37853848277213403,0.14296403937429253,0.5130665842334935,1.2200707878951076,1.2200707878951076,0.710130366962256,1.9302011548573634,0.22326805956436366,0.5169406062958659,12.89441599737474,4.590879557625783,14.512047825782336,14.512047825782336,4.08868848849689e-06,0.24177930482610213,14.753827130608437,1.7737194349891865e-05,0.09032509370020135,49.11323595890559,True,0.5145682207089134,14.326191226329575,14.326191226329575,0.035750267384525816,14.3619414937141,5.023850007685652,0.016915406970709868,0.0067778959381754045,9.908491213747945,9.908491213747945,0.0,0.003598119064444023,0.0,0.002398151857923244,21.399389673001252,12.743548593231905,0.005130665842334935,0.0022326805956436368,1.226606546549067e-07,1.7737194349891865e-07,0.0009032509370020135,49.11323595890559
19.758768436983615,0.0005612154639451639,0.01184130241750933,2375,22.770173333217162,22.77017335598734,17.26790609017232,17.26790609017232,0.13434145653821858,17.40224754671054,0.0,0.046512078364045695,3.312899458537362,0.0002116048524941038,0.09454664402857593,0.0035468868135178936,489.22866608548566,23.474835337320215,5.8450836254207434,0.006328028990888033,0.11260163850920346,0.05126615715258526,-0.05126615715258526,0.37853848277213403,0.3272723256195488,1.067473869672136,2.4940479978213426,2.4940479978213426,0.710130366962256,3.2041783647835986,0.19320407918813226,0.6629429839928007,23.88772382285786,5.887506912819445,28.029328168188886,28.029328168188886,0.00014334878858581404,0.24177930482610213,28.27110747301499,6.910114972357179e-05,0.3300598015391694,178.45797818658616,True,0.6581660518965272,38.76025349988355,38.76025349988355,0.035750267384525816,38.796003767268076,9.879384218491808,0.00028060773197258193,0.0023682604835018662,22.770173333217162,22.770173333217162,0.0,0.002325603918202285,0.0002116048524941038,0.00532033022027684,122.30716652137141,23.474835337320215,0.01067473869672136,0.0019320407918813226,4.300463657574421e-06,6.910114972357179e-07,0.003300598015391694,178.45797818658616
3.991486687959604,0.07019047434921222,0.06170766423814224,2400,1.785210710635545,1.7852107124207557,1.9251537216873456,1.9251537216873456,0.13434145653821858,2.059495178225564,0.0,0.047454625697522027,1.3230442655723305,0.0038873546309850984,0.14234865380250883,0.004761852338573446,1.312579068108613,5.7497831186301305,3.3978705383381587,0.005200986607120316,0.11260163850920346,0.21982503379385873,-0.21982503379385873,0.37853848277213403,0.1587134489782753,0.0774539503642479,0.1994568497238276,0.1994568497238276,0.710130366962256,0.9095872166860836,0.12260574768784385,0.3827489803703128,5.755881810041235,3.399141890351889,2.835625524639239,2.835625524639239,4.630586402628569e-06,0.24177930482610213,3.0774048294653413,5.373977612128546e-06,0.12511803064270074,9.922973544662902,True,0.38260582403773125,2.024794159961128,2.024794159961128,0.035750267384525816,2.0605444273456537,1.995743343979802,0.03509523717460611,0.012341532847628449,1.785210710635545,1.785210710635545,0.0,0.0023727312848761013,0.0038873546309850984,0.007142778507860169,0.32814476702715323,5.7497831186301305,0.000774539503642479,0.0012260574768784384,1.3891759207885708e-07,5.373977612128546e-08,0.0012511803064270074,9.922973544662902
31.240926464019505,0.000732054771465096,0.011735901020120051,2425,15.023674637923891,15.023674652947566,10.953912707597164,10.953912707597164,0.13434145653821858,11.088254164135382,0.0,0.05159386017665637,1.7535542584755146,0.002897864959667507,0.13383182106958214,0.005368819685950871,206.6048004661357,35.87241312250039,6.989358323101097,0.010773292684439285,0.11260163850920346,0.24364947196838363,-0.24364947196838363,0.37853848277213403,0.1348890108037504,0.3447383663733828,2.079144924333547,2.079144924333547,0.710130366962256,2.789275291295803,0.16732127886827736,0.7894135705620147,36.12821485238267,7.010675074597085,18.27471776764294,18.27471776764294,1.3311069972157241e-05,0.24177930482610213,18.516497072469043,1.1773956331332313e-05,0.05593002841544373,118.18967551786338,True,0.7870132692027054,25.88857428700662,25.88857428700662,0.035750267384525816,25.924324554391145,15.620463232009753,0.000366027385732548,0.0023471802040240103,15.023674637923891,15.023674637923891,0.0,0.0025796930088328187,0.002897864959667507,0.008053229528926308,51.65120011653393,35.87241312250039,0.003447383663733828,0.0016732127886827737,3.993320991647172e-07,1.1773956331332314e-07,0.0005593002841544373,118.18967551786338
31.166358598991955,0.025966867563515073,0.030992572927971185,2450,6.5600441712968305,6.560044177856874,7.362387928529715,7.362387928529715,0.13434145653821858,7.496729385067934,0.0,0.07028192738861479,1.3993067405161326,0.003587761561824905,0.1398979261896846,0.004063006099319371,34.59867087528832,35.79250565247718,6.982683816856544,0.006469365058319862,0.11260163850920346,0.2996292256415738,-0.2996292256415738,0.37853848277213403,0.07890925713056024,0.26847815061666497,1.5686905511155476,1.5686905511155476,0.710130366962256,2.2788209180778036,0.19930030260687434,0.7872047599743981,35.89278706351051,6.991058926726603,8.580590373979145,8.580590373979145,2.2973821646785995e-06,0.24177930482610213,8.822369678805247,6.223895342259895e-06,0.18692070606452332,66.62432228029297,True,0.7862617087965837,9.208096610210385,9.208096610210385,0.035750267384525816,9.24384687759491,15.583179299495978,0.012983433781757536,0.006198514585594238,6.5600441712968305,6.5600441712968305,0.0,0.0035140963694307394,0.003587761561824905,0.006094509148979057,8.64966771882208,35.79250565247718,0.0026847815061666496,0.0019930030260687437,6.892146494035798e-08,6.223895342259896e-08,0.0018692070606452333,66.62432228029297
59.43409068682551,0.02854740911604159,0.035354537369413096,2475,36.540837286704146,36.540837323244986,22.89655970769133,22.89655970769133,0.13434145653821858,23.03090116422955,0.0,0.07366491681510556,4.466667422233134,0.021914646147007343,0.22803596234363915,0.0027555993883755917,1289.1562558812388,65.76157137504566,9.109350860275171,0.0047061493303860395,0.11260163850920346,0.2514454319187911,-0.2514454319187911,0.37853848277213403,0.1270930508533429,1.3426899993982147,2.2168013431795854,2.2168013431795854,0.710130366962256,2.9269317101418415,0.1886028626048865,1.0327903150421014,66.78274445787406,9.172071001764122,43.387870630271,43.387870630271,0.00022698978146034894,0.24177930482610213,43.629649935097106,7.466446295037345e-05,0.30346767845258044,454.3779490403171,True,1.0257279237157149,65.30257854129427,65.30257854129427,0.035750267384525816,65.3383288086788,29.717045343412757,0.014273704558020794,0.007070907473882619,36.540837286704146,36.540837286704146,0.0,0.0036832458407552783,0.021914646147007343,0.004133399082563388,322.2890639703097,65.76157137504566,0.013426899993982147,0.0018860286260488652,6.809693443810468e-06,7.466446295037345e-07,0.0030346767845258046,454.3779490403171
9.225622332802551,0.008687290450682061,0.01693882904901925,2500,11.057471154400536,11.057471165458008,10.42524474341753,10.42524474341753,0.13434145653821858,10.559586199955747,0.0,0.05464408674480017,4.175488167671785,2.0537842073689183e-05,0.08453186960025211,0.001725585060567972,108.62024820603702,11.81551909871538,4.437370957391038,0.0030542926327669704,0.11260163850920346,0.19479292008710786,-0.19479292008710786,0.37853848277213403,0.18374556268502618,0.7672556869121228,0.9407470115384361,0.9407470115384361,0.710130366962256,1.650877378500692,0.15337432940413223,0.5024675912531257,11.987844462741739,4.462346669925145,18.834570549634478,18.834570549634478,4.043605199723617e-05,0.24177930482610213,19.07634985446058,2.331435323313969e-05,0.4881702002278628,54.6680254502223,True,0.4996552848490933,12.1238862541649,12.1238862541649,0.035750267384525816,12.159636521549425,4.612811166401276,0.004343645225341031,0.00338776580980385,11.057471154400536,11.057471154400536,0.0,0.0027322043372400087,2.0537842073689183e-05,0.002588377590851958,27.155062051509255,11.81551909871538,0.007672556869121228,0.0015337432940413223,1.2130815599170851e-06,2.3314353233139689e-07,0.004881702002278628,54.6680254502223
16.518629966568483,0.09545308138241615,0.07726021675213532,2525,15.86538638427356,15.865386400138947,15.43043787610196,15.43043787610196,0.13434145653821858,15.564779332640178,0.0,0.05445711927984109,4.125791815364566,0.020330515787993532,0.22258511769463718,0.007739679318916897,231.03594346682888,19.93007936316131,5.464311745741028,0.009338507313973036,0.11260163850920346,0.2061001083152211,-0.2061001083152211,0.37853848277213403,0.17243837445691293,0.7656343233834345,1.4517461792843993,1.4517461792843993,0.710130366962256,2.1618765462466554,0.13058767769960342,0.619039959830137,20.228496588398563,5.497610097418246,21.35893158952088,21.35893158952088,0.00010552530586582917,0.24177930482610213,21.60071089434698,6.834226903618388e-05,0.33489826039628867,101.92392312399498,True,0.6152905105386433,23.708648468666023,23.708648468666023,0.035750267384525816,23.74439873605055,8.259314983284241,0.047726540691208075,0.015452043350427064,15.86538638427356,15.86538638427356,0.0,0.0027228559639920547,0.020330515787993532,0.011609518978375345,57.75898586670722,19.93007936316131,0.0076563432338343455,0.0013058767769960342,3.165759175974875e-06,6.834226903618388e-07,0.003348982603962887,101.92392312399498
20.056995498593835,0.07385208762438422,0.06116627892298343,2550,4.349015957683747,4.349015962032763,5.282592930918492,5.282592930918492,0.13434145653821858,5.416934387456711,0.0,0.06165439325223867,0.8793272881571282,0.0016186622063441062,0.12023260128731557,0.00405478415786142,13.501789677086839,23.79979846821135,5.878503712021889,0.0062450066873306126,0.11260163850920346,0.2819081452509823,-0.2819081452509823,0.37853848277213403,0.09663033752115177,0.4298699924263247,0.4927369100650171,0.4927369100650171,0.710130366962256,1.202867277027273,0.20677066340608583,0.663782506632886,23.96065885303268,5.894962599758315,5.632525698406293,5.632525698406293,5.089733926900748e-07,0.24177930482610213,5.874305003232395,2.610718197389206e-06,0.05504584665121024,41.61961935856748,True,0.6619292087411365,5.883562144499048,5.883562144499048,0.035750267384525816,5.919312411883574,10.028497749296918,0.03692604381219211,0.012233255784596686,4.349015957683747,4.349015957683747,0.0,0.0030827196626119335,0.0016186622063441062,0.006082176236792129,3.3754474192717097,23.79979846821135,0.004298699924263247,0.0020677066340608584,1.5269201780702244e-08,2.6107181973892058e-08,0.0005504584665121025,41.61961935856748
26.295228305649974,0.0035598411859532053,0.010993604533153735,2575,2.951815840130745,2.9518158430825605,2.199415820194376,2.199415820194376,0.13434145653821858,2.3337572767325945,0.0,0.03928081460939743,1.2200856092489172,0.005783756950998293,0.15605101545014566,0.007511019123162849,5.414733372191671,30.557538156894264,6.527887314055367,0.008044469903058226,0.11260163850920346,0.36901264291257063,-0.36901264291257063,0.37853848277213403,0.009525839859563383,0.07683579778563526,0.2259899863797319,0.2259899863797319,0.710130366962256,0.9361203533419878,0.13288625392453504,0.7353224381074701,30.5842075646895,6.530299048395982,2.5021351665866964,2.5021351665866964,5.220266329565733e-07,0.24177930482610213,2.7439144714127988,6.644270376949596e-06,0.1118030407006908,48.03685979379134,True,0.7350508728449507,5.681613477772109,5.681613477772109,0.035750267384525816,5.717363745156635,13.147614152824987,0.0017799205929766027,0.002198720906630747,2.951815840130745,2.951815840130745,0.0,0.001964040730469872,0.005783756950998293,0.011266528684744273,1.3536833430479178,30.557538156894264,0.0007683579778563526,0.0013288625392453505,1.56607989886972e-08,6.644270376949596e-08,0.001118030407006908,48.03685979379134
21.735222374353416,0.01788258480716265,0.04333516256780645,2600,13.434948540969206,13.434948554404155,15.152797845296563,15.152797845296563,0.13434145653821858,15.287139301834781,0.0,0.05758762256818643,3.553022739912982,5.1705413297042295e-05,0.08719064762709468,0.0026707114895887602,163.24154001856417,25.624906318012208,6.062104929573488,0.0031696787468103345,0.11260163850920346,0.20624202985981957,-0.20624202985981957,0.37853848277213403,0.17229645291231446,0.47871426126009614,2.1069352343657863,2.1069352343657863,0.710130366962256,2.8170656013280424,0.1581351387534127,0.6841800532730513,25.766897307726683,6.076110450702061,20.828901938314345,20.828901938314345,8.908502418977516e-05,0.24177930482610213,21.07068124314045,3.074121514479625e-05,0.28985334396685797,90.77166653689507,True,0.6826030085057435,15.315255888962467,15.315255888962467,0.035750267384525816,15.351006156346992,10.867611187176708,0.008941292403581325,0.00866703251356129,13.434948540969206,13.434948540969206,0.0,0.0028793811284093217,5.1705413297042295e-05,0.00400606723438314,40.81038500464104,25.624906318012208,0.004787142612600962,0.0015813513875341271,2.672550725693255e-06,3.0741215144796247e-07,0.0028985334396685798,90.77166653689507
26.91405746464934,0.13424225479032992,0.11359060927107396,2625,27.242987098353588,27.242987125596574,10.501677119914582,10.501677119914582,0.13434145653821858,10.6360185764528,0.0,0.07584047826510823,2.124747171791633,0.02672721043144681,0.24348458774895818,0.021458944572102005,710.8456540118718,31.224358270298925,6.587876007061979,0.025657154185713144,0.11260163850920346,0.3757854046358658,-0.3757854046358658,0.37853848277213403,0.002753078136268243,0.26365437302981254,0.21300168525717433,0.21300168525717433,0.710130366962256,0.9231320522194303,0.25031445715799416,0.7426456920868141,31.30778356299895,6.595335875798606,21.400036560810847,21.400036560810847,2.1943703523798167e-05,0.24177930482610213,21.64181586563695,1.6600148092850896e-05,0.06959550543062978,249.79417097206615,True,0.7418056985694077,56.0577235187433,56.0577235187433,0.035750267384525816,56.09347378612783,13.45702873232467,0.06712112739516496,0.022718121854214793,27.242987098353588,27.242987098353588,0.0,0.0037920239132554117,0.02672721043144681,0.032188416858153004,177.71141350296796,31.224358270298925,0.0026365437302981252,0.0025031445715799415,6.58311105713945e-07,1.6600148092850897e-07,0.0006959550543062979,249.79417097206615
14.496463862001281,0.07925006108308719,0.04785512093952819,2650,3.973842261257004,3.9738422652308465,3.24715310498803,3.24715310498803,0.13434145653821858,3.381494561526248,0.0,0.04247352989625498,0.5291006000466807,0.005163321351144759,0.15185625478094972,0.007087169335447034,11.008888700760917,17.702401627563933,5.207422206953319,0.007773019379238336,0.11260163850920346,0.2454409615740616,-0.2454409615740616,0.37853848277213403,0.13309752119807244,0.1565112488548037,0.5829877966657805,0.5829877966657805,0.710130366962256,1.2931181636280364,0.15351392985525017,0.5868778258598095,17.740796906388972,5.211982538708936,5.0121200117490785,5.0121200117490785,7.144896262950886e-07,0.24177930482610213,5.253899316575181,1.0404348138434792e-06,0.022848730855654968,31.747140572525087,True,0.5863643249863781,6.549171352819111,6.549171352819111,0.035750267384525816,6.584921620203637,7.248231931000641,0.03962503054154359,0.00957102418790564,3.973842261257004,3.973842261257004,0.0,0.002123676494812749,0.005163321351144759,0.01063075400317055,2.752222175190229,17.702401627563933,0.0015651124885480369,0.0015351392985525018,2.1434688788852656e-08,1.0404348138434792e-08,0.00022848730855654968,31.747140572525087
19.982935436092806,0.7268974440016713,0.12063877699372426,2675,3.6670694214626076,3.667069425129677,4.060300287336134,4.060300287336134,0.13434145653821858,4.194641743874353,0.0,0.035031688415062094,1.2671084488853384,0.008594660131413497,0.1727073898425228,0.006683936296802135,8.921723798917142,23.71911757338663,5.870227671617275,0.014321836121137554,0.11260163850920346,0.262134782340801,-0.262134782340801,0.37853848277213403,0.11640370043133302,0.14352588851215337,1.1009500629215663,1.1009500629215663,0.710130366962256,1.8110804298838221,0.11475521612317964,0.6615157101149578,23.76398202361465,5.874831486689017,4.040464856855984,4.040464856855984,2.393306000013497e-07,0.24177930482610213,4.282244161682087,4.718992686093611e-06,0.15546031494868573,40.02017175758756,True,0.6609973129484482,5.757151246546724,5.757151246546724,0.035750267384525816,5.79290151393125,9.991467718046403,0.36344872200083567,0.024127755398744854,3.6670694214626076,3.6670694214626076,0.0,0.0017515844207531047,0.008594660131413497,0.010025904445203203,2.2304309497292856,23.71911757338663,0.0014352588851215336,0.0011475521612317964,7.179918000040491e-09,4.718992686093611e-08,0.0015546031494868572,40.02017175758756
24.19973629910823,0.017497641015735255,0.03847258007011403,2700,22.388304107894175,22.388304130282478,15.486631706384701,15.486631706384701,0.13434145653821858,15.620973162922919,0.0,0.05376528518203018,2.810215318951302,0.002257321379316452,0.12751127633853307,0.001794714770602936,472.7957756921819,28.295194497517816,6.319322748011989,0.0023288570137847244,0.11260163850920346,0.2243875696036767,-0.2243875696036767,0.37853848277213403,0.15415091316845733,0.6949627163434022,2.0627564164905254,2.0627564164905254,0.710130366962256,2.7728867834527815,0.16721204003555926,0.714317966135894,28.555783503240534,6.343761175730118,27.16063387154054,27.16063387154054,6.546638831233662e-05,0.24177930482610213,27.402413176366643,3.882303399435052e-05,0.20297734194385117,181.01704554553302,True,0.7115661588878597,39.0427932072217,39.0427932072217,0.035750267384525816,39.07854347460623,12.099868149554116,0.008748820507867627,0.0076945160140228066,22.388304107894175,22.388304107894175,0.0,0.002688264259101509,0.002257321379316452,0.002692072155904404,118.19894392304548,28.295194497517816,0.006949627163434022,0.0016721204003555927,1.9639916493700986e-06,3.8823033994350517e-07,0.0020297734194385116,181.01704554553302
39.517380058801656,0.05420535555604644,0.03570327956669109,2725,17.068424105326883,17.068424122395307,11.897904006904122,11.897904006904122,0.13434145653821858,12.03224546344234,0.0,0.033906302001759835,3.512960169789106,0.0035765801586928737,0.1398045162064946,0.004242395802385857,270.0081573680967,44.706408119732814,7.686285076163954,0.005194359769965056,0.11260163850920346,0.33894139204971735,-0.33894139204971735,0.37853848277213403,0.03959709072241667,0.2959355354520457,1.3080388978029673,1.3080388978029673,0.710130366962256,2.0181692647652234,0.13628983643183099,0.8664556775055823,44.82135928429454,7.694875598866235,16.96136819927136,16.96136819927136,6.434376491671455e-05,0.24177930482610213,17.203147504097462,2.8084377449667805e-05,0.2486439972171596,149.08825132398616,True,0.8654883704877496,32.02470190549259,32.02470190549259,0.035750267384525816,32.06045217287712,19.758690029400828,0.02710267777802322,0.007140655913338218,17.068424105326883,17.068424105326883,0.0,0.001695315100087992,0.0035765801586928737,0.006363593703578785,67.50203934202418,44.706408119732814,0.002959355354520457,0.0013628983643183099,1.9303129475014363e-06,2.8084377449667804e-07,0.0024864399721715963,149.08825132398616
73.74432747895315,0.4614034714542309,0.09555520319799593,2750,28.42619075157319,28.42619077999938,19.24699612246381,19.24699612246381,0.13434145653821858,19.38133757900203,0.0,0.05793674366003023,2.4132254087421985,0.009988694935100273,0.1799434586909032,0.0061528797271670505,772.3422544929064,80.77428887524427,9.987451745363881,0.010124991840578962,0.11260163850920346,0.3687561396474061,-0.3687561396474061,0.37853848277213403,0.009782343124727904,0.31623753632465906,1.53766418155631,1.53766418155631,0.710130366962256,2.247794548518566,0.20098193966208974,1.1270200173654583,81.16049964521518,10.00891223429417,29.036439289393602,29.036439289393602,4.053588029478547e-05,0.24177930482610213,29.278218594219705,1.9503190095117117e-05,0.14054127017442739,339.436713636166,True,1.1246035309340943,53.14301038456574,53.14301038456574,0.035750267384525816,53.17876065195027,36.872163739476576,0.23070173572711544,0.01911104063959919,28.42619075157319,28.42619075157319,0.0,0.0028968371830015117,0.009988694935100273,0.009229319590750577,193.0855636232266,80.77428887524427,0.0031623753632465906,0.0020098193966208975,1.216076408843564e-06,1.9503190095117118e-07,0.0014054127017442738,339.436713636166
5.696199807261986,0.6242498096755245,0.11365035735315657,2775,6.976514483681603,6.976514490658118,6.103628986102544,6.103628986102544,0.13434145653821858,6.237970442640763,0.0,0.052290350175870234,2.637894490886006,0.0003214704530614029,0.09792959712490504,0.0033958686998734047,40.01616297852854,7.765536832684075,3.786671281777611,0.0069902402497634825,0.11260163850920346,0.18771932093801866,-0.18771932093801866,0.37853848277213403,0.19081916183411538,0.44014932317608935,0.5506715954162807,0.5506715954162807,0.710130366962256,1.2608019623785367,0.22511100542190018,0.43032921530850077,7.961965590360607,3.8216955169473206,10.630368532435785,10.630368532435785,3.0646222507313285e-05,0.24177930482610213,10.872147837261886,2.5495104167795855e-05,0.2922308104870507,27.946652817677432,True,0.42638542869061746,9.631265363749955,9.631265363749955,0.035750267384525816,9.66701563113448,2.848099903630993,0.31212490483776223,0.022730071470631316,6.976514483681603,6.976514483681603,0.0,0.002614517508793512,0.0003214704530614029,0.005093803049810107,10.004040744632135,7.765536832684075,0.004401493231760894,0.002251110054219002,9.193866752193986e-07,2.5495104167795856e-07,0.002922308104870507,27.946652817677432
37.34487053796898,0.009520796792741204,0.01702466676784311,2800,15.7099838252044,15.709983840914385,12.349001908562826,12.349001908562826,0.13434145653821858,12.483343365101044,0.0,0.0830881834453675,1.9428681583536354,0.01772856602343919,0.21314866136555483,0.01501164450221446,226.86764790298957,42.39370650824863,7.51104496284956,0.015701356494540242,0.11260163850920346,0.31276213610933495,-0.31276213610933495,0.37853848277213403,0.06577634666279907,0.422770401794805,1.139164139849505,1.139164139849505,0.710130366962256,1.8492945068117608,0.2451084799837609,0.8471059020116603,42.549957714277,7.523032861658525,16.61288543436724,16.61288543436724,6.398548829070349e-06,0.24177930482610213,16.854664739193343,1.212516852889139e-05,0.14107736260452883,133.5536932275359,True,0.8457560448436093,28.357303040390722,28.357303040390722,0.035750267384525816,28.393053307775247,18.67243526898449,0.004760398396370602,0.003404933353568622,15.7099838252044,15.7099838252044,0.0,0.004154409172268375,0.01772856602343919,0.02251746675332169,56.716911975747394,42.39370650824863,0.004227704017948051,0.002451084799837609,1.9195646487211046e-07,1.2125168528891391e-07,0.0014107736260452882,133.5536932275359
12.050992227319327,0.5171812769565385,0.10174243498206359,2825,9.629698646495978,9.629698656125676,8.885997481607301,8.885997481607301,0.13434145653821858,9.02033893814552,0.0,0.08321578840710617,1.8506420296213573,0.015497537727097034,0.204489106861191,0.01890970965410502,80.33858920332624,14.988155352791859,4.871453906840666,0.03618126124667646,0.11260163850920346,0.09317809743401262,-0.09317809743401262,0.37853848277213403,0.2853603853381214,0.31416707022134566,1.7433986561732957,1.7433986561732957,0.710130366962256,2.4535290231355518,0.26868178535586873,0.552421791925955,15.256704484469429,4.9059831648983625,11.520181730765971,11.520181730765971,1.5006379482937717e-05,0.24177930482610213,11.761961035592073,1.052586628649478e-05,0.09393742716163253,51.06172784915979,True,0.5485337405468587,15.777573376592155,15.777573376592155,0.035750267384525816,15.81332364397668,6.025496113659663,0.25859063847826924,0.02034848699641272,9.629698646495978,9.629698646495978,0.0,0.0041607894203553085,0.015497537727097034,0.028364564481157532,20.08464730083156,14.988155352791859,0.0031416707022134567,0.0026868178535586875,4.501913844881315e-07,1.0525866286494781e-07,0.0009393742716163253,51.06172784915979
18.433233849462734,0.0359923808230167,0.03220643683505504,2850,8.637137169944632,8.637137178581769,7.201405111862921,7.201405111862921,0.13434145653821858,7.33574656840114,0.0,0.05988364761467231,2.23010543237448,0.0011191889636073332,0.11345428169319038,0.003804447713504398,63.675083228376096,22.027949218115005,5.693394210815346,0.006159001137403258,0.11260163850920346,0.2438751787199145,-0.2438751787199145,0.37853848277213403,0.13466330405221955,0.440119671160896,1.1418487688287207,1.1418487688287207,0.710130366962256,1.8519791357909767,0.17795131939087772,0.6478699704757191,22.597145728644644,5.753645519876787,11.96231192790941,11.96231192790941,2.5627092441403664e-05,0.24177930482610213,12.20409123273551,2.11489240676195e-05,0.18580303908278045,55.84277136117652,True,0.6410855737505634,13.292112595398697,13.292112595398697,0.035750267384525816,13.327862862783222,9.216616924731367,0.01799619041150835,0.006441287367011008,8.637137169944632,8.637137169944632,0.0,0.002994182380733616,0.0011191889636073332,0.005706671570256597,15.918770807094024,22.027949218115005,0.004401196711608961,0.0017795131939087772,7.688127732421099e-07,2.11489240676195e-07,0.0018580303908278045,55.84277136117652
5.3181764847788475,0.01965703832486243,0.03251195927394083,2875,2.550132088411655,2.550132090961787,3.0416114079185324,3.0416114079185324,0.13434145653821858,3.1759528644567507,0.0,0.05894560654454713,0.9166319964043302,0.0005254010758127802,0.10292162899561853,0.0037661131402774834,3.745200330679,7.323070235177081,3.7061171879977928,0.005635380076398494,0.11260163850920346,0.15429538958987035,-0.15429538958987035,0.37853848277213403,0.22424309318226368,0.12124498440886142,0.662326200962969,0.662326200962969,0.710130366962256,1.372456567925225,0.1395749174521468,0.41768723736806473,7.340977446814663,3.709423821924998,4.327922458586052,4.327922458586052,8.455071913342358e-07,0.24177930482610213,4.569701763412154,1.6648656139019531e-06,0.08026727493670568,13.497454324560433,True,0.417314904936845,2.0176899114386377,2.0176899114386377,0.035750267384525816,2.0534401788231635,2.6590882423894238,0.009828519162431215,0.006502391854788166,2.550132088411655,2.550132088411655,0.0,0.0029472803272273564,0.0005254010758127802,0.005649169710416225,0.93630008266975,7.323070235177081,0.001212449844088614,0.0013957491745214682,2.5365215740027075e-08,1.6648656139019533e-08,0.0008026727493670568,13.497454324560433
26.866414680711845,0.012289238109356782,0.027976469139736716,2900,5.920668038334999,5.920668044255668,4.362626807836886,4.362626807836886,0.13434145653821858,4.496968264375105,0.0,0.049006479777348455,1.6618254892743496,0.0033783514238694148,0.13812358749999362,0.0064034709106580365,27.832677968345287,31.173040465088288,6.583282230470558,0.010270564587823595,0.11260163850920346,0.40861668309441496,-0.40861668309441496,0.37853848277213403,-0.030078200322280948,0.1210938231395849,0.028951114160691294,0.028951114160691294,0.710130366962256,0.7390814811229472,0.12977249274279717,0.7415700718376179,31.200976615660498,6.585783437948566,7.923509769412996,7.923509769412996,1.0759379939737617e-05,0.24177930482610213,8.165289074239098,8.660144416342984e-06,0.12623271080942355,57.516030530176636,True,0.7412884317523307,9.658634735830766,9.658634735830766,0.035750267384525816,9.694385003215292,13.433207340355922,0.006144619054678391,0.005595293827947344,5.920668038334999,5.920668038334999,0.0,0.0024503239888674228,0.0033783514238694148,0.009605206365987055,6.958169492086322,31.173040465088288,0.001210938231395849,0.0012977249274279718,3.227813981921285e-07,8.660144416342985e-08,0.0012623271080942355,57.516030530176636
7.4024036618888935,0.003413977986872374,0.022276112984146723,2925,7.6414565647487525,7.641456572390209,9.616685199206403,9.616685199206403,0.13434145653821858,9.75102665574462,0.0,0.06393044032319953,2.410804788457653,0.002170453277294403,0.12658812377950418,0.0039605468999429575,48.477177239272244,9.73899235606354,4.120735867718308,0.006743706705928135,0.11260163850920346,0.08324362241707067,-0.08324362241707067,0.37853848277213403,0.29529486035506336,0.4058447761605671,1.4198238712979503,1.4198238712979503,0.710130366962256,2.1299542382602064,0.17802921476198907,0.4656484760692297,9.830489173285176,4.1353610913713235,9.218452722720617,9.218452722720617,2.521643239396334e-05,0.24177930482610213,9.460232027546718,1.6729617298138867e-05,0.30331860170913316,33.2272879185239,True,0.46400165177608443,10.605468334344142,10.605468334344142,0.035750267384525816,10.641218601728667,3.7012018309444468,0.001706988993436187,0.004455222596829345,7.6414565647487525,7.6414565647487525,0.0,0.0031965220161599764,0.002170453277294403,0.005940820349914436,12.119294309818061,9.73899235606354,0.004058447761605671,0.0017802921476198909,7.564929718189002e-07,1.6729617298138866e-07,0.0030331860170913316,33.2272879185239
16.51767696653838,0.07986181612830934,0.08319322305222923,2950,3.6482352986440665,3.648235302292302,3.49553409394642,3.49553409394642,0.13434145653821858,3.6298755504846385,0.0,0.03872722806420283,1.1696566889762001,0.011657940858207951,0.18797194477366772,0.01126003211858265,8.85079431341563,19.929032569757535,5.464194504023938,0.013373207987371983,0.11260163850920346,0.25902322556185015,-0.25902322556185015,0.37853848277213403,0.1195152572102839,0.05248217325033592,1.172082807707672,1.172082807707672,0.710130366962256,1.8822131746699278,0.09998275046123288,0.6156922040999676,19.961943937184593,5.467879131890722,4.3242341849125925,4.3242341849125925,5.288485985418969e-07,0.24177930482610213,4.566013489738695,2.5960623727045246e-06,0.18178999106572444,34.13920142411245,True,0.6152773089280248,5.847176504694053,5.847176504694053,0.035750267384525816,5.882926772078579,8.25883848326919,0.03993090806415467,0.016638644610445848,3.6482352986440665,3.6482352986440665,0.0,0.0019363614032101416,0.011657940858207951,0.016890048177873977,2.2126985783539075,19.929032569757535,0.0005248217325033592,0.000999827504612329,1.5865457956256906e-08,2.5960623727045247e-08,0.0018178999106572445,34.13920142411245
15.615592693276692,0.036362541825435524,0.050202613077056986,2975,11.630566076153347,11.630566087783912,11.427071649238522,11.427071649238522,0.13434145653821858,11.56141310577674,0.0,0.07855424115280531,2.9595409292050734,0.005510484723985203,0.15423263920934782,0.005574892112577772,120.83636623185903,18.936918257608383,5.351656955414613,0.008327408125814234,0.11260163850920346,0.26173016546638345,-0.26173016546638345,0.37853848277213403,0.11680831730575057,0.647246470887045,0.607044414856536,0.607044414856536,0.710130366962256,1.317174781818792,0.28456410622515294,0.6082694979278744,19.37724376862586,5.40195908302495,19.532976873178686,19.532976873178686,2.224946784004672e-05,0.24177930482610213,19.77475617800479,2.981392153891212e-05,0.3239368526502787,68.64295300676432,True,0.6026053954354302,12.798366302206619,12.798366302206619,0.035750267384525816,12.834116569591144,7.807796346638346,0.018181270912717762,0.010040522615411399,11.630566076153347,11.630566076153347,0.0,0.003927712057640266,0.005510484723985203,0.008362338168866659,30.209091557964758,18.936918257608383,0.00647246470887045,0.0028456410622515293,6.674840352014015e-07,2.9813921538912117e-07,0.0032393685265027874,68.64295300676432
15.425284963626387,0.09797652780963684,0.07588785418864602,3000,4.758112779000367,4.75811278375848,4.3676244554137655,4.3676244554137655,0.13434145653821858,4.501965911951984,0.0,0.05864440067371237,1.699786116534803,0.010296288798182542,0.1814706302246248,0.01113977077745314,16.97054770135622,18.727287887991814,5.327503655456782,0.013422044680026557,0.11260163850920346,0.29626323112054004,-0.29626323112054004,0.37853848277213403,0.08227525165159398,0.10985450462211668,0.4614630983667357,0.4614630983667357,0.710130366962256,1.1715934653289917,0.14647462055613994,0.6002649725958751,18.75645208071454,5.3308719769481225,7.918037736454337,7.918037736454337,8.127499542509793e-06,0.24177930482610213,8.159817041280439,7.198774008099318e-06,0.25831973115983237,35.53993087826113,True,0.5998856940432411,5.579068133847967,5.579068133847967,0.035750267384525816,5.614818401232493,7.712642481813194,0.04898826390481842,0.015177570837729205,4.758112779000367,4.758112779000367,0.0,0.0029322200336856187,0.010296288798182542,0.016709656166179712,4.242636925339055,18.727287887991814,0.001098545046221167,0.0014647462055613993,2.438249862752938e-07,7.198774008099318e-08,0.0025831973115983237,35.53993087826113
17.3865768325227,0.04617054075258453,0.0528598369388835,3025,3.6222806712077134,3.622280674829994,3.8837599392495954,3.8837599392495954,0.13434145653821858,4.018101395787814,0.0,0.06264134185447076,1.4644213500890242,0.005665874046962643,0.15527200041823416,0.007727207123560488,8.678067256588545,20.88235397927794,5.56972143344405,0.009424942261964449,0.11260163850920346,0.31720152656943135,-0.31720152656943135,0.37853848277213403,0.06133695620270269,0.147222527922093,0.7087144773827646,0.7087144773827646,0.710130366962256,1.4188448443450206,0.15445062724260386,0.6275828481998673,20.916704060287294,5.57347833276679,4.605055802613941,4.605055802613941,4.461633733897665e-06,0.24177930482610213,4.846835107440043,5.5522603107587675e-06,0.14968517223314076,35.425999643128826,True,0.6271598151428437,5.358317199122869,5.358317199122869,0.035750267384525816,5.394067466507395,8.69328841626135,0.023085270376292266,0.010571967387776701,3.6222806712077134,3.6222806712077134,0.0,0.003132067092723538,0.005665874046962643,0.011590810685340732,2.169516814147136,20.88235397927794,0.00147222527922093,0.0015445062724260387,1.3384901201692995e-07,5.552260310758767e-08,0.0014968517223314076,35.425999643128826
10.256347968820801,0.04676964306262443,0.03795856418237578,3050,1.866115409459598,1.8661154113257132,1.6618659596952907,1.6618659596952907,0.13434145653821858,1.7962074162335093,0.0,0.029223559840604367,1.1104011645818075,0.0,0.07851811306574388,0.0018326310213497953,1.4675822821583833,12.978390649972953,4.602553351440191,0.003062996955724611,0.11260163850920346,0.26750168169267885,-0.26750168169267885,0.37853848277213403,0.11103680107945521,0.05199279581316912,0.6051540741925979,0.6051540741925979,0.710130366962256,1.3152844411548539,0.13382310496794966,0.5185196453954698,12.995324126428006,4.604902790149549,2.8028328564931364,2.8028328564931364,1.5872630375238284e-07,0.24177930482610213,3.0446121613192387,3.6482343497621967e-06,0.12560385764261367,20.37787651210276,True,0.5182550947237248,2.52120894597908,2.52120894597908,0.035750267384525816,2.556959213363606,5.128173984410401,0.023384821531312217,0.007591712836475157,1.866115409459598,1.866115409459598,0.0,0.0014611779920302185,0.0,0.002748946532024693,0.3668955705395958,12.978390649972953,0.0005199279581316912,0.0013382310496794967,4.761789112571485e-09,3.6482343497621966e-08,0.0012560385764261368,20.37787651210276
14.711120627538964,0.08072819400155506,0.06749971149220665,3075,11.409236514238728,11.409236525647964,7.546024951637484,7.546024951637484,0.13434145653821858,7.680366408175703,0.0,0.08327610542386671,2.310430107011933,0.0012509528971379684,0.11536881249261796,0.005712319027293663,115.94924339244112,17.939526924238432,5.235507870874334,0.011327197986665025,0.11260163850920346,0.2432868522082441,-0.2432868522082441,0.37853848277213403,0.13525163056388995,0.16592580648713162,1.01865160173746,1.01865160173746,0.710130366962256,1.728781968699716,0.2652848813079515,0.5907918519660944,18.034821647297317,5.246742474803166,15.188433305524045,15.188433305524045,7.75737870555397e-06,0.24177930482610213,15.430212610350146,1.4232534448323922e-05,0.12060357106349741,65.76500039400072,True,0.5895268170433599,19.02959673943804,19.02959673943804,0.035750267384525816,19.065347006822567,7.355560313769482,0.04036409700077753,0.013499942298441332,11.409236514238728,11.409236514238728,0.0,0.004163805271193336,0.0012509528971379684,0.008568478540940495,28.98731084811028,17.939526924238432,0.0016592580648713163,0.0026528488130795154,2.327213611666191e-07,1.423253444832392e-07,0.001206035710634974,65.76500039400072
49.551423546973396,0.3826549573708691,0.08587125217145844,3100,24.135063761218966,24.135063785354028,15.192709539827705,15.192709539827705,0.13434145653821858,15.327050996365923,0.0,0.0543712032582976,1.8932167609167485,0.008212255688756637,0.17062149683577643,0.0037997059754378477,552.5717362071392,55.34284530973127,8.43927720344734,0.005794915742243234,0.11260163850920346,0.31330153800466193,-0.31330153800466193,0.37853848277213403,0.06523694476747212,0.7464266034233837,1.7174816502931982,1.7174816502931982,0.710130366962256,2.4276120172554543,0.20255699035602448,0.952550878352774,55.643773612824134,8.459475424775132,23.544654218201288,23.544654218201288,2.7332136152064176e-06,0.24177930482610213,23.78643352302739,1.586968139339059e-05,0.107172696408035,242.63224880375142,True,0.9502765253343108,46.09001467917419,46.09001467917419,0.035750267384525816,46.12576494655872,24.775711773486698,0.19132747868543454,0.017174250434291688,24.135063761218966,24.135063761218966,0.0,0.00271856016291488,0.008212255688756637,0.005699558963156772,138.1429340517848,55.34284530973127,0.007464266034233838,0.002025569903560245,8.199640845619253e-08,1.586968139339059e-07,0.0010717269640803501,242.63224880375142
23.070111887714425,0.010537119649836169,0.021187230813468502,3125,7.720081505019868,7.7200815127399505,7.156660742106262,7.156660742106262,0.13434145653821858,7.291002198644481,0.0,0.0729958688242485,2.3154978449424903,0.005942755668481059,0.1570892707740906,0.0073375278553920505,49.83200260109893,27.072620392342266,6.203135630784793,0.00901476947195724,0.11260163850920346,0.3289498261325113,-0.3289498261325113,0.37853848277213403,0.04958865663962273,0.24557059514222493,0.6806845537439964,0.6806845537439964,0.710130366962256,1.3908149207062523,0.1818061828637422,0.6991177679918028,27.131287760317687,6.208770273329175,10.937870247148773,10.937870247148773,2.0353235110819393e-05,0.24177930482610213,11.179649551974874,1.846270327690224e-05,0.3239836143873758,58.8233777375225,True,0.6984832979525453,11.250420207523815,11.250420207523815,0.035750267384525816,11.28617047490834,11.535055943857213,0.005268559824918084,0.0042374461626937,7.720081505019868,7.720081505019868,0.0,0.003649793441212425,0.005942755668481059,0.011006291783088075,12.458000650274732,27.072620392342266,0.0024557059514222494,0.001818061828637422,6.105970533245818e-07,1.846270327690224e-07,0.003239836143873758,58.8233777375225
6.422121960676511,0.6747129738078833,0.118644667400897,3150,11.38842087890742,11.38842089029584,5.717256040836693,5.717256040836693,0.13434145653821858,5.851597497374912,0.0,0.06841065132089248,3.017738773717573,0.001368593130221815,0.1169945013511713,0.002384322407996938,116.02303794044295,8.609474434922904,3.93419059280799,0.0035780459709702445,0.11260163850920346,0.2793593026842757,-0.2793593026842757,0.37853848277213403,0.09917918008785832,0.11556672452108685,0.5350293041487418,0.5350293041487418,0.710130366962256,1.2451596711109978,0.20004888575617158,0.4433727180841719,8.629100711749512,3.937533099685774,12.8703148483116,12.8703148483116,3.432911675148709e-05,0.24177930482610213,13.1120941531377,2.3647929855737133e-05,0.264896840004325,52.58997319982731,True,0.44299634629958007,21.208119505632403,21.208119505632403,0.035750267384525816,21.24386977301693,3.2110609803382557,0.33735648690394165,0.023728933480179404,11.38842087890742,11.38842087890742,0.0,0.0034205325660446244,0.001368593130221815,0.0035764836119954067,29.005759485110737,8.609474434922904,0.0011556672452108685,0.002000488857561716,1.0298735025446126e-06,2.3647929855737132e-07,0.00264896840004325,52.58997319982731
14.200176937018966,0.07144063404782486,0.0854105525211482,3175,11.0195279300696,11.019527941089128,8.547316834790667,8.547316834790667,0.13434145653821858,8.681658291328885,0.0,0.06255848025701638,4.111604903401487,0.022240377235426944,0.229132079833371,0.020582121314383903,107.46957683250234,17.374826707670962,5.168312213314996,0.023912463847668437,0.11260163850920346,0.21813613707954468,-0.21813613707954468,0.37853848277213403,0.16040234569258935,0.37263668126767274,1.1586765273874673,1.1586765273874673,0.710130366962256,1.8688068943497234,0.16723828183899997,0.5839658042002257,17.523611274475357,5.18612126848654,14.19493182576016,14.19493182576016,3.781267830525698e-05,0.24177930482610213,14.43671113058626,2.4494577064712106e-05,0.354238649805938,62.47982374057888,True,0.5819604752295185,18.199097530936164,18.199097530936164,0.035750267384525816,18.23484779832069,7.100088468509483,0.03572031702391243,0.017082110504229638,11.0195279300696,11.0195279300696,0.0,0.003127924012850819,0.022240377235426944,0.030873181971575854,26.867394208125585,17.374826707670962,0.0037263668126767276,0.0016723828183899997,1.1343803491577093e-06,2.4494577064712104e-07,0.00354238649805938,62.47982374057888
13.747377043907784,0.0003273727149177841,0.012464579727849978,3200,2.754294948763905,2.7542949515182,3.7437706723825146,3.7437706723825146,0.13434145653821858,3.878112128920733,0.0,0.05563701466329622,1.4859959110187904,0.0014063604810409757,0.1175014730516146,0.003440287976949459,4.334132594332545,16.873573481789297,5.107745547351892,0.005540907235938676,0.11260163850920346,0.21055916092491983,-0.21055916092491983,0.37853848277213403,0.1679793218472142,0.17997266172448229,1.2629518547116176,1.2629518547116176,0.710130366962256,1.9730822216738735,0.14083987632877532,0.5757670543175384,16.919313236742724,5.113309280462961,3.606926006450267,3.606926006450267,4.691631291227962e-07,0.24177930482610213,3.8487053112763694,4.96581894282533e-06,0.2310316132138187,27.602613851818646,True,0.5751405687973667,3.043942638885564,3.043942638885564,0.035750267384525816,3.0796929062700897,6.873688521953892,0.00016368635745889204,0.0024929159455699956,2.754294948763905,2.754294948763905,0.0,0.002781850733164811,0.0014063604810409757,0.0051604319654241886,1.0835331485831363,16.873573481789297,0.001799726617244823,0.0014083987632877533,1.4074893873683885e-08,4.96581894282533e-08,0.0023103161321381873,27.602613851818646
12.947139471149267,1.1608507429761161e-06,0.01413090012244403,3225,5.719279882335307,5.7192798880545865,6.858176672551694,6.858176672551694,0.13434145653821858,6.9925181290899125,0.0,0.05049515570947579,1.5187669011583989,0.001309857887193221,0.11619195887477246,0.0024828625496318723,25.968734072028788,15.985710168828156,4.998213372098612,0.0032349122774092943,0.11260163850920346,0.20122062539101365,-0.20122062539101365,0.37853848277213403,0.17731785738112038,0.3708476878703908,0.8154287979737745,0.8154287979737745,0.710130366962256,1.5255591649360305,0.19081699800608748,0.5635005868588258,16.03499866389336,5.004372443204224,9.715535071793573,9.715535071793573,9.92369654023033e-06,0.24177930482610213,9.957314376619674,9.867836499500912e-06,0.08131207474122967,34.68755913868771,True,0.5628070652990484,4.628087004551401,4.628087004551401,0.035750267384525816,4.663837271935927,6.4735697355746336,5.804253714880581e-07,0.002826180024488806,5.719279882335307,5.719279882335307,0.0,0.0025247577854737896,0.001309857887193221,0.0037242938244478087,6.492183518007197,15.985710168828156,0.003708476878703908,0.0019081699800608748,2.977108962069099e-07,9.867836499500912e-08,0.0008131207474122967,34.68755913868771
25.318962701696524,0.13702075913831702,0.05538539212303274,3250,10.453602546547758,10.453602557001359,5.916285586659113,5.916285586659113,0.13434145653821858,6.0506270431973315,0.0,0.05095689165394326,2.1618677405247695,0.0018084400050346608,0.12252575696016076,0.003397744185026196,97.04129840460598,29.504398843170602,6.4317951768426065,0.005284400659930485,0.11260163850920346,0.3287414010921619,-0.3287414010921619,0.37853848277213403,0.04979708167997213,0.11735489103124896,1.00026303839508,1.00026303839508,0.710130366962256,1.7103934053573357,0.13743596431833896,0.7247534286970128,29.554848410931793,6.4364371063162125,7.649427718036794,7.649427718036794,1.0343683312008875e-05,0.24177930482610213,7.891207022862896,1.0957195553008362e-05,0.0942032977708463,76.97033806199082,True,0.7242307397860213,21.254746657807416,21.254746657807416,0.035750267384525816,21.290496925191942,12.659481350848262,0.06851037956915851,0.011077078424606548,10.453602546547758,10.453602546547758,0.0,0.002547844582697163,0.0018084400050346608,0.005096616277539294,24.260324601151495,29.504398843170602,0.0011735489103124896,0.0013743596431833897,3.1031049936026623e-07,1.0957195553008363e-07,0.000942032977708463,76.97033806199082
21.489356850674564,0.06400760718896281,0.04085116480849973,3275,7.6407458347698025,7.640745842410547,6.504111834577488,6.504111834577488,0.13434145653821858,6.638453291115707,0.0,0.06237472926730284,2.033513711288454,0.0029265114212859793,0.13409724042209528,0.0046554867832944965,48.80712037837965,25.35788599097152,6.0356614253712015,0.007824730966201668,0.11260163850920346,0.33886621502888004,-0.33886621502888004,0.37853848277213403,0.03967226774325401,0.20654947007528887,0.12590755413406785,0.12590755413406785,0.710130366962256,0.8360379210963238,0.14846581796409905,0.6809820387277095,25.47936934256666,6.047709316369819,10.12667815681452,10.12667815681452,1.8022984924941885e-05,0.24177930482610213,10.368457461640622,1.3356895325287454e-05,0.27433725745769827,56.00458706000276,True,0.679625426340206,12.12110642100378,12.12110642100378,0.035750267384525816,12.156856688388306,10.744678425337282,0.032003803594481406,0.008170232961699947,7.6407458347698025,7.6407458347698025,0.0,0.0031187364633651423,0.0029265114212859793,0.006983230174941745,12.201780094594913,25.35788599097152,0.0020654947007528886,0.0014846581796409905,5.406895477482566e-07,1.3356895325287455e-07,0.0027433725745769828,56.00458706000276
30.548694002704153,0.09933941468332941,0.04748608075662909,3300,8.335697162591957,8.335697170927654,7.0952337742683556,7.0952337742683556,0.13434145653821858,7.229575230806574,0.0,0.0329240057239014,1.2299407995874168,0.0011426787393032207,0.11380353146201179,0.0038811578450088278,58.904904276500204,35.13036384132063,6.927087298270596,0.008193742084007433,0.11260163850920346,0.24005868637863412,-0.24005868637863412,0.37853848277213403,0.13847979639349992,0.09933454508785407,2.1481492530884405,2.1481492530884405,0.710130366962256,2.8582796200506966,0.10791174413811588,0.7807647278916139,35.21076420403509,6.933865873444991,12.111952687714986,12.111952687714986,9.91161550254587e-07,0.24177930482610213,12.353731992541087,4.790433179336707e-06,0.11010953950298721,73.53758524960219,True,0.7800014491524334,12.07084599436351,12.07084599436351,0.035750267384525816,12.106596261748034,15.274347001352076,0.049669707341664704,0.00949721615132582,8.335697162591957,8.335697162591957,0.0,0.0016462002861950703,0.0011426787393032207,0.005821736767513241,14.726226069125051,35.13036384132063,0.0009933454508785407,0.001079117441381159,2.9734846507637607e-08,4.790433179336707e-08,0.0011010953950298722,73.53758524960219
10.851734626480988,0.14496897173375645,0.05649811838171954,3325,6.718013280351675,6.718013287069688,7.05474407426061,7.05474407426061,0.13434145653821858,7.189085530798828,0.0,0.05615197029933598,1.8935869026684926,0.0036898396681499216,0.14074405047533398,0.004163133152863592,36.620627374312306,13.647092317753245,4.694197114090319,0.007903200673987807,0.11260163850920346,0.23196259017140955,-0.23196259017140955,0.37853848277213403,0.14657589260072448,0.2951820065809933,0.2880759280858042,0.2880759280858042,0.710130366962256,0.9982062950480601,0.2182034240396425,0.5292953354827766,13.694442101847295,4.700600235346598,7.518403364150178,7.518403364150178,1.0438341223363726e-06,0.24177930482610213,7.76018266897628,1.2594963174128515e-05,0.09470342484537445,35.04873704819845,True,0.5285743334737154,10.919062008399024,10.919062008399024,0.035750267384525816,10.95481227578355,5.425867313240494,0.07248448586687822,0.011299623676343908,6.718013280351675,6.718013280351675,0.0,0.0028075985149667994,0.0036898396681499216,0.006244699729295387,9.155156843578077,13.647092317753245,0.002951820065809933,0.002182034240396425,3.1315023670091176e-08,1.2594963174128514e-07,0.0009470342484537445,35.04873704819845
5.54716393035156,0.00507342285098511,0.03423885102768028,3350,5.021344189724927,5.021344194746272,5.192091299145179,5.192091299145179,0.13434145653821858,5.326432755683398,0.0,0.06005811144286207,2.4695152036896544,2.4922778842174066e-05,0.08499227191188281,0.002807686405562229,19.12664354973925,7.5913573693129095,3.7552417987016873,0.005549435468027544,0.11260163850920346,0.20602621473875682,-0.20602621473875682,0.37853848277213403,0.17251226803337721,0.21981835347618897,0.49227068195736334,0.49227068195736334,0.710130366962256,1.2024010489196193,0.2523339309279811,0.4236074195311379,7.628644875169078,3.7620001584303138,8.049153817573059,8.049153817573059,2.004756071314122e-05,0.24177930482610213,8.29093312239916,2.1333206691454456e-05,0.3816370840808728,20.193106959682527,True,0.42284641708447634,5.83421127038403,5.83421127038403,0.035750267384525816,5.869961537768556,2.77358196517578,0.002536711425492555,0.0068477702055360565,5.021344189724927,5.021344189724927,0.0,0.003002905572143104,2.4922778842174066e-05,0.004211529608343343,4.781660887434812,7.5913573693129095,0.00219818353476189,0.0025233393092798113,6.014268213942366e-07,2.1333206691454457e-07,0.003816370840808728,20.193106959682527
3.712283186145101,0.006258212839465038,0.026017536958784233,3375,4.2747139641540235,4.2747139684287365,3.969505915234326,3.969505915234326,0.13434145653821858,4.103847371772544,0.0,0.014874181260133618,1.9345969840435315,0.0,0.07698684776275094,0.0010061292902688586,13.06021103831495,5.4136660844325,3.3267286228592496,0.0018466676921177123,0.11260163850920346,0.18195007148546594,-0.18195007148546594,0.37853848277213403,0.1965884112866681,0.08423799613161316,0.5801742133183175,0.5801742133183175,0.710130366962256,1.2903045802805735,0.08145581671500444,0.37480954795493177,5.4225310230195705,3.328632865657352,6.052056744243122,6.052056744243122,8.53902296021743e-06,0.24177930482610213,6.293836049069224,1.6444825139798462e-05,0.1311537054207083,14.823128813849323,True,0.37459512707670367,6.213841128196532,6.213841128196532,0.035750267384525816,6.249591395581058,1.8561415930725504,0.003129106419732519,0.005203507391756847,4.2747139641540235,4.2747139641540235,0.0,0.000743709063006681,0.0,0.0015091939354032878,3.2650527595787375,5.4136660844325,0.0008423799613161316,0.0008145581671500445,2.5617068880652286e-07,1.6444825139798463e-07,0.001311537054207083,14.823128813849323
5.018516341100111,0.7551084600252109,0.12658968143299973,3400,12.537139859488898,12.537139872026037,8.377482406269007,8.377482406269007,0.13434145653821858,8.511823862807224,0.0,0.032372750141929515,2.6097194752264397,0.0002566823286231462,0.09602130858023608,0.0019616907549474707,141.573985443636,6.970679965969244,3.6402045310864164,0.0036388495710636807,0.11260163850920346,0.13719607944522635,-0.13719607944522635,0.37853848277213403,0.24134240332690768,0.20103591796215117,0.9717311120997149,0.9717311120997149,0.710130366962256,1.6818614790619708,0.19465108749875218,0.4105946536867106,7.003621100286448,3.6464355462180538,18.480747628472038,18.480747628472038,3.5721854820846295e-05,0.24177930482610213,18.72252693329814,3.5652324916706825e-05,0.22562060820828597,57.82447888350013,True,0.40989303111100245,19.318800489695676,19.318800489695676,0.035750267384525816,19.3545507570802,2.5092581705500554,0.37755423001260546,0.025317936286599948,12.537139859488898,12.537139859488898,0.0,0.001618637507096476,0.0002566823286231462,0.002942536132421206,35.393496360909,6.970679965969244,0.002010359179621512,0.001946510874987522,1.0716556446253889e-06,3.5652324916706825e-07,0.00225620608208286,57.82447888350013
2.1202697658371163,0.15974465165877805,0.05908751459048037,3425,1.0216805751440359,1.0216805761657164,1.0735735053212048,1.0735735053212048,0.13434145653821858,1.2079149618594234,0.0,0.040629600409840746,0.5586422196245178,0.0,0.06873810306813428,0.001809206888242275,0.13275761702608882,3.44516145613959,2.856114612878092,0.004142753604441714,0.11260163850920346,0.15894974603616663,-0.15894974603616663,0.37853848277213403,0.2195887367359674,0.06278857526369763,0.07924314273643918,0.07924314273643918,0.710130366962256,0.7893735096986951,0.12524811053628662,0.32172894154927434,3.44930767276736,2.8572311845237146,1.1445904333048802,1.1445904333048802,1.1416791538518217e-06,0.24177930482610213,1.3863697381309823,1.1966493158701571e-06,0.005878909432218544,5.658540639728238,True,0.32160321374129863,1.6507465492301143,1.6507465492301143,0.035750267384525816,1.6864968166146401,1.0601348829185582,0.07987232582938902,0.011817502918096074,1.0216805751440359,1.0216805751440359,0.0,0.0020314800204920373,0.0,0.0027138103323634125,0.033189404256522205,3.44516145613959,0.0006278857526369763,0.0012524811053628662,3.425037461555465e-08,1.1966493158701571e-08,5.878909432218544e-05,5.658540639728238
14.727905050606253,0.038857849814350476,0.03011145204353375,3450,8.915626135182446,8.915626144098072,6.696515863028669,6.696515863028669,0.13434145653821858,6.830857319566888,0.0,0.039666420058672824,2.13035987728317,0.0009286578851856943,0.11047388857999081,0.002414230830180077,68.39219130996352,17.958061273404695,5.2376952784980535,0.0034852356999453297,0.11260163850920346,0.25728055648262493,-0.25728055648262493,0.37853848277213403,0.12125792628950909,0.17657348134020417,0.8603172572392085,0.8603172572392085,0.710130366962256,1.5704476242014644,0.1675375995557166,0.5904418301241029,18.008429340926796,5.243633978199203,13.330147955094644,13.330147955094644,2.9312608940167662e-05,0.24177930482610213,13.571927259920745,1.8407172937533097e-05,0.13128085953318283,51.37242728468471,True,0.5897731227477523,13.194674661781894,13.194674661781894,0.035750267384525816,13.23042492916642,7.363952525303127,0.019428924907175238,0.00602229040870675,8.915626135182446,8.915626135182446,0.0,0.0019833210029336413,0.0009286578851856943,0.003621346245270115,17.09804782749088,17.958061273404695,0.0017657348134020418,0.001675375995557166,8.793782682050298e-07,1.8407172937533097e-07,0.0013128085953318283,51.37242728468471
2.5880418388237754,0.03415978045197354,0.02867682056203273,3475,4.357010905919364,4.357010910276375,4.894819914343108,4.894819914343108,0.13434145653821858,5.029161370881327,0.0,0.015138259078700774,2.5902276483376476,0.0,0.07378610974112151,0.0013513887749771584,14.09621017199677,4.035033205091326,3.008739207834438,0.0014743646500026699,0.11260163850920346,0.12661597942503738,-0.12661597942503738,0.37853848277213403,0.25192250334709665,0.20515913220275303,0.9350236132738766,0.9350236132738766,0.710130366962256,1.6451539802361326,0.06500107344218989,0.33940237714846067,4.0569475549445535,3.0141865740155636,7.783649809924509,7.783649809924509,1.2122195170510043e-05,0.24177930482610213,8.025429114750612,3.5473072317483975e-05,0.32737041718957627,13.241692848501488,True,0.33878899473643265,3.0794404102569657,3.0794404102569657,0.035750267384525816,3.1151906776414915,1.2940209194118877,0.01707989022598677,0.0057353641124065465,4.357010905919364,4.357010905919364,0.0,0.0007569129539350388,0.0,0.0020270831624657377,3.5240525429991925,4.035033205091326,0.0020515913220275303,0.0006500107344218989,3.636658551153013e-07,3.5473072317483975e-07,0.003273704171895763,13.241692848501488
5.290778048878858,0.6413712690777658,0.1145252687943488,3500,7.583685939656885,7.58368594724057,5.701188579323822,5.701188579323822,0.13434145653821858,5.835530035862041,0.0,0.040165563220258625,2.2484543149971343,9.696449875884648e-05,0.08984705533440564,0.0032159724345851735,48.05933915525502,7.290913356752294,3.700169134841796,0.004608116881095397,0.11260163850920346,0.15706550695703964,-0.15706550695703964,0.37853848277213403,0.2214729758150944,0.4269287658641434,1.1283712780588768,1.1283712780588768,0.710130366962256,1.838501645021133,0.17994445342722237,0.4175874615976766,7.336176617567352,3.7085377268126343,9.371436848808337,9.371436848808337,1.9773659494844167e-05,0.24177930482610213,9.613216153634438,3.217526761912938e-05,0.23150827844717686,29.893727729211605,True,0.41664514434605937,12.881622242133618,12.881622242133618,0.035750267384525816,12.917372509518144,2.645389024439429,0.3206856345388829,0.02290505375886976,7.583685939656885,7.583685939656885,0.0,0.0020082781610129313,9.696449875884648e-05,0.00482395865187776,12.014834788813754,7.290913356752294,0.004269287658641434,0.0017994445342722238,5.93209784845325e-07,3.217526761912938e-07,0.002315082784471769,29.893727729211605
3.649146400370406,0.0012364792593317908,0.013455012890197881,3525,6.534023636072395,6.534023642606419,7.226339753978863,7.226339753978863,0.13434145653821858,7.360681210517082,0.0,0.05240187074770523,2.9564320351497013,0.00015441154440633064,0.0924262441794104,0.0009142922209802058,34.9784334831149,5.337365526097165,3.310273907158449,0.0010202966588833847,0.11260163850920346,0.176750122946361,-0.176750122946361,0.37853848277213403,0.20178835982577303,0.528558640183441,0.22245838988574196,0.22245838988574196,0.710130366962256,0.9325887568479979,0.27177667416016754,0.3741362506069448,5.394718830650239,3.3226534030393426,11.324890280989873,11.324890280989873,7.219063302676948e-05,0.24177930482610213,11.566669585815974,4.328040033466982e-05,0.15855865503640182,22.45761745697125,True,0.37274229896304323,5.737026263937792,5.737026263937792,0.035750267384525816,5.772776531322318,1.824573200185203,0.0006182396296658954,0.0026910025780395763,6.534023636072395,6.534023636072395,0.0,0.0026200935373852617,0.00015441154440633064,0.0013714383314703087,8.744608370778725,5.337365526097165,0.0052855864018344105,0.0027177667416016754,2.1657189908030846e-06,4.328040033466982e-07,0.0015855865503640182,22.45761745697125
10.158082040941313,0.4113789955064211,0.09100061488272217,3550,9.927124140318393,9.927124150245517,9.839664186317957,9.839664186317957,0.13434145653821858,9.974005642856175,0.0,0.067127489556623,2.8930898859660257,0.009158757762241947,0.17570139895655626,0.015901651488632065,85.89957847811424,12.86782173475369,4.587174617265473,0.030986911148375686,0.11260163850920346,0.08811467042209031,-0.08811467042209031,0.37853848277213403,0.2904238123500437,0.28249038847536434,1.3156245544155114,1.3156245544155114,0.710130366962256,2.0257549213777675,0.21091865403888957,0.5193457049593105,13.048269966979051,4.612238913330492,15.079677881497377,15.079677881497377,5.706668435305339e-05,0.24177930482610213,15.321457186323478,3.1427956242226985e-05,0.12953173091778877,49.61537017928848,True,0.5165234239036667,12.914513579666284,12.914513579666284,0.035750267384525816,12.95026384705081,5.079041020470656,0.20568949775321055,0.018200122976544435,9.927124140318393,9.927124140318393,0.0,0.00335637447783115,0.009158757762241947,0.023852477232948095,21.47489461952856,12.86782173475369,0.0028249038847536433,0.002109186540388896,1.7120005305916018e-06,3.142795624222699e-07,0.0012953173091778878,49.61537017928848
33.454325993786256,0.10592077226464403,0.049129577799389146,3575,8.260606589450243,8.260606597710849,5.41490393704301,5.41490393704301,0.13434145653821858,5.549245393581229,0.0,0.06402548910325434,1.6963032401118352,0.0068609077792310446,0.16283059687839418,0.012729324296494265,58.16326258321895,38.241503171723494,7.183971472421545,0.0206558873900511,0.11260163850920346,0.3546152866727338,-0.3546152866727338,0.37853848277213403,0.023923196099400242,0.17484687566486962,0.6322962476524633,0.6322962476524633,0.710130366962256,1.3424266146147192,0.18170130606599594,0.8096533861133077,38.321326235363365,7.190422137089147,8.809331701715863,8.809331701715863,7.648386509654769e-06,0.24177930482610213,9.051111006541964,1.1855668664812408e-05,0.08696518551176244,77.86646635592363,True,0.8089270306377556,15.288461223619684,15.288461223619684,0.035750267384525816,15.32421149100421,16.727162996893128,0.05296038613232201,0.00982591555987783,8.260606589450243,8.260606589450243,0.0,0.003201274455162717,0.0068609077792310446,0.019093986444741397,14.540815645804738,38.241503171723494,0.0017484687566486962,0.0018170130606599594,2.2945159528964304e-07,1.1855668664812407e-07,0.0008696518551176244,77.86646635592363
8.229045334626646,1.4023060015078137e-05,0.0030900461638253486,3600,5.24277902411075,5.24277902935353,4.939627865832429,4.939627865832429,0.13434145653821858,5.0739693223706475,0.0,0.04361353959802129,1.4585956889847553,0.0,0.06693400170327997,0.000660542316567827,21.133332550422306,10.683950346639355,4.268631265015887,0.001400468839871462,0.11260163850920346,0.1601143099281301,-0.1601143099281301,0.37853848277213403,0.21842417284400392,0.12256876552754611,1.166325350396313,1.166325350396313,0.710130366962256,1.8764557173585688,0.10477432755902086,0.48116078972931825,10.713339733678797,4.273123849425621,8.624509374075867,8.624509374075867,5.551920567703176e-06,0.24177930482610213,8.866288678901968,9.369215630112166e-06,0.0507562367298968,25.33116294043447,True,0.48065491731871535,6.104557554933372,6.104557554933372,0.035750267384525816,6.140307822317898,4.114522667313323,7.0115300075390685e-06,0.0006180092327650698,5.24277902411075,5.24277902411075,0.0,0.0021806769799010647,0.0,0.0009908134748517405,5.2833331376055765,10.683950346639355,0.001225687655275461,0.0010477432755902087,1.6655761703109528e-07,9.369215630112167e-08,0.000507562367298968,25.33116294043447
7.884542394895301,0.10825472859589391,0.05026303836599469,3625,3.740540496366795,3.7405405001073357,4.499366459460766,4.499366459460766,0.13434145653821858,4.6337079159989845,0.0,0.058468751106764194,0.9128750342889138,0.00041644656092205853,0.10040702234335178,0.00327381824445626,9.613369992689416,10.290896581735167,4.207942733549832,0.0066126667025743656,0.11260163850920346,0.21214758255591493,-0.21214758255591493,0.37853848277213403,0.1663909002162191,0.3859500701415864,0.6096037382171792,0.6096037382171792,0.710130366962256,1.3197341051794351,0.16062002953827945,0.47449596507167724,10.329374608477956,4.213934443711937,6.052545959735547,6.052545959735547,1.412174193026963e-06,0.24177930482610213,6.29432526456165,5.009917197122662e-06,0.02654580788896977,20.455212608716142,True,0.4738212886300349,3.5586488614433263,3.5586488614433263,0.035750267384525816,3.594399128827852,3.9422711974476505,0.054127364297946956,0.01005260767319894,3.740540496366795,3.740540496366795,0.0,0.00292343755533821,0.00041644656092205853,0.00491072736668439,2.403342498172354,10.290896581735167,0.003859500701415864,0.0016062002953827945,4.236522579080889e-08,5.009917197122662e-08,0.0002654580788896977,20.455212608716142
45.74524463735222,0.11229441574030186,0.07805296375658309,3650,27.00635580289745,27.006355829903807,13.264907402884814,13.264907402884814,0.13434145653821858,13.399248859423032,0.0,0.05463790433378664,1.634142121990078,0.009706166302861368,0.17851987770425504,0.010248602643154785,696.9231958873536,51.316063112213996,8.16352309357721,0.01314158923060468,0.11260163850920346,0.3773450355830437,-0.3773450355830437,0.37853848277213403,0.001193447189090312,0.16544177718905503,1.4865392951790461,1.4865392951790461,0.710130366962256,2.196669662141302,0.1813570106678651,0.9201331365258211,51.43152881969979,8.17157784728715,24.554459993255858,24.554459993255858,4.451242642949592e-06,0.24177930482610213,24.79623929808196,1.3820314343027851e-05,0.14502845679342102,275.5303275159186,True,0.9192261579797462,53.53022336715395,53.53022336715395,0.035750267384525816,53.56597363453848,22.87262231867611,0.05614720787015093,0.01561059275131662,27.00635580289745,27.00635580289745,0.0,0.002731895216689332,0.009706166302861368,0.015372903964732178,174.2307989718384,51.316063112213996,0.0016544177718905504,0.0018135701066786512,1.3353727928848774e-07,1.3820314343027852e-07,0.0014502845679342103,275.5303275159186
9.7191941824224,0.11704511067402701,0.061732204273535055,3675,4.918583070522346,4.918583075440929,5.054756181204154,5.054756181204154,0.13434145653821858,5.189097637742373,0.0,0.045066007431820224,1.5254047061942198,0.0005776337069918685,0.10403401146275562,0.002187225824391619,18.07269334362811,12.37324395673532,4.517562217891152,0.006551897247900876,0.11260163850920346,0.15946639665589823,-0.15946639665589823,0.37853848277213403,0.2190720861162358,0.2012805272108018,0.8318181964169072,0.8318181964169072,0.710130366962256,1.5419485633791632,0.2061349479135001,0.5091040552363957,12.399442475822275,4.521284208328302,6.942746292371683,6.942746292371683,7.594299362788305e-06,0.24177930482610213,7.184525597197785,6.79012634799388e-06,0.057623196232742986,26.751228905826604,True,0.5086849529774371,6.818552645162659,6.818552645162659,0.035750267384525816,6.854302912547185,4.8595970912112,0.058522555337013504,0.012346440854707012,4.918583070522346,4.918583070522346,0.0,0.002253300371591011,0.0005776337069918685,0.0032808387365874285,4.5181733359070275,12.37324395673532,0.0020128052721080183,0.002061349479135001,2.2782898088364915e-07,6.79012634799388e-08,0.0005762319623274298,26.751228905826604
15.773198982870706,0.026541766971053704,0.02601070506751431,3700,15.179837384820834,15.179837400000672,10.270084674780877,10.270084674780877,0.13434145653821858,10.404426131319095,0.0,0.04123446509842747,3.7712407555456795,1.3061604802733668e-05,0.08361408422739892,0.0011481122316579916,211.39863637077843,19.110437933443553,5.37154868821606,0.001656235743060638,0.11260163850920346,0.2518984592608436,-0.2518984592608436,0.37853848277213403,0.12664002351129044,0.21959273462961656,0.9475087995758388,0.9475087995758388,0.710130366962256,1.6576391665380947,0.1020335965460801,0.6055162840936401,19.1625777224298,5.377508163605158,21.92137688502298,21.92137688502298,2.371232289488408e-05,0.24177930482610213,22.163156189849083,3.805947655179809e-05,0.26919900726727247,95.05471322544948,True,0.6048452373405777,23.772982310405553,23.772982310405553,0.035750267384525816,23.808732577790078,7.886599491435353,0.013270883485526852,0.005202141013502862,15.179837384820834,15.179837384820834,0.0,0.0020617232549213736,1.3061604802733668e-05,0.0017221683474869874,52.84965909269461,19.110437933443553,0.0021959273462961656,0.001020335965460801,7.113696868465224e-07,3.805947655179809e-07,0.0026919900726727246,95.05471322544948
12.301084876549153,0.05250039445215249,0.06032747766784649,3725,6.451455252970185,6.451455259421641,5.618759840508686,5.618759840508686,0.13434145653821858,5.753101297046904,0.0,0.06319189153447723,3.196455983949,0.007679893773028587,0.1676350031267677,0.006041199902151614,33.55090983193583,15.266917074131799,4.907290246978307,0.007784541524857537,0.11260163850920346,0.3010579415752414,-0.3010579415752414,0.37853848277213403,0.07748054119689261,0.17305143708911314,0.5418655962001776,0.5418655962001776,0.710130366962256,1.2519959631624336,0.14734088808002369,0.5529933785299886,15.296385224874077,4.91105934816567,8.049399590606544,8.049399590606544,5.348468080337367e-06,0.24177930482610213,8.291178895432646,2.1710903701135843e-05,0.2792115533196881,36.32085562067112,True,0.5525689715228935,10.552669079360673,10.552669079360673,0.035750267384525816,10.588419346745198,6.150542438274576,0.026250197226076244,0.012065495533569299,6.451455252970185,6.451455252970185,0.0,0.0031595945767238613,0.007679893773028587,0.009061799853227422,8.387727457983958,15.266917074131799,0.0017305143708911314,0.0014734088808002368,1.60454042410121e-07,2.1710903701135844e-07,0.002792115533196881,36.32085562067112
12.792156629288284,0.07843330489802891,0.06374842489670857,3750,5.466658196182445,5.466658201649103,6.105990835766884,6.105990835766884,0.13434145653821858,6.240332292305103,0.0,0.06324045365717386,2.24657860048459,0.00018490325158117274,0.09359791350101819,0.0028279971498099956,22.947424108985693,15.813446590607215,4.976612451648666,0.006789808698487489,0.11260163850920346,0.21934740140491182,-0.21934740140491182,0.37853848277213403,0.1591910813672222,0.3736750334073639,0.9898168551110326,0.9898168551110326,0.710130366962256,1.6999472220732885,0.19497728428292452,0.5617681249395747,15.912014760220048,4.988986683384647,6.911570869469261,6.911570869469261,2.725305735056249e-06,0.24177930482610213,7.153350174295364,1.3863901120315678e-05,0.21447478403664275,33.48042587918319,True,0.5603747660470684,7.958704216702415,7.958704216702415,0.035750267384525816,7.994454484086941,6.396078314644142,0.039216652449014455,0.012749684979341714,5.466658196182445,5.466658196182445,0.0,0.003162022682858693,0.00018490325158117274,0.004241995724714993,5.736856027246423,15.813446590607215,0.003736750334073639,0.0019497728428292452,8.175917205168747e-08,1.386390112031568e-07,0.0021447478403664277,33.48042587918319
29.499888449866987,0.0671111566953484,0.07489786753081175,3775,9.084635885681124,9.08463589476576,9.43607128605357,9.43607128605357,0.13434145653821858,9.570412742591788,0.0,0.07084373591671131,1.4184626784705925,0.0072814878611318235,0.1653316345860773,0.015011755183734751,70.73055145969525,34.004992431121615,6.831379976568292,0.017122780010796913,0.11260163850920346,0.17091549978644327,-0.17091549978644327,0.37853848277213403,0.20762298298569076,0.35802994722031123,2.5548522578029083,2.5548522578029083,0.710130366962256,3.2649826247651643,0.20205178713380453,0.7726187214932005,34.357443593288146,6.861522293166524,12.27081268893949,12.27081268893949,8.101063532439664e-06,0.24177930482610213,12.512591993765591,6.889980831248222e-06,0.10440713605664523,75.61073206658229,True,0.7692246469543533,12.902878716493518,12.902878716493518,0.035750267384525816,12.938628983878043,14.749944224933493,0.0335555783476742,0.014979573506162351,9.084635885681124,9.084635885681124,0.0,0.0035421867958355655,0.0072814878611318235,0.022517632775602127,17.682637864923812,34.004992431121615,0.0035802994722031124,0.0020205178713380454,2.4303190597318993e-07,6.889980831248223e-08,0.0010440713605664523,75.61073206658229
17.297709887874767,0.033627501936646875,0.04387268056438952,3800,9.160627628715277,9.160627637875905,7.141378550536492,7.141378550536492,0.13434145653821858,7.275720007074711,0.0,0.05402032726145103,2.297119975160024,0.008554064633825385,0.17248818645548947,0.011891107560977264,72.5942367477044,20.784951136753467,5.559051561098368,0.020297882496411623,0.11260163850920346,0.355567844695858,-0.355567844695858,0.37853848277213403,0.022970638076276022,0.12147324975241001,0.528076179738851,0.528076179738851,0.710130366962256,1.238206546701107,0.15555120140039924,0.6264401327992566,20.82398098057193,5.563330031958233,14.593922401182297,14.593922401182297,1.6111199456492997e-05,0.24177930482610213,14.835701706008399,1.372099288119476e-05,0.11585233688925978,56.801602314178126,True,0.6259583699273372,12.457862657835692,12.457862657835692,0.035750267384525816,12.493612925220217,8.648854943937383,0.016813750968323438,0.008774536112877904,9.160627628715277,9.160627628715277,0.0,0.0027010163630725517,0.008554064633825385,0.017836661341465897,18.1485591869261,20.784951136753467,0.0012147324975241,0.0015555120140039924,4.833359836947899e-07,1.372099288119476e-07,0.0011585233688925977,56.801602314178126
6.355958331296127,0.06298218918678145,0.03887572824867964,3825,4.017374314092057,4.017374318109431,3.8664765697320553,3.8664765697320553,0.13434145653821858,4.000818026270274,0.0,0.03620287557908207,2.171853638167615,0.0,0.07513300811726571,0.0018793300214402426,11.439045744468173,8.53284041313173,3.9211026022945052,0.003890290617534234,0.11260163850920346,0.227370512234183,-0.227370512234183,0.37853848277213403,0.15116797053795103,0.09963904920542556,0.3758632780946981,0.3758632780946981,0.710130366962256,1.085993645056954,0.09867244926129068,0.4417329139951137,8.54375491586395,3.9229702215150857,6.737743676021205,6.737743676021205,3.781433251407705e-05,0.24177930482610213,6.979522980847308,1.9278303006493568e-05,0.17834467717909255,18.635618597012602,True,0.4415226169920889,4.489619204044105,4.489619204044105,0.035750267384525816,4.525369471428632,3.1779791656480634,0.03149109459339072,0.007775145649735928,4.017374314092057,4.017374314092057,0.0,0.0018101437789541036,0.0,0.002818995032160364,2.859761436117043,8.53284041313173,0.0009963904920542556,0.0009867244926129069,1.1344299754223115e-06,1.9278303006493568e-07,0.0017834467717909256,18.635618597012602
17.441064691632285,0.07106924674638615,0.0724599078512155,3850,14.981617441595738,14.981617456577354,12.800971382702157,12.800971382702157,0.13434145653821858,12.935312839240375,0.0,0.07788566352591293,2.4997296835861764,0.008137369474981893,0.17020736929420952,0.006340296280162572,205.16089405918723,20.942064751890385,5.576250075322631,0.006754203032545791,0.11260163850920346,0.19667331812408825,-0.19667331812408825,0.37853848277213403,0.18186516464804578,0.7545029742975768,1.3550517972551521,1.3550517972551521,0.710130366962256,2.065182164217408,0.20959260471073146,0.6294766505466532,21.07082595226173,5.590296935086196,17.957342720816236,17.957342720816236,3.489522898170201e-05,0.24177930482610213,18.19912202564234,3.327674529984032e-05,0.1181329648567177,96.01683042117699,True,0.6278949509808982,25.180119864194427,25.180119864194427,0.035750267384525816,25.215870131578953,8.720532345816142,0.035534623373193075,0.014491981570243102,14.981617441595738,14.981617441595738,0.0,0.0038942831762956466,0.008137369474981893,0.009510444420243857,51.29022351479681,20.942064751890385,0.0075450297429757686,0.0020959260471073147,1.0468568694510603e-06,3.3276745299840324e-07,0.001181329648567177,96.01683042117699
10.988913920425171,0.04789158690159834,0.043070704602574096,3875,4.139218694157699,4.139218698296918,3.5549789601374187,3.5549789601374187,0.13434145653821858,3.689320416675637,0.0,0.03819296135615259,1.331903875692436,0.0010152454082220748,0.11186291587758526,0.00210994713373766,12.073001154426136,13.800876384162564,4.7149530796717425,0.004558196601855566,0.11260163850920346,0.18169506028409027,-0.18169506028409027,0.37853848277213403,0.19684342248804376,0.08002734195444501,1.4533661431729592,1.4533661431729592,0.710130366962256,2.1634965101352153,0.13714183082626294,0.5313900170628282,13.83246960847097,4.7192028189480295,5.636047038916574,5.636047038916574,1.1217699036033892e-06,0.24177930482610213,5.877826343742677,5.62182448602863e-06,0.040819982482191576,26.4940320571113,True,0.5309114894145839,6.254395997112835,6.254395997112835,0.035750267384525816,6.290146264497361,5.4944569602125855,0.02394579345079917,0.00861414092051482,4.139218694157699,4.139218694157699,0.0,0.0019096480678076296,0.0010152454082220748,0.00316492070060649,3.018250288606534,13.800876384162564,0.0008002734195444502,0.0013714183082626295,3.365309710810167e-08,5.62182448602863e-08,0.0004081998248219158,26.4940320571113
9.54191503303186,0.003999844306061706,0.021584592159801925,3900,7.176385115833601,7.176385123009986,6.726560461061755,6.726560461061755,0.13434145653821858,6.860901917599974,0.0,0.04818106989746994,2.3229172912828697,0.0,0.06664205474740933,0.0013682285808443166,42.449418440567484,12.173114260358622,4.488999034158454,0.00237366120920269,0.11260163850920346,0.17659383375870696,-0.17659383375870696,0.37853848277213403,0.20194464901342707,0.2281200610837721,1.6993009724347798,1.6993009724347798,0.710130366962256,2.409431339397036,0.1630195028987617,0.5062056653468465,12.218827856009758,4.49554400001055,10.821004362197915,10.821004362197915,1.8107851655265724e-05,0.24177930482610213,11.062783667024016,1.5653996775502257e-05,0.21484470806028524,34.7496502822971,True,0.505468691402464,9.604319702546883,9.604319702546883,0.035750267384525816,9.640069969931409,4.77095751651593,0.001999922153030853,0.004316918431960385,7.176385115833601,7.176385115833601,0.0,0.002409053494873497,0.0,0.002052342871266475,10.612354610141871,12.173114260358622,0.0022812006108377213,0.0016301950289876169,5.432355496579717e-07,1.5653996775502257e-07,0.0021484470806028525,34.7496502822971
2.5637412285455294,0.12474761585595717,0.05799735503348704,3925,2.5799690380653684,2.5799690406453375,2.9851831623864715,2.9851831623864715,0.13434145653821858,3.11952461892469,0.0,0.04361793720629477,2.747692707848687,0.0,0.044774217922177,0.000534728034724687,3.8366731583301776,4.004676194212849,3.00116870708415,0.0017232019398695825,0.11260163850920346,0.1406319615271594,-0.1406319615271594,0.37853848277213403,0.23790652124497463,0.10792909556176124,0.7993970574281798,0.7993970574281798,0.710130366962256,1.5095274243904357,0.162757690975718,0.3382688123704214,4.016495125188852,3.004119538647546,4.363731303003617,4.363731303003617,2.165917702567228e-06,0.24177930482610213,4.60551060782972,2.2370967306402696e-05,0.31520577229840874,8.908499618256167,True,0.3379365438719101,2.1607681161117114,2.1607681161117114,0.035750267384525816,2.196518383496237,1.2818706142727647,0.062373807927978586,0.011599471006697408,2.5799690380653684,2.5799690380653684,0.0,0.0021808968603147386,0.0,0.0008020920520870306,0.9591682895825444,4.004676194212849,0.0010792909556176125,0.00162757690975718,6.497753107701684e-08,2.2370967306402697e-07,0.0031520577229840873,8.908499618256167
3.7705230511289733,0.004001775936183227,0.036697455854214994,3950,1.6615115025454992,1.6615115042070105,2.2611644310141394,2.2611644310141394,0.13434145653821858,2.395505887552358,0.0,0.04848479499279011,1.1188652429131694,0.0009457098431311955,0.11075239572994591,0.003423034896963385,0.9777189560860693,5.483949828522276,3.341783471741629,0.008593845853815962,0.11260163850920346,0.1305197312280188,-0.1305197312280188,0.37853848277213403,0.24801875154411523,0.1016387786596507,0.4417517392184501,0.4417517392184501,0.710130366962256,1.151882106180706,0.17718208297987223,0.3765950321761601,5.496631059519374,3.344489509364325,2.118725297049766,2.118725297049766,3.891305249386646e-06,0.24177930482610213,2.3605046018758684,4.863485213643655e-06,0.06222673745263882,9.29640811809586,True,0.37629032787891653,1.997263359018219,1.997263359018219,0.035750267384525816,2.0330136264027447,1.8852615255644867,0.0020008879680916136,0.0073394911708429995,1.6615115025454992,1.6615115025454992,0.0,0.0024242397496395058,0.0009457098431311955,0.005134552345445078,0.24442973902151732,5.483949828522276,0.001016387786596507,0.0017718208297987223,1.1673915748159939e-07,4.863485213643655e-08,0.0006222673745263882,9.29640811809586
4.568874966450032,0.08978571870260821,0.08200771781757005,3975,3.033829442030578,3.033829445064407,3.5698796979198617,3.5698796979198617,0.13434145653821858,3.70422115445808,0.0,0.03984245285009583,2.7489377699005413,0.0010239435281354107,0.11199911761495011,0.0026949307108872183,5.781978356133859,6.438869112208437,3.5374926821980073,0.0027733410798287646,0.11260163850920346,0.17508482773931944,-0.17508482773931944,0.37853848277213403,0.2034536550328146,0.10987159041027106,0.8238649673214596,0.8238649673214596,0.710130366962256,1.5339953342837156,0.12901794119357388,0.3987027814129489,6.455793906876488,3.540825438096149,5.061062794450641,5.061062794450641,1.0195449491594954e-05,0.24177930482610213,5.302842099276743,1.6248911092770765e-05,0.16240325998438612,13.27499688791776,True,0.3983275076047394,2.6368161976941065,2.6368161976941065,0.035750267384525816,2.6725664650786323,2.284437483225016,0.044892859351304104,0.01640154356351401,3.033829442030578,3.033829442030578,0.0,0.0019921226425047914,0.0010239435281354107,0.004042396066330827,1.4454945890334647,6.438869112208437,0.0010987159041027106,0.0012901794119357388,3.058634847478486e-07,1.6248911092770764e-07,0.0016240325998438613,13.27499688791776
0.2104957092651643,0.391429978415327,0.08707836957882761,4000,2.7647282988084667,2.764728301573195,3.092686198563498,3.092686198563498,0.13434145653821858,3.2270276551017165,0.0,0.03673624139069697,1.8251403868236644,2.9690412054209633e-05,0.08544889090129447,0.00410624907815253,4.805689984980786,0.7375342003389277,1.8587981138422043,0.006658818374416235,0.11260163850920346,0.2207713711060733,0.2207713711060733,0.37853848277213403,0.5993098538782073,0.2132048508413002,0.7138902243598829,0.7138902243598829,0.710130366962256,1.4240205913221389,0.10819145081215685,0.20987060445035752,0.7462064715299875,1.863832432552742,5.061346283414179,5.061346283414179,3.2486573111495544e-06,0.24177930482610213,5.303125588240281,1.312562068273813e-05,0.07174335441804956,5.034021014524062,True,0.20930373186443024,1.574261583551696,1.574261583551696,0.035750267384525816,1.6100118509362218,0.10524785463258216,0.1957149892076635,0.017415673915765522,2.7647282988084667,2.7647282988084667,0.0,0.0018368120695348485,2.9690412054209633e-05,0.006159373617228795,1.2014224962451965,0.7375342003389277,0.002132048508413002,0.0010819145081215685,9.745971933448663e-08,1.312562068273813e-07,0.0007174335441804957,5.034021014524062
3.8847831309349945,0.0021765604054873045,0.008622304854066506,4025,8.142211115145368,8.14221112328758,7.354262394218202,7.354262394218202,0.13434145653821858,7.488603850756421,0.0,0.029674148660271883,3.075555793978497,0.0,0.06737801267684022,0.0013596046936516306,56.46875525595556,5.621571386788771,3.3709853198172213,0.001597889512326174,0.11260163850920346,0.08011386023860595,-0.08011386023860595,0.37853848277213403,0.2984246225335281,0.17958354857060152,1.2410227755959573,1.2410227755959573,0.710130366962256,1.9511531425582131,0.06891281943411111,0.38009943935896245,5.643530831537634,3.3756116752402177,14.27803159739371,14.27803159739371,1.5666623972534278e-05,0.24177930482610213,14.519810902219811,3.374925262454567e-05,0.20711121230280818,29.834255620331895,True,0.37957850411174354,8.484343961768905,8.484343961768905,0.035750267384525816,8.52009422915343,1.9423915654674972,0.0010882802027436522,0.0017244609708133012,8.142211115145368,8.142211115145368,0.0,0.0014837074330135943,0.0,0.002039407040477446,14.11718881398889,5.621571386788771,0.0017958354857060153,0.0006891281943411111,4.6999871917602833e-07,3.374925262454567e-07,0.002071112123028082,29.834255620331895
2.93064760622515,0.42872595312889306,0.09244802258909422,4050,5.292935404816822,5.292935410109757,3.8374443538232077,3.8374443538232077,0.13434145653821858,3.971785810361426,0.0,0.03807483803374678,1.6244177473655568,0.0,0.07786327110643476,0.0011661358850696343,21.74210326369592,4.460178353592326,3.11191343420897,0.0032317602135934443,0.11260163850920346,0.24586042638285033,-0.24586042638285033,0.37853848277213403,0.1326780563892837,0.06084248277687773,0.29706806631363813,0.29706806631363813,0.710130366962256,1.007198433275894,0.13091034647895616,0.35070163167883683,4.471252870644214,3.1145337241681,8.623858688048367,8.623858688048367,7.4302231911653e-06,0.24177930482610213,8.865637992874468,1.159390185776306e-05,0.045778707678983704,16.89284455847232,True,0.3504065827098667,7.129530956000354,7.129530956000354,0.035750267384525816,7.165281223384881,1.465323803112575,0.21436297656444653,0.018489604517818847,5.292935404816822,5.292935404816822,0.0,0.0019037419016873392,0.0,0.0017492038276044515,5.43552581592398,4.460178353592326,0.0006084248277687773,0.0013091034647895617,2.2290669573495898e-07,1.159390185776306e-07,0.00045778707678983705,16.89284455847232
7.572793707356021,0.572192155676157,0.10713311600616558,4075,5.913145080929411,5.9131450868425555,3.205738957474766,3.205738957474766,0.13434145653821858,3.3400804140129843,0.0,0.040598926781768914,1.4991559588498158,0.0014892943281060854,0.11859137634376475,0.007378791004634887,28.080406403276264,9.934290464725391,4.151870946711713,0.013706705573209826,0.11260163850920346,0.35769651436458405,-0.35769651436458405,0.37853848277213403,0.020841968407549958,0.04728050930309986,0.08352939812715521,0.08352939812715521,0.710130366962256,0.7936597650894112,0.11701353667658045,0.46770581984120885,9.945395314629609,4.153632082952862,9.533697397889492,9.533697397889492,8.478463037110113e-06,0.24177930482610213,9.775476702715594,1.1095743243737172e-05,0.04667070581467073,26.97815414119461,True,0.4675075129972061,8.574575895956308,8.574575895956308,0.035750267384525816,8.610326163340833,3.7863968536780104,0.2860960778380785,0.02142662320123312,5.913145080929411,5.913145080929411,0.0,0.0020299463390884456,0.0014892943281060854,0.011068186506952331,7.020101600819066,9.934290464725391,0.0004728050930309986,0.0011701353667658045,2.543538911133034e-07,1.1095743243737172e-07,0.0004667070581467073,26.97815414119461
10.658407725280433,0.1949010534966329,0.06461312259651529,4100,5.8755972877188345,5.875597293594431,5.493210186177444,5.493210186177444,0.13434145653821858,5.627551642715662,0.0,0.05060923622531858,1.839768004750792,0.0009847008861583843,0.11137994401139659,0.004003583594928977,27.25205756285331,13.430185078765886,4.664721691856816,0.007543202520179498,0.11260163850920346,0.21381763056819347,-0.21381763056819347,0.37853848277213403,0.16472085220394056,0.35990263199877187,1.6247980184690864,1.6247980184690864,0.710130366962256,2.3349283854313425,0.164698486863719,0.5266092383725952,13.51845651926525,4.676745370469003,9.28336963948128,9.28336963948128,1.7270726693306806e-05,0.24177930482610213,9.525148944307382,2.2563666163111043e-05,0.09143019563529192,31.57405536609914,True,0.5252553523397181,7.3192363802340585,7.3192363802340585,0.035750267384525816,7.354986647618585,5.329203862640217,0.09745052674831645,0.01292262451930306,5.8755972877188345,5.8755972877188345,0.0,0.002530461811265929,0.0009847008861583843,0.006005375392393466,6.813014390713327,13.430185078765886,0.0035990263199877186,0.00164698486863719,5.181218007992041e-07,2.2563666163111044e-07,0.0009143019563529192,31.57405536609914
15.125216758434126,0.1830238083142307,0.13757368115664192,4125,7.703626516744278,7.7036265244479045,6.416296557797044,6.416296557797044,0.13434145653821858,6.550638014335263,0.0,0.05211157718490182,1.7340319232447858,0.009599190766165356,0.17797546002017728,0.010144840712940906,49.65753467270305,18.396508889590866,5.289115163945923,0.011215788643514059,0.11260163850920346,0.24878164252463808,-0.24878164252463808,0.37853848277213403,0.12975684024749595,0.1257915916984293,1.4189603785942149,1.4189603785942149,0.710130366962256,2.129090745556471,0.21167280661790072,0.5962213896838501,18.446693980658416,5.294961464397372,8.295172962731177,8.295172962731177,1.0761379489712477e-05,0.24177930482610213,8.536952267557279,8.770936389573535e-06,0.10015685946206054,46.227952747939774,True,0.5955630866153369,13.589525793050488,13.589525793050488,0.035750267384525816,13.625276060435013,7.562608379217063,0.09151190415711535,0.027514736231328385,7.703626516744278,7.703626516744278,0.0,0.002605578859245091,0.009599190766165356,0.01521726106941136,12.414383668175763,18.396508889590866,0.001257915916984293,0.002116728066179007,3.2284138469137433e-07,8.770936389573536e-08,0.0010015685946206053,46.227952747939774
2.599399699431234,0.014204587459594853,0.02739338516161239,4150,9.679159607297418,9.679159616976577,3.548735543851834,3.548735543851834,0.13434145653821858,3.6830770003900524,0.0,0.06442786926722154,1.2915152999217865,0.00037767878793112686,0.09943395965651691,0.005944709127163397,82.65217784903473,4.049212014318942,3.0122653936096357,0.012732722353544978,0.11260163850920346,0.16882968377347055,-0.16882968377347055,0.37853848277213403,0.2097087989986635,0.11565957698275797,0.11508808255717629,-0.11508808255717629,0.710130366962256,0.5950422844050797,0.1517180290081431,0.33942025281383686,4.057587089881603,3.014345325380334,9.429670751772646,9.429670751772646,3.8040793156157143e-06,0.24177930482610213,9.671450056598747,9.29472263271891e-06,0.17324732017938418,35.72061949662612,True,0.3391860490676696,19.154025458859742,19.154025458859742,0.035750267384525816,19.189775726244267,1.299699849715617,0.0071022937297974265,0.005478677032322478,9.679159607297418,9.679159607297418,0.0,0.003221393463361077,0.00037767878793112686,0.008917063690745096,20.663044462258682,4.049212014318942,0.0011565957698275798,0.001517180290081431,1.1412237946847143e-07,9.29472263271891e-08,0.0017324732017938418,35.72061949662612
11.348889095302436,0.0892080987198256,0.07633622721090695,4175,7.126451620529977,7.1264516276564285,6.154895488165923,6.154895488165923,0.13434145653821858,6.289236944704141,0.0,0.027541636787978507,2.0323329482960597,0.0014507068590887098,0.11808814591298335,0.0018579992225410066,42.16874428072332,14.203938078344034,4.768811228801999,0.0024616718057371458,0.11260163850920346,0.286703997264125,-0.286703997264125,0.37853848277213403,0.09183448550800906,0.15765257978653657,0.19893600301573888,0.19893600301573888,0.710130366962256,0.9090663699779948,0.08767034499279654,0.5375205253391466,14.240411931162964,4.773647033197854,11.990763686375693,11.990763686375693,1.677302184942035e-05,0.24177930482610213,12.232542991201795,2.1774920274686265e-05,0.08209021999897254,37.61578125142809,True,0.5369760057923053,8.494035380108823,8.494035380108823,0.035750267384525816,8.529785647493348,5.674444547651218,0.0446040493599128,0.015267245442181391,7.126451620529977,7.126451620529977,0.0,0.0013770818393989254,0.0014507068590887098,0.00278699883381151,10.54218607018083,14.203938078344034,0.0015765257978653659,0.0008767034499279654,5.031906554826106e-07,2.1774920274686264e-07,0.0008209021999897254,37.61578125142809
9.61442407164332,0.175347170434476,0.06277308034216207,4200,6.560333800253876,6.56033380681421,6.947670419270562,6.947670419270562,0.13434145653821858,7.082011875808781,0.0,0.07089794010747598,1.5916656492333292,0.008100997858120443,0.17000554348550118,0.01322206382226159,34.83502088923929,12.254994853913345,4.5007134778375315,0.026850367774773443,0.11260163850920346,0.14087411458690427,-0.14087411458690427,0.37853848277213403,0.23766436818522976,0.17004453025713565,1.729637801406572,1.729637801406572,0.710130366962256,2.439768168368828,0.16843187076922064,0.5084148900151783,12.356376718527725,4.515163825275819,10.283190859461131,10.283190859461131,8.45353542334821e-06,0.24177930482610213,10.524970164287232,1.526084472669161e-05,0.07482477493176566,32.46713652215536,True,0.5067877570720963,7.6265501596081915,7.6265501596081915,0.035750267384525816,7.662300426992718,4.80721203582166,0.087673585217238,0.012554616068432415,6.560333800253876,6.560333800253876,0.0,0.003544897005373799,0.008100997858120443,0.019833095733392384,8.708755222309822,12.254994853913345,0.0017004453025713565,0.0016843187076922065,2.536060627004463e-07,1.5260844726691612e-07,0.0007482477493176566,32.46713652215536
0.4634885706354944,0.01866317811595586,0.03434106035698505,4225,1.872286037847654,1.87228603971994,2.2974541278668275,2.2974541278668275,0.13434145653821858,2.431795584405046,0.0,0.040243746122034074,1.6238379033172383,0.0,0.04479833149117158,0.000985648952669733,1.6389849902868874,1.168128529880789,2.0807999490566185,0.0035934824218166474,0.11260163850920346,0.038094367627744874,0.038094367627744874,0.37853848277213403,0.4166328503998789,0.06982541837184138,0.4549861945625969,0.4549861945625969,0.710130366962256,1.1651165615248529,0.11439787161993094,0.23445063331550287,1.1709930916481555,2.082124342045846,3.204115158279469,3.204115158279469,3.977199487958746e-06,0.24177930482610213,3.4458944631055712,1.1605726394638558e-05,0.15380108071295048,3.7049760415626887,True,0.2343015044816418,1.331976740560728,1.331976740560728,0.035750267384525816,1.3677270079452537,0.2317442853177472,0.00933158905797793,0.006868212071397011,1.872286037847654,1.872286037847654,0.0,0.002012187306101704,0.0,0.0014784734290045995,0.40974624757172184,1.168128529880789,0.0006982541837184138,0.0011439787161993094,1.1931598463876237e-07,1.1605726394638559e-07,0.001538010807129505,3.7049760415626887
5.937254441232959,0.037934271889258575,0.03307759266724978,4250,2.563923080401344,2.563923082965267,3.2605165606315345,3.2605165606315345,0.13434145653821858,3.394858017169753,0.0,0.06236151947166006,1.8230980584176488,0.0,0.04975019404413834,0.000641747609119298,3.680099018673232,8.0465729997013,3.836648198085427,0.0023815942652423393,0.11260163850920346,0.178603168609972,-0.178603168609972,0.37853848277213403,0.19993531416216204,0.14152810134893257,0.874209233293212,0.874209233293212,0.710130366962256,1.584339600255468,0.21132457128843302,0.4324808814114962,8.070168345835906,3.840804172384275,3.9665938189181356,3.9665938189181356,1.8685179846435176e-06,0.24177930482610213,4.208373123744238,1.351525249817624e-05,0.11755276642797124,14.533515652851493,True,0.43201291185428403,2.389044209504278,2.389044209504278,0.035750267384525816,2.424794476888804,2.9686272206164794,0.018967135944629288,0.006615518533449956,2.563923080401344,2.563923080401344,0.0,0.0031180759735830034,0.0,0.000962621413678947,0.920024754668308,8.0465729997013,0.0014152810134893258,0.0021132457128843303,5.6055539539305525e-08,1.3515252498176242e-07,0.0011755276642797124,14.533515652851493
1.7320113586875014,0.12004295911903384,0.05542459490922612,4275,1.1973079724939624,1.1973079736912704,1.3522056381458754,1.3522056381458754,0.13434145653821858,1.486547094684094,0.0,0.040370035500264134,1.1237129479096817,0.0,0.058306904345095965,0.0010105888600734855,0.29539509323409846,2.944858579114093,2.71605902553324,0.0031673074328447486,0.11260163850920346,0.229558066923343,-0.229558066923343,0.37853848277213403,0.14898041584879104,0.0531723271276356,0.20142570207556976,-0.20142570207556976,0.710130366962256,0.5087046648866862,0.12527526384906537,0.3059174893898466,2.9474428182342023,2.7168118179445884,1.7407350153888739,1.7407350153888739,1.881900098881356e-06,0.24177930482610213,1.982514320214976,6.85963289330731e-06,0.06367084141895439,5.159083097244103,True,0.3058327237233435,1.488571200226198,1.488571200226198,0.035750267384525816,1.5243214676107237,0.8660056793437507,0.06002147955951692,0.011084918981845224,1.1973079724939624,1.1973079724939624,0.0,0.0020185017750132066,0.0,0.0015158832901102284,0.07384877330852462,2.944858579114093,0.000531723271276356,0.0012527526384906538,5.645700296644068e-08,6.85963289330731e-08,0.0006367084141895439,5.159083097244103
12.458844305994893,0.04990925075176811,0.04934554562103184,4300,10.52287938503326,10.522879395556139,8.174782424229564,8.174782424229564,0.13434145653821858,8.309123880767782,0.0,0.06269181245966131,3.557242231692666,0.0002574126556164172,0.0960440847547131,0.001337285579863973,97.39481461828937,15.44261135655638,4.929708813201861,0.0037510093194252263,0.11260163850920346,0.17061241072693056,-0.17061241072693056,0.37853848277213403,0.20792607204520347,0.32762158538733055,2.0778414932373277,2.0778414932373277,0.710130366962256,2.7879718601995838,0.19404935692595865,0.5558464388156529,15.49522126608208,4.9363969904065925,15.193500986941771,15.193500986941771,1.8526438571842144e-05,0.24177930482610213,15.435280291767873,3.0486642361879274e-05,0.2355294097510345,56.59141107948813,True,0.5550933390368785,15.863129580183529,15.863129580183529,0.035750267384525816,15.898879847568054,6.229422152997446,0.024954625375884054,0.009869109124206368,10.52287938503326,10.52287938503326,0.0,0.0031345906229830658,0.0002574126556164172,0.002005928369795959,24.348703654572343,15.44261135655638,0.0032762158538733057,0.0019404935692595865,5.557931571552643e-07,3.0486642361879277e-07,0.0023552940975103452,56.59141107948813
3.178760090503051,0.150295209666657,0.059632173574146845,4325,5.396721149463776,5.396721154860497,4.345185086741519,4.345185086741519,0.13434145653821858,4.4795265432797375,0.0,0.049237801383351175,1.7136949246647646,0.0,0.05106907271012052,0.000747180806943921,22.620424969915593,4.7650863007095206,3.182907762758088,0.0036031401212287483,0.11260163850920346,0.10487608581371127,-0.10487608581371127,0.37853848277213403,0.27366239695842276,0.17035640352395928,0.8004883580169507,0.8004883580169507,0.710130366962256,1.5106187249792067,0.16153775232006748,0.3589371050733712,4.785908117725462,3.1876718487299374,8.727026555286285,8.727026555286285,1.4448650139073848e-05,0.24177930482610213,8.968805860112386,9.706274692622828e-06,0.05467912017603104,17.50081670201391,True,0.35840066113930136,7.066087289100308,7.066087289100308,0.035750267384525816,7.101837556484834,1.5893800452515254,0.0751476048333285,0.011926434714829369,5.396721149463776,5.396721149463776,0.0,0.002461890069167559,0.0,0.0011207712104158816,5.655106242478898,4.7650863007095206,0.0017035640352395928,0.001615377523200675,4.334595041722154e-07,9.706274692622828e-08,0.0005467912017603104,17.50081670201391
9.084707834839755,0.014706926940165066,0.01976406468685162,4350,7.820668721563812,7.82066872938448,6.730299741269984,6.730299741269984,0.13434145653821858,6.8646411978082025,0.0,0.05678552324580326,1.923289395374371,0.0,0.0629502265088547,0.0016691526396348147,51.473088022509636,11.655975761532565,4.4140849083660125,0.0031536209704020766,0.11260163850920346,0.22700006822404364,-0.22700006822404364,0.37853848277213403,0.1515384145480904,0.12793702262105558,1.5505612347626494,1.5505612347626494,0.710130366962256,2.2606916017249055,0.1853087789351482,0.4975832094412214,11.689349953912311,4.418969136145033,12.746432568333333,12.746432568333333,4.651427829980613e-06,0.24177930482610213,12.988211873159434,1.5331992707009436e-05,0.0783287025359485,36.907835725576525,True,0.4970332373416093,9.777016409607352,9.777016409607352,0.035750267384525816,9.812766676991878,4.542353917419877,0.007353463470082533,0.003952812937370324,7.820668721563812,7.820668721563812,0.0,0.002839276162290163,0.0,0.002503728959452222,12.868272005627409,11.655975761532565,0.0012793702262105559,0.001853087789351482,1.3954283489941836e-07,1.5331992707009436e-07,0.0007832870253594849,36.907835725576525
51.670185186359824,0.24247746548524463,0.07369374663030726,4375,14.179532505486563,14.179532519666095,7.154334702910259,7.154334702910259,0.13434145653821858,7.288676159448478,0.0,0.06691449369734559,1.662473702565154,0.019100013301517962,0.21820279773404722,0.01581012029523974,184.11845895865582,57.58074329138497,8.588197631281421,0.027369066445945934,0.11260163850920346,0.4412799561731287,-0.4412799561731287,0.37853848277213403,-0.06274147340099466,0.17327334607654118,0.054501537712983605,0.054501537712983605,0.710130366962256,0.7646319046752396,0.2682512826934389,0.9694004819151618,57.89862307009989,8.609114473452209,14.103666203340614,14.103666203340614,9.053201586357857e-06,0.24177930482610213,14.345445508166716,9.358113065430422e-06,0.0961736101011376,143.81249887777918,True,0.9670452110051242,27.477265303291922,27.477265303291922,0.035750267384525816,27.513015570676448,25.835092593179912,0.12123873274262231,0.014738749326061451,14.179532505486563,14.179532505486563,0.0,0.0033457246848672796,0.019100013301517962,0.02371518044285961,46.029614739663955,57.58074329138497,0.001732733460765412,0.002682512826934389,2.7159604759073574e-07,9.358113065430422e-08,0.0009617361010113761,143.81249887777918
3.552560655447698,0.02868691591487782,0.02605740902870375,4400,6.567718465793953,6.567718472361671,5.458619772041339,5.458619772041339,0.13434145653821858,5.592961228579558,0.0,0.04106583858331532,2.0210189325204047,0.0,0.05339301390893469,0.0010459311844354428,35.25243362723107,5.220419673886267,3.284823773048212,0.0029881809738413053,0.11260163850920346,0.13762295358703325,-0.13762295358703325,0.37853848277213403,0.24091552918510079,0.14937461606089902,0.6664005844901605,0.6664005844901605,0.710130366962256,1.3765309514524164,0.12704015349769698,0.3706103019536313,5.250238676092972,3.2913399302794364,11.219130120057173,11.219130120057173,1.7753197666530514e-05,0.24177930482610213,11.460909424883274,1.4715821517593062e-05,0.06620172037746144,22.404130847334343,True,0.36987657190745027,7.716617742129388,7.716617742129388,0.035750267384525816,7.752368009513914,1.776280327723849,0.01434345795743891,0.005211481805740751,6.567718465793953,6.567718465793953,0.0,0.002053291929165766,0.0,0.0015688967766531643,8.813108406807768,5.220419673886267,0.0014937461606089903,0.0012704015349769698,5.325959299959154e-07,1.471582151759306e-07,0.0006620172037746145,22.404130847334343
13.630585736090916,0.26406612485115877,0.07543284469981779,4425,8.704398131130903,8.704398139835302,8.022236069338538,8.022236069338538,0.13434145653821858,8.156577525876756,0.0,0.05266897782032135,1.8580077479397081,8.039411429287266e-06,0.0828353855874091,0.0010502368657494931,64.6494603768268,16.74415558816792,5.091962315096257,0.003907749146928792,0.11260163850920346,0.17317286131519438,-0.17317286131519438,0.37853848277213403,0.20536562145693965,0.22345547735837804,1.9819071944431568,1.9819071944431568,0.710130366962256,2.692037561405413,0.15677055096555828,0.5743515914304377,16.816058264116165,5.10073874614272,12.619426964034961,12.619426964034961,4.962176691862605e-06,0.24177930482610213,12.861206268861062,1.7842453946981394e-05,0.13011924451625806,48.58265193653585,True,0.5733633508265786,12.29912929697671,12.29912929697671,0.035750267384525816,12.334879564361236,6.815292868045458,0.13203306242557938,0.015086568939963558,8.704398131130903,8.704398131130903,0.0,0.002633448891016068,8.039411429287266e-06,0.0015753552986242396,16.1623650942067,16.74415558816792,0.0022345547735837805,0.001567705509655583,1.4886530075587813e-07,1.7842453946981395e-07,0.0013011924451625807,48.58265193653585
3.8449020802202316,0.028721562425120473,0.026044638604294908,4450,4.836009004256991,4.836009009093,3.9700630328754216,3.9700630328754216,0.13434145653821858,4.10440448941364,0.0,0.05354165346331531,1.6950416759496965,1.8094628168858852e-07,0.08042537781052682,0.001309177621779961,17.493889052513012,5.573575829392107,3.3608421864648443,0.0019474679869015785,0.11260163850920346,0.11282365727191512,-0.11282365727191512,0.37853848277213403,0.2657148255002189,0.34317842485629035,0.5813684849938737,0.5813684849938737,0.710130366962256,1.2914988519561297,0.2537576301562465,0.3811468595281774,5.687813222877112,3.384913671996769,5.6734815960264005,5.6734815960264005,1.2533599166993927e-05,0.24177930482610213,5.915260900852503,8.994347294909404e-06,0.05364324424324554,16.73622513481701,True,0.37843637057521723,8.284588298865836,8.284588298865836,0.035750267384525816,8.320338566250362,1.9224510401101158,0.014360781212560236,0.005208927720858982,4.836009004256991,4.836009004256991,0.0,0.0026770826731657657,1.8094628168858852e-07,0.0019637664326699416,4.373472263128253,5.573575829392107,0.0034317842485629036,0.0025375763015624653,3.760079750098178e-07,8.994347294909404e-08,0.0005364324424324555,16.73622513481701
1.7017753183769306,0.0006660470234463034,0.024914862744282985,4475,15.15654954971602,15.15654956487257,5.94317554255165,5.94317554255165,0.13434145653821858,6.077516999089869,0.0,0.050230285703398644,1.8623850508928652,0.0,0.033572285072911955,0.00030378971967529153,212.00148300308985,2.9053922039059237,2.7045211069112414,0.0023765967912657117,0.11260163850920346,0.12486425728865563,0.12486425728865563,0.37853848277213403,0.5034027400607897,0.28191136169371034,1.4765627039296048,1.4765627039296048,0.710130366962256,2.186693070891861,0.21529448576814764,0.3052447090923631,2.9269630598434326,2.710836947182119,14.3379213757773,14.3379213757773,1.4039660830419993e-05,0.24177930482610213,14.579700680603402,1.1172414553297403e-05,0.2771335323834774,71.92922728522055,True,0.30453353506614145,30.091723449368175,30.091723449368175,0.035750267384525816,30.1274737167527,0.8508876591884653,0.0003330235117231517,0.004982972548856598,15.15654954971602,15.15654954971602,0.0,0.0025115142851699322,0.0,0.0004556845795129373,53.00037075077246,2.9053922039059237,0.0028191136169371032,0.0021529448576814766,4.211898249125998e-07,1.1172414553297404e-07,0.002771335323834774,71.92922728522055
7.334007328603027,0.8247331274269323,0.13113245789291622,4500,8.967597426882742,8.967597435850339,5.483664651287329,5.483664651287329,0.13434145653821858,5.618006107825548,0.0,0.05038027018817126,1.94845172664552,0.00021019075589018624,0.09449795695572953,0.0029060464519315163,69.45660130439131,9.660517123251077,4.108137243310063,0.008635089640877221,0.11260163850920346,0.23322278966651602,-0.23322278966651602,0.37853848277213403,0.145315693105618,0.10925113853400618,0.6157329825837833,0.6157329825837833,0.710130366962256,1.3258633495460392,0.19250109717952896,0.4630302370858269,9.685221589685414,4.1121088653331865,12.615610122825263,12.615610122825263,1.2761874733403102e-05,0.24177930482610213,12.857389427651364,1.9218270384751252e-05,0.18795674069662602,40.10984753457144,True,0.4625830258987677,14.575023228213979,14.575023228213979,0.035750267384525816,14.610773495598504,3.6670036643015136,0.41236656371346614,0.026226491578583245,8.967597426882742,8.967597426882742,0.0,0.002519013509408563,0.00021019075589018624,0.004359069677897275,17.36415032609783,9.660517123251077,0.001092511385340062,0.0019250109717952896,3.8285624200209307e-07,1.9218270384751253e-07,0.0018795674069662601,40.10984753457144
4.580499663037612,0.2647772722989068,0.07557962315416612,4525,4.811454545930125,4.811454550741579,4.570768723680131,4.570768723680131,0.13434145653821858,4.70511018021835,0.0,0.07185942263853444,2.528883893145439,0.00047421055644506437,0.10177637610910191,0.003040416867531071,17.14806436286252,6.452667816095036,3.5402101913217803,0.006611406764388513,0.11260163850920346,0.11823360309015302,-0.11823360309015302,0.37853848277213403,0.260304879681981,0.3431490782600073,1.277763850352717,1.277763850352717,0.710130366962256,1.9878942173149727,0.22879725643251606,0.40024451341264256,6.525558898169679,3.554517351315054,5.799328152725468,5.799328152725468,3.1433398291890614e-05,0.24177930482610213,6.04110745755157,3.684168553366227e-05,0.26681264684004746,18.00590955326368,True,0.398633503611915,7.718787539421246,7.718787539421246,0.035750267384525816,7.754537806805772,2.290249831518806,0.1323886361494534,0.015115924630833225,4.811454545930125,4.811454545930125,0.0,0.003592971131926722,0.00047421055644506437,0.004560625301296606,4.28701609071563,6.452667816095036,0.003431490782600073,0.0022879725643251605,9.430019487567184e-07,3.684168553366227e-07,0.0026681264684004745,18.00590955326368
2.092973770497767,0.180574828437986,0.13617439753960336,4550,3.9074175082413047,3.9074175121487222,3.9639206935978435,3.9639206935978435,0.13434145653821858,4.098262150136062,0.0,0.028518528393709792,2.4276568705868327,0.003073218195172567,0.13543661421093975,0.00602108408873861,10.774887148035516,3.410342861634458,2.846711363920864,0.007904061273612956,0.11260163850920346,0.15348125977425783,-0.15348125977425783,0.37853848277213403,0.2250572229978762,0.130168231988432,0.19410261951385566,0.19410261951385566,0.710130366962256,0.9042329864761116,0.143048422705506,0.3209124734610959,3.422426895568164,2.8499802419399414,6.700252423266976,6.700252423266976,4.27280501620437e-05,0.24177930482610213,6.942031728093078,2.7004765390518567e-05,0.1226478709592716,11.192982303754095,True,0.3205443924073723,3.958822545479946,3.958822545479946,0.035750267384525816,3.994572812864472,1.0464868852488836,0.090287414218993,0.027234879507920674,3.9074175082413047,3.9074175082413047,0.0,0.0014259264196854896,0.003073218195172567,0.009031626133107915,2.693721787008879,3.410342861634458,0.00130168231988432,0.00143048422705506,1.2818415048613111e-06,2.700476539051857e-07,0.001226478709592716,11.192982303754095
14.332028771807801,0.2648932669086571,0.07663798565936121,4575,5.290154733411233,5.290154738701388,4.664581883838147,4.664581883838147,0.13434145653821858,4.798923340376366,0.0,0.06981734675933095,1.3771681991805051,0.0003967003260825195,0.09991733732411337,0.003548132970551695,21.63727383349194,17.52064205414627,5.185766602923086,0.010928245595258585,0.11260163850920346,0.27904935987910967,-0.27904935987910967,0.37853848277213403,0.09948912289302438,0.08443488151595062,0.6377664260137915,0.6377664260137915,0.710130366962256,1.3478967929760475,0.21870054826072202,0.5844148343585527,17.557013805197077,5.190109044547299,8.818927382716167,8.818927382716167,2.3607373365160947e-06,0.24177930482610213,9.060706687542268,9.105440435444656e-06,0.048394163710928806,35.54662908735185,True,0.5839258682731113,6.31761560281823,6.31761560281823,0.035750267384525816,6.353365870202756,7.1660143859039005,0.13244663345432856,0.015327597131872242,5.290154733411233,5.290154733411233,0.0,0.0034908673379665475,0.0003967003260825195,0.005322199455827542,5.409318458372985,17.52064205414627,0.0008443488151595062,0.0021870054826072204,7.082212009548284e-08,9.105440435444656e-08,0.00048394163710928806,35.54662908735185
5.624728142307343,0.0002446403688739496,0.028033922198595285,4600,2.9442677257864998,2.9442677287307673,3.0397260559331687,3.0397260559331687,0.13434145653821858,3.174067512471387,0.0,0.05896196028784371,1.1417609225242478,0.0001922654389454698,0.09386598135529793,0.0030029763042386435,5.306269370022234,7.682048887747264,3.771650931799902,0.0057903843836790755,0.11260163850920346,0.16884817587717782,-0.16884817587717782,0.37853848277213403,0.2096903068949562,0.11233340214449747,1.6005974194911947,1.6005974194911947,0.710130366962256,2.310727786453451,0.21409902990885454,0.4254821356892875,7.720891703939501,3.7786492588917193,4.776410013332919,4.776410013332919,1.9337764222054168e-06,0.24177930482610213,5.018189318159021,3.7867776015956537e-06,0.020351732213135368,14.782089897250577,True,0.4246941125219422,2.9494259400538017,2.9494259400538017,0.035750267384525816,2.9851762074383275,2.8123640711536715,0.0001223201844369748,0.005606784439719057,2.9442677257864998,2.9442677257864998,0.0,0.0029480980143921855,0.0001922654389454698,0.004504464456357965,1.3265673425055584,7.682048887747264,0.0011233340214449746,0.0021409902990885453,5.80132926661625e-08,3.786777601595654e-08,0.0002035173221313537,14.782089897250577
14.895268894168773,0.426051515629132,0.09108463344904348,4625,19.896406960944493,19.8964069808409,12.228624732138428,12.228624732138428,0.13434145653821858,12.362966188676646,0.0,0.034267885236317845,4.728126571767301,0.002865919050808753,0.13353427921256392,0.004842848844984028,371.07687838145216,18.142820042290534,5.259438935152203,0.007403443722658297,0.11260163850920346,0.2761794003217027,-0.2761794003217027,0.37853848277213403,0.10235908245043134,0.8933904294504613,1.1850512694162916,1.1850512694162916,0.710130366962256,1.8951816363785476,0.11333255998537503,0.593985036521627,18.276486120397887,5.275100714649643,22.86572868736999,22.86572868736999,0.00022372062807077625,0.24177930482610213,23.107507992196094,0.00010175391684673377,0.47234562895403764,138.51396573210886,True,0.5922214943316276,36.13133848780146,36.13133848780146,0.035750267384525816,36.167088755185986,7.447634447084386,0.213025757814566,0.018216926689808698,19.896406960944493,19.896406960944493,0.0,0.0017133942618158923,0.002865919050808753,0.007264273267476043,92.76921959536304,18.142820042290534,0.008933904294504613,0.0011333255998537504,6.711618842123287e-06,1.0175391684673377e-06,0.004723456289540377,138.51396573210886
12.262626565606112,0.11956567458285972,0.05280917657790268,4650,6.681197896224344,6.6811979029055415,3.543988692158605,3.543988692158605,0.13434145653821858,3.678330148696823,0.0,0.05507202312004271,1.2089563446951512,0.0016900452961427649,0.1211101604976527,0.004139329276955225,36.795068597154184,15.224069230018129,4.9018033305150235,0.008526621184165448,0.11260163850920346,0.2539191112991317,-0.2539191112991317,0.37853848277213403,0.12461937147300232,0.060881157716545,0.9376015506946508,0.9376015506946508,0.710130366962256,1.6477319176569067,0.15315101458560587,0.5523361847283922,15.250765890589447,4.905222898963572,6.499383599294069,6.499383599294069,5.649456228707716e-07,0.24177930482610213,6.741162904120172,5.388439269507684e-06,0.03452317280293682,37.31883049559247,True,0.5519511356838955,12.940116401527394,12.940116401527394,0.035750267384525816,12.97586666891192,6.131313282803056,0.05978283729142986,0.010561835315580538,6.681197896224344,6.681197896224344,0.0,0.0027536011560021357,0.0016900452961427649,0.0062089939154328375,9.198767149288546,15.224069230018129,0.00060881157716545,0.0015315101458560588,1.6948368686123146e-08,5.388439269507684e-08,0.00034523172802936817,37.31883049559247
0.8966594956475592,0.37628151621456285,0.08559544701586412,4675,0.7882330171335251,0.788233017921758,0.7692857126524305,0.7692857126524305,0.13434145653821858,0.9036271691906491,0.0,0.05701596168945554,1.1097393315673694,0.0,0.06740546421056484,0.001450279458945597,0.023463788613454644,1.8141963443977949,2.346921060937795,0.004024996454969287,0.11260163850920346,0.15243842014254538,-0.15243842014254538,0.37853848277213403,0.22610006262958865,0.05812850683483204,0.1722210961126267,-0.1722210961126267,0.710130366962256,0.5379092708496293,0.18093017306748593,0.26434410816780973,1.8160372043399786,2.3476042461865347,0.9611250050608335,0.9611250050608335,1.358337258683134e-06,0.24177930482610213,1.2029043098869356,6.63279620361286e-06,0.05738496339404734,3.2698756648028526,True,0.2642671803825644,1.2402004240380173,1.2402004240380173,0.035750267384525816,1.2759506914225431,0.4483297478237796,0.18814075810728143,0.017119089403172826,0.7882330171335251,0.7882330171335251,0.0,0.002850798084472777,0.0,0.0021754191884183955,0.005865947153363661,1.8141963443977949,0.0005812850683483205,0.0018093017306748593,4.075011776049402e-08,6.63279620361286e-08,0.0005738496339404734,3.2698756648028526
10.399975111196113,0.007388435960581363,0.013795173340521185,4700,7.646815469265333,7.646815476912148,7.846373516007665,7.846373516007665,0.13434145653821858,7.980714972545884,0.0,0.04327196540190639,2.7159154752487975,0.004523215647564113,0.14725485594040116,0.0029424156728226998,49.23687663274962,13.139894503573618,4.624899240471881,0.0031604251442057378,0.11260163850920346,0.21600403445924893,-0.21600403445924893,0.37853848277213403,0.1625344483128851,0.3621940777683118,1.2624262354944285,1.2624262354944285,0.710130366962256,1.9725566024566843,0.13900317061609038,0.5238668966520335,13.339960052084335,4.652391004819218,13.276311665632214,13.276311665632214,2.4184875017790864e-05,0.24177930482610213,13.518090970458315,3.478647805741562e-05,0.14768516810305699,38.31996027427561,True,0.5207712786660967,7.273412414475066,7.273412414475066,0.035750267384525816,7.3091626818595925,5.199987555598057,0.0036942179802906816,0.0027590346681042374,7.646815469265333,7.646815469265333,0.0,0.00216359827009532,0.004523215647564113,0.004413623509234049,12.309219158187405,13.139894503573618,0.003621940777683118,0.0013900317061609037,7.255462505337259e-07,3.478647805741562e-07,0.00147685168103057,38.31996027427561
3.8206342971192555,0.059086976505002275,0.04358952545424046,4725,2.882579603967864,2.8825796068504435,3.7228441246432276,3.7228441246432276,0.13434145653821858,3.857185581181446,0.0,0.05020160646501959,2.0011102690710976,0.0,0.05363866323035654,0.0008509996871942834,5.114613715717927,5.544349728441823,3.3546442891532093,0.0018403250430893137,0.11260163850920346,0.2881275248671139,-0.2881275248671139,0.37853848277213403,0.09041095790502014,0.18769782250514908,0.1617440773568466,0.1617440773568466,0.710130366962256,0.8718744443191025,0.17384404007951176,0.3779447120541042,5.5529783547359814,3.356475833683847,4.688060616063737,4.688060616063737,1.4440734782358455e-05,0.24177930482610213,4.929839920889839,9.036339669210954e-06,0.10585433453983753,11.662622368652872,True,0.37773847712063635,2.3663614719069685,2.3663614719069685,0.035750267384525816,2.4021117392914944,1.9103171485596278,0.029543488252501138,0.008717905090848093,2.882579603967864,2.882579603967864,0.0,0.0025100803232509794,0.0,0.001276499530791425,1.2786534289294818,5.544349728441823,0.0018769782250514907,0.0017384404007951177,4.332220434707536e-07,9.036339669210954e-08,0.0010585433453983754,11.662622368652872
8.34692364070815,0.048536368782902684,0.037694735023979485,4750,7.340101478605807,7.340101485945909,5.69778571019743,5.69778571019743,0.13434145653821858,5.832127166735649,0.0,0.04251609409797891,2.8532593904506967,0.0012425239050474855,0.11524945254961395,0.0013626342592128375,44.9572744346989,10.818207078552415,4.289104297305334,0.0021131867553990584,0.11260163850920346,0.3053318474071205,-0.3053318474071205,0.37853848277213403,0.07320663536501351,0.15795405228126885,0.29211061252783843,0.29211061252783843,0.710130366962256,1.0022409794900944,0.18333368197050512,0.483351839462963,10.841097975453067,4.292582265555876,11.953563899634181,11.953563899634181,2.312770316378748e-05,0.24177930482610213,12.195343204460283,4.1535672343320254e-05,0.22863454782617232,33.614008729590644,True,0.4829602145044893,9.687850177978946,9.687850177978946,0.035750267384525816,9.723600445363472,4.173461820354075,0.024268184391451342,0.007538947004795897,7.340101478605807,7.340101478605807,0.0,0.0021258047048989454,0.0012425239050474855,0.0020439513888192563,11.239318608674726,10.818207078552415,0.0015795405228126885,0.0018333368197050513,6.938310949136244e-07,4.1535672343320257e-07,0.002286345478261723,33.614008729590644
7.984872959487277,0.05957368248745143,0.04306046357481669,4775,3.176484665608977,3.176484668785462,2.540493487728733,2.540493487728733,0.13434145653821858,2.6748349442669515,0.0,0.05452593184246337,1.0069505137330201,0.004506285660648712,0.14712887352435397,0.0065460611836915495,6.3523060856787135,10.405474360458236,4.225751751213697,0.009479663431751412,0.11260163850920346,0.2788923174481016,-0.2788923174481016,0.37853848277213403,0.09964616532403239,0.1666047417207481,0.7251991123565104,0.7251991123565104,0.710130366962256,1.4353294793187663,0.18115609233548532,0.47611959449817487,10.42226746311264,4.228353676893633,3.7463892689453373,3.7463892689453373,8.044670056313394e-07,0.24177930482610213,3.9881685737714396,5.77802958560038e-06,0.05801841287473928,19.221980509601142,True,0.4758266133773157,5.418213715071629,5.418213715071629,0.035750267384525816,5.453963982456155,3.9924364797436387,0.029786841243725715,0.008612092714963339,3.176484665608977,3.176484665608977,0.0,0.0027262965921231687,0.004506285660648712,0.009819091775537324,1.5880765214196784,10.405474360458236,0.001666047417207481,0.0018115609233548533,2.413401016894018e-08,5.7780295856003804e-08,0.0005801841287473928,19.221980509601142
12.264123837383336,0.07789349587735772,0.044009220796126305,4800,7.429760302006112,7.429760309435872,7.336984069396601,7.336984069396601,0.13434145653821858,7.4713255259348195,0.0,0.06468069654205663,2.197972482538307,0.011404715254589318,0.18679286144021667,0.008349652781382829,45.72546822099658,15.225737525229206,4.902017109807337,0.016177847388665574,0.11260163850920346,0.21306728023997043,-0.21306728023997043,0.37853848277213403,0.1654712025321636,0.4810702073889211,1.1327370812592181,1.1327370812592181,0.710130366962256,1.8428674482214742,0.14741758444038705,0.5563921497354047,15.53339934274719,4.9412433752240155,10.192423939270663,10.192423939270663,1.6673616518160343e-05,0.24177930482610213,10.434203244096764,2.2584410889353503e-05,0.1891215916789859,40.30201544241549,True,0.5519752075846271,10.81486751304783,10.81486751304783,0.035750267384525816,10.850617780432355,6.132061918691668,0.03894674793867886,0.008801844159225261,7.429760302006112,7.429760302006112,0.0,0.0032340348271028318,0.011404715254589318,0.012524479172074244,11.431367055249146,15.225737525229206,0.004810702073889211,0.0014741758444038705,5.002084955448103e-07,2.2584410889353502e-07,0.001891215916789859,40.30201544241549
22.032314238902533,0.134336555570021,0.058509948671540746,4825,9.021804717391687,9.02180472641349,9.218859164904641,9.218859164904641,0.13434145653821858,9.35320062144286,0.0,0.040748091406241624,3.2032861537914408,0.003793698232079868,0.14159300473332884,0.005202045818630454,69.89824761891035,25.94740160311893,6.093859205270492,0.0058865932964453195,0.11260163850920346,0.20809533182057438,-0.20809533182057438,0.37853848277213403,0.17044315095155965,0.3167317908294929,0.8143402399979488,0.8143402399979488,0.710130366962256,1.5244706069602048,0.138951618754433,0.6869405933823256,26.016390016963925,6.100626433778887,13.309365168281532,13.309365168281532,1.9194786830012108e-05,0.24177930482610213,13.551144473107634,4.044720806177029e-05,0.2608168381477353,63.559595766532134,True,0.6861785922964418,12.005489720501474,12.005489720501474,0.035750267384525816,12.041239987886,11.016157119451266,0.0671682777850105,0.01170198973430815,9.021804717391687,9.021804717391687,0.0,0.0020374045703120815,0.003793698232079868,0.007803068727945681,17.474561904727587,25.94740160311893,0.0031673179082949286,0.0013895161875443298,5.758436049003633e-07,4.044720806177029e-07,0.0026081683814773533,63.559595766532134
49.44507727889044,0.006598144405087103,0.015654063697384524,4850,9.766661805858055,9.766661815624717,6.811806330476777,6.811806330476777,0.13434145653821858,6.946147787014996,0.0,0.06215549465210757,1.395495833819131,0.014754506817398328,0.20146813087142787,0.018303695841452295,83.35098807374143,55.23045277377875,8.431719368610386,0.03152486438733939,0.11260163850920346,0.36607981425973996,-0.36607981425973996,0.37853848277213403,0.012458668512394064,0.23089377655220028,1.1576371981116202,1.1576371981116202,0.710130366962256,1.867767565073876,0.23077372062101456,0.9507930472445711,55.41111667889143,8.443864364622144,9.536886338581558,9.536886338581558,1.3131983336968743e-06,0.24177930482610213,9.77866564340766,1.0553466335144878e-05,0.09606589920605724,110.614725426666,True,0.9494255006725096,18.387804933490628,18.387804933490628,0.035750267384525816,18.423555200875153,24.72253863944522,0.0032990722025435515,0.0031308127394769052,9.766661805858055,9.766661805858055,0.0,0.0031077747326053785,0.014754506817398328,0.027455543762178444,20.83774701843536,55.23045277377875,0.002308937765522003,0.0023077372062101456,3.9395950010906226e-08,1.0553466335144877e-07,0.0009606589920605723,110.614725426666
8.908433462003034,0.1180327471400675,0.05829105809144359,4875,3.5043308013637855,3.5043308048681165,3.1594880963860867,3.1594880963860867,0.13434145653821858,3.293829552924305,0.0,0.06404249980629025,1.6945259246837785,0.0016490663571233166,0.12060869804762665,0.004354340950649994,8.13616939740922,11.456193377840876,4.384699894797303,0.01234770158216773,0.11260163850920346,0.25419467693063724,-0.25419467693063724,0.37853848277213403,0.1243438058414968,0.12982741962809594,0.8297240884995655,0.8297240884995655,0.710130366962256,1.5398544554618214,0.1492792150499025,0.49418841764755184,11.484104040330687,4.388820449703803,5.51318621724309,5.51318621724309,5.379937826257991e-06,0.24177930482610213,5.754965522069193,1.1541013101841999e-05,0.06219642262533326,21.53425385490152,True,0.49372443637230734,4.502335799972859,4.502335799972859,0.035750267384525816,4.538086067357385,4.454216731001517,0.05901637357003375,0.011658211618288719,3.5043308013637855,3.5043308013637855,0.0,0.0032021249903145125,0.0016490663571233166,0.00653151142597499,2.034042349352305,11.456193377840876,0.0012982741962809595,0.0014927921504990249,1.6139813478773972e-07,1.1541013101842e-07,0.0006219642262533326,21.53425385490152
10.599390496877238,0.11303968706353806,0.05179010922293641,4900,9.283148263400353,9.283148272683501,8.941937581160166,8.941937581160166,0.13434145653821858,9.076279037698384,0.0,0.04640065267365805,2.401991994040572,0.0,0.05084160093919218,0.0013218534459710906,74.42666679603497,13.363926908218309,4.65567051417634,0.0024954239512707784,0.11260163850920346,0.1609628056717826,-0.1609628056717826,0.37853848277213403,0.21757567710035144,0.30868432523646866,1.3752346344436774,1.3752346344436774,0.710130366962256,2.0853650014059335,0.11911541163749617,0.5252266162098557,13.42831465762931,4.664466490176887,14.405644457584588,14.405644457584588,1.0477669610979056e-05,0.24177930482610213,14.647423762410689,1.83766283784531e-05,0.11382891637021464,46.63003458187383,True,0.5242361748119468,11.89479676139311,11.89479676139311,0.035750267384525816,11.930547028777635,5.299695248438619,0.05651984353176903,0.010358021844587284,9.283148263400353,9.283148263400353,0.0,0.0023200326336829022,0.0,0.001982780168956636,18.60666669900874,13.363926908218309,0.0030868432523646866,0.0011911541163749618,3.1433008832937166e-07,1.8376628378453102e-07,0.0011382891637021465,46.63003458187383
6.843402781516956,0.027264475347083872,0.025772410240082883,4925,4.661808881416549,4.661808886078358,4.025445658953396,4.025445658953396,0.13434145653821858,4.159787115491615,0.0,0.04821933407352717,2.362364550791178,0.0007069678635035733,0.10658886728507955,0.003315815921764633,16.035777667146085,9.096194644118407,4.015989828251814,0.004757404829091356,0.11260163850920346,0.28116185318114495,-0.28116185318114495,0.37853848277213403,0.09737662959098911,0.1790327765114836,0.3876172765275264,0.3876172765275264,0.710130366962256,1.0977476434897824,0.13487472755322963,0.45394902705526047,9.189748932358789,4.031459868175528,6.175245608880817,6.175245608880817,5.2111542316403856e-06,0.24177930482610213,6.4170249137069195,1.132759835138809e-05,0.11515367288851319,21.219818592631484,True,0.45220707505734714,7.354939852076308,7.354939852076308,0.035750267384525816,7.390690119460834,3.421701390758478,0.013632237673541936,0.005154482048016577,4.661808881416549,4.661808881416549,0.0,0.002410966703676359,0.0007069678635035733,0.00497372388264695,4.008944416786521,9.096194644118407,0.001790327765114836,0.0013487472755322964,1.5633462694921156e-07,1.132759835138809e-07,0.001151536728885132,21.219818592631484
7.930928187117644,0.025274863347593435,0.028067252075269517,4950,5.690052393964091,5.690052399654143,3.12325218930512,3.12325218930512,0.13434145653821858,3.2575936458433383,0.0,0.06679915471259243,1.3976606644166307,0.004505116925726768,0.1471201678016881,0.010930730428268101,25.912598964920114,10.34388048127642,4.21619036769847,0.0150735136841253,0.11260163850920346,0.15315032045866683,-0.15315032045866683,0.37853848277213403,0.2253881623134672,0.17827862419948787,0.4091459670028642,0.4091459670028642,0.710130366962256,1.1192763339651202,0.1892708692830884,0.4749237031040282,10.353806478419255,4.217733127283749,4.5476567391394385,4.5476567391394385,1.093761073359419e-06,0.24177930482610213,4.789436043965541,7.008254148845795e-06,0.07466078069087943,26.524460968059085,True,0.4747499858314724,11.45673339377497,11.45673339377497,0.035750267384525816,11.492483661159495,3.965464093558822,0.012637431673796717,0.0056134504150539034,5.690052393964091,5.690052393964091,0.0,0.0033399577356296216,0.004505116925726768,0.01639609564240215,6.478149741230029,10.34388048127642,0.0017827862419948787,0.001892708692830884,3.281283220078257e-08,7.008254148845796e-08,0.0007466078069087944,26.524460968059085
2.318016795167746,0.02178178720141788,0.024164950239490782,4975,3.4825096128364765,3.482509616318986,4.473502110753108,4.473502110753108,0.13434145653821858,4.607843567291327,0.0,0.053123844571256365,3.0878908965782967,8.650725261090126e-05,0.0893009275134742,0.0015493504455863227,8.387023392932992,3.6960195656520156,2.9225034631053375,0.002543373195326156,0.11260163850920346,0.26093424993198217,-0.26093424993198217,0.37853848277213403,0.11760423284015188,0.22820470425098036,0.45470765267438507,0.45470765267438507,0.710130366962256,1.164838019636641,0.15944212926294393,0.3294791364747245,3.7097056470174317,2.926059616683095,6.037241155926142,6.037241155926142,2.5387408558802034e-05,0.24177930482610213,6.279020460752244,3.992429769215607e-05,0.18690190090417616,10.460830681313189,True,0.3290787077195171,1.9758589263563109,1.9758589263563109,0.035750267384525816,2.0116091937408367,1.159008397583873,0.01089089360070894,0.0048329900478981565,3.4825096128364765,3.4825096128364765,0.0,0.0026561922285628183,8.650725261090126e-05,0.002324025668379484,2.096755848233248,3.6960195656520156,0.0022820470425098036,0.0015944212926294393,7.61622256764061e-07,3.992429769215607e-07,0.0018690190090417617,10.460830681313189
0.6666012873552916,0.5986415576468602,0.11020868962612772,5000,1.5036651263303447,1.5036651278340099,1.9297960719279768,1.9297960719279768,0.13434145653821858,2.0641375284661954,0.0,0.06226804699429232,1.5977696532623007,6.719887972942999e-05,0.08819749228297472,0.0036865212914037786,0.9319435416529946,1.4797665221216454,2.2164565434579426,0.004991107540768532,0.11260163850920346,0.019266454815071776,0.019266454815071776,0.37853848277213403,0.3978049375872058,0.1321757965106928,0.8370577858328222,0.8370577858328222,0.710130366962256,1.5471881527950782,0.1987371317011031,0.24977318708615118,1.4840157916997383,2.218201868205651,2.554860379199479,2.554860379199479,1.2970051304834714e-05,0.24177930482610213,2.7966396840255814,1.0426779176020168e-05,0.07708146139499653,3.883871514723489,True,0.2495766606423753,0.5937867578381176,0.5937867578381176,0.035750267384525816,0.6295370252226434,0.3333006436776458,0.2993207788234301,0.022041737925225544,1.5036651263303447,1.5036651263303447,0.0,0.003113402349714616,6.719887972942999e-05,0.005529781937105668,0.23298588541324866,1.4797665221216454,0.001321757965106928,0.001987371317011031,3.891015391450414e-07,1.0426779176020168e-07,0.0007708146139499653,3.883871514723489
3.9144316355480173,0.5302616159828477,0.10368993269127312,5025,5.444979556818913,5.444979562263892,6.755210739998179,6.755210739998179,0.13434145653821858,6.889552196536398,0.0,0.0551133801487963,2.241112832241033,0.0007338231710241585,0.10708917073341594,0.006055206514525423,23.167519220280095,5.657225446109181,3.3784922632014553,0.008854799789876727,0.11260163850920346,0.006009444687465226,-0.006009444687465226,0.37853848277213403,0.3725290380846688,0.373071502323881,1.4777964407701765,1.4777964407701765,0.710130366962256,2.1879268077324325,0.16768819852093175,0.3821013831791753,5.728318886550395,3.393390667348395,8.983228968419875,8.983228968419875,1.991619961929721e-06,0.24177930482610213,9.225008273245976,1.5791639249241647e-05,0.262797601507026,19.157777512940566,True,0.38042379831207357,4.441150627116158,4.441150627116158,0.035750267384525816,4.476900894500684,1.9572158177740087,0.26513080799142386,0.020737986538254625,5.444979556818913,5.444979556818913,0.0,0.002755669007439815,0.0007338231710241585,0.009082809771788134,5.791879805070024,5.657225446109181,0.0037307150232388096,0.0016768819852093176,5.974859885789163e-08,1.5791639249241648e-07,0.0026279760150702603,19.157777512940566
2.954837483259834,0.17298715690571453,0.06126150994271869,5050,3.456584330461989,3.4565843339185736,4.216448859220733,4.216448859220733,0.13434145653821858,4.350790315758952,0.0,0.05221961877013974,2.172133096071209,0.0,0.06878174040609675,0.0021702601826693374,8.098561181296427,4.490008741425991,3.1189640727076973,0.004935634045057105,0.11260163850920346,0.14234088332224298,-0.14234088332224298,0.37853848277213403,0.23619759944989105,0.3464951801120898,0.24192922277394013,0.24192922277394013,0.710130366962256,0.9520595897361961,0.17083447549467246,0.3514954768002937,4.5011176305253855,3.1215837552463928,5.882915255629324,5.882915255629324,4.189223176761974e-06,0.24177930482610213,6.124694560455426,1.8559263182004025e-05,0.10340634596939363,11.559472031781002,True,0.3512004962278658,2.69702664507037,2.69702664507037,0.035750267384525816,2.732776912454896,1.477418741629917,0.08649357845285727,0.012252301988543738,3.456584330461989,3.456584330461989,0.0,0.002610980938506987,0.0,0.003255390274004006,2.0246402953241067,4.490008741425991,0.003464951801120898,0.0017083447549467246,1.256766953028592e-07,1.8559263182004025e-07,0.0010340634596939363,11.559472031781002
2.8572868145303145,0.009512793564317445,0.018762739811844554,5075,5.097518281482105,5.097518286579623,5.585540434060021,5.585540434060021,0.13434145653821858,5.71988189059824,0.0,0.05673574342639705,1.416786853323591,0.0,0.03767934788255967,0.00042354709358268514,19.877777845282882,4.369567688202422,3.0903510920901356,0.0018362684856336135,0.11260163850920346,0.05078767239983156,-0.05078767239983156,0.37853848277213403,0.32775081037230247,0.23338292979944708,1.0615117230733766,1.0615117230733766,0.710130366962256,1.7716420900356327,0.18016876811025237,0.3486105139219988,4.393060018734106,3.095962790398271,8.508244451123035,8.508244451123035,4.975890010377264e-06,0.24177930482610213,8.750023755949137,1.1578021147918704e-05,0.04675019421743747,15.88175817480481,True,0.3479786274415665,5.020517035484787,5.020517035484787,0.035750267384525816,5.056267302869313,1.4286434072651573,0.004756396782158723,0.003752547962368911,5.097518281482105,5.097518281482105,0.0,0.0028367871713198527,0.0,0.0006353206403740277,4.9694444613207205,4.369567688202422,0.002333829297994471,0.0018016876811025237,1.4927670031131792e-07,1.1578021147918705e-07,0.00046750194217437475,15.88175817480481
8.202824484803468,0.058488696726652134,0.04728034022136703,5100,12.426355704609264,12.42635571703562,5.337475852684038,5.337475852684038,0.13434145653821858,5.471817309222256,0.0,0.0621887944273465,2.336761791471892,0.0047504753789524975,0.148923692435566,0.01233844660599504,140.10464718070332,10.654070362110007,4.264057346633176,0.0274640473220086,0.11260163850920346,0.15753857151979678,-0.15753857151979678,0.37853848277213403,0.22099991125233726,0.20338714491976884,1.4127297844940823,1.4127297844940823,0.710130366962256,2.1228601514563383,0.15536847770756346,0.48072127127841796,10.687802975453618,4.2692205455511285,9.726462476599067,9.726462476599067,3.6079597760847356e-05,0.24177930482610213,9.968241781425169,1.4806704033731985e-05,0.289149460228187,62.279548386997284,True,0.48013988656867557,25.435373742080756,25.435373742080756,0.035750267384525816,25.47112400946528,4.101412242401734,0.029244348363326067,0.009456068044273408,12.426355704609264,12.426355704609264,0.0,0.003109439721367325,0.0047504753789524975,0.01850766990899256,35.02616179517583,10.654070362110007,0.002033871449197688,0.0015536847770756346,1.0823879328254205e-06,1.4806704033731984e-07,0.00289149460228187,62.279548386997284
26.328268399829142,0.2805491269682511,0.07569730093720468,5125,10.126788879315345,10.126788889442135,11.510703634440368,11.510703634440368,0.13434145653821858,11.645045090978586,0.0,0.041465662819969835,2.2524537860397404,0.0007811134823582223,0.10794840751023611,0.002514138449274665,89.87203472516276,30.593154729058085,6.531107911536177,0.004322311375233513,0.11260163850920346,0.24276802687339336,-0.24276802687339336,0.37853848277213403,0.13577045589874068,0.3961932474659917,1.685140326560854,1.685140326560854,0.710130366962256,2.39527069352311,0.20556606550563114,0.7367334157297009,30.722961634003994,6.542829749685985,16.512991004747303,16.512991004747303,3.296560690290272e-05,0.24177930482610213,16.754770309573406,2.1214818501183582e-05,0.10293513360247779,76.52117426312968,True,0.7354135174304745,10.231591359059728,10.231591359059728,0.035750267384525816,10.267341626444253,13.164134199914571,0.14027456348412554,0.015139460187440938,10.126788879315345,10.126788879315345,0.0,0.002073283140998492,0.0007811134823582223,0.0037712076739119978,22.46800868129069,30.593154729058085,0.003961932474659917,0.0020556606550563112,9.889682070870815e-07,2.1214818501183584e-07,0.0010293513360247778,76.52117426312968
3.29415221779398,0.6283802100037641,0.11116715971104865,5150,6.2327881497134285,6.232788155946217,5.108369900863292,5.108369900863292,0.13434145653821858,5.242711357401511,0.0,0.06454625519412156,3.0555154373203335,0.0043116237313778685,0.14566295554860342,0.013467411174088537,31.433042871079994,4.906136177549785,3.214979949694756,0.02500667940860869,0.11260163850920346,0.24388492566007122,-0.24388492566007122,0.37853848277213403,0.1346535571120628,0.27087684747401586,0.08870208266418955,0.08870208266418955,0.710130366962256,0.7988324496264455,0.16014125289776032,0.36252613324846955,4.926382325052047,3.219545522185127,10.643272327563938,10.643272327563938,5.406203465164761e-05,0.24177930482610213,10.88505163239004,3.9525478329560136e-05,0.2466279046480894,21.01520322129253,True,0.36201204225966555,7.402445824546754,7.402445824546754,0.035750267384525816,7.43819609193128,1.64707610889699,0.31419010500188205,0.022233431942209732,6.2327881497134285,6.2327881497134285,0.0,0.0032273127597060784,0.0043116237313778685,0.020201116761132808,7.858260717769999,4.906136177549785,0.0027087684747401585,0.0016014125289776032,1.6218610395494282e-06,3.9525478329560135e-07,0.002466279046480894,21.01520322129253
7.178699307267971,0.08009072662673766,0.057231396424356054,5175,2.7128339633386886,2.7128339660515226,2.707698943226841,2.707698943226841,0.13434145653821858,2.842040399765059,0.0,0.0494364798029474,2.059937720949229,0.002601962965901532,0.13100943996851497,0.0039915811157231725,4.252424303277162,9.482146893902993,4.079309483293778,0.008683015127864086,0.11260163850920346,0.37231101774907077,-0.37231101774907077,0.37853848277213403,0.006227465023063259,0.0815439158629102,0.17660732766056408,0.17660732766056408,0.710130366962256,0.88673769462282,0.16116122168122363,0.4596478279832945,9.499156396551502,4.082070147895973,4.224637869531199,4.224637869531199,1.6952266909906966e-06,0.24177930482610213,4.466417174357301,1.5266890525677016e-05,0.10320655312450351,16.913448708355226,True,0.45933697259810635,3.383539019852521,3.383539019852521,0.035750267384525816,3.4192892872370466,3.5893496536339855,0.04004536331336883,0.011446279284871212,2.7128339633386886,2.7128339633386886,0.0,0.00247182399014737,0.002601962965901532,0.005987371673584759,1.0631060758192905,9.482146893902993,0.000815439158629102,0.0016116122168122362,5.0856800729720895e-08,1.5266890525677018e-07,0.0010320655312450351,16.913448708355226
7.891260035060493,0.03219711301398742,0.03175713103828615,5200,4.12590333470576,4.125903338831663,3.9849412710784464,3.9849412710784464,0.13434145653821858,4.119282727616665,0.0,0.04874890789249308,1.469623054773824,6.133379756083361e-05,0.08783158972117626,0.002599007042202989,11.993490942844947,10.298570966471345,4.209138664263566,0.006913344030390756,0.11260163850920346,0.294499745879691,-0.294499745879691,0.37853848277213403,0.08403873689244301,0.19111018698901527,0.32471371345529987,0.32471371345529987,0.710130366962256,1.0348440804175558,0.20777248671323162,0.47479389041138653,10.34638868694336,4.216580278330289,5.6709694073270835,5.6709694073270835,2.0809576637900817e-06,0.24177930482610213,5.912748712153186,7.120141420410107e-06,0.08909009628002856,21.402204188218693,True,0.47395595239990423,6.073184647126927,6.073184647126927,0.035750267384525816,6.108934914511453,3.9456300175302466,0.01609855650699371,0.006351426207657231,4.12590333470576,4.12590333470576,0.0,0.002437445394624654,6.133379756083361e-05,0.0038985105633044833,2.9983727357112366,10.298570966471345,0.0019111018698901529,0.002077724867132316,6.242872991370245e-08,7.120141420410107e-08,0.0008909009628002857,21.402204188218693
2.7527734592445934,1.0409308546344143e-05,0.008189222333511116,5225,2.8022088495418047,2.802208852344014,2.2855572998878464,2.2855572998878464,0.13434145653821858,2.419898756426065,0.0,0.05561876050418281,1.6740797801752443,0.0,0.0668467125017436,0.001502948991472018,4.876505992903386,4.240092190339931,3.059148413869173,0.0037105483991965844,0.11260163850920346,0.19040636707087183,-0.19040636707087183,0.37853848277213403,0.1881321157012622,0.18506909886180914,0.3368764300940813,0.3368764300940813,0.710130366962256,1.0470067970563373,0.15308237605870184,0.34483068913526005,4.253471808086278,3.0623946780590465,5.156877076937009,5.156877076937009,1.6053975804668905e-06,0.24177930482610213,5.398656381763112,1.308114677258016e-05,0.08503644341310188,9.648724736520004,True,0.3444651544359839,2.700921803624218,2.700921803624218,0.035750267384525816,2.7366720710087438,1.3763867296222967,5.204654273172071e-06,0.0016378444667022232,2.8022088495418047,2.8022088495418047,0.0,0.0027809380252091405,0.0,0.002254423487208027,1.2191264982258465,4.240092190339931,0.0018506909886180914,0.0015308237605870184,4.8161927414006714e-08,1.3081146772580161e-07,0.0008503644341310187,9.648724736520004
3.263091681252255,0.007143689648000828,0.02707161378006527,5250,4.569530454672471,4.569530459242001,3.5201229451493155,3.5201229451493155,0.13434145653821858,3.654464401687534,0.0,0.04097236643672199,2.7139331622332183,0.0,0.07493631886623725,0.0011974299702206745,15.637800923999524,4.868214055309705,3.2064029675718135,0.0016172544855607394,0.11260163850920346,0.1908564757979384,-0.1908564757979384,0.37853848277213403,0.18768200697419563,0.08184393768174086,0.6852484430468805,0.6852484430468805,0.710130366962256,1.3953788100091364,0.12453999198588159,0.3613532886708172,4.880253802702889,3.209129648233188,8.146034520663399,8.146034520663399,1.9351132825826406e-05,0.24177930482610213,8.3878138254895,2.8333366090335165e-05,0.14354943617741645,14.99507170999146,True,0.36104625993338824,5.014768938430108,5.014768938430108,0.035750267384525816,5.050519205814634,1.6315458406261274,0.003571844824000414,0.005414322756013054,4.569530454672471,4.569530454672471,0.0,0.0020486183218360993,0.0,0.0017961449553310117,3.909450230999881,4.868214055309705,0.0008184393768174087,0.001245399919858816,5.805339847747922e-07,2.8333366090335166e-07,0.0014354943617741645,14.99507170999146
2.149403418915452,0.027639169633551397,0.02714040578821048,5275,3.2779037140395224,3.2779037173174257,3.8400220901405384,3.8400220901405384,0.13434145653821858,3.974363546678757,0.0,0.05591282445729799,2.3000411527561484,1.1716248440897365e-05,0.08342290058881315,0.0009910192015834453,7.02168866712117,3.4822709255443507,2.866084383286123,0.0023380249206242216,0.11260163850920346,0.1941161327647617,-0.1941161327647617,0.37853848277213403,0.18442235000737234,0.1495655050836316,0.46516449056107867,0.46516449056107867,0.710130366962256,1.1752948575233346,0.12994542960844394,0.32307263601592906,3.493775379332224,2.8691643532156887,5.47944023023274,5.47944023023274,3.452559215745899e-05,0.24177930482610213,5.721219535058842,2.0726204256147546e-05,0.16789770053298325,9.618315397452047,True,0.3227258263245012,2.9494355280762066,2.9494355280762066,0.035750267384525816,2.9851857954607324,1.074701709457726,0.013819584816775698,0.005428081157642096,3.2779037140395224,3.2779037140395224,0.0,0.0027956412228649,1.1716248440897365e-05,0.001486528802375168,1.7554221667802925,3.4822709255443507,0.0014956550508363159,0.0012994542960844393,1.0357677647237698e-06,2.0726204256147547e-07,0.0016789770053298326,9.618315397452047
13.835171896450401,0.0007956712832030144,0.030715276408161303,5300,5.832326573304659,5.8323265791369865,3.778750751443119,3.778750751443119,0.13434145653821858,3.9130922079813373,0.0,0.051826815360611025,2.3033752949978714,0.004361233591103662,0.14603963651553256,0.005402208858611403,27.08557442450759,16.97082476829689,5.119566089808111,0.01453133952135606,0.11260163850920346,0.3387576426526659,-0.3387576426526659,0.37853848277213403,0.039780840119468135,0.09560109107202185,0.1377984212797907,0.1377984212797907,0.710130366962256,0.8479287882420466,0.21397561124220066,0.5766579084689963,16.98446117583889,5.121220835606713,6.078650519132447,6.078650519132447,6.4951726548714845e-06,0.24177930482610213,6.320429823958549,1.3952065250820795e-05,0.12516951581878163,36.5180754710811,True,0.5764715813642101,10.895754774585136,10.895754774585136,0.035750267384525816,10.931505041969661,6.9175859482252005,0.0003978356416015072,0.006143055281632261,5.832326573304659,5.832326573304659,0.0,0.0025913407680305516,0.004361233591103662,0.008103313287917104,6.771393606126898,16.97082476829689,0.0009560109107202185,0.0021397561124220066,1.9485517964614452e-07,1.3952065250820794e-07,0.0012516951581878163,36.5180754710811
0.5751387498336125,0.23597605177442937,0.07399304640895984,5325,1.4394180190896397,1.4394180205290579,1.5509198450632404,1.5509198450632404,0.13434145653821858,1.685261301601459,0.0,0.05660261048113948,2.135925951963076,4.995545618544919e-05,0.08706791738671649,0.003377039981846318,0.5933468686249375,1.3418419720877157,2.158379027817629,0.007992347790080238,0.11260163850920346,0.01333905315270667,0.01333905315270667,0.37853848277213403,0.3918775359248407,0.05612453884561162,0.7071008713413346,0.7071008713413346,0.710130366962256,1.4172312383035905,0.20559932990009577,0.2431566092995602,1.3443032850549343,2.159440936423643,1.9640631518725524,1.9640631518725524,7.917557122164813e-06,0.24177930482610213,2.2058424566986545,9.623930366683202e-06,0.12258939324282041,3.3617418307583176,True,0.24303703663995696,1.8964585906825748,1.8964585906825748,0.035750267384525816,1.9322088580671006,0.28756937491680623,0.11798802588721469,0.014798609281791969,1.4394180190896397,1.4394180190896397,0.0,0.002830130524056974,4.995545618544919e-05,0.005065559972769477,0.14833671715623437,1.3418419720877157,0.0005612453884561162,0.0020559932990009576,2.375267136649444e-07,9.623930366683203e-08,0.0012258939324282041,3.3617418307583176
0.2161191858801279,0.3969086674130802,0.08742666657472059,5350,2.2312405221494447,2.231240524380685,2.270235158640262,2.270235158640262,0.13434145653821858,2.40457661517848,0.0,0.028757616844142915,2.141056352085454,0.0,0.06766290426593718,0.0017324726674168196,2.8316553875839614,0.7480281518426087,1.8648862074531012,0.0039052536417693955,0.11260163850920346,0.22635958375599258,0.22635958375599258,0.37853848277213403,0.6048980665281266,0.09899450189535525,0.6150687052936915,0.6150687052936915,0.710130366962256,1.3251990722559475,0.08382191956418648,0.21018711322665812,0.7510706166388301,1.8666433041562314,4.225374908255888,4.225374908255888,6.596627482414906e-06,0.24177930482610213,4.46715421308199,1.0072434381416332e-05,0.11425506341535928,4.018189384164842,True,0.20998926124129558,1.206176779729365,1.206176779729365,0.035750267384525816,1.2419270471138908,0.10805959294006395,0.1984543337065401,0.017485333314944118,2.2312405221494447,2.2312405221494447,0.0,0.001437880842207146,0.0,0.0025987090011252295,0.7079138468959904,0.7480281518426087,0.0009899450189535526,0.0008382191956418649,1.9789882447244717e-07,1.0072434381416333e-07,0.001142550634153593,4.018189384164842
1.1115020906258095,0.06298414820790632,0.04364989845449858,5375,0.8770162935673822,0.8770162944443985,1.0455273642164082,1.0455273642164082,0.13434145653821858,1.1798688207546268,0.0,0.03841183923804791,1.9206841275460924,0.0,0.0699431261509939,0.0017262478572377831,0.06569610836484116,2.114924486582022,2.4542779949452656,0.002028686650012055,0.11260163850920346,0.1785684090950882,-0.1785684090950882,0.37853848277213403,0.19997007367704583,0.07663443937551895,0.05678031472006295,-0.05678031472006295,0.710130366962256,0.653350052242193,0.10615884142032563,0.2765826185083954,2.1207887195157022,2.456292800063127,1.3001665868749013,1.3001665868749013,6.594396625713195e-06,0.24177930482610213,1.5419458917010034,1.1151042714872489e-05,0.09454598311892602,3.6116215720776053,True,0.2763557481306994,1.0134676116123391,1.0134676116123391,0.035750267384525816,1.049217878996865,0.5557510453129048,0.03149207410395316,0.008729979690899716,0.8770162935673822,0.8770162935673822,0.0,0.0019205919619023955,0.0,0.002589371785856675,0.01642402709121029,2.114924486582022,0.0007663443937551894,0.0010615884142032564,1.9783189877139584e-07,1.1151042714872489e-07,0.0009454598311892603,3.6116215720776053
9.473149267151749,0.5467892602843918,0.10159880167105363,5400,2.911111477204905,2.9111114801160163,2.9114737392824557,2.9114737392824557,0.13434145653821858,3.045815195820674,0.0,0.04964381843328727,0.9673922057473312,0.0,0.07565061557085874,0.0016764555828812737,5.010438698729831,12.095427791400603,4.477848155311069,0.004471496631022924,0.11260163850920346,0.21341069224591724,-0.21341069224591724,0.37853848277213403,0.1651277905262168,0.11644430669888489,1.5044769228367758,1.5044769228367758,0.710130366962256,2.214607289799032,0.17631292630877526,0.5045516961152849,12.116353780538182,4.480855323126513,3.9498896214593566,3.9498896214593566,1.3709670813666363e-06,0.24177930482610213,4.191668926285459,3.1950239901485826e-06,0.04552746495532072,21.297817761695118,True,0.504213084061922,3.9981930865278783,3.9981930865278783,0.035750267384525816,4.033943353912404,4.7365746335758745,0.2733946301421959,0.020319760334210728,2.911111477204905,2.911111477204905,0.0,0.0024821909216643638,0.0,0.0025146833743219105,1.2526096746824578,12.095427791400603,0.001164443066988849,0.0017631292630877528,4.112901244099909e-08,3.195023990148583e-08,0.0004552746495532072,21.297817761695118
0.7698049762360469,0.023696946313058742,0.042694139718582554,5425,4.502805535966993,4.502805540469798,5.523955734048442,5.523955734048442,0.13434145653821858,5.658297190586661,0.0,0.046427810825638516,3.7759914002776376,0.0,0.04154752413333788,0.0003225819112559208,15.207289237788046,1.6317132215153496,2.2773853065991285,0.001018481687700761,0.11260163850920346,0.03422198838144164,-0.03422198838144164,0.37853848277213403,0.3443164943906924,0.5123972139924281,0.7076718712325619,0.7076718712325619,0.710130366962256,1.4178022381948179,0.16189955305819217,0.25758413803205094,1.6578361607568608,2.287569866359438,7.8222367419174885,7.8222367419174885,7.05709414661936e-05,0.24177930482610213,8.06401604674359,5.099185398484945e-05,0.22532446508316534,10.353434958923906,True,0.2564373398136996,3.0286702455490913,3.0286702455490913,0.035750267384525816,3.064420512933617,0.38490248811802347,0.011848473156529371,0.008538827943716512,4.502805535966993,4.502805535966993,0.0,0.002321390541281926,0.0,0.00048387286688388124,3.8018223094470116,1.6317132215153496,0.0051239721399242814,0.0016189955305819217,2.117128243985808e-06,5.099185398484945e-07,0.0022532446508316535,10.353434958923906
0.09574842109258322,0.5724461918463144,0.1075677122263261,5450,1.8645486856371745,1.864548687501723,2.1141846634187647,2.1141846634187647,0.13434145653821858,2.248526119956983,0.0,0.06892381704624323,2.0588145420862882,0.0001538644480621194,0.09240421090042085,0.0047153473709823385,1.6806084345244976,0.5032943552124011,1.7094324176497724,0.008551758774418208,0.11260163850920346,0.03146329123616043,0.03146329123616043,0.37853848277213403,0.41000177400829446,0.14010086936317379,0.6245510924237617,0.6245510924237617,0.710130366962256,1.3346814593860177,0.2130819964248629,0.19256035911492375,0.5042455415269089,1.710102486636196,3.346125852796055,3.346125852796055,2.5342326707286643e-06,0.24177930482610213,3.5879051576221572,1.3664131649478021e-05,0.11747343200305765,3.15898585039847,True,0.19248490824243755,1.1512254430795148,1.1512254430795148,0.035750267384525816,1.1869757104640406,0.04787421054629161,0.2862230959231572,0.021513542445265224,1.8645486856371745,1.8645486856371745,0.0,0.003446190852312162,0.0001538644480621194,0.007073021056473508,0.4201521086311244,0.5032943552124011,0.0014010086936317378,0.002130819964248629,7.602698012185992e-08,1.366413164947802e-07,0.0011747343200305767,3.15898585039847
2.080299946341843,0.42813329277135936,0.0916925419454746,5475,2.2391832914831276,2.2391832937223106,2.030040508749206,2.030040508749206,0.13434145653821858,2.1643819652874243,0.0,0.06535339669739185,2.1272975558876617,0.0012314953908806562,0.1150926686201072,0.0037570806659224286,2.662966974206761,3.3941595416387655,2.842324494121154,0.007233617921070165,0.11260163850920346,0.15129370927951677,-0.15129370927951677,0.37853848277213403,0.22724477349261726,0.10090096824136688,0.42722817510784317,0.42722817510784317,0.710130366962256,1.1373585420700991,0.16722926714872924,0.32015764401106844,3.3976690066203474,2.8432767037589195,3.9789015547093145,3.9789015547093145,5.5977820456107895e-06,0.24177930482610213,4.220680859535417,1.4631122975278148e-05,0.1393480027182292,7.585849587469688,True,0.3200504236361297,2.2162069770490787,2.2162069770490787,0.035750267384525816,2.2519572444336045,1.0401499731709214,0.21406664638567968,0.018338508389094923,2.2391832914831276,2.2391832914831276,0.0,0.0032676698348695927,0.0012314953908806562,0.005635620998883643,0.6657417435516902,3.3941595416387655,0.0010090096824136687,0.0016722926714872923,1.6793346136832368e-07,1.4631122975278148e-07,0.001393480027182292,7.585849587469688
2.1446481162060755,0.050656981948070334,0.040599503859711256,5500,1.9689070124543622,1.9689070144232692,2.2550651154130517,2.2550651154130517,0.13434145653821858,2.38940657195127,0.0,0.04717893720776675,1.4972701497701424,0.0,0.0539655704101356,0.0014418582791829045,1.8421538642672508,3.476217488617239,2.8644617155139547,0.004584708160217123,0.11260163850920346,0.1368112563940453,-0.1368112563940453,0.37853848277213403,0.24172722637808874,0.08930288464736899,1.0791226582966744,1.0791226582966744,0.710130366962256,1.7892530252589305,0.11428801904766284,0.3227498644965377,3.483067713581923,2.86629786303846,3.2692279042949277,3.2692279042949277,6.214326607000933e-07,0.24177930482610213,3.51100720912103,8.6333647043022e-06,0.0585508428467448,7.018578673708636,True,0.32254311125837226,1.557748811820082,1.557748811820082,0.035750267384525816,1.5934990792046078,1.0723240581030378,0.025328490974035167,0.00811990077194225,1.9689070124543622,1.9689070124543622,0.0,0.0023589468603883376,0.0,0.0021627874187743566,0.4605384660668127,3.476217488617239,0.0008930288464736899,0.0011428801904766284,1.8642979821002798e-08,8.6333647043022e-08,0.000585508428467448,7.018578673708636
3.1264992960760805,0.6541991485980603,0.10989742438135691,5525,5.432863992713197,5.432863998146061,5.193925886723014,5.193925886723014,0.13434145653821858,5.328267343261233,0.0,0.056306687881463334,1.7588680514114112,0.0,0.07657552121297981,0.0023734588226505824,23.021037668236726,4.70105206974297,3.1681909670836124,0.007852958190263831,0.11260163850920346,0.04267619438058318,-0.04267619438058318,0.37853848277213403,0.33586228839155086,0.08202694052153718,0.9924802997826,0.9924802997826,0.710130366962256,1.702610666744856,0.1728199667631333,0.35722213066048814,4.719501606400023,3.172441393087515,9.27416950015196,9.27416950015196,9.077042179594283e-06,0.24177930482610213,9.515948804978061,1.7335348217078235e-05,0.06966064679837979,17.811125230562315,True,0.3567435256855823,5.797079581514675,5.797079581514675,0.035750267384525816,5.832829848899201,1.5632496480380402,0.32709957429903014,0.021979484876271382,5.432863992713197,5.432863992713197,0.0,0.002815334394073167,0.0,0.0035601882339758736,5.7552594170591815,4.70105206974297,0.0008202694052153719,0.001728199667631333,2.7231126538782845e-07,1.7335348217078236e-07,0.0006966064679837979,17.811125230562315
33.93465402047259,0.19459521899753807,0.06813209505386196,5550,15.553531601067553,15.553531616621083,11.885922840532412,11.885922840532412,0.13434145653821858,12.02026429707063,0.0,0.05769099736907198,2.657940759123832,0.013606147023391746,0.19664539006489604,0.016549840407455527,222.15929763503414,38.754930683193635,7.225345828401314,0.029874025919396995,0.11260163850920346,0.3160207535640246,-0.3160207535640246,0.37853848277213403,0.06251772920810945,0.5381353187606177,0.8472109206658521,0.8472109206658521,0.710130366962256,1.557341287628108,0.2039369154181419,0.815813565894803,39.00164696776985,7.245129859960468,22.044549610200267,22.044549610200267,3.848268165721899e-05,0.24177930482610213,22.28632891502637,3.355244801846766e-05,0.150565834184847,126.97678105995713,True,0.8135858513270842,24.114451351787142,24.114451351787142,0.035750267384525816,24.150201619171668,16.967327010236296,0.09729760949876903,0.013626419010772392,15.553531601067553,15.553531601067553,0.0,0.002884549868453599,0.013606147023391746,0.024824760611183293,55.539824408758534,38.754930683193635,0.005381353187606177,0.002039369154181419,1.1544804497165696e-06,3.355244801846766e-07,0.00150565834184847,126.97678105995713
4.460208798237077,0.0009391863912188159,0.012061273592380874,5575,3.3552654814260108,3.3552654847812766,1.9821300679043732,1.9821300679043732,0.13434145653821858,2.116471524442592,0.0,0.061260380193152365,1.1823683143451904,0.00034557941536206445,0.0985897664149409,0.005024524700952949,7.481792354731292,6.3097453118619615,3.5119206420311055,0.009074783584447844,0.11260163850920346,0.19625115651162772,-0.19625115651162772,0.37853848277213403,0.1822873262605063,0.08050787083083115,0.09766814588337491,0.09766814588337491,0.710130366962256,0.8077985128456309,0.14919993384191255,0.39561416926900894,6.317158908330781,3.513395891683358,3.877180688439153,3.877180688439153,4.023985738157923e-06,0.24177930482610213,4.118959993265255,6.236110082848081e-06,0.08219082180734388,13.782509683825344,True,0.3954480537262027,6.105702996934434,6.105702996934434,0.035750267384525816,6.14145326431896,2.2301043991185385,0.00046959319560940793,0.002412254718476175,3.3552654814260108,3.3552654814260108,0.0,0.0030630190096576186,0.00034557941536206445,0.007536787051429424,1.870448088682823,6.3097453118619615,0.0008050787083083115,0.0014919993384191256,1.2071957214473768e-07,6.236110082848081e-08,0.0008219082180734389,13.782509683825344
5.076328377611788,0.006524049386464892,0.014937036004315039,5600,2.702875384103368,2.702875386806243,3.356424005689697,3.356424005689697,0.13434145653821858,3.490765462227915,0.0,0.04534845538375493,2.450199874462222,0.0,0.0722200321764047,0.0013541391529545363,4.17579425046326,7.038785079358475,3.6530708771833584,0.0024316319358236318,0.11260163850920346,0.26080713384827603,-0.26080713384827603,0.37853848277213403,0.11773134892385798,0.21712387249109466,0.387476106632317,0.387476106632317,0.710130366962256,1.097606473594573,0.13043589825821772,0.41182123313362057,7.0613954598870565,3.657328632270961,3.9828623202845463,3.9828623202845463,2.0231148584688163e-05,0.24177930482610213,4.224641625110649,1.3955941310924895e-05,0.1048556453406985,13.338846178931037,True,0.41134180289180805,3.0299743101923213,3.0299743101923213,0.035750267384525816,3.065724577576847,2.538164188805894,0.003262024693232446,0.0029874072008630077,2.702875384103368,2.702875384103368,0.0,0.0022674227691877468,0.0,0.0020312087294318045,1.043948562615815,7.038785079358475,0.0021712387249109466,0.0013043589825821771,6.069344575406448e-07,1.3955941310924896e-07,0.0010485564534069849,13.338846178931037
3.8481779875559035,0.03134643392778946,0.04248496541085677,5625,1.907632756030317,1.9076327579379497,2.0866475958213426,2.0866475958213426,0.13434145653821858,2.220989052359561,0.0,0.05753480792195662,1.825196899859551,0.00018860350329047478,0.09373329906797616,0.0014593317643232459,1.5875478948934978,5.5775198598182145,3.3616773403278897,0.0031387423899227863,0.11260163850920346,0.17680235604582628,-0.17680235604582628,0.37853848277213403,0.20173612672630775,0.061974654243829336,0.30080660815543425,0.30080660815543425,0.710130366962256,1.0109369751176902,0.1651917816509225,0.3788122190626778,5.589347289959567,3.364180046011633,2.9651025149291925,2.9651025149291925,7.3028651920391015e-06,0.24177930482610213,3.206881819755295,1.2952533228236909e-05,0.07083515261971207,9.838533499438231,True,0.37853041027695494,2.2198285731087437,2.2198285731087437,0.035750267384525816,2.2555788404932695,1.9240889937779517,0.01567321696389473,0.008496993082171354,1.907632756030317,1.907632756030317,0.0,0.002876740396097831,0.00018860350329047478,0.002188997646484869,0.39688697372337445,5.5775198598182145,0.0006197465424382934,0.001651917816509225,2.1908595576117303e-07,1.295253322823691e-07,0.0007083515261971208,9.838533499438231
14.216596736518717,0.06925524030326669,0.05313056213635441,5650,5.867591881399202,5.867591887266793,3.3139963350118866,3.3139963350118866,0.13434145653821858,3.448337791550105,0.0,0.053753518723068563,2.3866729359607204,0.0009083361801571827,0.11013861609558712,0.003546845076673259,27.49779610856869,17.392988937704096,5.170490251481724,0.005840202728330338,0.11260163850920346,0.3456530910771927,-0.3456530910771927,0.37853848277213403,0.03288539169494132,0.22710293512213012,0.503566029054669,0.503566029054669,0.710130366962256,1.213696396016925,0.1600197737134816,0.5833475442442775,17.47767209240156,5.180630585498025,6.472499093247587,6.472499093247587,2.608765721727263e-05,0.24177930482610213,6.71427839807369,2.49902437724115e-05,0.10305407758466864,37.3024010272114,True,0.5822057259176081,10.903866367121495,10.903866367121495,0.035750267384525816,10.93961663450602,7.108298368259359,0.03462762015163334,0.010626112427270884,5.867591881399202,5.867591881399202,0.0,0.0026876759361534283,0.0009083361801571827,0.0053202676150098886,6.874449027142172,17.392988937704096,0.002271029351221301,0.0016001977371348161,7.826297165181789e-07,2.49902437724115e-07,0.0010305407758466865,37.3024010272114
2.8457048061913013,0.08625898931907539,0.06893261013124309,5675,6.1036397217182286,6.103639727821869,6.590917610031865,6.590917610031865,0.13434145653821858,6.725259066570084,0.0,0.03815928085357094,3.183684979344143,6.3310779672864e-06,0.08251616334272766,0.0015856311797296583,30.124795218336594,4.355242162459156,3.0869216953348193,0.001991033759679154,0.11260163850920346,0.17151556911256352,-0.17151556911256352,0.37853848277213403,0.2070229136595705,0.33623416233411035,0.46215765712144663,0.46215765712144663,0.710130366962256,1.1722880240837026,0.13147018149550377,0.34798590204479496,4.369837785665319,3.0904156968568044,10.76989395852217,10.76989395852217,2.745467426440338e-05,0.24177930482610213,11.011673263348271,3.796753802266927e-05,0.19993739496382856,19.480819471136748,True,0.34759247171352575,5.15735121207608,5.15735121207608,0.035750267384525816,5.193101479460606,1.4228524030956506,0.04312949465953769,0.013786522026248619,6.1036397217182286,6.1036397217182286,0.0,0.0019079640426785472,6.3310779672864e-06,0.0023784467695944873,7.5311988045841485,4.355242162459156,0.0033623416233411036,0.0013147018149550376,8.236402279321014e-07,3.796753802266927e-07,0.0019993739496382856,19.480819471136748
1.9796203314539207,0.7152751732900752,0.12023554191325192,5700,1.5979347564050448,1.5979347580029795,1.996357119255148,1.996357119255148,0.13434145653821858,2.1306985757933665,0.0,0.06685998210584138,1.5219770266714483,0.0011947196059990122,0.11456471620018038,0.004859647830304311,0.88378833021925,3.2652121811625565,2.8069898121357952,0.009759914627638611,0.11260163850920346,0.11014499255291638,-0.11014499255291638,0.37853848277213403,0.26839349021921766,0.10097780760349892,0.36455613385180785,0.36455613385180785,0.710130366962256,1.0746865008140638,0.19174534923378408,0.3162670572291244,3.2714858692624516,2.808724929131694,2.3102052271121787,2.3102052271121787,1.1649823158473698e-06,0.24177930482610213,2.551984531938281,8.309343684237577e-06,0.19303428454115404,6.472273763790501,True,0.31607168019502985,1.8164400405957797,1.8164400405957797,0.035750267384525816,1.8521903079803055,0.9898101657269603,0.3576375866450376,0.024047108382650385,1.5979347564050448,1.5979347564050448,0.0,0.003342999105292069,0.0011947196059990122,0.007289471745456467,0.2209470825548125,3.2652121811625565,0.0010097780760349893,0.0019174534923378408,3.4949469475421096e-08,8.309343684237577e-08,0.0019303428454115405,6.472273763790501
3.663340976083242,0.053092925284569326,0.03717317425585894,5725,2.1376015185726307,2.1376015207102324,2.0891653572019413,2.0891653572019413,0.13434145653821858,2.2235068137401597,0.0,0.05588673226078035,1.2915971766408088,0.0,0.05703778819283289,0.0008959702401186286,2.30195574017776,5.354529476788911,3.3139856258820863,0.0027310164309282867,0.11260163850920346,0.16628892425897462,-0.16628892425897462,0.37853848277213403,0.2122495585131594,0.08507496524572833,0.37700575102546174,0.37700575102546174,0.710130366962256,1.0871361179877177,0.1660952693121857,0.37341226134146477,5.364892471011132,3.3162237523631286,3.6686845787180684,3.6686845787180684,3.058613908638698e-06,0.24177930482610213,3.9104638835441707,5.243214824781566e-06,0.037350677712421065,9.940295161227544,True,0.3731602446101273,2.202965623022639,2.202965623022639,0.035750267384525816,2.238715890407165,1.831670488041621,0.026546462642284663,0.007434634851171788,2.1376015185726307,2.1376015185726307,0.0,0.0027943366130390177,0.0,0.001343955360177943,0.57548893504444,5.354529476788911,0.0008507496524572833,0.001660952693121857,9.175841725916094e-08,5.2432148247815665e-08,0.00037350677712421064,9.940295161227544
2.4362832860583974,0.10819519587780047,0.05001238842710161,5750,2.831795811128027,2.831795813959823,2.549532056819743,2.549532056819743,0.13434145653821858,2.683873513357961,0.0,0.04035863539890567,3.768645025629956,0.00048048204083422187,0.10191990056624851,0.002809635451819129,4.7362969684694765,3.844971118575946,2.960859790646936,0.003958082853819286,0.11260163850920346,0.22102690442085274,-0.22102690442085274,0.37853848277213403,0.1575115783512813,0.2311433309063707,0.27778201226258303,0.27778201226258303,0.710130366962256,0.987912379224839,0.09236016383308147,0.3345664133953405,3.8857833309875645,2.971239034462225,3.9948839779787004,3.9948839779787004,1.784998112444485e-05,0.24177930482610213,4.236663282804803,2.9230400054882315e-05,0.2724768253486302,9.155756388467683,True,0.33339769343146003,4.1845083599779,4.1845083599779,0.035750267384525816,4.220258627362426,1.2181416430291987,0.05409759793890023,0.010002477685420322,2.831795811128027,2.831795811128027,0.0,0.0020179317699452835,0.00048048204083422187,0.004214453177728694,1.1840742421173691,3.844971118575946,0.0023114333090637072,0.0009236016383308148,5.354994337333454e-07,2.9230400054882313e-07,0.002724768253486302,9.155756388467683
0.7478928756959637,0.5851635464953564,0.10611017606735475,5775,0.8196093325499375,0.8196093333695469,0.7221843637494277,0.7221843637494277,0.13434145653821858,0.8565258202876463,0.0,0.03420787949102209,1.3843101284825825,5.41301076061061e-08,0.08023265877934457,0.0015060373739223365,0.04180504392590385,1.5997392751557113,2.2648079993246846,0.003943449491893719,0.11260163850920346,0.11136100788470571,-0.11136100788470571,0.37853848277213403,0.2671774748874283,0.039437210845365916,0.07074830335365301,0.07074830335365301,0.710130366962256,0.780878670315909,0.13492319048607584,0.25509606575053334,1.6014235162812256,2.265473633182938,1.096447713070126,1.096447713070126,2.6077376378811862e-06,0.24177930482610213,1.338227017896228,4.932199311291386e-06,0.04939362385637891,3.123757286967799,True,0.25502111428079044,1.2718658960310916,1.2718658960310916,0.035750267384525816,1.3076161634156174,0.37394643784798187,0.2925817732476782,0.02122203521347095,0.8196093325499375,0.8196093325499375,0.0,0.0017103939745511045,5.41301076061061e-08,0.0022590560608835046,0.010451260981475962,1.5997392751557113,0.0003943721084536592,0.0013492319048607584,7.823212913643558e-08,4.932199311291386e-08,0.0004939362385637891,3.123757286967799
3.6663058346955717,0.021642033543218697,0.039343148607675925,5800,3.2787029731896187,3.2787029764683213,4.127829690280189,4.127829690280189,0.13434145653821858,4.262171146818408,0.0,0.06646847018910354,1.9590461460856283,0.0,0.07367980545816555,0.001250994693429388,6.7788195456256926,5.3581138299107565,3.314759994018982,0.003534201966848937,0.11260163850920346,0.07933233000189399,-0.07933233000189399,0.37853848277213403,0.29920615277024004,0.27997554600655106,0.9761118868289985,0.9761118868289985,0.710130366962256,1.6862422537912545,0.23830624108915746,0.37389634707421443,5.3848263077477965,3.3205228522356327,4.409334833631356,4.409334833631356,6.589954839221495e-06,0.24177930482610213,4.651114138457459,8.424644129258645e-06,0.06773570217712355,12.194424625735142,True,0.37324743973889474,4.038460892256512,4.038460892256512,0.035750267384525816,4.074211159641038,1.8331529173477858,0.010821016771609349,0.007868629721535186,3.2787029731896187,3.2787029731896187,0.0,0.003323423509455177,0.0,0.001876492040144082,1.6947048864064231,5.3581138299107565,0.0027997554600655106,0.0023830624108915747,1.9769864517664484e-07,8.424644129258645e-08,0.0006773570217712355,12.194424625735142
1.9723552680370122,0.13941899042645967,0.11654513956842437,5825,1.8455021118371207,1.8455021136826226,1.7635993139735249,1.7635993139735249,0.13434145653821858,1.8979407705117435,0.0,0.022820397708858714,1.6923509895451605,0.0013128873427893921,0.11623378730949047,0.0019165091092517704,1.512857638237137,3.255879798941294,2.804405663630353,0.002273183372915577,0.11260163850920346,0.1373271410525186,-0.1373271410525186,0.37853848277213403,0.24121134171961545,0.07262724390218833,0.18727701420066067,0.18727701420066067,0.710130366962256,0.8974073811629166,0.1422778437550412,0.31587885646686986,3.2590263851770898,2.8052773707043164,3.146219021620482,3.146219021620482,8.062165953903551e-06,0.24177930482610213,3.3879983264465845,7.013399090965619e-06,0.050211671260664295,6.5667726279633785,True,0.31578070081332443,1.9916029127472017,1.9916029127472017,0.035750267384525816,2.0273531801317275,0.9861776340185061,0.06970949521322983,0.023309027913684874,1.8455021118371207,1.8455021118371207,0.0,0.0011410198854429358,0.0013128873427893921,0.0028747636638776558,0.37821440955928426,3.255879798941294,0.0007262724390218833,0.0014227784375504121,2.418649786171065e-07,7.013399090965619e-08,0.000502116712606643,6.5667726279633785
2.2396602677646644,0.07397815027025878,0.053124383507665296,5850,1.7498619515378,1.749861953287662,1.7528416581327106,1.7528416581327106,0.13434145653821858,1.8871831146709293,0.0,0.054803167064491086,1.1806614017623505,0.0,0.06895903338915574,0.002055429668410981,1.2974924611102108,3.5968998308302127,2.8965494538319354,0.0024750789994647505,0.11260163850920346,0.1360579146582424,-0.1360579146582424,0.37853848277213403,0.24248056811389163,0.09534563092779394,0.41717776938336126,0.41717776938336126,0.710130366962256,1.1273081363456172,0.1874340719382533,0.3264989832154345,3.6084546254137213,2.8995932789451855,3.026364769286476,3.026364769286476,1.0525452051037421e-06,0.24177930482610213,3.2681440741125782,6.008009188969118e-06,0.031080941758691784,6.847540984323096,True,0.32615624348990885,1.6988812893036163,1.6988812893036163,0.035750267384525816,1.734631556688142,1.1198301338823322,0.03698907513512939,0.01062487670153306,1.7498619515378,1.7498619515378,0.0,0.0027401583532245546,0.0,0.0030831445026164718,0.3243731152775527,3.5968998308302127,0.0009534563092779394,0.0018743407193825329,3.157635615311226e-08,6.008009188969119e-08,0.00031080941758691784,6.847540984323096
4.613270521470039,0.09409357835436116,0.06600062221304791,5875,2.536369872600993,2.536369875137363,3.0135886505146234,3.0135886505146234,0.13434145653821858,3.147930107052842,0.0,0.049151783728812966,1.7338467924735017,0.0008980317454235547,0.10996717780211468,0.003950796762541351,3.4544104532195568,6.49155255121394,3.5478525371798777,0.006006330722166918,0.11260163850920346,0.07456351633366326,-0.07456351633366326,0.37853848277213403,0.3039749664384708,0.10630219734988755,1.029348473206745,1.029348473206745,0.710130366962256,1.7394788401690011,0.15529955243027063,0.3998436351036628,6.507382663328568,3.5509572053110903,3.360249224465915,3.360249224465915,5.103002110795013e-06,0.24177930482610213,3.602028529292017,7.6221128159671e-06,0.24553479408202966,12.272760622300122,True,0.39949404435401425,3.2753246121913144,3.2753246121913144,0.035750267384525816,3.3110748795758402,2.3066352607350193,0.04704678917718058,0.013200124442609582,2.536369872600993,2.536369872600993,0.0,0.0024575891864406486,0.0008980317454235547,0.005926195143812026,0.8636026133048892,6.49155255121394,0.0010630219734988756,0.0015529955243027064,1.530900633238504e-07,7.6221128159671e-08,0.0024553479408202968,12.272760622300122
4.171243515233734,0.22351215688857518,0.06882943161903524,5900,2.240670549941803,2.2406705521824732,3.6870146035716806,3.6870146035716806,0.13434145653821858,3.821356060109899,0.0,0.055158746251429504,1.9834131545729528,0.0,0.07938998402290968,0.0033036179165827793,2.687498961983631,5.965133306422108,3.442362238985468,0.003807149917031759,0.11260163850920346,0.16992350603451942,-0.16992350603451942,0.37853848277213403,0.20861497673761462,0.19422622878437779,0.335295107709335,0.335295107709335,0.710130366962256,1.045425474671591,0.16242974284935077,0.388154047376462,5.988511597710999,3.4471435588683796,3.049835735924445,3.049835735924445,2.0921466849725902e-05,0.24177930482610213,3.291615040750547,1.3492061953348363e-05,0.2326825591394368,11.102429831304583,True,0.3876156628755963,1.4374112518201028,1.4374112518201028,0.035750267384525816,1.4731615192046286,2.085621757616867,0.11175607844428759,0.013765886323807049,2.240670549941803,2.240670549941803,0.0,0.0027579373125714754,0.0,0.0049554268748741685,0.6718747404959078,5.965133306422108,0.0019422622878437778,0.0016242974284935078,6.276440054917771e-07,1.3492061953348363e-07,0.002326825591394368,11.102429831304583
4.8091547013154425,0.027372887635114584,0.037219135360065755,5925,3.1220863929459046,3.1220863960679908,2.842082258452476,2.842082258452476,0.13434145653821858,2.9764237149906942,0.0,0.044833516637852344,1.4098182834912707,0.000417473947681544,0.10043217922008184,0.003335194299521521,6.182870516002728,6.723537501288664,3.5929784999665277,0.004260357878130285,0.11260163850920346,0.22570854174294078,-0.22570854174294078,0.37853848277213403,0.15282994102919326,0.11677632648318499,0.1445767578199596,0.1445767578199596,0.710130366962256,0.8547071247822156,0.12549683951944254,0.4047624153889308,6.732157909006017,3.5946402272773805,5.111826423585152,5.111826423585152,3.4157891802687637e-06,0.24177930482610213,5.353605728411254,8.294167562603553e-06,0.11427328436257411,13.828276735930402,True,0.40457530215435605,3.8022453352161443,3.8022453352161443,0.035750267384525816,3.83799560260067,2.4045773506577213,0.013686443817557292,0.007443827072013152,3.1220863929459046,3.1220863929459046,0.0,0.002241675831892617,0.000417473947681544,0.005002791449282281,1.545717629000682,6.723537501288664,0.0011677632648318499,0.0012549683951944255,1.0247367540806291e-07,8.294167562603554e-08,0.0011427328436257411,13.828276735930402
0.35297516940063417,0.020793456477196215,0.028782110431201803,5950,1.221482424495083,1.2214824257165655,1.3693980178367307,1.3693980178367307,0.13434145653821858,1.5037394743749493,0.0,0.05057958652628306,2.628117860413461,0.0,0.06524245812261006,0.002555142880133283,0.2961733148892803,0.9882688769293639,1.9941171344109123,0.003562858027990154,0.11260163850920346,0.007945341394008543,-0.007945341394008543,0.37853848277213403,0.3705931413781255,0.06197142790904705,0.5293735684353421,0.5293735684353421,0.710130366962256,1.239503935397598,0.13465446484733806,0.2246762679921005,0.9906609599311351,1.9953195265497081,1.5332024904345378,1.5332024904345378,1.2174701235260772e-05,0.24177930482610213,1.77498179526064,1.1967667615198072e-05,0.14802177365072006,2.4862440204002207,True,0.22454087665511757,1.7186728223645287,1.7186728223645287,0.035750267384525816,1.7544230897490545,0.17648758470031709,0.010396728238598107,0.005756422086240361,1.221482424495083,1.221482424495083,0.0,0.0025289793263141534,0.0,0.0038327143201999244,0.07404332872232007,0.9882688769293639,0.0006197142790904705,0.0013465446484733805,3.6524103705782314e-07,1.1967667615198072e-07,0.0014802177365072005,2.4862440204002207
3.9376511043920575,0.20865865299124886,0.14793945283185314,5975,7.33727147548639,7.337271482823662,4.412152735221778,4.412152735221778,0.13434145653821858,4.546494191759997,0.0,0.048231639692398146,2.0254137139030144,0.004466283303336051,0.14683025739390843,0.007572018204507562,44.98801631527793,5.6851323505209415,3.384351557661106,0.007972501901068709,0.11260163850920346,0.2124945747112914,-0.2124945747112914,0.37853848277213403,0.16604390806084263,0.14988299468939495,1.037987876550647,1.037987876550647,0.710130366962256,1.748118243512903,0.21660432058020143,0.38130717452246743,5.694606223687803,3.386337407762742,7.890752326768118,7.890752326768118,5.785859076341212e-06,0.24177930482610213,8.13253163159422,2.060098784658582e-05,0.1607125386861669,26.395658944804765,True,0.38108356452733105,13.650059605943756,13.650059605943756,0.035750267384525816,13.685809873328282,1.9688255521960287,0.10432932649562443,0.02958789056637063,7.33727147548639,7.33727147548639,0.0,0.0024115819846199076,0.004466283303336051,0.011358027306761342,11.247004078819483,5.6851323505209415,0.0014988299468939495,0.002166043205802014,1.7357577229023635e-07,2.0600987846585823e-07,0.0016071253868616688,26.395658944804765
0.9333487160457106,0.020086841826278623,0.03879162647438068,6000,2.3968181833297724,2.3968181857265907,2.679193074256151,2.679193074256151,0.13434145653821858,2.8135345307943695,0.0,0.04462100248292045,1.580967308556985,0.0,0.0499804296270897,0.0009184695844040812,2.9825095812348836,1.866228511530917,2.366099744356508,0.004273932266035205,0.11260163850920346,0.19740897710569377,0.19740897710569377,0.37853848277213403,0.5759474598778278,0.1013986144593356,1.6327126523389333,1.6327126523389333,0.710130366962256,2.3428430193011893,0.1285845202515025,0.266864180036533,1.8768579778578527,2.369984663365927,3.1703946984336104,3.1703946984336104,1.9321512114043948e-06,0.24177930482610213,3.4121740032597128,1.2181554798590953e-05,0.058824538853325385,5.499647205416759,True,0.2664267317517477,2.9647070841486025,2.9647070841486025,0.035750267384525816,3.0004573515331283,0.4666743580228553,0.010043420913139312,0.007758325294876137,2.3968181833297724,2.3968181833297724,0.0,0.0022310501241460225,0.0,0.0013777043766061217,0.7456273953087209,1.866228511530917,0.0010139861445933559,0.001285845202515025,5.796453634213184e-08,1.2181554798590954e-07,0.0005882453885332539,5.499647205416759
2.7541232506461073,0.1644495522679601,0.13486800755861528,6025,3.3634473888297687,3.363447392193216,2.1179458246367746,2.1179458246367746,0.13434145653821858,2.252287281174993,0.0,0.023561160171511275,1.2371476401817936,0.002966807663393192,0.13446840977477856,0.0020525240399760897,7.452384208915392,4.241767359740675,3.0595551363682096,0.002244441583008177,0.11260163850920346,0.1790635531368496,-0.1790635531368496,0.37853848277213403,0.19947492963528443,0.07277926592119141,0.7333951568530727,0.7333951568530727,0.710130366962256,1.4435255238153286,0.17174203367230945,0.3446412478200365,4.246535081897916,3.0607122753790534,4.986788983119383,4.986788983119383,4.235097638786293e-06,0.24177930482610213,5.228568287945485,7.293853618163428e-06,0.032666547446926854,10.964566533961852,True,0.3445109520598612,5.161414603559957,5.161414603559957,0.035750267384525816,5.1971648709444835,1.3770616253230537,0.08222477613398005,0.026973601511723056,3.3634473888297687,3.3634473888297687,0.0,0.001178058008575564,0.002966807663393192,0.0030787860599641344,1.863096052228848,4.241767359740675,0.0007277926592119141,0.0017174203367230946,1.2705292916358877e-07,7.293853618163428e-08,0.0003266654744692685,10.964566533961852
0.46604738682867086,0.1247261482146872,0.06460023202022065,6050,2.507214244592466,2.5072142470996805,2.704481844960965,2.704481844960965,0.13434145653821858,2.8388233014991835,0.0,0.04630212334139894,1.5702781510675794,0.0,0.05380735475020889,0.0006286623676163923,3.5455071402676475,1.1721886941570483,2.082676634160472,0.0016328133685856818,0.11260163850920346,0.2926519155774426,0.2926519155774426,0.37853848277213403,0.6711903983495766,0.1065068342391342,1.234996180464449,1.234996180464449,0.710130366962256,1.945126547426705,0.22055976443986441,0.2346773931976105,1.1753555626902061,2.084138165867343,4.229642350029076,4.229642350029076,1.843887190568315e-06,0.24177930482610213,4.471421654855178,1.2707817643204027e-05,0.0734088047130699,4.881349573889356,True,0.23451282231806836,2.14840853562869,2.14840853562869,0.035750267384525816,2.184158803013216,0.23302369341433543,0.0623630741073436,0.01292004640404413,2.507214244592466,2.507214244592466,0.0,0.002315106167069947,0.0,0.0009429935514245884,0.8863767850669119,1.1721886941570483,0.001065068342391342,0.0022055976443986444,5.5316615717049446e-08,1.2707817643204027e-07,0.000734088047130699,4.881349573889356
1.0055351433625357,1.175125181973602e-05,0.022534596016670915,6075,1.6395300214952875,1.6395300231348173,1.399081482077409,1.399081482077409,0.13434145653821858,1.5334229386156275,0.0,0.043600739745788056,2.4048263877240323,0.0,0.04583403113531673,0.0008667381420691507,0.9735281825238957,1.967746145376359,2.4027637525172794,0.003326718042499284,0.11260163850920346,0.08468683342985683,-0.08468683342985683,0.37853848277213403,0.2938516493422772,0.03767501952239971,0.40019417751320685,0.40019417751320685,0.710130366962256,1.1103245444754628,0.15185134964594765,0.27066701221663647,1.9705339993143451,2.403757101251618,2.0038574741326327,2.0038574741326327,5.398719537693441e-06,0.24177930482610213,2.245636778958735,1.2201360259993894e-05,0.15931289230031984,4.364907399803402,True,0.2705551595116054,2.7018683302857847,2.7018683302857847,0.035750267384525816,2.7376185976703105,0.5027675716812678,5.87562590986801e-06,0.0045069192033341835,1.6395300214952875,1.6395300214952875,0.0,0.002180036987289403,0.0,0.001300107213103726,0.24338204563097393,1.967746145376359,0.0003767501952239971,0.0015185134964594766,1.6196158613080323e-07,1.2201360259993894e-07,0.0015931289230031985,4.364907399803402
1.4619200281511082,0.022819821692390385,0.02315726320164142,6100,3.1548409155649595,3.1548409187198003,2.392346878139578,2.392346878139578,0.13434145653821858,2.526688334677796,0.0,0.04507854591555464,2.54422531436518,0.0,0.07798039157511402,0.0014657263040594466,6.287898977305474,2.589199107846678,2.6090988496194627,0.0021397513293837005,0.11260163850920346,0.20818829607027878,-0.20818829607027878,0.37853848277213403,0.17035018670185526,0.08981331847304336,0.40918087896126065,0.40918087896126065,0.710130366962256,1.1193112459235166,0.11611983630521348,0.29415758950463583,2.5997490733887343,2.612373738743203,4.146779147144017,4.146779147144017,3.3843855152151356e-06,0.24177930482610213,4.38855845197012,1.979282792681388e-05,0.15345621123103562,8.071062855171888,True,0.2937888315906178,5.160933430425466,5.160933430425466,0.035750267384525816,5.196683697809992,0.7309600140755541,0.011409910846195193,0.004631452640328284,3.1548409155649595,3.1548409155649595,0.0,0.002253927295777732,0.0,0.00219858945608917,1.5719747443263685,2.589199107846678,0.0008981331847304336,0.0011611983630521348,1.0153156545645406e-07,1.9792827926813882e-07,0.0015345621123103563,8.071062855171888
3.5748943977813163,0.634255433190329,0.10987976218491784,6125,2.9201310968587557,2.920131099778887,2.727444233105741,2.727444233105741,0.13434145653821858,2.8617856896439595,0.0,0.0676294320528384,1.7408735159918487,0.002016311460701933,0.12490335689791948,0.003969960077609394,5.130410222460823,5.247485689102287,3.2907391141512137,0.007916136531165865,0.11260163850920346,0.14944471865419195,-0.14944471865419195,0.37853848277213403,0.22909376411794208,0.15672769617556553,0.6705217571133285,0.6705217571133285,0.710130366962256,1.3806521240755845,0.19159554129793205,0.3709764291812758,5.265149952855685,3.294591456633552,4.462862548414498,4.462862548414498,6.083455274736679e-06,0.24177930482610213,4.7046418532406005,1.7012760111569538e-05,0.09312261257509397,11.59253774381056,True,0.3705426490671425,3.8480905496155855,3.8480905496155855,0.035750267384525816,3.8838408170001113,1.7874471988906582,0.3171277165951645,0.021975952436983567,2.9201310968587557,2.9201310968587557,0.0,0.0033814716026419204,0.002016311460701933,0.005954940116414092,1.2826025556152056,5.247485689102287,0.0015672769617556554,0.0019159554129793204,1.8250365824210037e-07,1.701276011156954e-07,0.0009312261257509397,11.59253774381056
2.627851064965505,0.22347178084846564,0.06864883402274581,6150,3.8929421176900805,3.8929421215830224,2.560821653446921,2.560821653446921,0.13434145653821858,2.695163109985139,0.0,0.05957577735423937,1.873944403961974,0.000375069039005229,0.09936669922844957,0.004941195675903301,10.735774455866906,4.084702899824801,3.02106479357412,0.00856056733688566,0.11260163850920346,0.1885662221630027,-0.1885662221630027,0.37853848277213403,0.18997226060913133,0.08728077636347785,0.3002088933430519,0.3002088933430519,0.710130366962256,1.0103392603053079,0.15089455006673913,0.3405324643402863,4.097477642070751,3.0242227254111023,6.561314158784237,6.561314158784237,1.4881319405889116e-05,0.24177930482610213,6.803093463610339,1.421654930167675e-05,0.0756544494549703,12.114884358977644,True,0.34017687600956237,5.103004818650323,5.103004818650323,0.035750267384525816,5.138755086034849,1.3139255324827526,0.11173589042423282,0.013729766804549163,3.8929421176900805,3.8929421176900805,0.0,0.0029787888677119687,0.000375069039005229,0.0074117935138549515,2.6839436139667265,4.084702899824801,0.0008728077636347785,0.0015089455006673913,4.464395821766735e-07,1.421654930167675e-07,0.000756544494549703,12.114884358977644
3.3578392934379444,0.11444442590025727,0.05430793295737282,6175,4.851583208131732,4.851583212983315,3.8374002342830194,3.8374002342830194,0.13434145653821858,3.9717416908212377,0.0,0.06459227730595442,2.586032170578634,0.00010033933855612869,0.09001695255834471,0.0027033249255115866,17.658185265040043,4.98379193516969,3.232440802164682,0.006050272919524402,0.11260163850920346,0.01062212260299017,0.01062212260299017,0.37853848277213403,0.3891606053751242,0.2962093689736284,0.5944510078436879,0.5944510078436879,0.710130366962256,1.3045813748059438,0.19043105237810215,0.3652522186309338,5.034438822296128,3.2437555174965316,5.5103587273210906,5.5103587273210906,1.8856721447453946e-05,0.24177930482610213,5.752138032147193,1.315012198763543e-05,0.13611670987713004,16.01053811492928,True,0.3639781630321552,8.499771742255993,8.499771742255993,0.035750267384525816,8.535522009640518,1.6789196467189722,0.05722221295012864,0.010861586591474565,4.851583208131732,4.851583208131732,0.0,0.003229613865297721,0.00010033933855612869,0.0040549873882673795,4.414546316260011,4.98379193516969,0.002962093689736284,0.0019043105237810216,5.657016434236184e-07,1.315012198763543e-07,0.0013611670987713003,16.01053811492928
5.0464825145517285,0.09198049907422856,0.06457065592762178,6200,6.862094678989652,6.862094685851747,4.289331667513475,4.289331667513475,0.13434145653821858,4.423673124051694,0.0,0.055453822710270086,1.8011954109405646,0.0015104723232898787,0.11886479542323462,0.0039687712759104935,38.78127921438579,7.0036327056356855,3.646437738854947,0.005202043520851765,0.11260163850920346,0.1533008424297743,-0.1533008424297743,0.37853848277213403,0.22523764034235974,0.10768890515163966,0.6732852656694753,0.6732852656694753,0.710130366962256,1.3834156326317313,0.17637512334925212,0.4109347092021961,7.019614622537839,3.6494555332252396,9.798600769991525,9.798600769991525,6.26793650984359e-06,0.24177930482610213,10.040380074817627,1.8881220530709512e-05,0.17154821759554884,26.157985645904226,True,0.4105949005812394,10.979706735022761,10.979706735022761,0.035750267384525816,11.015457002407286,2.5232412572758642,0.04599024953711428,0.012914131185524355,6.862094678989652,6.862094678989652,0.0,0.0027726911355135044,0.0015104723232898787,0.00595315691386574,9.695319803596448,7.0036327056356855,0.0010768890515163965,0.0017637512334925214,1.880380952953077e-07,1.8881220530709512e-07,0.0017154821759554884,26.157985645904226
4.114476221191786,0.009147607866894614,0.02783398603606069,6225,1.7177791914902745,1.7177791932080537,2.00957441283604,2.00957441283604,0.13434145653821858,2.1439158693742586,0.0,0.04902520673548067,1.6588313692305532,0.0008641605969301641,0.10939660859572349,0.0022253281130724676,1.093339613699555,5.897209958304175,3.428417171390487,0.005160493292422711,0.11260163850920346,0.20528306792647774,-0.20528306792647774,0.37853848277213403,0.1732554148456563,0.0627022935191052,0.09683916852319907,-0.09683916852319907,0.710130366962256,0.6132911984390569,0.12923136304458516,0.3861146704354591,5.900197080221155,3.4290321282809653,1.9779605466942638,1.9779605466942638,5.7656566229886265e-06,0.24177930482610213,2.219739851520366,6.920145109838588e-06,0.09408981131917872,9.965216654909183,True,0.3860454252758292,2.5983822997300843,2.5983822997300843,0.035750267384525816,2.63413256711461,2.057238110595893,0.004573803933447307,0.005566797207212138,1.7177791914902745,1.7177791914902745,0.0,0.002451260336774034,0.0008641605969301641,0.0033379921696087013,0.27333490342488875,5.897209958304175,0.000627022935191052,0.0012923136304458516,1.729696986896588e-07,6.920145109838589e-08,0.0009408981131917872,9.965216654909183
1.6439753729948356,0.596485514157351,0.10925991287963624,6250,5.862595697245872,5.862595703108468,3.772405528438422,3.772405528438422,0.13434145653821858,3.9067469849766403,0.0,0.051277280281487335,2.557927873221247,3.56569005329382e-05,0.08597133992776648,0.003201117490200579,27.357992017120893,2.8297161973343443,2.682176030424386,0.005506995791510391,0.11260163850920346,0.1692761179025426,-0.1692761179025426,0.37853848277213403,0.20926236486959143,0.09098883442342984,0.21387652711794103,0.21387652711794103,0.710130366962256,0.924006894080197,0.1715007376313963,0.30225009163707783,2.8366716362656477,2.6842421548772752,8.467646818045901,8.467646818045901,1.6681999962588842e-05,0.24177930482610213,8.709426122872003,1.5068040400168976e-05,0.10442848731120183,16.684963353896435,True,0.3020174426176573,9.265185276691964,9.265185276691964,0.035750267384525816,9.30093554407649,0.8219876864974178,0.2982427570786755,0.02185198257592725,5.862595697245872,5.862595697245872,0.0,0.002563864014074367,3.56569005329382e-05,0.004801676235300869,6.839498004280223,2.8297161973343443,0.0009098883442342984,0.0017150073763139632,5.004599988776652e-07,1.5068040400168976e-07,0.0010442848731120184,16.684963353896435
0.4925971262156504,0.015295106941953351,0.023850372551622052,6275,3.020022080368211,3.020022083388233,4.107703599914953,4.107703599914953,0.13434145653821858,4.242045056453172,0.0,0.03160679576969294,3.5450071562626873,0.0,0.06833332338072456,0.0018028545956191473,6.042668536286665,1.2140792370420026,2.1018526385329404,0.001951535521041984,0.11260163850920346,0.2474382814754083,0.2474382814754083,0.37853848277213403,0.6259767642475423,0.12692295012758617,1.8321379495255092,1.8321379495255092,0.710130366962256,2.5422683164877653,0.07745409416086038,0.23711180026801448,1.222700324573281,2.105757805567422,4.919456195601367,4.919456195601367,8.069164529114969e-05,0.24177930482610213,5.16123550042747,3.393925222387581e-05,0.23395171001544757,6.012155311937841,True,0.23667207202222804,1.0537711451434932,1.0537711451434932,0.035750267384525816,1.089521412528019,0.2462985631078252,0.007647553470976676,0.00477007451032441,3.020022080368211,3.020022080368211,0.0,0.0015803397884846472,0.0,0.002704281893428721,1.5106671340716662,1.2140792370420026,0.0012692295012758617,0.0007745409416086038,2.4207493587344907e-06,3.393925222387581e-07,0.0023395171001544756,6.012155311937841
1.7496999069853783,0.002326928097242442,0.03279029137407675,6300,2.5623140047842297,2.562314007346544,1.3077841625959812,1.3077841625959812,0.13434145653821858,1.4421256191341998,0.0,0.05931714363987817,0.8387542997124737,0.0009570244734594925,0.11093581215128338,0.0036162437741949376,3.8373752055324095,2.967909687922335,2.722762226171196,0.005005896923423033,0.11260163850920346,0.1852709197318499,-0.1852709197318499,0.37853848277213403,0.19326756304028414,0.08109576330251317,0.10212317330360499,0.10212317330360499,0.710130366962256,0.8122535402658609,0.21160287631390232,0.30692290703297276,2.9781812948127113,2.725740795951904,2.9214959744898996,2.9214959744898996,2.8434467038595973e-06,0.24177930482610213,3.163275279316002,2.689189744223272e-06,0.018280917381929093,7.38459612498782,True,0.30658751516546534,4.74732269390865,4.74732269390865,0.035750267384525816,4.783072961293176,0.8748499534926891,0.001163464048621221,0.00655805827481535,2.5623140047842297,2.5623140047842297,0.0,0.0029658571819939084,0.0009570244734594925,0.005424365661292407,0.9593438013831024,2.967909687922335,0.0008109576330251317,0.002116028763139023,8.530340111578791e-08,2.6891897442232723e-08,0.00018280917381929094,7.38459612498782
0.6033531877392436,0.20104056496238187,0.06693551096866902,6325,1.9140019013894973,1.9140019033034994,2.359844182293515,2.359844182293515,0.13434145653821858,2.494185638831733,0.0,0.029827880782811966,2.8707308971073613,4.7479142564077e-05,0.08689051105246026,0.0035123792981501304,1.6465908925648347,1.3847596892767764,2.176758126921916,0.0045919508712473295,0.11260163850920346,0.08311005688070183,-0.08311005688070183,0.37853848277213403,0.2954284258914322,0.0545373721801716,1.149016111406854,1.149016111406854,0.710130366962256,1.8591464783691098,0.10239435535607415,0.2452956450630045,1.3887147611631447,2.178437423524535,2.944658916925282,2.944658916925282,3.6950057437393516e-05,0.24177930482610213,3.1864382217513842,2.2148642621452066e-05,0.14412945544091493,4.1358126762988805,True,0.24510655349721366,1.6583095072053726,1.6583095072053726,0.035750267384525816,1.6940597745898984,0.3016765938696218,0.10052028248119094,0.013387102193733805,1.9140019013894973,1.9140019013894973,0.0,0.0014913940391405984,4.7479142564077e-05,0.005268568947225195,0.4116477231412087,1.3847596892767764,0.000545373721801716,0.0010239435535607415,1.1085017231218055e-06,2.2148642621452066e-07,0.0014412945544091493,4.1358126762988805
0.11582524455367693,0.12510500353585863,0.061116178590645796,6350,2.9774706589179982,2.9774706618954685,3.466973536409363,3.466973536409363,0.13434145653821858,3.6013149929475814,0.0,0.05879866502951055,2.384238885520339,0.0,0.06794463453206381,0.0022228463316775458,5.786010482797295,0.5480901091880127,1.7403310807929198,0.004002719192883628,0.11260163850920346,0.38994619984880347,0.38994619984880347,0.37853848277213403,0.7684846826209375,0.1960803928550627,1.5097790276471135,1.5097790276471135,0.710130366962256,2.2199093946093695,0.21412249945274478,0.19628712870796783,0.5523453823194893,1.7431994229811332,5.284718641275508,5.284718641275508,1.3786143465000091e-05,0.24177930482610213,5.52649794610161,3.019694748797471e-05,0.24813774337202976,5.117610073227802,True,0.1959641486490865,1.395353124314385,1.395353124314385,0.035750267384525816,1.4311033916989109,0.057912622276838466,0.06255250176792931,0.01222323571812916,2.9774706589179982,2.9774706589179982,0.0,0.0029399332514755275,0.0,0.003334269497516319,1.4465026206993237,0.5480901091880127,0.001960803928550627,0.002141224994527448,4.1358430395000274e-07,3.019694748797471e-07,0.002481377433720298,5.117610073227802
2.125780668566227,0.2983543646851512,0.07771792497682531,6375,2.041159845528339,2.0411598475694985,2.0324286817545376,2.0324286817545376,0.13434145653821858,2.166770138292756,0.0,0.06886667495225647,0.920854771420023,0.0004078609451846313,0.10019556746379342,0.005720527542403695,1.8815053841620124,3.4521852415521117,2.8580057162323564,0.011886892234627225,0.11260163850920346,0.1021323187979995,-0.1021323187979995,0.37853848277213403,0.27640616397413453,0.09797051633909291,0.5775299178211398,0.5775299178211398,0.710130366962256,1.2876602847833958,0.19473865224202666,0.32209063955750183,3.461249553738289,2.860443375579673,2.714392827810866,2.714392827810866,2.680341858550031e-06,0.24177930482610213,2.9561721326369685,3.7352435033178574e-06,0.04616924735412084,7.207153422670454,True,0.3218161550964901,2.9981662779169858,2.9981662779169858,0.035750267384525816,3.0339165453015116,1.0628903342831135,0.1491771823425756,0.015543584995365062,2.041159845528339,2.041159845528339,0.0,0.003443333747612824,0.0004078609451846313,0.008580791313605543,0.4703763460405031,3.4521852415521117,0.0009797051633909292,0.0019473865224202667,8.041025575650093e-08,3.735243503317858e-08,0.0004616924735412084,7.207153422670454
0.17959930117913528,0.005146017510220147,0.024853312918471974,6400,1.3685041548138293,1.3685041561823335,1.3687322810190647,1.3687322810190647,0.13434145653821858,1.5030737375572834,0.0,0.05040543977864796,1.9120684549910423,0.0,0.06085372336607008,0.0015394046584047707,0.7364410973704626,0.6786325631972542,1.8237915775226488,0.0022511176557791545,0.11260163850920346,0.27643518927002425,0.27643518927002425,0.37853848277213403,0.6549736720421583,0.045536235251951496,1.0434922421439063,1.0434922421439063,0.710130366962256,1.7536226091061624,0.1461962609246414,0.20551791258958355,0.6809166939339282,1.8251767652654358,2.4497215862397224,2.4497215862397224,3.823391694804495e-06,0.24177930482610213,2.6915008910658247,1.3407488780563223e-05,0.15485878180754936,2.3368858548150913,True,0.20536193816625098,0.569352041331035,0.569352041331035,0.035750267384525816,0.6051023087155608,0.08979965058956764,0.0025730087551100733,0.004970662583694396,1.3685041548138293,1.3685041548138293,0.0,0.0025202719889323984,0.0,0.002309106987607156,0.18411027434261565,0.6786325631972542,0.00045536235251951494,0.0014619626092464142,1.1470175084413485e-07,1.3407488780563223e-07,0.0015485878180754936,2.3368858548150913
1.6088546009492926,0.000309963753724829,0.015395567388787267,6425,3.2996177996554734,3.299617802955091,4.1828385729759985,4.1828385729759985,0.13434145653821858,4.317180029514217,0.0,0.04976536259267647,2.448302966823357,0.0,0.0566623493492129,0.0009066241703851041,7.147821142274443,2.783579659577267,2.6684063232849686,0.0010476464441282693,0.11260163850920346,0.1800055912309095,-0.1800055912309095,0.37853848277213403,0.19853289154122453,0.3054449503304946,1.0630568718734996,1.0630568718734996,0.710130366962256,1.7731872388357555,0.1726207387092115,0.3011601970541501,2.8041610688285092,2.6745629486013685,5.401733255038152,5.401733255038152,2.152068737499497e-05,0.24177930482610213,5.643512559864254,3.5059905793472404e-05,0.2365111806613066,8.688809109932517,True,0.30046695089426995,2.5690534474817945,2.5690534474817945,0.035750267384525816,2.6048037148663203,0.8044273004746463,0.0001549818768624145,0.0030791134777574535,3.2996177996554734,3.2996177996554734,0.0,0.0024882681296338237,0.0,0.0013599362555776562,1.7869552855686108,2.783579659577267,0.003054449503304946,0.0017262073870921149,6.456206212498491e-07,3.5059905793472404e-07,0.0023651118066130663,8.688809109932517
2.520115382812031,0.1333089436277085,0.05643714854510003,6450,1.9914617104076626,1.9914617123991243,2.3008648235283182,2.3008648235283182,0.13434145653821858,2.4352062800665366,0.0,0.04527688195844291,1.9072411016751578,0.0,0.06377626764474827,0.0014549716585600249,1.7364507232831592,3.950105085526072,2.987487128392552,0.0021027503091996407,0.11260163850920346,0.14221655602796723,-0.14221655602796723,0.37853848277213403,0.2363219267441668,0.17900730003580234,0.5342728150828601,0.5342728150828601,0.710130366962256,1.244403182045116,0.15858057514970134,0.336671477291809,3.9598366159814375,2.9899338220105305,2.7061727433115585,2.7061727433115585,9.322959578981023e-06,0.24177930482610213,2.947952048137661,1.0317006701787859e-05,0.2600335005209049,7.724101967885096,True,0.3363959755570277,2.6280365136772432,2.6280365136772432,0.035750267384525816,2.663786781061769,1.2600576914060155,0.06665447181385425,0.011287429709020006,1.9914617104076626,1.9914617104076626,0.0,0.0022638440979221458,0.0,0.002182457487840037,0.4341126808207898,3.950105085526072,0.0017900730003580234,0.0015858057514970133,2.7968878736943065e-07,1.0317006701787858e-07,0.002600335005209049,7.724101967885096
0.4123152839265564,0.646964077496751,0.11470708869150692,6475,1.2650487614487977,1.2650487627138465,1.4295480332069854,1.4295480332069854,0.13434145653821858,1.563889489745204,0.0,0.04837042996575982,1.9495051263792296,0.0001456951321866094,0.09207042386109988,0.003392637405365716,0.4014623173923349,1.0860095331770185,2.042117811563078,0.005488981951438997,0.11260163850920346,0.10578293830933871,-0.10578293830933871,0.37853848277213403,0.2727555444627953,0.0706933301433063,0.175022899306981,-0.175022899306981,0.710130366962256,0.535107467655275,0.1652039625355984,0.23001330047158755,1.0872587204906834,2.042716989643251,1.9761203021800833,1.9761203021800833,5.7379836652951125e-06,0.24177930482610213,2.2178996070061854,1.5505517630364317e-05,0.07370070103599573,3.014754452294213,True,0.22994583203200947,1.4181889108880124,1.4181889108880124,0.035750267384525816,1.4539391782725382,0.2061576419632782,0.3234820387483755,0.022941417738301384,1.2650487614487977,1.2650487614487977,0.0,0.002418521498287991,0.0001456951321866094,0.005088956108048574,0.10036557934808372,1.0860095331770185,0.000706933301433063,0.0016520396253559841,1.7213950995885336e-07,1.5505517630364316e-07,0.0007370070103599573,3.014754452294213
1.5185311531870196,0.06527618688883752,0.0450200078599327,6500,1.5873465208486524,1.5873465224359988,0.9790233708856868,0.9790233708856868,0.13434145653821858,1.1133648274239054,0.0,0.04408373592241387,1.2162752033228352,0.0,0.06440704872863282,0.0019172947851610514,0.9562993597035397,2.6643607216417764,2.6322869605684462,0.003168990985322717,0.11260163850920346,0.22402650265188523,-0.22402650265188523,0.37853848277213403,0.1545119801202488,0.04384180929651369,0.05036699519549437,-0.05036699519549437,0.710130366962256,0.6597633717667616,0.10556549044460206,0.29647618142237575,2.6665741678526382,2.6329648397478245,2.3154318900419146,2.3154318900419146,2.1667385237135673e-06,0.24177930482610213,2.557211194868017,7.2721326351656256e-06,0.03275577617637326,5.298591651482749,True,0.2963998511092877,2.495177068905009,2.495177068905009,0.035750267384525816,2.5309273362895346,0.7592655765935098,0.03263809344441876,0.00900400157198654,1.5873465208486524,1.5873465208486524,0.0,0.0022041867961206936,0.0,0.002875942177741577,0.23907483992588494,2.6643607216417764,0.00043841809296513693,0.0010556549044460207,6.500215571140702e-08,7.272132635165626e-08,0.00032755776176373257,5.298591651482749
1.43975285226021,0.11236354202762533,0.05294804353024599,6525,1.0126779661255247,1.0126779671382027,0.3828630231441681,0.3828630231441681,0.13434145653821858,0.5172044796823867,0.0,0.04690171755395388,0.9710312406781672,0.0,0.07768813534473579,0.0027496095971355932,0.22384740528339858,2.559670466145138,2.5998970173561604,0.004679405319562182,0.11260163850920346,0.3470649195863284,-0.3470649195863284,0.37853848277213403,0.031473563185805645,0.021380211969991424,0.3276311119418889,-0.3276311119418889,0.710130366962256,0.3824992550203671,0.1217341626251381,0.29277415383666333,2.5602804359075857,2.6000876338212184,0.8191811910583646,0.8191811910583646,7.251094859604469e-07,0.24177930482610213,1.0609604958844667,3.2221434944936796e-06,0.020022249845314616,4.423059009934004,True,0.29275269010846483,2.020431934869665,2.020431934869665,0.035750267384525816,2.056182202254191,0.719876426130105,0.056181771013812665,0.010589608706049199,1.0126779661255247,1.0126779661255247,0.0,0.0023450858776976943,0.0,0.00412441439570339,0.055961851320849645,2.559670466145138,0.00021380211969991423,0.001217341626251381,2.1753284578813407e-08,3.2221434944936794e-08,0.00020022249845314617,4.423059009934004
0.098995376388869,0.011275050335664893,0.03701259475340726,6550,0.45838223221973323,0.4583822326781155,0.5224295947478204,0.5224295947478204,0.13434145653821858,0.656771051286039,0.0,0.05384492367542203,0.9728569402994917,0.0,0.04031035341377825,0.0008045270155384138,0.0,0.5107036219607535,1.7146353069648557,0.0012166517587364335,0.11260163850920346,0.049319753785600495,-0.049319753785600495,0.37853848277213403,0.32921872898653354,0.030448509150820136,0.07385654569816702,-0.07385654569816702,0.710130366962256,0.6362738212640889,0.13131034152857207,0.19310384803476888,0.511123672609062,1.7149291381731913,0.7452000389490402,0.7452000389490402,1.6066397274374932e-06,0.24177930482610213,0.9869793437751423,2.375695941165258e-06,0.06505469595394109,1.0377908306229986,True,0.19307076215632685,0.4630640875741818,0.4630640875741818,0.035750267384525816,0.49881435495870763,0.0494976881944345,0.005637525167832447,0.007402518950681453,0.45838223221973323,0.45838223221973323,0.0,0.0026922461837711013,0.0,0.0012067905233076209,0.0,0.5107036219607535,0.00030448509150820136,0.0013131034152857207,4.819919182312479e-08,2.3756959411652582e-08,0.0006505469595394109,1.0377908306229986
8.059876164957634,0.046528777137441635,0.03410384653634138,6575,3.0495753680234525,3.049575371073028,3.0647246700861555,3.0647246700861555,0.13434145653821858,3.199066126624374,0.0,0.038266813908072086,1.2403857580683955,0.0,0.07992759038583232,0.001341800030766356,5.976044760446472,10.491069847929847,4.238992103715266,0.002038116598047477,0.11260163850920346,0.22021995101571526,-0.22021995101571526,0.37853848277213403,0.15831853175641877,0.05239152054655067,1.3015889073149394,1.3015889073149394,0.710130366962256,2.0117192742771954,0.10830062433641509,0.4778283662301978,10.520480681112549,4.243529047366857,5.4517596621580315,5.4517596621580315,2.82403619357221e-06,0.24177930482610213,5.693538966984134,6.8629220850801915e-06,0.028504936639889428,19.10049781132681,True,0.47731749889583536,2.375436484403901,2.375436484403901,0.035750267384525816,2.411186751788427,4.029938082478817,0.023264388568720817,0.006820769307268277,3.0495753680234525,3.0495753680234525,0.0,0.0019133406954036044,0.0,0.002012700046149534,1.494011190111618,10.491069847929847,0.0005239152054655067,0.001083006243364151,8.47210858071663e-08,6.862922085080192e-08,0.0002850493663988943,19.10049781132681
2.078709911596438,0.5241665286699514,0.09879183083448538,6600,4.995182908572953,4.995182913568136,4.479967406112804,4.479967406112804,0.13434145653821858,4.614308862651023,0.0,0.040934020952720016,2.4570888401727804,0.0,0.07342033637272477,0.0024994076243801157,19.33117101427384,3.3921284581014435,2.841773183131257,0.004392194629450691,0.11260163850920346,0.06393815969306815,-0.06393815969306815,0.37853848277213403,0.3146003230790659,0.15424847694894508,1.470509876767288,1.470509876767288,0.710130366962256,2.180640243729544,0.14887225620790615,0.3204259990709718,3.406460572499677,2.845659928724595,9.298698306328964,9.298698306328964,1.6520163722356647e-05,0.24177930482610213,9.540477611155065,2.8981549690016638e-05,0.16872988013490725,14.551815810580477,True,0.3199883451098261,4.007103213310326,4.007103213310326,0.035750267384525816,4.042853480694852,1.039354955798219,0.2620832643349757,0.01975836616689708,4.995182908572953,4.995182908572953,0.0,0.0020467010476360008,0.0,0.0037491114365701735,4.83279275356846,3.3921284581014435,0.0015424847694894509,0.0014887225620790615,4.956049116706994e-07,2.898154969001664e-07,0.0016872988013490724,14.551815810580477
1.5003855463390927,0.2451800930409952,0.07431994967777902,6625,2.106539165747116,2.106539167853655,2.5429771445569656,2.5429771445569656,0.13434145653821858,2.677318601095184,0.0,0.04919838970438569,1.5515185635469568,0.0,0.054702795511946685,0.0013534296700288013,2.366810030399517,2.6403073542692046,2.62490225991264,0.004172065834421151,0.11260163850920346,0.04273525764327091,0.04273525764327091,0.37853848277213403,0.42127374041540494,0.04135829670224744,1.3262147794672954,1.3262147794672954,0.710130366962256,2.0363451464295514,0.1661251834259126,0.2958822464508722,2.6493753339630195,2.627690183653824,3.574494448123264,3.574494448123264,3.050874517064375e-06,0.24177930482610213,3.816273752949366,7.383783924312949e-06,0.04924726639303151,6.233253374061348,True,0.2955683216416969,1.0877136882384957,1.0877136882384957,0.035750267384525816,1.1234639556230215,0.7501927731695464,0.1225900465204976,0.014863989935555806,2.106539165747116,2.106539165747116,0.0,0.0024599194852192845,0.0,0.002030144505043202,0.5917025075998793,2.6403073542692046,0.00041358296702247437,0.001661251834259126,9.152623551193124e-08,7.383783924312949e-08,0.0004924726639303151,6.233253374061348
2.2270388046757774,0.2748766823502692,0.07507179803576,6650,2.4590401821173,2.45904018457634,2.013488916675811,2.013488916675811,0.13434145653821858,2.1478303732140294,0.0,0.04328207158717689,1.1235943725923465,0.0,0.0613211995468793,0.0004128231731076292,3.5182005290772755,3.580900117807456,2.892326641414599,0.0015184373829228801,0.11260163850920346,0.02662873210654998,-0.02662873210654998,0.37853848277213403,0.35190975066558405,0.04669626461988593,0.7569907058091244,0.7569907058091244,0.710130366962256,1.4671210727713804,0.12509729593351085,0.3259652434619257,3.590468681516007,2.894853208434893,4.594885492883544,4.594885492883544,2.927834467743308e-06,0.24177930482610213,4.836664797709647,6.905420340870168e-06,0.04813662662565505,8.1904453324143,True,0.3256807478503716,2.119796881416524,2.119796881416524,0.035750267384525816,2.1555471488010496,1.1135194023378887,0.1374383411751346,0.015014359607152,2.4590401821173,2.4590401821173,0.0,0.0021641035793588444,0.0,0.0006192347596614437,0.8795501322693189,3.580900117807456,0.0004669626461988593,0.0012509729593351085,8.783503403229924e-08,6.905420340870168e-08,0.0004813662662565505,8.1904453324143
1.8323788253177367,0.995108939473696,0.15044023302511794,6675,5.379641251217017,5.379641256596658,5.695237967477034,5.695237967477034,0.13434145653821858,5.829579424015253,0.0,0.06391576809273625,2.7153989883574203,0.0011024030622854989,0.11320245566649399,0.006585979843696105,22.577503907109964,3.075301928868192,2.75365387943807,0.012487299196897145,0.11260163850920346,0.08418515346566119,0.08418515346566119,0.37853848277213403,0.4627236362377952,0.20301058634971464,1.9280207761740717,1.9280207761740717,0.710130366962256,2.638151143136328,0.2285770169550256,0.3107373448850814,3.0962495311083083,2.7596163022398685,9.296098989021106,9.296098989021106,3.1853954449118706e-05,0.24177930482610213,9.537878293847207,2.907414566402721e-05,0.18283476232379337,15.563473717112283,True,0.31006596624849003,4.703738627420775,4.703738627420775,0.035750267384525816,4.7394888948053016,0.9161894126588683,0.497554469736848,0.03008804660502359,5.379641251217017,5.379641251217017,0.0,0.0031957884046368125,0.0011024030622854989,0.009878969765544157,5.644375976777491,3.075301928868192,0.0020301058634971465,0.002285770169550256,9.556186334735612e-07,2.907414566402721e-07,0.0018283476232379336,15.563473717112283
1.5322952700288055,0.09623597471665413,0.07606827195849258,6700,0.9454789805857939,0.945478981531273,0.6161717307316164,0.6161717307316164,0.13434145653821858,0.750513187269835,0.0,0.04186236043307608,1.1326047609619823,7.528075512043262e-06,0.08274373386319506,0.003931185251797238,0.12673576531208766,2.6825825883452805,2.6378591478955937,0.004332880466156414,0.11260163850920346,0.2011711922721344,-0.2011711922721344,0.37853848277213403,0.17736729049999964,0.017546950916977628,0.00877779987276106,-0.00877779987276106,0.710130366962256,0.7013525670894949,0.14289224364441708,0.2971055343529182,2.6848593352570123,2.6385540379422987,1.1108860525376878,1.1108860525376878,8.255178097541173e-07,0.24177930482610213,1.35266535736379,4.702982200494776e-06,0.039773587309125155,4.499224410612448,True,0.2970272885881266,1.6779064934437513,1.6779064934437513,0.035750267384525816,1.7136567608282771,0.7661476350144028,0.04811798735832706,0.015213654391698517,0.9454789805857939,0.9454789805857939,0.0,0.0020931180216538043,7.528075512043262e-06,0.005896777877695857,0.031683941328021915,2.6825825883452805,0.00017546950916977628,0.0014289224364441707,2.4765534292623518e-08,4.702982200494776e-08,0.00039773587309125156,4.499224410612448
2.4131353877668866,0.020898982922604836,0.04817037771280287,6725,3.8572683623986284,3.8572683662558966,4.850743820462268,4.850743820462268,0.13434145653821858,4.985085277000487,0.0,0.035518697923024714,2.5928811407658747,0.002108621496088529,0.1259197288329159,0.006316238440410476,10.289197078914341,3.8158769732024136,2.9534269817944088,0.007249662694526008,0.11260163850920346,0.18256603056432663,-0.18256603056432663,0.37853848277213403,0.1959724522078074,0.1085228760770196,0.559226732655654,0.559226732655654,0.710130366962256,1.26935709961791,0.11028330498138413,0.332857487123144,3.8261796883793804,2.956062291538636,5.9439267963369184,5.9439267963369184,5.946127363870465e-05,0.24177930482610213,6.185706101163021,2.3470657510776877e-05,0.25118026771662616,11.490156663302322,True,0.33256074690161164,3.8969924275772576,3.8969924275772576,0.035750267384525816,3.9327426949617834,1.2065676938834433,0.010449491461302418,0.009634075542560575,3.8572683623986284,3.8572683623986284,0.0,0.0017759348961512357,0.002108621496088529,0.009474357660615714,2.5722992697285854,3.8158769732024136,0.0010852287607701961,0.0011028330498138413,1.7838382091611395e-06,2.3470657510776877e-07,0.0025118026771662615,11.490156663302322
1.7458757252889225,0.009963504770098663,0.02006364611085283,6750,4.909967172241776,4.909967177151744,4.595617469221428,4.595617469221428,0.13434145653821858,4.729958925759647,0.0,0.043050574860319143,3.0003423001532266,0.0,0.05215095887749812,0.0004420841517148713,18.306708060398698,2.9629284506460403,2.7213159066963972,0.0009150025334651697,0.11260163850920346,0.07987707329766564,-0.07987707329766564,0.37853848277213403,0.2986614094744684,0.12547926915728783,1.1448066574490214,1.1448066574490214,0.710130366962256,1.8549370244112775,0.12398930324062567,0.3069949102371177,2.9803887560662137,2.7263802466624245,8.487253141710962,8.487253141710962,9.446087317069335e-06,0.24177930482610213,8.729032446537063,3.45263621649578e-05,0.2097098501445268,13.338913050081425,True,0.306424657208332,5.105757530363479,5.105757530363479,0.035750267384525816,5.141507797748005,0.8729378626444613,0.004981752385049332,0.004012729222170566,4.909967172241776,4.909967172241776,0.0,0.0021525287430159573,0.0,0.0006631262275723069,4.5766770150996745,2.9629284506460403,0.0012547926915728782,0.0012398930324062567,2.8338261951208003e-07,3.4526362164957804e-07,0.002097098501445268,13.338913050081425
10.57118629528651,0.14440659794132182,0.12648807367452683,6775,4.242632022327209,4.242632026569841,3.430322556319124,3.430322556319124,0.13434145653821858,3.5646640128573424,0.0,0.0519191755542736,2.3948945982783165,0.02898654544040299,0.2502543551290333,0.017446184091683827,12.901540187532836,13.33225515807799,4.651336078489351,0.018710421015350396,0.11260163850920346,0.3610789016043141,-0.3610789016043141,0.37853848277213403,0.017459581167819954,0.15834713633282935,0.13089697793357824,-0.13089697793357824,0.710130366962256,0.5792333890286777,0.14383006036279347,0.5252615805222272,13.430590485402282,4.664777003502707,5.164009268281375,5.164009268281375,9.154638090090097e-06,0.24177930482610213,5.405788573107477,1.205133150983203e-05,0.1879775833404551,26.246020011945692,True,0.5237481102082346,7.170635676777683,7.170635676777683,0.035750267384525816,7.206385944162209,5.285593147643255,0.07220329897066091,0.02529761473490537,4.242632022327209,4.242632022327209,0.0,0.00259595877771368,0.02898654544040299,0.02616927613752574,3.225385046883209,13.33225515807799,0.0015834713633282936,0.0014383006036279347,2.746391427027029e-07,1.205133150983203e-07,0.001879775833404551,26.246020011945692
1.0911153876319035,0.19484118719005694,0.06594063638691834,6800,2.483854607302142,2.4838546097859964,1.2689200227918382,1.2689200227918382,0.13434145653821858,1.4032614793300568,0.0,0.02416545765811607,2.6351386318095873,0.0,0.054103686047181535,0.0011685021148609303,3.5520258621753884,2.0867671381143746,2.444564688103089,0.0037483634890635893,0.11260163850920346,0.1582474376024386,-0.1582474376024386,0.37853848277213403,0.22029104516969544,0.03889247465222767,0.05442559092369759,-0.05442559092369759,0.710130366962256,0.6557047760385584,0.07874328239644321,0.2753459102844953,2.088920307301965,2.4453097617126804,2.6838024895995476,2.6838024895995476,2.0168751694962136e-05,0.24177930482610213,2.92558179442565,1.1917729223683402e-05,0.23046111473201397,6.121237344661574,True,0.2752620137677946,4.6911310351447035,4.6911310351447035,0.035750267384525816,4.72688130252923,0.5455576938159518,0.09742059359502847,0.013188127277383669,2.483854607302142,2.483854607302142,0.0,0.0012082728829058036,0.0,0.0017527531722913955,0.8880064655438471,2.0867671381143746,0.00038892474652227674,0.0007874328239644321,6.05062550848864e-07,1.1917729223683402e-07,0.00230461114732014,6.121237344661574
1.3450748240461057,0.037552073049344825,0.03879033615129855,6825,1.5535181749652331,1.5535181765187513,1.6870956715320862,1.6870956715320862,0.13434145653821858,1.8214371280703048,0.0,0.045829191022712844,1.9928060209680702,0.0,0.05210185128766473,0.001054792799560824,0.9691455157106651,2.4328937112161757,2.5597736089625878,0.0016215774918406096,0.11260163850920346,0.005002920035149516,0.005002920035149516,0.37853848277213403,0.38354140280728355,0.08296649635838842,0.9091385688752026,0.9091385688752026,0.710130366962256,1.6192689358374586,0.12372224039484568,0.28845913555608593,2.439114727027191,2.561766540500593,2.7027391334877047,2.7027391334877047,1.1723721947815455e-05,0.24177930482610213,2.944518438313807,1.3202044135749822e-05,0.0708529629233135,4.934419330366403,True,0.28823472817954054,1.0437648339818855,1.0437648339818855,0.035750267384525816,1.0795151013664113,0.6725374120230528,0.018776036524672413,0.007758067230259711,1.5535181749652331,1.5535181749652331,0.0,0.0022914595511356424,0.0,0.001582189199341236,0.24228637892766627,2.4328937112161757,0.0008296649635838842,0.0012372224039484568,3.5171165843446363e-07,1.3202044135749822e-07,0.0007085296292331351,4.934419330366403
3.769775398313888,0.06757017902630869,0.04109930407605521,6850,3.2330910941886057,3.2330910974216964,2.228312048870664,2.228312048870664,0.13434145653821858,2.362653505408882,0.0,0.03837549201747951,1.4626155633409725,0.0,0.07232670909941079,0.002738649777660821,6.8468524376681685,5.483048154439124,3.3415909451565455,0.004006808660964573,0.11260163850920346,0.25044520162923406,-0.25044520162923406,0.37853848277213403,0.12809328114289997,0.10585157390071218,0.0389619305728075,0.0389619305728075,0.710130366962256,0.7490922975350635,0.1017363907870765,0.3764741477014384,5.491598318022352,3.3434159507057966,5.427050997266534,5.427050997266534,6.535070592066133e-06,0.24177930482610213,5.668830302092636,1.072092924049284e-05,0.044538604823647604,12.36329332575397,True,0.3762686490680543,4.216858104799145,4.216858104799145,0.035750267384525816,4.252608372183671,1.884887699156944,0.03378508951315434,0.008219860815211042,3.2330910941886057,3.2330910941886057,0.0,0.0019187746008739754,0.0,0.0041079746664912315,1.7117131094170421,5.483048154439124,0.0010585157390071219,0.001017363907870765,1.96052117761984e-07,1.072092924049284e-07,0.00044538604823647605,12.36329332575397
0.12506321672694773,0.5668848773140862,0.10702213933050055,6875,0.887890904476204,0.8878909053640949,0.961586498687053,0.961586498687053,0.13434145653821858,1.0959279552252716,0.0,0.02632976864893003,1.5385518782042644,3.94442384991187e-05,0.08628046483145306,0.002218716146615063,0.0729025481154636,0.567977441723229,1.7536427812453517,0.0028045343841324086,0.11260163850920346,0.17697763201923694,0.17697763201923694,0.37853848277213403,0.555516114791371,0.04374945163960438,0.5270480398487188,0.5270480398487188,0.710130366962256,1.2371784068109748,0.11537538769124163,0.19754834716509512,0.5691195612670861,1.7544001333954589,1.3036141274221542,1.3036141274221542,2.29774261022656e-06,0.24177930482610213,1.5453934322482563,9.934972031272786e-06,0.05062571224836563,1.848254138803575,True,0.19746306806449104,1.0042869076742944,1.0042869076742944,0.035750267384525816,1.0400371750588202,0.06253160836347386,0.2834424386570431,0.021404427866100112,0.887890904476204,0.887890904476204,0.0,0.0013164884324465016,3.94442384991187e-05,0.0033280742199225943,0.0182256370288659,0.567977441723229,0.0004374945163960438,0.0011537538769124164,6.893227830679679e-08,9.934972031272786e-08,0.0005062571224836563,1.848254138803575
4.420192868173952,0.29581823073921487,0.07823061057128114,6900,7.9154301862956,7.91543019421103,6.2476121970508975,6.2476121970508975,0.13434145653821858,6.381953653589116,0.0,0.05308795791363149,2.2644743625022623,0.001109359913120373,0.11330705500521433,0.0035028291828642227,52.743135010341135,6.262133246317996,3.5024254726800548,0.00503768534311405,0.11260163850920346,0.11566531216676668,-0.11566531216676668,0.37853848277213403,0.26287317060536736,0.33307122715459525,1.3322029552815122,1.3322029552815122,0.710130366962256,2.0423333222437683,0.16270012719999302,0.39512316174708295,6.295258238703758,3.5090353203380293,11.452365822095523,11.452365822095523,9.089168485172114e-06,0.24177930482610213,11.694145126921624,2.5111757828000715e-05,0.15714300716008317,29.75254652576059,True,0.3943788820044003,11.886660234514913,11.886660234514913,0.035750267384525816,11.922410501899439,2.210096434086976,0.14790911536960744,0.015646122114256228,7.9154301862956,7.9154301862956,0.0,0.0026543978956815747,0.001109359913120373,0.005254243774296334,13.185783752585284,6.262133246317996,0.0033307122715459524,0.0016270012719999303,2.7267505455516343e-07,2.5111757828000717e-07,0.0015714300716008318,29.75254652576059
0.23004290580294404,0.009535276572538165,0.0163036429783369,6925,1.146190987230258,1.146190988376449,1.3036111390853053,1.3036111390853053,0.13434145653821858,1.437952595623524,0.0,0.039105647159213046,1.7012294208346515,0.0,0.05021658878150863,0.0005539578806453081,0.43198036936470185,0.7737452119126208,1.879627882637096,0.0006858634114125076,0.11260163850920346,0.13010912177469985,0.13010912177469985,0.37853848277213403,0.5086476045468339,0.09461466034638363,0.3290787865146615,0.3290787865146615,0.710130366962256,1.0392091534769174,0.1322194905567276,0.21176683138474717,0.7755841708062118,1.8806725673064943,2.1605623130023606,2.1605623130023606,9.354085547478522e-06,0.24177930482610213,2.402341617828463,8.477003092157883e-06,0.15631143199825398,2.1575991516680024,True,0.21164919816880062,0.27589158660706387,0.27589158660706387,0.035750267384525816,0.31164185399158967,0.11502145290147202,0.0047676382862690825,0.0032607285956673805,1.146190987230258,1.146190987230258,0.0,0.0019552823579606525,0.0,0.0008309368209679621,0.10799509234117546,0.7737452119126208,0.0009461466034638363,0.001322194905567276,2.8062256642435564e-07,8.477003092157883e-08,0.0015631143199825398,2.1575991516680024
0.5838855822216986,3.380885629888919e-05,0.013869499206959157,6950,1.0244424417321534,1.0244424427565957,1.076412860817259,1.076412860817259,0.13434145653821858,1.2107543173554776,0.0,0.03370487303844048,1.929678507138286,0.0,0.05319613088504557,0.0006750339517331923,0.23317893701376163,1.355184831871072,2.164124062061717,0.00131229360545188,0.11260163850920346,0.08364571140213589,0.08364571140213589,0.37853848277213403,0.4621841941742699,0.032321895546419344,0.7246697586148009,0.7246697586148009,0.710130366962256,1.4348001255770568,0.10872912955688474,0.24382204489859682,1.3580419741042558,2.165350579913296,1.7238428539829274,1.7238428539829274,1.1522861897769104e-05,0.24177930482610213,1.9656221588090295,1.1224259792089592e-05,0.059420362096537394,2.7373585696170317,True,0.24368393696658303,0.7648332474192668,0.7648332474192668,0.035750267384525816,0.8005835148037926,0.2919427911108493,1.6904428149444595e-05,0.0027738998413918315,1.0244424417321534,1.0244424417321534,0.0,0.0016852436519220243,0.0,0.0010125509275997883,0.05829473425344041,1.355184831871072,0.00032321895546419345,0.0010872912955688474,3.456858569330731e-07,1.1224259792089593e-07,0.0005942036209653739,2.7373585696170317
2.1756782140266058,0.018070353356375857,0.03025124735847775,6975,1.603487442072497,1.6034874436759845,1.6619647653635639,1.6619647653635639,0.13434145653821858,1.7963062219017825,0.0,0.04247660075488845,2.162325131069657,0.0,0.07246342618358441,0.0015601235760002374,0.9593083609804239,3.5156926448608337,2.8750180385427853,0.0023982655705375557,0.11260163850920346,0.17836201758418693,-0.17836201758418693,0.37853848277213403,0.2001764651879471,0.14921559373645157,0.24140710947310684,0.24140710947310684,0.710130366962256,0.9515374764353628,0.1341708377771523,0.32405846042198594,3.526580996228127,2.877919326336498,2.6516822366266752,2.6516822366266752,5.289597937145248e-06,0.24177930482610213,2.8934615414527776,9.539934351154354e-06,0.09622840641131133,6.470192128209899,True,0.32373177063361425,1.7240139045148215,1.7240139045148215,0.035750267384525816,1.7597641718993473,1.0878391070133029,0.009035176678187928,0.00605024947169555,1.603487442072497,1.603487442072497,0.0,0.0021238300377444223,0.0,0.002340185364000356,0.23982709024510598,3.5156926448608337,0.0014921559373645159,0.001341708377771523,1.5868793811435743e-07,9.539934351154355e-08,0.0009622840641131134,6.470192128209899
1.4604101791043662,0.0007727984277385858,0.031743840739237354,7000,1.5800071035112906,1.5800071050912976,1.5317053366525235,1.5317053366525235,0.13434145653821858,1.6660467931907421,0.0,0.04546087404784872,0.9493453198169333,0.0,0.06262652228818304,0.0020730462106898725,0.9912598660211567,2.5871896341130016,2.6084743187607944,0.00315070657947394,0.11260163850920346,0.41340811332968425,0.41340811332968425,0.37853848277213403,0.7919465961018183,0.06587281881770736,0.9519195882842165,0.9519195882842165,0.710130366962256,1.6620499552464725,0.20385946235047872,0.2939403612818612,2.593531694677462,2.610444564298151,2.763885158249805,2.763885158249805,1.9891751812153747e-06,0.24177930482610213,3.0056644630759073,4.954375726399594e-06,0.03416387741731266,5.160373644866777,True,0.2937185083863869,1.1915841068281936,1.1915841068281936,0.035750267384525816,1.2273343742127194,0.7302050895521831,0.0003863992138692929,0.0063487681478474715,1.5800071035112906,1.5800071035112906,0.0,0.002273043702392436,0.0,0.003109569316034809,0.24781496650528917,2.5871896341130016,0.0006587281881770736,0.002038594623504787,5.967525543646124e-08,4.9543757263995945e-08,0.0003416387741731266,5.160373644866777
1.7042498573491491,0.03398026013812372,0.0289006916240857,7025,4.078814313328806,4.078814317407621,3.663741116140897,3.663741116140897,0.13434145653821858,3.798082572679115,0.0,0.029946814509089852,2.592131378990785,0.0,0.05354438705436018,0.0003126032466982766,11.866201766642549,2.9086252250706663,2.705469209651897,0.0005505380288721567,0.11260163850920346,0.046355448102780916,-0.046355448102780916,0.37853848277213403,0.3321830346693531,0.0823072070972286,0.7979795183168047,0.7979795183168047,0.710130366962256,1.5081098852790606,0.12221865418263146,0.3050090583387338,2.919806620512497,2.7087441647340005,6.918421197129861,6.918421197129861,2.647340443213404e-06,0.24177930482610213,7.160200501955964,2.0731795938074115e-05,0.30788561361210115,10.835975824211156,True,0.3046402929976954,4.610548797402311,4.610548797402311,0.035750267384525816,4.646299064786837,0.8521249286745746,0.01699013006906186,0.00578013832481714,4.078814313328806,4.078814313328806,0.0,0.0014973407254544927,0.0,0.0004689048700474149,2.966550441660637,2.9086252250706663,0.000823072070972286,0.0012221865418263146,7.942021329640212e-08,2.0731795938074116e-07,0.0030788561361210116,10.835975824211156
0.3405902016648443,0.015488825202816692,0.020189268421052776,7050,1.5479877528951815,1.5479877544431693,1.5875886027362776,1.5875886027362776,0.13434145653821858,1.7219300592744962,0.0,0.029304323082066163,2.15770634277208,0.0,0.06543171558524223,0.0008647350991335056,1.0956617498570802,0.9674710527023442,1.983601063796875,0.001159468102632954,0.11260163850920346,0.011885580431969467,-0.011885580431969467,0.37853848277213403,0.36665290234016457,0.044977167498130494,0.09369750442315228,0.09369750442315228,0.710130366962256,0.8038278713854082,0.13348585242127006,0.22346100000339153,0.9692932089987885,1.9845268960261007,2.984681056105869,2.984681056105869,2.044989622694193e-05,0.24177930482610213,3.2264603609319713,1.967197813984027e-05,0.08102946377833725,2.9768096640362858,True,0.2233567497681378,0.7373271810786062,0.7373271810786062,0.035750267384525816,0.773077448463132,0.17029510083242216,0.007744412601408346,0.0040378536842105555,1.5479877528951815,1.5479877528951815,0.0,0.0014652161541033083,0.0,0.0012971026487002585,0.27391543746427005,0.9674710527023442,0.00044977167498130497,0.0013348585242127006,6.134968868082579e-07,1.9671978139840272e-07,0.0008102946377833726,2.9768096640362858
0.2715967785392815,0.7373099778219279,0.11849932707907063,7075,1.5137852337450615,1.5137852352588468,1.484640340596122,1.484640340596122,0.13434145653821858,1.6189817971343405,0.0,0.045754073931647876,1.192874084479991,7.83189029015178e-06,0.08279855146283784,0.004042474840358307,0.810724634916047,0.8485163610310853,1.921149478114755,0.007403070827881181,0.11260163850920346,0.06001560115144611,-0.06001560115144611,0.37853848277213403,0.3185228816206879,0.12801215315183637,0.12382013715332985,-0.12382013715332985,0.710130366962256,0.5863102298089261,0.17925717855599962,0.21679522307019244,0.8562338198347352,1.9253290332820727,2.5400979697355326,2.5400979697355326,6.663183528089918e-07,0.24177930482610213,2.781877274561635,5.267880051406091e-06,0.05699363199591331,3.1051379472543754,True,0.2163245982683173,1.6680949484103798,1.6680949484103798,0.035750267384525816,1.7038452157949056,0.13579838926964075,0.36865498891096393,0.023699865415814127,1.5137852337450615,1.5137852337450615,0.0,0.002287703696582394,7.83189029015178e-06,0.00606371226053746,0.20268115872901174,0.8485163610310853,0.0012801215315183638,0.0017925717855599964,1.9989550584269752e-08,5.2678800514060915e-08,0.0005699363199591331,3.1051379472543754
3.371336127159615,0.09797167646048177,0.07628806223132491,7100,2.738314746979776,2.738314749718091,2.034483885132911,2.034483885132911,0.13434145653821858,2.168825341671129,0.0,0.03569912414986545,1.6282420208995667,0.0,0.0755424753558075,0.0011953874441641503,4.5356855632896025,5.000232012299931,3.2361198564253955,0.0013958785061342995,0.11260163850920346,0.22825595653466543,-0.22825595653466543,0.37853848277213403,0.1502825262374686,0.08676480044276358,0.28211150776963934,0.28211150776963934,0.710130366962256,0.9922418747318953,0.12627011834250515,0.3646014237498372,5.008536112157101,3.2379758962413114,4.813514026238466,4.813514026238466,6.990375407706048e-06,0.24177930482610213,5.0552933310645685,1.5050763555732942e-05,0.06599761769269617,10.628748387315838,True,0.3643924306068663,3.1703483560089563,3.1703483560089563,0.035750267384525816,3.206098623393482,1.6856680635798076,0.048985838230240886,0.015257612446264982,2.738314746979776,2.738314746979776,0.0,0.0017849562074932726,0.0,0.0017930811662462255,1.1339213908224006,5.000232012299931,0.0008676480044276358,0.0012627011834250516,2.0971126223118143e-07,1.5050763555732943e-07,0.0006599761769269617,10.628748387315838
0.047622552328307206,0.05327726972688329,0.043849511111598814,7125,0.9218385523417834,0.921838553263622,0.8488899455050167,0.8488899455050167,0.13434145653821858,0.9832314020432353,0.0,0.016434507654486723,1.9198395310842877,0.0,0.06340521415766888,0.001658345533191157,0.2277647324303576,0.38220328863708947,1.618225920385978,0.0025842216847616157,0.11260163850920346,0.02921801322593104,-0.02921801322593104,0.37853848277213403,0.349320469546203,0.028616864378894415,0.08031702674990315,-0.08031702674990315,0.710130366962256,0.6298133402123528,0.07329830243980119,0.18227235067492348,0.38283433191976146,1.6187360761421314,1.8253775075270722,1.8253775075270722,8.878900433339571e-06,0.24177930482610213,2.0671568123531743,1.3744519819034001e-05,0.1022087598260642,1.4255537240975469,True,0.18221490629578413,0.43475267655043404,0.43475267655043404,0.035750267384525816,0.47050294393495984,0.023811276164153603,0.026638634863441646,0.008769902222319763,0.9218385523417834,0.9218385523417834,0.0,0.0008217253827243362,0.0,0.0024875182997867356,0.0569411831075894,0.38220328863708947,0.00028616864378894414,0.0007329830243980119,2.6636701300018713e-07,1.3744519819034e-07,0.001022087598260642,1.4255537240975469
0.7547371945206373,0.013660150606730315,0.03188321101734659,7150,1.8283066498630307,1.8283066516913373,1.5294667670796112,1.5294667670796112,0.13434145653821858,1.6638082236178298,0.0,0.036830716363446564,1.2422511969099108,0.0,0.05457071138844012,0.0007907240974342518,1.6254608827408532,1.6097420898222514,2.268756119127018,0.0010388266614834718,0.11260163850920346,0.07002716041183021,-0.07002716041183021,0.37853848277213403,0.3085113223603038,0.06111052896861537,0.2776569530263864,0.2776569530263864,0.710130366962256,0.9877873199886423,0.12903866487737117,0.2556028809479646,1.6128354601470736,2.269974590354891,3.4851008997479407,3.4851008997479407,2.970575606621177e-06,0.24177930482610213,3.726880204574043,5.572236152950256e-06,0.024964803054282097,4.2401681819106045,True,0.255465679079045,1.4650365194457913,1.4650365194457913,0.035750267384525816,1.500786786830317,0.37736859726031863,0.006830075303365157,0.006376642203469319,1.8283066498630307,1.8283066498630307,0.0,0.0018415358181723283,0.0,0.0011860861461513777,0.4063652206852133,1.6097420898222514,0.0006111052896861538,0.0012903866487737118,8.911726819863531e-08,5.572236152950256e-08,0.000249648030542821,4.2401681819106045
3.754119832631668,0.0839610484178619,0.04428429920975927,7175,3.15451163204166,3.154511635196172,2.4340301492531857,2.4340301492531857,0.13434145653821858,2.568371605791404,0.0,0.047055340046574495,1.9544237761833203,3.459062099626474e-05,0.08588137917467194,0.003057885790285024,6.383313912798426,5.46416392648328,3.337555117314516,0.004688087108205648,0.11260163850920346,0.2230149168630927,-0.2230149168630927,0.37853848277213403,0.15552356590904134,0.04689338952774793,0.6559625567779778,0.6559625567779778,0.710130366962256,1.3660929237402337,0.11160071399644748,0.3761577963590042,5.478438681350115,3.3406064772511663,5.334306954216108,5.334306954216108,2.9885423856948997e-06,0.24177930482610213,5.57608625904221,1.4630429582693632e-05,0.13668190862450222,12.152327519482071,True,0.37581420819994243,3.859451036692934,3.859451036692934,0.035750267384525816,3.89520130407746,1.877059916315834,0.04198052420893095,0.008856859841951855,3.15451163204166,3.15451163204166,0.0,0.002352767002328725,3.459062099626474e-05,0.004586828685427535,1.5958284781996066,5.46416392648328,0.0004689338952774793,0.001116007139964475,8.965627157084698e-08,1.4630429582693632e-07,0.0013668190862450222,12.152327519482071
1.9219027200956569,0.2931407575555792,0.07708184849160914,7200,3.0138725531125483,3.013872556126421,2.951494911201526,2.951494911201526,0.13434145653821858,3.0858363677397445,0.0,0.034756776520300174,1.467706403896856,0.0,0.06563013364392038,0.0022567571111409314,5.793359983670987,3.1909643689056857,2.7863270610125364,0.0028548516182624805,0.11260163850920346,0.01005322304700268,0.01005322304700268,0.37853848277213403,0.3885917058191367,0.07506066013644222,1.435544964613538,1.435544964613538,0.710130366962256,2.145675331575794,0.10297125653788426,0.31408252502270384,3.201681787960417,2.789324394278583,5.349826294079788,5.349826294079788,7.530349458217362e-06,0.24177930482610213,5.591605598905891,1.0766021521937002e-05,0.05701003422023687,8.783588754032289,True,0.31374502035581553,2.454441875959404,2.454441875959404,0.035750267384525816,2.49019214334393,0.9609513600478284,0.1465703787777896,0.015416369698321828,3.0138725531125483,3.0138725531125483,0.0,0.0017378388260150088,0.0,0.003385135666711397,1.4483399959177468,3.1909643689056857,0.0007506066013644223,0.0010297125653788426,2.2591048374652086e-07,1.0766021521937002e-07,0.0005701003422023687,8.783588754032289
0.38898957822355906,0.5412235273313936,0.10161076990238205,7225,0.8542870061702306,0.8542870070245175,1.0573745773831322,1.0573745773831322,0.13434145653821858,1.1917160339213508,0.0,0.032632569131777235,1.6044507409754005,0.0002748913075422885,0.09657984642698142,0.003282658519733686,0.10308420869197403,1.04794181046937,2.0236902903072638,0.006958493110444314,0.11260163850920346,0.019948221946268274,0.019948221946268274,0.37853848277213403,0.3984867047184023,0.044174902178767336,0.5384425533762235,0.5384425533762235,0.710130366962256,1.2485729203384794,0.1032754979610664,0.22796110818593074,1.0495833411351032,2.0244917477144964,1.4038812167111354,1.4038812167111354,4.044608663514064e-06,0.24177930482610213,1.6456605215372375,1.1627483304297142e-05,0.05054393634978411,2.422239264092268,True,0.2278708627606664,0.5194128122013553,0.5194128122013553,0.035750267384525816,0.5551630795858811,0.19449478911177953,0.2706117636656968,0.02032215398047641,0.8542870061702306,0.8542870061702306,0.0,0.0016316284565888618,0.0002748913075422885,0.004923987779600529,0.025771052172993508,1.04794181046937,0.00044174902178767335,0.001032754979610664,1.2133825990542193e-07,1.1627483304297143e-07,0.0005054393634978411,2.422239264092268
0.01662567837915989,0.07846625655830941,0.05164366954390476,7250,0.288541593307241,0.2885415935957826,0.24763701468002416,0.24763701468002416,0.13434145653821858,0.38197847121824274,0.0,0.03581503256380229,1.725713568365749,0.0,0.06925658733675337,0.002372738989555397,0.0,0.27977815853675136,1.5289406001969894,0.004530451191545247,0.11260163850920346,0.03621264050201067,0.03621264050201067,0.37853848277213403,0.4147511232741447,0.022673199983173374,0.15997682653156664,-0.15997682653156664,0.710130366962256,0.5501535404306893,0.12699039140944635,0.17221760579066991,0.2803080347819023,1.5294412477148926,0.5722788035440818,0.5722788035440818,2.0605537912276274e-06,0.24177930482610213,0.8140581083701839,1.2667470884768007e-05,0.13008077682900565,0.6343419455075698,True,0.17216123205483197,0.0234562526685267,-0.0234562526685267,0.035750267384525816,0.012294014715999117,0.008312839189579944,0.039233128279154705,0.010328733908780953,0.288541593307241,0.288541593307241,0.0,0.0017907516281901147,0.0,0.0035591084843330954,0.0,0.27977815853675136,0.00022673199983173374,0.0012699039140944635,6.181661373682882e-08,1.2667470884768007e-07,0.0013008077682900565,0.6343419455075698
0.20387807921681939,0.20256977077807603,0.06949595383895482,7275,0.63104139386181,0.6310413944928515,0.6605647864725113,0.6605647864725113,0.13434145653821858,0.7949062430107299,0.0,0.037694182113097816,1.1737033080701218,0.0,0.05948352204375909,0.0016111701882194289,0.03417521392187272,0.7251009615190959,1.8515286028778457,0.002186605210098987,0.11260163850920346,0.11202533150488436,0.11202533150488436,0.37853848277213403,0.4905638142770184,0.03334998216697536,0.6914705410368317,0.6914705410368317,0.710130366962256,1.4016009079990877,0.16463647189038008,0.208586760141362,0.7266382432333424,1.8524307850103388,0.8561634350971405,0.8561634350971405,4.0654349094109447e-07,0.24177930482610213,1.0979427399232426,5.666831075979221e-06,0.050139204923697764,1.5885920644690226,True,0.20848517294598773,0.575346294914684,0.575346294914684,0.035750267384525816,0.6110965622992098,0.10193903960840969,0.10128488538903802,0.013899190767790965,0.63104139386181,0.63104139386181,0.0,0.001884709105654891,0.0,0.002416755282329143,0.00854380348046818,0.7251009615190959,0.00033349982166975357,0.0016463647189038008,1.2196304728232834e-08,5.666831075979221e-08,0.0005013920492369777,1.5885920644690226
3.732012851699113,0.09923093098716707,0.04938957860072463,7300,4.609706733838362,4.609706738448068,5.753833573459728,5.753833573459728,0.13434145653821858,5.888175029997947,0.0,0.05452594873810901,1.941188573314475,0.0,0.0744250878274203,0.001586926321633712,16.10836764678271,5.437486314780065,3.3318418288511906,0.0029575811448265044,0.11260163850920346,0.034376717039023785,-0.034376717039023785,0.37853848277213403,0.34416176573311025,0.1754930241681043,1.9941559783100358,1.9941559783100358,0.710130366962256,2.704286345272292,0.15721297050469543,0.37581820446152636,5.464329848612369,3.3375906075727566,7.915207282197579,7.915207282197579,1.6519279625175014e-05,0.24177930482610213,8.156986587023681,1.942381859083674e-05,0.07390266847993623,16.008958230744845,True,0.3751708825005634,2.55186875382291,2.55186875382291,0.035750267384525816,2.587619021207436,1.8660064258495566,0.04961546549358353,0.009877915720144927,4.609706733838362,4.609706733838362,0.0,0.0027262974369054505,0.0,0.0023803894824505683,4.027091911695678,5.437486314780065,0.001754930241681043,0.0015721297050469544,4.955783887552504e-07,1.942381859083674e-07,0.0007390266847993623,16.008958230744845
0.4405881475502227,0.047919399567846965,0.04721242945926368,7325,1.3925414668054472,1.3925414681979886,1.4267087409600807,1.4267087409600807,0.13434145653821858,1.5610501974982993,0.0,0.045295691447073565,1.6029468168999443,0.0,0.06351288064606038,0.00110413291205226,0.7885722669217456,1.131602661883063,2.0637681429160506,0.002528008922893836,0.11260163850920346,0.11118020438009041,-0.11118020438009041,0.37853848277213403,0.2673582783920436,0.04241120799413111,0.07005274572382436,0.07005274572382436,0.710130366962256,0.7801831126860803,0.14486177777249404,0.23250176848734683,1.1338346839958608,2.0648167372819892,2.662973700289219,2.662973700289219,7.208356376293212e-06,0.24177930482610213,2.9047530051153214,7.3513852774795065e-06,0.09937701219702298,2.981771228554447,True,0.2323836950331247,0.742740545723504,0.742740545723504,0.035750267384525816,0.7784908131080298,0.22029407377511134,0.023959699783923483,0.009442485891852738,1.3925414668054472,1.3925414668054472,0.0,0.0022647845723536785,0.0,0.00165619936807839,0.1971430667304364,1.131602661883063,0.0004241120799413111,0.0014486177777249404,2.1625069128879635e-07,7.351385277479506e-08,0.0009937701219702299,2.981771228554447
0.2137665852785659,0.025879625184827004,0.024733849325970097,7350,0.9641515963149585,0.9641515972791102,1.127059929791128,1.127059929791128,0.13434145653821858,1.2614013863293465,0.0,0.03882009245642232,1.3476837611716987,0.0,0.0468495405542898,0.0006482956956847818,0.1427408537167438,0.7436457744448153,1.8623489864578118,0.0010295837158914825,0.11260163850920346,0.13044149397855026,0.13044149397855026,0.37853848277213403,0.5089799767506843,0.05623764184669871,0.761357431000473,0.761357431000473,0.710130366962256,1.471487797962729,0.13839331394311466,0.20982278726842907,0.7454729852949762,1.8634077746319964,1.4086611922073096,1.4086611922073096,1.0282172162926286e-05,0.24177930482610213,1.6504404970334117,7.553028670271278e-06,0.04194904053590923,1.8735320914109073,True,0.20970356597459383,0.8925642564076828,0.8925642564076828,0.035750267384525816,0.9283145237922086,0.10688329263928295,0.012939812592413502,0.00494676986519402,0.9641515963149585,0.9641515963149585,0.0,0.001941004622821116,0.0,0.0009724435435271727,0.03568521342918595,0.7436457744448153,0.0005623764184669871,0.0013839331394311467,3.0846516488778856e-07,7.553028670271278e-08,0.0004194904053590923,1.8735320914109073
0.4371620088195899,0.017334666110312202,0.023681435408588924,7375,1.5711954107246984,1.571195412295894,1.6490044622043931,1.6490044622043931,0.13434145653821858,1.7833459187426117,0.0,0.02593988471809503,2.808746224186355,0.0,0.06223923335294097,0.0010825285721345341,0.9703429339972818,1.1261078336868795,2.061182281084112,0.0016619138390117842,0.11260163850920346,0.0564584108852616,-0.0564584108852616,0.37853848277213403,0.32208007188687243,0.06878404400105911,0.237345570810658,0.237345570810658,0.710130366962256,0.947475937772914,0.07718135165180094,0.23219218775950337,1.1279871467197358,2.06206739273915,2.7790863210440295,2.7790863210440295,1.382592985182777e-05,0.24177930482610213,3.020865625870132,2.2180521095300866e-05,0.16429039559323297,3.1778975840472414,True,0.2320925227280314,1.3569149382961176,1.3569149382961176,0.035750267384525816,1.3926652056806434,0.21858100440979494,0.008667333055156101,0.004736287081717785,1.5711954107246984,1.5711954107246984,0.0,0.0012969942359047516,0.0,0.001623792858201801,0.24258573349932044,1.1261078336868795,0.0006878404400105911,0.0007718135165180095,4.147778955548331e-07,2.2180521095300867e-07,0.0016429039559323296,3.1778975840472414
0.5462403313780041,0.052817080496803226,0.043899562242926723,7400,1.1023468864338895,1.102346887536236,0.993672124859666,0.993672124859666,0.13434145653821858,1.1280135813978847,0.0,0.04502478085537622,1.5732441431894753,0.0,0.0666213991895169,0.002202198277492587,0.33683524537570186,1.2975049185823473,2.139080734005429,0.004930252827045881,0.11260163850920346,0.09953063645497012,-0.09953063645497012,0.37853848277213403,0.2790078463171639,0.044059358569689795,0.15652621794049615,-0.15652621794049615,0.710130366962256,0.5536041490217598,0.11920362454559696,0.24095285630250077,1.299302942850191,2.139869704330364,2.0496496517395295,2.0496496517395295,4.610619937706621e-06,0.24177930482610213,2.291428956565632,1.0728513288233551e-05,0.04572723572150857,2.8000139189972577,True,0.24086401694328827,0.9235737713951996,0.9235737713951996,0.035750267384525816,0.9593240387797254,0.27312016568900205,0.026408540248401613,0.008779912448585345,1.1023468864338895,1.1023468864338895,0.0,0.002251239042768811,0.0,0.0033032974162388803,0.08420881134392547,1.2975049185823473,0.00044059358569689796,0.0011920362454559696,1.3831859813119863e-07,1.0728513288233552e-07,0.00045727235721508574,2.8000139189972577
0.2620686244019512,0.03455976865245902,0.04551291462124598,7425,1.0573941118638652,1.0573941129212594,1.403702270391844,1.403702270391844,0.13434145653821858,1.5380437269300626,0.0,0.03889062903561583,3.15854345605572,0.0,0.049144183318930806,0.0004176255541260156,0.2555908324594146,0.8316097329823338,1.9119263857254782,0.0014260328360760426,0.11260163850920346,0.06745352637908042,-0.06745352637908042,0.37853848277213403,0.3110849563930536,0.06068421393965898,0.15121587228226996,0.15121587228226996,0.710130366962256,0.8613462392445259,0.1430987723751227,0.2154064430997945,0.833560721545687,1.9129954663335886,1.752435516129752,1.752435516129752,4.8846772901345e-06,0.24177930482610213,1.9942148209558541,2.5282049863293883e-05,0.22713964098278555,2.11719892782927,True,0.21528606286093205,0.7222084393410648,0.7222084393410648,0.035750267384525816,0.7579587067255906,0.1310343122009756,0.01727988432622951,0.009102582924249196,1.0573941118638652,1.0573941118638652,0.0,0.0019445314517807918,0.0,0.0006264383311890235,0.06389770811485365,0.8316097329823338,0.0006068421393965899,0.001430987723751227,1.46540318704035e-07,2.528204986329388e-07,0.0022713964098278554,2.11719892782927
1.4211873344844816,0.0003521222924119938,0.007238032496848025,7450,1.834267558548687,1.8342675603829546,2.39592904552473,2.39592904552473,0.13434145653821858,2.5302705020629483,0.0,0.03392841389264868,2.6755499861094547,0.0,0.06396648464091419,0.001133867101770771,1.4353125363094188,2.5348958298173416,2.592135619166075,0.0019064312163385388,0.11260163850920346,0.05382254299822248,0.05382254299822248,0.37853848277213403,0.4323610257703565,0.07214789088665252,1.3134317074723745,1.3134317074723745,0.710130366962256,2.0235620744346305,0.09149820825677,0.2920831418050019,2.54067931060629,2.5939508494951435,2.585413856947141,2.585413856947141,6.781517782358869e-06,0.24177930482610213,2.8271931617732435,1.4623422399130229e-05,0.28211182522914513,5.448064007601972,True,0.2918787438775249,1.6339666141492155,1.6339666141492155,0.035750267384525816,1.6697168815337413,0.7105936672422408,0.0001760611462059969,0.001447606499369605,1.834267558548687,1.834267558548687,0.0,0.0016964206946324342,0.0,0.0017008006526561567,0.3588281340773547,2.5348958298173416,0.0007214789088665252,0.0009149820825677,2.0344553347076607e-07,1.462342239913023e-07,0.0028211182522914512,5.448064007601972
12.328613824102138,1.985960609174331e-05,0.010558417670142584,7475,10.828890603741998,10.828890614570888,6.985039596838777,6.985039596838777,0.13434145653821858,7.119381053376996,0.0,0.030162885042603404,3.21613329310167,0.0019120513252240698,0.12372700910448907,0.004870447027142129,104.01163357862129,15.297583892904111,4.911212586002468,0.008393171843444744,0.11260163850920346,0.3199684854273809,-0.3199684854273809,0.37853848277213403,0.05856999734475318,0.27661388827244293,0.5350222679352167,0.5350222679352167,0.710130366962256,1.2451526348974726,0.0995132321887127,0.5535955007290002,15.338241548830165,4.916406713919044,17.103751911880263,17.103751911880263,7.347691341534703e-05,0.24177930482610213,17.345531216706366,5.6196621420763746e-05,0.21071267452241052,58.312408447031096,True,0.553010633363026,15.639904840512962,15.639904840512962,0.035750267384525816,15.675655107897487,6.164306912051069,9.929803045871655e-06,0.0021116835340285168,10.828890603741998,10.828890603741998,0.0,0.0015081442521301704,0.0019120513252240698,0.007305670540713193,26.00290839465532,15.297583892904111,0.002766138882724429,0.0009951323218871271,2.204307402460411e-06,5.619662142076374e-07,0.002107126745224105,58.312408447031096
1.190607212580019,0.07147181701801175,0.051624148854733015,7500,3.1708264301555142,3.1708264333263405,2.790075180708367,2.790075180708367,0.13434145653821858,2.924416637246585,0.0,0.03587304936558837,2.0368421625400037,0.0,0.053237747946030596,0.0007784600404029585,6.5043301341171595,2.223526805699117,2.4911494913988728,0.0011287098120508368,0.11260163850920346,0.1242264881609128,0.1242264881609128,0.37853848277213403,0.5027649709330468,0.06157310717546682,1.5300451918795033,1.5300451918795033,0.710130366962256,2.2401755588417593,0.15629874448444211,0.28075001557871915,2.2299535194776303,2.493302889395728,5.525361916807987,5.525361916807987,5.972825068131144e-06,0.24177930482610213,5.767141221634089,1.3704429900605213e-05,0.11389616929478687,7.668079452921366,True,0.28050753941437684,3.098400719102353,3.098400719102353,0.035750267384525816,3.134150986486879,0.5953036062900094,0.035735908509005876,0.010324829770946604,3.1708264301555142,3.1708264301555142,0.0,0.0017936524682794185,0.0,0.0011676900606044376,1.6260825335292899,2.223526805699117,0.0006157310717546682,0.0015629874448444211,1.7918475204393433e-07,1.3704429900605212e-07,0.0011389616929478688,7.668079452921366
3.4072319864762552,0.11205237517703126,0.09773438357833303,7525,2.552732203597489,2.552732206150221,2.8254642734156903,2.8254642734156903,0.13434145653821858,2.9598057299539087,0.0,0.039820002277791505,1.954535138040462,0.0005681552433947294,0.10383600728718485,0.0030910779259360997,3.6680187523061827,5.043927104415229,3.2458688974237186,0.004489990978283361,0.11260163850920346,0.19559035689483403,-0.19559035689483403,0.37853848277213403,0.1829481258773,0.09293806819510461,1.2389689967403794,1.2389689967403794,0.710130366962256,1.9490993637026353,0.12816303642954255,0.3659051724627086,5.060494603090019,3.2495543121005146,4.1539004381605285,4.1539004381605285,1.2337513863486505e-05,0.24177930482610213,4.395679742986631,1.8238197426373058e-05,0.07044950981264918,10.302964884529525,True,0.3654901886946613,2.4022430369323757,2.4022430369323757,0.035750267384525816,2.4379933043169015,1.7036159932381276,0.05602618758851563,0.019546876715666607,2.552732203597489,2.552732203597489,0.0,0.0019910001138895754,0.0005681552433947294,0.00463661688890415,0.9170046880765457,5.043927104415229,0.0009293806819510461,0.0012816303642954256,3.701254159045951e-07,1.8238197426373057e-07,0.0007044950981264918,10.302964884529525
5.532247560048295,0.035788833421521615,0.030972433233149205,7550,4.868783222881843,4.868783227750627,2.3805832564162563,2.3805832564162563,0.13434145653821858,2.5149247129544747,0.0,0.029747622297724024,1.8979228418096268,0.004454845185954588,0.1467446266448063,0.0029746211629568995,18.11466264986504,7.573905987720784,3.752073034590613,0.004653600762725373,0.11260163850920346,0.28060555362790485,-0.28060555362790485,0.37853848277213403,0.0979329291442292,0.07871419689753532,0.029892341059243988,-0.029892341059243988,0.710130366962256,0.680238025903012,0.08673491994382555,0.4226989590544369,7.584142803964875,3.753932243895059,6.042330982728897,6.042330982728897,7.159064036696417e-06,0.24177930482610213,6.2841102875549995,1.5196802518160796e-05,0.06898265922967246,19.774316398996355,True,0.4224896090218326,8.73319398729773,8.73319398729773,0.035750267384525816,8.768944254682255,2.7661237800241474,0.017894416710760808,0.006194486646629842,4.868783222881843,4.868783222881843,0.0,0.0014873811148862013,0.004454845185954588,0.004461931744435349,4.52866566246626,7.573905987720784,0.0007871419689753533,0.0008673491994382555,2.147719211008925e-07,1.5196802518160798e-07,0.0006898265922967246,19.774316398996355
3.6097099002439252,0.1992314659305039,0.06526189776362827,7575,5.106849032419769,5.106849037526618,4.751063701029993,4.751063701029993,0.13434145653821858,4.885405157568212,0.0,0.0548058041361951,2.044290174041898,2.413556351972075e-05,0.08491279589640367,0.003128585710183473,19.847970041238565,5.289648825384048,3.2999236564251535,0.005227246994427252,0.11260163850920346,0.13456403466800718,-0.13456403466800718,0.37853848277213403,0.24397444810412686,0.17607706519792984,0.6782962915021481,0.6782962915021481,0.710130366962256,1.388426658464404,0.15290387610971692,0.37211220987878324,5.3115414731858,3.304678171282446,7.960515194226926,7.960515194226926,3.585562234863035e-06,0.24177930482610213,8.202294499053028,1.8511742769720495e-05,0.11879968602729951,17.287948834046652,True,0.3715768436679906,6.6316614564661265,6.6316614564661265,0.035750267384525816,6.667411723850653,1.8048549501219626,0.09961573296525195,0.013052379552725655,5.106849032419769,5.106849032419769,0.0,0.0027402902068097553,2.413556351972075e-05,0.00469287856527521,4.961992510309641,5.289648825384048,0.0017607706519792985,0.0015290387610971694,1.0756686704589105e-07,1.8511742769720496e-07,0.0011879968602729952,17.287948834046652
1.4499591807175658,0.03923645637242268,0.04341512510259945,7600,1.043148748268567,1.0431487493117158,0.7689684973237769,0.7689684973237769,0.13434145653821858,0.9033099538619955,0.0,0.030566581285483053,0.9307619081685894,0.0,0.06393536792425186,0.0016625043607926538,0.19554360119206332,2.573273187497931,2.604142508475457,0.0017994680816431033,0.11260163850920346,0.2736018156198738,-0.2736018156198738,0.37853848277213403,0.10493666715226023,0.03882405656388443,0.1767929158292657,0.1767929158292657,0.710130366962256,0.8869232827915217,0.0782974523098329,0.29334279742945724,2.576466973694905,2.6051376806040363,1.0462478961798276,1.0462478961798276,1.8096934264449668e-06,0.24177930482610213,1.2880272010059297,2.678534883841384e-06,0.03036207117269971,4.424085682112107,True,0.29323073940722877,1.9101663977826582,1.9101663977826582,0.035750267384525816,1.945916665167184,0.7249795903587829,0.01961822818621134,0.00868302502051989,1.043148748268567,1.043148748268567,0.0,0.0015283290642741528,0.0,0.0024937565411889805,0.04888590029801583,2.573273187497931,0.0003882405656388443,0.0007829745230983291,5.4290802793349e-08,2.678534883841384e-08,0.0003036207117269971,4.424085682112107
4.464864695455411,0.3962485553087004,0.08963408486445285,7625,1.7808784068913515,1.7808784086722298,2.3774676263000387,2.3774676263000387,0.13434145653821858,2.511809082838257,0.0,0.04589862399105122,1.0985745966234208,2.7855005576177382e-06,0.0816689818925374,0.002478900421353866,1.311993827975296,6.31528281092018,3.513022644330962,0.003809209293926427,0.11260163850920346,0.05952867364828879,-0.05952867364828879,0.37853848277213403,0.31900980912384524,0.10502208756506555,1.4798436273299993,1.4798436273299993,0.710130366962256,2.1899739942922554,0.1605562358031107,0.39590913217350177,6.330333580169358,3.5160154173155136,2.309520012843672,2.309520012843672,6.724326680473707e-07,0.24177930482610213,2.5512993176697742,4.043235812745712e-06,0.10144692851141723,10.882329497616576,True,0.3955721410018274,1.6364362817442537,1.6364362817442537,0.035750267384525816,1.6721865491287795,2.2324323477277055,0.1981242776543502,0.01792681697289057,1.7808784068913515,1.7808784068913515,0.0,0.002294931199552561,2.7855005576177382e-06,0.003718350632030799,0.327998456993824,6.31528281092018,0.0010502208756506554,0.0016055623580311072,2.017298004142112e-08,4.043235812745712e-08,0.0010144692851141723,10.882329497616576
3.7470975018399995,0.0015246654546063887,0.018331159402260003,7650,2.541061154926781,2.5410611574678423,2.8401381331265534,2.8401381331265534,0.13434145653821858,2.9744795896647718,0.0,0.03995128343260043,1.5106501972638664,0.0,0.06801885052069412,0.0009763964901855906,3.8607718753795917,5.455691186825702,3.335742106232129,0.0024547893695279176,0.11260163850920346,0.06917002559891033,-0.06917002559891033,0.37853848277213403,0.3093684571732237,0.11930046982019767,1.2751528981365925,1.2751528981365925,0.710130366962256,1.9852832650988486,0.1194733480684584,0.3760033182441372,5.472018411010675,3.3392345780213395,4.526486423463958,4.526486423463958,5.130726421748996e-06,0.24177930482610213,4.768265728290061,8.663634602368074e-06,0.04639541057562805,10.846236717874826,True,0.37561006016330023,1.4486875670234869,1.4486875670234869,0.035750267384525816,1.4844378344080127,1.8735487509199997,0.0007623327273031943,0.0036662318804520006,2.541061154926781,2.541061154926781,0.0,0.0019975641716300217,0.0,0.001464594735278386,0.9651929688448979,5.455691186825702,0.0011930046982019766,0.001194733480684584,1.5392179265246988e-07,8.663634602368075e-08,0.0004639541057562805,10.846236717874826
1.3033031526912522,0.10215917907787875,0.08727638589308392,7675,0.6316019323310601,0.6316019329626621,0.904753364851822,0.904753364851822,0.13434145653821858,1.0390948213900406,0.0,0.0416325829001495,0.9595290994314494,4.856607548921183e-05,0.08696893646758326,0.0021621828000509373,0.00590121411596423,2.376601580217765,2.541623034408141,0.0023567531210185325,0.11260163850920346,0.1931240636133258,-0.1931240636133258,0.37853848277213403,0.18541441915880824,0.0768047747029392,0.045820053202279554,-0.045820053202279554,0.710130366962256,0.6643103137599764,0.15023242613271295,0.2863162296735485,2.380033388822852,2.5427356833958474,0.9254859501442652,0.9254859501442652,2.3491272085383615e-06,0.24177930482610213,1.1672652549703673,2.5023964065511722e-06,0.0709545260216384,3.7382187413279246,True,0.28619094356332064,0.5292501603814063,0.5292501603814063,0.035750267384525816,0.5650004277659321,0.6516515763456261,0.051079589538939374,0.017455277178616786,0.6316019323310601,0.6316019323310601,0.0,0.002081629145007475,4.856607548921183e-05,0.003243274200076406,0.0014753035289910574,2.376601580217765,0.000768047747029392,0.0015023242613271296,7.047381625615084e-08,2.5023964065511723e-08,0.000709545260216384,3.7382187413279246
0.08814675999614362,0.22988061034822493,0.06999036831483996,7700,1.2343964485189287,1.2343964497533253,1.6640621775370776,1.6640621775370776,0.13434145653821858,1.7984036340752962,0.0,0.030119508347307488,2.632116507313497,0.0,0.0741091543779202,0.0030210760587616814,0.497779503445056,0.48566292028325303,1.6968952003588869,0.004360175407488433,0.11260163850920346,0.3088318026023464,0.3088318026023464,0.37853848277213403,0.6873702853744804,0.09536855499975984,1.0952616992903579,1.0952616992903579,0.710130366962256,1.8053920662526137,0.08980949942588089,0.19132707331121446,0.4888105020387978,1.699149842336246,1.8549397904476084,1.8549397904476084,1.3702760043289664e-05,0.24177930482610213,2.0967190952737105,2.391705090736598e-05,0.11911481465962381,2.026597171948269,True,0.19107319690776575,0.3373323979279085,0.3373323979279085,0.035750267384525816,0.3730826653124343,0.04407337999807181,0.11494030517411247,0.013998073662967993,1.2343964485189287,1.2343964485189287,0.0,0.0015059754173653746,0.0,0.004531614088142523,0.124444875861264,0.48566292028325303,0.0009536855499975984,0.0008980949942588089,4.110828012986899e-07,2.391705090736598e-07,0.0011911481465962381,2.026597171948269
1.3366375575882186,0.03892851033960065,0.04489017976953339,7725,1.2665765744548578,1.2665765757214345,1.3245737054601003,1.3245737054601003,0.13434145653821858,1.458915161998319,0.0,0.05000829029384248,1.408506116098742,3.86303737538216e-07,0.08062153337604526,0.0024269297769270253,0.5645940345989948,2.4215418968884834,2.5561304241253313,0.004600294182655594,0.11260163850920346,0.04489495241187019,0.04489495241187019,0.37853848277213403,0.4234334351840042,0.0434956491008763,0.8917106708103647,0.8917106708103647,0.710130366962256,1.6018410377726207,0.14665965182981827,0.28799279346261386,2.426195701331712,2.557625019486947,2.2582721650694495,2.2582721650694495,1.953015014787019e-06,0.24177930482610213,2.500051469895552,9.112075161796854e-06,0.05628906015717932,4.5346338387168075,True,0.2878244995610417,0.607971184282839,0.607971184282839,0.035750267384525816,0.6437214516673648,0.6683187787941093,0.019464255169800326,0.008978035953906678,1.2665765744548578,1.2665765744548578,0.0,0.0025004145146921243,3.86303737538216e-07,0.0036403946653905377,0.1411485086497487,2.4215418968884834,0.00043495649100876296,0.0014665965182981827,5.859045044361057e-08,9.112075161796854e-08,0.0005628906015717932,4.5346338387168075
0.7207197487021086,0.07373314626961402,0.04247924887850063,7750,0.5975570040588635,0.5975570046564205,0.4226554168182459,0.4226554168182459,0.13434145653821858,0.5569968733564645,0.0,0.0417093531685412,0.6431605522702517,0.00010140511668853277,0.0900700107591071,0.005428126193750729,0.008101793091317583,1.5598814666819645,2.24895214747482,0.009479127418690638,0.11260163850920346,0.09984988456244953,-0.09984988456244953,0.37853848277213403,0.2786885982096845,0.01983732204684123,0.1362623470540104,-0.1362623470540104,0.710130366962256,0.5738680199082455,0.09087703649591934,0.2532923131446746,1.5611371733587278,2.2494547504246514,0.9594890867722508,0.9594890867722508,1.0718022363352153e-06,0.24177930482610213,1.2012683915983529,1.5865876950447538e-06,0.01237561836358796,2.576746226129968,True,0.253235719223978,0.8109115447427736,0.8109115447427736,0.035750267384525816,0.8466618121272994,0.3603598743510543,0.03686657313480701,0.008495849775700127,0.5975570040588635,0.5975570040588635,0.0,0.00208546765842706,0.00010140511668853277,0.008142189290626094,0.002025448272829396,1.5598814666819645,0.0001983732204684123,0.0009087703649591934,3.215406709005646e-08,1.586587695044754e-08,0.0001237561836358796,2.576746226129968
0.0721692828295291,0.13357647256007998,0.06331092768728862,7775,1.281494638465469,1.2814946397469638,1.3914625467314998,1.3914625467314998,0.13434145653821858,1.5258040032697184,0.0,0.034317810242172765,1.7409502290082632,0.0,0.05598381778469325,0.001655711311338658,0.6075487047447666,0.4470840124571155,1.668643412034483,0.0036118239007712468,0.11260163850920346,0.3205466256819996,0.3205466256819996,0.37853848277213403,0.6990851084541336,0.031014094181118175,1.423615553620703,1.423615553620703,0.710130366962256,2.133745920582959,0.1580853528959338,0.18804610285203266,0.44891606374359344,1.6700119877611097,1.973084416515049,1.973084416515049,1.8150689112492545e-06,0.24177930482610213,2.214863721341151,8.294915018525185e-06,0.07111316357684466,2.002802611327912,True,0.18789199896910483,0.5024749158943781,0.5024749158943781,0.035750267384525816,0.5382251832789039,0.03608464141476455,0.06678823628003999,0.012662185537457724,1.281494638465469,1.281494638465469,0.0,0.0017158905121086383,0.0,0.002483566967007987,0.15188717618619166,0.4470840124571155,0.00031014094181118176,0.0015808535289593383,5.4452067337477635e-08,8.294915018525185e-08,0.0007111316357684466,2.002802611327912
2.6869371021931476,0.34848965302093093,0.08475917831316808,7800,2.789261375407364,2.789261378196626,1.8557940646352065,1.8557940646352065,0.13434145653821858,1.990135521173425,0.0,0.04750658057375353,1.3879946993441763,0.0009149097485421357,0.11024747507713885,0.0035377521456447123,4.784355979469584,4.158287454083752,3.0391879398632566,0.006483127694344804,0.11260163850920346,0.1656318089721555,-0.1656318089721555,0.37853848277213403,0.21290667379997855,0.04532208341815633,0.3516268242483166,0.3516268242483166,0.710130366962256,1.0617571912105725,0.1550877573905697,0.3424362707884743,4.166212382318745,3.041130172801026,4.9301653812926585,4.9301653812926585,2.042852537256442e-06,0.24177930482610213,5.171944686118761,1.044806436872588e-05,0.11094733785690096,9.690013642176757,True,0.3422175721578926,3.3163711436735355,3.3163711436735355,0.035750267384525816,3.3521214110580613,1.3434685510965738,0.17424482651046547,0.016951835662633617,2.789261375407364,2.789261375407364,0.0,0.0023753290286876766,0.0009149097485421357,0.005306628218467068,1.196088994867396,4.158287454083752,0.0004532208341815633,0.001550877573905697,6.128557611769325e-08,1.0448064368725881e-07,0.0011094733785690096,9.690013642176757
1.5115860666777146,0.6363235944611387,0.10845125302227174,7825,0.6147192120819446,0.6147192126966637,0.6154821840134952,0.6154821840134952,0.13434145653821858,0.7498236405517138,0.0,0.040277186881085204,1.0478596359996417,0.0019255530549655406,0.12388112413060473,0.006653387123145083,0.02359745752702411,2.655158678472968,2.6294657647440673,0.014061144870094805,0.11260163850920346,0.08429828748128149,-0.08429828748128149,0.37853848277213403,0.29424019529085255,0.021593577071665503,0.5873455381072,0.5873455381072,0.710130366962256,1.297475905069456,0.12452005601186154,0.2962065880156347,2.658760537648241,2.6305706171914913,0.9299628668680644,0.9299628668680644,5.759723798427421e-07,0.24177930482610213,1.1717421716941665,5.057078828689025e-06,0.04575783414848833,4.387260611716567,True,0.29608217980869533,0.5419117246321828,0.5419117246321828,0.035750267384525816,0.5776619920167086,0.7557930333388573,0.31816179723056937,0.02169025060445435,0.6147192120819446,0.6147192120819446,0.0,0.00201385934405426,0.0019255530549655406,0.009980080684717625,0.005899364381756028,2.655158678472968,0.00021593577071665502,0.0012452005601186155,1.7279171395282262e-08,5.057078828689025e-08,0.00045757834148488333,4.387260611716567
0.0788179709565385,0.12297126141076598,0.055406632753861894,7850,1.6748022055707474,1.6748022072455495,2.084585061076947,2.084585061076947,0.13434145653821858,2.2189265176151656,0.0,0.048708826459753295,3.064688429775617,0.0,0.057173567113964686,0.0012123364340883226,1.2029387943132712,0.4634142786113719,1.6807453845685418,0.002422218082246713,0.11260163850920346,0.20038927512901678,0.20038927512901678,0.37853848277213403,0.5789277579011508,0.1965994129700069,0.3677014702864455,0.3677014702864455,0.710130366962256,1.0778318372487015,0.12736989686337308,0.18943767332568487,0.4656292765326802,1.6823703367913059,2.8807159344877,2.8807159344877,2.401629367134522e-05,0.24177930482610213,3.1224952393138024,2.1540486635071768e-05,0.14799775809204907,2.559901678041913,True,0.18925470102665293,1.0979220200263569,1.0979220200263569,0.035750267384525816,1.1336722874108827,0.03940898547826925,0.06148563070538299,0.01108132655077238,1.6748022055707474,1.6748022055707474,0.0,0.002435441322987665,0.0,0.001818504651132484,0.3007346985783178,0.4634142786113719,0.0019659941297000692,0.0012736989686337307,7.204888101403565e-07,2.1540486635071768e-07,0.0014799775809204907,2.559901678041913
0.8152068378807943,0.029510385200404277,0.028737292665548156,7875,1.665571380497991,1.6655713821635623,1.6309647428900658,1.6309647428900658,0.13434145653821858,1.7653061994282844,0.0,0.03803427321652566,1.7345145085228966,0.0,0.07287266362627931,0.0011461257999532653,1.1354229381145031,1.697517281003215,2.3028880539030263,0.0013802558394189527,0.11260163850920346,0.2108594156800933,-0.2108594156800933,0.37853848277213403,0.16767906709204072,0.1253893077258322,0.4453132337444,0.4453132337444,0.710130366962256,1.155443600706656,0.14231593749926214,0.2599330194096139,1.7119889705808553,2.3084299639571295,2.936885959063689,2.936885959063689,7.693222243057403e-06,0.24177930482610213,3.1786652638897914,1.4822878544146344e-05,0.0657157698437734,4.082005957640439,True,0.25930899120163214,1.530532406382318,1.530532406382318,0.035750267384525816,1.5662826737668438,0.40760341894039714,0.014755192600202138,0.0057474585331096315,1.665571380497991,1.665571380497991,0.0,0.001901713660826283,0.0,0.0017191886999298979,0.2838557345286258,1.697517281003215,0.001253893077258322,0.0014231593749926214,2.307966672917221e-07,1.4822878544146345e-07,0.0006571576984377341,4.082005957640439
1.2208775932999056,0.025976710274803305,0.03469657617657569,7900,0.9875761424774525,0.9875761434650286,1.3000770921605693,1.3000770921605693,0.13434145653821858,1.434418548698788,0.0,0.0452685448688823,2.696638936387557,0.0,0.06929837102242507,0.001803812082620402,0.17027048487565793,2.26482423179792,2.504933298122518,0.0029553874499344884,0.11260163850920346,0.18780766999066292,-0.18780766999066292,0.37853848277213403,0.1907308127814711,0.10864518537147362,0.08066287918422965,0.08066287918422965,0.710130366962256,0.7907932461464856,0.13713095971281725,0.28231996394505976,2.2717886606956967,2.5072453883477954,1.5722433907572142,1.5722433907572142,2.336007334559273e-05,0.24177930482610213,1.8140226955833163,1.7289213951009683e-05,0.11170145562009726,3.933879257585715,True,0.28205961877419156,0.8201251425119576,0.8201251425119576,0.035750267384525816,0.8558754098964834,0.6104387966499528,0.012988355137401653,0.006939315235315139,0.9875761424774525,0.9875761424774525,0.0,0.0022634272434441153,0.0,0.002705718123930603,0.042567621218914484,2.26482423179792,0.0010864518537147363,0.0013713095971281725,7.008022003677819e-07,1.7289213951009683e-07,0.0011170145562009726,3.933879257585715
0.36422372984533147,0.23579605483546473,0.07086336791698714,7925,0.8343627367224338,0.8343627375567965,0.8120642904126668,0.8120642904126668,0.13434145653821858,0.9464057469508854,0.0,0.03544207600731958,1.964983227687724,0.00010176496414117092,0.0900878622185858,0.0025728938514781785,0.10071609859690493,1.0070313386306653,2.0035095109816674,0.004883272302877914,0.11260163850920346,0.018438832795609095,0.018438832795609095,0.37853848277213403,0.3969773155677431,0.043168949767218544,0.3968367597011354,0.3968367597011354,0.710130366962256,1.1069671266633914,0.10171275364696264,0.2257304282078761,1.0093846768207289,2.004681380747513,1.4597465512889114,1.4597465512889114,2.458964080661321e-06,0.24177930482610213,1.7015258561150135,1.2816277051012724e-05,0.154838635894426,2.1894862807926243,True,0.22559847374040382,0.7298479834514165,0.7298479834514165,0.035750267384525816,0.7655982508359424,0.18211186492266573,0.11789802741773237,0.014172673583397428,0.8343627367224338,0.8343627367224338,0.0,0.001772103800365979,0.00010176496414117092,0.0038593407772172677,0.025179024649226233,1.0070313386306653,0.00043168949767218544,0.0010171275364696264,7.376892241983963e-08,1.2816277051012723e-07,0.00154838635894426,2.1894862807926243
0.6011571496698649,0.007692258932356588,0.031218031098736568,7950,1.113480104368624,1.113480105482104,1.1290361750368922,1.1290361750368922,0.13434145653821858,1.2633776315751108,0.0,0.04286805391609433,2.0314209405316044,0.0,0.06807660896599119,0.0010423666692391173,0.25791915017552547,1.3814317467546668,2.1753432463560025,0.0017446168650598985,0.11260163850920346,0.007499592502335672,0.007499592502335672,0.37853848277213403,0.3860380752744697,0.07732399265058326,0.6553927284926021,0.6553927284926021,0.710130366962256,1.365523095454858,0.14830669328937257,0.24511404762727934,1.3849163304620384,2.1768246812767136,1.785032860266844,1.785032860266844,1.2903074843565661e-06,0.24177930482610213,2.026812165092946,1.4177214992605463e-05,0.12265349807289008,2.8772499242091967,True,0.24494723561304815,1.1439094620201127,1.1439094620201127,0.035750267384525816,1.1796597294046385,0.30057857483493244,0.003846129466178294,0.006243606219747314,1.113480104368624,1.113480104368624,0.0,0.0021434026958047163,0.0,0.0015635500038586759,0.06447978754388137,1.3814317467546668,0.0007732399265058327,0.0014830669328937257,3.8709224530696983e-08,1.4177214992605463e-07,0.001226534980728901,2.8772499242091967
3.756954115937417,0.1732988269527015,0.06637211003708147,7975,3.442815287347165,3.4428152907899805,3.097626273987244,3.097626273987244,0.13434145653821858,3.2319677305254624,0.0,0.04043226193674149,1.704571713496106,7.301080951929087e-05,0.0885446363011711,0.0033404436932905636,7.971891720444927,5.467583225105675,3.338286386460323,0.008424577805788407,0.11260163850920346,0.12964915657191609,-0.12964915657191609,0.37853848277213403,0.24888932620021795,0.10258530121555427,0.7236836732212865,0.7236836732212865,0.710130366962256,1.4338140401835424,0.14732927664284992,0.3762151469026134,5.4808231874489435,3.3411157996666767,6.080783692244116,6.080783692244116,7.546493887846111e-06,0.24177930482610213,6.322562997070218,1.6210036588954623e-05,0.07416097431986042,12.892118769479803,True,0.37589655031126423,3.486135370957581,3.486135370957581,0.035750267384525816,3.521885638342107,1.8784770579687085,0.08664941347635075,0.013274422007416296,3.442815287347165,3.442815287347165,0.0,0.0020216130968370746,7.301080951929087e-05,0.005010665539935845,1.9929729301112318,5.467583225105675,0.0010258530121555428,0.0014732927664284992,2.2639481663538335e-07,1.6210036588954622e-07,0.0007416097431986042,12.892118769479803
2.890175725848833,0.7024985568173538,0.12102664686552828,8000,2.199990978520162,2.199990980720153,2.03869841551223,2.03869841551223,0.13434145653821858,2.1730398720504485,0.0,0.05373373735227723,1.5311202758090763,0.0036836378896125833,0.14069298056293317,0.010066472202757462,2.499733320944452,4.410217072478873,3.10005168328755,0.0188960946382917,0.11260163850920346,0.169034202275372,-0.169034202275372,0.37853848277213403,0.20950428049676204,0.0390616605684946,0.989292691060902,0.989292691060902,0.710130366962256,1.699423058023158,0.15130255117478927,0.34931278534405286,4.419243023053952,3.102199567846486,3.7944454326258947,3.7944454326258947,6.788739070352859e-07,0.24177930482610213,4.036224737451997,1.02591876398724e-05,0.1564759516677535,9.080622409594913,True,0.34907093000190925,2.153699518395527,2.153699518395527,0.035750267384525816,2.189449785780053,1.4450878629244166,0.3512492784086769,0.024205329373105655,2.199990978520162,2.199990978520162,0.0,0.0026866868676138616,0.0036836378896125833,0.015099708304136192,0.624933330236113,4.410217072478873,0.000390616605684946,0.0015130255117478929,2.0366217211058576e-08,1.02591876398724e-07,0.001564759516677535,9.080622409594913
6.072451043373184,0.014305859851019176,0.0364077193942623,8025,2.270426758544492,2.270426760814919,2.3261738235621903,2.3261738235621903,0.13434145653821858,2.4605152801004087,0.0,0.04090995052083736,1.9670139946864924,0.0,0.07454699374624991,0.0011223043335739777,2.5903669521905925,8.203838541496989,3.864234372654757,0.0024028330411218547,0.11260163850920346,0.2069049060879609,-0.2069049060879609,0.37853848277213403,0.17163357668417314,0.10676192654928009,0.9813214285851232,0.9813214285851232,0.710130366962256,1.6914517955473791,0.1680629984120587,0.4354347299001996,8.219900591781142,3.8670369010149037,3.423038400685628,3.423038400685628,3.752590937202686e-06,0.24177930482610213,3.66481770551173,8.95249768034235e-06,0.08257823665729569,14.179820221325379,True,0.4351191605868533,2.7640749709015946,2.7640749709015946,0.035750267384525816,2.7998252382861204,3.036225521686592,0.007152929925509588,0.007281543878852461,2.270426758544492,2.270426758544492,0.0,0.002045497526041868,0.0,0.0016834565003609665,0.6475917380476481,8.203838541496989,0.0010676192654928008,0.0016806299841205872,1.1257772811608058e-07,8.95249768034235e-08,0.0008257823665729569,14.179820221325379
0.7812280847750047,0.035814721466318145,0.044997803155686515,8050,2.7918536296380596,2.7918536324299135,2.706867486012701,2.706867486012701,0.13434145653821858,2.8412089425509195,0.0,0.050712115051706974,3.9622580913958796,0.0,0.07867528494492178,0.0007795140501443065,4.737376216619394,1.648324948193308,2.2838710792728794,0.003034638550385603,0.11260163850920346,0.18730067767191996,-0.18730067767191996,0.37853848277213403,0.19123780510021407,0.1216542563470459,0.02238738528318196,-0.02238738528318196,0.710130366962256,0.687742981679074,0.1571161862279358,0.2573469673146692,1.6524166291810694,2.2854635853189578,4.86206586058562,4.86206586058562,4.803924719505432e-05,0.24177930482610213,5.103845165411722,3.074314849646386e-05,0.2722300865194289,6.051260226465661,True,0.2571676485086199,2.8230895781358805,2.8230895781358805,0.035750267384525816,2.8588398455204063,0.39061404238750236,0.017907360733159072,0.008999560631137304,2.7918536296380596,2.7918536296380596,0.0,0.002535605752585349,0.0,0.0011692710752164597,1.1843440541548484,1.648324948193308,0.001216542563470459,0.0015711618622793581,1.4411774158516296e-06,3.074314849646386e-07,0.0027223008651942895,6.051260226465661
0.9488351697450472,4.287819652448732e-05,0.019090048979213174,8075,2.528937155353753,2.52893715788269,1.8955553432129457,1.8955553432129457,0.13434145653821858,2.0298967997511643,0.0,0.05330845435535749,1.8376142338258972,1.3457103542113486e-08,0.08011600475654952,0.0039615113401714076,3.552483005045589,1.8881005344551887,2.374081705887677,0.006799428950892775,0.11260163850920346,0.11056341265179453,0.11056341265179453,0.37853848277213403,0.48910189542392857,0.10616566868690544,0.9517422089252022,0.9517422089252022,0.710130366962256,1.6618725758874582,0.18111989563133704,0.2676976870369605,1.8971947445305983,2.3773869262232012,2.5744261582535164,2.5744261582535164,3.1593324654396663e-06,0.24177930482610213,2.8162054630796187,1.1676686943748346e-05,0.1439056885067541,5.79633530209719,True,0.26732551377849434,4.564951055449416,4.564951055449416,0.035750267384525816,4.600701322833943,0.4744175848725236,2.143909826224366e-05,0.003818009795842635,2.528937155353753,2.528937155353753,0.0,0.002665422717767875,1.3457103542113486e-08,0.005942267010257111,0.8881207512613972,1.8881005344551887,0.0010616566868690545,0.0018111989563133705,9.477997396318999e-08,1.1676686943748347e-07,0.001439056885067541,5.79633530209719
0.46602000258819903,0.00785572183147909,0.03198528465139872,8100,0.625698884791641,0.62569888541734,0.7118290856848889,0.7118290856848889,0.13434145653821858,0.8461705422231075,0.0,0.05182663367838882,1.1708162168833447,0.0,0.061013927370770125,0.001119341333388343,0.029367403551786457,1.1721452644617432,2.0826565773419303,0.0016962921545422196,0.11260163850920346,0.018823648735856846,0.018823648735856846,0.37853848277213403,0.3973621315079909,0.05833103798721036,0.6208226560757425,0.6208226560757425,0.710130366962256,1.3309530230379985,0.1709446206746524,0.2346951660335273,1.1756978243285385,2.0842960040176015,0.9513711916810059,0.9513711916810059,5.11123270841327e-07,0.24177930482610213,1.193150496507108,5.424666353191903e-06,0.06257875514901068,2.0557098766839226,True,0.23451056388723673,0.3998907156040442,0.3998907156040442,0.035750267384525816,0.43564098298857,0.23301000129409952,0.003927860915739545,0.006397056930279745,0.625698884791641,0.625698884791641,0.0,0.002591331683919441,0.0,0.0016790120000825144,0.007341850887946614,1.1721452644617432,0.0005833103798721036,0.001709446206746524,1.533369812523981e-08,5.424666353191903e-08,0.0006257875514901068,2.0557098766839226
0.0,0.013646981907191047,0.026818863904649787,8125,0.4221798599233195,0.42217986034549937,0.6178978521151756,0.6178978521151756,0.13434145653821858,0.7522393086533942,0.0,0.0390125832803495,1.7687744022052874,0.0,0.05786197032146367,0.0016018585556444548,0.0,0.09637339956900377,1.3104406538599669,0.002043821177960953,0.11260163850920346,0.13512392891375186,0.13512392891375186,0.37853848277213403,0.5136624116858859,0.061440268195543046,0.05352903580176216,-0.05352903580176216,0.710130366962256,0.6566013311604938,0.11103458503325832,0.14761850888704756,0.0967085588779989,1.3109799975528955,0.6895189756348115,0.6895189756348115,3.985784434791299e-06,0.24177930482610213,0.9312982804609136,1.3881865884506363e-05,0.09273136963762259,0.5377462608451891,True,0.14755777789811075,0.11323058402545115,0.11323058402545115,0.035750267384525816,0.14898085140997697,0.0,0.0068234909535955235,0.005363772780929958,0.4221798599233195,0.4221798599233195,0.0,0.001950629164017475,0.0,0.002402787833466682,0.0,0.09637339956900377,0.0006144026819554305,0.0011103458503325832,1.1957353304373896e-07,1.3881865884506365e-07,0.0009273136963762259,0.5377462608451891
0.06755551149314874,0.10771931731665707,0.04976138071813674,8150,1.5971839726185213,1.5971839742157052,1.9614940901633109,1.9614940901633109,0.13434145653821858,2.0958355467015295,0.0,0.04898219140130725,1.9302051194580097,0.0,0.06933221142130964,0.0034776550518118925,0.9330749770831124,0.43548705637178214,1.6599144310982918,0.005220457581729126,0.11260163850920346,0.3356135579603449,0.3356135579603449,0.37853848277213403,0.714152040732479,0.12470240596767522,1.003777252123823,1.003777252123823,0.710130366962256,1.713907619086079,0.13181250787123636,0.18718158063640233,0.43868670240462665,1.6623342829754675,2.4266863066961895,2.4266863066961895,9.588525886390677e-06,0.24177930482610213,2.668465611522292,1.955801914736882e-05,0.07905052914006819,2.3745511936231525,True,0.18690910132588429,1.3778651996610303,1.3778651996610303,0.035750267384525816,1.413615467045556,0.03377775574657437,0.053859658658328535,0.009952276143627349,1.5971839726185213,1.5971839726185213,0.0,0.0024491095700653626,0.0,0.0052164825777178386,0.2332687442707781,0.43548705637178214,0.0012470240596767523,0.0013181250787123635,2.876557765917203e-07,1.9558019147368818e-07,0.0007905052914006818,2.3745511936231525
0.013096562106982793,0.004519838258185582,0.01492063813163511,8175,0.4255578570558191,0.4255578574813769,0.44494519422037215,0.44494519422037215,0.13434145653821858,0.5792866507585908,0.0,0.03356152072572446,1.0116995073174953,0.0,0.042142325331953154,0.0004923664553205021,0.016846422106495007,0.264648731652379,1.5144402119317453,0.0007768531768952999,0.11260163850920346,0.41015478681374345,0.41015478681374345,0.37853848277213403,0.7886932695858775,0.025869423613489935,0.5800973204358885,0.5800973204358885,0.710130366962256,1.2902276873981444,0.12188604146010569,0.17060035776260085,0.2653060536666218,1.5150786868689305,0.33789969591841373,0.33789969591841373,8.551329060389101e-07,0.24177930482610213,0.5796790007445158,5.399420158566834e-06,0.060240176446496534,0.7107071838263896,True,0.17052846443214198,0.2976662050620011,0.2976662050620011,0.035750267384525816,0.3334164724465269,0.006548281053491397,0.002259919129092791,0.0029841276263270224,0.4255578570558191,0.4255578570558191,0.0,0.0016780760362862229,0.0,0.0007385496829807531,0.004211605526623752,0.264648731652379,0.00025869423613489935,0.0012188604146010568,2.56539871811673e-08,5.399420158566834e-08,0.0006024017644649653,0.7107071838263896
0.04276362112836034,0.2818600244407259,0.0769599379978012,8200,1.0230303443050155,1.0230303453280458,0.9847631373615362,0.9847631373615362,0.13434145653821858,1.1191045938997548,0.0,0.0412542915567868,2.0742208141010128,0.0,0.06500636246766103,0.0012344852402286393,0.30414359330593765,0.3681985555350647,1.6067936680083805,0.003750926144177969,0.11260163850920346,0.13126674471876904,-0.13126674471876904,0.37853848277213403,0.247271738053365,0.02781256589787588,0.32411647903140073,0.32411647903140073,0.710130366962256,1.0342468459936567,0.13188987978603156,0.1810421484594173,0.3694339889846271,1.6078108167716556,1.9851515064999277,1.9851515064999277,1.342363171916566e-05,0.24177930482610213,2.2269308113260298,1.1657304343606727e-05,0.0662016466300204,1.6511426111939844,True,0.1809276158318934,0.4473120237555222,0.4473120237555222,0.035750267384525816,0.483062291140048,0.02138181056418017,0.14093001222036294,0.01539198759956024,1.0230303443050155,1.0230303443050155,0.0,0.0020627145778393404,0.0,0.0018517278603429588,0.07603589832648441,0.3681985555350647,0.0002781256589787588,0.0013188987978603156,4.0270895157496977e-07,1.1657304343606727e-07,0.000662016466300204,1.6511426111939844
0.04390602045052918,0.06592011464897451,0.04469709072561579,8225,0.3641969715948057,0.3641969719590027,0.3991963907913364,0.3991963907913364,0.13434145653821858,0.533537847329555,0.0,0.033906626566312346,1.5367007769789591,0.0,0.05643513830222739,0.0014515483479955239,0.0,0.3715361283916107,1.609537634926352,0.001901389433369819,0.11260163850920346,0.017850709067988135,0.017850709067988135,0.37853848277213403,0.39638919184012217,0.026951401822868645,0.01854529798136717,-0.01854529798136717,0.710130366962256,0.6915850689808888,0.09359670848519623,0.1812984888307645,0.37220656354403786,1.6100873409144283,0.6595622917039271,0.6595622917039271,5.096687278146724e-06,0.24177930482610213,0.9013415965300292,9.95369431479896e-06,0.06821212353046735,0.8053460943075472,True,0.1812365910303117,0.261064016996827,0.261064016996827,0.035750267384525816,0.2968142843813528,0.02195301022526459,0.03296005732448726,0.00893941814512316,0.3641969715948057,0.3641969715948057,0.0,0.0016953313283156173,0.0,0.002177322521993286,0.0,0.3715361283916107,0.00026951401822868646,0.0009359670848519624,1.5290061834440173e-07,9.953694314798959e-08,0.0006821212353046735,0.8053460943075472
0.5263306775212625,0.025145337020157865,0.02588228920121547,8250,0.9164126021299174,0.91641260304633,0.8608695719260362,0.8608695719260362,0.13434145653821858,0.9952110284642548,0.0,0.03378436076441787,2.10923515244889,0.0,0.07392178087472569,0.0016701830917611846,0.15504821358266824,1.2667198862541675,2.1254865109161316,0.002659790875553525,0.11260163850920346,0.11406744642867772,-0.11406744642867772,0.37853848277213403,0.2644710363434563,0.03378925967453328,0.1445641173493859,0.1445641173493859,0.710130366962256,0.8546944843116419,0.07949447103322171,0.23940917493363967,1.2682374245239572,2.126160479027726,1.6386984449855222,1.6386984449855222,6.181086948768429e-06,0.24177930482610213,1.8804777498116243,9.714024644963356e-06,0.08996033130462698,2.509036222759547,True,0.23933328501323148,0.8594888686218686,0.8594888686218686,0.035750267384525816,0.8952391360063944,0.26316533876063125,0.012572668510078933,0.0051764578402430945,0.9164126021299174,0.9164126021299174,0.0,0.0016892180382208936,0.0,0.002505274637641777,0.03876205339566706,1.2667198862541675,0.0003378925967453328,0.0007949447103322172,1.8543260846305285e-07,9.714024644963356e-08,0.0008996033130462698,2.509036222759547
0.4459879918764219,0.004487215382991794,0.021905871881227945,8275,1.6264245883257837,1.6264245899522085,2.0353470255347412,2.0353470255347412,0.13434145653821858,2.1696884820729596,0.0,0.03370941854411633,2.040117262362347,0.0,0.06018282006298404,0.0005986140661610969,0.985331851120382,1.1402466509554394,2.067823323848772,0.0012917742108917378,0.11260163850920346,0.04511266149036225,0.04511266149036225,0.37853848277213403,0.4236511442624963,0.10066192134081244,0.4937265271366075,0.4937265271366075,0.710130366962256,1.2038568940988634,0.1246767229650617,0.2330085999628046,1.1434406408397573,2.0693178390168927,2.543137994431193,2.543137994431193,9.521875043498927e-06,0.24177930482610213,2.7849172992572955,2.2165959992909055e-05,0.09311578679162001,3.248391423720544,True,0.23284031509115222,1.539576345982328,1.539576345982328,0.035750267384525816,1.5753266133668538,0.22299399593821095,0.002243607691495897,0.004381174376245589,1.6264245883257837,1.6264245883257837,0.0,0.0016854709272058168,0.0,0.0008979210992416454,0.2463329627800955,1.1402466509554394,0.0010066192134081243,0.001246767229650617,2.856562513049678e-07,2.2165959992909055e-07,0.0009311578679162001,3.248391423720544
0.6306021846673998,0.21718295644526686,0.07091657004072413,8300,1.0811771551219411,1.0811771562031183,1.2551960998269598,1.2551960998269598,0.13434145653821858,1.3895375563651784,0.0,0.05049582075134932,2.085968403674157,0.0,0.07260207599718564,0.0030514941066177503,0.2018267706939743,1.4258858993863712,2.1941046433987146,0.005754588313345703,0.11260163850920346,0.1171740821904545,-0.1171740821904545,0.37853848277213403,0.26136440058167953,0.12052824144513281,0.02320720097929141,-0.02320720097929141,0.710130366962256,0.6869231659829645,0.17831595980402262,0.24721498612311493,1.4291792008903184,2.195482831700363,1.6375729007435778,1.6375729007435778,2.0031673960936057e-06,0.24177930482610213,1.8793522055696799,1.4103142973706554e-05,0.1368582484013382,3.0070548895667346,True,0.24705979984839327,1.2543084235913808,1.2543084235913808,0.035750267384525816,1.2900586909759066,0.3153010923336999,0.10859147822263343,0.014183314008144828,1.0811771551219411,1.0811771551219411,0.0,0.0025247910375674663,0.0,0.004577241159926625,0.05045669267349358,1.4258858993863712,0.001205282414451328,0.0017831595980402262,6.009502188280817e-08,1.4103142973706555e-07,0.001368582484013382,3.0070548895667346
0.47934215096664295,0.0059383653782378865,0.03336827200166195,8325,1.1682681813033262,1.1682681824715944,1.3862458123309191,1.3862458123309191,0.13434145653821858,1.5205872688691378,0.0,0.059424795164077705,1.9107766154288055,0.0,0.07529209651831309,0.001968907937487982,0.27694659042947894,1.1932184698489827,2.092345398602925,0.0022038293014532495,0.11260163850920346,0.00829507609095187,-0.00829507609095187,0.37853848277213403,0.37024340668118216,0.09150400180048891,0.6391373600930726,0.6391373600930726,0.710130366962256,1.3492677270553286,0.17093637085522126,0.2357955672835126,1.1969859233513154,2.09406851858159,1.7122278679551126,1.7122278679551126,1.7305919935832725e-06,0.24177930482610213,1.9540071727812147,1.4352674870257652e-05,0.24661143228739774,2.691052526490827,True,0.23560154113333576,1.2499142504652851,1.2499142504652851,0.035750267384525816,1.285664517849811,0.23967107548332148,0.0029691826891189432,0.006673654400332391,1.1682681813033262,1.1682681813033262,0.0,0.0029712397582038856,0.0,0.002953361906231973,0.06923664760736974,1.1932184698489827,0.0009150400180048891,0.0017093637085522125,5.191775980749817e-08,1.4352674870257653e-07,0.0024661143228739773,2.691052526490827
8.01367137756359,0.0012944966332115726,0.015135799379497536,8350,7.517831569332241,7.517831576850072,6.902398770447996,6.902398770447996,0.13434145653821858,7.036740226986215,0.0,0.05423692341153304,2.3720998819110357,3.370575676168252e-06,0.08183591276376855,0.0017803575057725723,47.47236053805169,10.438345676804143,4.230842874050693,0.0028915903071651864,0.11260163850920346,0.14828336195416605,-0.14828336195416605,0.37853848277213403,0.23025512081796798,0.2917482329274325,1.5808844384047869,1.5808844384047869,0.710130366962256,2.291014805367043,0.20598258583157694,0.4772884763887153,10.489400246597471,4.2387343587576725,13.227746321815346,13.227746321815346,1.6044370203285925e-05,0.24177930482610213,13.469525626641447,1.903121961944974e-05,0.11736553708835068,33.846314865830294,True,0.4763998822015243,7.57966971482372,7.57966971482372,0.035750267384525816,7.6154199822082465,4.006835688781795,0.0006472483166057863,0.003027159875899507,7.517831569332241,7.517831569332241,0.0,0.002711846170576652,3.370575676168252e-06,0.0026705362586588585,11.868090134512922,10.438345676804143,0.002917482329274325,0.0020598258583157695,4.813311060985777e-07,1.903121961944974e-07,0.0011736553708835069,33.846314865830294
3.189262195065233,0.005340401668825656,0.022532024072072224,8375,3.1030989727651566,3.1030989758682557,2.622247379057244,2.622247379057244,0.13434145653821858,2.7565888355954624,0.0,0.03352231575360316,2.4937898093891935,0.0,0.06684192412345055,0.0006368185772353519,5.968908814642209,4.777942636886198,3.185850552276207,0.0008879115390908538,0.11260163850920346,0.20930214029034908,-0.20930214029034908,0.37853848277213403,0.16923634248178496,0.07410221988220311,0.9642605461227761,0.9642605461227761,0.710130366962256,1.674390913085032,0.1670495858690009,0.359047069851106,4.790181954682846,3.1886484310374854,4.398698182441639,4.398698182441639,2.532744648911767e-06,0.24177930482610213,4.6404774872677415,1.5042955058947357e-05,0.17362536181552152,10.98185585823444,True,0.3587320240902572,4.576874858049541,4.576874858049541,0.035750267384525816,4.612625125434067,1.5946310975326166,0.002670200834412828,0.004506404814414445,3.1030989727651566,3.1030989727651566,0.0,0.0016761157876801582,0.0,0.0009552278658530278,1.4922272036605522,4.777942636886198,0.0007410221988220311,0.001670495858690009,7.598233946735301e-08,1.504295505894736e-07,0.0017362536181552153,10.98185585823444
1.4188947434114858,0.018242957482798472,0.02271251661157147,8400,2.7815422562341956,2.781542259015738,2.775137328254992,2.775137328254992,0.13434145653821858,2.9094787847932104,0.0,0.03232816024644262,3.4478438060332204,0.0,0.05817239516883786,0.000665510529969659,4.523848780875137,2.5318336899255582,2.591173683142591,0.0014174953489149826,0.11260163850920346,0.12029538809390022,-0.12029538809390022,0.37853848277213403,0.2582430946782338,0.08188761279014622,0.5889759024910527,0.5889759024910527,0.710130366962256,1.2991062694533086,0.08713560193648319,0.29199782230162946,2.538264376670285,2.593193138533519,4.293900740851813,4.293900740851813,3.6010477714945403e-06,0.24177930482610213,4.535680045677915,2.5266363798170972e-05,0.29747049360035094,7.174729466733613,True,0.29177042829552013,3.4906378122598256,3.4906378122598256,0.035750267384525816,3.5263880796443514,0.7094473717057429,0.009121478741399236,0.004542503322314294,2.7815422562341956,2.7815422562341956,0.0,0.001616408012322131,0.0,0.0009982657949544884,1.1309621952187843,2.5318336899255582,0.0008188761279014623,0.0008713560193648319,1.0803143314483621e-07,2.526636379817097e-07,0.0029747049360035094,7.174729466733613
0.1036429312165812,0.023971330777187383,0.02411617618000037,8425,0.8092256218153787,0.8092256226246044,0.9636103015418898,0.9636103015418898,0.13434145653821858,1.0979517580801084,0.0,0.048994192073279055,2.0945673454711318,0.0,0.058739914176135555,0.0012882645392920493,0.07599104755585215,0.5211919090414057,1.7219362222810306,0.0021262769442696545,0.11260163850920346,0.033860040953391735,0.033860040953391735,0.37853848277213403,0.41239852372552577,0.04166733504714447,0.103124977005293,-0.103124977005293,0.710130366962256,0.607005389956963,0.1447645888283502,0.19394158300167377,0.5218168985205456,1.7223689490285041,1.3667933620496595,1.3667933620496595,7.4536952235545e-06,0.24177930482610213,1.6085726668757616,1.0358073875006933e-05,0.19456487859520322,1.4262380606075362,True,0.19389285725655425,0.6824810404139606,0.6824810404139606,0.035750267384525816,0.7182313077984864,0.0518214656082906,0.011985665388593691,0.004823235236000074,0.8092256218153787,0.8092256218153787,0.0,0.002449709603663953,0.0,0.001932396808938074,0.018997761888963037,0.5211919090414057,0.00041667335047144467,0.0014476458882835019,2.23610856706635e-07,1.0358073875006934e-07,0.0019456487859520323,1.4262380606075362
0.04143140577515725,0.06516353426061905,0.043837414172570185,8450,0.702700122828765,0.7027001235314652,0.5224238820200376,0.5224238820200376,0.13434145653821858,0.6567653385582563,0.0,0.03566215310263636,0.9764658821633014,0.0,0.05806435570864176,0.0017159241661129931,0.06963365210859011,0.3642690540512872,1.6035470603451625,0.002597172829450352,0.11260163850920346,0.22199941673166873,0.22199941673166873,0.37853848277213403,0.6005378995038028,0.03522079049934235,0.5074268891552504,0.5074268891552504,0.710130366962256,1.2175572561175063,0.09282995740099162,0.18063359233326964,0.36503647531683886,1.6041824851126014,1.3067068853861696,1.3067068853861696,3.274456261560594e-06,0.24177930482610213,1.5484861902122717,3.4085101919797273e-06,0.019941388719088356,1.152279590348887,True,0.18056204245695245,0.4263354692823432,0.4263354692823432,0.035750267384525816,0.46208573666686903,0.020715702887578624,0.032581767130309525,0.008767482834514038,0.702700122828765,0.702700122828765,0.0,0.001783107655131818,0.0,0.00257388624916949,0.01740841302714753,0.3642690540512872,0.00035220790499342346,0.0009282995740099163,9.823368784681782e-08,3.408510191979727e-08,0.00019941388719088357,1.152279590348887
0.0562376080487944,0.0033661072983769413,0.01930057991471327,8475,1.3125452838015559,1.3125452851141013,1.3488976208351116,1.3488976208351116,0.13434145653821858,1.4832390773733302,0.0,0.03268669685220465,2.2494323362722404,0.0,0.060355258218298666,0.0015649058856633158,0.6520432704718313,0.40595336688613604,1.637144698546677,0.0019024882936766025,0.11260163850920346,0.18521388597132032,0.18521388597132032,0.37853848277213403,0.5637523687434544,0.06670769021175067,0.7868046388461661,0.7868046388461661,0.710130366962256,1.496935005808422,0.10332001877291165,0.18448195674199774,0.4075025812882893,1.6383592885580105,2.4254795072545874,2.4254795072545874,1.167948169814863e-05,0.24177930482610213,2.6672588120806897,1.981562944595425e-05,0.08711308671561682,1.9217250921310314,True,0.18434519190445878,0.5079707398101418,0.5079707398101418,0.035750267384525816,0.5437210071946676,0.0281188040243972,0.0016830536491884707,0.003860115982942654,1.3125452838015559,1.3125452838015559,0.0,0.0016343348426102325,0.0,0.002347358828494974,0.16301081761795783,0.40595336688613604,0.0006670769021175067,0.0010332001877291165,3.503844509444589e-07,1.981562944595425e-07,0.0008711308671561683,1.9217250921310314
0.049754782175789034,0.06693979892045232,0.04169172348175438,8500,0.395617153595192,0.39561715399080916,0.3589488266462504,0.3589488266462504,0.13434145653821858,0.49329028318446894,0.0,0.03707787664540625,1.2510034942856334,0.0,0.06594266350981588,0.0019022285907654684,0.0,0.38820102223846153,1.6230578000783407,0.002744842837779355,0.11260163850920346,0.15747815203938073,-0.15747815203938073,0.37853848277213403,0.2210603307327533,0.021125624066383273,0.1551466494453455,-0.1551466494453455,0.710130366962256,0.5549837175169104,0.08920408170677192,0.1828029401807984,0.38868762033914733,1.6234481697295673,0.4582289986444428,0.4582289986444428,2.3470985141721885e-06,0.24177930482610213,0.7000083034705449,5.459016928378718e-06,0.0368074825206561,0.8566825446826064,True,0.18275898391454232,0.6283921833581909,0.6283921833581909,0.035750267384525816,0.6641424507427167,0.024877391087894517,0.03346989946022616,0.008338344696350876,0.395617153595192,0.395617153595192,0.0,0.0018538938322703127,0.0,0.0028533428861482026,0.0,0.38820102223846153,0.00021125624066383275,0.0008920408170677192,7.041295542516565e-08,5.459016928378718e-08,0.000368074825206561,0.8566825446826064
1.4153822764057693,0.46181156339546925,0.09390504014973138,8525,2.1838000394154045,2.1838000415992043,2.139461921779259,2.139461921779259,0.13434145653821858,2.2738033783174774,0.0,0.030670502954715673,1.4418852795573969,6.894355287764385e-06,0.08262571043486604,0.003351715362489886,2.5051766070766575,2.5271409942012473,2.5896983972443475,0.005801155175727575,0.11260163850920346,0.11964021710502654,0.11964021710502654,0.37853848277213403,0.49817869987716057,0.05186410896527377,1.6735552337444468,1.6735552337444468,0.710130366962256,2.383685600706703,0.09711388202976869,0.29195515993255766,2.537057266247897,2.5928142598080597,3.6411428901210945,3.6411428901210945,1.0769008765014562e-06,0.24177930482610213,3.882922194947197,8.788079737645216e-06,0.053871008224747684,6.3032097160431615,True,0.29160430867135556,1.787342537254196,1.787342537254196,0.035750267384525816,1.8230928046387218,0.7076911382028847,0.23090578169773462,0.018781008029946276,2.1838000394154045,2.1838000394154045,0.0,0.0015335251477357837,6.894355287764385e-06,0.005027573043734829,0.6262941517691644,2.5271409942012473,0.0005186410896527377,0.0009711388202976868,3.2307026295043685e-08,8.788079737645216e-08,0.0005387100822474768,6.3032097160431615
0.0670638823761182,0.01412738410337544,0.027682801204234955,8550,0.6335401384318702,0.6335401390654103,0.5566366382570607,0.5566366382570607,0.13434145653821858,0.6909780947952793,0.0,0.037351018726597594,1.650120992510756,0.0,0.06132377398673094,0.0010963557270684617,0.022994123638879555,0.43423744420463817,1.65896695228565,0.0012832368974989654,0.11260163850920346,0.11654075090059146,-0.11654075090059146,0.37853848277213403,0.26199773187154257,0.026577841301853405,0.3033354449737895,-0.3033354449737895,0.710130366962256,0.40679492198846645,0.10612590923484302,0.18684139230846813,0.4346937855611203,1.6593131164789006,1.0972938704538038,1.0972938704538038,4.050643754468837e-06,0.24177930482610213,1.3390731752799059,1.206300578263283e-05,0.05350998284452051,1.125032771036937,True,0.18680241364965328,0.6223931354470148,0.6223931354470148,0.035750267384525816,0.6581434028315406,0.0335319411880591,0.00706369205168772,0.005536560240846991,0.6335401384318702,0.6335401384318702,0.0,0.0018675509363298799,0.0,0.0016445335906026925,0.005748530909719889,0.43423744420463817,0.0002657784130185341,0.0010612590923484303,1.215193126340651e-07,1.206300578263283e-07,0.000535099828445205,1.125032771036937
0.2359500567929115,0.01806631100163647,0.026918881208064092,8575,3.3302030006913887,3.330203004021592,2.1754774913781074,2.1754774913781074,0.13434145653821858,2.309818947916326,0.0,0.03053150188098731,3.263371527111045,0.0,0.07177512009263348,0.0009959841521413263,7.354304505587427,0.7845475816788315,1.8857469061074001,0.0015913996733036713,0.11260163850920346,0.04458996542128624,-0.04458996542128624,0.37853848277213403,0.3339485173508478,0.056317798798498915,0.1415671445302299,0.1415671445302299,0.710130366962256,0.8516975114924858,0.08011991680815109,0.2124845041115824,0.7868508219483845,1.8870461216579353,5.390529087829875,5.390529087829875,1.7259560701116506e-05,0.24177930482610213,5.632308392655977,3.670264541865572e-05,0.33439390826769066,6.093448421280242,True,0.21233821029882335,4.651744248807397,4.651744248807397,0.035750267384525816,4.687494516191923,0.11797502839645575,0.009033155500818235,0.005383776241612819,3.3302030006913887,3.3302030006913887,0.0,0.0015265750940493656,0.0,0.0014939762282119894,1.8385761263968567,0.7845475816788315,0.0005631779879849892,0.0008011991680815109,5.177868210334952e-07,3.670264541865572e-07,0.0033439390826769068,6.093448421280242
0.1510995648479531,0.022899681011883333,0.02914847813447147,8600,1.558404048720754,1.5584040502791583,1.5375647367380443,1.5375647367380443,0.13434145653821858,1.6719061932762629,0.0,0.01951709831673127,2.336838518666857,0.0,0.044937815606042306,0.000803732900454842,1.0426256635306232,0.6220717846726344,1.7887152747808517,0.001248943406158877,0.11260163850920346,0.17961277563707048,-0.17961277563707048,0.37853848277213403,0.19892570713506355,0.046953343543469035,0.03126878830399138,0.03126878830399138,0.710130366962256,0.7413991552662473,0.048299668882762645,0.20148885907956193,0.6231449181389921,1.789395286367351,2.9384977037816142,2.9384977037816142,8.368487621007463e-06,0.24177930482610213,3.1802770086077166,2.155124871524e-05,0.1063087289478137,2.538159106080232,True,0.20141228865391675,1.0540414406218672,1.0540414406218672,0.035750267384525816,1.089791708006393,0.07554978242397654,0.011449840505941666,0.0058296956268942945,1.558404048720754,1.558404048720754,0.0,0.0009758549158365636,0.0,0.001205599350682263,0.2606564158826558,0.6220717846726344,0.00046953343543469037,0.00048299668882762647,2.510546286302239e-07,2.1551248715240002e-07,0.0010630872894781369,2.538159106080232
0.2697179635314488,0.013647588859553639,0.043129767681117766,8625,2.4027716328158686,2.4027716352186403,2.4713139378160887,2.4713139378160887,0.13434145653821858,2.605655394354307,0.0,0.04637949140397896,3.1553305796738798,0.0,0.05288888167314436,0.0011583217400651376,3.3412374902058475,0.8451929888460001,1.9193437816431893,0.00277380123311377,0.11260163850920346,0.00439928014929869,0.00439928014929869,0.37853848277213403,0.3829377629214327,0.13667491192083897,0.10878083851872566,0.10878083851872566,0.710130366962256,0.8189112054809816,0.21759464695467998,0.2162609950295883,0.8474760542907033,1.9205846263601751,4.4304911790229635,4.4304911790229635,3.178212251443759e-05,0.24177930482610213,4.672270483849066,2.6640863465868016e-05,0.1788119882703556,4.24297121646912,True,0.21612127386891175,1.7658030365579496,1.7658030365579496,0.035750267384525816,1.8015533039424754,0.1348589817657244,0.006823794429776819,0.008625953536223554,2.4027716328158686,2.4027716328158686,0.0,0.002318974570198948,0.0,0.0017374826100977063,0.8353093725514619,0.8451929888460001,0.0013667491192083897,0.0021759464695467997,9.534636754331277e-07,2.6640863465868017e-07,0.001788119882703556,4.24297121646912
0.0,0.010900075910433737,0.02434184381005192,8650,0.5418142488021602,0.5418142493439745,0.6041240600072137,0.6041240600072137,0.13434145653821858,0.7384655165454324,0.0,0.017008852033925846,1.9898768223083438,0.0,0.03763789394855444,0.0003913752315504891,0.05318096750598646,0.037527105150971254,1.1937191398674154,0.0005244358462038383,0.11260163850920346,0.5495373057254367,0.5495373057254367,0.37853848277213403,0.9280757884975708,0.035966054232507115,0.8055292470564611,0.8055292470564611,0.710130366962256,1.515659614018717,0.054064534303909575,0.13448558257435567,0.03777124479893786,1.1943482564854593,0.37204804253090673,0.37204804253090673,3.5544683245924977e-06,0.24177930482610213,0.6138273473570088,1.238570368535235e-05,0.08856943369680072,0.6061787387092961,True,0.13441474300605938,0.11644380568700193,0.11644380568700193,0.035750267384525816,0.15219407307152774,0.0,0.005450037955216869,0.004868368762010384,0.5418142488021602,0.5418142488021602,0.0,0.0008504426016962924,0.0,0.0005870628473257336,0.013295241876496614,0.037527105150971254,0.00035966054232507117,0.0005406453430390958,1.0663404973777493e-07,1.238570368535235e-07,0.0008856943369680072,0.6061787387092961
0.23704721822691802,0.026048899065456044,0.02472247744942099,8675,1.5033863254939068,1.5033863269972931,1.1576698907609755,1.1576698907609755,0.13434145653821858,1.292011347299194,0.0,0.032748088655723484,1.794705608863365,0.0,0.06527216702512863,0.0018204969111543872,0.9742902273113152,0.7865471792862581,1.8868749513241752,0.002051094028958715,0.11260163850920346,0.03363957599948053,-0.03363957599948053,0.37853848277213403,0.3448989067726535,0.02828435927913306,0.20994490113587805,0.20994490113587805,0.710130366962256,0.920075268098134,0.08844832430615931,0.21257121388458325,0.7882175684327514,1.8878161794159596,2.939795918408208,2.939795918408208,4.01696641473611e-06,0.24177930482610213,3.18157522323431,1.4232135409626407e-05,0.07395101645367154,2.6762738653743194,True,0.21246523004982515,1.1282925775531785,1.1282925775531785,0.035750267384525816,1.1640428449377043,0.11852360911345901,0.013024449532728022,0.0049444954898841985,1.5033863254939068,1.5033863254939068,0.0,0.0016374044327861744,0.0,0.0027307453667315806,0.2435725568278288,0.7865471792862581,0.0002828435927913306,0.0008844832430615931,1.2050899244208329e-07,1.4232135409626406e-07,0.0007395101645367154,2.6762738653743194
0.015917407894192784,0.02083397204546955,0.029010043459854872,8700,1.137175680353597,1.1371756814907727,1.103357362594867,1.103357362594867,0.13434145653821858,1.2376988191330855,0.0,0.008689225271164098,2.3091422492579863,0.0,0.027511775920323802,0.00014592057693060004,0.41161195208339924,0.27684877592357876,1.5261642100367325,0.0002749729542216898,0.11260163850920346,0.0555853690264807,0.0555853690264807,0.37853848277213403,0.43412385179861473,0.03620965597469376,0.10767881192054718,0.10767881192054718,0.710130366962256,0.8178091788828031,0.02919572600367639,0.1719382828438511,0.27768749337613086,1.5269606184300026,2.1729853511501958,2.1729853511501958,1.3966743502781128e-05,0.24177930482610213,2.414764655976298,2.873138838327477e-05,0.15578317312950982,1.5439710769560497,True,0.1718486059458823,0.7154686486338485,0.7154686486338485,0.035750267384525816,0.7512189160183743,0.007958703947096392,0.010416986022734775,0.0058020086919709744,1.137175680353597,1.137175680353597,0.0,0.0004344612635582049,0.0,0.00021888086539590006,0.10290298802084981,0.27684877592357876,0.00036209655974693756,0.0002919572600367639,4.1900230508343383e-07,2.873138838327477e-07,0.0015578317312950982,1.5439710769560497
0.0,0.08992616905289375,0.04917690194680615,8725,0.17619136418292927,0.1761913643591206,0.22684525265026725,0.22684525265026725,0.13434145653821858,0.36118670918848583,0.0,0.0339694612469703,1.2284351090654877,0.0,0.06785529770661385,0.00224849639927595,0.0,0.11560018428487469,1.3400002710070607,0.0033470616990355544,0.11260163850920346,0.1317296026130032,0.1317296026130032,0.37853848277213403,0.5102680853851372,0.024337589085314457,0.0744521985159281,-0.0744521985159281,0.710130366962256,0.6356781684463279,0.09312489728069635,0.150928745173449,0.11585701812646888,1.340377757978498,0.2840554139305945,0.2840554139305945,4.12418784599623e-07,0.24177930482610213,0.5258347187566966,6.3128137034755245e-06,0.06860173558925724,0.35352194876512777,True,0.15088623951817443,0.013225712531358135,-0.013225712531358135,0.035750267384525816,0.02252455485316768,0.0,0.04496308452644687,0.00983538038936123,0.17619136418292927,0.17619136418292927,0.0,0.001698473062348515,0.0,0.003372744598913925,0.0,0.11560018428487469,0.00024337589085314458,0.0009312489728069635,1.2372563537988689e-08,6.312813703475525e-08,0.0006860173558925724,0.35352194876512777
0.7898179128814289,0.026141655265109365,0.024895964265617066,8750,1.461094504231544,1.4610945056926385,1.6763830171327496,1.6763830171327496,0.13434145653821858,1.8107244736709682,0.0,0.02504788749496927,2.596549187354707,0.0,0.0481098896760458,0.0004064759585876352,0.8392836238286145,1.6607915159386129,2.28871700382148,0.001081559894586065,0.11260163850920346,0.054417365924952665,-0.054417365924952665,0.37853848277213403,0.32412111684718137,0.039833830695636056,0.4175535108779568,0.4175535108779568,0.710130366962256,1.1276838778402127,0.10936911921015977,0.2578901938339135,1.6648428816904284,2.290287906511732,2.6351439153067004,2.6351439153067004,2.3235592095146265e-06,0.24177930482610213,2.8769232201328028,1.6219639963086815e-05,0.17328589175506542,3.749753131686117,True,0.2577133076013436,0.8616438441469497,0.8616438441469497,0.035750267384525816,0.8973941115314755,0.39490895644071444,0.013070827632554682,0.004979192853123413,1.461094504231544,1.461094504231544,0.0,0.0012523943747484636,0.0,0.0006097139378814528,0.20982090595715364,1.6607915159386129,0.0003983383069563606,0.0010936911921015976,6.97067762854388e-08,1.6219639963086815e-07,0.0017328589175506543,3.749753131686117
0.0,0.005662633119473459,0.028817548803171215,8775,1.1333339709826267,1.1333339721159608,1.121098396744812,1.121098396744812,0.13434145653821858,1.2554398532830306,0.0,0.017399784513241808,1.9515286523524193,0.0,0.03973995884279496,0.0007821460493982003,0.402401827688078,0.01664433107435638,1.1290129104948663,0.0014593548988145616,0.11260163850920346,0.6465658173218272,0.6465658173218272,0.37853848277213403,1.0251043000939613,0.0350196588274647,1.3496000738333014,1.3496000738333014,0.710130366962256,2.0597304407955574,0.08482059311593404,0.1272151256348324,0.016842929498972883,1.1297803124475083,1.6654697165363788,1.6654697165363788,3.271328855346636e-06,0.24177930482610213,1.9072490213624809,9.542040598567095e-06,0.12330563517930299,1.2636484460306319,True,0.12712871490989572,0.3900137875220024,0.3900137875220024,0.035750267384525816,0.4257640549065282,0.0,0.0028313165597367296,0.005763509760634243,1.1333339709826267,1.1333339709826267,0.0,0.0008699892256620904,0.0,0.0011732190740973004,0.1006004569220195,0.01664433107435638,0.00035019658827464703,0.0008482059311593404,9.813986566039907e-08,9.542040598567095e-08,0.00123305635179303,1.2636484460306319
0.5292908942608483,0.04718483561534814,0.04642601850861687,8800,3.2094474651275147,3.209447468336962,2.6722256996747125,2.6722256996747125,0.13434145653821858,2.806567156212931,0.0,0.04298961005628496,2.5611436643906695,0.0,0.052101633353320534,0.0012625834510925766,6.99763084911995,1.2713099423399834,2.127523810098919,0.0017920685975996587,0.11260163850920346,0.2127229881600814,-0.2127229881600814,0.37853848277213403,0.16581549461205264,0.1422652864809215,0.26480990937491955,0.26480990937491955,0.710130366962256,0.9749402763371755,0.1828875702182185,0.2399917768249291,1.2799177227658507,2.1313344875702547,6.206410513519322,6.206410513519322,2.1848782094131192e-05,0.24177930482610213,6.4481898183454245,3.598414867096853e-05,0.15259248142138562,6.536510012752915,True,0.2395626882597198,2.393129384290074,2.393129384290074,0.035750267384525816,2.4288796516746,0.26464544713042415,0.02359241780767407,0.009285203701723374,3.2094474651275147,3.2094474651275147,0.0,0.002149480502814248,0.0,0.0018938751766388647,1.7494077122799876,1.2713099423399834,0.0014226528648092149,0.001828875702182185,6.554634628239358e-07,3.598414867096853e-07,0.0015259248142138562,6.536510012752915
0.5418335539592677,0.0014871822328893503,0.03146669287991392,8825,1.9201985851977907,1.9201985871179892,2.009463216221819,2.009463216221819,0.13434145653821858,2.1438046727600373,0.0,0.03456528799713275,3.063140605753251,0.0,0.05054906551385292,0.00024189836241508567,1.9327686484680968,1.2907083068005922,2.136093441051656,0.00046791675313248555,0.11260163850920346,0.03259628982924967,-0.03259628982924967,0.37853848277213403,0.34594219294288436,0.07861613050352613,0.5605683202073214,0.5605683202073214,0.710130366962256,1.2706986871695773,0.1467821264484598,0.24067947506326917,1.2937739451752537,2.137441842546358,3.636115122298954,3.636115122298954,1.7434567497246288e-05,0.24177930482610213,3.877894427125056,2.4137558547339097e-05,0.381984832005386,3.980218468033131,True,0.24052764283211348,0.9280291537226886,0.9280291537226886,0.035750267384525816,0.9637794211072144,0.27091677697963384,0.0007435911164446751,0.006293338575982784,1.9201985851977907,1.9201985851977907,0.0,0.0017282643998566376,0.0,0.0003628475436226285,0.4831921621170242,1.2907083068005922,0.0007861613050352613,0.001467821264484598,5.230370249173886e-07,2.4137558547339097e-07,0.0038198483200538604,3.980218468033131
0.0,0.0007219365841584224,0.018666715230691924,8850,0.4539679161818731,0.453967916635841,0.5591696968386017,0.5591696968386017,0.13434145653821858,0.6935111533768203,0.0,0.028216428487186494,1.6899108248398096,0.0,0.0421781484148321,0.0007649167098117821,0.0003961282716232172,0.05569515449305979,1.2359982086649384,0.00102221193769827,0.11260163850920346,0.21799511614428496,0.21799511614428496,0.37853848277213403,0.596533598916419,0.030716830174081024,0.07650884618732967,-0.07650884618732967,0.710130366962256,0.6336215207749263,0.09152671737962313,0.1392237849291701,0.05589800545140314,1.2364275902922566,0.8027250922388631,0.8027250922388631,3.5436213987972225e-06,0.24177930482610213,1.0445043970649652,1.2980302473651565e-05,0.07486392334288425,0.5183859213907659,True,0.1391754358500945,0.1414939888945384,0.1414939888945384,0.035750267384525816,0.1772442562790642,0.0,0.0003609682920792112,0.003733343046138385,0.4539679161818731,0.4539679161818731,0.0,0.0014108214243593248,0.0,0.001147375064717673,9.90320679058043e-05,0.05569515449305979,0.00030716830174081026,0.0009152671737962313,1.0630864196391668e-07,1.2980302473651566e-07,0.0007486392334288425,0.5183859213907659
0.40248317053982946,0.004079608940368851,0.017399410402763327,8875,0.9870518438864821,0.987051844873534,1.1437753065895087,1.1437753065895087,0.13434145653821858,1.2781167631277273,0.0,0.023835783151248825,1.6306210326038881,0.0,0.03466227647449173,0.000244833252460498,0.20838249604728803,1.070015661268739,2.034415613411137,0.0006793650018879606,0.11260163850920346,0.029928364942600205,0.029928364942600205,0.37853848277213403,0.40846684771473424,0.052615519393641945,0.27929766836547054,0.27929766836547054,0.710130366962256,0.9894280353277265,0.11767735714047318,0.22920428168287896,1.0723269440295622,2.0355322032798218,1.7403426561867834,1.7403426561867834,3.6562418695830665e-06,0.24177930482610213,1.9821219610128855,7.202451516311075e-06,0.050852331964434616,2.3196950738207054,True,0.22907855182295642,0.6748624414290046,0.6748624414290046,0.035750267384525816,0.7106127088135304,0.20124158526991473,0.0020398044701844253,0.0034798820805526653,0.9870518438864821,0.9870518438864821,0.0,0.0011917891575624413,0.0,0.000367249878690747,0.05209562401182201,1.070015661268739,0.0005261551939364195,0.0011767735714047318,1.0968725608749199e-07,7.202451516311075e-08,0.0005085233196443461,2.3196950738207054
0.16417905216206202,0.0049760030271298605,0.014888889756121381,8900,1.9167249019982633,1.916724903914988,2.124827298166566,2.124827298166566,0.13434145653821858,2.2591687547047843,0.0,0.014247772408633647,3.2570981549139413,0.0,0.035019748984452745,0.0002828355963038724,1.807841649437418,0.6483311667374873,1.8051901432192816,0.0005018573479613827,0.11260163850920346,0.10996289368155032,0.10996289368155032,0.37853848277213403,0.48850137645368436,0.05651876934357006,1.1088415517724606,1.1088415517724606,0.710130366962256,1.8189719187347164,0.08442733296480844,0.20349715089610892,0.6516213290346045,1.8072306541717829,3.354882503609375,3.354882503609375,2.0081011656952445e-05,0.24177930482610213,3.5966618084354773,4.0036104279401135e-05,0.24450465270161342,3.1095639389973058,True,0.2032673859990562,1.1650848473212103,1.1650848473212103,0.035750267384525816,1.2008351147057361,0.08208952608103101,0.0024880015135649303,0.0029777779512242765,1.9167249019982633,1.9167249019982633,0.0,0.0007123886204316824,0.0,0.0004242533944558086,0.4519604123593545,0.6483311667374873,0.0005651876934357006,0.0008442733296480844,6.024303497085734e-07,4.0036104279401137e-07,0.0024450465270161345,3.1095639389973058
0.7306478314223026,0.038860220598229356,0.03252260821287247,8925,0.9630362792555013,0.9630362802185376,1.246400444159285,1.246400444159285,0.13434145653821858,1.3807419006975037,0.0,0.0529650001024206,2.053370595383635,0.0,0.06874417897160294,0.0013827507233995374,0.16120253359214534,1.5744713555206429,2.2547794051229255,0.0018840713386782206,0.11260163850920346,0.24646750302358225,-0.24646750302358225,0.37853848277213403,0.13207097974855178,0.05071011651712795,0.5505193122809968,-0.5505193122809968,0.710130366962256,0.15961105468125908,0.16887158297451763,0.2539491128119926,1.5757472081985853,2.255287699373568,1.5712694471033126,1.5712694471033126,1.744479969013043e-05,0.24177930482610213,1.8130487519294147,1.236400461381841e-05,0.1382317392443686,2.9773679732886387,True,0.25389187804144253,0.5009739506640584,0.5009739506640584,0.035750267384525816,0.5367242180485842,0.3653239157111513,0.019430110299114678,0.006504521642574495,0.9630362792555013,0.9630362792555013,0.0,0.00264825000512103,0.0,0.002074126085099306,0.040300633398036335,1.5744713555206429,0.0005071011651712795,0.0016887158297451764,5.233439907039129e-07,1.236400461381841e-07,0.001382317392443686,2.9773679732886387
0.7226971344856841,0.13989708426707215,0.06622192614815359,8950,1.9159607742182907,1.9159607761342516,1.7368021013494381,1.7368021013494381,0.13434145653821858,1.8711435578876567,0.0,0.02139849795594225,2.291568712063547,0.0,0.050107745628389,0.0006345830557665065,1.7239880809235912,1.5627898973282521,2.2501159535532103,0.0016296151406126336,0.11260163850920346,0.12858287356455148,-0.12858287356455148,0.37853848277213403,0.24995560920758256,0.06626628786676443,0.12979199852228462,0.12979199852228462,0.710130366962256,0.8399223654845406,0.17036122625832323,0.25350901446103824,1.5659500160310655,2.251379245485183,3.3664796424309995,3.3664796424309995,2.4425088006139126e-06,0.24177930482610213,3.608258947257102,1.8503354239252385e-05,0.14401838519952367,4.3601177031669485,True,0.25336676570694977,1.992857806773006,1.992857806773006,0.035750267384525816,2.028608074157532,0.36134856724284203,0.06994854213353607,0.013244385229630718,1.9159607742182907,1.9159607742182907,0.0,0.0010699248977971126,0.0,0.0009518745836497597,0.4309970202308978,1.5627898973282521,0.0006626628786676443,0.0017036122625832322,7.327526401841737e-08,1.8503354239252385e-07,0.0014401838519952368,4.3601177031669485
0.15481920029292812,0.016645372861990748,0.027231906165637226,8975,0.8945773175888425,0.8945773184834198,0.7214327793947495,0.7214327793947495,0.13434145653821858,0.8557742359329681,0.0,0.018292357061503554,2.152962621147967,0.0,0.03031270930927745,0.0003890353911131229,0.08238106002102609,0.6295957689689874,1.7934707108450743,0.0006201263821094133,0.11260163850920346,0.03358348883991574,-0.03358348883991574,0.37853848277213403,0.3449549939322183,0.03287584706368494,0.13965584989098456,-0.13965584989098456,0.710130366962256,0.5704745170712714,0.05410228325733007,0.2019997102692926,0.6303281581975795,1.7939320866406518,1.2465541392309039,1.2465541392309039,4.88093221039765e-06,0.24177930482610213,1.488333444057006,1.123414588542948e-05,0.12392583506047146,1.6395544887366582,True,0.2019477585941283,1.3807059098064884,1.3807059098064884,0.035750267384525816,1.4164561771910142,0.07740960014646406,0.008322686430995374,0.0054463812331274454,0.8945773175888425,0.8945773175888425,0.0,0.0009146178530751777,0.0,0.0005835530866696843,0.020595265005256522,0.6295957689689874,0.0003287584706368494,0.0005410228325733007,1.464279663119295e-07,1.123414588542948e-07,0.0012392583506047146,1.6395544887366582
1.0444166807018858,0.09460176467891901,0.048273234441424874,9000,0.5434636063827599,0.5434636069262236,0.44999041651469374,0.44999041651469374,0.13434145653821858,0.5843318730529123,0.0,0.024603904710680795,0.9966959191077989,0.0002417878540600971,0.09554952906232524,0.0038130451068269624,0.00896082144012586,2.02199033221544,2.421967064391943,0.006268951816716636,0.11260163850920346,0.1448998808147372,-0.1448998808147372,0.37853848277213403,0.23363860195739683,0.021332884262134227,0.269349035783356,0.269349035783356,0.710130366962256,0.979479402745612,0.05605885633718677,0.27282159583714705,2.024620695354244,2.4228916667667444,0.9698905021862096,0.9698905021862096,7.171796589288538e-07,0.24177930482610213,1.2116698070123118,5.493202321733207e-06,0.05916446827518216,3.155415202822911,True,0.27271748408552887,0.48993838443489,0.48993838443489,0.035750267384525816,0.5256886518194158,0.5222083403509429,0.047300882339459505,0.009654646888284976,0.5434636063827599,0.5434636063827599,0.0,0.0012301952355340399,0.0002417878540600971,0.005719567660240444,0.002240205360031465,2.02199033221544,0.0002133288426213423,0.0005605885633718677,2.1515389767865614e-08,5.493202321733207e-08,0.0005916446827518217,3.155415202822911
2.9172754286689613,0.39837885330094425,0.09027422076035302,9025,3.067731243786922,3.067731246854653,2.9429683983008856,2.9429683983008856,0.13434145653821858,3.077309854839104,0.0,0.04558685933686848,2.0663336545489237,0.0,0.07995392633527544,0.0034889156258004553,5.895288814609482,4.443678105169609,3.1080033456258103,0.005564911531104661,0.11260163850920346,0.16780858194328233,-0.16780858194328233,0.37853848277213403,0.2107299008288517,0.14969331284204654,0.24173813722076865,0.24173813722076865,0.710130366962256,0.9518685041830246,0.16338729421429907,0.35018607161912,4.451910545359423,3.1099551050577885,4.969681994761315,4.969681994761315,3.281512002446907e-06,0.24177930482610213,5.211461299587417,1.2077052320690753e-05,0.17995719730851523,10.673556851411,True,0.34996630028958586,3.689102308831887,3.689102308831887,0.035750267384525816,3.7248525762164126,1.4586377143344806,0.19918942665047212,0.018054844152070603,3.067731243786922,3.067731243786922,0.0,0.002279342966843424,0.0,0.005233373438700683,1.4738222036523705,4.443678105169609,0.0014969331284204654,0.0016338729421429908,9.84453600734072e-08,1.2077052320690752e-07,0.0017995719730851522,10.673556851411
0.09064294689044922,0.019386579392043246,0.023952885073807835,9050,0.37716162663584524,0.3771616270130069,0.39236527574510116,0.39236527574510116,0.13434145653821858,0.5267067322833198,0.0,0.011919532372935875,0.942125484345617,0.0,0.03803041062526892,0.0002657716044627294,0.0,0.49149868381586986,1.7010696711567759,0.0007545145685709971,0.11260163850920346,0.12720373170927995,-0.12720373170927995,0.37853848277213403,0.2513347510628541,0.02528227427252691,0.08920375537312442,-0.08920375537312442,0.710130366962256,0.6209266115891315,0.030229259771567336,0.19162322318520253,0.49249504107442776,1.701779909283835,0.5498848836256064,0.5498848836256064,4.568571943996988e-06,0.24177930482610213,0.7916641884517085,3.9033211762438685e-06,0.023843190107879615,0.9302540079649536,True,0.1915432492012616,0.48040864924726534,0.48040864924726534,0.035750267384525816,0.5161589166317911,0.04532147344522461,0.009693289696021623,0.004790577014761568,0.37716162663584524,0.37716162663584524,0.0,0.0005959766186467937,0.0,0.00039865740669409416,0.0,0.49149868381586986,0.00025282274272526913,0.00030229259771567335,1.3705715831990963e-07,3.903321176243869e-08,0.00023843190107879615,0.9302540079649536
2.939181543486974,0.14276805003045834,0.05609443296473759,9075,4.800646572945595,4.8006465777462415,5.825132642770624,5.825132642770624,0.13434145653821858,5.959474099308843,0.0,0.049676631356512554,2.6907786110848138,4.277374410934003e-08,0.080206818142602,0.0019687659783769,17.44991467348644,4.470704852742658,3.1144041365696054,0.0023522419037180177,0.11260163850920346,0.026485524301604002,-0.026485524301604002,0.37853848277213403,0.35205295847053003,0.340950417832889,1.6008936852466027,1.6008936852466027,0.710130366962256,2.3110240522088588,0.14398789306630788,0.3513891800458981,4.4971129414661855,3.1206397481576604,8.087146971223477,8.087146971223477,1.204488299342935e-05,0.24177930482610213,8.328926276049579,2.7243662835021225e-05,0.1510584720571297,15.197821402333345,True,0.35068703990162,3.65148727337678,3.65148727337678,0.035750267384525816,3.6872375407613056,1.469590771743487,0.07138402501522917,0.011218886592947518,4.800646572945595,4.800646572945595,0.0,0.002483831567825628,4.277374410934003e-08,0.00295314896756535,4.36247866837161,4.470704852742658,0.00340950417832889,0.0014398789306630788,3.6134648980288047e-07,2.7243662835021225e-07,0.001510584720571297,15.197821402333345
0.36455720503658673,0.004769041014549447,0.014079258600536548,9100,1.7551767975497812,1.7551767993049578,2.5212382739121115,2.5212382739121115,0.13434145653821858,2.65557973045033,0.0,0.02331738104988444,3.7075898841402566,0.0,0.04492617589272408,0.0005166894218671318,1.5809379878287921,1.0075857872379046,2.0037857277516475,0.0008300042573227013,0.11260163850920346,0.3169580771544402,0.3169580771544402,0.37853848277213403,0.6954965599265742,0.09152549333309497,2.223472045722254,2.223472045722254,0.710130366962256,2.93360241268451,0.10642794349886706,0.22597821198889356,1.0138111906930196,2.006881914969685,1.9519239266877506,1.9519239266877506,6.680224099059767e-06,0.24177930482610213,2.1937032315138527,2.3572857903478374e-05,0.342487920760829,3.352821809387084,True,0.22562957620404947,0.4385067546740699,0.4385067546740699,0.035750267384525816,0.4742570220585957,0.18227860251829336,0.0023845205072747233,0.00281585172010731,1.7551767975497812,1.7551767975497812,0.0,0.001165869052494222,0.0,0.0007750341328006977,0.39523449695719803,1.0075857872379046,0.0009152549333309497,0.0010642794349886705,2.00406722971793e-07,2.3572857903478374e-07,0.0034248792076082904,3.352821809387084
1.1153188030754269,0.010345235344097037,0.0194983331632107,9125,4.068673623926436,4.06867362799511,3.1377155603390383,3.1377155603390383,0.13434145653821858,3.2720570168772567,0.0,0.03822259828124365,2.941852985184793,0.0,0.0688099501970803,0.0009206515387564101,11.7717458832815,2.1201880438270786,2.456086550939565,0.0011679875670990516,0.11260163850920346,0.2563113880981323,-0.2563113880981323,0.37853848277213403,0.12222709467400171,0.2197698930503227,0.8959691212435755,0.8959691212435755,0.710130366962256,1.6060994882058315,0.11215532152592482,0.27727286915534693,2.1386805121626824,2.462422822634645,6.678451405200361,6.678451405200361,2.0198236579693792e-05,0.24177930482610213,6.9202307100264635,2.4341113785951672e-05,0.1785120870949264,9.706927154013439,True,0.2765593945170787,5.239761173241321,5.239761173241321,0.035750267384525816,5.275511440625848,0.5576594015377134,0.005172617672048518,0.0038996666326421405,4.068673623926436,4.068673623926436,0.0,0.0019111299140621826,0.0,0.0013809773081346153,2.942936470820375,2.1201880438270786,0.002197698930503227,0.0011215532152592483,6.059470973908137e-07,2.434111378595167e-07,0.0017851208709492642,9.706927154013439
0.8083771000959784,0.037581812833004324,0.03282931449496568,9150,1.111829323344368,1.1118293244561972,1.078083695891235,1.078083695891235,0.13434145653821858,1.2124251524294536,0.0,0.02489428380498797,1.80844649923428,0.0,0.03827695019753883,0.0004316110370826084,0.33832689573591435,1.687655449597356,2.299097936876722,0.000816860804422646,0.11260163850920346,0.09560977508606794,-0.09560977508606794,0.37853848277213403,0.2829287076860661,0.04018740523897864,0.5342864934399109,0.5342864934399109,0.710130366962256,1.2444168604021668,0.06466042174054981,0.2589898256855337,1.6901393320694296,2.3000535881529767,2.017891458368012,2.017891458368012,2.120225654153807e-06,0.24177930482610213,2.2596707631941144,1.0875603265773599e-05,0.10546704873110822,3.3176072681049686,True,0.2588822177764275,0.807507618749327,0.807507618749327,0.035750267384525816,0.8432578861338528,0.4041885500479892,0.018790906416502162,0.006565862898993136,1.111829323344368,1.111829323344368,0.0,0.0012447141902493985,0.0,0.0006474165556239126,0.08458172393397859,1.687655449597356,0.0004018740523897864,0.0006466042174054982,6.360676962461421e-08,1.08756032657736e-07,0.0010546704873110823,3.3176072681049686
1.351760850428321,0.0006184400968104464,0.02249178851395429,9175,1.9072196010974307,1.9072196030046504,2.21054702760205,2.21054702760205,0.13434145653821858,2.3448884841402684,0.0,0.044963134524187834,2.2991586286828563,0.0,0.05790191248443548,0.0008952619869314919,1.7614972729599667,2.4418828554761127,2.5626525063097403,0.0013942388255553475,0.11260163850920346,0.13647539910809356,-0.13647539910809356,0.37853848277213403,0.24206308366404047,0.14904934534627076,0.26305000474922324,0.26305000474922324,0.710130366962256,0.9731803717114792,0.16947447296820067,0.2889439008359587,2.4525804922994854,2.5660716753391224,3.375735333366549,3.375735333366549,1.391516524498016e-05,0.24177930482610213,3.6175146381926515,1.2027443875168158e-05,0.15801789643256944,5.478521782362365,True,0.28855889676671864,1.3481487413064541,1.3481487413064541,0.035750267384525816,1.38389900869098,0.6758804252141605,0.0003092200484052232,0.004498357702790858,1.9072196010974307,1.9072196010974307,0.0,0.002248156726209392,0.0,0.0013428929803972378,0.4403743182399917,2.4418828554761127,0.0014904934534627076,0.0016947447296820069,4.1745495734940475e-07,1.2027443875168158e-07,0.0015801789643256944,5.478521782362365
0.0427480997127199,8.30490620495894e-06,0.013526684948205919,9200,0.41103968964513093,0.41103969005617064,0.3649867269662296,0.3649867269662296,0.13434145653821858,0.4993281835044482,0.0,0.02337029635701323,0.9625770331326731,0.0,0.04195633880754058,0.0008012910979320973,0.0,0.36815300839484066,1.606756135852651,0.0011088798331616732,0.11260163850920346,0.08323788740050098,0.08323788740050098,0.37853848277213403,0.461776370172635,0.0225310894390659,0.05576401459670244,0.05576401459670244,0.710130366962256,0.7658943815589584,0.0815882770869328,0.18098013329728163,0.3687647908072052,1.6072600685103584,0.7458818001580447,0.7458818001580447,3.0719731378637215e-07,0.24177930482610213,0.9876611049841468,4.098574205970458e-06,0.02732097223308281,0.8069611423930763,True,0.18092338964928617,0.38101836191448557,0.38101836191448557,0.035750267384525816,0.4167686292990114,0.02137404985635995,4.15245310247947e-06,0.002705336989641184,0.41103968964513093,0.41103968964513093,0.0,0.0011685148178506616,0.0,0.001201936646898146,0.0,0.36815300839484066,0.000225310894390659,0.000815882770869328,9.215919413591163e-09,4.098574205970458e-08,0.0002732097223308281,0.8069611423930763
0.0,0.007135126742170539,0.015401414318738043,9225,0.4941489340369825,0.49414893453113146,0.5084016603552667,0.5084016603552667,0.13434145653821858,0.6427431168934853,0.0,0.02029676110059722,1.7077925551774151,0.0,0.02156915558124106,8.271604316427132e-05,0.0052552396290112624,0.0554101735615041,1.2353936565872243,0.0003689024632620788,0.11260163850920346,0.4436838913593301,0.4436838913593301,0.37853848277213403,0.8222223741314642,0.022003108326406468,0.4519689795665204,0.4519689795665204,0.710130366962256,1.1620993465287763,0.09001362300266891,0.13915725567873316,0.055618974076775074,1.2358367530237284,0.4355668063229191,0.4355668063229191,2.9524601500244176e-06,0.24177930482610213,0.6773461111490212,7.2354388507544526e-06,0.054015622198264404,0.5603201603238152,True,0.13910736228953424,0.6095849428314016,0.6095849428314016,0.035750267384525816,0.6453352102159274,0.0,0.0035675633710852694,0.0030802828637476088,0.4941489340369825,0.4941489340369825,0.0,0.0010148380550298612,0.0,0.00012407406474640697,0.0013138099072528156,0.0554101735615041,0.00022003108326406468,0.000900136230026689,8.857380450073253e-08,7.235438850754453e-08,0.000540156221982644,0.5603201603238152
0.003978378621928626,0.00040773694322637777,0.004233577085245877,9250,1.4218109793695741,1.421810980791385,1.4541730769382282,1.4541730769382282,0.13434145653821858,1.5885145334764468,0.0,0.021110685702530517,1.8306770805473835,0.0,0.017459001951692765,0.00010536412917270868,0.7246846894660346,0.21443789029251767,1.4630743895882363,0.000386714738529864,0.11260163850920346,0.40266708605915064,0.40266708605915064,0.37853848277213403,0.7812055688312847,0.04833631039414147,0.8856795160452046,0.8856795160452046,0.710130366962256,1.5958098830074605,0.05601912482537389,0.1648638905057353,0.21542027488298374,1.4641338975801959,2.467571173832175,2.467571173832175,7.027618427664832e-06,0.24177930482610213,2.709350478658277,1.3727014894928162e-05,0.0717635386092426,1.8234349335441025,True,0.16474458815923199,0.9785890365919068,0.9785890365919068,0.035750267384525816,1.0143393039764326,0.001989189310964313,0.00020386847161318888,0.0008467154170491754,1.4218109793695741,1.4218109793695741,0.0,0.0010555342851265258,0.0,0.000158046193759063,0.18117117236650865,0.21443789029251767,0.0004833631039414147,0.0005601912482537389,2.1082855282994496e-07,1.3727014894928162e-07,0.000717635386092426,1.8234349335441025
0.0,0.045607418286622514,0.03818901952824943,9275,0.26649766630005467,0.2664976665665523,0.20814096851742966,0.20814096851742966,0.13434145653821858,0.34248242505564824,0.0,0.021999911024706716,1.1889342136897503,0.0,0.03924059648602467,0.0009368436222449931,0.0,0.0382538176939976,1.1955858320380022,0.001389177549837476,0.11260163850920346,0.3511606143175416,0.3511606143175416,0.37853848277213403,0.7296990970896756,0.021703148693895787,0.03669437445333246,0.03669437445333246,0.710130366962256,0.7468247414155884,0.060579187607549,0.1346713983108273,0.038415396671747454,1.195998460891272,0.42030878993934195,0.42030878993934195,7.61212223742969e-07,0.24177930482610213,0.6620880947654441,6.154798497219805e-06,0.0948884297089896,0.3394700500720723,True,0.13462493562172667,0.10228702550687672,0.10228702550687672,0.035750267384525816,0.13803729289140254,0.0,0.022803709143311257,0.007637803905649886,0.26649766630005467,0.26649766630005467,0.0,0.001099995551235336,0.0,0.0014052654333674896,0.0,0.0382538176939976,0.00021703148693895787,0.00060579187607549,2.2836366712289068e-08,6.154798497219805e-08,0.000948884297089896,0.3394700500720723
0.11796318512842878,0.005214733861271137,0.02555022122766719,9300,0.8024098246156451,0.802409825418055,0.9224373091431213,0.9224373091431213,0.13434145653821858,1.0567787656813399,0.0,0.012958355060138005,1.9303302370337798,0.0,0.05797530914068647,0.0006551153516727271,0.10976220114877307,0.5527293374874745,1.7434576904488073,0.0012903399189216913,0.11260163850920346,0.027570735499046595,0.027570735499046595,0.37853848277213403,0.4061092182711806,0.02497627376441897,0.0008431549386935799,0.0008431549386935799,0.710130366962256,0.7109735219009495,0.06374957674676648,0.19638447556928318,0.55363115764304,1.7440639472807697,1.4968594279191885,1.4968594279191885,1.8114962577105251e-06,0.24177930482610213,1.7386387327452906,1.0407231832851206e-05,0.08987642437401598,1.4526954880772702,True,0.19631621005058425,0.3564660531119287,0.3564660531119287,0.035750267384525816,0.3922163204964545,0.05898159256421439,0.0026073669306355685,0.005110044245533438,0.8024098246156451,0.8024098246156451,0.0,0.0006479177530069003,0.0,0.0009826730275090908,0.027440550287193267,0.5527293374874745,0.0002497627376441897,0.0006374957674676649,5.4344887731315755e-08,1.0407231832851206e-07,0.0008987642437401598,1.4526954880772702
0.3188145139640224,0.011995270599714614,0.02806381833387594,9325,0.9453411065800468,0.9453411075253879,0.8822563993436088,0.8822563993436088,0.13434145653821858,1.0165978558818274,0.0,0.018106312775489863,1.0184367833721022,0.0,0.04159708133934527,0.000309236054885887,0.20446507081466753,0.9305238108984271,1.964636621168006,0.0005788993678868789,0.11260163850920346,0.03604956423640232,0.03604956423640232,0.37853848277213403,0.41458804700853635,0.03443126130552066,0.25734876533383944,0.25734876533383944,0.710130366962256,0.9674791322960954,0.07092883674085833,0.22132611227417526,0.9323201085868372,1.965567247055759,1.7691855141727906,1.7691855141727906,5.676264738587677e-06,0.24177930482610213,2.0109648189988927,4.7992343478591285e-06,0.06939018918860368,2.101115732004523,True,0.2212213222650689,0.7017316809468974,0.7017316809468974,0.035750267384525816,0.7374819483314232,0.1594072569820112,0.005997635299857307,0.005612763666775189,0.9453411065800468,0.9453411065800468,0.0,0.0009053156387744932,0.0,0.00046385408232883053,0.05111626770366688,0.9305238108984271,0.00034431261305520664,0.0007092883674085832,1.7028794215763031e-07,4.799234347859129e-08,0.0006939018918860368,2.101115732004523
0.0,0.33146846493309456,0.08159305158436997,9350,0.3682789129793361,0.36827891334761503,0.311483792122765,0.311483792122765,0.13434145653821858,0.44582524866098355,0.0,0.022077930004491507,1.6904170850341296,0.0,0.07020349648784172,0.0018108339953465838,0.005116949711601214,0.04337687312447494,1.2082711528860273,0.0029843894013923595,0.11260163850920346,0.3374098761623679,0.3374098761623679,0.37853848277213403,0.7159483589345019,0.015225016159816258,0.4498219651808112,0.4498219651808112,0.710130366962256,1.1599523321430671,0.07128308242110645,0.13610232521745325,0.04355833179633468,1.2087063290758924,0.5135597179361505,0.5135597179361505,1.4231189854941064e-06,0.24177930482610213,0.7553390227622526,1.268192462439745e-05,0.11601460226989552,0.600833410329701,True,0.13605332366108247,0.03458075403505427,0.03458075403505427,0.035750267384525816,0.07033102141958009,0.0,0.16573423246654728,0.016318610316873993,0.3682789129793361,0.3682789129793361,0.0,0.0011038965002245753,0.0,0.0027162509930198754,0.0012792374279003034,0.04337687312447494,0.0001522501615981626,0.0007128308242110645,4.269356956482319e-08,1.268192462439745e-07,0.0011601460226989553,0.600833410329701
0.15385496696419468,0.013619846902824584,0.024490896819708403,9375,0.6355652069010145,0.6355652075365796,0.6698228438724221,0.6698228438724221,0.13434145653821858,0.8041643004106407,0.0,0.005955084510878337,1.3325082467840208,0.0,0.035486740627656055,0.0004076355593064934,0.043575154601500056,0.6276497707087508,1.7922435046806953,0.0007171561741451954,0.11260163850920346,0.15704695434601285,0.15704695434601285,0.37853848277213403,0.5355854371181469,0.032368232119684516,0.6849561392136424,0.6849561392136424,0.710130366962256,1.3950865061758984,0.024163313810162297,0.20191714434609695,0.6291643836784004,1.7931988298518855,1.0067814033423896,1.0067814033423896,1.0115931828891451e-06,0.24177930482610213,1.2485607081684917,6.720900701984706e-06,0.06935324464749841,1.3649125055846714,True,0.20180957315695858,0.2522212725958104,0.2522212725958104,0.035750267384525816,0.2879715399803362,0.07692748348209734,0.006809923451412292,0.004898179363941681,0.6355652069010145,0.6355652069010145,0.0,0.0002977542255439169,0.0,0.0006114533389597401,0.010893788650375014,0.6276497707087508,0.00032368232119684516,0.000241633138101623,3.034779548667435e-08,6.720900701984706e-08,0.0006935324464749841,1.3649125055846714
0.0009886123334000491,0.10056913551386015,0.04826400307981999,9400,0.40090802430857536,0.4009080247094834,0.563423180056854,0.563423180056854,0.13434145653821858,0.6977646365950726,0.0,0.018244525152070527,1.9402423353473375,0.0,0.06233614236438275,0.0016845466043640123,0.001043195018207951,0.18614237732745267,1.4314422062425658,0.0021521120878777687,0.11260163850920346,0.1813879432178655,0.1813879432178655,0.37853848277213403,0.5599264259899995,0.03131355597575688,0.36209134093114514,0.36209134093114514,0.710130366962256,1.072221707893401,0.047495669119893884,0.16125532578539162,0.1866989359430596,1.4320867227109155,0.46487707974611747,0.46487707974611747,8.402610035272665e-06,0.24177930482610213,0.7066563845722196,8.56912624449673e-06,0.0681622789399205,0.6526519739042427,True,0.16118275216856412,0.32568100522063004,0.32568100522063004,0.035750267384525816,0.36143127260515584,0.0004943061667000246,0.050284567756930076,0.009652800615963998,0.40090802430857536,0.40090802430857536,0.0,0.0009122262576035264,0.0,0.0025268199065460184,0.00026079875455198775,0.18614237732745267,0.0003131355597575688,0.00047495669119893886,2.5207830105817994e-07,8.56912624449673e-08,0.000681622789399205,0.6526519739042427
3.991771947988027,0.039236163843971106,0.03327188491930451,9425,5.820317294586278,5.820317300406596,7.93734913874719,7.93734913874719,0.13434145653821858,8.071690595285409,0.0,0.009861656353866237,3.217184667872753,0.0,0.059395901894103605,0.0011413983193804158,27.155428563504387,5.7501254904536285,3.397941928082002,0.0015619489512144497,0.11260163850920346,0.026220384935388807,-0.026220384935388807,0.37853848277213403,0.3523180978367452,0.2263099883791112,1.6482955554844563,1.6482955554844563,0.710130366962256,2.3584259224467123,0.03067767681220528,0.38372759152409364,5.7976588098781034,3.407832803555534,9.562338224407009,9.562338224407009,5.30971177275852e-05,0.24177930482610213,9.80411752923311,4.52071921206697e-05,0.244126753981462,20.388676728289806,True,0.3826138626405747,3.496151880556608,3.496151880556608,0.035750267384525816,3.5319021479411337,1.9958859739940136,0.019618081921985553,0.0066543769838609025,5.820317294586278,5.820317294586278,0.0,0.0004930828176933119,0.0,0.0017120974790706238,6.788857140876097,5.7501254904536285,0.002263099883791112,0.0003067767681220528,1.592913531827556e-06,4.52071921206697e-07,0.00244126753981462,20.388676728289806
0.3242589004989509,0.2698899721764316,0.07446675563218427,9450,0.43717401374331155,0.4371740141804855,0.32485484913524654,0.32485484913524654,0.13434145653821858,0.45919630567346514,0.0,0.030598490006751154,1.1351414727340798,9.680478740526839e-05,0.08983894239261865,0.003241872046199736,0.0,0.9398087839577532,1.969437354323503,0.005767494755165732,0.11260163850920346,0.1580548078011076,-0.1580548078011076,0.37853848277213403,0.22048367497102644,0.013558534597223424,0.31835638758997314,-0.31835638758997314,0.710130366962256,0.3917739793722828,0.07795394998389286,0.2218038322848508,0.9405310749662809,1.9698098138121107,0.6649654766535806,0.6649654766535806,5.547358876076497e-07,0.24177930482610213,0.9067447814796827,5.0409765742190356e-06,0.05505011313071083,1.6969058155511958,True,0.2217618927324307,0.5306257847459047,0.5306257847459047,0.035750267384525816,0.5663760521304305,0.16212945024947545,0.1349449860882158,0.014893351126436855,0.43717401374331155,0.43717401374331155,0.0,0.0015299245003375578,9.680478740526839e-05,0.004862808069299604,0.0,0.9398087839577532,0.00013558534597223426,0.0007795394998389287,1.664207662822949e-08,5.040976574219036e-08,0.0005505011313071083,1.6969058155511958
0.06967616517243941,0.041725809279110515,0.03141435105539893,9475,0.993992400301593,0.9939924012955853,0.7286642621636727,0.7286642621636727,0.13434145653821858,0.8630057187018914,0.0,0.03204780668720186,1.043459535727497,0.0,0.05489794715421928,0.0008831227383136731,0.215745596981688,0.44084611026491977,1.6639624313656005,0.0009979651427615794,0.11260163850920346,0.27494572630149633,0.27494572630149633,0.37853848277213403,0.6534842090736304,0.02520452269191558,0.8223587168887133,0.8223587168887133,0.710130366962256,1.5324890838509693,0.07808569598382295,0.18748811606120436,0.4423002580518377,1.6650565825941712,1.649947202744335,1.649947202744335,1.3263297504669733e-06,0.24177930482610213,1.891726507570437,4.490456327767161e-06,0.020863820912786477,1.554927466780961,True,0.18736491282914894,0.9669323030668313,0.9669323030668313,0.035750267384525816,1.0026825704513571,0.034838082586219704,0.020862904639555258,0.006282870211079786,0.993992400301593,0.993992400301593,0.0,0.0016023903343600932,0.0,0.0013246841074705095,0.053936399245422,0.44084611026491977,0.00025204522691915583,0.0007808569598382295,3.97898925140092e-08,4.4904563277671615e-08,0.00020863820912786477,1.554927466780961
0.15908507033292427,0.32364826935159885,0.0806072611201099,9500,0.7182806298745031,0.7182806305927838,0.5600139701984168,0.5600139701984168,0.13434145653821858,0.6943554267366354,0.0,0.036415103686884887,1.4319366670089941,0.0004858828616599539,0.10204275077343919,0.00550048851682207,0.06157511864255012,0.6381688289497982,1.7988546982710925,0.011706414822293388,0.11260163850920346,0.004810178217855288,-0.004810178217855288,0.37853848277213403,0.37372830455427875,0.022831163432554327,0.18431435635345472,0.18431435635345472,0.710130366962256,0.8944447233157107,0.08428521429924442,0.20260799665804047,0.6389351564613484,1.799334195728763,1.3130860781387668,1.3130860781387668,3.7497181168549454e-06,0.24177930482610213,1.5548653829648689,7.607068649279177e-06,0.04906582371848247,1.6414507419491922,True,0.2025540044538508,0.7126217132757872,0.7126217132757872,0.035750267384525816,0.748371980660313,0.07954253516646213,0.16182413467579942,0.01612145222402198,0.7182806298745031,0.7182806298745031,0.0,0.0018207551843442444,0.0004858828616599539,0.008250732775233105,0.01539377966063753,0.6381688289497982,0.00022831163432554327,0.0008428521429924442,1.1249154350564836e-07,7.607068649279177e-08,0.0004906582371848247,1.6414507419491922
1.2274446618103216,0.05585780680137242,0.03741441489874182,9525,0.9606263789974555,0.9606263799580819,1.1014975300412022,1.1014975300412022,0.13434145653821858,1.2358389865794208,0.0,0.01931329589876749,1.526287105454657,0.0,0.038147747576342726,0.0005346668015805314,0.16959583947001253,2.273765474811238,2.5079010162511457,0.0007722184396409878,0.11260163850920346,0.023208778500930893,0.023208778500930893,0.37853848277213403,0.4017472612730649,0.04185609357037194,1.007300912563239,1.007300912563239,0.710130366962256,1.7174312795254951,0.05503118473663223,0.28259232111027166,2.2790858623080466,2.509664155469039,1.2851471880717833,1.2851471880717833,4.006735844563866e-06,0.24177930482610213,1.5269264928978854,5.8969829351912025e-06,0.05706840956989524,3.9292323320097746,True,0.28239378872778564,0.8566920857641473,0.8566920857641473,0.035750267384525816,0.8924423531486732,0.6137223309051608,0.02792890340068621,0.007482882979748364,0.9606263789974555,0.9606263789974555,0.0,0.0009656647949383744,0.0,0.0008020002023707971,0.04239895986750313,2.273765474811238,0.0004185609357037194,0.0005503118473663223,1.2020207533691597e-07,5.896982935191203e-08,0.0005706840956989525,3.9292323320097746
0.0,0.011670232574443662,0.017146450056609627,9550,0.13743092430075224,0.13743092443818314,0.11939182981398103,0.11939182981398103,0.13434145653821858,0.2537332863521996,0.0,0.014829891746315502,1.163326127084142,0.0,0.04082433262618937,0.000550514028120726,0.0,0.06863724937821625,1.2619871168172516,0.0005791400129871978,0.11260163850920346,0.08743570698752534,0.08743570698752534,0.37853848277213403,0.4659741897596594,0.01859102234137357,0.2664627233023872,-0.2664627233023872,0.710130366962256,0.44366764365986877,0.037715668203544814,0.1421380974934041,0.06880611941006444,1.262309205728782,0.033642812065509314,0.033642812065509314,2.5726338324509676e-06,0.24177930482610213,0.27542211689161145,4.161833805520004e-06,0.0856989420654548,0.21832002073046589,True,0.14210182975099925,0.020066423785251655,0.020066423785251655,0.035750267384525816,0.05581669116977747,0.0,0.005835116287221831,0.003429290011321926,0.13743092430075224,0.13743092430075224,0.0,0.0007414945873157751,0.0,0.000825771042181089,0.0,0.06863724937821625,0.0001859102234137357,0.00037715668203544816,7.717901497352902e-08,4.161833805520004e-08,0.0008569894206545479,0.21832002073046589
0.5616744236095071,0.00013099778296565834,0.01368813527493545,9575,1.9478175814675547,1.9478175834153721,1.4138219384450434,1.4138219384450434,0.13434145653821858,1.548163394983262,0.0,0.018078054088170852,2.5397523822207475,0.0,0.047163488593778,0.0008186072355869005,2.018920041330027,1.3212339545237313,2.14944941364278,0.0014319735084860335,0.11260163850920346,0.1351199445603904,-0.1351199445603904,0.37853848277213403,0.24341853821174364,0.04364548198963671,0.22804659418457485,0.22804659418457485,0.710130366962256,0.9381769611468308,0.0670803574548036,0.2421491924251034,1.3236369123180982,2.150494203513472,3.851953966520658,3.851953966520658,1.2058488674179263e-05,0.24177930482610213,4.0937332713467605,2.2608053049767634e-05,0.20838623470766549,4.062745406209515,True,0.24203154736331778,1.4364060042169768,1.4364060042169768,0.035750267384525816,1.4721562716015026,0.2808372118047536,6.549889148282917e-05,0.0027376270549870903,1.9478175814675547,1.9478175814675547,0.0,0.0009039027044085426,0.0,0.0012279108533803508,0.5047300103325068,1.3212339545237313,0.00043645481989636713,0.0006708035745480361,3.617546602253779e-07,2.2608053049767634e-07,0.002083862347076655,4.062745406209515
1.1910153788338584,0.14342125192204203,0.05707559182593165,9600,1.1909870381429317,1.1909870393339188,1.4563811293832944,1.4563811293832944,0.13434145653821858,1.590722585921513,0.0,0.021274984495410355,1.2051314865096672,0.0,0.06808135742156521,0.0017292447099267454,0.31111243375835895,2.224084587117869,2.4913365103550134,0.002687136446007256,0.11260163850920346,0.027065144965379262,0.027065144965379262,0.37853848277213403,0.4056036277375133,0.035568590493202046,0.8412134292656838,0.8412134292656838,0.710130366962256,1.5513437962279397,0.05690897371773025,0.280730383322565,2.2294328309482396,2.49312853798601,1.6776976982294245,1.6776976982294245,6.967243139446331e-07,0.24177930482610213,1.9194770030555266,5.562484870526891e-06,0.07631157155802382,4.176828751617455,True,0.28052859805714075,1.2033962452118045,1.2033962452118045,0.035750267384525816,1.2391465125963304,0.5955076894169292,0.07171062596102101,0.011415118365186331,1.1909870381429317,1.1909870381429317,0.0,0.0010637492247705179,0.0,0.002593867064890118,0.07777810843958974,2.224084587117869,0.00035568590493202044,0.0005690897371773025,2.0901729418338992e-08,5.562484870526891e-08,0.0007631157155802382,4.176828751617455
0.000747190397759031,0.14353173821779952,0.05653735541609023,9625,0.40705125824153243,0.4070512586485837,0.3624999945238758,0.3624999945238758,0.13434145653821858,0.4968414510620944,0.0,0.04379608124166559,0.7413171040405694,0.0,0.06006989829910701,0.0020213857531377207,0.0,0.18261501732605204,1.4273347836603663,0.0023356430801880035,0.11260163850920346,0.11123103534042195,0.11123103534042195,0.37853848277213403,0.489769518112556,0.040270490734381666,0.02818841416487894,0.02818841416487894,0.710130366962256,0.7383187811271349,0.11547702532916897,0.16076833341950014,0.18298016560074154,1.427761809422886,0.46928593659048956,0.46928593659048956,3.155559912029374e-07,0.24177930482610213,0.7110652414165917,2.2883190946831878e-06,0.046784856388174555,0.6803604497247595,True,0.1607202496146845,0.6809193561718782,0.6809193561718782,0.035750267384525816,0.716669623556404,0.0003735951988795155,0.07176586910889976,0.011307471083218047,0.40705125824153243,0.40705125824153243,0.0,0.0021898040620832795,0.0,0.003032078629706581,0.0,0.18261501732605204,0.00040270490734381666,0.0011547702532916898,9.466679736088122e-09,2.288319094683188e-08,0.00046784856388174553,0.6803604497247595
1.384423683520186,0.017110807265386607,0.024274936615748994,9650,0.7659063435221783,0.7659063442880847,0.7370971624347448,0.7370971624347448,0.13434145653821858,0.8714386189729634,0.0,0.016117320778537947,0.9981309425072876,0.0,0.05469330127295671,0.0009097653471595114,0.07689999952407926,2.4857159640860678,2.5766153507073524,0.00112479884016272,0.11260163850920346,0.1949888182508586,-0.1949888182508586,0.37853848277213403,0.18354966452127544,0.038359383880680865,0.09824317128677518,0.09824317128677518,0.710130366962256,0.8083735382490311,0.0417751384384332,0.2902484051664842,2.4890009840652545,2.5776568017364405,1.378301333172212,1.378301333172212,1.4137274113003119e-06,0.24177930482610213,1.6200806379983141,2.2316571404784255e-06,0.08290492748379219,3.980270513491291,True,0.2901311360637673,0.6651041191142122,0.6651041191142122,0.035750267384525816,0.700854386498738,0.692211841760093,0.008555403632693304,0.004854987323149799,0.7659063435221783,0.7659063435221783,0.0,0.0008058660389268974,0.0,0.001364648020739267,0.019224999881019816,2.4857159640860678,0.0003835938388068087,0.00041775138438433204,4.241182233900935e-08,2.2316571404784257e-08,0.000829049274837922,3.980270513491291
0.25996243145590886,0.5865371264515503,0.10665625969029789,9675,0.3900330824314982,0.39003308282153126,0.3287983509565847,0.3287983509565847,0.13434145653821858,0.46313980749480327,0.0,0.027734342219071506,1.6334305719807944,0.00014116643488554893,0.09188134819309446,0.0030685797275516328,8.706930593754106e-05,0.8278545202879694,1.9098651110400757,0.006492326284506962,0.11260163850920346,0.02447392893924666,-0.02447392893924666,0.37853848277213403,0.3540645538328874,0.014695340043038869,0.07063762112743699,0.07063762112743699,0.710130366962256,0.7807679880896929,0.08977160456823573,0.21511303717367675,0.8288095297075855,1.910389768015648,0.7790856545481144,0.7790856545481144,5.546893825058782e-06,0.24177930482610213,1.0208649593742165,9.638023162805573e-06,0.052822099878211445,1.670194307306849,True,0.21505395993332543,0.19989389446813388,0.19989389446813388,0.035750267384525816,0.23564416185265968,0.12998121572795443,0.29326856322577516,0.02133125193805958,0.3900330824314982,0.3900330824314982,0.0,0.0013867171109535753,0.00014116643488554893,0.0046028695913274496,2.1767326484385266e-05,0.8278545202879694,0.0001469534004303887,0.0008977160456823573,1.6640681475176345e-07,9.638023162805574e-08,0.0005282209987821144,1.670194307306849
0.2571571736708702,0.12285272972802574,0.05335149475577244,9700,0.428345851109192,0.42834585153753785,0.362131657800719,0.362131657800719,0.13434145653821858,0.49647311433893754,0.0,0.03211151982232321,0.9890493862773629,0.0,0.05240645926328938,0.0012572936151551476,0.003554365804841143,0.8228425088129687,1.9071066689276233,0.0014734310344668277,0.11260163850920346,0.06591637253119226,0.06591637253119226,0.37853848277213403,0.4444548553033263,0.016308086434385197,0.4229068377634334,0.4229068377634334,0.710130366962256,1.1330372047256894,0.08503945827353362,0.2148394690327558,0.8243918090119428,1.9079602463830356,0.7667606707582149,0.7667606707582149,2.449211686093466e-07,0.24177930482610213,1.008539975584317,3.281864019956116e-06,0.07921374662710672,1.458049371517448,True,0.21474335480414608,0.12306265578667451,0.12306265578667451,0.035750267384525816,0.15881292317120033,0.1285785868354351,0.06142636486401287,0.010670298951154488,0.428345851109192,0.428345851109192,0.0,0.0016055759911161604,0.0,0.0018859404227327212,0.0008885914512102857,0.8228425088129687,0.000163080864343852,0.0008503945827353363,7.347635058280398e-09,3.2818640199561156e-08,0.0007921374662710672,1.458049371517448
0.00217266365563794,0.5605659626588425,0.10347533691592514,9725,0.3758087914934278,0.37580879186923655,0.47493320773539827,0.47493320773539827,0.13434145653821858,0.6092746642736169,0.0,0.017277908821336264,0.5742685599230988,0.0,0.07816290231915808,0.002234983491283738,0.006479199815145021,0.19946213589122042,1.446611840294478,0.0032956505504215085,0.11260163850920346,0.37280166064050974,0.37280166064050974,0.37853848277213403,0.7513401434126438,0.02167656394378372,0.46985851901608744,0.46985851901608744,0.710130366962256,1.1799888859783434,0.0789256961064413,0.16295889866117955,0.2000020816466161,1.4472159228455714,0.20737231101772816,0.20737231101772816,1.0932881575342203e-07,0.24177930482610213,0.4491516158438303,7.748755658414512e-07,0.03121761010460458,0.8844896882870206,True,0.16289087797009077,0.2790130946319448,0.2790130946319448,0.035750267384525816,0.3147633620164706,0.00108633182781897,0.28028298132942125,0.02069506738318503,0.3758087914934278,0.3758087914934278,0.0,0.0008638954410668132,0.0,0.003352475236925607,0.0016197999537862552,0.19946213589122042,0.0002167656394378372,0.0007892569610644131,3.2798644726026607e-09,7.748755658414512e-09,0.00031217610104604577,0.8844896882870206
0.10861164972530116,0.18233511628593002,0.06305266800164186,9750,1.0543963653853925,1.0543963664397888,1.2064515734703334,1.2064515734703334,0.13434145653821858,1.340793030008552,0.0,0.01924525436231508,2.074370171365742,0.0,0.05850400557120143,0.001384817727210702,0.3075554052523786,0.5322619025683293,1.7295628160537853,0.002708423203590014,0.11260163850920346,0.0795975765237692,0.0795975765237692,0.37853848277213403,0.45813605929590323,0.05031867628884927,1.1666892633065302,1.1666892633065302,0.710130366962256,1.8768196302687863,0.05475293340391753,0.1949185924647291,0.5344277245955371,1.7310456378336014,1.5661962349860832,1.5661962349860832,1.343427229032579e-06,0.24177930482610213,1.8079755398121853,1.274773519487179e-05,0.14058270368101042,1.8271272360955988,True,0.19475162428787643,0.5317544836579473,0.5317544836579473,0.035750267384525816,0.5675047510424731,0.05430582486265058,0.09116755814296501,0.012610533600328372,1.0543963653853925,1.0543963653853925,0.0,0.0009622627181157541,0.0,0.002077226590816053,0.07688885131309466,0.5322619025683293,0.0005031867628884927,0.0005475293340391753,4.0302816870977366e-08,1.274773519487179e-07,0.0014058270368101041,1.8271272360955988
0.0,0.036179051924930206,0.02931915202709795,9775,1.0831523782914863,1.0831523793746387,1.3277106572002462,1.3277106572002462,0.13434145653821858,1.4620521137384648,0.0,0.017551446992141142,3.0880733703941576,0.0,0.03041450071623642,0.00028695562093646596,0.26061999277863523,0.13663117204797887,1.369636540466414,0.0003839926742158662,0.11260163850920346,0.017555304094582835,0.017555304094582835,0.37853848277213403,0.39609378686671687,0.05846794048577285,0.3411429128995732,-0.3411429128995732,0.710130366962256,0.36898745406268274,0.1305739403454074,0.15428726834146922,0.1370512590294927,1.3702043476642227,1.8020635033030687,1.8020635033030687,9.64808176844975e-06,0.24177930482610213,2.043842808129171,2.6817114013837208e-05,0.22905591162344358,1.3143814462211598,True,0.15422333231496055,0.8597442932763252,0.8597442932763252,0.035750267384525816,0.895494560660851,0.0,0.018089525962465103,0.005863830405419591,1.0831523782914863,1.0831523782914863,0.0,0.0008775723496070571,0.0,0.00043043343140469894,0.06515499819465881,0.13663117204797887,0.0005846794048577285,0.001305739403454074,2.894424530534925e-07,2.681711401383721e-07,0.002290559116234436,1.3143814462211598
1.8194992322443135,0.01960032830364411,0.021612125372264673,9800,2.3020393374763377,2.302039339778377,2.7761484348074603,2.7761484348074603,0.13434145653821858,2.9104898913456787,0.0,0.012101475418078104,1.8585405270135111,0.0,0.05346078575836845,0.000699889567800902,2.7037902528728432,3.0586097495854987,2.7488881466764816,0.0008361108415807867,0.11260163850920346,0.04017707855628655,-0.04017707855628655,0.37853848277213403,0.3383614042158475,0.10016693775076865,0.7721677241229065,0.7721677241229065,0.710130366962256,1.4822980910851624,0.06370797028477408,0.3097730609115592,3.066185301770454,2.7510526267849444,3.4568458096324877,3.4568458096324877,4.479702838556052e-06,0.24177930482610213,3.69862511445859,1.2913350702127908e-05,0.09304912143795305,6.9646932675704125,True,0.3095293368831809,2.498456590369396,2.498456590369396,0.035750267384525816,2.534206857753922,0.9097496161221568,0.009800164151822055,0.004322425074452935,2.3020393374763377,2.3020393374763377,0.0,0.0006050737709039052,0.0,0.0010498343517013529,0.6759475632182108,3.0586097495854987,0.0010016693775076865,0.0006370797028477409,1.3439108515668155e-07,1.291335070212791e-07,0.0009304912143795305,6.9646932675704125
0.045240175682588306,0.17714093797869235,0.06190261570124396,9825,0.5705849438150895,0.5705849443856744,0.5228576728807348,0.5228576728807348,0.13434145653821858,0.6571991294189534,0.0,0.009432187776706217,1.305357060787178,0.0,0.06467151787401781,0.001969710722621392,0.0145762594797778,0.37539808010332476,1.6126973805259206,0.002947535308745479,0.11260163850920346,0.1442571523388721,0.1442571523388721,0.37853848277213403,0.5227956351110061,0.017206124019821665,0.2569203260298033,0.2569203260298033,0.710130366962256,0.9670506929920593,0.05738593259467314,0.18167863580214375,0.3763373121168481,1.6134633747151073,1.0281860585057316,1.0281860585057316,1.5193543076840244e-06,0.24177930482610213,1.2699653633318337,6.067806031448036e-06,0.11063305858964376,1.0784767016427463,True,0.18159238359369284,0.45877118139005396,0.45877118139005396,0.035750267384525816,0.49452144877457976,0.022620087841294153,0.08857046898934617,0.012380523140248793,0.5705849438150895,0.5705849438150895,0.0,0.00047160938883531085,0.0,0.002954566083932088,0.00364406486994445,0.37539808010332476,0.00017206124019821664,0.0005738593259467314,4.558062923052073e-08,6.067806031448036e-08,0.0011063305858964377,1.0784767016427463
0.00838542740645544,0.042434423245890085,0.035604633123702545,9850,1.1816465333066477,1.1816465344882943,1.0285162216234476,1.0285162216234476,0.13434145653821858,1.1628576781616662,0.0,0.02311534282680466,2.464871911905684,0.0,0.06904467454918668,0.002264962258560284,0.5486044340656585,0.2416430109055818,1.491571979373908,0.00331520076865668,0.11260163850920346,0.013333338826240548,-0.013333338826240548,0.37853848277213403,0.3652051439458935,0.028062073842480016,0.3058966539501341,0.3058966539501341,0.710130366962256,1.01602702091239,0.05685218570245289,0.16804211413372738,0.2424176521868284,1.4923592714541165,2.406323447308229,2.406323447308229,2.0396310812832725e-05,0.24177930482610213,2.6481027521343314,2.609288162161769e-05,0.11178084240633838,1.599492539046391,True,0.16795346374763764,0.19863023513780909,0.19863023513780909,0.035750267384525816,0.2343805025223349,0.00419271370322772,0.021217211622945042,0.007120926624740509,1.1816465333066477,1.1816465333066477,0.0,0.001155767141340233,0.0,0.003397443387840426,0.13715110851641463,0.2416430109055818,0.0002806207384248002,0.0005685218570245289,6.118893243849817e-07,2.6092881621617693e-07,0.0011178084240633839,1.599492539046391
0.9083977216631492,0.01868458982762533,0.03922203642669525,9875,0.3949463551541435,0.3949463555490898,0.3535000411197511,0.3535000411197511,0.13434145653821858,0.4878414976579697,0.0,0.01934938054089149,1.5114134651386624,0.0,0.06610896906702708,0.0019402452583157977,0.0,1.8308769291595997,2.3530990093705633,0.0022418414475561875,0.11260163850920346,0.2516088768190259,-0.2516088768190259,0.37853848277213403,0.12692960595310818,0.01890220871301626,0.40048175956623683,-0.40048175956623683,0.710130366962256,0.3096486073960191,0.06004421711495004,0.265013839690299,1.8321031282121232,2.3535520411909263,0.46870283445331196,0.46870283445331196,6.197013656187119e-06,0.24177930482610213,0.7104821392794141,6.5581099642595945e-06,0.03451456616610315,2.702221545670438,True,0.264962827560499,0.4599737232406924,0.4599737232406924,0.035750267384525816,0.4957239906252182,0.4541988608315746,0.009342294913812665,0.00784440728533905,0.3949463551541435,0.3949463551541435,0.0,0.0009674690270445746,0.0,0.0029103678874736966,0.0,1.8308769291595997,0.0001890220871301626,0.0006004421711495004,1.8591040968561356e-07,6.558109964259595e-08,0.0003451456616610315,2.702221545670438
0.08879173011204644,0.00020852117923975122,0.0033679060327269847,9900,0.5673274396504039,0.5673274402177313,0.4094194175006858,0.4094194175006858,0.13434145653821858,0.5437608740389044,0.0,0.015730134150870902,0.7291676454037447,0.0,0.03251568672570613,0.00023401143495060587,0.027391335930182052,0.48717525989485183,1.6979794122285068,0.00036749892139632513,0.11260163850920346,0.1902909785923172,-0.1902909785923172,0.37853848277213403,0.18824750417981684,0.026721018621874287,0.2718604684427779,0.2718604684427779,0.710130366962256,0.9819908354050338,0.04085742304069105,0.1912823560522927,0.48825535589835406,1.6987527144121546,1.128297281370472,1.128297281370472,2.0029703114627855e-06,0.24177930482610213,1.370076586196574,2.0176580697679815e-06,0.019744065475554337,1.1085350695770302,True,0.1911952809516182,0.24187669732710954,0.24187669732710954,0.035750267384525816,0.27762696471163534,0.04439586505602322,0.00010426058961987561,0.000673581206545397,0.5673274396504039,0.5673274396504039,0.0,0.0007865067075435452,0.0,0.0003510171524259088,0.006847833982545513,0.48717525989485183,0.0002672101862187429,0.00040857423040691055,6.008910934388356e-08,2.0176580697679814e-08,0.00019744065475554338,1.1085350695770302
0.0,2.549377228877603e-06,0.0020061380436232792,9925,0.4818938459703738,0.48189384645226774,0.42648673569671103,0.42648673569671103,0.13434145653821858,0.5608281922349296,0.0,0.024886472579755108,1.7475349937137854,0.0,0.05041918318051891,0.001226573807315438,0.0002190553089710465,0.11714550911142738,1.3422652613272743,0.0014346290053948894,0.11260163850920346,0.1432021405985923,-0.1432021405985923,0.37853848277213403,0.23533634217354174,0.026968261405934738,0.5563416112516184,-0.5563416112516184,0.710130366962256,0.15378875571063755,0.06091075872602054,0.15116172739293512,0.11726983927803158,1.342446841536072,0.7913156577037941,0.7913156577037941,1.6119893729487643e-05,0.24177930482610213,1.0330949625298962,1.2381535108896732e-05,0.05802047783699259,0.6040404079381965,True,0.15114128116208786,0.15170414927851655,0.15170414927851655,0.035750267384525816,0.18745441666304236,0.0,1.2746886144388014e-06,0.00040122760872465585,0.4818938459703738,0.4818938459703738,0.0,0.0012443236289877554,0.0,0.0018398607109731569,5.476382724276163e-05,0.11714550911142738,0.0002696826140593474,0.0006091075872602054,4.835968118846292e-07,1.2381535108896731e-07,0.0005802047783699259,0.6040404079381965
0.010454527102941312,0.002818425535302871,0.008177203782098958,9950,0.5059670261939418,0.5059670266999089,0.37207533905678836,0.37207533905678836,0.13434145653821858,0.506416795595007,0.0,0.01928703610141046,1.624610658700095,0.0,0.03117912379665914,0.00040492830473058927,2.7610186585850145e-05,0.2522524326133052,1.502247381887955,0.0005097301627745781,0.11260163850920346,0.10031636694941004,-0.10031636694941004,0.37853848277213403,0.278222115822724,0.020332020876768532,0.15146674124199722,0.15146674124199722,0.710130366962256,0.8615971082042532,0.043730103178872104,0.16919378471699698,0.25259379512470237,1.5025871020278,0.7699702029478113,0.7699702029478113,2.195873589285046e-06,0.24177930482610213,1.0117495077739134,7.289308242818786e-06,0.049960209557545425,0.7692103847970237,True,0.16915553166921862,0.7181319112778759,0.7181319112778759,0.035750267384525816,0.7538821786624017,0.005227263551470656,0.0014092127676514354,0.0016354407564197915,0.5059670261939418,0.5059670261939418,0.0,0.0009643518050705231,0.0,0.0006073924570958839,6.902546646462536e-06,0.2522524326133052,0.00020332020876768532,0.00043730103178872104,6.587620767855137e-08,7.289308242818786e-08,0.0004996020955754543,0.7692103847970237
0.15389678189916586,0.023759873559281774,0.030184464545196646,9975,0.5230749529995417,0.5230749535226166,0.515388674878069,0.515388674878069,0.13434145653821858,0.6497301314162877,0.0,0.02605948603784065,1.0180299564698891,0.0,0.04194010965061589,0.0006350955338403853,0.009580740821553154,0.6277342245593208,1.7922968033251938,0.0007309772742838949,0.11260163850920346,0.056169030793081054,-0.056169030793081054,0.37853848277213403,0.322369451979053,0.029133985220764175,0.07485659117727128,-0.07485659117727128,0.710130366962256,0.6352737757849847,0.0815956034582995,0.20187599159469638,0.6285847332985224,1.7928333578366404,0.9770898435428852,0.9770898435428852,3.4650928847968137e-06,0.24177930482610213,1.2188691483689873,4.0426093909762855e-06,0.017746323715772075,1.2516101045079955,True,0.20181557467219244,0.3727579874439858,0.3727579874439858,0.035750267384525816,0.4085082548285116,0.07694839094958293,0.011879936779640887,0.006036892909039329,0.5230749529995417,0.5230749529995417,0.0,0.0013029743018920326,0.0,0.000952643300760578,0.0023951852053882886,0.6277342245593208,0.00029133985220764175,0.000815956034582995,1.039527865439044e-07,4.042609390976286e-08,0.00017746323715772075,1.2516101045079955
0.04736240522707268,0.0786004033993486,0.04699892615170515,10000,0.8010242690101838,0.8010242698112079,0.8086226494007023,0.8086226494007023,0.13434145653821858,0.9429641059389209,0.0,0.02325929324536048,1.4597310454145205,0.0,0.06423147573401201,0.002050696681413984,0.12829726195102714,0.38146564857804094,1.6176290541887104,0.00294307794693707,0.11260163850920346,0.10789903312667637,0.10789903312667637,0.37853848277213403,0.4864375158988104,0.025255003613140942,0.8372243872924409,0.8372243872924409,0.710130366962256,1.5473547542546968,0.0705838279419189,0.18224429738178957,0.38252609327170173,1.618486938642767,1.3429335159243208,1.3429335159243208,7.198435370810663e-06,0.24177930482610213,1.5847128207504229,1.0979748770008364e-05,0.06886346407141482,1.292831781010736,True,0.1821476981780324,0.19563105783425766,0.19563105783425766,0.035750267384525816,0.2313813252187835,0.02368120261353634,0.0393002016996743,0.009399785230341032,0.8010242690101838,0.8010242690101838,0.0,0.001162964662268024,0.0,0.0030760450221209764,0.032074315487756785,0.38146564857804094,0.00025255003613140943,0.000705838279419189,2.1595306112431988e-07,1.0979748770008364e-07,0.0006886346407141482,1.292831781010736
0.1270818692050738,0.007734259023330248,0.02042253845938624,10025,0.9257338780401425,0.9257338789658764,0.794779880787624,0.794779880787624,0.13434145653821858,0.9291213373258426,0.0,0.010514171019500782,1.7169709225449328,0.0,0.03813242910408535,0.0004723730742558567,0.1874254680794516,0.5722702215114875,1.7564854403830172,0.0009562007591838995,0.11260163850920346,0.06861602706576603,-0.06861602706576603,0.37853848277213403,0.309922455706368,0.03745849662109664,0.043669732646047454,-0.043669732646047454,0.710130366962256,0.6664606343162085,0.024112089704718533,0.19786364191538902,0.5733521783144333,1.7572002233982986,1.7262740720066312,1.7262740720066312,1.6358820129081706e-06,0.24177930482610213,1.9680533768327333,1.2682365196617558e-05,0.11555988440976539,1.6193587871473993,True,0.19778315616954195,0.8164579830090619,0.8164579830090619,0.035750267384525816,0.8522082503935877,0.0635409346025369,0.003867129511665124,0.0040845076918772484,0.9257338780401425,0.9257338780401425,0.0,0.0005257085509750391,0.0,0.0007085596113837851,0.0468563670198629,0.5722702215114875,0.0003745849662109664,0.00024112089704718533,4.9076460387245117e-08,1.268236519661756e-07,0.0011555988440976538,1.6193587871473993
0.019792031132857848,0.0002854088305680458,0.014041536350399333,10050,0.3446943339066662,0.34469433425136053,0.41297696781803606,0.41297696781803606,0.13434145653821858,0.5473184243562547,0.0,0.029237861326644077,1.310724332349347,0.0,0.053021838248978104,0.0006019934107390159,0.004243931031873041,0.2923393541797833,1.5406841538086569,0.0011912959760362787,0.11260163850920346,0.16755991902696848,0.16755991902696848,0.37853848277213403,0.5460984017991025,0.021749258762848674,0.4355393112805589,0.4355393112805589,0.710130366962256,1.1456696782428148,0.08295805603679908,0.17354158401038683,0.2928967029795476,1.5411993190863673,0.4343226258055519,0.4343226258055519,2.1784025065921465e-06,0.24177930482610213,0.676101930631654,5.13791618459415e-06,0.06883541920523731,0.6550421253499372,True,0.17348357555086194,0.13082042254581955,0.13082042254581955,0.035750267384525816,0.16657068993034538,0.009896015566428924,0.0001427044152840229,0.002808307270079867,0.3446943339066662,0.3446943339066662,0.0,0.001461893066332204,0.0,0.0009029901161085238,0.0010609827579682602,0.2923393541797833,0.00021749258762848673,0.0008295805603679908,6.535207519776439e-08,5.13791618459415e-08,0.0006883541920523731,0.6550421253499372
0.08094068398703129,0.001152936059072407,0.005709422924508104,10075,0.5840823603903048,0.5840823609743871,0.6361582419127438,0.6361582419127438,0.13434145653821858,0.7704996984509624,0.0,0.01761947373018945,1.9465217017477578,0.0,0.029821909152413673,0.0001794093842677465,0.011998263562465878,0.4685412941613012,1.6845007627178374,0.0002825621469397236,0.11260163850920346,0.023154107131028445,0.023154107131028445,0.37853848277213403,0.4016925899031625,0.0306703656986163,0.0889622384000418,0.0889622384000418,0.710130366962256,0.7990926053622978,0.0411308676288798,0.1897504702593845,0.46942811628786413,1.6851482440230465,1.003151946369676,1.003151946369676,1.3919004578405062e-06,0.24177930482610213,1.2449312511957782,1.1463210011375974e-05,0.12978312652683216,1.1009780028007439,True,0.18967756279703907,0.5350696152932888,0.5350696152932888,0.035750267384525816,0.5708198826778146,0.040470341993515645,0.0005764680295362035,0.001141884584901621,0.5840823603903048,0.5840823603903048,0.0,0.0008809736865094726,0.0,0.00026911407640161977,0.0029995658906164695,0.4685412941613012,0.000306703656986163,0.00041130867628879795,4.1757013735215184e-08,1.1463210011375974e-07,0.0012978312652683216,1.1009780028007439
0.3195987342928289,0.010900075910433737,0.02434184381005192,10100,0.41905468450931105,0.41905468492836573,0.4181122943949085,0.4181122943949085,0.13434145653821858,0.5524537509331271,0.0,0.015095296551257182,0.8491198022196087,0.0,0.0405134149362867,0.00036146840716525804,0.000425919299350383,0.9318632475452069,1.9653306415654725,0.0005973210515674884,0.11260163850920346,0.06021729025928474,-0.06021729025928474,0.37853848277213403,0.3183211925128493,0.01987675001851303,0.0279584639257634,0.0279584639257634,0.710130366962256,0.7380888308880194,0.04992806756710836,0.22137626457365966,0.9331804261256892,1.9660126428394658,0.8043682465363691,0.8043682465363691,7.910560267258887e-07,0.24177930482610213,1.0461475513624712,2.9037544992329564e-06,0.041701322925954,1.5235542673556497,True,0.22129947010592266,0.22759652961025678,0.22759652961025678,0.035750267384525816,0.2633467969947826,0.15979936714641446,0.005450037955216869,0.004868368762010384,0.41905468450931105,0.41905468450931105,0.0,0.0007547648275628592,0.0,0.000542202610747887,0.00010647982483759575,0.9318632475452069,0.0001987675001851303,0.0004992806756710836,2.373168080177666e-08,2.9037544992329563e-08,0.00041701322925954,1.5235542673556497
0.0009216679051775345,0.3066467129890621,0.07990803888038177,10125,0.7779552264947711,0.7779552272727264,0.8662664003485616,0.8662664003485616,0.13434145653821858,1.0006078568867802,0.0,0.02205786093929425,1.7351897913427452,0.0,0.07534293457117777,0.0028579698271710527,0.09091847367956368,0.18520885504806459,1.4303589839286088,0.0036793953647808824,0.11260163850920346,0.10783451394464377,0.10783451394464377,0.37853848277213403,0.4863729967167778,0.02688040754029087,0.32976663021209596,0.32976663021209596,0.710130366962256,1.039896997174352,0.10162829728436872,0.16115803458384215,0.18595301071507148,1.4312226927181262,1.4312736117594316,1.4312736117594316,4.1410535066166744e-06,0.24177930482610213,1.6730529165855337,1.3105754519477971e-05,0.0632393579220874,1.1629670818902622,True,0.16106077955031062,0.3267043576598497,0.3267043576598497,0.035750267384525816,0.3624546250443755,0.00046083395258876726,0.15332335649453105,0.015981607776076354,0.7779552264947711,0.7779552264947711,0.0,0.0011028930469647125,0.0,0.004286954740756579,0.02272961841989092,0.18520885504806459,0.0002688040754029087,0.0010162829728436872,1.2423160519850023e-07,1.3105754519477972e-07,0.000632393579220874,1.1629670818902622
0.0,0.005623475372688591,0.018045772161602993,10150,0.45242783575460244,0.45242783620703025,0.33233896091760273,0.33233896091760273,0.13434145653821858,0.46668041745582134,0.0,0.014308459792975042,0.9630711351403403,0.0,0.027159502121361617,0.0002654053406156695,0.0006421977567781141,0.1085848748640259,1.3295221917625972,0.0007634360285491469,0.11260163850920346,0.026501061427706474,-0.026501061427706474,0.37853848277213403,0.35203742134442756,0.012151558665533845,0.3465352203363027,0.3465352203363027,0.710130366962256,1.0566655872985586,0.046240246143174846,0.14976263631770004,0.10891432449135993,1.3300217030611168,0.6669053942734741,0.6669053942734741,1.7342750559267397e-06,0.24177930482610213,0.9086846990995762,3.131030104663244e-06,0.05819195570279222,0.5698736041207276,True,0.14970639052203777,0.5894521013871291,0.5894521013871291,0.035750267384525816,0.6252023687716549,0.0,0.0028117376863442956,0.003609154432320599,0.45242783575460244,0.45242783575460244,0.0,0.0007154229896487521,0.0,0.0003981080109235042,0.00016054943919452852,0.1085848748640259,0.00012151558665533845,0.0004624024614317485,5.202825167780219e-08,3.131030104663244e-08,0.0005819195570279221,0.5698736041207276
1.391413199684234,0.5385456481387499,0.10469008052036431,10175,2.2579759869291407,2.2579759891871163,1.9372436206652928,1.9372436206652928,0.13434145653821858,2.0715850772035114,0.0,0.013993411299586717,2.0519642763841217,0.0005148825955894319,0.10269102456015224,0.003585154861029123,2.7373619362871313,2.495078631814663,2.5795817901630365,0.005947181817056242,0.11260163850920346,0.10863278596865139,-0.10863278596865139,0.37853848277213403,0.26990569680348264,0.03850944949269577,0.864111365088933,0.864111365088933,0.710130366962256,1.574241732051189,0.08976537177756617,0.29067202784650664,2.500885855634487,2.5814189374212284,4.045875669613299,4.045875669613299,4.351310676097493e-06,0.24177930482610213,4.287654974439401,1.947204706924418e-05,0.22946828866142374,6.433482584642372,True,0.29046516203668005,2.1475021596001445,2.1475021596001445,0.035750267384525816,2.1832524269846703,0.695706599842117,0.26927282406937497,0.020938016104072865,2.2579759869291407,2.2579759869291407,0.0,0.0006996705649793359,0.0005148825955894319,0.005377732291543685,0.6843404840717828,2.495078631814663,0.0003850944949269577,0.0008976537177756618,1.3053932028292478e-07,1.9472047069244178e-07,0.0022946828866142375,6.433482584642372
0.07660903354281931,0.0005744547503613306,0.007264352686013265,10200,0.4663217376991853,0.466321738165507,0.2762863157905022,0.2762863157905022,0.13434145653821858,0.41062777232872083,0.0,0.01592234648783578,1.582755413584189,0.0,0.021691891461489685,0.00013345000249697452,0.0,0.4580357290142649,1.676783369339307,0.00033438134343601294,0.11260163850920346,0.19518225417187576,-0.19518225417187576,0.37853848277213403,0.18335622860025827,0.016059682009750467,0.5748474275730608,-0.5748474275730608,0.710130366962256,0.13528293938919517,0.06567947498764205,0.18883598874159677,0.4583653656907992,1.677026857436837,0.5916597578295302,0.5916597578295302,1.8793965138422082e-06,0.24177930482610213,0.8334390626556323,9.300788282723683e-06,0.08986993424481476,0.9671146140275808,True,0.18880857158042252,0.5406835884040966,0.5406835884040966,0.035750267384525816,0.5764338557886224,0.038304516771409655,0.0002872273751806653,0.0014528705372026532,0.4663217376991853,0.4663217376991853,0.0,0.000796117324391789,0.0,0.00020017500374546176,0.0,0.4580357290142649,0.00016059682009750468,0.0006567947498764205,5.6381895415266245e-08,9.300788282723684e-08,0.0008986993424481476,0.9671146140275808
0.623089626287868,0.05652405862284893,0.04568904672411749,10225,1.0426706321304995,1.04267063317317,0.8267889757981689,0.8267889757981689,0.13434145653821858,0.9611304323363875,0.0,0.03383679997283069,1.62587217676938,6.941665219574186e-05,0.08833166563153742,0.002546468602905786,0.19841138568510058,1.4145778374400915,2.1893602639402796,0.003249048722137772,0.11260163850920346,0.2269970675300821,-0.2269970675300821,0.37853848277213403,0.15154141524205195,0.03821236900486575,0.5966665874515289,-0.5966665874515289,0.710130366962256,0.11346377951072704,0.12821333543369934,0.24657387868091674,1.4155984434219966,2.189789243278824,1.7360849953026598,1.7360849953026598,5.768962364296635e-06,0.24177930482610213,1.977864300128762,1.1914413763248502e-05,0.06297242754916424,2.86367120088013,True,0.24652557490022026,1.153559898637243,1.153559898637243,0.035750267384525816,1.1893101660217689,0.311544813143934,0.028262029311424464,0.009137809344823498,1.0426706321304995,1.0426706321304995,0.0,0.0016918399986415346,6.941665219574186e-05,0.0038197029043586794,0.049602846421275146,1.4145778374400915,0.0003821236900486575,0.0012821333543369933,1.7306887092889903e-07,1.1914413763248501e-07,0.0006297242754916424,2.86367120088013
0.2261920686172887,0.03612152029099436,0.03161812159053548,10250,0.6745752495643381,0.6745752502389134,0.4029269557446179,0.4029269557446179,0.13434145653821858,0.5372684122828365,0.0,0.014067667887488733,1.404655755347073,0.0,0.06356672834700787,0.0014384051994199016,0.010839224761355478,0.7666693004131803,1.8755965397448646,0.001821590850344667,0.11260163850920346,0.19183395801066172,-0.19183395801066172,0.37853848277213403,0.1867045247614723,0.026867821366290078,0.6118842894939113,-0.6118842894939113,0.710130366962256,0.09824607746834468,0.08745005039293959,0.21122776504064072,0.7671748696805774,1.8758851920660478,0.9910213047237386,0.9910213047237386,4.996070346332347e-06,0.24177930482610213,1.2328006095498407,1.1677316921335615e-05,0.07730336388225754,1.586212245145305,True,0.2111952623134295,0.8482822831563744,0.8482822831563744,0.035750267384525816,0.8840325505409002,0.11309603430864434,0.01806076014549718,0.006323624318107096,0.6745752495643381,0.6745752495643381,0.0,0.0007033833943744367,0.0,0.0021576077991298523,0.0027098061903388696,0.7666693004131803,0.0002686782136629008,0.0008745005039293959,1.4988211038997042e-07,1.1677316921335615e-07,0.0007730336388225755,1.586212245145305
0.45378716421680826,0.006700992274123685,0.016194090785913714,10275,1.3838528122676304,1.3838528136514832,1.40606933530725,1.40606933530725,0.13434145653821858,1.5404107918454686,0.0,0.010081194546446334,1.7737659503942298,0.0,0.05083612174415088,0.000548260835530253,0.8008061718903466,1.152696975872485,2.073637264569596,0.0010519434552557533,0.11260163850920346,0.048503649965965956,-0.048503649965965956,0.37853848277213403,0.3300348328061681,0.03785030389535487,0.24708052874122843,0.24708052874122843,0.710130366962256,0.9572108957034844,0.08091342042365628,0.23362441009106533,1.1551665911161695,2.074786765417294,2.6848724632702203,2.6848724632702203,2.935666388786397e-06,0.24177930482610213,2.9266517680963227,1.6016876644138795e-05,0.10027838117976735,2.9737513477897144,True,0.2334949744006518,0.5712009609537556,0.5712009609537556,0.035750267384525816,0.6069512283382814,0.22689358210840413,0.0033504961370618425,0.003238818157182743,1.3838528122676304,1.3838528122676304,0.0,0.0005040597273223167,0.0,0.0008223912532953795,0.20020154297258666,1.152696975872485,0.0003785030389535487,0.0008091342042365628,8.806999166359191e-08,1.6016876644138795e-07,0.0010027838117976735,2.9737513477897144
0.20904573416715047,0.3066109967678159,0.07923864692497604,10300,0.4161383871565139,0.41613838757265226,0.35284623294232476,0.35284623294232476,0.13434145653821858,0.4871876894805433,0.0,0.015493150268469402,0.8645134290711445,0.0,0.07281642091663484,0.0022295039683956396,0.0,0.7348178898419314,1.8572151945934763,0.003471681978125836,0.11260163850920346,0.00820193916854145,-0.00820193916854145,0.37853848277213403,0.3703365436035926,0.01360562654800405,0.014182160209288974,0.014182160209288974,0.710130366962256,0.7243125271715449,0.06068048563656703,0.20917004471100675,0.7354963808898307,1.857610856326942,0.42588336532355087,0.42588336532355087,2.174507912348955e-06,0.24177930482610213,0.667662670149653,2.414727024466187e-06,0.01237559124798793,1.4296179917337737,True,0.20912549254756652,0.7481378734047662,0.7481378734047662,0.035750267384525816,0.783888140789292,0.10452286708357524,0.15330549838390795,0.015847729384995207,0.4161383871565139,0.4161383871565139,0.0,0.0007746575134234702,0.0,0.0033442559525934594,0.0,0.7348178898419314,0.0001360562654800405,0.0006068048563656703,6.523523737046865e-08,2.414727024466187e-08,0.0001237559124798793,1.4296179917337737
2.8217951253205857,0.00011034547037713782,0.0017251515133258084,10325,0.5473914525276744,0.5473914530750659,0.3793577235072507,0.3793577235072507,0.13434145653821858,0.5136991800454693,0.0,0.022282155083191334,0.7172331179252024,0.00027234494636356623,0.09650287691172561,0.0036973620481284635,0.0,4.325651099822754,3.0798199681277114,0.006961590112697619,0.11260163850920346,0.3271484038732909,-0.3271484038732909,0.37853848277213403,0.05139007889884309,0.01603330211892283,0.32309672224714314,-0.32309672224714314,0.710130366962256,0.3870336447151128,0.05364855843038514,0.3468377136907137,4.327310220464911,3.0802187914892296,0.7518461886355806,0.7518461886355806,1.0713642433488954e-06,0.24177930482610213,0.9936254934616827,1.582240511542369e-06,0.04430970463896479,6.292412777436506,True,0.3467928055227428,0.7599897832629184,0.7599897832629184,0.035750267384525816,0.7957400506474442,1.4108975626602929,5.517273518856891e-05,0.00034503030266516167,0.5473914525276744,0.5473914525276744,0.0,0.0011141077541595666,0.00027234494636356623,0.005546043072192695,0.0,4.325651099822754,0.0001603330211892283,0.0005364855843038515,3.214092730046686e-08,1.582240511542369e-08,0.0004430970463896479,6.292412777436506
0.16959700624299492,0.0007307800071744142,0.0046870566478719655,10350,0.9933010492795574,0.9933010502728584,0.8772791075892818,0.8772791075892818,0.13434145653821858,1.0116205641275005,0.0,0.011322801572767247,1.65623207232881,0.0,0.027994884582391813,0.00010724143758539117,0.2015057669448586,0.6590542629478924,1.8118215708811218,0.0002819066054092452,0.11260163850920346,0.030668216913851187,0.030668216913851187,0.37853848277213403,0.4092066996859852,0.025357864307941336,0.22217182519401513,0.22217182519401513,0.710130366962256,0.9323021921562711,0.028482644366810562,0.20410841386829076,0.6604149719225262,1.8126591978944964,1.7610418433173562,1.7610418433173562,2.5016949982620457e-06,0.24177930482610213,2.0028211481434584,9.906181810869555e-06,0.1764961368775602,1.791863601221531,True,0.20401409568574894,1.0060054753329448,1.0060054753329448,0.035750267384525816,1.0417557427174706,0.08479850312149746,0.0003653900035872071,0.0009374113295743931,0.9933010492795574,0.9933010492795574,0.0,0.0005661400786383623,0.0,0.00016086215637808676,0.05037644173621465,0.6590542629478924,0.00025357864307941336,0.00028482644366810563,7.505084994786136e-08,9.906181810869555e-08,0.0017649613687756019,1.791863601221531
0.018728476673383097,0.14296259487502738,0.056774941950137756,10375,0.29278004797378493,0.29278004826656495,0.2757674807593037,0.2757674807593037,0.13434145653821858,0.4101089372975223,0.0,0.01165276635979667,0.3815319780707156,0.0,0.05782097769256581,0.0015296724605233583,0.0,0.28821009645937806,1.5368520247324937,0.0019323041878873154,0.11260163850920346,0.2625288264277021,0.2625288264277021,0.37853848277213403,0.6410673091998361,0.019089988736553317,0.12316445839645684,0.12316445839645684,0.710130366962256,0.8332948253587128,0.035512664656702816,0.1731223941075109,0.2888810421174971,1.5374765502954497,0.4812609103488543,0.4812609103488543,4.011459859769188e-07,0.24177930482610213,0.7230402151749564,5.826041870284311e-07,0.004137333663058532,0.6766552333371553,True,0.1730520714995859,0.19196392245190397,0.19196392245190397,0.035750267384525816,0.22771418983642977,0.009364238336691548,0.07148129743751369,0.011354988390027552,0.29278004797378493,0.29278004797378493,0.0,0.0005826383179898335,0.0,0.0022945086907850375,0.0,0.28821009645937806,0.00019089988736553317,0.00035512664656702815,1.2034379579307563e-08,5.826041870284311e-09,4.137333663058532e-05,0.6766552333371553
0.0,0.007408608302627018,0.013336118084504772,10400,0.38453616024017395,0.38453616062471013,0.4869856688375117,0.4869856688375117,0.13434145653821858,0.6213271253757303,0.0,0.01388196096199019,1.355408373886636,0.0,0.03496820760239458,0.0005579082753318608,0.0003867881573933687,0.08105654655775747,1.284704314259123,0.0007187152118449585,0.11260163850920346,0.34665606408434607,0.34665606408434607,0.37853848277213403,0.7251945468564801,0.031517739917397466,0.3338462266639771,0.3338462266639771,0.710130366962256,1.043976593626233,0.05104143406991078,0.1447111732238763,0.08131642123721473,1.2851603430303988,0.5191113978077949,0.5191113978077949,4.03961075605436e-06,0.24177930482610213,0.760890702633897,4.739387101497853e-06,0.0325088348078872,0.4747427407367371,True,0.14465982363246302,0.03293750641225052,0.03293750641225052,0.035750267384525816,0.06868777379677633,0.0,0.003704304151313509,0.0026672236169009546,0.38453616024017395,0.38453616024017395,0.0,0.0006940980480995095,0.0,0.0008368624129977912,9.669703934834217e-05,0.08105654655775747,0.00031517739917397467,0.0005104143406991079,1.211883226816308e-07,4.7393871014978536e-08,0.000325088348078872,0.4747427407367371
0.08206924680255058,0.0004756362586175733,0.010100613789919046,10425,0.45448942490328026,0.4544894253577697,0.3387072333929413,0.3387072333929413,0.13434145653821858,0.47304868993115984,0.0,0.014272901178331326,0.7400721299822693,0.0,0.03390461383221666,0.00018515153319406314,0.003364408032267653,0.4712510915320848,1.6864773059119178,0.0006592892748844061,0.11260163850920346,0.10423445008412463,-0.10423445008412463,0.37853848277213403,0.2743040326880094,0.013753246231968134,0.26375875673941274,-0.26375875673941274,0.710130366962256,0.4463716102228432,0.06825982917886977,0.18994903486845138,0.4718476416140057,1.6869116694408428,0.8879205030432169,0.8879205030432169,1.2655420710475715e-06,0.24177930482610213,1.129699807869319,1.764052474555543e-06,0.042141832604638635,0.9721071597776492,True,0.18990012481904217,0.22191051528014227,0.22191051528014227,0.035750267384525816,0.2576607826646681,0.04103462340127529,0.00023781812930878665,0.0020201227579838095,0.45448942490328026,0.45448942490328026,0.0,0.0007136450589165663,0.0,0.0002777272997910947,0.0008411020080669133,0.4712510915320848,0.00013753246231968134,0.0006825982917886978,3.796626213142714e-08,1.7640524745555432e-08,0.00042141832604638635,0.9721071597776492
1.670056878657759,0.011651875444457116,0.016729610238461198,10450,1.0668286444255048,1.0668286454923335,1.131226298347458,1.131226298347458,0.13434145653821858,1.2655677548856765,0.0,0.026957261143631485,1.4814362794616902,0.0,0.07723454278338752,0.0018407397934148383,0.28232570116864786,2.863902322784184,2.6923068051580317,0.002428152688308579,0.11260163850920346,0.21672094147746304,-0.21672094147746304,0.37853848277213403,0.161817541294671,0.04500787178336251,0.1214725194498163,-0.1214725194498163,0.710130366962256,0.5886578475124397,0.06816058201463861,0.30324792081107177,2.8666002768309555,2.693103740717312,1.916280397179032,1.916280397179032,3.98306702475845e-06,0.24177930482610213,2.158059702005134,7.800838546111085e-06,0.05476303303215904,4.851301176716652,True,0.3031581845533412,0.8228546384830973,0.8228546384830973,0.035750267384525816,0.8586049058676231,0.8350284393288795,0.005825937722228558,0.00334592204769224,1.0668286444255048,1.0668286444255048,0.0,0.0013478630571815743,0.0,0.0027611096901222574,0.07058142529216196,2.863902322784184,0.00045007871783362514,0.0006816058201463861,1.194920107427535e-07,7.800838546111085e-08,0.0005476303303215904,4.851301176716652
0.4358957789116499,0.04428724723298605,0.038728781799332306,10475,1.178064903020926,1.1780649041989908,1.0735182911649737,1.0735182911649737,0.13434145653821858,1.2078597477031923,0.0,0.03182810950089061,1.9711394731833287,0.0,0.06131171436025743,0.0015648001317425087,0.5012412393817648,1.1240750084383853,2.0602240369084193,0.0035335103865914985,0.11260163850920346,0.009764046617919797,-0.009764046617919797,0.37853848277213403,0.36877443615421424,0.03035947128240979,0.18753919266569763,0.18753919266569763,0.710130366962256,0.8976695596279536,0.0760555748109653,0.23211356236269862,1.1265044327319977,2.0613691312319187,2.327615649350057,2.327615649350057,6.262990203498381e-06,0.24177930482610213,2.5693949541761594,1.4924694912749478e-05,0.10941364720333535,2.681384720479217,True,0.231984622854174,0.577652295563496,0.577652295563496,0.035750267384525816,0.6134025629480218,0.21794788945582494,0.022143623616493024,0.007745756359866462,1.178064903020926,1.178064903020926,0.0,0.0015914054750445304,0.0,0.002347200197613763,0.1253103098454412,1.1240750084383853,0.0003035947128240979,0.000760555748109653,1.8788970610495142e-07,1.4924694912749478e-07,0.0010941364720333535,2.681384720479217
0.37808228638381314,0.0485305951331364,0.03665450168736989,10500,1.3026717842065199,1.3026717855091916,1.1989362177897347,1.1989362177897347,0.13434145653821858,1.3332776743279533,0.0,0.012692233985472905,1.803020404618632,0.0,0.06207510312521124,0.0009234066388801787,0.5424218965249137,1.0299894557619798,2.0148839617227083,0.0012368668150625932,0.11260163850920346,0.003371505086669946,0.003371505086669946,0.37853848277213403,0.381909987858804,0.023620585615493513,0.4942165799155339,0.4942165799155339,0.710130366962256,1.2043469468777899,0.032898734921424776,0.22701185328399287,1.0323810599970331,2.0160615434101583,2.348995235084901,2.348995235084901,1.6449577949603161e-06,0.24177930482610213,2.590774539911003,1.0859717957567818e-05,0.26982978060449103,2.6941874258105987,True,0.22687925564473177,1.133702271374211,1.133702271374211,0.035750267384525816,1.169452538758737,0.18904114319190657,0.0242652975665682,0.007330900337473978,1.3026717842065199,1.3026717842065199,0.0,0.0006346116992736453,0.0,0.001385109958320268,0.13560547413122842,1.0299894557619798,0.00023620585615493513,0.0003289873492142478,4.9348733848809485e-08,1.0859717957567818e-07,0.00269829780604491,2.6941874258105987
0.27650923555407847,0.00013439971873119294,0.01215305273148909,10525,0.3181092131563047,0.3181092134744139,0.3542086488277165,0.3542086488277165,0.13434145653821858,0.48855010536593513,0.0,0.008230120935757227,0.2962420061486205,0.0,0.05156840517327385,0.000819033756665773,0.0,0.8571823993696588,1.9258414547694755,0.0009437898331835171,0.11260163850920346,0.002454336190877815,0.002454336190877815,0.37853848277213403,0.38099281896301185,0.018692880738537577,0.01170011808100302,-0.01170011808100302,0.710130366962256,0.6984302488812529,0.05898948801444877,0.2169292716467236,0.8584383848939301,1.9265195005470366,0.42990830880527575,0.42990830880527575,6.122140587042297e-08,0.24177930482610213,0.6716876136313779,4.7566404169358547e-07,0.004456687785494134,1.3185054945491201,True,0.21685292257440553,0.44219850867357624,0.44219850867357624,0.035750267384525816,0.47794877605810204,0.13825461777703923,6.719985936559647e-05,0.0024306105462978183,0.3181092131563047,0.3181092131563047,0.0,0.0004115060467878614,0.0,0.0012285506349986597,0.0,0.8571823993696588,0.00018692880738537578,0.0005898948801444877,1.836642176112689e-09,4.756640416935855e-09,4.456687785494134e-05,1.3185054945491201
2.6181905976603943,0.014786704176873444,0.01930521393341979,10550,1.9933840734342188,1.9933840754276029,1.434838187641627,1.434838187641627,0.13434145653821858,1.5691796441798456,0.0,0.021638228988756423,1.691109363866274,0.0,0.06958860712475029,0.0026573857578087215,1.8594134044146144,4.072656503933191,3.0180823828409955,0.0036559085499825346,0.11260163850920346,0.26148078109872563,-0.26148078109872563,0.37853848277213403,0.11705770167340841,0.04922184930395896,0.07536735454093979,-0.07536735454093979,0.710130366962256,0.6347630124213162,0.07359872653258537,0.3399129212201259,4.075233049876741,3.0187206468148933,2.2161141269890443,2.2161141269890443,9.879281264261415e-06,0.24177930482610213,2.4578934318151466,1.0879572849605742e-05,0.0626758020722979,7.8581669812157875,True,0.339841051644481,3.581050889790897,3.581050889790897,0.035750267384525816,3.6168011571754226,1.3090952988301972,0.007393352088436722,0.0038610427866839583,1.9933840734342188,1.9933840734342188,0.0,0.0010819114494378212,0.0,0.003986078636713082,0.4648533511036536,4.072656503933191,0.0004922184930395896,0.0007359872653258537,2.9637843792784244e-07,1.0879572849605742e-07,0.000626758020722979,7.8581669812157875
0.0,0.04142926246528211,0.03589817493227531,10575,0.47694520716742655,0.47694520764437176,0.4389451830373997,0.4389451830373997,0.13434145653821858,0.5732866395756183,0.0,0.008551434214685492,1.8088316654998422,0.0,0.03377220221209667,7.09048284252086e-05,3.927438413010356e-05,0.1548098212151909,1.3934587922707928,0.00017708358080192215,0.11260163850920346,0.013352845298754412,-0.013352845298754412,0.37853848277213403,0.3651856374733796,0.018877820921624353,0.4031422328766571,-0.4031422328766571,0.710130366962256,0.30698813408559883,0.07091912167030748,0.15693342966933005,0.15500327132396263,1.393704548264257,0.7722339717589981,0.7722339717589981,6.306667107171229e-06,0.24177930482610213,1.0140132765851002,1.193656253690772e-05,0.0632974581644139,0.6617242947243203,True,0.15690575713933497,0.4308868949247605,0.4308868949247605,0.035750267384525816,0.4666371623092863,0.0,0.020714631232641056,0.0071796349864550624,0.47694520716742655,0.47694520716742655,0.0,0.0004275717107342746,0.0,0.0001063572426378129,9.81859603252589e-06,0.1548098212151909,0.00018877820921624355,0.0007091912167030748,1.8920001321513686e-07,1.193656253690772e-07,0.000632974581644139,0.6617242947243203
2.1040345555043687,0.00019307527184486695,0.004324015227001286,10600,1.4260691509368233,1.4260691523628926,0.717840616424238,0.717840616424238,0.13434145653821858,0.8521820729624566,0.0,0.024298497382764326,1.912266627033914,3.195116190252634e-05,0.08565253588246252,0.002123614241361256,0.6841641099575695,3.4244578039455553,2.8505290605514833,0.0025077027961396088,0.11260163850920346,0.3257585862483183,-0.3257585862483183,0.37853848277213403,0.05277989652381572,0.02269846025203927,0.37238896199466137,-0.37238896199466137,0.710130366962256,0.3377414049675946,0.060696705816382035,0.32102764823440666,3.4262124521948323,2.851003093513037,1.6625702730640275,1.6625702730640275,3.1117428869198356e-06,0.24177930482610213,1.9043495778901296,1.181826085669045e-05,0.08419640636566393,6.080655025457596,True,0.32097427134148804,2.5776227182445854,2.5776227182445854,0.035750267384525816,2.6133729856291112,1.0520172777521843,9.653763592243347e-05,0.0008648030454002573,1.4260691509368233,1.4260691509368233,0.0,0.0012149248691382163,3.195116190252634e-05,0.003185421362041884,0.17104102748939237,3.4244578039455553,0.00022698460252039272,0.0006069670581638204,9.335228660759507e-08,1.181826085669045e-07,0.0008419640636566394,6.080655025457596
6.182989543213984,0.005710165657552446,0.0147402914040242,10625,1.1421195381870783,1.1421195393291979,0.3854730570446868,0.3854730570446868,0.13434145653821858,0.5198145135829054,0.0,0.017874093696527482,0.28204281584582785,3.8350597509808934e-05,0.0861927859247522,0.003031336996450221,0.3427907999686396,8.332238976456821,3.8865617915535466,0.004644934647630429,0.11260163850920346,0.36327394524985696,-0.36327394524985696,0.37853848277213403,0.015264537522277084,0.015784893371489795,0.37700665127144034,-0.37700665127144034,0.710130366962256,0.3331237156908156,0.04817423602894192,0.4376888265412959,8.335087890659409,3.8870552281969615,1.0290740172458832,1.0290740172458832,7.047902172864612e-08,0.24177930482610213,1.2708533220719853,2.981622234151082e-07,0.0015315596762981135,12.663488100116403,True,0.4376332647618125,2.245105882917204,2.245105882917204,0.035750267384525816,2.2808561503017297,3.091494771606992,0.002855082828776223,0.0029480582808048402,1.1421195381870783,1.1421195381870783,0.0,0.0008937046848263742,3.8350597509808934e-05,0.004547005494675332,0.0856976999921599,8.332238976456821,0.00015784893371489794,0.00048174236028941924,2.1143706518593835e-09,2.9816222341510823e-09,1.5315596762981135e-05,12.663488100116403
1.2656627167567507,0.05791486134835544,0.03934046477400705,10650,1.1621527489586871,1.16215275012084,0.5406542739669061,0.5406542739669061,0.13434145653821858,0.6749957305051247,0.0,0.021037024373762925,1.5328258264652261,0.0,0.05226526945857064,0.0009629339466701262,0.32354438356972004,2.3256761270592414,2.525016762878114,0.0012083692867706382,0.11260163850920346,0.2862979677049247,-0.2862979677049247,0.37853848277213403,0.09224051506720932,0.019137192904612438,0.37524106568481913,-0.37524106568481913,0.710130366962256,0.3348893012774368,0.06065614159129381,0.2843649881133208,2.3268664277738065,2.525406971196148,1.4875621515521764,1.4875621515521764,1.8949613759271286e-06,0.24177930482610213,1.7293414563782785,7.358408888524077e-06,0.1013823070517031,4.2426799929048125,True,0.2843210500134481,2.0062588294359442,2.0062588294359442,0.035750267384525816,2.04200909682047,0.6328313583783753,0.02895743067417772,0.00786809295480141,1.1621527489586871,1.1621527489586871,0.0,0.0010518512186881463,0.0,0.0014444009200051894,0.08088609589243001,2.3256761270592414,0.0001913719290461244,0.0006065614159129381,5.684884127781386e-08,7.358408888524077e-08,0.001013823070517031,4.2426799929048125
0.0,0.00922577095970234,0.021969330984261844,10675,0.4447558266114201,0.44475582705617595,0.4385557697336049,0.4385557697336049,0.13434145653821858,0.5728972262718235,0.0,0.012346295528028165,1.7157991968533848,0.0,0.04797423129624053,0.0006287566945817511,0.000194837775531545,0.04178334689708973,1.204409752451026,0.0007912935220099733,0.11260163850920346,0.3745166656483337,0.3745166656483337,0.37853848277213403,0.7530551484204677,0.023624018719456196,0.3210816319749753,0.3210816319749753,0.710130366962256,1.0312119989372313,0.041112753606395346,0.1356703292955102,0.04197164796656271,1.2048698317629092,0.7382206378976395,0.7382206378976395,2.572047702728584e-06,0.24177930482610213,0.9799999427237416,1.2444174432660571e-05,0.09443737329000797,0.4987470275067043,True,0.13561852360654716,0.09155166780252429,0.09155166780252429,0.035750267384525816,0.1273019351870501,0.0,0.00461288547985117,0.004393866196852369,0.4447558266114201,0.4447558266114201,0.0,0.0006173147764014083,0.0,0.0009431350418726267,4.870944388288625e-05,0.04178334689708973,0.00023624018719456196,0.0004111275360639535,7.716143108185752e-08,1.244417443266057e-07,0.0009443737329000797,0.4987470275067043
0.0,0.007793135631611103,0.016764802698459345,10700,0.2689584817278442,0.26895848199680267,0.24532700831492069,0.24532700831492069,0.13434145653821858,0.37966846485313926,0.0,0.011451317482758658,0.8194736859599164,0.0,0.026551318117257996,0.00020282585514376787,0.0,0.1155066484330755,1.339862690557636,0.0002895475040002545,0.11260163850920346,0.19895088967388436,0.19895088967388436,0.37853848277213403,0.5774893724460184,0.012185348712535573,0.14273198960488875,0.14273198960488875,0.710130366962256,0.8528623565671447,0.02940499219216788,0.15091535730462033,0.11577609325626842,1.340258862127452,0.49111285101884716,0.49111285101884716,2.470234838125309e-07,0.24177930482610213,0.7328921558449493,2.338159553001527e-06,0.04957744440279079,0.3935031718186457,True,0.15087074773276657,0.019033506952540816,0.019033506952540816,0.035750267384525816,0.05478377433706663,0.0,0.0038965678158055517,0.003352960539691869,0.2689584817278442,0.2689584817278442,0.0,0.000572565874137933,0.0,0.0003042387827156518,0.0,0.1155066484330755,0.00012185348712535573,0.0002940499219216788,7.410704514375926e-09,2.338159553001527e-08,0.0004957744440279079,0.3935031718186457
0.02347145114087866,0.0023314873168821526,0.010414879607841978,10725,0.2311861782641878,0.23118617849537398,0.16425839967853448,0.16425839967853448,0.13434145653821858,0.29859985621675306,0.0,0.01882887812225532,1.17732130126771,0.0,0.03556696441116397,0.0003952187249203147,0.0,0.306034613347809,1.553203952758663,0.0008197778358155601,0.11260163850920346,0.010981183321783161,-0.010981183321783161,0.37853848277213403,0.36755729945035087,0.02015849104646793,0.32316357100224996,-0.32316357100224996,0.710130366962256,0.386966795960006,0.06285015207692166,0.17492117101435972,0.30630828008761274,1.5534512445442803,0.0871528897684418,0.0871528897684418,1.8113822576966988e-06,0.24177930482610213,0.3289321945945439,7.350341565516532e-06,0.04925061387431195,0.5550622291707993,True,0.17489332555163642,0.35791551735913657,0.35791551735913657,0.035750267384525816,0.3936657847436624,0.01173572557043933,0.0011657436584410763,0.0020829759215683957,0.2311861782641878,0.2311861782641878,0.0,0.0009414439061127661,0.0,0.0005928280873804721,0.0,0.306034613347809,0.0002015849104646793,0.0006285015207692165,5.434146773090096e-08,7.350341565516532e-08,0.0004925061387431195,0.5550622291707993
0.1394046730516995,0.003832745233794399,0.011107822719324648,10750,0.6714031253769881,0.6714031260483913,0.31913135082641286,0.31913135082641286,0.13434145653821858,0.45347280736463147,0.0,0.01000581311412762,1.2605330820389677,0.0,0.04041877292586341,0.00027912298818042955,0.04221089557306405,0.5981001546932664,1.7733693520519587,0.0005285844207943684,0.11260163850920346,0.21355618228899415,-0.21355618228899415,0.37853848277213403,0.1649823004831399,0.020290281554150604,0.46579387843984693,-0.46579387843984693,0.710130366962256,0.24433648852240902,0.025108406732096335,0.19971891456326046,0.5985755567074003,1.7736766486765645,1.2176273536643036,1.2176273536643036,4.731158910699346e-07,0.24177930482610213,1.4594066584904057,6.535856272483253e-06,0.12739949674595485,1.356543314190471,True,0.19968431245674853,0.6378710031660386,0.6378710031660386,0.035750267384525816,0.6736212705505644,0.06970233652584976,0.0019163726168971995,0.0022215645438649297,0.6714031253769881,0.6714031253769881,0.0,0.000500290655706381,0.0,0.0004186844822706443,0.010552723893266013,0.5981001546932664,0.00020290281554150605,0.00025108406732096336,1.4193476732098037e-08,6.535856272483253e-08,0.0012739949674595485,1.356543314190471
0.11331313322941577,0.0007446306349351284,0.004360996775708161,10775,0.4449481589592944,0.44494815940424254,0.3143311061270744,0.3143311061270744,0.13434145653821858,0.448672562665293,0.0,0.008797772679681848,1.0971324284129491,0.0,0.05108685907465338,0.0005656174001419166,0.0002002956182438769,0.5426092625495863,1.7366201616502133,0.0007275478616225725,0.11260163850920346,0.16288606253413335,-0.16288606253413335,0.37853848277213403,0.21565242023800069,0.012754571330256334,0.32742711317834716,-0.32742711317834716,0.710130366962256,0.3827032537839088,0.02214536437753817,0.19558087766257204,0.5430618499608766,1.736927303036654,0.7898668338201749,0.7898668338201749,9.487085913271239e-07,0.24177930482610213,1.031646138646277,4.551064466678055e-06,0.023718808334005203,1.0473831528472761,True,0.1955462930361334,0.36532215854743705,0.36532215854743705,0.035750267384525816,0.40107242593196285,0.05665656661470789,0.0003723153174675642,0.0008721993551416322,0.4449481589592944,0.4449481589592944,0.0,0.0004398886339840924,0.0,0.0008484261002128749,5.0073904560969226e-05,0.5426092625495863,0.00012754571330256335,0.00022145364377538173,2.8461257739813715e-08,4.551064466678055e-08,0.00023718808334005203,1.0473831528472761
0.000699321332663978,0.33146846493309445,0.08159305158436993,10800,0.35289730838012845,0.3528973087330257,0.38372849820378707,0.38372849820378707,0.13434145653821858,0.5180699547420057,0.0,0.013864585876491437,1.3105228622604173,0.0,0.07020349648784166,0.0020492191479487653,0.0,0.18185506884734526,1.4264446843933516,0.0032407067162054113,0.11260163850920346,0.16671737550802496,0.16671737550802496,0.37853848277213403,0.545255858280159,0.02311274451779479,0.1362456326317486,0.1362456326317486,0.710130366962256,0.8463759995940046,0.05433667971364514,0.16066284084547183,0.18217953294963365,1.4268249441511516,0.6306593639736825,0.6306593639736825,2.213896556177735e-06,0.24177930482610213,0.8724386687997846,9.949607923463784e-06,0.07295336052578588,0.7224261324535227,True,0.16062002296988184,0.17704858978859367,0.17704858978859367,0.035750267384525816,0.21279885717311947,0.000349660666331989,0.16573423246654723,0.016318610316873986,0.35289730838012845,0.35289730838012845,0.0,0.0006932292938245719,0.0,0.003073828721923148,0.0,0.18185506884734526,0.00023112744517794792,0.0005433667971364515,6.641689668533204e-08,9.949607923463784e-08,0.0007295336052578588,0.7224261324535227
0.0,0.0003628272808609001,0.012527091060868094,10825,0.1860879929081263,0.1860879930942143,0.05108799874069497,0.05108799874069497,0.13434145653821858,0.18542945527891355,0.0,0.014750674302433547,1.0356408110831283,0.0,0.03197734812689034,0.0003091147690259718,0.0,0.08371670479347774,1.2893383914959744,0.00045829613234602966,0.11260163850920346,0.003475555076811576,-0.003475555076811576,0.37853848277213403,0.37506292769532246,0.009236456847675828,0.22848619285548571,-0.22848619285548571,0.710130366962256,0.48164417410677024,0.058834933513281076,0.14520527403019187,0.08383826749685105,1.2895483854157213,0.23665143014899606,0.23665143014899606,3.6099638641241725e-07,0.24177930482610213,0.4784307349750982,4.811001065349087e-06,0.07105294070236234,0.27508403767340417,True,0.14518162836865148,0.24962332233503576,0.24962332233503576,0.035750267384525816,0.28537358971956156,0.0,0.00018141364043045005,0.002505418212173619,0.1860879929081263,0.1860879929081263,0.0,0.0007375337151216774,0.0,0.0004636721535389577,0.0,0.08371670479347774,9.236456847675827e-05,0.0005883493351328108,1.0829891592372517e-08,4.811001065349087e-08,0.0007105294070236235,0.27508403767340417
0.06894779568705942,0.008034506193805968,0.0218889446502636,10850,0.5612639819652566,0.5612639825265205,0.4194870494920081,0.4194870494920081,0.13434145653821858,0.5538285060302267,0.0,0.009840730466815628,0.7854166942393539,0.0,0.0347845650925536,0.00040937237289631037,0.0008119203568007266,0.4390110938610098,1.662579122717438,0.0005005224471057492,0.11260163850920346,0.01836384303059041,0.01836384303059041,0.37853848277213403,0.39690232580272444,0.01542135384097173,0.21788629038523832,0.21788629038523832,0.710130366962256,0.9280166573474943,0.03466319024590788,0.18725893509088687,0.43959718778545687,1.6630212574159722,0.8219356995606484,0.8219356995606484,2.313699073970843e-07,0.24177930482610213,1.0637150043867505,1.628030991331247e-06,0.06454054435633644,1.0455993649744764,True,0.1872091499949688,0.8220261219907774,0.8220261219907774,0.035750267384525816,0.8577763893753032,0.03447389784352971,0.004017253096902984,0.00437778893005272,0.5612639819652566,0.5612639819652566,0.0,0.0004920365233407815,0.0,0.0006140585593444655,0.00020298008920018165,0.4390110938610098,0.0001542135384097173,0.0003466319024590788,6.941097221912528e-09,1.628030991331247e-08,0.0006454054435633644,1.0455993649744764
0.1353898147531897,0.0034984337296783963,0.015494185392768593,10875,0.3289851124208052,0.3289851127497903,0.3757762824181956,0.3757762824181956,0.13434145653821858,0.5101177389564142,0.0,0.03785201514260426,1.4871521465656938,0.0,0.07110898241981738,0.001214966169120354,0.000351459878337619,0.5897526545309737,1.76795354972223,0.002388294885451864,0.11260163850920346,0.06738718925291431,0.06738718925291431,0.37853848277213403,0.44592567202504835,0.01776053150996796,0.33178978799556946,0.33178978799556946,0.710130366962256,1.0419201549578254,0.11873680211381799,0.19913809693298404,0.5906206631924633,1.7685184859145962,0.47647824011186957,0.47647824011186957,7.861568943913826e-07,0.24177930482610213,0.7182575449379717,5.566974075221571e-06,0.21897024528657338,0.9986383982957131,True,0.1990744841864211,0.24143570082583937,0.24143570082583937,0.035750267384525816,0.2771859682103652,0.06769490737659485,0.0017492168648391981,0.0030988370785537188,0.3289851124208052,0.3289851124208052,0.0,0.001892600757130213,0.0,0.001822449253680531,8.786496958440475e-05,0.5897526545309737,0.0001776053150996796,0.0011873680211381798,2.3584706831741476e-08,5.5669740752215707e-08,0.002189702452865734,0.9986383982957131
1.6277575419027073,0.19518322862302384,0.06601378607980206,10900,1.0644539778504984,1.0644539789149523,0.8748362366234601,0.8748362366234601,0.13434145653821858,1.0091776931616787,0.0,0.027270185607729973,1.7742014543551623,3.954558631993874e-05,0.08628852815211467,0.0037313663354593012,0.2946283160035742,2.808426355386166,2.675836016854324,0.006958083588765654,0.11260163850920346,0.1059332682422851,-0.1059332682422851,0.37853848277213403,0.2726052145298489,0.03820747868605922,0.37637323879655027,0.37637323879655027,0.710130366962256,1.0865036057588062,0.08373841434393649,0.30141497883089907,2.8117441970349923,2.676825631076467,1.9688298295177729,1.9688298295177729,2.1347702624649345e-06,0.24177930482610213,2.210609134343875,1.1892753381197627e-05,0.08509092406871098,4.880281210227907,True,0.3013035466380976,0.933168449653218,0.933168449653218,0.035750267384525816,0.9689187170377438,0.8138787709513536,0.09759161431151192,0.013202757215960412,1.0644539778504984,1.0644539778504984,0.0,0.0013635092803864987,3.954558631993874e-05,0.005597049503188952,0.07365707900089355,2.808426355386166,0.0003820747868605922,0.0008373841434393649,6.404310787394803e-08,1.1892753381197627e-07,0.0008509092406871098,4.880281210227907
0.29134022210932187,0.75540116976529,0.12702374730927507,10925,1.0203460259562414,1.0203460269765874,0.6679628775708459,0.6679628775708459,0.13434145653821858,0.8023043341090645,0.0,0.03066445147352695,1.1683204715445668,0.00028403397136421746,0.09685330743101239,0.004491352091615065,0.35616786034300224,0.8831477511659211,1.9397594113207492,0.008503408893301345,0.11260163850920346,0.12478646538643196,-0.12478646538643196,0.37853848277213403,0.2537520173857021,0.014334920546715448,0.10069216307857853,0.10069216307857853,0.710130366962256,0.8108225300408345,0.14170877336900542,0.21854517638806145,0.885236604998686,1.9408701318453498,2.0927016061332906,2.0927016061332906,1.0600318386133002e-06,0.24177930482610213,2.334480910959393,5.484667523215572e-06,0.08378295802440752,2.5522638254565693,True,0.2184201074259584,0.5951849141736308,0.5951849141736308,0.035750267384525816,0.6309351815581566,0.14567011105466093,0.377700584882645,0.025404749461855017,1.0203460259562414,1.0203460259562414,0.0,0.0015332225736763476,0.00028403397136421746,0.0067370281374225975,0.08904196508575056,0.8831477511659211,0.0001433492054671545,0.0014170877336900543,3.1800955158399e-08,5.484667523215572e-08,0.0008378295802440752,2.5522638254565693
0.03894015522502425,0.015390581395852698,0.02702319390078221,10950,0.8232443834736033,0.8232443842968478,0.709015894251902,0.709015894251902,0.13434145653821858,0.8433573507901206,0.0,0.03839086204851659,1.1890519054236897,0.0,0.04963841598060823,0.0008182388595189358,0.1426980078277383,0.3568062356350208,1.5973326005124957,0.0010174751547992376,0.11260163850920346,0.2796106106933229,0.2796106106933229,0.37853848277213403,0.6581490934654569,0.0252588980000639,0.9595708299861735,0.9595708299861735,0.710130366962256,1.6697011969484294,0.11080863127714248,0.17996122997087843,0.3578567905249111,1.5982113259751198,1.2729928252902558,1.2729928252902558,1.1596366095287982e-06,0.24177930482610213,1.514772130116358,6.346665898198314e-06,0.0379534186100817,1.253182337282488,True,0.17986228403519994,0.5162209202139529,0.5162209202139529,0.035750267384525816,0.5519711875984787,0.019470077612512127,0.007695290697926349,0.005404638780156443,0.8232443834736033,0.8232443834736033,0.0,0.0019195431024258297,0.0,0.0012273582892784038,0.03567450195693458,0.3568062356350208,0.000252588980000639,0.0011080863127714247,3.4789098285863945e-08,6.346665898198314e-08,0.00037953418610081705,1.253182337282488
0.7655763869763336,0.0017849967224667918,0.010885950709848276,10975,0.9789643033672487,0.978964304346213,0.6912992932126922,0.6912992932126922,0.13434145653821858,0.8256407497509108,0.0,0.023333331156399285,1.8077999462802836,0.0,0.07968565823880422,0.0015411793104812984,0.14978672092610287,1.6255541635270274,2.2749722206883676,0.0024020319125343547,0.11260163850920346,0.2736306286654179,-0.2736306286654179,0.37853848277213403,0.10490785410671613,0.02879060320641321,0.28804205607610217,-0.28804205607610217,0.710130366962256,0.4220883108861538,0.06043863681750728,0.25622321399687126,1.6268586286639288,2.2754836842013813,1.5395203425168251,1.5395203425168251,3.0820033702831212e-06,0.24177930482610213,1.7812996473429272,1.5426362617060075e-05,0.11618900750516518,3.0333558938397323,True,0.2561656223621536,1.3364116136462052,1.3364116136462052,0.035750267384525816,1.372161881030731,0.3827881934881668,0.0008924983612333959,0.002177190141969655,0.9789643033672487,0.9789643033672487,0.0,0.0011666665578199643,0.0,0.0023117689657219474,0.03744668023152572,1.6255541635270274,0.0002879060320641321,0.0006043863681750728,9.246010110849364e-08,1.5426362617060075e-07,0.0011618900750516518,3.0333558938397323
0.5451336292546841,0.0010527559805662001,0.015504285881714852,11000,0.618218031262908,0.618218031881126,0.6633857516235847,0.6633857516235847,0.13434145653821858,0.7977272081618033,0.0,0.004922636785130763,1.79587785332167,0.0,0.05671095762358836,0.0009664776563169397,0.019763292835770694,1.2957989513474897,2.138331652616007,0.001238260877189343,0.11260163850920346,0.17610992408382875,-0.17610992408382875,0.37853848277213403,0.20242855868830528,0.025432272500698856,0.04816885205843857,-0.04816885205843857,0.710130366962256,0.6619615149038174,0.0604745261571637,0.2408357641668764,1.296933370132039,2.1388298249220727,1.072571556758296,1.072571556758296,2.5506125717579015e-06,0.24177930482610213,1.3143508615843982,1.5604609861588464e-05,0.13419140570533852,2.199048918545148,True,0.24077966914397175,0.5358566330851212,0.5358566330851212,0.035750267384525816,0.571606900469647,0.27256681462734206,0.0005263779902831001,0.0031008571763429704,0.618218031262908,0.618218031262908,0.0,0.00024613183925653815,0.0,0.0014497164844754096,0.0049408232089426735,1.2957989513474897,0.00025432272500698855,0.000604745261571637,7.651837715273705e-08,1.5604609861588465e-07,0.0013419140570533853,2.199048918545148
0.0,0.023958375737841764,0.029855944833626618,11025,0.44399733121766144,0.4439973316616588,0.2912442774569176,0.2912442774569176,0.13434145653821858,0.42558573399513616,0.0,0.0218467266511549,1.1948730709926276,0.0,0.03367182820378777,0.0007313606135521789,0.001941764477046153,0.05124975518467757,1.2263840877461964,0.0012902315392944914,0.11260163850920346,0.3281708366144828,0.3281708366144828,0.37853848277213403,0.7067093193866169,0.02339990107833377,0.2396591815383211,0.2396591815383211,0.710130366962256,0.9497895485005771,0.05235446610917886,0.1381417306526505,0.05144641089261272,1.2268180127163906,0.8567540518874026,0.8567540518874026,1.2493982252974785e-06,0.24177930482610213,1.0985333567135047,5.073251103893964e-06,0.09464832579198007,0.5175763967543856,True,0.13809286998567735,0.041046275551056055,0.041046275551056055,0.035750267384525816,0.07679654293558187,0.0,0.011979187868920882,0.005971188966725324,0.44399733121766144,0.44399733121766144,0.0,0.0010923363325577452,0.0,0.0010970409203282683,0.00048544111926153823,0.05124975518467757,0.00023399901078333772,0.0005235446610917887,3.7481946758924355e-08,5.073251103893964e-08,0.0009464832579198008,0.5175763967543856
0.0,0.07116659725488539,0.04413178942868893,11050,0.563428528029823,0.5634285285932515,0.4851204311118781,0.4851204311118781,0.13434145653821858,0.6194618876500967,0.0,0.021296373792365927,1.896866085206255,0.0,0.042345463591643116,0.000311027037161144,0.0253989914516224,0.15280719392428824,1.390905607435207,0.0007522506204530344,0.11260163850920346,0.09806992174201129,0.09806992174201129,0.37853848277213403,0.4766084045141453,0.02654480246361204,0.2905134760545688,0.2905134760545688,0.710130366962256,1.0006438430168247,0.054538802733247405,0.1566992829167659,0.15337023668752142,1.3916251226460343,1.1145836319732818,1.1145836319732818,1.4578483720223098e-06,0.24177930482610213,1.356362936799384,1.2319911560730706e-05,0.11779231433705667,0.7705154117054633,True,0.15661826431789933,0.12491693039401645,0.12491693039401645,0.035750267384525816,0.16066719777854227,0.0,0.035583298627442694,0.008826357885737787,0.563428528029823,0.563428528029823,0.0,0.0010648186896182964,0.0,0.00046654055574171604,0.0063497478629056,0.15280719392428824,0.0002654480246361204,0.000545388027332474,4.373545116066929e-08,1.2319911560730707e-07,0.0011779231433705667,0.7705154117054633
0.0,0.1445996228924481,0.05702862288163038,11075,0.1357970506839156,0.13579705081971263,0.014834330841131005,0.014834330841131005,0.13434145653821858,0.14917578737934958,0.0,0.017678218030855307,1.1895763644633228,0.0,0.055455021754138405,0.0005788704159852406,0.0,0.13711269965546038,1.370287320408707,0.0008205357150846854,0.11260163850920346,0.07753678832150446,0.07753678832150446,0.37853848277213403,0.4560752710936385,0.012019517195454677,0.2801046757900153,-0.2801046757900153,0.710130366962256,0.43002569117224065,0.05588087395671891,0.15432743831182044,0.1373155227070835,1.3705610917339859,0.08496729697275879,-0.08496729697275879,1.3287692423426387e-06,0.24177930482610213,0.15681200785334334,4.931677330653677e-06,0.05321705921172793,0.3595787665709364,True,0.15429661120927948,0.0171497285008708,0.0171497285008708,0.035750267384525816,0.052899995885396615,0.0,0.07229981144622405,0.011405724576326076,0.1357970506839156,0.1357970506839156,0.0,0.0008839109015427654,0.0,0.0008683056239778609,0.0,0.13711269965546038,0.00012019517195454678,0.0005588087395671891,3.986307727027916e-08,4.931677330653677e-08,0.0005321705921172794,0.3595787665709364
0.1670594640752076,0.13047628072855444,0.05458483108040178,11100,1.3777296812837285,1.3777296826614582,1.2681024279478155,1.2681024279478155,0.13434145653821858,1.402443884486034,0.0,0.018284540185454147,2.2872267996614974,0.0,0.06076595369041133,0.0012406598541935187,0.5957876823964058,0.6540427312436252,1.8087290839605221,0.0029531840193543954,0.11260163850920346,0.1385159426865429,-0.1385159426865429,0.37853848277213403,0.24002254008559112,0.04460680114359378,0.1534490570369491,0.1534490570369491,0.710130366962256,0.8635794239992051,0.05523472897433934,0.2038380619966393,0.6565184147002465,1.8102582395139506,2.3301271209567593,2.3301271209567593,3.64767632357781e-06,0.24177930482610213,2.5719064257828617,2.1201202173991428e-05,0.12596874176996503,2.3454378126961704,True,0.20366587656049626,1.5525417692812522,1.5525417692812522,0.035750267384525816,1.588292036665778,0.0835297320376038,0.06523814036427722,0.010916966216080357,1.3777296812837285,1.3777296812837285,0.0,0.0009142270092727074,0.0,0.001860989781290278,0.14894692059910145,0.6540427312436252,0.0004460680114359378,0.0005523472897433935,1.0943028970733429e-07,2.1201202173991428e-07,0.0012596874176996503,2.3454378126961704
0.056135169294157176,0.0015750551383505451,0.008013716460190208,11125,0.35300313712971754,0.35300313748272066,0.4515849973452002,0.4515849973452002,0.13434145653821858,0.5859264538834188,0.0,0.029082263823825217,1.5563610519713036,0.0,0.056376814456778106,0.0009620508445862613,0.0,0.4056780624562606,1.6369286164526293,0.0010558587850222584,0.11260163850920346,0.10096656404680243,0.10096656404680243,0.37853848277213403,0.47950504681893646,0.020584918435860976,0.24554084796012432,0.24554084796012432,0.710130366962256,0.9556712149223803,0.08914937201071371,0.18439319350730488,0.4064967727530933,1.6375709942846313,0.5517136764078124,0.5517136764078124,2.932202784007425e-06,0.24177930482610213,0.7934929812339145,7.490092558006125e-06,0.1206219602929065,0.7943399699267446,True,0.1843208607044557,0.21036760617580874,0.21036760617580874,0.035750267384525816,0.24611787356033454,0.028067584647078588,0.0007875275691752726,0.0016027432920380415,0.35300313712971754,0.35300313712971754,0.0,0.0014541131911912609,0.0,0.001443076266879392,0.0,0.4056780624562606,0.00020584918435860976,0.0008914937201071372,8.796608352022275e-08,7.490092558006125e-08,0.001206219602929065,0.7943399699267446
0.0,0.0016426575719923342,0.03171513072123112,11150,0.3450159286060948,0.3450159289511107,0.21908072974716383,0.21908072974716383,0.13434145653821858,0.3534221862853824,0.0,0.013105471499732232,1.0429841044056434,0.0,0.042198296639757486,0.0006192774111023238,0.0,0.1332965812545545,1.3650980433452835,0.0017971380517524088,0.11260163850920346,0.14412482385517272,0.14412482385517272,0.37853848277213403,0.5226633066273068,0.009769452141759562,0.22673051879997508,0.22673051879997508,0.710130366962256,0.936860885762231,0.09831803355848678,0.1537674492267837,0.13365451588978572,1.365587904463189,0.6811876284771166,0.6811876284771166,4.6719395332347535e-07,0.24177930482610213,0.9229669333032187,4.8768866338004935e-06,0.025680110331547604,0.4883987932275347,True,0.153712290057367,0.10482514873145189,0.10482514873145189,0.035750267384525816,0.1405754161159777,0.0,0.0008213287859961671,0.006343026144246224,0.3450159286060948,0.3450159286060948,0.0,0.0006552735749866117,0.0,0.0009289161166534858,0.0,0.1332965812545545,9.769452141759563e-05,0.0009831803355848678,1.401581859970426e-08,4.876886633800494e-08,0.00025680110331547604,0.4883987932275347
0.018687698971462992,0.08803643433032549,0.050395766484496604,11175,1.1570649866968488,1.1570649878539137,1.018941925231847,1.018941925231847,0.13434145653821858,1.1532833817700656,0.0,0.014150249966998776,2.1344765996567774,0.0,0.04906318175861032,0.0006189080163444626,0.41675464552719876,0.28805006608984746,1.5367029588979806,0.0016072335549445263,0.11260163850920346,0.28013777439967796,0.28013777439967796,0.37853848277213403,0.658676257171812,0.04719546450019747,1.0722970646065835,1.0722970646065835,0.710130366962256,1.7824274315688395,0.0466615715567665,0.17315400879484608,0.28918293097034165,1.537757316054688,1.9615846246805602,1.9615846246805602,6.624722198455294e-06,0.24177930482610213,2.2033639295066623,2.0704219928062273e-05,0.28370815277486494,1.6181568663113401,True,0.17303528644088334,0.7613421546184276,0.7613421546184276,0.035750267384525816,0.7970924220029534,0.009343849485731496,0.04401821716516274,0.010079153296899322,1.1570649866968488,1.1570649866968488,0.0,0.0007075124983499389,0.0,0.0009283620245166939,0.10418866138179969,0.28805006608984746,0.00047195464500197475,0.000466615715567665,1.9874166595365883e-07,2.0704219928062275e-07,0.0028370815277486494,1.6181568663113401
0.00242866903215017,0.2338777191359691,0.0707622706542748,11200,0.4057783341297927,0.405778334535571,0.31834286539802525,0.31834286539802525,0.13434145653821858,0.45268432193624386,0.0,0.025185046052708798,0.783221421806169,0.0,0.05623815527853527,0.0011590204795712163,0.005792833964381653,0.20185389167674792,1.4492815283057472,0.0017800361053881733,0.11260163850920346,0.30708057428914454,0.30708057428914454,0.37853848277213403,0.6856190570612786,0.01162984364825512,0.4600582631571156,0.4600582631571156,0.710130366962256,1.1701886301193716,0.0900811665046711,0.1632454928965839,0.20228507177430186,1.449761127460235,0.624649341222194,0.624649341222194,9.462387640691465e-07,0.24177930482610213,0.8664286460482961,1.9817924263551453e-06,0.02402254652719015,0.7456412493064314,True,0.16319148924116494,0.16062135551747214,0.16062135551747214,0.035750267384525816,0.19637162290199794,0.001214334516075085,0.11693885956798455,0.01415245413085496,0.4057783341297927,0.4057783341297927,0.0,0.00125925230263544,0.0,0.0017385307193568244,0.0014482084910954133,0.20185389167674792,0.00011629843648255121,0.000900811665046711,2.8387162922074395e-08,1.9817924263551454e-08,0.00024022546527190152,0.7456412493064314
0.0684971875542732,0.0037898294517163533,0.029323773583302962,11225,0.5784414866556815,0.5784414872341229,0.43893945340063334,0.43893945340063334,0.13434145653821858,0.573280909938852,0.0,0.026659514366119956,1.319880556337824,0.0,0.02807580091924162,0.00022824046727540955,0.026775867429209604,0.43787292644188835,1.661719673609519,0.0013788957112481413,0.11260163850920346,0.04238608698166907,-0.04238608698166907,0.37853848277213403,0.33615239579046496,0.021714320632413422,0.02848180825851576,0.02848180825851576,0.710130366962256,0.7386121752207717,0.11457026766567827,0.1871614016938154,0.4384493453579397,1.6621550765175328,1.1241159495105018,1.1241159495105018,6.015884120094364e-06,0.24177930482610213,1.3658952543366039,8.853599669675702e-06,0.05949203821522775,1.0686500148714002,True,0.18711237460860736,0.4626666892064786,0.4626666892064786,0.035750267384525816,0.4984169565910044,0.0342485937771366,0.0018949147258581767,0.005864754716660593,0.5784414866556815,0.5784414866556815,0.0,0.001332975718305998,0.0,0.00034236070091311433,0.006693966857302401,0.43787292644188835,0.00021714320632413423,0.0011457026766567827,1.804765236028309e-07,8.853599669675701e-08,0.0005949203821522775,1.0686500148714002
0.9102066250108661,0.016309388090547272,0.022138387329881565,11250,0.7378569799446357,0.7378569806824927,0.4552502109964096,0.4552502109964096,0.13434145653821858,0.5895916675346282,0.0,0.019403222588938993,1.3486004265352847,7.974286811601679e-05,0.08892988623197501,0.0019450186046914275,0.05482127060840751,1.8334446219731202,2.354047496202818,0.002406193397308796,0.11260163850920346,0.3741250087379566,-0.3741250087379566,0.37853848277213403,0.004413474034177385,0.012827512221225305,0.5293177047772101,-0.5293177047772101,0.710130366962256,0.1808126621850459,0.05347239917288399,0.26510822669056816,1.8343730288390065,2.354390279365223,1.2817723669714747,1.2817723669714747,1.5875040998167172e-06,0.24177930482610213,1.5235516717975768,5.869463488862381e-06,0.03355330573286708,3.0576586739821683,True,0.26506962874140017,0.6721790755533086,0.6721790755533086,0.035750267384525816,0.7079293429378344,0.45510331250543307,0.008154694045273636,0.004427677465976314,0.7378569799446357,0.7378569799446357,0.0,0.0009701611294469497,7.974286811601679e-05,0.002917527907037141,0.013705317652101878,1.8334446219731202,0.00012827512221225305,0.0005347239917288399,4.762512299450151e-08,5.869463488862381e-08,0.0003355330573286708,3.0576586739821683
0.06837830180988774,0.06448084317279323,0.0427242343565295,11275,0.18974848084550516,0.18974848103525363,0.23537778741288487,0.23537778741288487,0.13434145653821858,0.36971924395110345,0.0,0.029510143979147085,1.3912119944983383,0.0,0.04370618806138475,0.0007913727622167861,0.0,0.4375722624261735,1.6614924507703572,0.002088567686911646,0.11260163850920346,0.0521112798936913,-0.0521112798936913,0.37853848277213403,0.32642720287844273,0.016550189875746923,0.18732620221734797,-0.18732620221734797,0.710130366962256,0.522804164744908,0.06576358070092488,0.18713597816137872,0.43815038968209097,1.6619292935669874,0.2628632328728777,0.2628632328728777,1.971770691151613e-06,0.24177930482610213,0.5046425376989798,5.316378009231195e-06,0.16362312463248016,0.7074172102455999,True,0.1870867889423388,0.13310130255873043,0.13310130255873043,0.035750267384525816,0.16885156994325623,0.03418915090494387,0.03224042158639662,0.0085448468713059,0.18974848084550516,0.18974848084550516,0.0,0.0014755071989573543,0.0,0.0011870591433251793,0.0,0.4375722624261735,0.00016550189875746922,0.0006576358070092488,5.915312073454839e-08,5.316378009231195e-08,0.0016362312463248016,0.7074172102455999
0.1552756099961622,0.006414504473881366,0.012638936949849744,11300,0.5542151187519783,0.5542151193061933,0.6986919135959099,0.6986919135959099,0.13434145653821858,0.8330333701341285,0.0,0.018371019259305354,1.3007287427155503,0.0,0.03921490872763184,0.00022979634911725086,0.012143384719747938,0.6305158206253644,1.7940502632865027,0.0003954518252300492,0.11260163850920346,0.137922461371836,0.137922461371836,0.37853848277213403,0.51646094414397,0.021836055105186082,0.510003176705132,0.510003176705132,0.710130366962256,1.220133543667388,0.03937096784821594,0.202117052334426,0.6319839558325269,1.7949741856390853,0.8689372095300585,0.8689372095300585,6.728459622448129e-07,0.24177930482610213,1.1107165143561606,6.530447484488929e-06,0.07310328236117113,1.2737460642119118,True,0.2020130171544307,0.11586147982612459,0.11586147982612459,0.035750267384525816,0.1516117472106504,0.0776378049980811,0.003207252236940683,0.002527787389969949,0.5542151187519783,0.5542151187519783,0.0,0.0009185509629652677,0.0,0.0003446945236758763,0.0030358461799369846,0.6305158206253644,0.00021836055105186082,0.0003937096784821594,2.0185378867344384e-08,6.530447484488929e-08,0.0007310328236117113,1.2737460642119118
0.00021785887585028073,0.05654708691227284,0.04442972917574066,11325,0.7830467141130201,0.7830467148960668,1.1080699097799012,1.1080699097799012,0.13434145653821858,1.2424113663181198,0.0,0.026099411148433206,2.4685098988700234,0.0,0.05534985544912792,0.0008336467308261687,0.06911469026101139,0.17202589345168795,1.414760043219797,0.002117083040758646,0.11260163850920346,0.1356175830576773,0.1356175830576773,0.37853848277213403,0.5141560658298113,0.031909570138963575,0.031950744139436105,0.031950744139436105,0.710130366962256,0.7420811111016921,0.07890327866552789,0.15938217315685418,0.17259995528707447,1.415451507744375,1.2937673138588068,1.2937673138588068,4.772822479313131e-06,0.24177930482610213,1.535546618684909,2.2711139114680567e-05,0.25180864845139145,1.015801724781456,True,0.1593043131115011,0.3804537058474651,0.3804537058474651,0.035750267384525816,0.4162039732319909,0.00010892943792514036,0.02827354345613642,0.008885945835148132,0.7830467141130201,0.7830467141130201,0.0,0.0013049705574216604,0.0,0.0012504700962392532,0.017278672565252846,0.17202589345168795,0.00031909570138963575,0.000789032786655279,1.4318467437939392e-07,2.2711139114680568e-07,0.0025180864845139143,1.015801724781456
0.36317979488698665,0.00122520684513161,0.01355619422634554,11350,1.583724267183746,1.5837242687674702,1.7144844838732562,1.7144844838732562,0.13434145653821858,1.8488259404114749,0.0,0.005628169190524092,3.2434079440827137,0.0,0.060191901458270115,0.0007866236136558133,1.0243577428759074,1.0052949976421697,2.002644003443979,0.0019194567909531141,0.11260163850920346,0.043925125088055794,-0.043925125088055794,0.37853848277213403,0.33461335768407824,0.041510998310251755,0.9932995567566528,0.9932995567566528,0.710130366962256,1.7034299237189088,0.059960436855607736,0.22571732755182988,1.0091509107386056,2.004565035594314,2.731725428841727,2.731725428841727,7.500013973842221e-06,0.24177930482610213,2.9735047336678293,2.0428134018283855e-05,0.24100084910571756,3.0349089362607056,True,0.22550101616486296,1.072640903250321,1.072640903250321,0.035750267384525816,1.1083911706348468,0.18158989744349333,0.000612603422565805,0.002711238845269108,1.583724267183746,1.583724267183746,0.0,0.0002814084595262046,0.0,0.00117993542048372,0.25608943571897685,1.0052949976421697,0.00041510998310251756,0.0005996043685560774,2.2500041921526662e-07,2.0428134018283856e-07,0.0024100084910571758,3.0349089362607056
0.0,0.030848717462033326,0.02979352162480537,11375,0.4675234134282752,0.4675234138957986,0.3551365671777542,0.3551365671777542,0.13434145653821858,0.48947802371597277,0.0,0.013190996063992839,1.1100470877729727,0.0,0.04708054376654969,0.0008412733643390326,0.007065582818835549,0.13836981035180784,1.3719809274032848,0.0011093349703473576,0.11260163850920346,0.17743958830052736,0.17743958830052736,0.37853848277213403,0.5559780710726614,0.012413307739268803,0.18824797649303815,0.18824797649303815,0.710130366962256,0.8983783434552941,0.0319501801123973,0.15455420762116284,0.13881213008661328,1.3725749992774787,0.9461779086406275,0.9461779086406275,2.268211575406404e-06,0.24177930482610213,1.1879572134667296,4.85831563360521e-06,0.06717910217533567,0.6320796849202516,True,0.15448731414879566,0.0677789672949959,0.0677789672949959,0.035750267384525816,0.10352923467952171,0.0,0.015424358731016663,0.005958704324961074,0.4675234134282752,0.4675234134282752,0.0,0.0006595498031996419,0.0,0.001261910046508549,0.0017663957047088872,0.13836981035180784,0.00012413307739268803,0.000319501801123973,6.804634726219213e-08,4.8583156336052105e-08,0.0006717910217533566,0.6320796849202516
0.5380578922109969,0.009616676001632518,0.02003668185033372,11400,1.6116614942591951,1.6116614958708566,1.1379965317100964,1.1379965317100964,0.13434145653821858,1.272337988248315,0.0,0.021331538962108175,2.7419721985549583,0.0,0.07479683322769062,0.0007684248049913626,1.0632916280040865,1.2848773286776478,2.133524295583314,0.0015459734626263575,0.11260163850920346,0.22094800081825025,-0.22094800081825025,0.37853848277213403,0.15759048195388378,0.04175529142633147,0.2709603254758768,-0.2709603254758768,0.710130366962256,0.43917004148637917,0.047141364751877864,0.24034611157454572,1.2870477894710919,2.134481286523093,2.895975926255607,2.895975926255607,4.895993389175833e-06,0.24177930482610213,3.137755231081709,2.4754161160753742e-05,0.19725234424094898,3.4452874489954426,True,0.2402383528171182,1.7841843227872036,1.7841843227872036,0.035750267384525816,1.8199345901717294,0.26902894610549843,0.004808338000816259,0.004007336370066744,1.6116614942591951,1.6116614942591951,0.0,0.0010665769481054087,0.0,0.0011526372074870438,0.2658229070010216,1.2848773286776478,0.0004175529142633147,0.0004714136475187786,1.46879801675275e-07,2.475416116075374e-07,0.00197252344240949,3.4452874489954426
0.005878238185671587,0.13117524040481132,0.0554262805687808,11425,0.1464559393513996,0.14645593949785554,0.20627809645654197,0.20627809645654197,0.13434145653821858,0.34061955299476054,0.0,0.037642905861432104,1.3763362576419287,0.0,0.07167064035339282,0.002522328094729914,0.0,0.22721397360010845,1.476669669268046,0.00325345462439722,0.11260163850920346,0.17868820953085698,-0.17868820953085698,0.37853848277213403,0.19985027324127705,0.016260816824897356,0.11495981488652074,-0.11495981488652074,0.710130366962256,0.5951705520757352,0.09849161670372272,0.1662991891925935,0.2274150980280138,1.4768805909533473,0.11681686803951666,0.11681686803951666,4.587292182687336e-06,0.24177930482610213,0.3585961728656188,5.700191042224995e-06,0.07452483171097583,0.460840513068744,True,0.16627543906312225,0.07684166884324387,0.07684166884324387,0.035750267384525816,0.11259193622776968,0.0029391190928357933,0.06558762020240566,0.01108525611375616,0.1464559393513996,0.1464559393513996,0.0,0.0018821452930716052,0.0,0.003783492142094871,0.0,0.22721397360010845,0.00016260816824897358,0.0009849161670372273,1.3761876548062008e-07,5.7001910422249955e-08,0.0007452483171097584,0.460840513068744
0.8294622219009024,0.06429102109920293,0.04016605437260605,11450,2.163786001461327,2.1637860036251126,1.2694025725287377,1.2694025725287377,0.13434145653821858,1.4037440290669563,0.0,0.021580002553891295,1.7686193515536295,0.0,0.06454235408625451,0.0019139735593489097,2.4685429884443275,1.7180607547134363,2.3107481660156677,0.0024295951227642485,0.11260163850920346,0.07707631477020538,-0.07707631477020538,0.37853848277213403,0.30146216800192865,0.02706743011538787,0.21397979225942731,0.21397979225942731,0.710130366962256,0.9241101592216833,0.0569824778916568,0.26030474393253766,1.7206387387789956,2.311731199133037,3.7129323057248165,3.7129323057248165,3.5634399085835667e-06,0.24177930482610213,3.954711610550919,1.6640937967547348e-05,0.17666423741314305,4.960449710893917,True,0.26019405278298274,2.821501734819272,2.821501734819272,0.035750267384525816,2.857252002203798,0.4147311109504512,0.032145510549601464,0.00803321087452121,2.163786001461327,2.163786001461327,0.0,0.0010790001276945649,0.0,0.0028709603390233646,0.6171357471110819,1.7180607547134363,0.0002706743011538787,0.000569824778916568,1.06903197257507e-07,1.6640937967547348e-07,0.0017666423741314306,4.960449710893917
0.09429303416010619,0.006421099806151576,0.012469934372038333,11475,0.27658176607137586,0.2765817663479576,0.2809181446691572,0.2809181446691572,0.13434145653821858,0.4152596012073758,0.0,0.018727515851917155,0.6378007724034885,0.0,0.024535651643961605,0.00010509341924581118,0.0,0.4999504009587998,1.707071708498367,0.00044608859841878087,0.11260163850920346,0.014665083916615418,0.014665083916615418,0.37853848277213403,0.39320356668874945,0.02058851207032267,0.27062148774467265,-0.27062148774467265,0.710130366962256,0.4395088792175833,0.061255304583952216,0.19226836077761605,0.5005693939136923,1.7075092889239634,0.44584034490017166,0.44584034490017166,1.1639536910128025e-07,0.24177930482610213,0.6876196497262738,1.9169710883666253e-06,0.020890160674189525,0.8315045992440334,True,0.19221908850033856,0.17705280545728214,0.17705280545728214,0.035750267384525816,0.21280307284180797,0.047146517080053095,0.003210549903075788,0.0024939868744076666,0.27658176607137586,0.27658176607137586,0.0,0.0009363757925958578,0.0,0.00015764012886871677,0.0,0.4999504009587998,0.0002058851207032267,0.0006125530458395222,3.4918610730384073e-09,1.9169710883666254e-08,0.00020890160674189525,0.8315045992440334
0.0,0.008681552870279607,0.01447677899450548,11500,0.20958375859432865,0.20958375880391242,0.1670797505964585,0.1670797505964585,0.13434145653821858,0.30142120713467707,0.0,0.017233341075958225,1.143540195048671,0.0,0.01865391020359569,0.00014383160557747393,0.0,0.12961550476002776,1.3600215337448966,0.00030900594959422275,0.11260163850920346,0.013685404078023156,0.013685404078023156,0.37853848277213403,0.3922238868501572,0.00887907662821714,0.1577391306277054,0.1577391306277054,0.710130366962256,0.8678694975899613,0.06884201540721327,0.15317966623517415,0.12986501129247788,1.3603678832699688,0.4020636900176363,0.4020636900176363,3.588853231725924e-07,0.24177930482610213,0.6438429948437384,4.869052562070844e-06,0.11807618830851639,0.3494708423110862,True,0.15314066670769064,0.07061856884663441,0.07061856884663441,0.035750267384525816,0.10636883623116022,0.0,0.004340776435139804,0.0028953557989010964,0.20958375859432865,0.20958375859432865,0.0,0.0008616670537979113,0.0,0.0002157474083662109,0.0,0.12961550476002776,8.879076628217139e-05,0.0006884201540721327,1.0766559695177772e-08,4.8690525620708444e-08,0.001180761883085164,0.3494708423110862
0.3280862688807566,0.0547395827552819,0.03794920130369992,11525,1.3578128999287358,1.3578129012865485,0.8362832060492649,0.8362832060492649,0.13434145653821858,0.9706246625874835,0.0,0.01238661940986838,1.2484163769725884,0.0,0.048392067257527045,0.0010212750088578306,0.757027585501006,0.9463167917441774,1.9727881535792762,0.001738901348419132,0.11260163850920346,0.14567452264629124,-0.14567452264629124,0.37853848277213403,0.2328639601258428,0.019166745390210196,0.01690269120471244,0.01690269120471244,0.710130366962256,0.7270330581669684,0.03478555114220746,0.222244744564989,0.9481413417462597,1.9737254960954138,2.698918449056583,2.698918449056583,1.2886525202087783e-06,0.24177930482610213,2.9406977538826853,6.870683945353344e-06,0.0934419812042422,2.6960146477544855,True,0.22213919825245415,1.1014727466463974,1.1014727466463974,0.035750267384525816,1.1372230140309232,0.1640431344403783,0.02736979137764095,0.007589840260739985,1.3578128999287358,1.3578128999287358,0.0,0.0006193309704934191,0.0,0.0015319125132867459,0.1892568963752515,0.9463167917441774,0.00019166745390210196,0.0003478555114220746,3.8659575606263346e-08,6.870683945353343e-08,0.000934419812042422,2.6960146477544855
0.0036264361450812003,0.0031166729343794497,0.010825462983286021,11550,0.2921328071274726,0.2921328074196054,0.09709932030143292,0.09709932030143292,0.13434145653821858,0.2314407768396515,0.0,0.01464960463263136,1.0719795366743026,0.0,0.04285791988057549,0.0005319058843183272,0.0,0.21180235474402398,1.4602198982486785,0.0007568812131302983,0.11260163850920346,0.08253663234934255,-0.08253663234934255,0.37853848277213403,0.2960018504227915,0.010048077158065606,0.22893108811503665,-0.22893108811503665,0.710130366962256,0.4811992788472193,0.0581311459242913,0.16445278657746576,0.21204453732681497,1.460482939235337,0.3137137579507806,0.3137137579507806,2.959804224261904e-07,0.24177930482610213,0.5554930627768827,5.160560700477055e-06,0.08831756361483205,0.5125671764179848,True,0.16442316772874252,0.5095503381792567,0.5095503381792567,0.035750267384525816,0.5453006055637825,0.0018132180725406002,0.0015583364671897248,0.0021650925966572045,0.2921328071274726,0.2921328071274726,0.0,0.0007324802316315681,0.0,0.0007978588264774908,0.0,0.21180235474402398,0.00010048077158065607,0.000581311459242913,8.87941267278571e-09,5.160560700477055e-08,0.0008831756361483205,0.5125671764179848
0.0,0.008469973570476075,0.014154954043736229,11575,0.49373726671670276,0.49373726721044,0.5758823031843073,0.5758823031843073,0.13434145653821858,0.7102237597225259,0.0,0.03343163391335523,1.8669639446337778,0.0,0.03828016930709749,0.0005041856827852672,0.00540157659976649,0.13864069819787092,1.3723448646052083,0.000653164157819287,0.11260163850920346,0.0675528672122448,0.0675528672122448,0.37853848277213403,0.4460913499843788,0.034076526626906536,0.05250778285714808,-0.05250778285714808,0.710130366962256,0.6576225841051079,0.09907987087396775,0.1545714594848827,0.13892631908454978,1.3727282107441692,0.9225614478764228,0.9225614478764228,1.0145414557905303e-06,0.24177930482610213,1.164340752702525,1.308853273526531e-05,0.11178294199383088,0.6456717515948643,True,0.15452829407768606,0.16971133080703393,0.16971133080703393,0.035750267384525816,0.20546159819155976,0.0,0.004234986785238037,0.002830990808747246,0.49373726671670276,0.49373726671670276,0.0,0.0016715816956677614,0.0,0.0007562785241779008,0.0013503941499416225,0.13864069819787092,0.00034076526626906537,0.0009907987087396774,3.043624367371591e-08,1.308853273526531e-07,0.0011178294199383088,0.6456717515948643
0.0,0.0539569623728825,0.03746336919272515,11600,0.5695995683981397,0.5695995689677393,0.6199024102868792,0.6199024102868792,0.13434145653821858,0.7542438668250978,0.0,0.020063247609740827,1.7250239349712135,0.0,0.044781735098131624,0.0007961494681779683,0.007842877711533804,0.10875783070190005,1.3297845216226802,0.0009215883338896294,0.11260163850920346,0.44745011351268077,0.44745011351268077,0.37853848277213403,0.8259885962848148,0.02646721515880007,0.42326079070705835,0.42326079070705835,0.710130366962256,1.1333911576693143,0.0509057367495382,0.14980704733684855,0.1091748066140359,1.3304161113112312,0.9045804834127074,0.9045804834127074,1.0501511153095043e-06,0.24177930482610213,1.1463597882388095,1.1357900587330238e-05,0.2240103084428669,0.7200006378227148,True,0.1497359292967363,0.2007789694117572,0.2007789694117572,0.035750267384525816,0.23652923679628304,0.0,0.02697848118644125,0.00749267383854503,0.5695995683981397,0.5695995683981397,0.0,0.0010031623804870413,0.0,0.0011942242022669526,0.001960719427883451,0.10875783070190005,0.0002646721515880007,0.000509057367495382,3.150453345928513e-08,1.1357900587330238e-07,0.002240103084428669,0.7200006378227148
0.24393362983806624,0.00039202533796645067,0.012198887303638911,11625,0.24983891147103868,0.2498389117208776,0.1393932506073777,0.1393932506073777,0.13434145653821858,0.2737347071455963,0.0,0.02672026951179805,0.9319947699771114,0.0,0.056968108390995344,0.0012953850913727633,0.0,0.7990507303239377,1.8938963756073395,0.0017770935353646372,0.11260163850920346,0.25562912740893534,-0.25562912740893534,0.37853848277213403,0.1229093553631987,0.013202377069407793,0.30922034410148114,-0.30922034410148114,0.710130366962256,0.4009100228607748,0.08632328830131009,0.21330161058223784,0.7997773793782389,1.8943027336300828,0.24127843426596005,0.24127843426596005,8.082407331078748e-07,0.24177930482610213,0.4830577390920622,2.952537733777725e-06,0.027837903699514725,1.1780450274196712,True,0.213255853998992,0.27108702644454563,0.27108702644454563,0.035750267384525816,0.30683729382907143,0.12196681491903312,0.00019601266898322534,0.0024397774607277825,0.24983891147103868,0.24983891147103868,0.0,0.0013360134755899026,0.0,0.001943077637059145,0.0,0.7990507303239377,0.00013202377069407794,0.0008632328830131009,2.4247221993236243e-08,2.952537733777725e-08,0.0002783790369951473,1.1780450274196712
0.0,0.050693550679226096,0.04260218947084067,11650,0.7913739611462721,0.7913739619376461,0.6554918347862114,0.6554918347862114,0.13434145653821858,0.78983329132443,0.0,0.009171326389193291,1.8618480319939648,0.0,0.051015834263413884,0.0009968271050499013,0.13115442495135046,0.0740759549533906,1.2721689823499192,0.0018002243224365829,0.11260163850920346,0.3051481168474424,0.3051481168474424,0.37853848277213403,0.6836865996195765,0.02548640527229741,0.29297339839914616,0.29297339839914616,0.710130366962256,1.003103765361402,0.05444896526780068,0.1433356324397482,0.07449861901754577,1.2729443515032794,1.5680123297301791,1.5680123297301791,1.7759838105651033e-06,0.24177930482610213,1.8097916345562812,1.3656696626619923e-05,0.10206322951193342,0.935879718395317,True,0.14324832459487666,0.25314569149422983,0.25314569149422983,0.035750267384525816,0.28889595887875563,0.0,0.025346775339613048,0.008520437894168134,0.7913739611462721,0.7913739611462721,0.0,0.00045856631945966455,0.0,0.0014952406575748519,0.032788606237837616,0.0740759549533906,0.0002548640527229741,0.0005444896526780068,5.3279514316953093e-08,1.3656696626619923e-07,0.0010206322951193342,0.935879718395317
0.0035097368050442355,0.13949667357096762,0.05742885115468115,11675,0.2297428323171218,0.22974283254686464,0.3432961585270017,0.3432961585270017,0.13434145653821858,0.4776376150652203,0.0,0.04175782618330396,1.8436089111460383,0.0,0.051308574025833595,0.0007431171648572231,0.0,0.21090416216529417,1.4592430317003124,0.0014892438664378443,0.11260163850920346,0.07767277800673361,0.07767277800673361,0.37853848277213403,0.45621126077886764,0.020242704126717116,0.027486681405640145,0.027486681405640145,0.710130366962256,0.7376170483678961,0.10615747462664052,0.16436409095591928,0.21131971866649762,1.4596952454251595,0.3703458334138151,0.3703458334138151,9.627276176737207e-07,0.24177930482610213,0.6121251382399172,1.1119123029553369e-05,0.10777032449108291,0.5291803820633125,True,0.164313170945023,0.04595626887526162,0.04595626887526162,0.035750267384525816,0.08170653625978744,0.0017548684025221178,0.06974833678548381,0.011485770230936231,0.2297428323171218,0.2297428323171218,0.0,0.002087891309165198,0.0,0.0011146757472858346,0.0,0.21090416216529417,0.00020242704126717116,0.0010615747462664052,2.888182853021162e-08,1.1119123029553369e-07,0.0010777032449108292,0.5291803820633125
0.0008349621793841318,0.0003222349577304273,0.018385852858008554,11700,0.944134646243062,0.9441346471871966,1.116191952258662,1.116191952258662,0.13434145653821858,1.2505334087968807,0.0,0.01658371573874669,2.0965144948206156,0.0,0.04884054296407427,0.0007468472927252941,0.18906717571372875,0.18395153188178248,1.428895712127998,0.0011560884599718109,0.11260163850920346,0.16048115852688988,0.16048115852688988,0.37853848277213403,0.5390196412990239,0.06160190540517101,0.7407145395715106,0.7407145395715106,0.710130366962256,1.4508449065337665,0.10470630639190164,0.16103562218684603,0.18501660409607615,1.4301355647886793,1.582421981206514,1.582421981206514,1.3213378321782193e-06,0.24177930482610213,1.824201286032616,1.4769061115047317e-05,0.10726827762697273,1.1842941501444473,True,0.16089601273334478,0.3641361391418634,0.3641361391418634,0.035750267384525816,0.3998864065263892,0.0004174810896920659,0.00016111747886521366,0.003677170571601711,0.944134646243062,0.944134646243062,0.0,0.0008291857869373346,0.0,0.0011202709390879411,0.04726679392843219,0.18395153188178248,0.0006160190540517101,0.0010470630639190163,3.9640134965346575e-08,1.4769061115047317e-07,0.0010726827762697273,1.1842941501444473
0.0,0.025912434215197844,0.02708862180993922,11725,0.30825701457063615,0.3082570148788932,0.3989888900196308,0.3989888900196308,0.13434145653821858,0.5333303465578494,0.0,0.024088379685540222,1.5532122649020939,0.0,0.043361324766306594,0.0007420924213237602,0.0,0.05440120830638556,1.233240666064873,0.0007935541575886284,0.11260163850920346,0.42100507833622497,0.42100507833622497,0.37853848277213403,0.799543561108359,0.02615998456987356,0.28568019994541727,0.28568019994541727,0.710130366962256,0.9958105669076732,0.05733933005432092,0.13892196960855185,0.054637757846165765,1.2337472092799522,0.23274789092334072,0.23274789092334072,4.415567275539197e-06,0.24177930482610213,0.47452719574944285,5.891641506531652e-06,0.2105701496857081,0.3862906079894035,True,0.13886493200749278,0.0537565660745363,0.0537565660745363,0.035750267384525816,0.08950683345906212,0.0,0.012956217107598922,0.005417724361987845,0.30825701457063615,0.30825701457063615,0.0,0.001204418984277011,0.0,0.0011131386319856403,0.0,0.05440120830638556,0.0002615998456987356,0.0005733933005432092,1.324670182661759e-07,5.891641506531652e-08,0.0021057014968570813,0.3862906079894035
0.1186926763921859,0.05150471081531138,0.04007876657114941,11750,1.1592995672212065,1.159299568380506,1.082886008375108,1.082886008375108,0.13434145653821858,1.2172274649133266,0.0,0.020798498823067224,2.5672958699196444,0.0,0.060220046398815175,0.0010757422916904049,0.45264104586413734,0.5543071043363683,1.744518034930228,0.002609362057165111,0.11260163850920346,0.0011089816823710574,-0.0011089816823710574,0.37853848277213403,0.377429501089763,0.03277956362188353,0.0996926616478494,0.0996926616478494,0.710130366962256,0.8098230286101054,0.05048206336246696,0.1965320314643993,0.5555829532625132,1.7453743712138976,2.246850084178433,2.246850084178433,3.9736015448656415e-06,0.24177930482610213,2.4886293890045352,1.9735598872849115e-05,0.26171817574914724,1.9259850329116468,True,0.19643560658717985,0.6992568781943649,0.6992568781943649,0.035750267384525816,0.7350071455788907,0.05934633819609295,0.02575235540765569,0.008015753314229882,1.1592995672212065,1.1592995672212065,0.0,0.0010399249411533612,0.0,0.0016136134375356074,0.11316026146603433,0.5543071043363683,0.0003277956362188353,0.0005048206336246696,1.1920804634596924e-07,1.9735598872849116e-07,0.0026171817574914724,1.9259850329116468
0.03715491073045973,0.028046885606414995,0.03377451992941719,11775,0.32634320454659455,0.3263432048729377,0.22770130693082916,0.22770130693082916,0.13434145653821858,0.36204276346904773,0.0,0.02058169619417048,1.6240741816480393,0.0,0.03073001776474908,0.0003491662700960595,0.0,0.3513597837646612,1.5927560912927519,0.0007237444717450746,0.11260163850920346,0.17320040582099744,-0.17320040582099744,0.37853848277213403,0.2053380769511366,0.01717122103519903,0.5376927500153781,-0.5376927500153781,0.710130366962256,0.17243761694687781,0.05627687639762523,0.1793807942751382,0.3517160775732607,1.5930565551220732,0.4018272992603069,0.4018272992603069,6.572764036510918e-07,0.24177930482610213,0.643606604086409,9.881270355752487e-06,0.09564324644893732,0.7203026566502424,True,0.1793469615526392,0.008631293599630822,0.008631293599630822,0.035750267384525816,0.04438156098415664,0.018577455365229863,0.014023442803207498,0.006754903985883439,0.32634320454659455,0.32634320454659455,0.0,0.001029084809708524,0.0,0.0005237494051440893,0.0,0.3513597837646612,0.00017171221035199033,0.0005627687639762523,1.9718292109532754e-08,9.881270355752488e-08,0.0009564324644893732,0.7203026566502424
0.0,0.04351943709728112,0.03496222474487719,11800,0.27382622630319914,0.2738262265770253,0.27516979256204166,0.27516979256204166,0.13434145653821858,0.40951124910026027,0.0,0.01749362341682936,1.6369536235061242,0.0,0.05122685267938351,0.0008393091929443762,0.0,0.05501095406703765,1.2345441409778501,0.0008747979569975084,0.11260163850920346,0.2989103045815897,0.2989103045815897,0.37853848277213403,0.6774487873537237,0.017151904625716054,0.23531485543632558,0.23531485543632558,0.710130366962256,0.9454452223985815,0.044702722126549174,0.1390726030701257,0.055264940611191096,1.2350849646642488,0.39177643686718777,0.39177643686718777,3.6433522552618033e-06,0.24177930482610213,0.6335557416932899,1.002642306985774e-05,0.1594484624842118,0.36193622928527397,True,0.1390117054314844,0.031246907206920957,-0.031246907206920957,0.035750267384525816,0.004503360177604859,0.0,0.02175971854864056,0.006992444948975438,0.27382622630319914,0.27382622630319914,0.0,0.000874681170841468,0.0,0.0012589637894165643,0.0,0.05501095406703765,0.00017151904625716056,0.00044702722126549173,1.0930056765785409e-07,1.002642306985774e-07,0.001594484624842118,0.36193622928527397
0.0,0.021562628520854887,0.028238701623962897,11825,0.13587459877713637,0.13587459891301099,0.08883570040931993,0.08883570040931993,0.13434145653821858,0.2231771569475385,0.0,0.011714328973535346,1.031981428906975,0.0,0.02907893031113155,0.00022775289356680235,0.0,0.017742221084172925,1.1331999289946242,0.0004515012751244448,0.11260163850920346,0.2654615592462775,0.2654615592462775,0.37853848277213403,0.6440000420184115,0.01280826675641984,0.049018993967185676,0.049018993967185676,0.710130366962256,0.7591493609294416,0.03764604469171603,0.12762341330796723,0.017797230210306783,1.1334062600116905,0.054025568404879015,0.054025568404879015,1.1416459350324198e-06,0.24177930482610213,0.29580487323098115,3.4412285543069243e-06,0.08361329469409957,0.17231396495864226,True,0.127600180095307,0.09287781346023068,0.09287781346023068,0.035750267384525816,0.1286280808447565,0.0,0.010781314260427444,0.00564774032479258,0.13587459877713637,0.13587459877713637,0.0,0.0005857164486767673,0.0,0.0003416293403502035,0.0,0.017742221084172925,0.0001280826675641984,0.0003764604469171603,3.4249378050972596e-08,3.4412285543069244e-08,0.0008361329469409957,0.17231396495864226
0.17431944915580563,0.08122563312047182,0.04695260100205007,11850,0.27788262021729854,0.27788262049518114,0.190037367240993,0.190037367240993,0.13434145653821858,0.32437882377921157,0.0,0.014503333238283952,1.211370550055633,0.0,0.043625924627186945,0.000588353210481609,0.0,0.6683320948141931,1.8175158070729844,0.0009546381047451102,0.11260163850920346,0.15225457625223066,-0.15225457625223066,0.37853848277213403,0.22628390651990338,0.014113892159953186,0.3032874456064786,-0.3032874456064786,0.710130366962256,0.4068429213557774,0.04474530014203737,0.20468505888193836,0.6687646259586082,1.8177803042129397,0.4445921721779599,0.4445921721779599,9.482172118612735e-07,0.24177930482610213,0.686371477004062,5.245806018179668e-06,0.06518615117982723,1.0862260071870715,True,0.20465527606795345,0.19275015617189667,0.19275015617189667,0.035750267384525816,0.22850042355642247,0.08715972457790282,0.04061281656023591,0.009390520200410014,0.27788262021729854,0.27788262021729854,0.0,0.0007251666619141977,0.0,0.0008825298157224136,0.0,0.6683320948141931,0.00014113892159953187,0.0004474530014203737,2.8446516355838205e-08,5.245806018179668e-08,0.0006518615117982724,1.0862260071870715
0.11815406131895931,0.013904431261920314,0.022019169057364466,11875,1.0757974866211468,1.0757974876969443,1.4106715195856994,1.4106715195856994,0.13434145653821858,1.545012976123918,0.0,0.01497091072472701,2.442958417303409,0.0,0.06574940833689503,0.0011992022458073455,0.280534199439986,0.5531424233347615,1.7437354525197528,0.0022872978073389914,0.11260163850920346,0.14254478249163466,0.14254478249163466,0.37853848277213403,0.5210832652637687,0.04322101194551917,0.9682674434751647,0.9682674434751647,0.710130366962256,1.6783978104374206,0.034029592791056086,0.19650616690850953,0.5552405816045681,1.745144671593757,1.5615937491470773,1.5615937491470773,2.7933747679238413e-06,0.24177930482610213,1.8033730539731794,2.212915859258545e-05,0.16113084227701227,1.7744380083857298,True,0.19634748651766604,0.6326698523087031,0.6326698523087031,0.035750267384525816,0.6684201196932289,0.059077030659479654,0.006952215630960157,0.0044038338114728934,1.0757974866211468,1.0757974866211468,0.0,0.0007485455362363506,0.0,0.0017988033687110182,0.0701335498599965,0.5531424233347615,0.00043221011945519165,0.00034029592791056084,8.380124303771523e-08,2.212915859258545e-07,0.0016113084227701228,1.7744380083857298
0.0,0.03366563919871124,0.03048484241575157,11900,0.3482220056462962,0.3482220059945182,0.34981769963403386,0.34981769963403386,0.13434145653821858,0.4841591561722524,0.0,0.011748797842325747,1.908217583907362,0.0,0.04840916720000043,0.0010114254934713621,0.0017473418189379649,0.009748140316062732,1.0987326709659104,0.0015472524530417676,0.11260163850920346,0.4781963731177373,0.4781963731177373,0.37853848277213403,0.8567348558898713,0.0173497216606386,0.38333999783156425,0.38333999783156425,0.710130366962256,1.0934703647938202,0.02811903318618763,0.12376915207656772,0.009836094721134638,1.0991770876822597,0.32855647244613817,0.32855647244613817,2.4790332619988485e-06,0.24177930482610213,0.5703357772722403,9.49085444902781e-06,0.08900008309045197,0.3847862052908378,True,0.12371911002168173,0.01870089650985325,-0.01870089650985325,0.035750267384525816,0.017049370874672565,0.0,0.01683281959935562,0.006096968483150314,0.3482220056462962,0.3482220056462962,0.0,0.0005874398921162875,0.0,0.0015171382402070432,0.0004368354547344912,0.009748140316062732,0.000173497216606386,0.0002811903318618763,7.437099785996545e-08,9.490854449027811e-08,0.0008900008309045197,0.3847862052908378
0.8256355123164644,0.0935636936863371,0.04894215145949365,11925,1.129563555232172,1.1295635563617354,0.675354257819246,0.675354257819246,0.13434145653821858,0.8096957143574646,0.0,0.018714858524078396,1.8574742622435891,0.0,0.056035868206616574,0.0008959140617984401,0.28787594970487435,1.7125514138363973,2.3086448768999164,0.0015145600234631133,0.11260163850920346,0.22795884259627192,-0.22795884259627192,0.37853848277213403,0.15057964017586212,0.020125580234082584,0.042894761998149566,0.042894761998149566,0.710130366962256,0.7530251289604055,0.05918784063959613,0.26003293684787526,1.7143118371268784,2.309317317202701,1.598691753847457,1.598691753847457,2.424950505077879e-06,0.24177930482610213,1.840471058673559,1.6292727446979284e-05,0.14138244264796257,3.3879587981179946,True,0.2599572189612577,1.820397002690266,1.820397002690266,0.035750267384525816,1.8561472700747919,0.4128177561582322,0.04678184684316855,0.00978843029189873,1.129563555232172,1.129563555232172,0.0,0.0009357429262039198,0.0,0.0013438710926976603,0.07196898742621859,1.7125514138363973,0.00020125580234082584,0.0005918784063959614,7.274851515233637e-08,1.6292727446979285e-07,0.0014138244264796256,3.3879587981179946
0.0,0.15370392233828978,0.06062961979539123,11950,0.27008068297113375,0.2700806832412144,0.27065634108138015,0.27065634108138015,0.13434145653821858,0.4049977976195987,0.0,0.02024523216095895,1.561669456481237,0.0,0.050216988998250604,0.0010341971868806357,0.0,0.024679273067689002,1.1570963814595645,0.0016142493707202935,0.11260163850920346,0.33470578959697533,0.33470578959697533,0.37853848277213403,0.7132442723691094,0.020704554210133275,0.09442589600703577,0.09442589600703577,0.710130366962256,0.8045562629692917,0.06796273855743211,0.13033742527185768,0.024809095453552928,1.1575090329268545,0.4125477058016782,0.4125477058016782,1.9172084376784637e-06,0.24177930482610213,0.6543270106277803,9.417600541194723e-06,0.15757675479713484,0.38876399072332035,True,0.13029096003638108,0.01797769017285939,0.01797769017285939,0.035750267384525816,0.05372795755738521,0.0,0.07685196116914489,0.012125923959078246,0.27008068297113375,0.27008068297113375,0.0,0.0010122616080479475,0.0,0.0015512957803209535,0.0,0.024679273067689002,0.00020704554210133276,0.0006796273855743211,5.751625313035391e-08,9.417600541194724e-08,0.0015757675479713485,0.38876399072332035
0.04330869421466799,0.007832882665387952,0.01983419395435808,11975,0.5349453967587192,0.5349453972936646,0.6473500045767058,0.6473500045767058,0.13434145653821858,0.7816914611149244,0.0,0.010909019235623232,1.8530909115977043,0.0,0.05394582952095577,0.0007300110155768344,0.006361869832323919,0.36979462244101236,1.6081074102829305,0.0013187075230444967,0.11260163850920346,0.15553478829237172,0.15553478829237172,0.37853848277213403,0.5340732710645058,0.02531242537389691,0.4409887709977648,0.4409887709977648,0.710130366962256,1.1511191379600207,0.029162707853445224,0.18116331856445833,0.3707432716954874,1.6088869120743912,0.8529432125804777,0.8529432125804777,2.2949207869309503e-06,0.24177930482610213,1.0947225174065798,9.271369239272682e-06,0.09703074547990564,0.9390238017222472,True,0.18107554537772397,0.25611827658436387,0.25611827658436387,0.035750267384525816,0.29186854396888967,0.021654347107333997,0.003916441332693976,0.003966838790871616,0.5349453967587192,0.5349453967587192,0.0,0.0005454509617811616,0.0,0.0010950165233652516,0.0015904674580809798,0.36979462244101236,0.0002531242537389691,0.00029162707853445225,6.884762360792851e-08,9.271369239272681e-08,0.0009703074547990565,0.9390238017222472
0.23522627794386186,0.3772956628713081,0.08587200660035864,12000,0.8030408486795944,0.8030408494826352,0.8315545019969834,0.8315545019969834,0.13434145653821858,0.965895958535202,0.0,0.04418386836628414,1.7679100173866247,5.249342767302909e-06,0.0822911444230565,0.0033963111619161003,0.11931223817721803,0.7832273319167492,1.8850013174661093,0.006503387713782965,0.11260163850920346,0.07441677138324992,0.07441677138324992,0.37853848277213403,0.45295525415538396,0.024022528795034654,0.7445015274776331,0.7445015274776331,0.710130366962256,1.454631894439889,0.11743512057138594,0.21238256806617767,0.7852455908600826,1.8861408414355376,1.382617228992022,1.382617228992022,4.313016541253828e-06,0.24177930482610213,1.624396533818124,1.1958077260189333e-05,0.20528940542937102,1.9503082408914874,True,0.21225425578870427,0.2478696385447337,0.2478696385447337,0.035750267384525816,0.2836199059292595,0.11761313897193093,0.18864783143565406,0.01717440132007173,0.8030408486795944,0.8030408486795944,0.0,0.0022091934183142074,5.249342767302909e-06,0.00509446674287415,0.029828059544304508,0.7832273319167492,0.00024022528795034653,0.0011743512057138595,1.293904962376148e-07,1.1958077260189334e-07,0.00205289405429371,1.9503082408914874
0.007146256884806726,0.0030810038838093856,0.024745535730663716,12025,0.24134217802188546,0.24134217826322762,0.28077128842675747,0.28077128842675747,0.13434145653821858,0.415112744964976,0.0,0.03953059157535456,1.1781980988651704,0.0,0.056795486414172196,0.0015016061617216879,0.0,0.23477468586460998,1.484535536224754,0.0026141579067889323,0.11260163850920346,0.11061632715384584,0.11061632715384584,0.37853848277213403,0.48915480992597987,0.0220735006628405,0.21338596732613546,0.21338596732613546,0.710130366962256,0.9235163342883914,0.16291950279880454,0.16720102089467553,0.2351179593314099,1.484889636238402,0.29918974441542845,0.29918974441542845,8.891436583522071e-07,0.24177930482610213,0.5409690492415306,6.885060925268199e-06,0.044825533558402825,0.49270682113340597,True,0.16716114864940163,0.25517380859188826,0.25517380859188826,0.035750267384525816,0.29092407597641406,0.003573128442403363,0.0015405019419046928,0.004949107146132743,0.24134217802188546,0.24134217802188546,0.0,0.001976529578767728,0.0,0.0022524092425825317,0.0,0.23477468586460998,0.000220735006628405,0.0016291950279880454,2.667430975056621e-08,6.8850609252682e-08,0.0004482553355840283,0.49270682113340597
0.0,0.013118728026975224,0.024540514136056017,12050,0.4356017570877548,0.43560175752335656,0.4818355924862041,0.4818355924862041,0.13434145653821858,0.6161770490244227,0.0,0.011504290969078013,1.990844447185307,0.0,0.03772271775636817,0.0004518391737829525,0.0002469777945201164,0.05152435095243731,1.2269897595761476,0.0007152990138371432,0.11260163850920346,0.2331279510631546,0.2331279510631546,0.37853848277213403,0.6116664338352886,0.020068285249440217,0.1222891034983743,-0.1222891034983743,0.710130366962256,0.5878412634638817,0.034124327398836425,0.138223571885782,0.051776651312060426,1.2275448336307824,0.7933616822488305,0.7933616822488305,3.6936828900863947e-06,0.24177930482610213,1.0351409870749326,1.679894664271303e-05,0.132687939346662,0.5017773769585517,True,0.13816106963218544,0.13361471602566521,0.13361471602566521,0.035750267384525816,0.16936498341019104,0.0,0.006559364013487612,0.004908102827211203,0.4356017570877548,0.4356017570877548,0.0,0.0005752145484539007,0.0,0.0006777587606744287,6.17444486300291e-05,0.05152435095243731,0.00020068285249440218,0.00034124327398836425,1.1081048670259183e-07,1.6798946642713032e-07,0.0013268793934666202,0.5017773769585517
0.0,0.11060161881615715,0.05026961523549287,12075,0.30238784224420623,0.302387842546594,0.5120335380772562,0.5120335380772562,0.13434145653821858,0.6463749946154748,0.0,0.03317490083881226,2.632265920587616,0.0,0.05656774283250719,0.001735267379780816,0.0,0.014431993468052937,1.1201332321551907,0.0028894204473721465,0.11260163850920346,0.16909413799191414,0.16909413799191414,0.37853848277213403,0.5476326207640482,0.02964851524515591,0.15675938592944805,-0.15675938592944805,0.710130366962256,0.5533709810328079,0.09247198436654916,0.12614981013435916,0.014476755532041197,1.1203193896761499,0.3355114070684688,0.3355114070684688,4.198382607216758e-06,0.24177930482610213,0.5772907118945709,1.410130624959474e-05,0.16513767852997685,0.3893090630250057,True,0.12612884849061679,0.17111240641968622,0.17111240641968622,0.035750267384525816,0.20686267380421205,0.0,0.05530080940807858,0.010053923047098574,0.30238784224420623,0.30238784224420623,0.0,0.0016587450419406132,0.0,0.002602901069671224,0.0,0.014431993468052937,0.0002964851524515591,0.0009247198436654916,1.2595147821650273e-07,1.410130624959474e-07,0.0016513767852997685,0.3893090630250057
0.6495296810680272,0.0015619978283051283,0.009750290637417313,12100,0.35669988783765744,0.35669988819435733,0.48163422164116954,0.48163422164116954,0.13434145653821858,0.6159756781793881,0.0,0.029300984328043077,1.1575375335309874,0.0,0.05788455939401849,0.0009096072529658798,0.0,1.4542769151710804,2.2059340426288165,0.001312937562671148,0.11260163850920346,0.15444962544458574,-0.15444962544458574,0.37853848277213403,0.2240888573275483,0.023399163976606633,0.04222083401577281,0.04222083401577281,0.710130366962256,0.7523512009780288,0.0854227348551955,0.24846258587837583,1.4557932987097848,2.2065625962666773,0.4857784698338924,0.4857784698338924,2.394428560972796e-06,0.24177930482610213,0.7275577746599945,3.4999035214125365e-06,0.11030317009793618,2.143493518201428,True,0.24839180970257624,0.37760365511250243,0.37760365511250243,0.035750267384525816,0.41335392249702824,0.3247648405340136,0.0007809989141525642,0.0019500581274834628,0.35669988783765744,0.35669988783765744,0.0,0.001465049216402154,0.0,0.0013644108794488197,0.0,1.4542769151710804,0.00023399163976606634,0.000854227348551955,7.183285682918387e-08,3.4999035214125366e-08,0.0011030317009793618,2.143493518201428
0.0005485131615437678,0.0029123908745518623,0.017048960262129282,12125,0.9958729299066245,0.9958729309024974,0.9893863879861855,0.9893863879861855,0.13434145653821858,1.123727844524404,0.0,0.015584900267032003,2.3605399630931814,0.0,0.028619475578761825,0.00018632665217096166,0.2784852331514218,0.17928479943679076,1.4234203578440587,0.0005800720301358222,0.11260163850920346,0.11530925396651709,0.11530925396651709,0.37853848277213403,0.4938477367386511,0.023615414090976693,0.5901096599535488,0.5901096599535488,0.710130366962256,1.3002400269158048,0.08281297235683092,0.16039932822308245,0.1801872810941117,1.4244847242176233,1.8926692451240712,1.8926692451240712,3.568231358916026e-06,0.24177930482610213,2.1344485499501733,1.8508013067862178e-05,0.16183451594542508,1.2536609378443566,True,0.1602794788148013,0.190280165886965,0.190280165886965,0.035750267384525816,0.2260304332714908,0.0002742565807718839,0.0014561954372759311,0.0034097920524258567,0.9958729299066245,0.9958729299066245,0.0,0.0007792450133516002,0.0,0.0002794899782564425,0.06962130828785545,0.17928479943679076,0.00023615414090976693,0.0008281297235683093,1.0704694076748078e-07,1.850801306786218e-07,0.0016183451594542508,1.2536609378443566
0.0,0.027956349089459542,0.03314135883169447,12150,0.6590953121979494,0.6590953128570447,0.6422206548231406,0.6422206548231406,0.13434145653821858,0.7765621113613592,0.0,0.010286096884208864,1.5645083513756937,0.0,0.038444073592501606,0.00042266058684297433,0.07021343584526964,0.1441312790103673,1.3796462550985684,0.00047110790680956273,0.11260163850920346,0.4137045549608958,0.4137045549608958,0.37853848277213403,0.7922430377330298,0.04213326346501259,0.8608714799754448,0.8608714799754448,0.710130366962256,1.5710018469377007,0.04539409930842497,0.15544422702296248,0.144764376829313,1.380479141122497,0.9164106759567616,0.9164106759567616,3.6195940419187854e-06,0.24177930482610213,1.1581899807828637,6.620161476157107e-06,0.0864712396839042,0.844274853019187,True,0.15535044268364784,0.08675307966366597,0.08675307966366597,0.035750267384525816,0.12250334704819178,0.0,0.013978174544729771,0.006628271766338895,0.6590953121979494,0.6590953121979494,0.0,0.0005143048442104432,0.0,0.0006339908802644614,0.01755335896131741,0.1441312790103673,0.00042133263465012587,0.0004539409930842497,1.0858782125756356e-07,6.620161476157107e-08,0.000864712396839042,0.844274853019187
0.40631356384286815,0.018582641593526183,0.022346301163822867,12175,0.8860466047789441,0.8860466056649907,0.7552815784371326,0.7552815784371326,0.13434145653821858,0.8896230349753512,0.0,0.039381467406403504,1.4322698524476225,0.0,0.04768918725533351,0.0008559090002721772,0.15652040481287122,1.076255404506522,2.0374273008295676,0.0009567439283610102,0.11260163850920346,0.1275443424765721,-0.1275443424765721,0.37853848277213403,0.25099414029556194,0.031877374075384324,0.22289639111081583,-0.22289639111081583,0.710130366962256,0.4872339758514401,0.18545788305142397,0.2294831870686802,1.0774629420508128,2.038009124261831,1.6428686613527368,1.6428686613527368,5.184253221371658e-07,0.24177930482610213,1.884647966178839,7.77542612210309e-06,0.18295456949192826,2.2256054018835822,True,0.2294176727910661,0.7680982198930234,0.7680982198930234,0.035750267384525816,0.8038484872775492,0.20315678192143408,0.009291320796763092,0.004469260232764573,0.8860466047789441,0.8860466047789441,0.0,0.001969073370320175,0.0,0.0012838635004082657,0.039130101203217804,1.076255404506522,0.00031877374075384325,0.0018545788305142398,1.5552759664114974e-08,7.775426122103091e-08,0.0018295456949192826,2.2256054018835822
0.0,0.01894350357520236,0.03360947709581344,12200,0.2730646653585405,0.27306466563160514,0.08110082471288899,0.08110082471288899,0.13434145653821858,0.21544228125110756,0.0,0.024727525697771525,1.0968764170361642,0.0,0.028438762456341776,0.0003600733385622886,0.0,0.01666463182391757,1.1290915637209402,0.0006372782700527971,0.11260163850920346,0.05942812997245833,0.05942812997245833,0.37853848277213403,0.43796661274459237,0.01528850874360964,0.549705820970202,-0.549705820970202,0.710130366962256,0.1604245459920539,0.09126789573183026,0.12715648711503136,0.01670803170303851,1.129259551689763,0.14794974891027832,0.14794974891027832,6.762196493956667e-07,0.24177930482610213,0.38972905373638045,4.183541075551369e-06,0.0415114912660124,0.3091801717613687,True,0.1271375713928122,0.196588132577298,0.196588132577298,0.035750267384525816,0.23233839996182384,0.0,0.00947175178760118,0.006721895419162688,0.2730646653585405,0.2730646653585405,0.0,0.0012363762848885762,0.0,0.0005401100078434328,0.0,0.01666463182391757,0.0001528850874360964,0.0009126789573183026,2.028658948187e-08,4.183541075551369e-08,0.00041511491266012397,0.3091801717613687
0.0,0.06870478864623308,0.04209949296109912,12225,0.35706555445635185,0.3570655548134174,0.4429686217555029,0.4429686217555029,0.13434145653821858,0.5773100782937215,0.0,0.014077857701800001,1.7378656205687715,0.0,0.04891904759741584,0.000983419041262671,0.0,0.01869566176834203,1.1367320802457932,0.0018513403590642657,0.11260163850920346,0.2008890010979571,0.2008890010979571,0.37853848277213403,0.5794274838700911,0.02563516191188703,0.12817821736266133,0.12817821736266133,0.710130366962256,0.8383085843249173,0.03626489506153591,0.12807072988159193,0.018872939623712764,1.1373788179586386,0.6200555779029475,0.6200555779029475,1.1448588292412582e-06,0.24177930482610213,0.8618348827290496,1.14188127056446e-05,0.11304126293995224,0.42246209232003995,True,0.12799790614897247,0.00169895677854532,-0.00169895677854532,0.035750267384525816,0.034051310605980496,0.0,0.03435239432311654,0.008419898592219824,0.35706555445635185,0.35706555445635185,0.0,0.0007038928850900001,0.0,0.0014751285618940064,0.0,0.01869566176834203,0.0002563516191188703,0.0003626489506153591,3.4345764877237745e-08,1.14188127056446e-07,0.0011304126293995224,0.42246209232003995
0.019234773521416226,0.012212620298617471,0.021283112888117066,12250,1.062184914759183,1.062184915821368,0.8750029208598149,0.8750029208598149,0.13434145653821858,1.0093443773980335,0.0,0.012583257109990625,2.225222111275183,0.0,0.03463046007617914,0.000404064292317274,0.3346431019699438,0.2901863623054727,1.5386894859800706,0.0008971199050810331,0.11260163850920346,0.02045676702115462,0.02045676702115462,0.37853848277213403,0.39899524979328865,0.024982792118954787,0.10030537551815022,0.10030537551815022,0.710130366962256,0.8104357424804062,0.03277877084489122,0.17332762993104595,0.29084365070527524,1.539299221866002,2.051715261247046,2.051715261247046,2.040640154581878e-06,0.24177930482610213,2.2934945660731483,1.9206820386421786e-05,0.19419157438809476,1.459767415999685,True,0.17325897266513485,0.8096534472045422,0.8096534472045422,0.035750267384525816,0.845403714589068,0.009617386760708113,0.006106310149308736,0.004256622577623413,1.062184914759183,1.062184914759183,0.0,0.0006291628554995313,0.0,0.0006060964384759109,0.08366077549248595,0.2901863623054727,0.00024982792118954787,0.0003277877084489122,6.121920463745634e-08,1.9206820386421786e-07,0.0019419157438809475,1.459767415999685
0.10586566794255069,0.011429500246724178,0.01742151739037052,12275,0.2944756603873432,0.29447566068181885,0.2960293711899915,0.2960293711899915,0.13434145653821858,0.43037082772821006,0.0,0.01701768942270433,1.111524781982598,0.0,0.04685049554546178,0.0003563024903767556,0.0,0.5261617061053171,1.7253700477034581,0.0005060872304349762,0.11260163850920346,0.041266407073881184,-0.041266407073881184,0.37853848277213403,0.33727207569825285,0.023374015664487907,0.17111227696314601,0.17111227696314601,0.710130366962256,0.881242643925402,0.07865450227054994,0.19434690902931503,0.5270304003744081,1.7259685946199106,0.5365120044624038,0.5365120044624038,3.992056995163151e-07,0.24177930482610213,0.7782913092885059,5.401547584589569e-06,0.09734157858027186,0.886148359228872,True,0.1942795116598124,0.16467764405122137,0.16467764405122137,0.035750267384525816,0.2004279114357472,0.05293283397127534,0.005714750123362089,0.0034843034780741044,0.2944756603873432,0.2944756603873432,0.0,0.0008508844711352164,0.0,0.0005344537355651334,0.0,0.5261617061053171,0.00023374015664487908,0.0007865450227054994,1.1976170985489451e-08,5.401547584589569e-08,0.0009734157858027186,0.886148359228872
0.0,0.14659646804568227,0.062176491435979066,12300,0.27931720208027316,0.27931720235959034,0.20403288860113097,0.20403288860113097,0.13434145653821858,0.33837434513934955,0.0,0.023213098577919672,1.3385899085593393,0.0,0.044921009722356665,0.0011622487869859869,0.00011884778158534868,2.86249052253553e-06,0.9983081103692807,0.0023025425830678486,0.11260163850920346,0.3737210935598338,0.3737210935598338,0.37853848277213403,0.7522595763319678,0.01856710382218074,0.044526567918495186,-0.044526567918495186,0.710130366962256,0.6656037990437608,0.09310144547052471,0.11244278866806469,1.990392609322015e-06,0.9985891872522117,0.4507723558654241,0.4507723558654241,1.0039918705182308e-06,0.24177930482610213,0.6925516606915262,7.6000105045606436e-06,0.12671427045962608,0.37037127125298847,True,0.11241113894768884,0.060127283361194155,-0.060127283361194155,0.035750267384525816,-0.02437701597666834,0.0,0.07329823402284114,0.012435298287195813,0.27931720208027316,0.27931720208027316,0.0,0.0011606549288959837,0.0,0.0017433731804789802,2.971194539633717e-05,2.86249052253553e-06,0.0001856710382218074,0.0009310144547052471,3.0119756115546924e-08,7.600010504560644e-08,0.0012671427045962609,0.37037127125298847
0.0,0.01785097117868817,0.029815194205053703,12325,0.3781680568234975,0.3781680572016656,0.13419029155453951,0.13419029155453951,0.13434145653821858,0.2685317480927581,0.0,0.021080509482100305,1.549002130740981,0.0,0.03280777433528177,0.0003672250629087795,0.0,0.1397097370285376,1.3737776572088514,0.0004393836812749619,0.11260163850920346,0.14472502146817762,-0.14472502146817762,0.37853848277213403,0.23381346130395642,0.011104130178408538,0.4043439675433068,-0.4043439675433068,0.710130366962256,0.30578639941894914,0.07408573441075826,0.1547140310953321,0.13987178873169695,1.373994369919785,0.6693397467039729,0.6693397467039729,6.997404429120324e-07,0.24177930482610213,0.911119051530075,9.953694960200748e-06,0.16281575002808943,0.5368513580261935,True,0.15468962888682808,0.2541521013990499,0.2541521013990499,0.035750267384525816,0.2899023687835757,0.0,0.008925485589344084,0.005963038841010741,0.3781680568234975,0.3781680568234975,0.0,0.0010540254741050153,0.0,0.0005508375943631693,0.0,0.1397097370285376,0.00011104130178408539,0.0007408573441075826,2.099221328736097e-08,9.953694960200748e-08,0.0016281575002808943,0.5368513580261935
0.22928758367874083,0.11805947657559701,0.053375506629361726,12350,0.8277341746482313,0.8277341754759655,0.838594632488315,0.838594632488315,0.13434145653821858,0.9729360890265336,0.0,0.03504364153942887,1.8092038443583782,0.0,0.07642304220854203,0.002281097640136825,0.1301970831672259,0.7723594484174527,1.87883983092339,0.003117670925602883,0.11260163850920346,0.044501168373746236,-0.044501168373746236,0.37853848277213403,0.3340373143983878,0.03990583067135338,0.32004170857925895,0.32004170857925895,0.710130366962256,1.030172075541515,0.08964932249793535,0.21163884883420087,0.7735835253335673,1.8795359715972777,1.5644930199461466,1.5644930199461466,6.7415441087961645e-06,0.24177930482610213,1.8062723247722487,1.2634154094005088e-05,0.10036902698915443,1.8244649242371571,True,0.2115604622467268,0.4128352091803654,0.4128352091803654,0.035750267384525816,0.44858547656489123,0.11464379183937042,0.059029738287798506,0.010675101325872346,0.8277341746482313,0.8277341746482313,0.0,0.0017521820769714437,0.0,0.003421646460205237,0.03254927079180647,0.7723594484174527,0.0003990583067135338,0.0008964932249793536,2.0224632326388494e-07,1.2634154094005088e-07,0.0010036902698915442,1.8244649242371571
0.024667896017767293,0.14866238683945077,0.06167272294742139,12375,0.5562158943873021,0.5562158949435181,0.5927036920239741,0.5927036920239741,0.13434145653821858,0.7270451485621927,0.0,0.052160594843259175,1.626506603136951,0.0,0.06909906652690456,0.0030567112623633382,0.042798373890249125,0.3103160295151299,1.5570601668717032,0.005104180653051823,0.11260163850920346,0.11735449148898441,0.11735449148898441,0.37853848277213403,0.49589297426111845,0.026864691401840154,0.7518144751678438,0.7518144751678438,0.710130366962256,1.4619448421300998,0.16769950551189736,0.1754231274750096,0.3112625102282193,1.5579090519324985,0.7826917450214794,0.7826917450214794,3.0775384657343897e-06,0.24177930482610213,1.0244710498475815,1.5356720829999473e-05,0.14321495937887865,0.986802337485084,True,0.1753275416177692,0.06308322226183807,0.06308322226183807,0.035750267384525816,0.09883348964636389,0.012333948008883646,0.07433119341972538,0.012334544589484278,0.5562158943873021,0.5562158943873021,0.0,0.002608029742162959,0.0,0.004585066893545008,0.010699593472562281,0.3103160295151299,0.00026864691401840154,0.0016769950551189735,9.232615397203169e-08,1.5356720829999475e-07,0.0014321495937887866,0.986802337485084
0.059811816000464646,0.026949966356343058,0.02988446144267579,12400,0.5555360960615318,0.5555360966170679,0.3749876748545975,0.3749876748545975,0.13434145653821858,0.5093291313928161,0.0,0.00942574456638461,1.4432896996201778,0.0,0.02935617376022577,0.00023783058754429828,0.010226267605267392,0.41546345090367043,1.6445645436290073,0.0003506853284893433,0.11260163850920346,0.1397024437821925,0.1397024437821925,0.37853848277213403,0.5182409265543265,0.016048885890869776,0.42711617152308523,0.42711617152308523,0.710130366962256,1.1372465384853412,0.027550301575524214,0.18524376250398095,0.4161859848941056,1.6451247824212814,0.9379280286361935,0.9379280286361935,6.809294175514871e-07,0.24177930482610213,1.1797073334622956,7.877817286125528e-06,0.10043137548776332,1.0251823352786906,True,0.18518067869241206,0.5664203679716622,0.5664203679716622,0.035750267384525816,0.602170635356188,0.029905908000232323,0.013474983178171529,0.005976892288535159,0.5555360960615318,0.5555360960615318,0.0,0.00047128722831923047,0.0,0.00035674588131644745,0.002556566901316848,0.41546345090367043,0.00016048885890869777,0.00027550301575524213,2.042788252654461e-08,7.877817286125529e-08,0.0010043137548776332,1.0251823352786906
0.00046076017486133087,0.02276034550215178,0.033934368385401405,12425,0.25771514211159896,0.2577151423693141,0.30543870089039804,0.30543870089039804,0.13434145653821858,0.43978015742861665,0.0,0.03490966411160633,1.5306440268625043,0.0,0.03798862886981586,0.00038762415770126534,0.0,0.1776330201283808,1.4214653249418994,0.0005222628489919153,0.11260163850920346,0.00874697703267252,0.00874697703267252,0.37853848277213403,0.38728545980480655,0.01867259828466556,0.3057014780441073,-0.3057014780441073,0.710130366962256,0.40442888891814865,0.12135095672310202,0.16009365562499694,0.17789000649567316,1.4217700872462071,0.34163561747841753,0.34163561747841753,3.268610928483218e-06,0.24177930482610213,0.5834149223045196,6.482847074838622e-06,0.12330172579680315,0.4587059238925431,True,0.16005933888712842,0.16896116303797004,0.16896116303797004,0.035750267384525816,0.20471143042249587,0.00023038008743066544,0.01138017275107589,0.006786873677080281,0.25771514211159896,0.25771514211159896,0.0,0.0017454832055803166,0.0,0.000581436236551898,0.0,0.1776330201283808,0.00018672598284665562,0.0012135095672310202,9.805832785449654e-08,6.482847074838622e-08,0.0012330172579680316,0.4587059238925431
0.0,0.003191537241875708,0.008910689068378459,12450,0.31729718585456085,0.31729718617185804,0.06472219522321487,0.06472219522321487,0.13434145653821858,0.19906365176143345,0.0,0.010269305037933241,1.163326127084142,0.0,0.018350386934472763,9.65583812796975e-05,0.0,0.1310974355835934,1.362073798532279,0.00042758155479183206,0.11260163850920346,0.06631328811858783,-0.06631328811858783,0.37853848277213403,0.3122251946535462,0.008450613430833772,0.6401662896979643,-0.6401662896979643,0.710130366962256,0.06996407726429162,0.04677626139878959,0.15338967359854624,0.13121269575025352,1.3622329302399956,0.12658344645534633,0.12658344645534633,2.5726338324509676e-06,0.24177930482610213,0.36836275128144846,4.161833805520004e-06,0.0856989420654548,0.45384020766288774,True,0.1533717551059273,0.2626116136904676,0.2626116136904676,0.035750267384525816,0.2983618810749934,0.0,0.001595768620937854,0.0017821378136756918,0.31729718585456085,0.31729718585456085,0.0,0.0005134652518966621,0.0,0.00014483757191954626,0.0,0.1310974355835934,8.450613430833772e-05,0.00046776261398789594,7.717901497352902e-08,4.161833805520004e-08,0.0008569894206545479,0.45384020766288774
0.0,0.007319959990833791,0.03546929030883765,12475,0.9558971381933118,0.9558971391492089,0.9160369796950629,0.9160369796950629,0.13434145653821858,1.0503784362332815,0.0,0.03350867188457371,1.7144888015834039,0.0,0.03983737523517667,0.0006303155246098404,0.23040579942563943,0.11440808285084748,1.3382426390194582,0.0018761589607994191,0.11260163850920346,0.20755325390044638,0.20755325390044638,0.37853848277213403,0.5860917366725804,0.03788497548180063,0.20421804771506025,0.20421804771506025,0.710130366962256,0.9143484146773162,0.12478616948483467,0.1507908852874208,0.11502505789179755,1.339153442989744,1.8303638807097136,1.8303638807097136,3.653354844916652e-06,0.24177930482610213,2.0721431855358157,1.6754189245754463e-05,0.16777732467014606,1.1445861776778026,True,0.15068832725889786,0.5427316601926047,0.5427316601926047,0.035750267384525816,0.5784819275771305,0.0,0.0036599799954168954,0.00709385806176753,0.9558971381933118,0.9558971381933118,0.0,0.0016754335942286856,0.0,0.0009454732869147606,0.05760144985640986,0.11440808285084748,0.0003788497548180063,0.0012478616948483467,1.0960064534749955e-07,1.6754189245754463e-07,0.0016777732467014605,1.1445861776778026
0.21410237143973695,0.7004295706643378,0.11736807610095616,12500,1.218230265472814,1.2182302666910443,0.7561513853555544,0.7561513853555544,0.13434145653821858,0.890492841893773,0.0,0.01981141115068175,1.7111302023493962,0.0003164919819552367,0.09779022152631149,0.0023833357039056485,0.4215827539594962,0.7442719511210386,1.8627119746016272,0.00423549341910445,0.11260163850920346,0.06732901041134981,-0.06732901041134981,0.37853848277213403,0.3112094723607842,0.028237888607388573,0.09736627012899535,0.09736627012899535,0.710130366962256,0.8074966370912513,0.08977988034243196,0.20983217603504883,0.7456169747590817,1.8634911549975957,2.0565262298186124,2.0565262298186124,6.1801671454779335e-06,0.24177930482610213,2.2983055346447148,1.5749060089608237e-05,0.08514971893039731,2.555551575225721,True,0.20974443903797674,1.6141085699858544,1.6141085699858544,0.035750267384525816,1.6498588373703802,0.10705118571986848,0.3502147853321689,0.023473615220191233,1.218230265472814,1.218230265472814,0.0,0.0009905705575340876,0.0003164919819552367,0.0035750035558584727,0.10539568848987405,0.7442719511210386,0.0002823788860738857,0.0008977988034243197,1.85405014364338e-07,1.5749060089608237e-07,0.0008514971893039732,2.555551575225721
0.0,4.9129975797646e-06,0.030545379772059213,12525,0.36310336552364,0.36310336588674336,0.3229775157980467,0.3229775157980467,0.13434145653821858,0.45731897233626523,0.0,0.024469720073002434,1.609599970602437,0.0,0.035267313189315155,0.0006326014617736051,0.0,0.07970005860267845,1.2823119880605116,0.0014223760182708167,0.11260163850920346,0.11246666171378128,0.11246666171378128,0.37853848277213403,0.4910051444859153,0.018905321536707945,0.08750569601016511,-0.08750569601016511,0.710130366962256,0.6226246709520908,0.13323594703939776,0.14444741542376363,0.0799859904137546,1.2828179457066942,0.7311531621915485,0.7311531621915485,2.57047315706859e-06,0.24177930482610213,0.9729324670176506,1.058891224165414e-05,0.05341144008804844,0.45314305486578926,True,0.14439044375872762,0.003853889771033972,0.003853889771033972,0.035750267384525816,0.03960415715555979,0.0,2.4564987898823e-06,0.006109075954411843,0.36310336552364,0.36310336552364,0.0,0.0012234860036501218,0.0,0.0009489021926604078,0.0,0.07970005860267845,0.00018905321536707946,0.0013323594703939776,7.711419471205769e-08,1.058891224165414e-07,0.0005341144008804844,0.45314305486578926
0.07301434002299172,0.012853976186909088,0.024346014431581915,12550,0.46663136369378705,0.4666313641604184,0.2875802673309613,0.2875802673309613,0.13434145653821858,0.42192172386917987,0.0,0.0054686380216206225,0.9700406548730367,0.0,0.022993157249070178,0.0001742596456246261,0.005204279189772911,0.4491836662807072,1.6702116578221444,0.0002449005725183341,0.11260163850920346,0.11455521423652948,-0.11455521423652948,0.37853848277213403,0.26398326853560455,0.017085220949932964,0.3580998157110846,-0.3580998157110846,0.710130366962256,0.35203055125117133,0.02945590688235212,0.18811647376033813,0.44975390834155743,1.6706369422732075,0.9195321825170644,0.9195321825170644,2.6325913612549924e-06,0.24177930482610213,1.1613114873431665,2.9315012805546408e-06,0.06469738371469078,0.9665667755409455,True,0.1880685860300631,0.13828929867213874,0.13828929867213874,0.035750267384525816,0.17403956605666454,0.03650717001149586,0.006426988093454544,0.0048692028863163836,0.46663136369378705,0.46663136369378705,0.0,0.0002734319010810311,0.0,0.00026138946843693914,0.0013010697974432277,0.4491836662807072,0.00017085220949932965,0.0002945590688235212,7.897774083764977e-08,2.9315012805546407e-08,0.0006469738371469078,0.9665667755409455
0.0,0.021482611120352768,0.04248154249433177,12575,0.6774174192479769,0.6774174199253944,0.6240052451687479,0.6240052451687479,0.13434145653821858,0.7583467017069665,0.0,0.009854863908542882,1.7322529509103437,0.0,0.029387134252769297,0.0003505019239190014,0.06428067827151879,0.029195240761493386,1.1708661486705116,0.0008571457391688501,0.11260163850920346,0.2766403384500102,0.2766403384500102,0.37853848277213403,0.6551788212221442,0.035235558774189796,0.1879360426799479,0.1879360426799479,0.710130366962256,0.8980664096422039,0.12128431899909058,0.13191452252965435,0.02941740215981655,1.1715150202163547,1.3251451975175468,1.3251451975175468,4.7500217698071215e-06,0.24177930482610213,1.5669245023436489,1.1798657425786332e-05,0.059289832169598385,0.7450972973043546,True,0.1318414585239217,0.19294981366673558,0.19294981366673558,0.035750267384525816,0.2287000810512614,0.0,0.010741305560176384,0.008496308498866354,0.6774174192479769,0.6774174192479769,0.0,0.0004927431954271441,0.0,0.0005257528858785021,0.016070169567879697,0.029195240761493386,0.00035235558774189795,0.0012128431899909057,1.4250065309421365e-07,1.1798657425786332e-07,0.0005928983216959839,0.7450972973043546
0.0,0.3292107514070244,0.0808002643780646,12600,0.7964662313976818,0.796466232194148,0.3983003719496053,0.3983003719496053,0.13434145653821858,0.5326418284878239,0.0,0.013365209003334277,1.1625502503279406,0.0,0.06306497002745652,0.0017156673879309137,0.04786124799779483,0.04937438616502889,1.2222034791919985,0.0020536259432533044,0.11260163850920346,0.17755806306962066,-0.17755806306962066,0.37853848277213403,0.20098041970251337,0.025629187583283,0.818313196552059,-0.818313196552059,0.710130366962256,-0.1081828295898031,0.07311339720353402,0.13762893664343664,0.049401267259743586,1.2222639585262163,1.2352979586972372,1.2352979586972372,1.4130036081873368e-06,0.24177930482610213,1.4770772635233393,5.952687440649926e-06,0.07900987350496906,1.0435907461732483,True,0.13762212657070297,0.8865803452923335,0.8865803452923335,0.035750267384525816,0.9223306126768593,0.0,0.1646053757035122,0.01616005287561292,0.7964662313976818,0.7964662313976818,0.0,0.0006682604501667139,0.0,0.0025735010818963705,0.011965311999448707,0.04937438616502889,0.00025629187583283,0.0007311339720353403,4.2390108245620105e-08,5.952687440649926e-08,0.0007900987350496906,1.0435907461732483
0.0,0.11286079785012071,0.05840275775586707,12625,0.5410542214954186,0.5410542220364728,0.5383941659497448,0.5383941659497448,0.13434145653821858,0.6727356224879634,0.0,0.0188536360466327,1.5651962445108687,0.0,0.05465688337439386,0.0015030954974429003,0.007955735125053275,0.03601837769669652,1.1897850829140597,0.00248898736621884,0.11260163850920346,0.42484753865981334,0.42484753865981334,0.37853848277213403,0.8033860214319474,0.030385182039557566,0.432010117651933,0.432010117651933,0.710130366962256,1.142140484614189,0.12032518932970108,0.13406564706755572,0.036335552108296885,1.1906188660870085,0.8981305170553866,0.8981305170553866,7.288744171515503e-06,0.24177930482610213,1.1399098218814887,1.0903756118694929e-05,0.11730089261113051,0.6530502488377983,True,0.13397176170778244,0.007967400054496691,0.007967400054496691,0.035750267384525816,0.04371766743902251,0.0,0.056430398925060354,0.011680551551173415,0.5410542214954186,0.5410542214954186,0.0,0.0009426818023316351,0.0,0.0022546432461643504,0.001988933781263319,0.03601837769669652,0.00030385182039557564,0.0012032518932970108,2.186623251454651e-07,1.0903756118694929e-07,0.0011730089261113052,0.6530502488377983
0.06351405434211009,0.1033480872211815,0.05739497790747652,12650,0.36275778126892805,0.3627577816316858,0.4085142104519027,0.4085142104519027,0.13434145653821858,0.5428556669901213,0.0,0.01724167122316757,0.9187779059433697,0.0,0.05939442114756281,0.001113234664443537,0.0,0.4251300129836581,1.652019948301935,0.0014132973804101012,0.11260163850920346,0.0365975587771426,0.0365975587771426,0.37853848277213403,0.41513604154927664,0.02244047785595833,0.2245979141303851,-0.2245979141303851,0.710130366962256,0.48553245283187085,0.12711363025889086,0.18608659525963975,0.4258996372638962,1.6526098660485422,0.6035344177527949,0.6035344177527949,3.4923714389551434e-07,0.24177930482610213,0.845313722578897,3.5081669119699443e-06,0.06256293702463038,0.8874510121837291,True,0.18602016954888695,0.27394302834384465,0.27394302834384465,0.035750267384525816,0.30969329572837045,0.031757027171055045,0.05167404361059075,0.011478995581495304,0.36275778126892805,0.36275778126892805,0.0,0.0008620835611583786,0.0,0.0016698519966653054,0.0,0.4251300129836581,0.0002244047785595833,0.0012711363025889085,1.047711431686543e-08,3.508166911969945e-08,0.0006256293702463038,0.8874510121837291
0.4268625357635823,0.06376210390517623,0.047160542529581,12675,0.6869713899620241,0.6869713906489956,0.4000919406956409,0.4000919406956409,0.13434145653821858,0.5344333972338595,0.0,0.01599462728886803,1.4335666229546369,0.0,0.05173192234769874,0.00111200197407758,0.0313980418493205,1.1095402786307265,2.0533471785839303,0.002027999892072365,0.11260163850920346,0.2184578444704839,-0.2184578444704839,0.37853848277213403,0.16008063830165015,0.02169987518594501,0.360477003574256,-0.360477003574256,0.710130366962256,0.34965336338799996,0.08270706740293358,0.23126414975675652,1.1105484222878486,2.0538256128448618,1.1544405952882189,1.1544405952882189,3.1910532325804696e-06,0.24177930482610213,1.396219900114321,1.2542349532242266e-05,0.07138307974933633,2.06333146309941,True,0.23121027727027235,0.8301652298642052,0.8301652298642052,0.035750267384525816,0.865915497248731,0.21343126788179115,0.03188105195258811,0.0094321085059162,0.6869713899620241,0.6869713899620241,0.0,0.0007997313644434016,0.0,0.00166800296111637,0.007849510462330124,1.1095402786307265,0.0002169987518594501,0.0008270706740293359,9.573159697741409e-08,1.2542349532242266e-07,0.0007138307974933633,2.06333146309941
0.00442857589028703,0.045496117064142694,0.045728331686828334,12700,0.6960373260449577,0.696037326740995,0.9328728794873178,0.9328728794873178,0.13434145653821858,1.0672143360255364,0.0,0.022321856195224178,1.3728972002390312,0.0,0.04249150610136267,0.000925845438832054,0.037458383672874525,0.21766661276040172,1.4665475460876434,0.001109173247063731,0.11260163850920346,0.2097535819873208,0.2097535819873208,0.37853848277213403,0.5882920647594548,0.030840264922491135,0.31592538499688694,0.31592538499688694,0.710130366962256,1.026055751959143,0.13843896281602938,0.16522508658517504,0.21840820013539813,1.4673416310745258,1.1849468944948003,1.1849468944948003,5.754841780221926e-06,0.24177930482610213,1.4267261993209024,1.2512101663593573e-05,0.07997268224643249,0.9621742253722876,True,0.16513567130659568,0.06467947886292322,0.06467947886292322,0.035750267384525816,0.10042974624744903,0.002214287945143515,0.022748058532071347,0.009145666337365667,0.6960373260449577,0.6960373260449577,0.0,0.001116092809761209,0.0,0.0013887681582480812,0.009364595918218631,0.21766661276040172,0.00030840264922491135,0.001384389628160294,1.7264525340665778e-07,1.2512101663593572e-07,0.0007997268224643249,0.9621742253722876
0.00042853735672449184,0.02022837812801137,0.03956041780695143,12725,0.1242643297539337,0.12426432987819802,0.13486234588140453,0.13486234588140453,0.13434145653821858,0.2692038024196231,0.0,0.019887242027518275,0.9365829883451992,0.0,0.0566902831508483,0.0015759464488875497,0.0,0.17698945243722872,1.4207011438506303,0.002677451717339706,0.11260163850920346,0.12297799086977307,0.12297799086977307,0.37853848277213403,0.5015164736419071,0.01284499406071245,0.13391789701355572,-0.13391789701355572,0.710130366962256,0.5762124699487002,0.11106457858699602,0.16001549670100101,0.17730497118156083,1.421075968420855,0.09807485461290025,0.09807485461290025,2.409088139581052e-07,0.24177930482610213,0.3398541594390024,1.947977108654453e-06,0.10755092739513286,0.32516723697709177,True,0.15997329083649198,0.12784365286361182,0.12784365286361182,0.035750267384525816,0.16359392024813765,0.00021426867836224592,0.010114189064005685,0.007912083561390287,0.1242643297539337,0.1242643297539337,0.0,0.000994362101375914,0.0,0.0023639196733313246,0.0,0.17698945243722872,0.00012844994060712449,0.0011106457858699602,7.227264418743156e-09,1.9479771086544532e-08,0.0010755092739513287,0.32516723697709177
0.0,0.5716867976733933,0.10433288354225755,12750,0.3205851738129982,0.3205851741335834,0.02252885753575981,0.02252885753575981,0.13434145653821858,0.1568703140739784,0.0,0.01995488642399456,1.520440691045355,0.0,0.07815442447282528,0.0019904615852541704,0.0,0.1518773940995718,1.3897145033220752,0.0030422598444546827,0.11260163850920346,0.1798084684866787,-0.1798084684866787,0.37853848277213403,0.19873001428545534,0.010198517163013433,0.6934551023249574,-0.6934551023249574,0.710130366962256,0.016675264637298504,0.08697377547700837,0.15649910180722237,0.1519809495235869,1.389847341306295,0.0034373131010424496,0.0034373131010424496,2.585576378107579e-06,0.24177930482610213,0.24521661792714458,6.714560950888015e-06,0.057956616466919283,0.7847074139607694,True,0.15648414403121458,0.01199335432799047,-0.01199335432799047,0.035750267384525816,0.023756913056535347,0.0,0.2858433988366966,0.02086657670845151,0.3205851738129982,0.3205851738129982,0.0,0.0009977443211997281,0.0,0.0029856923778812557,0.0,0.1518773940995718,0.00010198517163013433,0.0008697377547700837,7.756729134322736e-08,6.714560950888015e-08,0.0005795661646691929,0.7847074139607694
0.0,0.0414396293022512,0.037111506468611895,12775,0.30129196081179327,0.3012919611130852,0.2662282996543409,0.2662282996543409,0.13434145653821858,0.40056975619255947,0.0,0.008010117507416412,0.9839191270134927,0.0,0.03505668952739179,0.0005064423589833993,0.00029975898509646394,0.0023469906321150354,1.048445749370972,0.0005992608799953308,0.11260163850920346,0.35573084050206244,0.35573084050206244,0.37853848277213403,0.7342693232741965,0.012751506330519274,0.3285839059287893,0.3285839059287893,0.710130366962256,1.0387142728910452,0.03509764404748112,0.1181033660323828,0.0023873004478949605,1.0488600086767794,0.3846582291338365,0.3846582291338365,2.9333717657612553e-06,0.24177930482610213,0.6264375339599386,4.1483596965450414e-06,0.04415052631181033,0.3339363028005244,True,0.11805671975163862,0.023085802128157203,0.023085802128157203,0.035750267384525816,0.05883606951268302,0.0,0.0207198146511256,0.007422301293722379,0.30129196081179327,0.30129196081179327,0.0,0.0004005058753708206,0.0,0.000759663538475099,7.493974627411599e-05,0.0023469906321150354,0.00012751506330519274,0.0003509764404748112,8.800115297283766e-08,4.1483596965450416e-08,0.0004415052631181033,0.3339363028005244
0.0,0.14115553401576653,0.06639053143275774,12800,0.6519551584309721,0.6519551590829272,0.5878005399691886,0.5878005399691886,0.13434145653821858,0.7221419965074072,0.0,0.013127916752580099,1.4935028170665023,0.0,0.06802372193605312,0.001993637847560302,0.03804636017603083,0.0783460449436613,1.2799036351026212,0.004265069395877039,0.11260163850920346,0.16029150524672214,0.16029150524672214,0.37853848277213403,0.5388299880188562,0.0221890250562426,0.06814864515660246,0.06814864515660246,0.710130366962256,0.7782790121188584,0.1578747908895368,0.14419241887626344,0.07871018549644067,1.2805533558816231,1.1943764023246288,1.1943764023246288,3.879568084908136e-06,0.24177930482610213,1.436155707150731,1.0757782019495002e-05,0.04543381950320581,0.829570719641398,True,0.14411925924547714,0.568195017195057,0.568195017195057,0.035750267384525816,0.6039452845795829,0.0,0.07057776700788326,0.013278106286551548,0.6519551584309721,0.6519551584309721,0.0,0.0006563958376290049,0.0,0.0029904567713404527,0.009511590044007708,0.0783460449436613,0.00022189025056242598,0.001578747908895368,1.1638704254724407e-07,1.0757782019495001e-07,0.0004543381950320581,0.829570719641398
0.0,0.3988994079787266,0.0878195174369434,12825,0.6909438353117533,0.690943836002697,0.7866726887381928,0.7866726887381928,0.13434145653821858,0.9210141452764115,0.0,0.027059129033055,2.05109160830217,0.0,0.06869854416608054,0.002439756861603083,0.052755546125436016,0.0730109124323213,1.2702053153295125,0.004030890650428455,0.11260163850920346,0.21807748908923857,0.21807748908923857,0.37853848277213403,0.5966159718613726,0.04424207912116826,0.23187967482073268,0.23187967482073268,0.710130366962256,0.9420100417829886,0.08821331059023255,0.14311100304868257,0.07341360352560398,1.270949448284369,1.2718136571848468,1.2718136571848468,1.4864065857331435e-05,0.24177930482610213,1.513592962010949,1.6220910549734076e-05,0.13117397393217348,1.0018067352637599,True,0.14302721245125571,0.22209693806917102,0.22209693806917102,0.035750267384525816,0.2578472054536968,0.0,0.1994497039893633,0.01756390348738868,0.6909438353117533,0.6909438353117533,0.0,0.0013529564516527501,0.0,0.0036596352924046244,0.013188886531359004,0.0730109124323213,0.0004424207912116826,0.0008821331059023254,4.4592197571994304e-07,1.6220910549734077e-07,0.0013117397393217348,1.0018067352637599
0.0,0.004557512739994274,0.02927256427297951,12850,0.3299467725551995,0.3299467728851463,0.3863085525343529,0.3863085525343529,0.13434145653821858,0.5206500090725715,0.0,0.01419336406793914,1.0915954738952374,0.0,0.024384832845650222,0.0003166033530839551,0.0024644011010600693,0.03873075868771595,1.1968013177997443,0.0003920279340961074,0.11260163850920346,0.3368961296077259,0.3368961296077259,0.37853848277213403,0.71543461237986,0.02079873956705847,0.4008741622484945,0.4008741622484945,0.710130366962256,1.1110045292107504,0.11798902289927145,0.13480690304675574,0.03888857363114162,1.1972018601107546,0.34695183244800254,0.34695183244800254,1.7138706639936031e-06,0.24177930482610213,0.5887311372741046,6.389661138320465e-06,0.05597263298188727,0.38055919324300996,True,0.1347618013222383,0.022702351933221704,0.022702351933221704,0.035750267384525816,0.05845261931774752,0.0,0.002278756369997137,0.005854512854595903,0.3299467725551995,0.3299467725551995,0.0,0.000709668203396957,0.0,0.00047490502962593264,0.0006161002752650173,0.03873075868771595,0.0002079873956705847,0.0011798902289927146,5.141611991980809e-08,6.389661138320465e-08,0.0005597263298188727,0.38055919324300996
0.016888106784342917,0.011413724032436234,0.016708837073431355,12875,0.381526265663025,0.38152626604455125,0.00136536287912703,-0.00136536287912703,0.13434145653821858,0.13297609365909155,0.0,0.02167465497415837,1.1610987376814543,0.0,0.04174478940933665,0.0005423853920072094,0.0,0.280851505834102,1.5299542488121989,0.000918826861681847,0.11260163850920346,0.24383726584037127,-0.24383726584037127,0.37853848277213403,0.13470121693176276,0.009773417797787147,0.646918532376339,-0.646918532376339,0.710130366962256,0.06321183458591696,0.08272674565559189,0.17228946538768428,0.2809841947621425,1.530079423069923,0.16852369614769455,0.16852369614769455,1.2586825861800314e-06,0.24177930482610213,0.4103030009737967,4.357682615648977e-06,0.06937668405028537,0.683386614969262,True,0.17227537055991363,0.4705838483054343,0.4705838483054343,0.035750267384525816,0.5063341156899601,0.008444053392171458,0.005706862016218117,0.0033417674146862713,0.381526265663025,0.381526265663025,0.0,0.0010837327487079186,0.0,0.000813578088010814,0.0,0.280851505834102,9.773417797787146e-05,0.000827267456555919,3.776047758540094e-08,4.357682615648977e-08,0.0006937668405028537,0.683386614969262
0.0,0.01594849090127537,0.024935698261717137,12900,1.889239943672382,1.889239945561622,1.365348783855839,1.365348783855839,0.13434145653821858,1.4996902403940575,0.0,0.01450403565756495,2.2751556046163905,0.0,0.024191111178674275,0.00015108924022291535,1.9974576453673012,0.09459656252314332,1.3075655418331893,0.0003437869594206972,0.11260163850920346,0.03059738519794941,-0.03059738519794941,0.37853848277213403,0.3479410975741846,0.046684449481735356,0.21010230892014947,-0.21010230892014947,0.710130366962256,0.5000280580421065,0.044636434465625006,0.14731648686809506,0.09504752169593997,1.3082977808806608,3.8787331355418955,3.8787331355418955,1.5255957877477126e-05,0.24177930482610213,4.120512440367998,2.7073183373244374e-05,0.12692369728597352,2.4992973125064477,True,0.14723403554424694,0.9446219566612806,0.9446219566612806,0.035750267384525816,0.9803722240458064,0.0,0.007974245450637685,0.004987139652343427,1.889239943672382,1.889239943672382,0.0,0.0007252017828782476,0.0,0.00022663386033437303,0.4993644113418253,0.09459656252314332,0.00046684449481735355,0.0004463643446562501,4.5767873632431375e-07,2.7073183373244376e-07,0.0012692369728597352,2.4992973125064477
0.6612826573709908,0.10707035119908281,0.05240821883724597,12925,0.31541068775490044,0.31541068807031114,0.1266174447400016,0.1266174447400016,0.13434145653821858,0.2609589012782202,0.0,0.021173085711980955,0.8647936626926356,0.0,0.04680996314631888,0.0005796899299241374,0.0,1.4718369600371355,2.213192878332681,0.0007107938089549928,0.11260163850920346,0.2452690177989634,-0.2452690177989634,0.37853848277213403,0.13326946497317063,0.011367248363275831,0.36097601389043116,-0.36097601389043116,0.710130366962256,0.3491543530718248,0.08432172672328704,0.24923698658208876,1.4724364979440838,2.2134399441027495,0.20754031499062683,0.20754031499062683,4.505132375400567e-07,0.24177930482610213,0.44931961981672897,3.821904055716009e-06,0.018187075845869646,2.184972797268769,True,0.24920916656908884,0.49784935210337133,0.49784935210337133,0.035750267384525816,0.5335996194878971,0.3306413286854954,0.05353517559954141,0.010481643767449195,0.31541068775490044,0.31541068775490044,0.0,0.0010586542855990477,0.0,0.0008695348948862061,0.0,1.4718369600371355,0.00011367248363275832,0.0008432172672328704,1.35153971262017e-08,3.821904055716009e-08,0.00018187075845869645,2.184972797268769
0.3644909544112203,0.5687725339417663,0.10620231950127103,12950,1.4211516088075364,1.4211516102286879,0.9732882558322231,0.9732882558322231,0.13434145653821858,1.1076297123704417,0.0,0.04252418413585798,1.4868859078009322,0.0002831936498285186,0.09682835850071297,0.0020706737656751508,0.8309084178931927,1.0074756444617237,2.0037308625631294,0.0033124064808841987,0.11260163850920346,0.21439546587150313,-0.21439546587150313,0.37853848277213403,0.1641430169006309,0.03142646008521672,0.2444488825856238,-0.2444488825856238,0.710130366962256,0.46568148437663215,0.1260899891493093,0.22570885098922414,1.0089996706906303,2.0044897563890984,2.786808679250114,2.786808679250114,5.530150768702197e-06,0.24177930482610213,3.0285879840762164,1.381253910065449e-05,0.053367856834006265,3.1318511264150395,True,0.22562339829337655,1.1309492387413542,1.1309492387413542,0.035750267384525816,1.16669950612588,0.18224547720561016,0.28438626697088315,0.021240463900254206,1.4211516088075364,1.4211516088075364,0.0,0.0021262092067928988,0.0002831936498285186,0.0031060106485127264,0.20772710447329817,1.0074756444617237,0.0003142646008521672,0.0012608998914930931,1.659045230610659e-07,1.381253910065449e-07,0.0005336785683400626,3.1318511264150395
0.0,0.039241334818044926,0.04193566641709522,12975,0.9533270672142233,0.9533270681675503,0.6468185527031842,0.6468185527031842,0.13434145653821858,0.7811600092414028,0.0,0.013493306124685602,1.4343527626199095,0.0,0.036094364420624886,0.0005183841018538124,0.2461082845107861,0.09902907869402915,1.314688860136531,0.001573259103464071,0.11260163850920346,0.3966004596229424,0.3966004596229424,0.37853848277213403,0.7751389423950764,0.01560694677304804,0.4694442821471342,0.4694442821471342,0.710130366962256,1.1795746491093901,0.06441397153455641,0.14810197393373004,0.09939743352262048,1.3152735851964457,1.852887022394741,1.852887022394741,1.6895348514494238e-06,0.24177930482610213,2.094666327220843,1.0721784057887776e-05,0.08367895151941859,1.144980415789562,True,0.148036132928059,0.5611845311580035,0.5611845311580035,0.035750267384525816,0.5969347985425293,0.0,0.019620667409022463,0.008387133283419045,0.9533270672142233,0.9533270672142233,0.0,0.0006746653062342802,0.0,0.0007775761527807185,0.06152707112769652,0.09902907869402915,0.0001560694677304804,0.0006441397153455641,5.0686045543482715e-08,1.0721784057887776e-07,0.0008367895151941859,1.144980415789562
0.5763651769090546,0.11467584486083615,0.051516813717365065,13000,0.6878428514569184,0.6878428521447613,0.5749333463157348,0.5749333463157348,0.13434145653821858,0.7092748028539534,0.0,0.020319825096892567,2.1059829594270756,0.0,0.05148629276767123,0.0005870290535268521,0.040763047985501365,1.3437149222961706,2.1591871817338952,0.000658281890216832,0.11260163850920346,0.34181717388052557,-0.34181717388052557,0.37853848277213403,0.03672130889160844,0.017945950122851845,0.5311595194330166,-0.5311595194330166,0.710130366962256,0.1789708475292393,0.06676532675970283,0.2431593683617748,1.3443601048887917,2.159465439281737,1.2096797076296322,1.2096797076296322,1.160438654838914e-06,0.24177930482610213,1.4514590124557343,1.4987858827068158e-05,0.13296876700046203,2.401645929343595,True,0.24312803610317768,0.41568760269281047,0.41568760269281047,0.035750267384525816,0.45143787007733627,0.2881825884545273,0.057337922430418076,0.010303362743473014,0.6878428514569184,0.6878428514569184,0.0,0.0010159912548446284,0.0,0.0008805435802902782,0.010190761996375341,1.3437149222961706,0.00017945950122851847,0.0006676532675970283,3.481315964516742e-08,1.4987858827068158e-07,0.0013296876700046203,2.401645929343595
1.6139570594569037,0.09656660498025704,0.05174766010693199,13025,1.0028310168692804,1.0028310178721114,0.5380152641212268,0.5380152641212268,0.13434145653821858,0.6723567206594454,0.0,0.029160551197362616,1.333980312041888,0.0,0.06822839505267622,0.001423116967532892,0.1728036733086709,2.790289937038072,2.6704160969764605,0.0017954841731944895,0.11260163850920346,0.24925158846160209,-0.24925158846160209,0.37853848277213403,0.12928689431053195,0.024614052387252148,0.18992832408646965,-0.18992832408646965,0.710130366962256,0.5202020428757863,0.1040885819519285,0.3007507098120761,2.79199485986514,2.670926347827797,1.2679500797999035,1.2679500797999035,1.8602194367114833e-06,0.24177930482610213,1.5097293846260056,6.865731066517528e-06,0.09453133966054938,4.707758403689547,True,0.30069325472506236,1.7415491092987108,1.7415491092987108,0.035750267384525816,1.7772993766832366,0.8069785297284519,0.04828330249012852,0.0103495320213864,1.0028310168692804,1.0028310168692804,0.0,0.0014580275598681308,0.0,0.002134675451299338,0.04320091832716773,2.790289937038072,0.0002461405238725215,0.001040885819519285,5.5806583101344495e-08,6.865731066517528e-08,0.0009453133966054939,4.707758403689547
0.024208107528652306,0.08445701249998971,0.050121611604376184,13050,0.4452039573822206,0.44520395782742456,0.3146792150058808,0.3146792150058808,0.13434145653821858,0.44902067154409936,0.0,0.010347277346737111,1.0026875425190052,0.0,0.05186599883547321,0.0014484482545766616,0.0029732613467232014,0.3086797461389697,1.5555895482628967,0.002303956994881238,0.11260163850920346,0.07624059458001375,0.07624059458001375,0.37853848277213403,0.4547790773521478,0.01042656843260717,0.3263760255636897,0.3263760255636897,0.710130366962256,1.0365063925259457,0.05586234495448591,0.17522864155036458,0.30933824888899153,1.556181848759011,0.8745546542673526,0.8745546542673526,2.925915026552395e-06,0.24177930482610213,1.1163339590934547,4.424635173018959e-06,0.04054778208812941,0.8227424364208238,True,0.17516194753808928,0.12177861201354671,0.12177861201354671,0.035750267384525816,0.15752887939807253,0.012104053764326153,0.04222850624999486,0.010024322320875238,0.4452039573822206,0.4452039573822206,0.0,0.0005173638673368556,0.0,0.0021726723818649924,0.0007433153366808004,0.3086797461389697,0.0001042656843260717,0.0005586234495448591,8.777745079657184e-08,4.424635173018959e-08,0.0004054778208812941,0.8227424364208238
0.28757322905101207,0.3651095832173934,0.08548383720897082,13075,0.32716814491952995,0.32716814524669807,0.2667082854416789,0.2667082854416789,0.13434145653821858,0.4010497419798975,0.0,0.04604676760727041,1.1516906499880992,0.00012036278061768734,0.09097099724809406,0.003163639501872514,0.0,0.8765800665170921,1.9362585468326001,0.003917306269936012,0.11260163850920346,0.2968875391792254,-0.2968875391792254,0.37853848277213403,0.08165094359290867,0.023508959674441842,0.2655714742781655,0.2655714742781655,0.710130366962256,0.9757018412404215,0.12121152753835804,0.2180952349168057,0.8777333838057748,1.936874262537815,0.5240938040410544,0.5240938040410544,1.7954274190872336e-06,0.24177930482610213,0.7658731088671565,4.066210913450095e-06,0.05805337447779209,1.5563823785682467,True,0.2180259043133855,0.1752624674400799,0.1752624674400799,0.035750267384525816,0.2110127348246057,0.14378661452550603,0.1825547916086967,0.017096767441794166,0.32716814491952995,0.32716814491952995,0.0,0.0023023383803635208,0.00012036278061768734,0.004745459252808771,0.0,0.8765800665170921,0.00023508959674441843,0.0012121152753835805,5.386282257261701e-08,4.066210913450095e-08,0.0005805337447779209,1.5563823785682467
1.73081909359041,0.0025121598222305197,0.029497251850498358,13100,0.8449905731583266,0.8449905740033171,0.4798327424802299,0.4798327424802299,0.13434145653821858,0.6141741990184485,0.0,0.01288982006452859,1.2550049125612046,0.0,0.07585312457921033,0.0023606180487086826,0.08458524423794993,2.9433038772798756,2.7156059796118326,0.004366387233031668,0.11260163850920346,0.34436197146513514,-0.34436197146513514,0.37853848277213403,0.034176511306998884,0.01808567115151889,0.18319239768592266,-0.18319239768592266,0.710130366962256,0.5269379692763333,0.11539114864002355,0.30583020679710726,2.944781863259365,2.7160366730519967,1.3892694011076,1.3892694011076,2.8490307131796723e-06,0.24177930482610213,1.6310487059337022,5.678197733943651e-06,0.05963757458921879,4.688122542847105,True,0.3057817100057427,1.121424005093986,1.121424005093986,0.035750267384525816,1.157174272478512,0.865409546795205,0.0012560799111152599,0.005899450370099672,0.8449905731583266,0.8449905731583266,0.0,0.0006444910032264296,0.0,0.0035409270730630237,0.021146311059487482,2.9433038772798756,0.00018085671151518888,0.0011539114864002355,8.547092139539017e-08,5.678197733943651e-08,0.0005963757458921879,4.688122542847105
0.2882628689595477,0.31708656259512014,0.07965329384166345,13125,0.5374455487671757,0.5374455493046212,0.3737928755647816,0.3737928755647816,0.13434145653821858,0.5081343321030002,0.0,0.015209219828450771,1.000850838505028,0.0,0.07653717668337455,0.0015295721036394474,0.004062769979729738,0.8777838069056628,1.936901172432644,0.0024646960584732065,0.11260163850920346,0.0030113118605605282,0.0030113118605605282,0.37853848277213403,0.38154979463269456,0.01859823532275188,0.42177868474947766,0.42177868474947766,0.710130366962256,1.1319090517117336,0.08350250272139095,0.21817019812905974,0.8789812528745308,1.9375400006797208,0.8122008023909078,0.8122008023909078,8.617828009621285e-07,0.24177930482610213,1.0539801072170099,3.6778527167448172e-06,0.034953970066575565,1.7392758515734374,True,0.21809826501532464,0.6833308190043722,0.6833308190043722,0.035750267384525816,0.719081086388898,0.14413143447977386,0.15854328129756007,0.01593065876833269,0.5374455487671757,0.5374455487671757,0.0,0.0007604609914225386,0.0,0.002294358155459171,0.0010156924949324346,0.8777838069056628,0.00018598235322751878,0.0008350250272139096,2.5853484028863854e-08,3.6778527167448176e-08,0.00034953970066575567,1.7392758515734374
0.010540288777742048,0.024425589136009118,0.032496886262607085,13150,0.6705129214279045,0.6705129220984174,0.5614455127867968,0.5614455127867968,0.13434145653821858,0.6957869693250154,0.0,0.010963525978870573,1.4324239965216883,0.0,0.02939690463777716,0.000198215652936288,0.07328120215556623,0.25267301561519034,1.5026659085468104,0.00025870965249325065,0.11260163850920346,0.09151511608702084,0.09151511608702084,0.37853848277213403,0.4700535988591549,0.020886971370751222,0.21367263718347296,0.21367263718347296,0.710130366962256,0.9238030041457289,0.053872080002945744,0.16924886544473694,0.2530857299314675,1.5030762665157913,1.36353549821264,1.36353549821264,9.58275027650992e-06,0.24177930482610213,1.605314803038742,9.875621655361389e-06,0.03880739065058393,0.9674701042286991,True,0.1692026584609508,0.13948749921412157,0.13948749921412157,0.035750267384525816,0.17523776659864737,0.005270144388871024,0.012212794568004559,0.006499377252521418,0.6705129214279045,0.6705129214279045,0.0,0.0005481762989435287,0.0,0.000297323479404432,0.018320300538891558,0.25267301561519034,0.00020886971370751223,0.0005387208000294574,2.8748250829529757e-07,9.875621655361388e-08,0.0003880739065058393,0.9674701042286991
0.0,0.011670232574443773,0.017146450056609683,13175,0.4380284035975782,0.43802840403560667,0.4513092910851477,0.4513092910851477,0.13434145653821858,0.5856507476233663,0.0,0.013088127407129738,1.5729088290222952,0.0,0.03477397108636354,0.0006350804726761642,0.0023805340441652163,0.09446231835246474,1.3073472276635414,0.0010665903886109657,0.11260163850920346,0.02872228492271539,0.02872228492271539,0.37853848277213403,0.4072607676948494,0.026008447333808884,0.03851963397889613,0.03851963397889613,0.710130366962256,0.7486500009411521,0.029311108218473485,0.1472548853254737,0.09471049699320432,1.3077507059182876,0.8673200545708535,0.8673200545708535,5.40710513616459e-06,0.24177930482610213,1.1090993593969556,1.3440397153653753e-05,0.0732324536698148,0.5452431055483454,True,0.1472094530088517,0.03333959472289334,0.03333959472289334,0.035750267384525816,0.06908986210741916,0.0,0.0058351162872218865,0.0034292900113219366,0.4380284035975782,0.4380284035975782,0.0,0.000654406370356487,0.0,0.0009526207090142462,0.0005951335110413041,0.09446231835246474,0.00026008447333808883,0.00029311108218473485,1.6221315408493769e-07,1.3440397153653753e-07,0.0007323245366981481,0.5452431055483454
0.0,0.0009459425855904424,0.029357211573297046,13200,0.07512298055067551,0.07512298062579849,0.008571281591017138,0.008571281591017138,0.13434145653821858,0.14291273812923572,0.0,0.01302401184919586,1.0311120287484727,0.0,0.023630656082721118,0.0001923218793945167,0.0,0.028871879489149512,1.1699172724862,0.0003316267924598013,0.11260163850920346,0.15218677115409823,0.15218677115409823,0.37853848277213403,0.5307252539262323,0.010164359773238932,0.0341659298820699,-0.0341659298820699,0.710130366962256,0.675964437080186,0.11637071284084846,0.13175958960254422,0.028947307176352497,1.1701390818605546,0.05343891726800548,-0.05343891726800548,3.1378042925332934e-06,0.24177930482610213,0.18834038755809665,4.99499897676736e-06,0.042252252319262704,0.11296697439228326,True,0.13173461350133708,0.030983903314702757,-0.030983903314702757,0.035750267384525816,0.00476636406982306,0.0,0.0004729712927952212,0.00587144231465941,0.07512298055067551,0.07512298055067551,0.0,0.000651200592459793,0.0,0.00028848281909177504,0.0,0.028871879489149512,0.00010164359773238933,0.0011637071284084847,9.41341287759988e-08,4.9949989767673604e-08,0.00042252252319262707,0.11296697439228326
214.83823225880866,0.43200243422417905,0.08970061979987543,13225,65.1600411264431,65.16004119160314,41.20574666581425,41.20574666581425,0.13434145653821858,41.34008812235247,0.0,0.0891624531398533,1.0725300386771064,0.029715721164901503,0.2523824850873821,0.025527639373655625,4168.603609948677,226.7241210799445,16.057361026419752,0.03418191333560775,0.11260163850920346,0.33594858782621473,-0.33594858782621473,0.37853848277213403,0.042589894945919304,1.2296710355897649,3.3852281288366632,3.3852281288366632,0.710130366962256,4.095358495798919,0.8188178414000687,1.8147484139497112,228.5096316663928,16.116535041681768,36.129272355311834,36.129272355311834,3.396940813137976e-06,0.24177930482610213,36.37105166013794,3.822737469165519e-06,0.04046378421136774,1441.7814771336634,True,1.8080853222822992,134.96052878641072,134.96052878641072,0.035750267384525816,134.99627905379523,107.41911612940433,0.21600121711208953,0.017940123959975084,65.1600411264431,65.1600411264431,0.0,0.004458122656992665,0.029715721164901503,0.03829145906048344,1042.1509024871693,226.7241210799445,0.012296710355897649,0.008188178414000687,1.0190822439413927e-07,3.822737469165519e-08,0.0004046378421136774,1441.7814771336634
0.0,0.0010540250465512768,0.02951822145851179,13250,0.10355270476629806,0.10355270486985076,0.006540698839278686,0.006540698839278686,0.13434145653821858,0.14088215537749726,0.0,0.01296089554270068,1.0310840898772027,0.0,0.023541428321388985,0.00018332285149354357,0.0,0.029075165231801984,1.1705144135602676,0.00032500746328278956,0.11260163850920346,0.17837044099899918,0.17837044099899918,0.37853848277213403,0.5569089237711332,0.009260018849524652,0.0992296085634643,-0.0992296085634643,0.710130366962256,0.6109007583987917,0.11621004177264814,0.1318270803885731,0.02915162117562456,1.1707384583965328,0.10575906821320247,-0.10575906821320247,3.1383384314396307e-06,0.24177930482610213,0.13602023661289966,4.987590230931838e-06,0.042228916962542655,0.1416586896693558,True,0.13180185257066968,0.026935529340358644,-0.026935529340358644,0.035750267384525816,0.008814738044167172,0.0,0.0005270125232756384,0.005903644291702358,0.10355270476629806,0.10355270476629806,0.0,0.000648044777135034,0.0,0.0002749842772403154,0.0,0.029075165231801984,9.260018849524653e-05,0.0011621004177264813,9.415015294318892e-08,4.987590230931838e-08,0.00042228916962542656,0.1416586896693558
0.0,0.0009914957465018137,0.02942606706152957,13275,0.07402282771954807,0.0740228277935709,0.004609346469670733,0.004609346469670733,0.13434145653821858,0.1389508030078893,0.0,0.012995983991162485,1.0311000445154275,0.0,0.023585221030890606,0.00018806212133689882,0.0,0.027578711746421007,1.1660683947848627,0.0003282622874324224,0.11260163850920346,0.143203710341322,0.143203710341322,0.37853848277213403,0.521742193113456,0.009747995570327394,0.0010470805890626655,-0.0010470805890626655,0.710130366962256,0.7090832863731933,0.11629952893155122,0.1313256846972579,0.027650911118598603,1.1662856311248768,0.07748772627003628,-0.07748772627003628,3.1380327596494335e-06,0.24177930482610213,0.16429157855606585,4.991821840903507e-06,0.04224223866130924,0.11059743482392245,True,0.1313012235272562,0.029375199439739628,-0.029375199439739628,0.035750267384525816,0.0063750679447861875,0.0,0.0004957478732509069,0.0058852134123059145,0.07402282771954807,0.07402282771954807,0.0,0.0006497991995581243,0.0,0.00028209318200534826,0.0,0.027578711746421007,9.747995570327393e-05,0.0011629952893155123,9.4140982789483e-08,4.991821840903507e-08,0.0004224223866130924,0.11059743482392245
0.0,0.0009763827010867976,0.02940339003602447,13300,0.033981435035374506,0.03398143506935594,0.005266193915962808,0.005266193915962808,0.13434145653821858,0.1396076504541814,0.0,0.013005042788584675,1.0311039876587706,0.0,0.023598893097435045,0.00018940053519834072,0.0,0.027677202421696082,1.166364666987002,0.0003292818540137562,0.11260163850920346,0.001892055130608028,-0.001892055130608028,0.37853848277213403,0.376646427641526,0.009881499867962332,0.002652056474722997,-0.002652056474722997,0.710130366962256,0.707478310487533,0.11632256258524896,0.13136562154149134,0.027768991194882253,1.1666403048331413,0.0695774001198399,-0.0695774001198399,3.137957535694536e-06,0.24177930482610213,0.17220190470626223,4.9928667579229615e-06,0.04224553096893756,0.07064649975866076,True,0.13133458426562455,0.029905333385619844,-0.029905333385619844,0.035750267384525816,0.005844933998905971,0.0,0.0004881913505433988,0.005880678007204894,0.033981435035374506,0.033981435035374506,0.0,0.0006502521394292338,0.0,0.0002841008027975111,0.0,0.027677202421696082,9.881499867962333e-05,0.0011632256258524898,9.413872607083609e-08,4.992866757922962e-08,0.0004224553096893756,0.07064649975866076
0.0,0.0009960584130351835,0.029433046458413485,13325,0.07797151396962601,0.07797151404759753,0.0181763898503291,0.0181763898503291,0.13434145653821858,0.15251784638854768,0.0,0.012998048545186078,1.0312510087013065,0.0,0.023605427075322316,0.00018828855265678904,0.0,0.028653481095701615,1.1692733915761766,0.00032932584090842237,0.11260163850920346,0.1663821163063483,0.1663821163063483,0.37853848277213403,0.5449205990784823,0.009822270768511112,0.02586174757606874,0.02586174757606874,0.710130366962256,0.7359921145383247,0.11629509532211402,0.1316874188037413,0.02872962040063535,1.1694981427645605,0.02995651717146655,-0.02995651717146655,3.1393074293742157e-06,0.24177930482610213,0.21182278765463558,4.993088434784755e-06,0.042247055376980425,0.11562575714455567,True,0.13166211144942486,0.028603711840781455,-0.028603711840781455,0.035750267384525816,0.00714655554374436,0.0,0.0004980292065175917,0.005886609291682697,0.07797151396962601,0.07797151396962601,0.0,0.0006499024272593039,0.0,0.00028243282898518355,0.0,0.028653481095701615,9.822270768511112e-05,0.00116295095322114,9.417922288122646e-08,4.993088434784755e-08,0.00042247055376980425,0.11562575714455567
0.0,0.00098061065913857,0.029410047424925697,13350,0.027470593567082827,0.02747059359455342,0.029161933504815885,0.029161933504815885,0.13434145653821858,0.16350339004303446,0.0,0.013010941982835955,1.03136458337539,0.0,0.02363338533886783,0.00019011898427810886,0.0,0.029680228008088734,1.1722795054789998,0.0003313648793630865,0.11260163850920346,0.016539716449173125,-0.016539716449173125,0.37853848277213403,0.3619987663229609,0.010038206007273665,0.04010870625554641,0.04010870625554641,0.710130366962256,0.7502390732178024,0.11632055537170578,0.13203155487709717,0.029775010141545242,1.1725543686538977,0.014646302283084861,0.014646302283084861,3.1401328711611524e-06,0.24177930482610213,0.256425607109187,4.995278014181144e-06,0.042254556272295234,0.06614513929856397,True,0.1320006048304892,0.028739597912393288,-0.028739597912393288,0.035750267384525816,0.007010669472132529,0.0,0.000490305329569285,0.005882009484985139,0.027470593567082827,0.027470593567082827,0.0,0.0006505470991417978,0.0,0.0002851784764171633,0.0,0.029680228008088734,0.00010038206007273665,0.001163205553717058,9.420398613483457e-08,4.995278014181144e-08,0.00042254556272295236,0.06614513929856397
0.0,0.0009792235124317372,0.02940782038882539,13375,0.021144566177954488,0.021144566199099053,0.017317776605769553,0.017317776605769553,0.13434145653821858,0.15165923314398813,0.0,0.013007716904324871,1.031240344099068,0.0,0.02361644758399956,0.00018971032700197194,0.0,0.02866718840108128,1.169313875394432,0.00033031292422284027,0.11260163850920346,0.0007669286955497845,0.0007669286955497845,0.37853848277213403,0.3793054114676838,0.00995375741144465,0.020247652522827342,0.020247652522827342,0.710130366962256,0.7303780194850833,0.1163204672003277,0.13169862340132824,0.02876336264103398,1.1695976492792102,0.025847965889563812,-0.025847965889563812,3.1391001241633183e-06,0.24177930482610213,0.21593133893653832,4.99408668364128e-06,0.04225012258375384,0.05880326933456173,True,0.13166666999409837,0.029272599119924483,-0.029272599119924483,0.035750267384525816,0.0064776682646013346,0.0,0.0004896117562158686,0.005881564077765078,0.021144566177954488,0.021144566177954488,0.0,0.0006503858452162436,0.0,0.0002845654905029579,0.0,0.02866718840108128,9.95375741144465e-05,0.001163204672003277,9.417300372489955e-08,4.9940866836412796e-08,0.0004225012258375384,0.05880326933456173
0.0,0.0009804349260763567,0.02940980106608702,13400,0.02069191241740204,0.02069191243809395,0.02041420728151705,0.02041420728151705,0.13434145653821858,0.15475566381973563,0.0,0.013008354446873944,1.0312553083197247,0.0,0.02359992329074028,0.00018962236123643556,0.0,0.02867636719302217,1.1693409790718778,0.00033041556842407395,0.11260163850920346,0.006279159328605732,-0.006279159328605732,0.37853848277213403,0.3722593234435283,0.00994888234704338,0.02547098074283405,0.02547098074283405,0.710130366962256,0.73560134770509,0.11631979977230562,0.13170159150411442,0.028772304292965442,1.1696240085983274,0.013622032712412108,-0.013622032712412108,3.139167338332853e-06,0.24177930482610213,0.22815727211369002,4.994081387791645e-06,0.042250130224922564,0.058360640790154884,True,0.13166972191285942,0.029159524442317765,-0.029159524442317765,0.035750267384525816,0.00659074294220805,0.0,0.0004902174630381784,0.005881960213217404,0.02069191241740204,0.02069191241740204,0.0,0.0006504177223436973,0.0,0.00028443354185465333,0.0,0.02867636719302217,9.948882347043379e-05,0.0011631979977230562,9.417502014998558e-08,4.994081387791645e-08,0.00042250130224922563,0.058360640790154884
0.0,0.0009820901858395015,0.029412514731423783,13425,0.020237727396933674,0.020237727417171402,0.01755894477431011,0.01755894477431011,0.13434145653821858,0.1519004013125287,0.0,0.013007153142135974,1.0311588348559864,0.0,0.023556707355067784,0.00018912374151379397,0.0,0.02796721951162448,1.1672340261777623,0.0003298112320830329,0.11260163850920346,5.529007193122437e-05,5.529007193122437e-05,0.37853848277213403,0.37859377284406526,0.009875534859319114,0.02056159230433985,0.02056159230433985,0.710130366962256,0.7306919592665958,0.1163184996303767,0.131464036360963,0.028061045235624013,1.167514313524618,0.021386030085852603,-0.021386030085852603,3.1382715720259246e-06,0.24177930482610213,0.22039327474024953,4.99279167480693e-06,0.04224557485239202,0.05719707838662493,True,0.13143247554365078,0.02931496367994422,-0.02931496367994422,0.035750267384525816,0.006435303704581597,0.0,0.0004910450929197507,0.005882502946284757,0.020237727396933674,0.020237727396933674,0.0,0.0006503576571067987,0.0,0.00028368561227069095,0.0,0.02796721951162448,9.875534859319115e-05,0.001163184996303767,9.414814716077774e-08,4.9927916748069305e-08,0.0004224557485239202,0.05719707838662493
0.0,0.0009879016520192296,0.029422022125773432,13450,0.019904492128328233,0.019904492148232724,0.014655925590372154,0.014655925590372154,0.13434145653821858,0.14899738212859073,0.0,0.013005157610664498,1.030925693010736,0.0,0.023425633261274365,0.00018777614356668164,0.0,0.026273996695987067,1.1620925559548836,0.00032846636199270564,0.11260163850920346,0.007394294598981277,0.007394294598981277,0.37853848277213403,0.3859327773711153,0.009688601709113948,0.015485515788454252,0.015485515788454252,0.710130366962256,0.7256158827507102,0.11631471867929556,0.1308839790251887,0.02636171221707867,1.1623629028352187,0.02448069437135511,-0.02448069437135511,3.1360255574010807e-06,0.24177930482610213,0.21729861045474702,4.9894184153603765e-06,0.0422337479295063,0.05517128082949287,True,0.13085353752079365,0.029535854393094477,-0.029535854393094477,0.035750267384525816,0.00621441299143134,0.0,0.0004939508260096148,0.005884404425154687,0.019904492128328233,0.019904492128328233,0.0,0.0006502578805332249,0.0,0.0002816642153500225,0.0,0.026273996695987067,9.688601709113948e-05,0.0011631471867929557,9.408076672203242e-08,4.989418415360377e-08,0.000422337479295063,0.05517128082949287
0.0,0.0010035436017956645,0.029447590643248065,13475,0.019445071082188903,0.019445071101633977,0.00841041463307407,0.00841041463307407,0.13434145653821858,0.14275187117129265,0.0,0.013000816441205192,1.0302938839751044,0.0,0.0230481558636267,0.0001841993729932118,0.0,0.021984991821888823,1.1482733685524438,0.00032500973789669006,0.11260163850920346,0.012219229203149495,0.012219229203149495,0.37853848277213403,0.39075771197528353,0.009204005149448634,0.003657674295345581,0.003657674295345581,0.710130366962256,0.7137880412576015,0.11630617839709408,0.12932536982705148,0.022058518779307982,1.1485211055012317,0.027392300720553098,-0.027392300720553098,3.1299038174764646e-06,0.24177930482610213,0.21438700410554903,4.980244868998316e-06,0.04220157092015926,0.05042495395940548,True,0.1292974742382213,0.030112997095982162,-0.030112997095982162,0.035750267384525816,0.005637270288543654,0.0,0.0005017718008978322,0.005889518128649613,0.019445071082188903,0.019445071082188903,0.0,0.0006500408220602597,0.0,0.0002762990594898177,0.0,0.021984991821888823,9.204005149448633e-05,0.0011630617839709409,9.389711452429394e-08,4.980244868998316e-08,0.0004220157092015926,0.05042495395940548
0.0,0.001132020148920887,0.029650669654180856,13500,0.08777523582765985,0.08777523591543508,0.03723740700814304,0.03723740700814304,0.13434145653821858,0.17157886354636162,0.0,0.012987929540438963,1.025373572151464,0.0,0.02014303659257746,0.00015940365024044297,0.0,0.0029082339795833472,1.053928044462815,0.0003051848198378082,0.11260163850920346,0.1838094510180021,0.1838094510180021,0.37853848277213403,0.5623479337901361,0.0072435801541251175,0.020859910683344363,-0.020859910683344363,0.710130366962256,0.6892704562789116,0.11627752373580393,0.11868936604443028,0.0029229372318001295,1.0540641954698313,0.04229842751961202,0.04229842751961202,3.082074595967251e-06,0.24177930482610213,0.28407773234571415,4.908382534985248e-06,0.041949080188255064,0.0997229591517675,True,0.11867403521659403,0.03355038884235212,-0.03355038884235212,0.035750267384525816,0.002199878542173694,0.0,0.0005660100744604435,0.005930133930836172,0.08777523582765985,0.08777523582765985,0.0,0.0006493964770219482,0.0,0.00023910547536066444,0.0,0.0029082339795833472,7.243580154125117e-05,0.0011627752373580393,9.246223787901753e-08,4.9083825349852485e-08,0.00041949080188255066,0.0997229591517675
0.0,0.0010543465537437013,0.029529302782305377,13525,0.01662894405608492,0.016628944072713866,0.004407440736847318,0.004407440736847318,0.13434145653821858,0.1387488972750659,0.0,0.01299211208397536,1.0283238047700607,0.0,0.021881632643288802,0.0001736107783182211,0.0,0.011551145781869686,1.1074762568285186,0.0003157900607193684,0.11260163850920346,0.011995801098231451,0.011995801098231451,0.37853848277213403,0.3905342838703655,0.00797443746000232,0.013060806297005012,-0.013060806297005012,0.710130366962256,0.6970695606652509,0.11628628751583982,0.1247226924641633,0.011587521549865242,1.1076453508046922,0.00735737501009795,-0.00735737501009795,3.110734380046554e-06,0.24177930482610213,0.23442192981600418,4.951413389177511e-06,0.04210050750982936,0.037186900603985634,True,0.12470365220369317,0.031536780096626485,-0.031536780096626485,0.035750267384525816,0.004213487287899329,0.0,0.0005271732768718507,0.005905860556461076,0.01662894405608492,0.01662894405608492,0.0,0.000649605604198768,0.0,0.00026041616747733167,0.0,0.011551145781869686,7.97443746000232e-05,0.0011628628751583982,9.332203140139662e-08,4.951413389177511e-08,0.00042100507509829364,0.037186900603985634
0.0,0.001058621834751583,0.029536079360153136,13550,0.016674301750550975,0.016674301767225275,0.0069014854872554154,0.0069014854872554154,0.13434145653821858,0.141242942025474,0.0,0.012992000755394256,1.0281575765333133,0.0,0.021786077917249902,0.0001728058152697688,0.0,0.010903137017751093,1.1044180875986105,0.00031521440405564243,0.11260163850920346,0.010119794482471578,0.010119794482471578,0.37853848277213403,0.3886582772546056,0.007908318537974452,0.015393173450906517,-0.015393173450906517,0.710130366962256,0.6947371935113494,0.11628499412113816,0.12437742266956509,0.010936779056432469,1.1045790564904487,0.002314418558326342,-0.002314418558326342,3.109084074439585e-06,0.24177930482610213,0.2394648862677758,4.948937440787689e-06,0.04209178950894205,0.03658576810196004,True,0.1243592973069854,0.031588204011487916,-0.031588204011487916,0.035750267384525816,0.004162063373037897,0.0,0.0005293109173757915,0.005907215872030628,0.016674301750550975,0.016674301750550975,0.0,0.0006496000377697129,0.0,0.00025920872290465316,0.0,0.010903137017751093,7.908318537974453e-05,0.0011628499412113817,9.327252223318755e-08,4.9489374407876885e-08,0.00042091789508942053,0.03658576810196004
0.0,0.0010564688575885883,0.029532664122873645,13575,0.01597017837243322,0.015970178388403398,0.008452024012087667,0.008452024012087667,0.13434145653821858,0.14279348055030625,0.0,0.012993219051721915,1.0282195636379372,0.0,0.02183096176840452,0.00017328554639715787,0.0,0.011306681560646471,1.106332880900719,0.00031575557890301654,0.11260163850920346,0.005449260907132936,0.005449260907132936,0.37853848277213403,0.38398774367926697,0.007964910034955051,0.013536368009026023,-0.013536368009026023,0.710130366962256,0.6965939989532299,0.11628560825286945,0.12459284569411844,0.011340588493525204,1.106492199214427,0.0020133744290652955,0.0020133744290652955,3.109615856349514e-06,0.24177930482610213,0.24379267925516743,4.949786985286189e-06,0.042094700156394854,0.036284811429418286,True,0.1245749061893572,0.031413610091564195,-0.031413610091564195,0.035750267384525816,0.004336657292961622,0.0,0.0005282344287942942,0.00590653282457473,0.01597017837243322,0.01597017837243322,0.0,0.0006496609525860958,0.0,0.0002599283195957368,0.0,0.011306681560646471,7.964910034955051e-05,0.0011628560825286945,9.328847569048541e-08,4.949786985286189e-08,0.00042094700156394854,0.036284811429418286
0.0,0.0010551785738082131,0.02953060463798323,13600,0.015655706466939465,0.01565570648259517,0.007945394832150177,0.007945394832150177,0.13434145653821858,0.14228685137036876,0.0,0.012994133785234873,1.0282317387325208,0.0,0.02185207479858462,0.00017354431815066012,0.0,0.011509400843386745,1.107281875651886,0.00031605013264132545,0.11260163850920346,0.0036098465260345214,0.0036098465260345214,0.37853848277213403,0.38214832929816855,0.007989704813255958,0.01292228655599481,-0.01292228655599481,0.710130366962256,0.6972080804062611,0.11628600235726692,0.12469979360721536,0.011543781033680384,1.1074419891554526,0.0015708540320246989,0.0015708540320246989,3.109659951260987e-06,0.24177930482610213,0.24335015885812683,4.9499544579535985e-06,0.04209516210255547,0.0361726921733886,True,0.1246817645627652,0.031303232487083624,-0.031303232487083624,0.035750267384525816,0.004447034897442192,0.0,0.0005275892869041066,0.005906120927596646,0.015655706466939465,0.015655706466939465,0.0,0.0006497066892617437,0.0,0.0002603164772259902,0.0,0.011509400843386745,7.989704813255958e-05,0.0011628600235726694,9.328979853782961e-08,4.9499544579535985e-08,0.0004209516210255547,0.0361726921733886
0.0,0.0010532076568592341,0.02952740137874611,13625,0.014885460796213272,0.014885460811098733,0.006670896587143232,0.006670896587143232,0.13434145653821858,0.1410123531253618,0.0,0.012997865356444488,1.0281471672041438,0.0,0.021867523535157817,0.00017398856699742875,0.0,0.011846985903912966,1.1088438602031045,0.00031680268443695495,0.11260163850920346,0.0006502777137878946,0.0006502777137878946,0.37853848277213403,0.3791887604859219,0.008037744545171277,0.010433882719319776,-0.010433882719319776,0.710130366962256,0.6996964842429362,0.11628674718725336,0.12487612033484523,0.011882727267630308,1.1090079229580598,0.0008511267711684145,0.0008511267711684145,3.1085011069732705e-06,0.24177930482610213,0.24263043159727055,4.948655859142245e-06,0.04209004761100528,0.03573969505764955,True,0.1248576465981783,0.030876701087247858,-0.030876701087247858,0.035750267384525816,0.0048735662972779585,0.0,0.0005266038284296171,0.005905480275749222,0.014885460796213272,0.014885460796213272,0.0,0.0006498932678222244,0.0,0.0002609828504961431,0.0,0.011846985903912966,8.037744545171278e-05,0.0011628674718725336,9.32550332091981e-08,4.948655859142245e-08,0.0004209004761100528,0.03573969505764955
0.0,0.0010542256191603538,0.029528782291825966,13650,0.013775150563751809,0.013775150577526958,0.0042650160942619975,0.0042650160942619975,0.13434145653821858,0.13860647263248058,0.0,0.013009111304868778,1.0275860782573392,0.0,0.02175235739327609,0.00017394491841844344,0.0,0.01168530293181546,1.1080985796937937,0.00031804172795091474,0.11260163850920346,0.0030437733762235797,-0.0030437733762235797,0.37853848277213403,0.37549470939591045,0.008059273416518726,0.006448215599524909,-0.006448215599524909,0.710130366962256,0.703682151362731,0.11628705274974253,0.1247934210947521,0.011723146947707465,1.1082734821999711,0.0004886179174058702,0.0004886179174058702,3.1019327591265093e-06,0.24177930482610213,0.242267922743508,4.94024223540631e-06,0.04205864500157129,0.034468887878467185,True,0.12477372678422813,0.029656377334907558,-0.029656377334907558,0.035750267384525816,0.006093890049618257,0.0,0.0005271128095801769,0.005905756458365194,0.013775150563751809,0.013775150563751809,0.0,0.000650455565243439,0.0,0.0002609173776276652,0.0,0.01168530293181546,8.059273416518727e-05,0.0011628705274974254,9.305798277379528e-08,4.9402422354063104e-08,0.00042058645001571293,0.034468887878467185
0.0,0.0011167520181863955,0.029624261058459344,13675,0.013682710445989045,0.013682710459671756,0.005917701859340152,-0.005917701859340152,0.13434145653821858,0.12842375467887843,0.0,0.01313169552162464,1.0195897036240127,0.0,0.019329996827512855,0.00016533433979609122,0.0,0.003914314414542658,1.0625644820528601,0.0003271209686938321,0.11260163850920346,0.0021643903193340752,0.0021643903193340752,0.37853848277213403,0.3807028730914681,0.0071763754309123705,0.020495598752053756,0.020495598752053756,0.710130366962256,0.7306259657143097,0.11629367868115817,0.11966313583574485,0.003932809140590101,1.0627121131886823,0.013175742697839637,0.013175742697839637,3.0131972309997493e-06,0.24177930482610213,0.25495504752394177,4.8220949059187466e-06,0.04162279863823699,0.026635906511461204,True,0.11964651232647998,0.017398542554499425,-0.017398542554499425,0.035750267384525816,0.01835172483002639,0.0,0.0005583760090931977,0.005924852211691869,0.013682710445989045,0.013682710445989045,0.0,0.000656584776081232,0.0,0.0002480015096941368,0.0,0.003914314414542658,7.17637543091237e-05,0.0011629367868115816,9.039591692999248e-08,4.8220949059187465e-08,0.00041622798638236985,0.026635906511461204
0.0,0.0010932596543831163,0.029588645566814963,13700,0.010839647291521017,0.010839647302360663,0.003626399376649464,-0.003626399376649464,0.13434145653821858,0.13071505716156911,0.0,0.013086624611157161,1.02245684425661,0.0,0.020218970701197662,0.0001680925354825169,0.0,0.00618449703953313,1.078641573226463,0.0003231249474102861,0.11260163850920346,0.005028856745497523,-0.005028856745497523,0.37853848277213403,0.3735096260266365,0.007502237309150121,0.003928858543440827,0.003928858543440827,0.710130366962256,0.7140592255056968,0.11628727239706874,0.1214771181367219,0.006212883167977474,1.078821844484746,0.007732440404018048,0.007732440404018048,3.044684997577627e-06,0.24177930482610213,0.24951174523012018,4.8641979220985555e-06,0.04177814680382133,0.02605078985301988,True,0.12145681929586043,0.021767476462284635,-0.021767476462284635,0.035750267384525816,0.01398279092224118,0.0,0.0005466298271915582,0.005917729113362993,0.010839647291521017,0.010839647291521017,0.0,0.0006543312305578581,0.0,0.0002521388032237753,0.0,0.00618449703953313,7.50223730915012e-05,0.0011628727239706873,9.13405499273288e-08,4.864197922098556e-08,0.0004177814680382133,0.02605078985301988
0.0,0.0011639161043136559,0.02969509874065369,13725,0.022763052764563096,0.022763052787326148,0.014868606549720331,-0.014868606549720331,0.13434145653821858,0.11947284998849825,0.0,0.0132044865214615,1.0147119823108177,0.0,0.01932521789598717,0.00016044898459256513,0.0,0.0010046741991798973,1.031696596018814,0.00033404539543957317,0.11260163850920346,0.030253995076830353,0.030253995076830353,0.37853848277213403,0.4087924778489644,0.006910975658022173,0.03635621540556644,0.03635621540556644,0.710130366962256,0.7464865823678224,0.11631554819655819,0.11618733989645297,0.0010140428767662993,1.0318440398939315,0.003028322358581942,0.003028322358581942,2.961016624669288e-06,0.24177930482610213,0.24480762718468407,4.7514857429211326e-06,0.041363061102228565,0.03283563476191675,True,0.11617073747305218,0.011111167680774501,-0.011111167680774501,0.035750267384525816,0.024639099703751315,0.0,0.0005819580521568279,0.005939019748130738,0.022763052764563096,0.022763052764563096,0.0,0.0006602243260730751,0.0,0.0002406734768888477,0.0,0.0010046741991798973,6.910975658022174e-05,0.001163155481965582,8.883049874007864e-08,4.7514857429211324e-08,0.0004136306110222857,0.03283563476191675
0.0,0.0011266262571504315,0.029639547045110345,13750,0.010132450769587515,0.010132450779719965,0.010632689914561635,-0.010632689914561635,0.13434145653821858,0.12370876662365694,0.0,0.013127626759826072,1.0192785352153466,0.0,0.019104773301514028,0.00016343511547546786,0.0,0.0029479570543478086,1.054295092359695,0.0003252197630449569,0.11260163850920346,0.001964167633088487,0.001964167633088487,0.37853848277213403,0.3805026504052225,0.007004042423007763,0.007985197826673618,0.007985197826673618,0.710130366962256,0.7181155647889296,0.11629343385996445,0.11873118204585156,0.0029632299441503564,1.0544355577187408,0.0011869626103559183,-0.0011869626103559183,3.0105123273440446e-06,0.24177930482610213,0.2405923422157462,4.817852367664589e-06,0.04160825624152627,0.0221223601918756,True,0.11871536541486458,0.018200232969323483,-0.018200232969323483,0.035750267384525816,0.017550034415202333,0.0,0.0005633131285752158,0.005927909409022069,0.010132450769587515,0.010132450769587515,0.0,0.0006563813379913036,0.0,0.00024515267321320177,0.0,0.0029479570543478086,7.004042423007764e-05,0.0011629343385996444,9.031536982032134e-08,4.8178523676645885e-08,0.0004160825624152627,0.0221223601918756
0.0,0.001137074673078553,0.02965555138768187,13775,0.0097280011588151,0.009728001168543101,0.00946686960712255,-0.00946686960712255,0.13434145653821858,0.12487458693109603,0.0,0.01312887383492827,1.0187961820338078,0.0,0.0188382320658875,0.00016174812054573078,0.0,0.0021754194195841114,1.0466413916986201,0.0003243618622800078,0.11260163850920346,0.004782166361733453,0.004782166361733453,0.37853848277213403,0.3833206491338675,0.006910224792241905,0.004611276390428354,0.004611276390428354,0.710130366962256,0.7147416433526843,0.11629388027082965,0.11786887121097495,0.002188133749040803,1.0467774919062662,0.0022641166991458073,-0.0022641166991458073,3.005698041042093e-06,0.24177930482610213,0.23951518812695632,4.8108406565545676e-06,0.04158332165956739,0.020950146611614057,True,0.11785354610323155,0.01828357744069938,-0.01828357744069938,0.035750267384525816,0.017466689943826438,0.0,0.0005685373365392765,0.005931110277536375,0.0097280011588151,0.0097280011588151,0.0,0.0006564436917464136,0.0,0.00024262218081859616,0.0,0.0021754194195841114,6.910224792241905e-05,0.0011629388027082966,9.017094123126279e-08,4.8108406565545675e-08,0.00041583321659567396,0.020950146611614057
0.0,0.0011554453024328337,0.029683322497605028,13800,0.008951012245421322,0.008951012254372333,0.008074854346088678,-0.008074854346088678,0.13434145653821858,0.1262666021921299,0.0,0.013139325720334775,1.0176408093338416,0.0,0.01870273311045377,0.000159190178376141,0.0,0.0011688436262137201,1.0341883551258864,0.00032435728813781086,0.11260163850920346,0.004657840940675451,0.004657840940675451,0.37853848277213403,0.3831963237128095,0.006818450586321068,0.00010531148606285345,0.00010531148606285345,0.710130366962256,0.7102356784483188,0.11629722071587555,0.11646588973864415,0.001177711626169495,1.0343178033412614,0.003015486547386481,-0.003015486547386481,2.9935469203944355e-06,0.24177930482610213,0.23876381827871565,4.793796257078309e-06,0.041521798054271405,0.019176507013888282,True,0.11645131365619635,0.017452796260882475,-0.017452796260882475,0.035750267384525816,0.01829747112364334,0.0,0.0005777226512164169,0.005936664499521006,0.008951012245421322,0.008951012245421322,0.0,0.0006569662860167388,0.0,0.0002387852675642115,0.0,0.0011688436262137201,6.818450586321068e-05,0.0011629722071587554,8.980640761183306e-08,4.7937962570783094e-08,0.0004152179805427141,0.019176507013888282
0.0,0.0011614909039874277,0.029692354065924013,13825,0.00885200186059523,0.008852001869447233,0.007469914963564611,-0.007469914963564611,0.13434145653821858,0.12687154157465397,0.0,0.013146330273074458,1.0171347235748187,0.0,0.018708725436494923,0.0001585298047073891,0.0,0.0009313658068153347,1.0305182864331426,0.00032497604266273477,0.11260163850920346,0.006781334963720409,0.006781334963720409,0.37853848277213403,0.38531981773585444,0.006808990801781112,0.001809739553296441,0.001809739553296441,0.710130366962256,0.7119401065155524,0.11629947229120612,0.11605232080154412,0.0009391131803256725,1.0306449535866131,0.0018124371298570974,-0.0018124371298570974,2.9881112082669736e-06,0.24177930482610213,0.23996686769624503,4.786352868360922e-06,0.041494581668588874,0.018843863107784575,True,0.11603805787125138,0.016835779353210022,-0.016835779353210022,0.035750267384525816,0.018914488031315794,0.0,0.0005807454519937139,0.005938470813184803,0.00885200186059523,0.00885200186059523,0.0,0.000657316513653723,0.0,0.00023779470706108367,0.0,0.0009313658068153347,6.808990801781112e-05,0.0011629947229120613,8.96433362480092e-08,4.7863528683609216e-08,0.00041494581668588874,0.018843863107784575
0.0,0.0011875186320181585,0.02973084027375787,13850,0.017099915191811556,0.01709991520891147,0.004157702423364162,-0.004157702423364162,0.13434145653821858,0.13018375411485442,0.0,0.013179426691523522,1.014909943176834,0.0,0.018765101968196415,0.00015613303306430938,0.0,0.00026627049016495125,1.0163177967313284,0.0003286361080643495,0.11260163850920346,0.03490931440867123,0.03490931440867123,0.37853848277213403,0.41344779718080527,0.006903998384707619,0.0010803034554904833,-0.0010803034554904833,0.710130366962256,0.7090500635067655,0.11631143363822953,0.11445248138586614,0.00027017484641533634,1.016436996271075,0.006129935953340437,0.006129935953340437,2.9639384871445217e-06,0.24177930482610213,0.24790924077944257,4.753291400173817e-06,0.04137369433244019,0.026445311651532192,True,0.11443905932118913,0.013687425195671375,-0.013687425195671375,0.035750267384525816,0.02206284218885444,0.0,0.0005937593160090793,0.005946168054751574,0.017099915191811556,0.017099915191811556,0.0,0.0006589713345761762,0.0,0.00023419954959646408,0.0,0.00026627049016495125,6.903998384707618e-05,0.0011631143363822953,8.891815461433565e-08,4.753291400173817e-08,0.0004137369433244019,0.026445311651532192
0.0,0.001166606572234663,0.029699950483640363,13875,0.008284224600360114,0.008284224608644338,0.0069306524343736575,-0.0069306524343736575,0.13434145653821858,0.12741080410384492,0.0,0.013152732973154457,1.0166953621288504,0.0,0.01872080810193348,0.00015802336468876584,0.0,0.000762495926248291,1.0276133287788396,0.0003256381874885668,0.11260163850920346,0.005623271923869133,0.005623271923869133,0.37853848277213403,0.38416175469600317,0.006809520744532369,0.0006129992700009135,0.0006129992700009135,0.710130366962256,0.7107433662322569,0.11630152662836092,0.11572501336954591,0.0007694066620800832,1.02773818058345,0.0002664598279706609,-0.0002664598279706609,2.9833230573321292e-06,0.24177930482610213,0.24151284499813147,4.779809475462835e-06,0.04147066410537852,0.01811064001771387,True,0.11571095485052743,0.016218507563630323,-0.016218507563630323,0.035750267384525816,0.019531759820895493,0.0,0.0005833032861173315,0.005939990096728073,0.008284224600360114,0.008284224600360114,0.0,0.0006576366486577229,0.0,0.00023703504703314877,0.0,0.000762495926248291,6.80952074453237e-05,0.0011630152662836092,8.949969171996388e-08,4.779809475462835e-08,0.00041470664105378523,0.01811064001771387
0.0,0.0011925999365267614,0.02973747749669829,13900,0.009766834973375674,0.009766834983142509,0.01443915178428988,-0.01443915178428988,0.13434145653821858,0.1199023047539287,0.0,0.013231902253663427,1.0126558118258189,0.0,0.019266563149427342,0.000157724599281099,0.0,0.0002608759612794874,1.0161516550631657,0.0003371385860377973,0.11260163850920346,0.010112501919653571,-0.010112501919653571,0.37853848277213403,0.36842598085248046,0.006831828964482564,0.008726794914308611,0.008726794914308611,0.710130366962256,0.7188571618765646,0.11632807136486198,0.11443504590300532,0.00026510854238514424,1.0162821541076463,0.0045067638899063955,0.0045067638899063955,2.9386169652118914e-06,0.24177930482610213,0.24628606871600853,4.720414708430478e-06,0.04125033347083018,0.019113926114520806,True,0.11442035149546795,0.008350787889723703,-0.008350787889723703,0.035750267384525816,0.027399479494802113,0.0,0.0005962999682633807,0.005947495499339658,0.009766834973375674,0.009766834973375674,0.0,0.0006615951126831715,0.0,0.00023658689892164852,0.0,0.0002608759612794874,6.831828964482564e-05,0.0011632807136486198,8.815850895635674e-08,4.7204147084304786e-08,0.0004125033347083018,0.019113926114520806
0.0,0.0011882899285035053,0.029731516819877245,13925,0.007517410910202652,0.007517410917720063,0.010643219641869775,-0.010643219641869775,0.13434145653821858,0.1236982368963488,0.0,0.013206048884136864,1.0138104456752632,0.0,0.01903706934470353,0.0001571373252423413,0.0,0.000290166833533378,1.0170342840628357,0.0003329739735233741,0.11260163850920346,0.0017652710771704494,0.0017652710771704494,0.37853848277213403,0.3803037538493045,0.006887979168818781,0.005506638914305695,0.005506638914305695,0.710130366962256,0.7156370058765616,0.11631922657022185,0.11453295117150916,0.0002941786705074572,1.0171516375459446,0.0038965624199567284,0.0038965624199567284,2.9515285503739994e-06,0.24177930482610213,0.24567586724605886,4.7373300093138065e-06,0.04131354934816561,0.016889377974062255,True,0.1145197369758528,0.010984386982583146,-0.010984386982583146,0.035750267384525816,0.02476588040194267,0.0,0.0005941449642517527,0.00594630336397545,0.007517410910202652,0.007517410910202652,0.0,0.0006603024442068433,0.0,0.00023570598786351192,0.0,0.000290166833533378,6.887979168818781e-05,0.0011631922657022186,8.854585651121998e-08,4.737330009313807e-08,0.0004131354934816561,0.016889377974062255
0.0,0.0011840388657143874,0.029725353679301153,13950,0.007181317099642456,0.007181317106823774,0.010453666294023542,-0.010453666294023542,0.13434145653821858,0.12388779024419504,0.0,0.013194134942321706,1.0144224724859296,0.0,0.018946832758963306,0.0001571932246138081,0.0,0.00035828569571149597,1.018928436166559,0.000331254508275828,0.11260163850920346,0.0003268784969838179,0.0003268784969838179,0.37853848277213403,0.37886536126911785,0.006876450239168003,0.00034465572594799543,0.00034465572594799543,0.710130366962256,0.710475022688204,0.11631520494256728,0.11474606819559828,0.00036268540027056194,1.0190443009919126,0.0018783849888814874,0.0018783849888814874,2.9581627989329905e-06,0.24177930482610213,0.24365768981498362,4.746169285599849e-06,0.04134645814162681,0.01661770688791862,True,0.11473302162525922,0.012034262364986087,-0.012034262364986087,0.035750267384525816,0.02371600501953973,0.0,0.0005920194328571937,0.005945070735860231,0.007181317099642456,0.007181317099642456,0.0,0.0006597067471160854,0.0,0.00023578983692071215,0.0,0.00035828569571149597,6.876450239168004e-05,0.0011631520494256727,8.874488396798972e-08,4.746169285599849e-08,0.0004134645814162681,0.01661770688791862
0.0,0.0011942293360073242,0.029740246953418044,13975,0.0070343247831024,0.007034324790136725,0.01146669820612893,-0.01146669820612893,0.13434145653821858,0.12287475833208965,0.0,0.013212786834184562,1.0133347688945047,0.0,0.019014038553087354,0.00015654990216955536,0.0,0.00018691052981710434,1.013671522585912,0.0003337452915756203,0.11260163850920346,0.0028207031975511776,0.0028207031975511776,0.37853848277213403,0.3813591859696852,0.006886735428215292,0.0018279340656706111,0.0018279340656706111,0.710130366962256,0.7119583010279266,0.11632324691432316,0.11415421532432925,0.000190112687413189,1.013788135748287,0.0015560073653713702,0.0015560073653713702,2.946235305062118e-06,0.24177930482610213,0.2433353121914735,4.730040490733692e-06,0.04128728636804398,0.01630697194114022,True,0.11414108449000797,0.01010962858452354,-0.01010962858452354,0.035750267384525816,0.025640638800002277,0.0,0.0005971146680036621,0.005948049390683609,0.0070343247831024,0.0070343247831024,0.0,0.0006606393417092282,0.0,0.00023482485325433303,0.0,0.00018691052981710434,6.886735428215292e-05,0.0011632324691432316,8.838705915186353e-08,4.730040490733692e-08,0.0004128728636804398,0.01630697194114022
0.0,0.0012025236604525924,0.029752293944467774,14000,0.00669743949487467,0.00669743950157211,0.011793858701112908,-0.011793858701112908,0.13434145653821858,0.12254759783710567,0.0,0.013227937499483713,1.0124787612995858,0.0,0.019059460393971942,0.0001560567031158235,0.0,9.415378502774492e-05,1.0097032873309897,0.0003359102025384338,0.11260163850920346,0.0025810818355977982,0.0025810818355977982,0.37853848277213403,0.38111956460773183,0.006860277827119103,0.002765638866290887,0.002765638866290887,0.710130366962256,0.7128960058285468,0.1163306957789922,0.11370758564099474,9.646535836318164e-05,1.0098216779810367,0.0017062932563519928,0.0017062932563519928,2.9366090061867223e-06,0.24177930482610213,0.24348559808245412,4.7169962057686074e-06,0.041239748164059745,0.015883238314604142,True,0.11369425465863137,0.008243858190605403,-0.008243858190605403,0.035750267384525816,0.027506409193920413,0.0,0.0006012618302262962,0.005950458788893555,0.00669743949487467,0.00669743949487467,0.0,0.0006613968749741857,0.0,0.00023408505467373524,0.0,9.415378502774492e-05,6.860277827119103e-05,0.001163306957789922,8.809827018560166e-08,4.716996205768607e-08,0.00041239748164059747,0.015883238314604142
0.0,0.0012398254081567028,0.02980600800668104,14025,0.0071607816884216875,0.007160781695582469,0.009413292904058373,-0.009413292904058373,0.13434145653821858,0.1249281636341602,0.0,0.013290976923467599,1.0089794167935164,0.0,0.019172376346090737,0.0001539900000993358,0.0,4.460583556731357e-05,0.9933212399678298,0.00034559235385913533,0.11260163850920346,0.0009735315509626363,0.0009735315509626363,0.37853848277213403,0.37951201432309667,0.007243361925412826,0.01239744041076496,0.01239744041076496,0.710130366962256,0.7225278073730209,0.11636864201458648,0.11186236275403992,4.3105747321407565e-05,0.9934345032692562,0.003595948032796753,0.003595948032796753,2.8968256282739437e-06,0.24177930482610213,0.24537525285889888,4.662727565460838e-06,0.04104325311215777,0.016328721778292015,True,0.11184960911958372,0.00044581889550169423,0.00044581889550169423,0.035750267384525816,0.03619608628002751,0.0,0.0006199127040783514,0.005961201601336208,0.0071607816884216875,0.0071607816884216875,0.0,0.00066454884617338,0.0,0.0002309850001490037,0.0,4.460583556731357e-05,7.243361925412826e-05,0.0011636864201458649,8.69047688482183e-08,4.662727565460838e-08,0.0004104325311215777,0.016328721778292015
0.0,0.0012345172953593941,0.029798433122574533,14050,0.004052770264637151,0.004052770268689922,0.007711979741729907,-0.007711979741729907,0.13434145653821858,0.12662947679648867,0.0,0.013274023293397441,1.00981908706669,0.0,0.019056029562649755,0.00015372195524482449,0.0,2.2245805969297688e-05,0.9952834540212887,0.00034288899519815724,0.11260163850920346,0.0021465470770953288,-0.0021465470770953288,0.37853848277213403,0.3763919356950387,0.007188857783293363,0.0018305087809695753,0.0018305087809695753,0.710130366962256,0.7119608757432255,0.11636138179345336,0.11208326764798553,2.1193779924064735e-05,0.995396329733347,0.0037884393699888774,0.0037884393699888774,2.905434665473538e-06,0.24177930482610213,0.245567744196091,4.67421083983775e-06,0.04108649283976257,0.013192746669651619,True,0.11207055765673112,0.0005825831318854446,-0.0005825831318854446,0.035750267384525816,0.03516768425264037,0.0,0.0006172586476796971,0.005959686624514907,0.004052770264637151,0.004052770264637151,0.0,0.0006637011646698721,0.0,0.00023058293286723673,0.0,2.2245805969297688e-05,7.188857783293363e-05,0.0011636138179345337,8.716303996420613e-08,4.6742108398377506e-08,0.0004108649283976257,0.013192746669651619
0.0,0.0012369395453339926,0.029802031795013513,14075,0.0035657802850150616,0.0035657802885808417,0.005511049386088318,-0.005511049386088318,0.13434145653821858,0.12883040715213026,0.0,0.013267993786088056,1.0099982506700864,0.0,0.018934641327976117,0.00015298295933473702,0.0,4.203318322447395e-05,0.9935166996657201,0.00034176419710820144,0.11260163850920346,0.003270505055452788,-0.003270505055452788,0.37853848277213403,0.37526797771668124,0.007266227465765593,0.0035306587890286956,-0.0035306587890286956,0.710130366962256,0.7065997081732273,0.11636178694956081,0.11188400697681328,4.0618663769537507e-05,0.9936267226822036,0.003130837874598724,0.003130837874598724,2.906939720128453e-06,0.24177930482610213,0.24491014270070086,4.6759092355797984e-06,0.0410942141879898,0.012726919981532865,True,0.11187161820378327,0.00048824112582232515,-0.00048824112582232515,0.035750267384525816,0.03526202625870349,0.0,0.0006184697726669963,0.005960406359002703,0.0035657802850150616,0.0035657802850150616,0.0,0.0006633996893044029,0.0,0.00022947443900210552,0.0,4.203318322447395e-05,7.266227465765593e-05,0.0011636178694956081,8.720819160385359e-08,4.675909235579799e-08,0.00041094214187989804,0.012726919981532865
0.0,0.0012412532010623867,0.029808364044609202,14100,0.0023183077806957983,0.002318307783014106,0.004473599493367758,-0.004473599493367758,0.13434145653821858,0.12986785704485082,0.0,0.013268901188516613,1.0098215651835825,0.0,0.018872473076923257,0.0001524320311516429,0.0,8.253183522604829e-05,0.9909152966352198,0.0003416618357243668,0.11260163850920346,0.001553140561198374,-0.001553140561198374,0.37853848277213403,0.37698534221093566,0.007341530210880903,5.4543915677718324e-05,-5.4543915677718324e-05,0.710130366962256,0.7100758230465782,0.1163643487635473,0.11159092317152804,8.057063913283515e-05,0.9910238850757783,0.002061478054502852,0.002061478054502852,2.905156856667251e-06,0.24177930482610213,0.24384078288060498,4.673258715620498e-06,0.04108502917464319,0.011523275100311745,True,0.1115786959341121,0.00044130493548646954,-0.00044130493548646954,0.035750267384525816,0.03530896244903935,0.0,0.0006206266005311933,0.00596167280892184,0.0023183077806957983,0.0023183077806957983,0.0,0.0006634450594258307,0.0,0.00022864804672746437,0.0,8.253183522604829e-05,7.341530210880903e-05,0.001163643487635473,8.715470570001753e-08,4.673258715620498e-08,0.0004108502917464319,0.011523275100311745
0.0,0.001218230473401638,0.029776066947779577,14125,0.02161710121254869,0.021617101234165794,0.003632808629042722,-0.003632808629042722,0.13434145653821858,0.13070864790917586,0.0,0.013205599210959543,1.0127930930458953,0.0,0.01851658850206272,0.000152559303254167,0.0,4.514704178189051e-06,0.9978752166750021,0.00033095097504011125,0.11260163850920346,0.046773036706319215,0.046773036706319215,0.37853848277213403,0.42531151947845325,0.007069421686719982,0.003280007616043412,0.003280007616043412,0.710130366962256,0.7134103745782994,0.1163330275801203,0.11237443000983903,4.071907250402191e-06,0.9979821032607187,0.004901611155078978,-0.004901611155078978,2.9404447131132133e-06,0.24177930482610213,0.23687769367102315,4.7205230427523985e-06,0.04125724342609998,0.03072179580391406,True,0.11236239440408383,0.010039762233142357,-0.010039762233142357,0.035750267384525816,0.02571050515138346,0.0,0.000609115236700819,0.005955213389555916,0.02161710121254869,0.02161710121254869,0.0,0.0006602799605479773,0.0,0.0002288389548812505,0.0,4.514704178189051e-06,7.069421686719983e-05,0.001163330275801203,8.82133413933964e-08,4.7205230427523984e-08,0.0004125724342609998,0.03072179580391406
0.0,0.0012404391799770709,0.02980722694258846,14150,0.0021881024363819054,0.002188102438570008,0.0044735804038113225,-0.0044735804038113225,0.13434145653821858,0.12986787613440726,0.0,0.013266628252050444,1.0099261283284464,0.0,0.018860160363669543,0.00015242883444833687,0.0,7.869478114318032e-05,0.991128992101053,0.00034126523320599406,0.11260163850920346,0.00012500778474466845,0.00012500778474466845,0.37853848277213403,0.3786634905568787,0.007325023785135114,0.0001218495929847796,-0.0001218495929847796,0.710130366962256,0.7100085173692712,0.11636314204334888,0.11161498633008621,7.677988631370089e-05,0.9912375867300326,0.0018113038962888628,0.0018113038962888628,2.906391495023318e-06,0.24177930482610213,0.243590608722391,4.674914948039514e-06,0.041091065058958584,0.011388363110075099,True,0.11160275839584385,0.00078405593215463,-0.00078405593215463,0.035750267384525816,0.034966211452371186,0.0,0.0006202195899885354,0.005961445388517693,0.0021881024363819054,0.0021881024363819054,0.0,0.0006633314126025222,0.0,0.00022864325167250532,0.0,7.869478114318032e-05,7.325023785135114e-05,0.0011636314204334888,8.719174485069953e-08,4.6749149480395135e-08,0.00041091065058958585,0.011388363110075099
0.0,0.0012458139114299716,0.02981537298387698,14175,0.005747205270562407,0.005747205276309612,0.00022082413110197097,-0.00022082413110197097,0.13434145653821858,0.1341206324071166,0.0,0.01325261499314771,1.0102905257455206,0.0,0.01859886005487398,0.00015087568731991964,0.0,0.00017748247925882687,0.9866777449634521,0.0003383884423799559,0.11260163850920346,0.010888827669069845,-0.010888827669069845,0.37853848277213403,0.3676496551030642,0.007466053543144713,0.0064752183167282595,0.0064752183167282595,0.710130366962256,0.7166055852789842,0.11636272559792937,0.11111329717618884,0.0001747114725239737,0.986782153256904,0.0008582542689604955,-0.0008582542689604955,2.910465284397239e-06,0.24177930482610213,0.24092105055714164,4.6796763722432625e-06,0.04111069411981064,0.015049142426279983,True,0.11110154063022812,0.0019676022202531687,-0.0019676022202531687,0.035750267384525816,0.03378266516427265,0.0,0.0006229069557149858,0.005963074596775396,0.005747205270562407,0.005747205270562407,0.0,0.0006626307496573855,0.0,0.00022631353097987946,0.0,0.00017748247925882687,7.466053543144712e-05,0.0011636272559792937,8.731395853191717e-08,4.6796763722432627e-08,0.0004111069411981064,0.015049142426279983
0.0,0.0012416786436738603,0.029809107000177058,14200,0.0017488200945887217,0.0017488200963375418,0.0035121961318991812,-0.0035121961318991812,0.13434145653821858,0.1308292604063194,0.0,0.013263376964139626,1.010010268449275,0.0,0.018799737752265806,0.0001520691814357436,0.0,9.840800881334205e-05,0.9900799189109493,0.0003405973727454393,0.11260163850920346,0.00015154572695524893,-0.00015154572695524893,0.37853848277213403,0.3783869370451788,0.007356081351611084,0.0006330631293909317,0.0006330631293909317,0.710130366962256,0.7107634300916469,0.11636300507409092,0.11149673802884669,9.628634216496613e-05,0.990187439571398,0.001188922613217236,0.001188922613217236,2.9073314846510676e-06,0.24177930482610213,0.24296822743931937,4.676013807108532e-06,0.04109559585433316,0.010969442248517963,True,0.11148463102523137,0.001057858669421742,-0.001057858669421742,0.035750267384525816,0.034692408715104074,0.0,0.0006208393218369301,0.005961821400035412,0.0017488200945887217,0.0017488200945887217,0.0,0.0006631688482069813,0.0,0.00022810377215361541,0.0,9.840800881334205e-05,7.356081351611085e-05,0.0011636300507409092,8.721994453953203e-08,4.6760138071085315e-08,0.0004109559585433316,0.010969442248517963
0.0,0.0012420489918204547,0.029809686562933844,14225,0.001567270928038281,0.001567270929605552,0.0029989774490391252,-0.0029989774490391252,0.13434145653821858,0.13134247908917945,0.0,0.013261349407566686,1.010076369936979,0.0,0.018768889550722607,0.0001519005355705591,0.0,0.00010645247731547232,0.9896824190182256,0.0003402079527770884,0.11260163850920346,0.0006219158645676126,-0.0006219158645676126,0.37853848277213403,0.3779165669075664,0.007368865166253139,0.0007142958133478094,0.0007142958133478094,0.710130366962256,0.7108446627756038,0.11636271919989186,0.11145191976650333,0.00010425605319801355,0.9897894146495897,0.0009509849824193284,0.0009509849824193284,2.9080477385441815e-06,0.24177930482610213,0.24273028980852146,4.676899146133549e-06,0.041099104159746144,0.010796044383267452,True,0.11143987188202846,0.0012192025285955796,-0.0012192025285955796,0.035750267384525816,0.03453106485593024,0.0,0.0006210244959102273,0.0059619373125867695,0.001567270928038281,0.001567270928038281,0.0,0.0006630674703783343,0.0,0.00022785080335583865,0.0,0.00010645247731547232,7.36886516625314e-05,0.0011636271919989187,8.724143215632545e-08,4.6768991461335496e-08,0.00041099104159746146,0.010796044383267452
0.0,0.0012414363961266162,0.02980906393526363,14250,0.001643137557181818,0.0016431375588249555,0.0003970777304249107,-0.0003970777304249107,0.13434145653821858,0.13394437880779367,0.0,0.013246874424907592,1.0106453555197594,0.0,0.018605921355994426,0.00015117433119792408,0.0,0.0001258827137165653,0.9887802534023016,0.00033759925921874917,0.11260163850920346,0.0024372052175177794,-0.0024372052175177794,0.37853848277213403,0.37610127755461625,0.007397127528393189,0.0009045930191539098,0.0009045930191539098,0.710130366962256,0.7110349599814099,0.11635874788690236,0.1113500548637654,0.0001235484216375451,0.9888847662355871,0.00014549964916102387,-0.00014549964916102387,2.914298637613631e-06,0.24177930482610213,0.2416338051769411,4.684958213512839e-06,0.04112986701452577,0.010889648176896161,True,0.11133828654644709,0.002561719444358207,-0.002561719444358207,0.035750267384525816,0.03318854794016761,0.0,0.0006207181980633081,0.005961812787052726,0.001643137557181818,0.001643137557181818,0.0,0.0006623437212453796,0.0,0.00022676149679688612,0.0,0.0001258827137165653,7.39712752839319e-05,0.0011635874788690236,8.742895912840893e-08,4.684958213512839e-08,0.0004112986701452577,0.010889648176896161
0.0,0.0012417524368608657,0.029809385167905652,14275,0.0012683134036104362,0.0012683134048787497,0.0017481117486295994,-0.0017481117486295994,0.13434145653821858,0.13259334478958898,0.0,0.013254329705686931,1.0103517824374477,0.0,0.018689981282429748,0.0001515463440247517,0.0,0.00011594964846030528,0.9892320081509919,0.0003389399387997576,0.11260163850920346,0.0009933552432229709,-0.0009933552432229709,0.37853848277213403,0.37754512752891106,0.0073801829996073855,0.0005722379440961101,0.0005722379440961101,0.710130366962256,0.7107026049063521,0.11636076665318937,0.11140106595767793,0.00011368274647126906,0.9893377888563737,0.0004201851055196104,0.0004201851055196104,2.9110719111851434e-06,0.24177930482610213,0.24219948993162174,4.680798591398024e-06,0.04111399000283577,0.010505735842103354,True,0.11138915487587148,0.001869875223771994,-0.001869875223771994,0.035750267384525816,0.03388039216075382,0.0,0.0006208762184304328,0.005961877033581131,0.0012683134036104362,0.0012683134036104362,0.0,0.0006627164852843466,0.0,0.00022731951603712755,0.0,0.00011594964846030528,7.380182999607386e-05,0.0011636076665318938,8.73321573355543e-08,4.680798591398024e-08,0.0004111399000283577,0.010505735842103354
0.0,0.0012407860274510352,0.02980803023607961,14300,0.0011302906658744835,0.0011302906670047743,0.0009295085153880889,-0.0009295085153880889,0.13434145653821858,0.1334119480228305,0.0,0.013250616885224345,1.01052649181401,0.0,0.018661855961557526,0.00015146148328262736,0.0,0.00011016673006106872,0.9895039659841887,0.00033833684581491155,0.11260163850920346,0.00046609253407742246,-0.00046609253407742246,0.37853848277213403,0.3780723902380566,0.007379121304769629,8.846491267977541e-05,-8.846491267977541e-05,0.710130366962256,0.7100419020495762,0.11635949528922075,0.11143165064469843,0.00010796441619541485,0.9896094073222258,0.0008774707503008128,0.0008774707503008128,2.9129036282596996e-06,0.24177930482610213,0.24265677557640294,4.68322065195885e-06,0.04112315997579072,0.01036093151107533,True,0.11141977777621442,0.0021280920258954714,-0.0021280920258954714,0.035750267384525816,0.033622175358630345,0.0,0.0006203930137255176,0.0059616060472159225,0.0011302906658744835,0.0011302906658744835,0.0,0.0006625308442612173,0.0,0.00022719222492394105,0.0,0.00011016673006106872,7.379121304769629e-05,0.0011635949528922076,8.738710884779098e-08,4.68322065195885e-08,0.0004112315997579072,0.01036093151107533
0.0,0.0012411761449063752,0.029808588293544207,14325,0.0011099022657835116,0.0011099022668934137,0.0010907920288431572,-0.0010907920288431572,0.13434145653821858,0.13325066450937542,0.0,0.013251628324361225,1.0104726932610086,0.0,0.01866688185639619,0.00015146346535008996,0.0,0.00011388613118652855,0.9893282554759529,0.0003384897206649001,0.11260163850920346,0.00033094653222309756,-0.00033094653222309756,0.37853848277213403,0.37820753623991094,0.0073815604635557265,0.00026104418397498996,0.00026104418397498996,0.710130366962256,0.7103914111462309,0.1163599499649463,0.1114118773094313,0.00011164451887374302,0.9894338030080003,0.0007297291236404158,0.0007297291236404158,2.9123465270699695e-06,0.24177930482610213,0.24250903394974255,4.682474328531573e-06,0.04112036898595575,0.010344623731658942,True,0.11139999248332669,0.002063834705837958,-0.002063834705837958,0.035750267384525816,0.03368643267868786,0.0,0.0006205880724531876,0.005961717658708842,0.0011099022657835116,0.0011099022657835116,0.0,0.0006625814162180613,0.0,0.00022719519802513494,0.0,0.00011388613118652855,7.381560463555726e-05,0.001163599499649463,8.737039581209908e-08,4.6824743285315734e-08,0.0004112036898595575,0.010344623731658942
0.0,0.0012414923251143906,0.029809037930004143,14350,0.0010742619695737004,0.0010742619706479624,0.0011052519879922451,-0.0011052519879922451,0.13434145653821858,0.13323620455022633,0.0,0.013252402126975394,1.0104312779657942,0.0,0.018669748553607875,0.00015145643106472033,0.0,0.0001169846485753919,0.9891840558167402,0.0003386124913858871,0.11260163850920346,0.00022059154737341657,-0.00022059154737341657,0.37853848277213403,0.3783178912247606,0.007386528025146962,0.00019593382918769997,0.00019593382918769997,0.710130366962256,0.7103263007914437,0.11636039703459021,0.11139565006688043,0.00011471071752103028,0.9892896910632312,0.0007447215983754363,0.0007447215983754363,2.911887926162039e-06,0.24177930482610213,0.24252402642447757,4.681857415831722e-06,0.04111811329817334,0.010312389678444013,True,0.11138375536398487,0.0019766008690835363,-0.0019766008690835363,0.035750267384525816,0.03377366651544228,0.0,0.0006207461625571953,0.005961807586000829,0.0010742619695737004,0.0010742619695737004,0.0,0.0006626201063487697,0.0,0.0002271846465970805,0.0,0.0001169846485753919,7.386528025146961e-05,0.0011636039703459022,8.735663778486117e-08,4.681857415831722e-08,0.00041118113298173336,0.010312389678444013
0.0,0.0012442613936476388,0.029813012920893386,14375,0.0008558973603142259,0.0008558973611701233,0.0008105084718570688,-0.0008105084718570688,0.13434145653821858,0.1335309480663615,0.0,0.013257111175768919,1.0101492753069519,0.0,0.018670563015783653,0.00015128365833772455,0.0,0.00014957753356092815,0.9877698105672509,0.00033931466533213895,0.11260163850920346,0.000685703627502976,-0.000685703627502976,0.37853848277213403,0.37785277914463106,0.007440099267157999,0.000158671025063839,0.000158671025063839,0.710130366962256,0.7102890379873198,0.11636379664475267,0.11123644500457831,0.0001469959236744384,0.9878758124530161,0.0007284434102687865,0.0007284434102687865,2.9087628330978066e-06,0.24177930482610213,0.24250774823637092,4.677597076215193e-06,0.04110271334994145,0.010129189352646959,True,0.11122450901749606,0.0014070826984965215,-0.0014070826984965215,0.035750267384525816,0.034343184686029295,0.0,0.0006221306968238194,0.005962602584178678,0.0008558973603142259,0.0008558973603142259,0.0,0.000662855558788446,0.0,0.00022692548750658683,0.0,0.00014957753356092815,7.440099267157999e-05,0.0011636379664475267,8.72628849929342e-08,4.6775970762151926e-08,0.0004110271334994145,0.010129189352646959
0.0,0.0012463204530848149,0.029815942182707934,14400,0.0006341024956404336,0.0006341024962745361,0.0010199847573725829,-0.0010199847573725829,0.13434145653821858,0.133321471780846,0.0,0.013262161283605115,1.0098721493126737,0.0,0.018685865569330426,0.00015123008528444184,0.0,0.00017564189871040152,0.9867470041609302,0.0003401108275165199,0.11260163850920346,3.616808626005774e-05,3.616808626005774e-05,0.37853848277213403,0.3785746508583941,0.007477016262077825,0.00017008036379217994,-0.00017008036379217994,0.710130366962256,0.7099602865984638,0.11636685390513699,0.11112132592341474,0.00017283163296510248,0.9868534554743422,0.00044924791430495103,0.00044924791430495103,2.90572202463387e-06,0.24177930482610213,0.24222855274040708,4.673507297649084e-06,0.0410877526103143,0.009935496384050753,True,0.11110933933003858,0.0008590703257107882,-0.0008590703257107882,0.035750267384525816,0.03489119705881503,0.0,0.0006231602265424074,0.005963188436541587,0.0006341024956404336,0.0006341024956404336,0.0,0.0006631080641802558,0.0,0.00022684512792666274,0.0,0.00017564189871040152,7.477016262077826e-05,0.0011636685390513698,8.71716607390161e-08,4.673507297649084e-08,0.00041087752610314296,0.009935496384050753
0.0,0.001256482095653988,0.02983046506563837,14425,0.002873839488808062,0.0028738394916819014,0.00033966485655415046,-0.00033966485655415046,0.13434145653821858,0.13400179168166443,0.0,0.013281773269420514,1.0087227333697077,0.0,0.018699203641837574,0.00015072128593326584,0.0,0.0003408070480288002,0.9815390398941767,0.0003431482107148616,0.11260163850920346,0.005852981504164634,-0.005852981504164634,0.37853848277213403,0.3726855012679694,0.00772055359281143,0.0021698805767139673,0.0021698805767139673,0.710130366962256,0.7123002475389699,0.11638110188013982,0.11053511887449827,0.0003368168250587774,0.9816474300148786,0.0005176329651692679,-0.0005176329651692679,2.893102703888844e-06,0.24177930482610213,0.24126167186093286,4.656372770122014e-06,0.04102563044504195,0.012350557406151206,True,0.11052291396822511,0.0013948751962275102,0.0013948751962275102,0.035750267384525816,0.037145142580753326,0.0,0.000628241047826994,0.005966093013127675,0.002873839488808062,0.002873839488808062,0.0,0.0006640886634710257,0.0,0.00022608192889989878,0.0,0.0003408070480288002,7.72055359281143e-05,0.0011638110188013982,8.67930811166653e-08,4.6563727701220144e-08,0.0004102563044504195,0.012350557406151206
0.0,0.0013463849361927682,0.029956906066330852,14450,0.1831492003888239,0.18314920057197312,0.02670045124665066,0.02670045124665066,0.13434145653821858,0.16104190778486924,0.0,0.013450562536372668,0.9993121603823472,0.0,0.018646685555669715,0.00014882107778955148,0.0,0.0023770393936001434,0.951245109028938,0.00037305672048960307,0.11260163850920346,0.363608113355446,0.363608113355446,0.37853848277213403,0.74214659612758,0.009970856583242052,0.1850381490769779,0.1850381490769779,0.710130366962256,0.8951685160392339,0.11653527918026481,0.1071278976563452,0.0023630915884934045,0.9513883595371088,0.012028582226705914,0.012028582226705914,2.7916303729390526e-06,0.24177930482610213,0.25380788705280805,4.517395671640505e-06,0.040523195761781886,0.1947569954454104,True,0.1071117674129754,0.020262545542551795,0.020262545542551795,0.035750267384525816,0.05601281292707761,0.0,0.0006731924680963841,0.005991381213266171,0.1831492003888239,0.1831492003888239,0.0,0.0006725281268186334,0.0,0.00022323161668432722,0.0,0.0023770393936001434,9.970856583242052e-05,0.0011653527918026481,8.374891118817157e-08,4.517395671640505e-08,0.00040523195761781885,0.1947569954454104
0.0,0.0012486313455355447,0.029819252674703364,14475,0.00043178874968684543,0.0004317887501186342,0.0008549814255301158,-0.0008549814255301158,0.13434145653821858,0.13348647511268846,0.0,0.013266447394412656,1.0096155901426997,0.0,0.018686944384372014,0.00015109670285633632,0.0,0.00020987575977187345,0.9855129105831477,0.0003407602489751961,0.11260163850920346,0.00012184398817804976,0.00012184398817804976,0.37853848277213403,0.3786603267603121,0.007526660104949045,0.00010578391263105225,-0.00010578391263105225,0.710130366962256,0.7100245830496249,0.11636999813000859,0.11098240713057554,0.00020679197897594358,0.9856197364775209,0.00021541399777266768,0.00021541399777266768,2.9028995031081074e-06,0.24177930482610213,0.2419947188238748,4.669671915568212e-06,0.04107386919398042,0.009769637199165933,True,0.11097037835876565,0.0003588523395220977,-0.0003588523395220977,0.035750267384525816,0.03539141504500372,0.0,0.0006243156727677723,0.005963850534940673,0.00043178874968684543,0.00043178874968684543,0.0,0.0006633223697206328,0.0,0.00022664505428450447,0.0,0.00020987575977187345,7.526660104949046e-05,0.001163699981300086,8.708698509324322e-08,4.669671915568212e-08,0.00041073869193980424,0.009769637199165933
0.0,0.0012496059313265029,0.029820649662935968,14500,0.00036854273454163734,0.00036854273491018004,0.0007571015903913847,-0.0007571015903913847,0.13434145653821858,0.1335843549478272,0.0,0.013268166214578232,1.0095107264044776,0.0,0.01868617537939652,0.0001510360502661812,0.0,0.00022538858165373346,0.9849870528658183,0.0003410191751960518,0.11260163850920346,0.00026246561041315397,-0.00026246561041315397,0.37853848277213403,0.3782760171617209,0.007549489693905532,8.211991551099196e-06,-8.211991551099196e-06,0.710130366962256,0.7101221549707049,0.11637132049900807,0.1109232129380118,0.00022218761772895232,0.985094040865179,0.00011350667261669778,0.00011350667261669778,2.9017458141208247e-06,0.24177930482610213,0.24189281149871883,4.668100948809573e-06,0.04106819540276949,0.009722850389914743,True,0.11091116591291308,0.00015516610750712645,-0.00015516610750712645,0.035750267384525816,0.03559510127701869,0.0,0.0006248029656632514,0.0059641299325871935,0.00036854273454163734,0.00036854273454163734,0.0,0.0006634083107289117,0.0,0.0002265540753992718,0.0,0.00022538858165373346,7.549489693905533e-05,0.0011637132049900807,8.705237442362473e-08,4.668100948809573e-08,0.00041068195402769493,0.009722850389914743
0.0,0.001249695523167782,0.029820784551937485,14525,0.0003091335103822665,0.00030913351069140004,0.00047822264992769536,-0.00047822264992769536,0.13434145653821858,0.13386323388829088,0.0,0.013267940448798482,1.0095121797525357,0.0,0.01867961080227693,0.00015099317655797536,0.0,0.0002292529288020232,0.9848588993530185,0.00034097535568402724,0.11260163850920346,0.00040359206581291884,-0.00040359206581291884,0.37853848277213403,0.3781348907063211,0.0075564542138117806,6.809298729126834e-05,-6.809298729126834e-05,0.710130366962256,0.7100622739749647,0.11637153383923161,0.11090879175017054,0.00022602211072495187,0.9849659682478401,0.00025659133925792776,0.00025659133925792776,2.9017302617273295e-06,0.24177930482610213,0.24203589616536006,4.668066889484809e-06,0.04106818323514962,0.009667373343891242,True,0.11089673561610958,0.0001255324992602211,-0.0001255324992602211,0.035750267384525816,0.035624734885265595,0.0,0.000624847761583891,0.005964156910387497,0.0003091335103822665,0.0003091335103822665,0.0,0.0006633970224399241,0.0,0.00022648976483696304,0.0,0.0002292529288020232,7.55645421381178e-05,0.0011637153383923162,8.705190785181989e-08,4.6680668894848096e-08,0.00041068183235149625,0.009667373343891242
0.0,0.001247130950494335,0.02981715496776651,14550,0.0006196213286941475,0.0006196213293137688,0.0004308044706529679,0.0004308044706529679,0.13434145653821858,0.13477226100887155,0.0,0.013261085551424199,1.0098564095184297,0.0,0.018644629518015723,0.00015095549744140378,0.0,0.00020223789154895022,0.9857789630635122,0.00033986524466630985,0.11260163850920346,0.0006789007761932586,0.0006789007761932586,0.37853848277213403,0.3792173835483273,0.0075175984145965154,9.416840784082225e-05,-9.416840784082225e-05,0.710130366962256,0.7100361985544151,0.11636825165945333,0.11101236397167848,0.00019921123080223556,0.9858857791287569,0.0008534883167280183,0.0008534883167280183,2.90543014179518e-06,0.24177930482610213,0.24263279314283015,4.673028645296861e-06,0.041086618594940616,0.009948201792657494,True,0.11100033630664466,0.0007320138024832015,-0.0007320138024832015,0.035750267384525816,0.035018253582042615,0.0,0.0006235654752471675,0.005963430993553303,0.0006196213286941475,0.0006196213286941475,0.0,0.00066305427757121,0.0,0.00022643324616210568,0.0,0.00020223789154895022,7.517598414596516e-05,0.0011636825165945333,8.71629042538554e-08,4.673028645296861e-08,0.0004108661859494062,0.009948201792657494
0.0,0.0012491074204115105,0.0298199525343509,14575,0.00025763479500503687,0.00025763479526267165,0.00027190422253445257,-0.00027190422253445257,0.13434145653821858,0.13406955231568413,0.0,0.013266366493721333,1.0095910845568983,0.0,0.0186715867284302,0.00015098371436264623,0.0,0.00022296882940784515,0.9850678591820247,0.00034071960874776077,0.11260163850920346,0.00015648332756679206,-0.00015648332756679206,0.37853848277213403,0.37838199944456724,0.007546867004057025,9.37226954297321e-05,-9.37226954297321e-05,0.710130366962256,0.7100366442668262,0.1163707754767234,0.1109323147074305,0.00021978440694848668,0.98517487244748,0.00039323148611505876,0.00039323148611505876,2.902577961729622e-06,0.24177930482610213,0.2421725363122172,4.669203855060798e-06,0.04107240781117082,0.009608976010015768,True,0.11092026483732786,0.00026465931931613645,-0.00026465931931613645,0.035750267384525816,0.03548560806520968,0.0,0.0006245537102057552,0.00596399050687018,0.00025763479500503687,0.00025763479500503687,0.0,0.0006633183246860666,0.0,0.00022647557154396934,0.0,0.00022296882940784515,7.546867004057026e-05,0.001163707754767234,8.707733885188866e-08,4.669203855060798e-08,0.00041072407811170824,0.009608976010015768
0.0,0.0012489679822086375,0.02981978045352186,14600,0.00025143925954317146,0.00025143925979461074,2.490301050511734e-06,2.490301050511734e-06,0.13434145653821858,0.1343439468392691,0.0,0.01326503971434775,1.0096363787420153,0.0,0.018655348965119396,0.00015091137221700314,0.0,0.00022742247305358677,0.9849194670832365,0.00034046984530447695,0.11260163850920346,0.00011501476826192292,-0.00011501476826192292,0.37853848277213403,0.3784234680038721,0.0075471064007436245,0.00030828408900773763,0.00030828408900773763,0.710130366962256,0.7104386510512637,0.11637050525854489,0.11091560445595486,0.00022420657173729945,0.9850264709658244,0.00022395672455285953,0.00022395672455285953,2.9030903214556547e-06,0.24177930482610213,0.242003261550655,4.669868469152301e-06,0.04107496938144406,0.009606980460250002,True,0.11090355564237858,0.0003970871621002958,-0.0003970871621002958,0.035750267384525816,0.03535318022242552,0.0,0.0006244839911043187,0.005963956090704372,0.00025143925954317146,0.00025143925954317146,0.0,0.0006632519857173876,0.0,0.00022636705832550471,0.0,0.00022742247305358677,7.547106400743624e-05,0.001163705052585449,8.709270964366964e-08,4.6698684691523004e-08,0.0004107496938144406,0.009606980460250002
0.0,0.0012489627740710496,0.029819777129615525,14625,0.00018620325826820328,0.00018620325845440655,2.764317840639463e-05,-2.764317840639463e-05,0.13434145653821858,0.13431381335981218,0.0,0.013264875303247997,1.0096381849922702,0.0,0.018651218612097363,0.00015089343136648884,0.0,0.00022953876864516542,0.9848494630905316,0.00034043475724713953,0.11260163850920346,7.627264828541369e-05,-7.627264828541369e-05,0.37853848277213403,0.3784622101238486,0.0075475778296830755,3.712512280262814e-05,-3.712512280262814e-05,0.710130366962256,0.7100932418394533,0.11637054222596677,0.11090771687646221,0.00022630922580618967,0.9849564224399184,1.9162087286389573e-05,1.9162087286389573e-05,2.9031090194534e-06,0.24177930482610213,0.24179846691338852,4.669890484404174e-06,0.04107508541582949,0.009543828598974352,True,0.11089567307739778,0.00040624025498962185,-0.00040624025498962185,0.035750267384525816,0.035344027129536194,0.0,0.0006244813870355248,0.005963955425923106,0.00018620325826820328,0.00018620325826820328,0.0,0.0006632437651623999,0.0,0.00022634014704973326,0.0,0.00022953876864516542,7.547577829683076e-05,0.0011637054222596677,8.709327058360199e-08,4.6698904844041746e-08,0.00041075085415829497,0.009543828598974352
0.0,0.0012494222551998613,0.02982042381872428,14650,0.00012734320822759674,0.00012734320835493994,9.366157501386474e-05,-9.366157501386474e-05,0.13434145653821858,0.13424779496320471,0.0,0.013266254119456719,1.009567882330598,0.0,0.01865765403180278,0.00015089710438014143,0.0,0.00023550640059784924,0.9846537822054472,0.00034066270583454114,0.11260163850920346,9.384305952464533e-05,-9.384305952464533e-05,0.37853848277213403,0.3784446397126094,0.007557322780646667,1.1071405900398013e-05,1.1071405900398013e-05,0.710130366962256,0.7101414383681564,0.11637130824310142,0.11088569628526519,0.00023223137117833954,0.9847608605499412,1.0971764463435507e-05,1.0971764463435507e-05,2.902331110383652e-06,0.24177930482610213,0.24179027659056557,4.668850297176854e-06,0.04107126332657186,0.009491436564652764,True,0.11087363908715554,0.0002515144080794812,-0.0002515144080794812,0.035750267384525816,0.035498752976446335,0.0,0.0006247111275999306,0.005964084763744857,0.00012734320822759674,0.00012734320822759674,0.0,0.000663312705972836,0.0,0.00022634565657021213,0.0,0.00023550640059784924,7.557322780646667e-05,0.0011637130824310143,8.706993331150955e-08,4.6688502971768537e-08,0.0004107126332657186,0.009491436564652764
0.0,0.0012517642339592294,0.02982371491130896,14675,0.0003199709036637559,0.00031997090398372684,0.000162966122233682,-0.000162966122233682,0.13434145653821858,0.1341784904159849,0.0,0.013273404716811547,1.009197549701337,0.0,0.018687222309487037,0.00015089539100845726,0.0,0.0002701860958640681,0.9835626615334456,0.0003418548446814625,0.11260163850920346,0.00014449535151556114,-0.00014449535151556114,0.37853848277213403,0.37839398742061847,0.00762025769785974,0.00022582805004334183,0.00022582805004334183,0.710130366962256,0.7103561950122993,0.11637563732427027,0.11076291739868913,0.0002666532927936864,0.9836704778761384,0.0001331266805240927,0.0001331266805240927,2.8981856178789617e-06,0.24177930482610213,0.24191243150662622,4.66330616979377e-06,0.041051009270847226,0.009721398042682503,True,0.1107507771007657,0.0006290858543327657,0.0006290858543327657,0.035750267384525816,0.03637935323885858,0.0,0.0006258821169796147,0.005964742982261792,0.0003199709036637559,0.0003199709036637559,0.0,0.0006636702358405774,0.0,0.0002263430865126859,0.0,0.0002701860958640681,7.62025769785974e-05,0.0011637563732427028,8.694556853636885e-08,4.6633061697937706e-08,0.00041051009270847224,0.009721398042682503
0.0,0.0012505414372645518,0.0298220039285935,14700,8.403947194240012e-05,8.40394720264396e-05,2.946474143525335e-05,2.946474143525335e-05,0.13434145653821858,0.13437092127965383,0.0,0.013269399399973392,1.0093925801049104,0.0,0.018664664371618376,0.00015085742059246725,0.0,0.00025618560376604354,0.9839942009332229,0.0003411754808651294,0.11260163850920346,3.7180475017328796e-05,-3.7180475017328796e-05,0.37853848277213403,0.3785013022971167,0.007590053735777988,1.9613031748466625e-05,1.9613031748466625e-05,0.710130366962256,0.7101499799940044,0.11637353833179229,0.11081147187264916,0.00025275646474797966,0.9841016835876254,1.045560718648808e-05,-1.045560718648808e-05,2.9003494917382473e-06,0.24177930482610213,0.24176884921891564,4.666193755997336e-06,0.0410616554414283,0.00947003882845909,True,0.11079936914857728,0.00018046776677858173,0.00018046776677858173,0.035750267384525816,0.0359307351513044,0.0,0.0006252707186322759,0.0059644007857187,8.403947194240012e-05,8.403947194240012e-05,0.0,0.0006634699699986697,0.0,0.0002262861308887009,0.0,0.00025618560376604354,7.590053735777988e-05,0.001163735383317923,8.701048475214742e-08,4.666193755997336e-08,0.000410616554414283,0.00947003882845909
0.0,0.0012501317327825445,0.02982142359160707,14725,3.5763533604390386e-05,3.576353364015392e-05,6.095658550347993e-05,-6.095658550347993e-05,0.13434145653821858,0.1342804999527151,0.0,0.013268322993050752,1.0094562551463504,0.0,0.01866410594709258,0.00015088247200057916,0.0,0.0002473339071536047,0.9842731469405477,0.0003410029215646931,0.11260163850920346,3.600173799084283e-05,-3.600173799084283e-05,0.37853848277213403,0.3785024810341432,0.0075765656376808955,2.505978345668236e-05,2.505978345668236e-05,0.710130366962256,0.7101554267457126,0.11637267202793423,0.11084286344031222,0.0002439697845456927,0.9843804678512545,1.9780047741502216e-05,1.9780047741502216e-05,2.901074445572889e-06,0.24177930482610213,0.24179908487384363,4.6671675491146145e-06,0.04106515003836516,0.009412465464072746,True,0.11083077892884712,1.9080833367435268e-05,1.9080833367435268e-05,0.035750267384525816,0.03576934821789325,0.0,0.0006250658663912723,0.005964284718321414,3.5763533604390386e-05,3.5763533604390386e-05,0.0,0.0006634161496525377,0.0,0.00022632370800086874,0.0,0.0002473339071536047,7.576565637680896e-05,0.0011637267202793424,8.703223336718667e-08,4.6671675491146147e-08,0.0004106515003836516,0.009412465464072746
0.0,0.0012500679738334242,0.029821329616911044,14750,0.0001689276866510453,0.00016892768681997297,5.621774274308655e-05,5.621774274308655e-05,0.13434145653821858,0.13439767428096167,0.0,0.013268384639302244,1.0094465293095518,0.0,0.018661208687190328,0.00015086612036456477,0.0,0.0002502321063935595,0.9841812735533622,0.0003410131824269215,0.11260163850920346,0.00035796730782283737,0.00035796730782283737,0.37853848277213403,0.37889645007995687,0.007579668877876192,6.97829115312576e-05,-6.97829115312576e-05,0.710130366962256,0.7100605840507247,0.11637294613326617,0.11083252720592342,0.0002468457913046863,0.9842886731526365,1.0036627627107997e-05,-1.0036627627107997e-05,2.9009352534524214e-06,0.24177930482610213,0.24176926819847502,4.666986500617504e-06,0.04106456695048948,0.009548483633394415,True,0.1108204338339959,8.007121934110878e-05,8.007121934110878e-05,0.035750267384525816,0.035830338603866925,0.0,0.0006250339869167121,0.005964265923382209,0.0001689276866510453,0.0001689276866510453,0.0,0.0006634192319651122,0.0,0.00022629918054684715,0.0,0.0002502321063935595,7.579668877876192e-05,0.0011637294613326616,8.702805760357263e-08,4.666986500617504e-08,0.00041064566950489484,0.009548483633394415
0.0,0.0012501172651555592,0.029821421580508867,14775,0.00020582656300058188,0.00020582656320640845,0.0004212981034139307,0.0004212981034139307,0.13434145653821858,0.1347627546416325,0.0,0.013267519956428418,1.0094662214080492,0.0,0.018644986513072778,0.00015077948851871287,0.0,0.0002580568994855299,0.9839358504898165,0.00034084387993471446,0.11260163850920346,0.00013666319962335471,-0.00013666319962335471,0.37853848277213403,0.3784018195725107,0.007587083040617403,6.410267161338634e-05,-6.410267161338634e-05,0.710130366962256,0.7100662642906426,0.11637308675771159,0.11080489989606913,0.00025461567641445713,0.9840433187531223,9.658149128877191e-05,-9.658149128877191e-05,2.901128742958389e-06,0.24177930482610213,0.24168272333481336,4.667220823004593e-06,0.0410656123350978,0.009593163169169944,True,0.11079279879245847,4.708302844766421e-05,4.708302844766421e-05,0.035750267384525816,0.03579735041297348,0.0,0.0006250586325777796,0.0059642843161017735,0.00020582656300058188,0.00020582656300058188,0.0,0.0006633759978214209,0.0,0.0002261692327780693,0.0,0.0002580568994855299,7.587083040617403e-05,0.0011637308675771158,8.703386228875166e-08,4.667220823004593e-08,0.000410656123350978,0.009593163169169944
0.0,0.0012501215731789417,0.029821411354473023,14800,1.799458444449089e-05,1.7994584462485476e-05,2.2222917305581014e-05,2.2222917305581014e-05,0.13434145653821858,0.13436367945552416,0.0,0.013268217108737563,1.0094564322250301,0.0,0.01866102615264659,0.000150865777396557,0.0,0.00024921759355289204,0.9842133729519922,0.0003409816669091587,0.11260163850920346,1.289050611741338e-05,1.289050611741338e-05,0.37853848277213403,0.37855137327825145,0.007578447956047354,3.140742300122845e-06,-3.140742300122845e-06,0.710130366962256,0.7101272262199558,0.1163727655849938,0.11083613616181583,0.0002458397021103548,0.984320723801452,5.399607945211216e-07,-5.399607945211216e-07,2.901064448501774e-06,0.24177930482610213,0.2417787648653076,4.667152103886214e-06,0.041065141490434096,0.009396562010782419,True,0.1108240482791978,3.080334930650325e-05,3.080334930650325e-05,0.035750267384525816,0.03578107073383232,0.0,0.0006250607865894708,0.005964282270894605,1.799458444449089e-05,1.799458444449089e-05,0.0,0.0006634108554368781,0.0,0.00022629866609483553,0.0,0.00024921759355289204,7.578447956047353e-05,0.0011637276558499382,8.703193345505322e-08,4.6671521038862135e-08,0.00041065141490434097,0.009396562010782419
0.0,0.001250019944550318,0.029821271610563856,14825,2.9022210615758203e-05,2.9022210644780414e-05,4.838927217809541e-06,-4.838927217809541e-06,0.13434145653821858,0.13433661761100077,0.0,0.013267790163192206,1.0094776403135108,0.0,0.018659020013509792,0.00015086412514619726,0.0,0.0002475674200462204,0.9842657246736235,0.0003409070313958669,0.11260163850920346,4.709137591429879e-06,4.709137591429879e-06,0.37853848277213403,0.37854319190972546,0.0075746612905218435,5.586212905472898e-06,-5.586212905472898e-06,0.710130366962256,0.7101247807493505,0.11637249125694442,0.11084202483853,0.00024420249322123594,0.9843730203423299,5.2884291367544245e-05,-5.2884291367544245e-05,2.901313125988508e-06,0.24177930482610213,0.2417264205347346,4.667482299102284e-06,0.041066337583738365,0.009405808236457631,True,0.11082994316935578,3.657729230004819e-05,-3.657729230004819e-05,0.035750267384525816,0.03571369009222577,0.0,0.000625009972275159,0.005964254322112772,2.9022210615758203e-05,2.9022210615758203e-05,0.0,0.0006633895081596103,0.0,0.0002262961877192959,0.0,0.0002475674200462204,7.574661290521844e-05,0.0011637249125694442,8.703939377965523e-08,4.6674822991022846e-08,0.00041066337583738364,0.009405808236457631
0.0,0.0012495547647731753,0.029820613923732062,14850,0.0001385113910134137,0.00013851139115192507,5.9900804809304153e-05,-5.9900804809304153e-05,0.13434145653821858,0.13428155573340927,0.0,0.013266435253373737,1.009559739315763,0.0,0.018659211904989623,0.00015089647114000852,0.0,0.00023578922053081757,0.9846445703241226,0.0003406922728825421,0.11260163850920346,0.00010607909462739817,-0.00010607909462739817,0.37853848277213403,0.37843240367750663,0.0075597964913713045,2.570990114580951e-06,-2.570990114580951e-06,0.710130366962256,0.7101277959721414,0.1163713769407118,0.11088466522270979,0.0002325105363033773,0.9847517038229389,0.00014264985733206115,0.00014264985733206115,2.9022478582083435e-06,0.24177930482610213,0.2419219546834342,4.668733094208376e-06,0.04107081954892489,0.0095030209326327,True,0.11087260181413251,0.0002464357012963228,-0.0002464357012963228,0.035750267384525816,0.03550383168322949,0.0,0.0006247773823865876,0.0059641227847464125,0.0001385113910134137,0.0001385113910134137,0.0,0.0006633217626686869,0.0,0.0002263447067100128,0.0,0.00023578922053081757,7.559796491371305e-05,0.001163713769407118,8.70674357462503e-08,4.668733094208376e-08,0.00041070819548924895,0.0095030209326327
0.0,0.00125000407979603,0.029821246930972937,14875,1.4738810505820064e-05,1.4738810520558874e-05,1.8200992031591756e-06,1.8200992031591756e-06,0.13434145653821858,0.13434327663742174,0.0,0.013267818556224692,1.0094785648925741,0.0,0.01866020153734781,0.00015087021548647263,0.0,0.0002466168803955063,0.9842959597429354,0.0003409155266110503,0.11260163850920346,1.7944987047435745e-06,-1.7944987047435745e-06,0.37853848277213403,0.3785366882734293,0.0075743621268230385,5.016779587307951e-06,-5.016779587307951e-06,0.710130366962256,0.7101253501826686,0.11637247026773087,0.11084543000978604,0.00024325826096548153,0.9844032612073715,8.27513576184824e-06,8.27513576184824e-06,2.901319465224852e-06,0.24177930482610213,0.24178757996186398,4.6674922718475744e-06,0.04106636556488061,0.009390569062135893,True,0.11083334768800308,3.140037805169499e-05,-3.140037805169499e-05,0.035750267384525816,0.03571886700647412,0.0,0.000625002039898015,0.005964249386194588,1.4738810505820064e-05,1.4738810505820064e-05,0.0,0.0006633909278112347,0.0,0.00022630532322970894,0.0,0.0002466168803955063,7.574362126823039e-05,0.0011637247026773088,8.703958395674555e-08,4.667492271847575e-08,0.0004106636556488061,0.009390569062135893
0.0,0.0012500506765047437,0.029821312797029306,14900,6.8002323822560586e-06,6.800232389056291e-06,8.314356741451201e-06,8.314356741451201e-06,0.13434145653821858,0.13434977089496003,0.0,0.013267963464929505,1.009470087383717,0.0,0.018660303923378696,0.00015086747120684414,0.0,0.00024775934361886775,0.984259626954266,0.00034093888152029377,0.11260163850920346,5.303440085924205e-06,5.303440085924205e-06,0.37853848277213403,0.37854378621221996,0.007575942114844435,4.591816965660023e-06,-4.591816965660023e-06,0.710130366962256,0.7101257751452903,0.11637258623513404,0.11084134085421687,0.00024439237829799613,0.9843669459702208,5.749169870755688e-06,-5.749169870755688e-06,2.90122252450008e-06,0.24177930482610213,0.24177355565623138,4.6673627017658166e-06,0.041065900464174285,0.009383824852160378,True,0.11082925655610398,8.934375227614977e-06,-8.934375227614977e-06,0.035750267384525816,0.0357413330092982,0.0,0.0006250253382523718,0.005964262559405862,6.8002323822560586e-06,6.8002323822560586e-06,0.0,0.0006633981732464753,0.0,0.00022630120681026622,0.0,0.00024775934361886775,7.575942114844434e-05,0.0011637258623513403,8.70366757350024e-08,4.6673627017658164e-08,0.00041065900464174284,0.009383824852160378
0.0,0.0012500742862291414,0.029821346992113654,14925,7.427081114373054e-06,7.427081121800135e-06,2.3026343373144798e-06,-2.3026343373144798e-06,0.13434145653821858,0.13433915390388126,0.0,0.013267983638753677,1.0094692255962396,0.0,0.01866054955435098,0.00015086791600138363,0.0,0.00024778612745355357,0.9842587761767532,0.00034094131259332746,0.11260163850920346,3.805640046761205e-06,-3.805640046761205e-06,0.37853848277213403,0.37853467713208727,0.007575997619859542,5.616954067533264e-06,5.616954067533264e-06,0.710130366962256,0.7101359839163235,0.11637257991522944,0.11084124506747256,0.00024441897613400364,0.9843660953011091,5.653450034698304e-06,-5.653450034698304e-06,2.9012177126087416e-06,0.24177930482610213,0.24177365137606743,4.667355169448407e-06,0.041065865287016924,0.009384498944349118,True,0.11082916075715352,1.3874832561169836e-05,-1.3874832561169836e-05,0.035750267384525816,0.035736392551964646,0.0,0.0006250371431145707,0.005964269398422731,7.427081114373054e-06,7.427081114373054e-06,0.0,0.000663399181937684,0.0,0.00022630187400207545,0.0,0.00024778612745355357,7.575997619859542e-05,0.0011637257991522945,8.703653137826225e-08,4.667355169448407e-08,0.0004106586528701693,0.009384498944349118
0.0,0.0012500583164091195,0.029821323698533193,14950,5.91637493154665e-06,5.916374937463025e-06,4.980856230490938e-06,4.980856230490938e-06,0.13434145653821858,0.13434643739444907,0.0,0.013267969588729361,1.009469816849746,0.0,0.018660381249082415,0.00015086760862406332,0.0,0.00024776781569933097,0.984259357837136,0.0003409396430354016,0.11260163850920346,2.3957933102392026e-06,2.3957933102392026e-06,0.37853848277213403,0.37854087856544427,0.007575959522322501,1.3399741249919828e-06,-1.3399741249919828e-06,0.710130366962256,0.710129026988131,0.11637258239378696,0.11084131055455937,0.0002444007916785392,0.9843666768830636,5.7186831265432225e-06,-5.7186831265432225e-06,2.9012210139412782e-06,0.24177930482610213,0.2417735861429756,4.667360337205583e-06,0.041065889421290636,0.009382956004522432,True,0.1108292262530715,1.0486650574494105e-05,-1.0486650574494105e-05,0.035750267384525816,0.03573978073395132,0.0,0.0006250291582045597,0.005964264739706639,5.91637493154665e-06,5.91637493154665e-06,0.0,0.0006633984794364681,0.0,0.00022630141293609497,0.0,0.00024776781569933097,7.575959522322501e-05,0.0011637258239378698,8.703663041823834e-08,4.6673603372055835e-08,0.00041065889421290636,0.009382956004522432
0.0,0.001250467721802373,0.029821909707074875,14975,0.00011685093954399358,0.00011685093966084453,0.0001798540791163039,-0.0001798540791163039,0.13434145653821858,0.13416160245910227,0.0,0.013268729519445794,1.0094364378260217,0.0,0.018666926718911143,0.0001508835072803955,0.0,0.0002488161475840147,0.9842260928244136,0.0003410606139670192,0.11260163850920346,0.00013499199728184141,-0.00013499199728184141,0.37853848277213403,0.3784034907748522,0.007579704432763071,0.00013228968826273224,-0.00013228968826273224,0.710130366962256,0.7099980772739932,0.11637275265175719,0.11083756719108959,0.00024544133476472315,0.9843334325787452,1.2469627457073473e-05,1.2469627457073473e-05,2.9009002654193186e-06,0.24177930482610213,0.2417917744535592,4.666920804450456e-06,0.04106417558853589,0.009495344649283623,True,0.11082548055780128,6.657939893704723e-06,-6.657939893704723e-06,0.035750267384525816,0.03574360944463211,0.0,0.0006252338609011865,0.005964381941414975,0.00011685093954399358,0.00011685093954399358,0.0,0.0006634364759722897,0.0,0.00022632526092059322,0.0,0.0002488161475840147,7.579704432763071e-05,0.001163727526517572,8.702700796257956e-08,4.666920804450456e-08,0.00041064175588535886,0.009495344649283623
0.0,0.0012500676618332207,0.02982133707944744,15000,5.604856329012135e-06,5.604856334616992e-06,7.591624341107828e-07,7.591624341107828e-07,0.13434145653821858,0.1343422157006527,0.0,0.01326798706817652,1.0094690558072887,0.0,0.01866053074174096,0.0001508679811915631,0.0,0.0002477919952403786,0.984258589795054,0.000340942408452147,0.11260163850920346,7.128788463983682e-07,-7.128788463983682e-07,0.37853848277213403,0.37853776989328763,0.007576043802718854,4.436385933948017e-06,-4.436385933948017e-06,0.710130366962256,0.710125930576322,0.11637258713014272,0.11084122412427985,0.0002444247917829013,0.9843659093074493,5.305933805377361e-06,-5.305933805377361e-06,2.901213700516723e-06,0.24177930482610213,0.24177399889229675,4.667350315508516e-06,0.0410658503448608,0.009382677946263055,True,0.11082913977026694,1.0399668028619746e-05,-1.0399668028619746e-05,0.035750267384525816,0.035739867716497196,0.0,0.0006250338309166104,0.005964267415889488,5.604856329012135e-06,5.604856329012135e-06,0.0,0.000663399353408826,0.0,0.00022630197178734465,0.0,0.0002477919952403786,7.576043802718854e-05,0.0011637258713014273,8.703641101550169e-08,4.6673503155085163e-08,0.000410658503448608,0.009382677946263055
0.0,0.0012502370139274577,0.029821581119698088,15025,2.1368245240260787e-05,2.136824526162903e-05,2.8667378198371507e-05,-2.8667378198371507e-05,0.13434145653821858,0.1343127891600202,0.0,0.013268257768774489,1.0094552515911352,0.0,0.01866208213340627,0.00015086770550701392,0.0,0.0002490469911315167,0.9842187772612032,0.0003409831333634147,0.11260163850920346,1.1595415834508849e-05,-1.1595415834508849e-05,0.37853848277213403,0.3785268873562995,0.007578367019429808,3.3121111830403116e-05,3.3121111830403116e-05,0.710130366962256,0.7101634880740864,0.11637269445707074,0.1108367448991874,0.00024567020342084714,0.9843261299156575,1.3527588394512957e-05,1.3527588394512957e-05,2.90107871277705e-06,0.24177930482610213,0.24179283241449664,4.667164297682276e-06,0.04106514365362404,0.009399860169279977,True,0.11082465681332401,6.836197042843495e-06,-6.836197042843495e-06,0.035750267384525816,0.03574343118748297,0.0,0.0006251185069637288,0.005964316223939618,2.1368245240260787e-05,2.1368245240260787e-05,0.0,0.0006634128884387244,0.0,0.0002263015582605209,0.0,0.0002490469911315167,7.578367019429809e-05,0.0011637269445707074,8.70323613833115e-08,4.667164297682276e-08,0.0004106514365362404,0.009399860169279977
0.0,0.0012501005706910817,0.029821384503096262,15050,5.22488422910004e-06,5.224884234324924e-06,4.957167526797868e-06,-4.957167526797868e-06,0.13434145653821858,0.13433649937069178,0.0,0.013268039616300974,1.0094663732646223,0.0,0.01866083275033425,0.0001508679257707236,0.0,0.00024803559466788266,0.9842508541606891,0.0003409503197630007,0.11260163850920346,2.4135023459770366e-06,-2.4135023459770366e-06,0.37853848277213403,0.37853606926978806,0.007576492345033685,3.032832988636436e-06,3.032832988636436e-06,0.710130366962256,0.7101333997952446,0.11637260794991519,0.11084035380681896,0.00024466652866174046,0.9843581801358748,1.6228654177719015e-06,-1.6228654177719015e-06,2.901187468205924e-06,0.24177930482610213,0.24177768196068436,4.667314166640998e-06,0.0410657130138186,0.009382573376186297,True,0.1108282687250852,9.709109369378244e-06,-9.709109369378244e-06,0.035750267384525816,0.03574055827515644,0.0,0.0006250502853455409,0.005964276900619253,5.22488422910004e-06,5.22488422910004e-06,0.0,0.0006634019808150487,0.0,0.0002263018886560854,0.0,0.00024803559466788266,7.576492345033686e-05,0.001163726079499152,8.703562404617772e-08,4.6673141666409986e-08,0.000410657130138186,0.009382573376186297
0.0,0.0012501932267252602,0.02982151807645579,15075,9.186454915717353e-06,9.186454924903808e-06,4.9256111555040505e-06,-4.9256111555040505e-06,0.13434145653821858,0.13433653092706307,0.0,0.01326818473540212,1.0094577626274317,0.0,0.01866101902198279,0.00015086401116052306,0.0,0.00024926153272581997,0.9842119813552865,0.0003409715492214355,0.11260163850920346,1.779359780207379e-05,-1.779359780207379e-05,0.37853848277213403,0.37852068917433196,0.007578341955040465,8.321873687600068e-06,8.321873687600068e-06,0.710130366962256,0.7101386888359436,0.11637270279008273,0.11083597916746142,0.00024588342557837367,0.9843193295558393,3.4037176717682804e-06,-3.4037176717682804e-06,2.901097722816658e-06,0.24177930482610213,0.24177590110843036,4.6671911530171e-06,0.04106526125491586,0.009387850234649822,True,0.11082389158311468,4.920637944189066e-07,-4.920637944189066e-07,0.035750267384525816,0.0357497753207314,0.0,0.0006250966133626301,0.005964303615291159,9.186454915717353e-06,9.186454915717353e-06,0.0,0.000663409236770106,0.0,0.0002262960167407846,0.0,0.00024926153272581997,7.578341955040465e-05,0.0011637270279008273,8.703293168449974e-08,4.6671911530171e-08,0.0004106526125491586,0.009387850234649822
0.0,0.00125010444554996,0.029821390089204827,15100,5.34686930356287e-06,5.346869308909739e-06,5.072717340182109e-06,-5.072717340182109e-06,0.13434145653821858,0.1343363838208784,0.0,0.013268045705295241,1.0094660138296696,0.0,0.01866083846522654,0.00015086775707204167,0.0,0.0002480881194897357,0.984249186703864,0.00034095120042101505,0.11260163850920346,4.053058392905484e-06,-4.053058392905484e-06,0.37853848277213403,0.3785344297137411,0.007576569832363326,3.1880330719769034e-06,3.1880330719769034e-06,0.710130366962256,0.7101335549953279,0.11637261194987694,0.11084016613205869,0.0002447186723245058,0.9843565134217303,1.9892253672604276e-06,-1.9892253672604276e-06,2.901183724188136e-06,0.24177930482610213,0.24177731560073487,4.667309029093042e-06,0.04106569414234297,0.009382751618129915,True,0.11082808096669786,9.309389939912704e-06,-9.309389939912704e-06,0.035750267384525816,0.035740957994585904,0.0,0.00062505222277498,0.005964278017840966,5.34686930356287e-06,5.34686930356287e-06,0.0,0.0006634022852647621,0.0,0.0002263016356080625,0.0,0.0002480881194897357,7.576569832363326e-05,0.0011637261194987695,8.703551172564407e-08,4.6673090290930426e-08,0.00041065694142342974,0.009382751618129915
0.0,0.0012501013883555734,0.029821385681865844,15125,5.31264466819251e-06,5.312644673505155e-06,5.031342353245538e-06,-5.031342353245538e-06,0.13434145653821858,0.13433642519586533,0.0,0.013268040969387634,1.0094662974173647,0.0,0.01866083277703692,0.00015086788794190767,0.0,0.00024804727164721817,0.9842504834471906,0.00034095050393977074,0.11260163850920346,3.3859456368690033e-06,-3.3859456368690033e-06,0.37853848277213403,0.37853509682649716,0.007576509150202407,2.9130127541243667e-06,2.9130127541243667e-06,0.710130366962256,0.7101332799750101,0.11637260877558218,0.11084031207144472,0.0002446781239616142,0.984357809489665,1.7783278926375434e-06,-1.7783278926375434e-06,2.9011866781502726e-06,0.24177930482610213,0.2417775264982095,4.667313082525365e-06,0.04106570903159573,0.009382673605553584,True,0.11082822698213413,9.627764018908802e-06,-9.627764018908802e-06,0.035750267384525816,0.03574063962050691,0.0,0.0006250506941777867,0.005964277136373169,5.31264466819251e-06,5.31264466819251e-06,0.0,0.0006634020484693817,0.0,0.0002263018319128615,0.0,0.00024804727164721817,7.576509150202407e-05,0.0011637260877558218,8.703560034450817e-08,4.667313082525366e-08,0.00041065709031595733,0.009382673605553584
0.0,0.0012501007437406564,0.02982138475256961,15150,5.211630229667177e-06,5.211630234878807e-06,4.999993800408609e-06,-4.999993800408609e-06,0.13434145653821858,0.13433645654441817,0.0,0.01326803993184553,1.0094663889738371,0.0,0.018660832315800364,0.00015086791766642874,0.0,0.00024803813995916504,0.9842507733536162,0.00034095035980806726,0.11260163850920346,2.6658703679571794e-06,-2.6658703679571794e-06,0.37853848277213403,0.3785358169017661,0.007576496566361283,2.629070948723111e-06,2.629070948723111e-06,0.710130366962256,0.7101329960332047,0.1163726081474421,0.1108403447069956,0.000244669056833708,0.9843580993215751,1.6991465582316678e-06,-1.6991465582316678e-06,2.9011874666637968e-06,0.24177930482610213,0.2417776056795439,4.6673141462901685e-06,0.041065713492832605,0.009382562856496824,True,0.11082825962607556,9.690177120304233e-06,-9.690177120304233e-06,0.035750267384525816,0.03574057720740551,0.0,0.0006250503718703282,0.005964276950513922,5.211630229667177e-06,5.211630229667177e-06,0.0,0.0006634019965922766,0.0,0.00022630187649964312,0.0,0.00024803813995916504,7.576496566361284e-05,0.001163726081474421,8.70356239999139e-08,4.6673141462901685e-08,0.00041065713492832604,0.009382562856496824
0.0,0.0012501006973493212,0.029821384685690663,15175,5.1101000581608935e-06,5.110100063270994e-06,4.9885155080642285e-06,-4.9885155080642285e-06,0.13434145653821858,0.13433646802271051,0.0,0.013268039908797194,1.0094663615156902,0.0,0.018660833497063354,0.00015086792599726813,0.0,0.00024803597840881774,0.9842508419777812,0.0003409503608121859,0.11260163850920346,2.232666160562058e-06,-2.232666160562058e-06,0.37853848277213403,0.37853625010597347,0.007576495937117491,2.1043791117447697e-06,2.1043791117447697e-06,0.710130366962256,0.7101324713413677,0.11637260812570817,0.11084035243796354,0.0002446669089651996,0.9843581679792551,1.588027548959925e-06,-1.588027548959925e-06,2.901187345824288e-06,0.24177930482610213,0.24177771679855317,4.66731399870872e-06,0.041065712396962155,0.009382459122073772,True,0.11082826735326967,9.682214890317786e-06,-9.682214890317786e-06,0.035750267384525816,0.0357405851696355,0.0,0.0006250503486746606,0.005964276937138133,5.1101000581608935e-06,5.1101000581608935e-06,0.0,0.0006634019954398598,0.0,0.0002263018889959022,0.0,0.00024803597840881774,7.576495937117491e-05,0.0011637260812570817,8.703562037472863e-08,4.6673139987087197e-08,0.00041065712396962155,0.009382459122073772
0.0,0.0012501007279676069,0.029821384729830768,15200,5.167918239226087e-06,5.167918244394006e-06,4.99512729984497e-06,-4.99512729984497e-06,0.13434145653821858,0.13433646141091873,0.0,0.013268039847775654,1.0094663586755168,0.0,0.01866083309308687,0.00015086792177504562,0.0,0.0002480372450896269,0.9842508017635936,0.00034095035932798807,0.11260163850920346,2.5268297897951264e-06,-2.5268297897951264e-06,0.37853848277213403,0.37853595594234424,0.0075764968154710365,2.330558542151806e-06,2.330558542151806e-06,0.710130366962256,0.7101326975207981,0.1163726081235277,0.11084034790833532,0.0002446681674152456,0.98435812775224,1.675177535853667e-06,-1.675177535853667e-06,2.9011873162398933e-06,0.24177930482610213,0.24177762964856628,4.667313958112981e-06,0.04106571224784399,0.009382518228957658,True,0.11082826282508586,9.69345173199021e-06,-9.69345173199021e-06,0.035750267384525816,0.035740573932793826,0.0,0.0006250503639838034,0.005964276945966154,5.167918239226087e-06,5.167918239226087e-06,0.0,0.0006634019923887828,0.0,0.00022630188266256843,0.0,0.0002480372450896269,7.576496815471036e-05,0.001163726081235277,8.70356194871968e-08,4.667313958112981e-08,0.0004106571224784399,0.009382518228957658
0.0,0.0012501007038137057,0.02982138469501014,15225,5.214725452494991e-06,5.214725457709716e-06,5.00560021882146e-06,-5.00560021882146e-06,0.13434145653821858,0.13433645093799976,0.0,0.013268039869334614,1.009466348188144,0.0,0.01866083223516188,0.00015086791872416616,0.0,0.00024803761206660795,0.9842507901129419,0.0003409503544922756,0.11260163850920346,2.674390653711889e-06,-2.674390653711889e-06,0.37853848277213403,0.3785358083814803,0.00757649710513981,2.6212566085481726e-06,2.6212566085481726e-06,0.710130366962256,0.7101329882188645,0.11637260810659344,0.11084034659241823,0.0002446685330122854,0.9843581160657584,1.7160299709828575e-06,-1.7160299709828575e-06,2.901187250379485e-06,0.24177930482610213,0.24177758879613115,4.667313741084299e-06,0.04106571160918345,0.009382565376945052,True,0.11082826151320327,9.692402385783061e-06,-9.692402385783061e-06,0.035750267384525816,0.03574057498214003,0.0,0.0006250503519068529,0.005964276939002028,5.214725452494991e-06,5.214725452494991e-06,0.0,0.0006634019934667307,0.0,0.00022630187808624926,0.0,0.00024803761206660795,7.57649710513981e-05,0.0011637260810659345,8.703561751138455e-08,4.667313741084299e-08,0.00041065711609183453,0.009382565376945052
